# capture_start_utc=2026-08-05T15:50:16Z
S 135651694 306 101574 2
S 135673692 305 101573 2
S 135695691 306 101579 2
S 135717689 305 101570 2
S 135739688 306 101576 2
S 135761687 306 101579 2
S 135783685 306 101580 2
[[DEBUG]] Starting [[SENSOR TASK]]
[SELFTEST] compensate: T=150 (exp 150)  P=69964 (exp 69964)  -> PASS
#BMP180 v1 fw=1.2.1 temp_ms=0
[[DEBUG]] BMP180 registered on /dev/bmp180-0
S 73168 306 101578 0
S 86167 305 101578 0
S 99166 305 101590 0
S 112165 305 101572 0
S 125165 305 101578 0
S 138164 305 101578 0
S 151163 305 101581 0
S 164162 305 101578 0
S 177161 305 101575 0
S 190160 305 101578 0
S 203160 305 101578 0
S 216159 305 101581 0
S 229158 305 101590 0
S 242157 305 101578 0
S 255156 305 101575 0
S 268156 305 101578 0
S 281155 305 101575 0
S 294154 305 101578 0
S 307153 305 101578 0
S 320152 305 101575 0
S 333152 305 101575 0
S 346151 305 101581 0
S 359150 305 101578 0
S 372149 305 101575 0
S 385148 305 101572 0
S 398147 305 101575 0
S 411147 305 101575 0
S 424146 305 101581 0
S 437145 305 101569 0
S 450144 305 101572 0
S 463143 305 101569 0
S 476143 305 101590 0
S 489142 305 101590 0
S 502141 305 101578 0
S 515140 305 101584 0
S 528139 305 101575 0
S 541139 305 101581 0
S 554138 305 101560 0
S 567137 305 101569 0
S 580136 305 101578 0
S 593135 305 101575 0
S 606134 305 101578 0
S 619134 305 101587 0
S 632133 305 101572 0
S 645132 305 101569 0
S 658131 305 101590 0
S 671130 305 101578 0
S 684130 305 101572 0
S 697129 305 101590 0
S 710128 305 101572 0
S 723127 305 101572 0
S 736126 305 101569 0
S 749126 305 101572 0
S 762125 305 101575 0
S 775124 305 101569 0
S 788123 305 101572 0
S 801122 305 101572 0
S 814121 305 101590 0
S 827121 305 101581 0
S 840120 305 101572 0
S 853119 305 101563 0
S 866118 305 101566 0
S 879117 305 101572 0
S 892117 305 101569 0
S 905116 305 101575 0
S 918115 305 101590 0
S 931114 305 101572 0
S 944113 305 101572 0
S 957113 305 101572 0
S 970112 305 101578 0
S 983111 305 101581 0
S 996110 305 101572 0
S 1009109 305 101572 0
S 1022108 305 101566 0
S 1035108 305 101572 0
S 1048107 305 101572 0
S 1061106 305 101563 0
S 1074105 305 101575 0
S 1087104 305 101590 0
S 1100104 305 101584 0
S 1113103 305 101578 0
S 1126102 305 101566 0
S 1139101 305 101563 0
S 1152100 305 101572 0
S 1165100 305 101578 0
S 1178099 305 101563 0
S 1191098 305 101575 0
S 1204097 305 101575 0
S 1217096 305 101590 0
S 1230095 305 101587 0
S 1243095 305 101563 0
S 1256094 305 101590 0
S 1269093 305 101575 0
S 1282092 305 101578 0
S 1295091 305 101569 0
S 1308091 305 101578 0
S 1321090 305 101572 0
S 1334089 305 101584 0
S 1347088 305 101572 0
S 1360087 305 101569 0
S 1373087 305 101572 0
S 1386086 305 101587 0
S 1399085 305 101578 0
S 1412084 305 101590 0
S 1425083 305 101584 0
S 1438082 305 101578 0
S 1451082 305 101590 0
S 1464081 305 101581 0
S 1477080 305 101590 0
S 1490079 305 101581 0
S 1503078 305 101590 0
S 1516078 305 101590 0
S 1529077 305 101578 0
S 1542076 305 101563 0
S 1555075 305 101569 0
S 1568074 305 101575 0
S 1581074 305 101569 0
S 1594073 305 101581 0
S 1607072 305 101566 0
S 1620071 305 101584 0
S 1633070 305 101575 0
S 1646069 305 101569 0
S 1659069 305 101566 0
S 1672068 305 101569 0
S 1685067 305 101563 0
S 1698066 305 101581 0
S 1711065 305 101575 0
S 1724065 305 101575 0
S 1737064 305 101584 0
S 1750063 305 101590 0
S 1763062 305 101569 0
S 1776061 305 101572 0
S 1789061 305 101578 0
S 1802060 305 101572 0
S 1815059 305 101572 0
S 1828058 305 101575 0
S 1841057 305 101569 0
S 1854056 305 101584 0
S 1867056 305 101590 0
S 1880055 305 101584 0
S 1893054 305 101590 0
S 1906053 305 101590 0
S 1919052 305 101590 0
S 1932052 305 101581 0
S 1945051 305 101569 0
S 1958050 305 101587 0
S 1971049 305 101590 0
S 1984048 305 101569 0
S 1997048 305 101569 0
S 2010047 305 101575 0
S 2023046 305 101572 0
S 2036045 305 101581 0
S 2049044 305 101572 0
S 2062043 305 101572 0
S 2075043 305 101581 0
S 2088042 305 101575 0
S 2101041 305 101569 0
S 2114040 305 101569 0
S 2127039 305 101566 0
S 2140039 305 101569 0
S 2153038 305 101578 0
S 2166037 305 101566 0
S 2179036 305 101572 0
S 2192035 305 101566 0
S 2205035 305 101572 0
S 2218034 305 101572 0
S 2231033 305 101566 0
S 2244032 305 101572 0
S 2257031 305 101581 0
S 2270030 305 101569 0
S 2283030 305 101590 0
S 2296029 305 101572 0
S 2309028 305 101572 0
S 2322027 305 101578 0
S 2335026 305 101581 0
S 2348026 305 101590 0
S 2361025 305 101578 0
S 2374024 305 101578 0
S 2387023 305 101590 0
S 2400022 305 101584 0
S 2413022 305 101575 0
S 2426021 305 101584 0
S 2439020 305 101575 0
S 2452019 305 101581 0
S 2465018 305 101572 0
S 2478017 305 101575 0
S 2491017 305 101575 0
S 2504016 305 101566 0
S 2517015 305 101575 0
S 2530014 305 101569 0
S 2543013 305 101575 0
S 2556013 305 101572 0
S 2569012 305 101572 0
S 2582011 305 101566 0
S 2595010 305 101569 0
S 2608009 305 101581 0
S 2621009 305 101578 0
S 2634008 305 101572 0
S 2647007 305 101590 0
S 2660006 305 101572 0
S 2673005 305 101581 0
S 2686004 305 101560 0
S 2699004 305 101566 0
S 2712003 305 101584 0
S 2725002 305 101569 0
S 2738001 305 101572 0
S 2751000 305 101566 0
S 2764000 305 101572 0
S 2776999 305 101572 0
S 2789998 305 101572 0
S 2802997 305 101569 0
S 2815996 305 101581 0
S 2828996 305 101572 0
S 2841995 305 101575 0
S 2854994 305 101566 0
S 2867993 305 101572 0
S 2880992 305 101563 0
S 2893991 305 101575 0
S 2906991 305 101584 0
S 2919990 305 101572 0
S 2932989 305 101563 0
S 2945988 305 101581 0
S 2958987 305 101575 0
S 2971987 305 101578 0
S 2984986 305 101563 0
S 2997985 305 101566 0
S 3010984 305 101581 0
S 3023983 305 101584 0
S 3036983 305 101569 0
S 3049982 305 101584 0
S 3062981 305 101575 0
S 3075980 305 101575 0
S 3088979 305 101584 0
S 3101978 305 101575 0
S 3114978 305 101572 0
S 3127977 305 101569 0
S 3140976 305 101581 0
S 3153975 305 101581 0
S 3166974 305 101578 0
S 3179974 305 101581 0
S 3192973 305 101584 0
S 3205972 305 101566 0
S 3218971 305 101581 0
S 3231970 305 101584 0
S 3244970 305 101572 0
S 3257969 305 101569 0
S 3270968 305 101572 0
S 3283967 305 101569 0
S 3296966 305 101581 0
S 3309965 305 101581 0
S 3322965 305 101581 0
S 3335964 305 101569 0
S 3348963 305 101569 0
S 3361962 305 101575 0
S 3374961 305 101584 0
S 3387961 305 101566 0
S 3400960 305 101560 0
S 3413959 305 101569 0
S 3426958 305 101566 0
S 3439957 305 101581 0
S 3452957 305 101569 0
S 3465956 305 101572 0
S 3478955 305 101569 0
S 3491954 305 101584 0
S 3504953 305 101572 0
S 3517952 305 101563 0
S 3530952 305 101584 0
S 3543951 305 101566 0
S 3556950 305 101572 0
S 3569949 305 101566 0
S 3582948 305 101563 0
S 3595948 305 101563 0
S 3608947 305 101569 0
S 3621946 305 101569 0
S 3634945 305 101566 0
S 3647944 305 101572 0
S 3660944 305 101581 0
S 3673943 305 101569 0
S 3686942 305 101563 0
S 3699941 305 101572 0
S 3712940 305 101566 0
S 3725939 305 101566 0
S 3738939 305 101566 0
S 3751938 305 101569 0
S 3764937 305 101572 0
S 3777936 305 101584 0
S 3790935 305 101569 0
S 3803935 305 101581 0
S 3816934 305 101584 0
S 3829933 305 101584 0
S 3842932 305 101572 0
S 3855931 305 101581 0
S 3868931 305 101569 0
S 3881930 305 101572 0
S 3894929 305 101581 0
S 3907928 305 101575 0
S 3920927 305 101572 0
S 3933926 305 101584 0
S 3946926 305 101584 0
S 3959925 305 101581 0
S 3972924 305 101569 0
S 3985923 305 101569 0
S 3998922 305 101581 0
S 4011922 305 101569 0
S 4024921 305 101569 0
S 4037920 305 101584 0
S 4050919 305 101569 0
S 4063918 305 101569 0
S 4076918 305 101566 0
S 4089917 305 101569 0
S 4102916 305 101569 0
S 4115915 305 101584 0
S 4128914 305 101581 0
S 4141913 305 101581 0
S 4154913 305 101581 0
S 4167912 305 101581 0
S 4180911 305 101572 0
S 4193910 305 101584 0
S 4206909 305 101590 0
S 4219909 305 101584 0
S 4232908 305 101578 0
S 4245907 305 101584 0
S 4258906 305 101566 0
S 4271905 305 101587 0
S 4284905 305 101581 0
S 4297904 305 101584 0
S 4310903 305 101581 0
S 4323902 305 101584 0
S 4336901 305 101587 0
S 4349900 305 101572 0
S 4362900 305 101584 0
S 4375899 305 101572 0
S 4388898 305 101581 0
S 4401897 305 101581 0
S 4414896 305 101581 0
S 4427896 305 101572 0
S 4440895 305 101584 0
S 4453894 305 101587 0
S 4466893 305 101569 0
S 4479892 305 101581 0
S 4492892 305 101587 0
S 4505891 305 101569 0
S 4518890 305 101584 0
S 4531889 305 101581 0
S 4544888 305 101590 0
S 4557887 305 101569 0
S 4570887 305 101581 0
S 4583886 305 101572 0
S 4596885 305 101584 0
S 4609884 305 101569 0
S 4622883 305 101590 0
S 4635883 305 101566 0
S 4648882 305 101572 0
S 4661881 305 101584 0
S 4674880 305 101584 0
S 4687879 305 101575 0
S 4700879 305 101572 0
S 4713878 305 101572 0
S 4726877 305 101575 0
S 4739876 305 101572 0
S 4752875 305 101572 0
S 4765874 305 101569 0
S 4778874 305 101581 0
S 4791873 305 101572 0
S 4804872 305 101572 0
S 4817871 305 101569 0
S 4830870 305 101575 0
S 4843870 305 101569 0
S 4856869 305 101560 0
S 4869868 305 101572 0
S 4882867 305 101581 0
S 4895866 305 101569 0
S 4908866 305 101590 0
S 4921865 305 101584 0
S 4934864 305 101566 0
S 4947863 305 101569 0
S 4960862 305 101569 0
S 4973861 305 101572 0
S 4986861 305 101575 0
S 4999860 305 101575 0
S 5012859 305 101566 0
S 5025858 305 101581 0
S 5038857 305 101578 0
S 5051857 305 101572 0
S 5064856 305 101590 0
S 5077855 305 101584 0
S 5090854 305 101584 0
S 5103853 305 101584 0
S 5116853 305 101584 0
S 5129852 305 101581 0
S 5142851 305 101584 0
S 5155850 305 101587 0
S 5168849 305 101581 0
S 5181848 305 101569 0
S 5194848 305 101581 0
S 5207847 305 101581 0
S 5220846 305 101572 0
S 5233845 305 101569 0
S 5246844 305 101572 0
S 5259844 305 101569 0
S 5272843 305 101575 0
S 5285842 305 101584 0
S 5298841 305 101581 0
S 5311840 305 101563 0
S 5324840 305 101569 0
S 5337839 305 101569 0
S 5350838 305 101566 0
S 5363837 305 101581 0
S 5376836 305 101569 0
S 5389835 305 101569 0
S 5402835 305 101572 0
S 5415834 305 101560 0
S 5428833 305 101572 0
S 5441832 305 101581 0
S 5454831 305 101569 0
S 5467831 305 101563 0
S 5480830 305 101566 0
S 5493829 305 101587 0
S 5506828 305 101578 0
S 5519827 305 101572 0
S 5532827 305 101566 0
S 5545826 305 101569 0
S 5558825 305 101566 0
S 5571824 305 101569 0
S 5584823 305 101572 0
S 5597822 305 101569 0
S 5610822 305 101572 0
S 5623821 305 101569 0
S 5636820 305 101581 0
S 5649819 305 101569 0
S 5662818 305 101587 0
S 5675818 305 101581 0
S 5688817 305 101569 0
S 5701816 305 101584 0
S 5714815 305 101560 0
S 5727814 305 101587 0
S 5740814 305 101569 0
S 5753813 305 101584 0
S 5766812 305 101581 0
S 5779811 305 101584 0
S 5792810 305 101566 0
S 5805809 305 101563 0
S 5818809 305 101581 0
S 5831808 305 101572 0
S 5844807 305 101569 0
S 5857806 305 101572 0
S 5870805 305 101560 0
S 5883805 305 101581 0
S 5896804 305 101575 0
S 5909803 305 101569 0
S 5922802 305 101560 0
S 5935801 305 101581 0
S 5948801 305 101572 0
S 5961800 305 101587 0
S 5974799 305 101581 0
S 5987798 305 101575 0
S 6000798 305 101572 0
S 6013796 305 101569 0
S 6026796 305 101569 0
S 6039795 305 101587 0
S 6052794 305 101590 0
S 6065793 305 101581 0
S 6078792 305 101581 0
S 6091792 305 101584 0
S 6104791 305 101569 0
S 6117790 305 101581 0
S 6130789 305 101581 0
S 6143788 305 101584 0
S 6156788 305 101584 0
S 6169787 305 101569 0
S 6182786 305 101572 0
S 6195785 305 101569 0
S 6208784 305 101569 0
S 6221783 305 101569 0
S 6234783 305 101581 0
S 6247782 305 101572 0
S 6260781 305 101584 0
S 6273780 305 101566 0
S 6286779 305 101572 0
S 6299779 305 101581 0
S 6312778 305 101575 0
S 6325777 305 101572 0
S 6338776 305 101587 0
S 6351775 305 101572 0
S 6364775 305 101581 0
S 6377774 305 101572 0
S 6390773 305 101581 0
S 6403772 305 101566 0
S 6416771 305 101569 0
S 6429770 305 101569 0
S 6442770 305 101569 0
S 6455769 305 101566 0
S 6468768 305 101569 0
S 6481767 305 101572 0
S 6494766 305 101572 0
S 6507766 305 101566 0
S 6520765 305 101569 0
S 6533764 305 101572 0
S 6546763 305 101566 0
S 6559762 305 101569 0
S 6623758 305 101569 1
S 6639757 305 101573 1
S 6655756 305 101573 1
S 6671755 305 101569 1
S 6687754 305 101566 1
S 6703753 305 101567 1
S 6719752 305 101584 1
S 6735751 305 101570 1
S 6751750 305 101569 1
S 6767749 305 101567 1
S 6783748 305 101575 1
S 6799747 305 101578 1
S 6815746 305 101584 1
S 6831745 305 101570 1
S 6847744 305 101573 1
S 6863743 305 101579 1
S 6879742 305 101582 1
S 6895741 305 101575 1
S 6911740 305 101581 1
S 6927739 305 101564 1
S 6943738 305 101581 1
S 6959737 305 101578 1
S 6975736 305 101573 1
S 6991735 305 101563 1
S 7007734 305 101581 1
S 7023733 305 101584 1
S 7039732 305 101582 1
S 7055731 305 101570 1
S 7071730 305 101570 1
S 7087729 305 101569 1
S 7103728 305 101576 1
S 7119727 305 101584 1
S 7135726 305 101573 1
S 7151725 305 101578 1
S 7167724 305 101579 1
S 7183723 305 101584 1
S 7199722 305 101575 1
S 7215721 305 101575 1
S 7231720 305 101570 1
S 7247719 305 101573 1
S 7263718 305 101581 1
S 7279717 305 101567 1
S 7295716 305 101573 1
S 7311715 305 101572 1
S 7327714 305 101569 1
S 7343713 305 101573 1
S 7359712 305 101567 1
S 7375711 305 101572 1
S 7391710 305 101573 1
S 7407709 305 101576 1
S 7423708 305 101578 1
S 7439707 305 101575 1
S 7455706 305 101584 1
S 7471705 305 101575 1
S 7487704 305 101570 1
S 7503703 305 101573 1
S 7519702 305 101572 1
S 7535701 305 101581 1
S 7551700 305 101573 1
S 7567699 305 101563 1
S 7583698 305 101572 1
S 7599697 305 101572 1
S 7615696 305 101572 1
S 7631695 305 101566 1
S 7647694 305 101575 1
S 7663693 305 101573 1
S 7679692 305 101572 1
S 7695691 305 101581 1
S 7711690 305 101576 1
S 7727689 305 101575 1
S 7743688 305 101572 1
S 7759687 305 101573 1
S 7775686 305 101572 1
S 7791685 305 101582 1
S 7807684 305 101582 1
S 7823683 305 101566 1
S 7839682 305 101581 1
S 7855681 305 101575 1
S 7871680 305 101576 1
S 7887679 305 101561 1
S 7903678 305 101572 1
S 7919677 305 101579 1
S 7935676 305 101575 1
S 7951675 305 101578 1
S 7967674 305 101578 1
S 7983673 305 101569 1
S 7999672 305 101578 1
S 8015671 305 101575 1
S 8031670 305 101579 1
S 8047669 305 101581 1
S 8063668 305 101584 1
S 8079667 305 101581 1
S 8095666 305 101575 1
S 8111665 305 101578 1
S 8127664 305 101588 1
S 8143663 305 101585 1
S 8159662 305 101573 1
S 8175661 305 101575 1
S 8191660 305 101588 1
S 8207659 305 101573 1
S 8223658 305 101588 1
S 8239657 305 101581 1
S 8255656 305 101579 1
S 8271655 305 101573 1
S 8287654 305 101576 1
S 8303653 305 101582 1
S 8319652 305 101579 1
S 8335651 305 101584 1
S 8351650 305 101572 1
S 8367649 305 101572 1
S 8383648 305 101566 1
S 8399647 305 101572 1
S 8415646 305 101582 1
S 8431645 305 101570 1
S 8447644 305 101570 1
S 8463643 305 101573 1
S 8479642 305 101575 1
S 8495641 305 101570 1
S 8511640 305 101570 1
S 8527639 305 101567 1
S 8543638 305 101566 1
S 8559637 305 101572 1
S 8575636 305 101570 1
S 8591635 305 101581 1
S 8607634 305 101582 1
S 8623633 305 101575 1
S 8639632 305 101584 1
S 8655631 305 101578 1
S 8671630 305 101578 1
S 8687629 305 101573 1
S 8703628 305 101575 1
S 8719627 305 101579 1
S 8735626 305 101569 1
S 8751625 305 101572 1
S 8767624 305 101582 1
S 8783623 305 101584 1
S 8799622 305 101576 1
S 8815621 305 101582 1
S 8831620 305 101564 1
S 8847619 305 101575 1
S 8863618 305 101572 1
S 8879617 305 101569 1
S 8895616 305 101578 1
S 8911615 305 101569 1
S 8927614 305 101569 1
S 8943613 305 101576 1
S 8959612 305 101575 1
S 8975611 305 101576 1
S 8991610 305 101569 1
S 9007609 305 101567 1
S 9023608 305 101573 1
S 9039607 305 101573 1
S 9055606 305 101581 1
S 9071605 305 101576 1
S 9087604 305 101569 1
S 9103603 305 101573 1
S 9119602 305 101575 1
S 9135601 305 101563 1
S 9151600 305 101561 1
S 9167599 305 101566 1
S 9183598 305 101570 1
S 9199597 305 101567 1
S 9215596 305 101566 1
S 9231595 305 101573 1
S 9247594 305 101555 1
S 9263593 305 101572 1
S 9279592 305 101563 1
S 9295591 305 101564 1
S 9311590 305 101582 1
S 9327589 305 101572 1
S 9343588 305 101570 1
S 9359587 305 101576 1
S 9375586 305 101569 1
S 9391585 305 101572 1
S 9407584 305 101579 1
S 9423583 305 101570 1
S 9439582 305 101573 1
S 9455581 305 101582 1
S 9471580 305 101575 1
S 9487579 305 101578 1
S 9503578 305 101572 1
S 9519577 305 101576 1
S 9535576 305 101575 1
S 9551575 305 101575 1
S 9567574 305 101576 1
S 9583573 305 101567 1
S 9599572 305 101582 1
S 9615571 305 101575 1
S 9631570 305 101575 1
S 9647569 305 101575 1
S 9663568 305 101582 1
S 9679567 305 101572 1
S 9695566 305 101576 1
S 9711565 305 101573 1
S 9727564 305 101576 1
S 9743563 305 101567 1
S 9759562 305 101572 1
S 9775561 305 101569 1
S 9791560 305 101564 1
S 9807559 305 101563 1
S 9823558 305 101575 1
S 9839557 305 101569 1
S 9855556 305 101563 1
S 9871555 305 101569 1
S 9887554 305 101572 1
S 9903553 305 101564 1
S 9919552 305 101573 1
S 9935551 305 101575 1
S 9951550 305 101572 1
S 9967549 305 101572 1
S 9983548 305 101572 1
S 9999547 305 101573 1
S 10015546 305 101572 1
S 10031545 305 101569 1
S 10047544 305 101567 1
S 10063543 305 101576 1
S 10079542 305 101572 1
S 10095541 305 101567 1
S 10111540 305 101570 1
S 10127539 305 101569 1
S 10143538 305 101572 1
S 10159537 305 101573 1
S 10175536 305 101573 1
S 10191535 305 101584 1
S 10207534 305 101582 1
S 10223533 305 101584 1
S 10239532 305 101573 1
S 10255531 305 101578 1
S 10271530 305 101575 1
S 10287529 305 101575 1
S 10303528 305 101576 1
S 10319527 305 101576 1
S 10335526 305 101578 1
S 10351525 305 101588 1
S 10367524 305 101575 1
S 10383523 305 101581 1
S 10399522 305 101578 1
S 10415521 305 101582 1
S 10431520 305 101579 1
S 10447519 305 101573 1
S 10463518 305 101578 1
S 10479517 305 101575 1
S 10495516 305 101579 1
S 10511515 305 101584 1
S 10527514 305 101572 1
S 10543513 305 101575 1
S 10559512 305 101573 1
S 10575511 305 101579 1
S 10591510 305 101564 1
S 10607509 305 101569 1
S 10623508 305 101578 1
S 10639507 305 101572 1
S 10655506 305 101572 1
S 10671505 305 101576 1
S 10687504 305 101566 1
S 10703503 305 101575 1
S 10719502 305 101570 1
S 10735501 305 101561 1
S 10751500 305 101570 1
S 10767499 305 101566 1
S 10783498 305 101576 1
S 10799497 305 101566 1
S 10815496 305 101584 1
S 10831495 305 101569 1
S 10847494 305 101573 1
S 10863493 305 101566 1
S 10879492 305 101573 1
S 10895491 305 101563 1
S 10911490 305 101567 1
S 10927489 305 101572 1
S 10943488 305 101572 1
S 10959487 305 101570 1
S 10975486 305 101572 1
S 10991485 305 101566 1
S 11007484 305 101569 1
S 11023483 305 101567 1
S 11039482 305 101573 1
S 11055481 305 101561 1
S 11071480 305 101572 1
S 11087479 305 101573 1
S 11103478 305 101563 1
S 11119477 305 101576 1
S 11135476 305 101570 1
S 11151475 305 101581 1
S 11167474 305 101575 1
S 11183473 305 101576 1
S 11199472 305 101570 1
S 11215471 305 101575 1
S 11231470 305 101570 1
S 11247469 305 101575 1
S 11263468 305 101572 1
S 11279467 305 101567 1
S 11295466 305 101572 1
S 11311465 305 101572 1
S 11327464 305 101567 1
S 11343463 305 101570 1
S 11359462 305 101572 1
S 11375461 305 101570 1
S 11391460 305 101566 1
S 11407459 305 101570 1
S 11423458 305 101564 1
S 11439457 305 101573 1
S 11455456 305 101573 1
S 11471455 305 101576 1
S 11487454 305 101581 1
S 11503453 305 101572 1
S 11519452 305 101570 1
S 11535451 305 101572 1
S 11551450 305 101573 1
S 11567449 305 101575 1
S 11583448 305 101569 1
S 11599447 305 101569 1
S 11615446 305 101569 1
S 11631445 305 101575 1
S 11647444 305 101567 1
S 11663443 305 101566 1
S 11679442 305 101575 1
S 11695441 305 101569 1
S 11711440 305 101579 1
S 11727439 305 101570 1
S 11743438 305 101572 1
S 11759437 305 101567 1
S 11775436 305 101570 1
S 11791435 305 101575 1
S 11807434 305 101573 1
S 11823433 305 101573 1
S 11839432 305 101566 1
S 11855431 305 101569 1
S 11871430 305 101567 1
S 11887429 305 101569 1
S 11903428 305 101573 1
S 11919427 305 101561 1
S 11935426 305 101575 1
S 11951425 305 101567 1
S 11967424 305 101570 1
S 11983423 305 101566 1
S 11999422 305 101575 1
S 12015421 305 101570 1
S 12031420 305 101572 1
S 12047419 305 101564 1
S 12063418 305 101561 1
S 12079417 305 101578 1
S 12095416 305 101572 1
S 12111415 305 101563 1
S 12127414 305 101567 1
S 12143413 305 101573 1
S 12159412 305 101564 1
S 12175411 305 101573 1
S 12191410 305 101573 1
S 12207409 305 101570 1
S 12223408 305 101573 1
S 12239407 305 101567 1
S 12255406 305 101573 1
S 12271405 305 101570 1
S 12287404 305 101570 1
S 12303403 305 101575 1
S 12319402 305 101572 1
S 12335401 305 101575 1
S 12351400 305 101572 1
S 12367399 305 101572 1
S 12383398 305 101560 1
S 12399397 305 101569 1
S 12415396 305 101567 1
S 12431395 305 101564 1
S 12447394 305 101561 1
S 12463393 305 101569 1
S 12479392 305 101566 1
S 12495391 305 101566 1
S 12511390 305 101573 1
S 12527389 305 101567 1
S 12543388 305 101569 1
S 12559387 305 101576 1
S 12575386 305 101567 1
S 12591385 305 101575 1
S 12607384 305 101572 1
S 12623383 305 101572 1
S 12639382 305 101570 1
S 12655381 305 101573 1
S 12671380 305 101579 1
S 12687379 305 101573 1
S 12703378 305 101576 1
S 12719377 305 101572 1
S 12735376 305 101570 1
S 12751375 305 101573 1
S 12767374 305 101570 1
S 12783373 305 101576 1
S 12799372 305 101570 1
S 12815371 305 101569 1
S 12831370 305 101566 1
S 12847369 305 101569 1
S 12863368 305 101570 1
S 12879367 305 101567 1
S 12895366 305 101572 1
S 12911365 305 101576 1
S 12927364 305 101570 1
S 12943363 305 101570 1
S 12959362 305 101566 1
S 12975361 305 101564 1
S 12991360 305 101567 1
S 13007359 305 101564 1
S 13023358 305 101569 1
S 13039357 305 101575 1
S 13055356 305 101560 1
S 13071355 305 101572 1
S 13087354 305 101575 1
S 13103353 305 101572 1
S 13119352 305 101575 1
S 13135351 305 101575 1
S 13151350 305 101569 1
S 13167349 305 101575 1
S 13183348 305 101567 1
S 13199347 305 101576 1
S 13215346 305 101573 1
S 13231345 305 101570 1
S 13247344 305 101567 1
S 13263343 305 101567 1
S 13279342 305 101566 1
S 13295341 305 101567 1
S 13311340 305 101570 1
S 13327339 305 101576 1
S 13343338 305 101573 1
S 13359337 305 101575 1
S 13375336 305 101576 1
S 13391335 305 101575 1
S 13407334 305 101576 1
S 13423333 305 101566 1
S 13439332 305 101567 1
S 13455331 305 101572 1
S 13471330 305 101575 1
S 13487329 305 101582 1
S 13503328 305 101569 1
S 13519327 305 101575 1
S 13535326 305 101575 1
S 13551325 305 101576 1
S 13567324 305 101578 1
S 13583323 305 101576 1
S 13599322 305 101569 1
S 13615321 305 101576 1
S 13631320 305 101575 1
S 13647319 305 101573 1
S 13663318 305 101575 1
S 13679317 305 101575 1
S 13695316 305 101569 1
S 13711315 305 101573 1
S 13727314 305 101573 1
S 13743313 305 101567 1
S 13759312 305 101566 1
S 13775311 305 101570 1
S 13791310 305 101570 1
S 13807309 305 101570 1
S 13823308 305 101564 1
S 13839307 305 101570 1
S 13855306 305 101563 1
S 13871305 305 101573 1
S 13887304 305 101575 1
S 13903303 305 101566 1
S 13919302 305 101570 1
S 13935301 305 101569 1
S 13951300 305 101573 1
S 13967299 305 101567 1
S 13983298 305 101564 1
S 13999297 305 101566 1
S 14015296 305 101569 1
S 14031295 305 101567 1
S 14047294 305 101564 1
S 14063293 305 101566 1
S 14079292 305 101570 1
S 14095291 305 101566 1
S 14111290 305 101560 1
S 14127289 305 101561 1
S 14143288 305 101555 1
S 14159287 305 101560 1
S 14175286 305 101570 1
S 14191285 305 101569 1
S 14207284 305 101569 1
S 14223283 305 101564 1
S 14239282 305 101567 1
S 14255281 305 101567 1
S 14271280 305 101570 1
S 14287279 305 101567 1
S 14303278 305 101573 1
S 14319277 305 101566 1
S 14335276 305 101566 1
S 14351275 305 101572 1
S 14367274 305 101569 1
S 14383273 305 101572 1
S 14399272 305 101558 1
S 14415271 305 101564 1
S 14431270 305 101567 1
S 14447269 305 101573 1
S 14463268 305 101557 1
S 14479267 305 101575 1
S 14495266 305 101576 1
S 14511265 305 101573 1
S 14527264 305 101569 1
S 14543263 305 101570 1
S 14559262 305 101567 1
S 14575261 305 101570 1
S 14591260 305 101567 1
S 14607259 305 101578 1
S 14695254 305 101579 2
S 14717252 305 101573 2
S 14739251 305 101567 2
S 14761250 305 101568 2
S 14783248 305 101567 2
S 14805247 305 101567 2
S 14827246 305 101569 2
S 14849244 305 101570 2
S 14871243 305 101564 2
S 14893241 305 101569 2
S 14915240 305 101566 2
S 14937239 305 101572 2
S 14959237 305 101570 2
S 14981236 306 101570 2
S 15003235 305 101565 2
S 15025233 305 101563 2
S 15047232 305 101564 2
S 15069230 305 101569 2
S 15091229 305 101555 2
S 15113228 305 101570 2
S 15135226 305 101572 2
S 15157225 305 101568 2
S 15179224 305 101564 2
S 15201222 306 101576 2
S 15223221 305 101566 2
S 15245219 305 101568 2
S 15267218 305 101570 2
S 15289217 305 101573 2
S 15311215 305 101564 2
S 15333214 305 101573 2
S 15355213 306 101570 2
S 15377211 305 101569 2
S 15399210 305 101570 2
S 15421208 305 101573 2
S 15443207 305 101563 2
S 15465206 305 101570 2
S 15487204 305 101572 2
S 15509203 305 101570 2
S 15531202 306 101569 2
S 15553200 305 101562 2
S 15575199 306 101567 2
S 15597197 305 101567 2
S 15619196 305 101567 2
S 15641195 305 101570 2
S 15663193 306 101574 2
S 15685192 305 101559 2
S 15707191 305 101567 2
S 15729189 305 101569 2
S 15751188 305 101569 2
S 15773186 305 101572 2
S 15795185 306 101570 2
S 15817184 305 101564 2
S 15839182 305 101567 2
S 15861181 305 101568 2
S 15883180 306 101566 2
S 15905178 305 101558 2
S 15927177 305 101566 2
S 15949175 306 101570 2
S 15971174 305 101569 2
S 15993173 305 101563 2
S 16015171 306 101571 2
S 16037170 305 101565 2
S 16059169 305 101564 2
S 16081167 305 101568 2
S 16103166 305 101572 2
S 16125164 305 101567 2
S 16147163 305 101570 2
S 16169162 305 101568 2
S 16191160 305 101573 2
S 16213159 305 101567 2
S 16235158 305 101564 2
S 16257156 305 101565 2
S 16279155 306 101573 2
S 16301153 305 101569 2
S 16323152 305 101566 2
S 16345151 306 101573 2
S 16367149 305 101564 2
S 16389148 305 101564 2
S 16411147 306 101570 2
S 16433145 306 101572 2
S 16455144 306 101576 2
S 16477142 305 101569 2
S 16499141 305 101568 2
S 16521140 305 101566 2
S 16543138 306 101568 2
S 16565137 306 101575 2
S 16587136 305 101565 2
S 16609134 305 101567 2
S 16631133 306 101576 2
S 16653131 305 101569 2
S 16675130 305 101567 2
S 16697129 305 101570 2
S 16719127 306 101572 2
S 16741126 305 101568 2
S 16763125 305 101562 2
S 16785123 305 101567 2
S 16807122 305 101564 2
S 16829120 305 101567 2
S 16851119 305 101565 2
S 16873118 306 101570 2
S 16895116 305 101567 2
S 16917115 305 101563 2
S 16939114 305 101565 2
S 16961112 305 101561 2
S 16983111 306 101570 2
S 17005109 305 101564 2
S 17027108 305 101562 2
S 17049107 306 101562 2
S 17071105 305 101567 2
S 17093104 306 101573 2
S 17115103 305 101561 2
S 17137101 305 101567 2
S 17159100 306 101568 2
S 17181098 305 101565 2
S 17203097 305 101558 2
S 17225096 305 101561 2
S 17247094 305 101564 2
S 17269093 306 101567 2
S 17291092 305 101567 2
S 17313090 305 101558 2
S 17335089 305 101576 2
S 17357087 305 101573 2
S 17379086 306 101581 2
S 17401085 305 101566 2
S 17423083 306 101570 2
S 17445082 306 101572 2
S 17467081 305 101572 2
S 17489079 306 101568 2
S 17511078 306 101570 2
S 17533076 305 101566 2
S 17555075 305 101569 2
S 17577074 305 101571 2
S 17599072 306 101567 2
S 17621071 305 101565 2
S 17643070 305 101566 2
S 17665068 305 101569 2
S 17687067 305 101566 2
S 17709065 305 101569 2
S 17731064 305 101566 2
S 17753063 306 101573 2
S 17775061 305 101563 2
S 17797060 306 101573 2
S 17819059 305 101567 2
S 17841057 305 101569 2
S 17863056 305 101573 2
S 17885054 305 101567 2
S 17907053 305 101571 2
S 17929052 305 101567 2
S 17951050 305 101569 2
S 17973049 305 101564 2
S 17995048 305 101565 2
S 18017046 305 101567 2
S 18039045 305 101569 2
S 18061043 305 101568 2
S 18083042 305 101569 2
S 18105041 305 101567 2
S 18127039 306 101573 2
S 18149038 305 101562 2
S 18171037 306 101565 2
S 18193035 306 101564 2
S 18215034 305 101566 2
S 18237032 305 101566 2
S 18259031 305 101569 2
S 18281030 305 101570 2
S 18303028 305 101570 2
S 18325027 305 101564 2
S 18347026 306 101569 2
S 18369024 305 101571 2
S 18391023 305 101568 2
S 18413021 306 101571 2
S 18435020 305 101570 2
S 18457019 306 101576 2
S 18479017 305 101573 2
S 18501016 306 101578 2
S 18523015 305 101564 2
S 18545013 306 101579 2
S 18567012 305 101558 2
S 18589010 306 101572 2
S 18611009 305 101559 2
S 18633008 306 101570 2
S 18655006 305 101561 2
S 18677005 305 101558 2
S 18699004 305 101560 2
S 18721002 305 101564 2
S 18743001 305 101564 2
S 18764999 305 101567 2
S 18786998 306 101572 2
S 18808997 306 101573 2
S 18830995 306 101570 2
S 18852994 306 101566 2
S 18874993 305 101564 2
S 18896991 306 101572 2
S 18918990 305 101564 2
S 18940988 305 101560 2
S 18962987 305 101564 2
S 18984986 306 101578 2
S 19006984 306 101567 2
S 19028983 306 101569 2
S 19050982 306 101577 2
S 19072980 306 101567 2
S 19094979 305 101567 2
S 19116977 305 101563 2
S 19138976 305 101564 2
S 19160975 306 101572 2
S 19182973 305 101563 2
S 19204972 305 101567 2
S 19226971 305 101570 2
S 19248969 305 101567 2
S 19270968 305 101568 2
S 19292966 305 101562 2
S 19314965 305 101569 2
S 19336964 305 101572 2
S 19358962 306 101573 2
S 19380961 305 101568 2
S 19402960 305 101570 2
S 19424958 306 101576 2
S 19446957 306 101570 2
S 19468955 306 101568 2
S 19490954 305 101567 2
S 19512953 305 101570 2
S 19534951 305 101571 2
S 19556950 305 101561 2
S 19578949 305 101563 2
S 19600947 305 101564 2
S 19622946 305 101570 2
S 19644944 305 101569 2
S 19666943 305 101566 2
S 19688942 305 101564 2
S 19710940 305 101568 2
S 19732939 305 101557 2
S 19754938 305 101570 2
S 19776936 305 101565 2
S 19798935 305 101566 2
S 19820933 305 101555 2
S 19842932 305 101566 2
S 19864931 306 101567 2
S 19886929 305 101561 2
S 19908928 305 101565 2
S 19930927 306 101569 2
S 19952925 306 101573 2
S 19974924 306 101569 2
S 19996922 306 101573 2
S 20018921 305 101567 2
S 20040920 305 101565 2
S 20062918 306 101572 2
S 20084917 306 101569 2
S 20106916 306 101573 2
S 20128914 305 101561 2
S 20150913 306 101576 2
S 20172911 305 101572 2
S 20194910 306 101570 2
S 20216909 305 101570 2
S 20238907 305 101569 2
S 20260906 305 101564 2
S 20282905 305 101564 2
S 20304903 305 101562 2
S 20326902 305 101568 2
S 20348900 306 101569 2
S 20370899 306 101570 2
S 20392898 305 101570 2
S 20414896 305 101567 2
S 20436895 306 101570 2
S 20458894 305 101570 2
S 20480892 305 101566 2
S 20502891 305 101569 2
S 20524889 306 101571 2
S 20546888 306 101573 2
S 20568887 305 101565 2
S 20590885 306 101570 2
S 20612884 305 101565 2
S 20634883 305 101563 2
S 20656881 305 101568 2
S 20678880 305 101566 2
S 20700878 306 101567 2
S 20722877 306 101574 2
S 20744876 305 101571 2
S 20766874 306 101576 2
S 20788873 306 101573 2
S 20810872 305 101569 2
S 20832870 305 101564 2
S 20854869 306 101571 2
S 20876867 305 101566 2
S 20898866 306 101571 2
S 20920865 305 101564 2
S 20942863 305 101559 2
S 20964862 305 101558 2
S 20986861 306 101573 2
S 21008859 306 101567 2
S 21030858 305 101561 2
S 21052856 305 101560 2
S 21074855 306 101561 2
S 21096854 306 101565 2
S 21118852 306 101571 2
S 21140851 306 101562 2
S 21162850 305 101565 2
S 21184848 306 101568 2
S 21206847 305 101556 2
S 21228845 305 101567 2
S 21250844 305 101566 2
S 21272843 305 101564 2
S 21294841 306 101572 2
S 21316840 305 101563 2
S 21338839 305 101570 2
S 21360837 306 101572 2
S 21382836 306 101572 2
S 21404834 305 101566 2
S 21426833 305 101566 2
S 21448832 306 101569 2
S 21470830 306 101573 2
S 21492829 305 101569 2
S 21514828 306 101575 2
S 21536826 305 101564 2
S 21558825 306 101573 2
S 21580823 305 101561 2
S 21602822 305 101569 2
S 21624821 305 101568 2
S 21646819 305 101570 2
S 21668818 305 101571 2
S 21690817 306 101579 2
S 21712815 305 101568 2
S 21734814 305 101566 2
S 21756812 306 101567 2
S 21778811 305 101564 2
S 21800810 305 101561 2
S 21822808 305 101567 2
S 21844807 305 101565 2
S 21866806 306 101568 2
S 21888804 305 101564 2
S 21910803 306 101572 2
S 21932801 305 101572 2
S 21954800 306 101582 2
S 21976799 306 101578 2
S 21998797 305 101567 2
S 22020796 305 101567 2
S 22042795 306 101574 2
S 22064793 305 101564 2
S 22086792 305 101562 2
S 22108790 306 101569 2
S 22130789 306 101574 2
S 22152788 306 101571 2
S 22174786 305 101569 2
S 22196785 306 101567 2
S 22218784 306 101567 2
S 22240782 306 101569 2
S 22262781 306 101574 2
S 22284779 306 101568 2
S 22306778 305 101564 2
S 22328777 306 101566 2
S 22350775 305 101565 2
S 22372774 305 101560 2
S 22394773 305 101561 2
S 22416771 305 101561 2
S 22438770 305 101560 2
S 22460768 306 101564 2
S 22482767 306 101573 2
S 22504766 305 101564 2
S 22526764 305 101556 2
S 22548763 305 101561 2
S 22570762 306 101573 2
S 22592760 305 101567 2
S 22614759 306 101572 2
S 22636757 305 101566 2
S 22658756 306 101569 2
S 22680755 306 101576 2
S 22702753 306 101573 2
S 22724752 305 101569 2
S 22746751 306 101580 2
S 22768749 306 101573 2
S 22790748 306 101576 2
S 22812746 305 101569 2
S 22834745 305 101561 2
S 22856744 306 101569 2
S 22878742 306 101576 2
S 22900741 306 101573 2
S 22922740 306 101573 2
S 22944738 306 101574 2
S 22966737 305 101567 2
S 22988735 305 101570 2
S 23010734 305 101555 2
S 23032733 305 101561 2
S 23054731 305 101565 2
S 23076730 306 101566 2
S 23098729 306 101571 2
S 23120727 305 101569 2
S 23142726 306 101569 2
S 23164724 305 101570 2
S 23186723 306 101572 2
S 23208722 306 101568 2
S 23230720 305 101570 2
S 23252719 306 101567 2
S 23274718 306 101567 2
S 23296716 306 101568 2
S 23318715 305 101567 2
S 23340713 306 101569 2
S 23362712 306 101570 2
S 23384711 306 101570 2
S 23406709 305 101564 2
S 23428708 305 101564 2
S 23450707 305 101568 2
S 23472705 306 101567 2
S 23494704 305 101567 2
S 23516702 305 101566 2
S 23538701 305 101562 2
S 23560700 305 101567 2
S 23582698 306 101576 2
S 23604697 305 101564 2
S 23626696 305 101569 2
S 23648694 306 101568 2
S 23670693 305 101570 2
S 23692691 306 101577 2
S 23714690 306 101574 2
S 23736689 306 101573 2
S 23758687 305 101566 2
S 23780686 306 101569 2
S 23802685 306 101570 2
S 23824683 305 101572 2
S 23846682 305 101569 2
S 23868680 306 101576 2
S 23890679 306 101574 2
S 23912678 306 101572 2
S 23934676 306 101564 2
S 23956675 306 101569 2
S 23978674 306 101566 2
S 24000672 306 101568 2
S 24022671 306 101572 2
S 24044669 305 101559 2
S 24066668 306 101572 2
S 24088667 306 101573 2
S 24110665 305 101570 2
S 24132664 306 101571 2
S 24154663 306 101577 2
S 24176661 306 101564 2
S 24198660 305 101567 2
S 24220658 306 101571 2
S 24242657 305 101565 2
S 24264656 305 101561 2
S 24286654 305 101571 2
S 24308653 306 101574 2
S 24330652 306 101573 2
S 24352650 305 101567 2
S 24374649 306 101573 2
S 24396647 305 101570 2
S 24418646 306 101574 2
S 24440645 305 101563 2
S 24462643 305 101564 2
S 24484642 305 101562 2
S 24506641 305 101569 2
S 24528639 306 101571 2
S 24550638 305 101567 2
S 24572636 305 101564 2
S 24594635 306 101569 2
S 24616634 305 101564 2
S 24638632 306 101565 2
S 24660631 306 101565 2
S 24682630 305 101565 2
S 24704628 305 101567 2
S 24726627 305 101567 2
S 24748625 306 101569 2
S 24770624 305 101567 2
S 24792623 306 101564 2
S 24814621 305 101565 2
S 24836620 305 101562 2
S 24858619 305 101561 2
S 24880617 306 101570 2
S 24902616 306 101571 2
S 24924614 306 101578 2
S 24946613 306 101575 2
S 24968612 306 101575 2
S 24990610 306 101571 2
S 25012609 306 101575 2
S 25034608 306 101573 2
S 25056606 306 101573 2
S 25078605 306 101571 2
S 25100603 305 101567 2
S 25122602 306 101564 2
S 25144601 306 101573 2
S 25166599 305 101561 2
S 25188598 305 101565 2
S 25210597 305 101568 2
S 25232595 306 101574 2
S 25254594 306 101570 2
S 25276592 305 101564 2
S 25298591 305 101564 2
S 25320590 306 101576 2
S 25342588 305 101561 2
S 25364587 305 101566 2
S 25386586 305 101567 2
S 25408584 306 101575 2
S 25430583 305 101567 2
S 25452581 305 101567 2
S 25474580 305 101567 2
S 25496579 305 101561 2
S 25518577 306 101567 2
S 25540576 306 101570 2
S 25562575 305 101564 2
S 25584573 306 101563 2
S 25606572 306 101570 2
S 25628570 305 101570 2
S 25650569 305 101568 2
S 25672568 306 101580 2
S 25808559 306 101569 3
S 25842557 305 101565 3
S 25876555 306 101571 3
S 25910553 306 101574 3
S 25944551 306 101570 3
S 25978549 306 101571 3
S 26012546 306 101573 3
S 26046544 306 101573 3
S 26080542 306 101566 3
S 26114540 306 101572 3
S 26148538 306 101569 3
S 26182536 306 101576 3
S 26216534 305 101560 3
S 26250532 306 101573 3
S 26284529 306 101573 3
S 26318527 306 101572 3
S 26352525 306 101570 3
S 26386523 306 101567 3
S 26420521 306 101575 3
S 26454519 306 101571 3
S 26488517 306 101570 3
S 26522515 306 101566 3
S 26556512 306 101565 3
S 26590510 306 101566 3
S 26624508 305 101563 3
S 26658506 306 101571 3
S 26692504 306 101568 3
S 26726502 306 101570 3
S 26760500 306 101566 3
S 26794498 306 101575 3
S 26828495 306 101569 3
S 26862493 306 101567 3
S 26896491 306 101572 3
S 26930489 306 101567 3
S 26964487 306 101572 3
S 26998485 306 101575 3
S 27032483 306 101574 3
S 27066481 306 101574 3
S 27100478 306 101572 3
S 27134476 306 101569 3
S 27168474 306 101566 3
S 27202472 306 101571 3
S 27236470 306 101568 3
S 27270468 306 101567 3
S 27304466 306 101570 3
S 27338464 306 101566 3
S 27372461 306 101569 3
S 27406459 306 101569 3
S 27440457 306 101569 3
S 27474455 306 101570 3
S 27508453 306 101570 3
S 27542451 306 101566 3
S 27576449 306 101570 3
S 27610447 306 101563 3
S 27644444 306 101572 3
S 27678442 306 101569 3
S 27712440 306 101573 3
S 27746438 306 101573 3
S 27780436 306 101573 3
S 27814434 306 101571 3
S 27848432 306 101571 3
S 27882430 306 101573 3
S 27916427 306 101572 3
S 27950425 306 101567 3
S 27984423 306 101561 3
S 28018421 306 101575 3
S 28052419 306 101574 3
S 28086417 306 101572 3
S 28120415 306 101571 3
S 28154413 306 101572 3
S 28188410 306 101564 3
S 28222408 306 101565 3
S 28256406 306 101569 3
S 28290404 306 101569 3
S 28324402 306 101569 3
S 28358400 306 101571 3
S 28392398 306 101570 3
S 28426396 306 101570 3
S 28460393 306 101567 3
S 28494391 306 101569 3
S 28528389 306 101571 3
S 28562387 306 101571 3
S 28596385 306 101572 3
S 28630383 306 101575 3
S 28664381 306 101571 3
S 28698379 306 101571 3
S 28732376 306 101569 3
S 28766374 306 101567 3
S 28800372 306 101568 3
S 28834370 306 101573 3
S 28868368 306 101573 3
S 28902366 306 101569 3
S 28936364 306 101564 3
S 28970362 306 101571 3
S 29004359 306 101573 3
S 29038357 306 101569 3
S 29072355 306 101569 3
S 29106353 306 101568 3
S 29140351 306 101571 3
S 29174349 306 101573 3
S 29208347 306 101570 3
S 29242345 306 101569 3
S 29276342 306 101568 3
S 29310340 306 101565 3
S 29344338 306 101572 3
S 29378336 306 101570 3
S 29412334 306 101563 3
S 29446332 306 101567 3
S 29480330 306 101568 3
S 29514328 306 101567 3
S 29548325 306 101567 3
S 29582323 306 101573 3
S 29616321 306 101569 3
S 29650319 306 101569 3
S 29684317 306 101570 3
S 29718315 306 101569 3
S 29752313 306 101574 3
S 29786311 306 101568 3
S 29820308 306 101566 3
S 29854306 306 101571 3
S 29888304 306 101574 3
S 29922302 306 101570 3
S 29956300 306 101573 3
S 29990298 306 101572 3
S 30024296 306 101575 3
S 30058294 306 101573 3
S 30092291 306 101573 3
S 30126289 306 101573 3
S 30160287 306 101569 3
S 30194285 306 101570 3
S 30228283 306 101567 3
S 30262281 306 101574 3
S 30296279 306 101574 3
S 30330277 306 101572 3
S 30364274 306 101576 3
S 30398272 306 101573 3
S 30432270 306 101572 3
S 30466268 306 101572 3
S 30500266 306 101572 3
S 30534264 306 101574 3
S 30568262 306 101564 3
S 30602260 306 101558 3
S 30636257 306 101572 3
S 30670255 306 101566 3
S 30704253 306 101569 3
S 30738251 306 101567 3
S 30772249 306 101575 3
S 30806247 306 101569 3
S 30840245 306 101575 3
S 30874243 306 101570 3
S 30908240 306 101569 3
S 30942238 306 101568 3
S 30976236 306 101568 3
S 31010234 306 101570 3
S 31044232 306 101567 3
S 31078230 306 101562 3
S 31112228 306 101566 3
S 31146226 306 101572 3
S 31180223 306 101578 3
S 31214221 306 101570 3
S 31248219 306 101569 3
S 31282217 306 101566 3
S 31316215 306 101564 3
S 31350213 306 101566 3
S 31384211 306 101569 3
S 31418209 306 101569 3
S 31452206 306 101559 3
S 31486204 306 101562 3
S 31520202 306 101568 3
S 31554200 306 101571 3
S 31588198 306 101571 3
S 31622196 306 101566 3
S 31656194 306 101572 3
S 31690192 306 101572 3
S 31724189 306 101574 3
S 31758187 306 101570 3
S 31792185 306 101572 3
S 31826183 306 101573 3
S 31860181 306 101571 3
S 31894179 306 101577 3
S 31928177 306 101575 3
S 31962175 306 101574 3
S 31996172 306 101573 3
S 32030170 306 101573 3
S 32064168 306 101573 3
S 32098166 306 101569 3
S 32132164 306 101569 3
S 32166162 305 101561 3
S 32200160 306 101567 3
S 32234158 306 101569 3
S 32268155 306 101566 3
S 32302153 306 101567 3
S 32336151 306 101569 3
S 32370149 306 101568 3
S 32404147 306 101568 3
S 32438145 306 101565 3
S 32472143 306 101561 3
S 32506141 306 101557 3
S 32540138 306 101570 3
S 32574136 306 101569 3
S 32608134 306 101567 3
S 32642132 306 101571 3
S 32676130 306 101567 3
S 32710128 306 101572 3
S 32744126 306 101570 3
S 32778124 306 101574 3
S 32812121 306 101570 3
S 32846119 306 101574 3
S 32880117 306 101570 3
S 32914115 306 101569 3
S 32948113 306 101574 3
S 32982111 306 101565 3
S 33016109 306 101572 3
S 33050107 306 101570 3
S 33084104 306 101573 3
S 33118102 306 101570 3
S 33152100 306 101568 3
S 33186098 306 101569 3
S 33220096 306 101572 3
S 33254094 306 101573 3
S 33288092 306 101570 3
S 33322090 306 101562 3
S 33356087 306 101567 3
S 33390085 306 101565 3
S 33424083 306 101572 3
S 33458081 306 101564 3
S 33492079 306 101566 3
S 33526077 306 101568 3
S 33560075 306 101562 3
S 33594073 306 101564 3
S 33628070 306 101565 3
S 33662068 306 101570 3
S 33696066 306 101568 3
S 33730064 306 101566 3
S 33764062 306 101566 3
S 33798060 306 101563 3
S 33832058 306 101565 3
S 33866056 306 101564 3
S 33900053 306 101564 3
S 33934051 306 101568 3
S 33968049 306 101566 3
S 34002047 306 101567 3
S 34036045 306 101564 3
S 34070043 306 101571 3
S 34104041 306 101567 3
S 34138039 306 101566 3
S 34172036 306 101569 3
S 34206034 306 101572 3
S 34240032 306 101573 3
S 34274030 306 101573 3
S 34308028 306 101568 3
S 34342026 306 101572 3
S 34376024 306 101572 3
S 34410022 306 101572 3
S 34444019 306 101572 3
S 34478017 306 101576 3
S 34512015 306 101576 3
S 34546013 306 101571 3
S 34580011 306 101571 3
S 34614009 306 101568 3
S 34648007 306 101571 3
S 34682005 306 101569 3
S 34716002 306 101569 3
S 34750000 306 101571 3
S 34783998 306 101571 3
S 34817996 306 101574 3
S 34851994 306 101565 3
S 34885992 306 101567 3
S 34919990 306 101567 3
S 34953988 306 101565 3
S 34987985 306 101572 3
S 35021983 306 101571 3
S 35055981 306 101572 3
S 35089979 306 101574 3
S 35123977 306 101567 3
S 35157975 306 101568 3
S 35191973 306 101569 3
S 35225971 306 101569 3
S 35259968 306 101566 3
S 35293966 306 101565 3
S 35327964 306 101569 3
S 35361962 306 101563 3
S 35395960 306 101569 3
S 35429958 306 101565 3
S 35463956 306 101564 3
S 35497954 306 101566 3
S 35531951 306 101571 3
S 35565949 306 101569 3
S 35599947 306 101573 3
S 35633945 306 101573 3
S 35667943 306 101563 3
S 35701941 306 101566 3
S 35735939 306 101572 3
S 35769937 306 101570 3
S 35803934 306 101571 3
S 35837932 306 101576 3
S 35871930 306 101568 3
S 35905928 306 101564 3
S 35939926 306 101569 3
S 35973924 306 101568 3
S 36007922 306 101571 3
S 36041920 306 101572 3
S 36075917 306 101570 3
S 36109915 306 101569 3
S 36143913 306 101565 3
S 36177911 306 101562 3
S 36211909 306 101566 3
S 36245907 306 101570 3
S 36279905 306 101567 3
S 36313903 306 101570 3
S 36347900 306 101562 3
S 36381898 306 101566 3
S 36415896 306 101562 3
S 36449894 306 101564 3
S 36483892 306 101566 3
S 36517890 306 101565 3
S 36551888 306 101574 3
S 36585886 306 101562 3
S 36619883 306 101563 3
S 36653881 306 101568 3
S 36687879 306 101560 3
S 36721877 306 101571 3
S 36755875 306 101564 3
S 36789873 306 101571 3
S 36823871 306 101567 3
S 36857869 306 101569 3
S 36891866 306 101570 3
S 36925864 306 101564 3
S 36959862 306 101568 3
S 36993860 306 101570 3
S 37027858 306 101566 3
S 37061856 306 101566 3
S 37095854 306 101569 3
S 37129852 306 101570 3
S 37163849 306 101569 3
S 37197847 306 101566 3
S 37231845 306 101573 3
S 37265843 306 101568 3
S 37299841 306 101571 3
S 37333839 306 101576 3
S 37367837 306 101567 3
S 37401835 306 101561 3
S 37435832 306 101566 3
S 37469830 306 101567 3
S 37503828 306 101574 3
S 37537826 306 101572 3
S 37571824 306 101569 3
S 37605822 306 101571 3
S 37639820 306 101568 3
S 37673818 306 101571 3
S 37707815 306 101567 3
S 37741813 306 101576 3
S 37775811 306 101570 3
S 37809809 306 101571 3
S 37843807 306 101573 3
S 37877805 306 101574 3
S 37911803 306 101572 3
S 37945801 306 101573 3
S 37979798 306 101569 3
S 38013796 306 101573 3
S 38047794 306 101572 3
S 38081792 306 101571 3
S 38115790 306 101570 3
S 38149788 306 101568 3
S 38183786 306 101569 3
S 38217784 306 101567 3
S 38251781 306 101566 3
S 38285779 306 101571 3
S 38319777 306 101566 3
S 38353775 306 101575 3
S 38387773 306 101569 3
S 38421771 306 101569 3
S 38455769 306 101566 3
S 38489767 306 101572 3
S 38523764 306 101574 3
S 38557762 306 101566 3
S 38591760 306 101570 3
S 38625758 306 101568 3
S 38659756 306 101569 3
S 38693754 306 101569 3
S 38727752 306 101573 3
S 38761750 306 101575 3
S 38795747 306 101571 3
S 38829745 306 101572 3
S 38863743 306 101568 3
S 38897741 306 101575 3
S 38931739 306 101574 3
S 38965737 306 101567 3
S 38999735 306 101563 3
S 39033733 306 101570 3
S 39067730 306 101570 3
S 39101728 306 101567 3
S 39135726 306 101562 3
S 39169724 306 101572 3
S 39203722 306 101576 3
S 39237720 306 101571 3
S 39271718 306 101571 3
S 39305716 306 101571 3
S 39339713 306 101570 3
S 39373711 306 101572 3
S 39407709 306 101575 3
S 39441707 306 101576 3
S 39475705 306 101573 3
S 39509703 306 101576 3
S 39543701 306 101566 3
S 39577699 306 101577 3
S 39611696 306 101567 3
S 39645694 306 101563 3
S 39679692 306 101566 3
S 39713690 306 101570 3
S 39747688 306 101575 3
S 39781686 306 101566 3
S 39815684 306 101574 3
S 39849682 306 101571 3
S 39883679 306 101572 3
S 39917677 306 101575 3
S 39951675 306 101573 3
S 39985673 306 101575 3
S 40019671 306 101570 3
S 40053669 306 101572 3
S 40087667 306 101572 3
S 40121665 306 101568 3
S 40155662 306 101565 3
S 40189660 306 101570 3
S 40223658 306 101571 3
S 40257656 306 101574 3
S 40291654 306 101568 3
S 40325652 306 101576 3
S 40359650 306 101569 3
S 40393648 306 101576 3
S 40427645 306 101572 3
S 40461643 306 101575 3
S 40495641 306 101572 3
S 40529639 306 101572 3
S 40563637 306 101576 3
S 40597635 306 101573 3
S 40631633 306 101576 3
S 40665631 306 101569 3
S 40699628 306 101575 3
S 40733626 306 101576 3
S 40767624 306 101573 3
S 40801622 306 101569 3
S 40835620 306 101570 3
S 40869618 306 101567 3
S 40903616 306 101571 3
S 40937614 306 101573 3
S 40971611 306 101571 3
S 41005609 306 101573 3
S 41039607 306 101571 3
S 41073605 306 101566 3
S 41107603 306 101570 3
S 41141601 306 101573 3
S 41175599 306 101567 3
S 41209597 306 101567 3
S 41243594 306 101569 3
S 41277592 306 101570 3
S 41311590 306 101573 3
S 41345588 306 101573 3
S 41379586 306 101572 3
S 41413584 306 101572 3
S 41447582 306 101569 3
S 41481580 306 101576 3
S 41515577 306 101572 3
S 41549575 306 101567 3
S 41583573 306 101566 3
S 41617571 306 101570 3
S 41651569 306 101562 3
S 41685567 306 101569 3
S 41719565 306 101574 3
S 41753563 306 101574 3
S 41787560 306 101573 3
S 41821558 306 101570 3
S 41855556 306 101564 3
S 41889554 306 101576 3
S 41923552 306 101570 3
S 41957550 306 101565 3
S 41991548 306 101568 3
S 42025546 306 101569 3
S 42059543 306 101564 3
S 42093541 306 101568 3
S 42127539 306 101570 3
S 42161537 306 101567 3
S 42195535 306 101567 3
S 42229533 306 101569 3
S 42263531 306 101570 3
S 42297529 306 101568 3
S 42331526 306 101573 3
S 42365524 306 101572 3
S 42399522 306 101572 3
S 42433520 306 101572 3
S 42467518 306 101575 3
S 42501516 306 101576 3
S 42535514 306 101574 3
S 42569512 306 101573 3
S 42603509 306 101569 3
S 42637507 306 101564 3
S 42671505 306 101569 3
S 42705503 306 101562 3
S 42739501 306 101562 3
S 42773499 306 101559 3
S 42795497 306 101560 2
S 42817496 306 101563 2
S 42839495 306 101563 2
S 42861493 306 101560 2
S 42883492 306 101566 2
S 42905491 306 101564 2
S 42927489 306 101559 2
S 42949488 306 101553 2
S 42971486 306 101570 2
S 42993485 306 101559 2
S 43015484 306 101562 2
S 43037482 306 101565 2
S 43059481 306 101571 2
S 43081480 306 101562 2
S 43103478 306 101562 2
S 43125477 306 101565 2
S 43147475 306 101562 2
S 43169474 306 101562 2
S 43191473 306 101560 2
S 43213471 306 101559 2
S 43235470 306 101567 2
S 43257469 306 101560 2
S 43279467 306 101561 2
S 43301466 306 101560 2
S 43323464 306 101562 2
S 43345463 306 101575 2
S 43367462 306 101570 2
S 43389460 306 101573 2
S 43411459 306 101570 2
S 43433458 306 101570 2
S 43455456 306 101573 2
S 43477455 306 101573 2
S 43499453 306 101573 2
S 43521452 306 101572 2
S 43543451 306 101572 2
S 43565449 306 101570 2
S 43587448 306 101576 2
S 43609447 306 101575 2
S 43631445 306 101575 2
S 43653444 306 101569 2
S 43675442 306 101571 2
S 43697441 306 101571 2
S 43719440 306 101578 2
S 43741438 306 101567 2
S 43763437 306 101576 2
S 43785436 306 101572 2
S 43807434 306 101565 2
S 43829433 306 101565 2
S 43851431 306 101579 2
S 43873430 306 101567 2
S 43895429 306 101573 2
S 43917427 306 101573 2
S 43939426 306 101574 2
S 43961425 306 101576 2
S 43983423 306 101569 2
S 44005422 306 101565 2
S 44027420 306 101571 2
S 44049419 306 101569 2
S 44071418 306 101569 2
S 44093416 306 101568 2
S 44115415 306 101571 2
S 44137414 306 101571 2
S 44159412 306 101573 2
S 44181411 306 101564 2
S 44203409 306 101573 2
S 44225408 306 101574 2
S 44247407 306 101569 2
S 44269405 306 101573 2
S 44291404 306 101573 2
S 44313403 306 101573 2
S 44335401 306 101567 2
S 44357400 306 101570 2
S 44379398 306 101579 2
S 44401397 306 101573 2
S 44423396 306 101562 2
S 44445394 306 101567 2
S 44467393 306 101570 2
S 44489392 306 101565 2
S 44511390 306 101563 2
S 44533389 306 101561 2
S 44555387 306 101564 2
S 44577386 306 101571 2
S 44599385 306 101574 2
S 44621383 306 101572 2
S 44643382 306 101576 2
S 44665381 306 101577 2
S 44687379 306 101571 2
S 44709378 306 101572 2
S 44731376 306 101569 2
S 44753375 306 101572 2
S 44775374 306 101573 2
S 44797372 306 101573 2
S 44819371 306 101570 2
S 44841370 306 101568 2
S 44863368 306 101575 2
S 44885367 306 101572 2
S 44907365 306 101572 2
S 44929364 306 101569 2
S 44951363 306 101573 2
S 44973361 306 101571 2
S 44995360 306 101566 2
S 45017359 305 101568 2
S 45039357 306 101570 2
S 45061356 306 101573 2
S 45083354 306 101570 2
S 45105353 306 101575 2
S 45127352 306 101573 2
S 45149350 306 101565 2
S 45171349 306 101570 2
S 45193348 306 101573 2
S 45215346 306 101574 2
S 45237345 306 101570 2
S 45259343 306 101575 2
S 45281342 306 101567 2
S 45303341 306 101567 2
S 45325339 306 101573 2
S 45347338 306 101574 2
S 45369337 306 101573 2
S 45391335 306 101573 2
S 45413334 306 101577 2
S 45435332 306 101572 2
S 45457331 306 101576 2
S 45479330 306 101567 2
S 45501328 306 101569 2
S 45523327 306 101571 2
S 45545326 306 101571 2
S 45567324 306 101573 2
S 45589323 306 101570 2
S 45611321 306 101569 2
S 45633320 306 101568 2
S 45655319 306 101567 2
S 45677317 306 101573 2
S 45699316 306 101564 2
S 45721315 306 101567 2
S 45743313 306 101576 2
S 45765312 306 101568 2
S 45787310 306 101575 2
S 45809309 306 101568 2
S 45831308 306 101568 2
S 45853306 306 101570 2
S 45875305 306 101574 2
S 45897304 306 101570 2
S 45919302 306 101570 2
S 45941301 306 101573 2
S 45963299 305 101565 2
S 45985298 306 101572 2
S 46007297 306 101573 2
S 46029295 306 101568 2
S 46051294 306 101564 2
S 46073293 306 101575 2
S 46095291 306 101573 2
S 46117290 306 101579 2
S 46139288 306 101573 2
S 46161287 306 101575 2
S 46183286 306 101571 2
S 46205284 306 101575 2
S 46227283 306 101574 2
S 46249282 306 101570 2
S 46271280 306 101571 2
S 46293279 306 101573 2
S 46315277 306 101570 2
S 46337276 306 101574 2
S 46359275 306 101577 2
S 46381273 306 101574 2
S 46403272 306 101571 2
S 46425271 306 101566 2
S 46447269 306 101572 2
S 46469268 306 101574 2
S 46491266 306 101567 2
S 46513265 306 101567 2
S 46535264 306 101571 2
S 46557262 306 101566 2
S 46579261 306 101561 2
S 46601260 306 101571 2
S 46623258 306 101570 2
S 46645257 305 101564 2
S 46667255 306 101571 2
S 46689254 306 101576 2
S 46711253 305 101566 2
S 46733251 306 101576 2
S 46755250 306 101571 2
S 46777249 306 101573 2
S 46799247 306 101583 2
S 46821246 306 101574 2
S 46843244 305 101564 2
S 46865243 306 101570 2
S 46887242 306 101570 2
S 46909240 306 101566 2
S 46931239 306 101571 2
S 46953238 306 101568 2
S 46975236 306 101573 2
S 46997235 306 101565 2
S 47019233 306 101571 2
S 47041232 306 101571 2
S 47063231 306 101567 2
S 47085229 306 101564 2
S 47107228 306 101566 2
S 47129227 306 101575 2
S 47151225 306 101573 2
S 47173224 306 101570 2
S 47195222 306 101569 2
S 47217221 306 101572 2
S 47239220 306 101567 2
S 47261218 306 101567 2
S 47283217 306 101573 2
S 47305216 306 101570 2
S 47327214 306 101570 2
S 47349213 306 101571 2
S 47371211 306 101572 2
S 47393210 306 101572 2
S 47415209 306 101570 2
S 47437207 306 101574 2
S 47459206 306 101567 2
S 47481205 306 101573 2
S 47503203 306 101573 2
S 47525202 306 101567 2
S 47547200 306 101569 2
S 47569199 305 101568 2
S 47591198 306 101566 2
S 47613196 306 101568 2
S 47635195 306 101566 2
S 47657194 306 101565 2
S 47679192 306 101570 2
S 47701191 306 101567 2
S 47723189 306 101570 2
S 47745188 306 101573 2
S 47767187 306 101565 2
S 47789185 306 101572 2
S 47811184 306 101572 2
S 47833183 306 101570 2
S 47855181 306 101575 2
S 47877180 305 101564 2
S 47899178 306 101576 2
S 47921177 306 101571 2
S 47943176 306 101569 2
S 47965174 306 101570 2
S 47987173 306 101572 2
S 48009172 306 101577 2
S 48031170 306 101572 2
S 48053169 306 101564 2
S 48075167 306 101569 2
S 48097166 306 101570 2
S 48119165 306 101579 2
S 48141163 306 101570 2
S 48163162 306 101579 2
S 48185161 306 101568 2
S 48207159 306 101573 2
S 48229158 306 101573 2
S 48251156 306 101574 2
S 48273155 305 101565 2
S 48295154 306 101573 2
S 48317152 306 101567 2
S 48339151 305 101569 2
S 48361150 306 101568 2
S 48383148 306 101570 2
S 48405147 306 101564 2
S 48427145 306 101567 2
S 48449144 306 101562 2
S 48471143 306 101564 2
S 48493141 306 101564 2
S 48515140 306 101567 2
S 48537139 306 101563 2
S 48559137 306 101570 2
S 48581136 306 101562 2
S 48603134 306 101570 2
S 48625133 306 101564 2
S 48647132 306 101575 2
S 48669130 306 101569 2
S 48691129 306 101572 2
S 48713128 306 101573 2
S 48735126 306 101572 2
S 48757125 306 101573 2
S 48779123 306 101566 2
S 48801122 306 101573 2
S 48823121 306 101573 2
S 48845119 306 101565 2
S 48867118 306 101573 2
S 48889117 306 101575 2
S 48911115 306 101577 2
S 48933114 306 101579 2
S 48955112 306 101574 2
S 48977111 306 101570 2
S 48999110 306 101576 2
S 49021108 306 101573 2
S 49043107 306 101575 2
S 49065106 306 101579 2
S 49087104 306 101576 2
S 49109103 306 101576 2
S 49131101 306 101573 2
S 49153100 306 101574 2
S 49175099 306 101579 2
S 49197097 306 101575 2
S 49219096 306 101576 2
S 49241095 306 101568 2
S 49263093 306 101573 2
S 49285092 306 101577 2
S 49307090 306 101577 2
S 49329089 306 101574 2
S 49351088 306 101573 2
S 49373086 306 101571 2
S 49395085 306 101576 2
S 49417084 306 101573 2
S 49439082 306 101573 2
S 49461081 306 101568 2
S 49483079 306 101570 2
S 49505078 306 101576 2
S 49527077 306 101573 2
S 49549075 306 101575 2
S 49571074 306 101574 2
S 49593073 306 101573 2
S 49615071 306 101573 2
S 49637070 306 101570 2
S 49659068 306 101576 2
S 49681067 306 101574 2
S 49703066 306 101575 2
S 49725064 306 101574 2
S 49747063 306 101571 2
S 49769062 306 101571 2
S 49791060 306 101571 2
S 49813059 306 101573 2
S 49835057 306 101573 2
S 49857056 305 101567 2
S 49879055 306 101573 2
S 49901053 306 101574 2
S 49923052 306 101572 2
S 49945051 306 101572 2
S 49967049 305 101565 2
S 49989048 306 101570 2
S 50011046 306 101571 2
S 50033045 305 101564 2
S 50055044 306 101566 2
S 50077042 306 101565 2
S 50099041 306 101568 2
S 50121040 306 101564 2
S 50143038 306 101569 2
S 50165037 306 101563 2
S 50187035 306 101566 2
S 50209034 306 101565 2
S 50231033 306 101572 2
S 50253031 306 101575 2
S 50275030 306 101565 2
S 50297029 306 101570 2
S 50319027 305 101563 2
S 50341026 306 101567 2
S 50363024 306 101566 2
S 50385023 306 101570 2
S 50407022 306 101567 2
S 50429020 306 101570 2
S 50451019 306 101567 2
S 50473018 306 101571 2
S 50495016 306 101573 2
S 50517015 306 101570 2
S 50539013 306 101571 2
S 50561012 306 101570 2
S 50583011 306 101573 2
S 50605009 306 101573 2
S 50627008 306 101569 2
S 50649007 306 101572 2
S 50671005 305 101566 2
S 50693004 306 101564 2
S 50715002 306 101567 2
S 50737001 306 101564 2
S 50759000 306 101570 2
S 50780998 306 101568 2
S 50802997 306 101572 2
S 50824996 306 101564 2
S 50846994 305 101563 2
S 50868993 306 101572 2
S 50890991 306 101573 2
S 50912990 306 101570 2
S 50934989 306 101575 2
S 50956987 306 101567 2
S 50978986 306 101566 2
S 51000985 306 101562 2
S 51022983 306 101568 2
S 51044982 306 101569 2
S 51066980 306 101564 2
S 51088979 306 101568 2
S 51110978 306 101570 2
S 51132976 306 101565 2
S 51154975 306 101565 2
S 51176974 306 101570 2
S 51198972 306 101573 2
S 51220971 306 101571 2
S 51242969 306 101572 2
S 51264968 306 101570 2
S 51286967 306 101564 2
S 51308965 306 101566 2
S 51330964 306 101570 2
S 51352963 306 101570 2
S 51374961 306 101563 2
S 51396960 306 101571 2
S 51418958 306 101571 2
S 51440957 306 101575 2
S 51462956 306 101567 2
S 51484954 306 101576 2
S 51506953 306 101572 2
S 51528952 306 101575 2
S 51550950 306 101570 2
S 51572949 306 101573 2
S 51594947 306 101573 2
S 51616946 306 101572 2
S 51638945 306 101569 2
S 51660943 306 101576 2
S 51682942 306 101573 2
S 51704941 306 101570 2
S 51726939 306 101565 2
S 51748938 306 101570 2
S 51770936 306 101576 2
S 51792935 306 101567 2
S 51814934 306 101576 2
S 51836932 306 101572 2
S 51858931 306 101569 2
S 51880930 306 101579 2
S 51902928 306 101572 2
S 51924927 306 101573 2
S 51946925 306 101572 2
S 51968924 306 101573 2
S 51990923 306 101572 2
S 52012921 306 101569 2
S 52034920 306 101570 2
S 52056919 306 101572 2
S 52078917 306 101567 2
S 52100916 306 101572 2
S 52122914 306 101576 2
S 52144913 306 101570 2
S 52166912 306 101576 2
S 52188910 306 101571 2
S 52210909 306 101567 2
S 52232908 306 101568 2
S 52254906 306 101574 2
S 52276905 306 101570 2
S 52298903 306 101566 2
S 52320902 306 101578 2
S 52342901 305 101566 2
S 52364899 306 101570 2
S 52386898 306 101568 2
S 52408897 306 101572 2
S 52430895 306 101574 2
S 52452894 306 101567 2
S 52474892 306 101572 2
S 52496891 306 101575 2
S 52518890 306 101570 2
S 52540888 306 101572 2
S 52562887 306 101573 2
S 52584886 305 101566 2
S 52606884 305 101563 2
S 52628883 306 101566 2
S 52650881 306 101579 2
S 52672880 306 101567 2
S 52694879 306 101570 2
S 52716877 306 101570 2
S 52738876 305 101564 2
S 52760875 306 101574 2
S 52782873 306 101576 2
S 52804872 306 101573 2
S 52826870 306 101574 2
S 52848869 306 101570 2
S 52870868 306 101573 2
S 52892866 306 101574 2
S 52914865 306 101572 2
S 52936864 306 101579 2
S 52958862 306 101576 2
S 52980861 306 101574 2
S 53002859 306 101579 2
S 53024858 306 101580 2
S 53046857 306 101576 2
S 53068855 306 101571 2
S 53090854 306 101571 2
S 53112853 305 101570 2
S 53134851 306 101576 2
S 53156850 306 101576 2
S 53178848 306 101577 2
S 53200847 306 101576 2
S 53222846 306 101578 2
S 53244844 306 101576 2
S 53266843 306 101566 2
S 53288842 306 101575 2
S 53310840 306 101577 2
S 53332839 306 101569 2
S 53354837 306 101569 2
S 53376836 306 101564 2
S 53398835 305 101561 2
S 53420833 306 101571 2
S 53442832 306 101570 2
S 53464831 306 101573 2
S 53486829 306 101572 2
S 53508828 306 101576 2
S 53530826 306 101574 2
S 53552825 306 101573 2
S 53574824 306 101576 2
S 53596822 306 101580 2
S 53618821 306 101578 2
S 53640820 306 101577 2
S 53662818 306 101576 2
S 53684817 306 101572 2
S 53706815 305 101569 2
S 53728814 306 101580 2
S 53750813 306 101576 2
S 53772811 306 101573 2
S 53794810 306 101575 2
S 53816809 306 101582 2
S 53838807 306 101573 2
S 53860806 306 101569 2
S 53882804 306 101572 2
S 53904803 306 101567 2
S 53926802 306 101570 2
S 53948800 306 101568 2
S 53970799 306 101571 2
S 53992798 306 101564 2
S 54014796 306 101570 2
S 54036795 306 101569 2
S 54058793 306 101573 2
S 54080792 306 101575 2
S 54102791 306 101576 2
S 54124789 306 101577 2
S 54146788 306 101571 2
S 54168787 306 101576 2
S 54190785 306 101576 2
S 54212784 306 101579 2
S 54234782 306 101578 2
S 54256781 306 101574 2
S 54278780 306 101576 2
S 54300778 306 101568 2
S 54322777 306 101572 2
S 54344776 305 101570 2
S 54366774 306 101573 2
S 54388773 306 101573 2
S 54410771 306 101567 2
S 54432770 306 101575 2
S 54454769 306 101574 2
S 54476767 306 101573 2
S 54498766 306 101573 2
S 54520765 306 101574 2
S 54542763 306 101568 2
S 54564762 306 101577 2
S 54586760 306 101577 2
S 54608759 306 101576 2
S 54630758 306 101581 2
S 54652756 306 101574 2
S 54674755 306 101582 2
S 54696754 306 101569 2
S 54718752 306 101578 2
S 54740751 306 101573 2
S 54762749 306 101576 2
S 54784748 306 101573 2
S 54806747 306 101576 2
S 54828745 306 101570 2
S 54850744 306 101573 2
S 54872743 306 101570 2
S 54894741 306 101573 2
S 54916740 306 101572 2
S 54938738 306 101575 2
S 54960737 306 101570 2
S 54982736 306 101575 2
S 55004734 306 101567 2
S 55026733 306 101570 2
S 55048732 306 101573 2
S 55070730 306 101570 2
S 55092729 306 101576 2
S 55114727 306 101570 2
S 55136726 306 101566 2
S 55158725 306 101575 2
S 55180723 306 101575 2
S 55202722 306 101572 2
S 55224721 306 101571 2
S 55246719 306 101575 2
S 55268718 306 101574 2
S 55290716 306 101575 2
S 55312715 306 101580 2
S 55334714 306 101580 2
S 55356712 306 101576 2
S 55378711 306 101579 2
S 55400710 306 101576 2
S 55422708 306 101573 2
S 55444707 306 101573 2
S 55466705 306 101573 2
S 55488704 306 101569 2
S 55510703 306 101573 2
S 55532701 306 101571 2
S 55554700 306 101573 2
S 55576699 306 101570 2
S 55598697 306 101573 2
S 55620696 306 101576 2
S 55642694 306 101567 2
S 55664693 306 101576 2
S 55686692 306 101573 2
S 55708690 306 101579 2
S 55730689 306 101574 2
S 55752688 306 101572 2
S 55774686 306 101562 2
S 55796685 306 101567 2
S 55818683 306 101577 2
S 55840682 306 101573 2
S 55862681 305 101556 2
S 55884679 306 101567 2
S 55906678 305 101569 2
S 55928677 305 101566 2
S 55950675 306 101571 2
S 55972674 306 101570 2
S 55994672 306 101561 2
S 56016671 306 101569 2
S 56038670 306 101570 2
S 56060668 306 101565 2
S 56082667 306 101570 2
S 56104666 306 101568 2
S 56126664 306 101570 2
S 56148663 306 101568 2
S 56170661 306 101569 2
S 56192660 306 101570 2
S 56214659 306 101562 2
S 56236657 306 101573 2
S 56258656 306 101576 2
S 56280655 306 101566 2
S 56302653 306 101567 2
S 56324652 306 101570 2
S 56346650 306 101571 2
S 56368649 306 101567 2
S 56390648 306 101571 2
S 56412646 306 101570 2
S 56434645 306 101570 2
S 56456644 306 101570 2
S 56478642 306 101567 2
S 56500641 306 101563 2
S 56522639 306 101571 2
S 56544638 306 101565 2
S 56566637 306 101567 2
S 56588635 306 101573 2
S 56610634 306 101566 2
S 56632633 306 101567 2
S 56654631 306 101573 2
S 56676630 306 101566 2
S 56698628 306 101568 2
S 56720627 306 101570 2
S 56742626 306 101575 2
S 56764624 306 101576 2
S 56786623 306 101573 2
S 56808622 306 101575 2
S 56830620 306 101575 2
S 56852619 306 101573 2
S 56874617 306 101575 2
S 56896616 306 101570 2
S 56918615 306 101568 2
S 56940613 305 101559 2
S 56962612 305 101557 2
S 56984611 306 101567 2
S 57006609 306 101574 2
S 57028608 306 101569 2
S 57050606 306 101573 2
S 57072605 306 101577 2
S 57094604 306 101580 2
S 57116602 306 101576 2
S 57138601 306 101572 2
S 57160600 306 101573 2
S 57182598 306 101577 2
S 57204597 306 101570 2
S 57226595 306 101575 2
S 57248594 306 101572 2
S 57270593 306 101573 2
S 57292591 306 101574 2
S 57314590 306 101572 2
S 57336589 306 101572 2
S 57358587 306 101569 2
S 57380586 306 101571 2
S 57402584 306 101573 2
S 57424583 306 101572 2
S 57446582 306 101572 2
S 57468580 306 101574 2
S 57490579 306 101575 2
S 57512578 306 101572 2
S 57534576 306 101572 2
S 57556575 306 101577 2
S 57578573 306 101566 2
S 57600572 306 101566 2
S 57622571 306 101576 2
S 57644569 306 101573 2
S 57666568 306 101570 2
S 57688567 306 101567 2
S 57710565 305 101561 2
S 57732564 306 101568 2
S 57754562 306 101564 2
S 57776561 306 101570 2
S 57798560 305 101564 2
S 57820558 305 101560 2
S 57842557 306 101573 2
S 57864556 306 101573 2
S 57886554 306 101570 2
S 57908553 306 101575 2
S 57930551 306 101573 2
S 57952550 306 101578 2
S 57974549 306 101583 2
S 57996547 306 101576 2
S 58018546 306 101572 2
S 58040545 306 101563 2
S 58062543 306 101574 2
S 58084542 306 101572 2
S 58106540 306 101577 2
S 58128539 306 101569 2
S 58150538 306 101563 2
S 58172536 306 101573 2
S 58194535 306 101576 2
S 58216534 306 101577 2
S 58238532 306 101570 2
S 58260531 306 101573 2
S 58282529 306 101572 2
S 58304528 306 101568 2
S 58326527 306 101571 2
S 58348525 306 101570 2
S 58370524 306 101570 2
S 58392523 306 101569 2
S 58414521 306 101562 2
S 58436520 306 101570 2
S 58458518 306 101573 2
S 58480517 306 101574 2
S 58502516 306 101575 2
S 58524514 306 101570 2
S 58546513 306 101574 2
S 58568512 306 101574 2
S 58590510 306 101573 2
S 58612509 306 101570 2
S 58634507 306 101573 2
S 58656506 306 101567 2
S 58678505 306 101568 2
S 58700503 306 101573 2
S 58722502 306 101571 2
S 58744501 306 101567 2
S 58766499 306 101576 2
S 58788498 306 101571 2
S 58810496 306 101571 2
S 58832495 306 101573 2
S 58854494 306 101573 2
S 58876492 306 101570 2
S 58898491 306 101563 2
S 58920490 306 101570 2
S 58942488 306 101576 2
S 58964487 306 101576 2
S 58986485 306 101573 2
S 59008484 306 101570 2
S 59030483 306 101571 2
S 59052481 305 101562 2
S 59074480 306 101571 2
S 59096479 306 101572 2
S 59118477 306 101558 2
S 59140476 306 101568 2
S 59162474 306 101565 2
S 59184473 306 101574 2
S 59206472 306 101573 2
S 59228470 306 101574 2
S 59250469 306 101569 2
S 59272468 306 101567 2
S 59294466 306 101570 2
S 59316465 306 101573 2
S 59338463 306 101561 2
S 59360462 306 101572 2
S 59382461 306 101573 2
S 59404459 306 101575 2
S 59426458 306 101575 2
S 59448457 305 101563 2
S 59470455 306 101570 2
S 59492454 306 101573 2
S 59514452 306 101574 2
S 59536451 306 101576 2
S 59558450 306 101573 2
S 59580448 306 101570 2
S 59602447 306 101576 2
S 59624446 306 101573 2
S 59646444 306 101573 2
S 59668443 306 101567 2
S 59690441 306 101574 2
S 59712440 306 101579 2
S 59734439 306 101574 2
S 59756437 306 101573 2
S 59778436 306 101573 2
S 59800435 306 101574 2
S 59822433 306 101576 2
S 59844432 305 101567 2
S 59866430 306 101578 2
S 59888429 306 101573 2
S 59910428 306 101573 2
S 59932426 306 101570 2
S 59954425 306 101566 2
S 59976424 306 101570 2
S 59998422 306 101574 2
S 60020421 306 101572 2
S 60042419 306 101570 2
S 60064418 306 101575 2
S 60086417 306 101575 2
S 60108415 306 101576 2
S 60130414 306 101573 2
S 60152413 306 101571 2
S 60174411 306 101566 2
S 60196410 306 101570 2
S 60218408 306 101571 2
S 60240407 306 101572 2
S 60262406 306 101569 2
S 60284404 306 101570 2
S 60306403 306 101564 2
S 60328402 306 101564 2
S 60350400 306 101572 2
S 60372399 306 101570 2
S 60394397 306 101575 2
S 60416396 306 101573 2
S 60438395 306 101572 2
S 60460393 306 101575 2
S 60482392 306 101573 2
S 60504391 306 101578 2
S 60526389 306 101573 2
S 60548388 306 101565 2
S 60570386 306 101573 2
S 60592385 306 101576 2
S 60614384 306 101578 2
S 60636382 306 101570 2
S 60658381 306 101573 2
S 60680380 306 101576 2
S 60702378 306 101568 2
S 60724377 306 101571 2
S 60746375 306 101568 2
S 60768374 306 101570 2
S 60790373 306 101573 2
S 60812371 306 101565 2
S 60834370 306 101578 2
S 60856369 305 101564 2
S 60878367 306 101576 2
S 60900366 306 101569 2
S 60922364 306 101572 2
S 60944363 306 101573 2
S 60966362 306 101568 2
S 60988360 306 101569 2
S 61010359 306 101564 2
S 61032358 306 101572 2
S 61054356 306 101574 2
S 61076355 305 101564 2
S 61098353 306 101574 2
S 61120352 306 101571 2
S 61142351 305 101566 2
S 61164349 306 101563 2
S 61186348 306 101565 2
S 61208347 306 101564 2
S 61230345 306 101558 2
S 61252344 305 101560 2
S 61274342 306 101564 2
S 61296341 305 101560 2
S 61318340 306 101564 2
S 61340338 306 101572 2
S 61362337 306 101573 2
S 61384336 306 101579 2
S 61406334 306 101570 2
S 61428333 306 101567 2
S 61450331 306 101573 2
S 61472330 306 101566 2
S 61494329 306 101573 2
S 61516327 306 101573 2
S 61538326 306 101570 2
S 61560325 306 101570 2
S 61582323 306 101573 2
S 61604322 306 101566 2
S 61626320 306 101566 2
S 61648319 306 101561 2
S 61670318 306 101566 2
S 61692316 306 101569 2
S 61714315 306 101577 2
S 61736314 306 101570 2
S 61758312 306 101561 2
S 61780311 305 101564 2
S 61802309 306 101567 2
S 61824308 306 101566 2
S 61846307 306 101569 2
S 61868305 305 101565 2
S 61890304 306 101558 2
S 61912303 306 101570 2
S 61934301 306 101571 2
S 61956300 306 101570 2
S 61978298 305 101551 2
S 62000297 306 101570 2
S 62022296 306 101565 2
S 62044294 306 101575 2
S 62066293 306 101564 2
S 62088292 306 101564 2
S 62110290 306 101573 2
S 62132289 305 101561 2
S 62154287 306 101573 2
S 62176286 306 101569 2
S 62198285 306 101576 2
S 62220283 306 101573 2
S 62242282 306 101564 2
S 62264281 306 101576 2
S 62286279 306 101567 2
S 62308278 306 101573 2
S 62330276 305 101561 2
S 62352275 306 101567 2
S 62374274 306 101570 2
S 62396272 306 101564 2
S 62418271 306 101570 2
S 62440270 306 101566 2
S 62462268 306 101568 2
S 62484267 306 101570 2
S 62506265 306 101571 2
S 62528264 306 101565 2
S 62550263 306 101565 2
S 62572261 306 101567 2
S 62594260 306 101570 2
S 62616259 306 101567 2
S 62638257 306 101572 2
S 62660256 306 101572 2
S 62682254 306 101572 2
S 62704253 306 101567 2
S 62726252 306 101565 2
S 62748250 306 101577 2
S 62770249 306 101575 2
S 62792248 306 101574 2
S 62814246 306 101570 2
S 62836245 306 101575 2
S 62858243 306 101570 2
S 62880242 306 101570 2
S 62902241 306 101574 2
S 62924239 306 101575 2
S 62946238 306 101576 2
S 62968237 306 101575 2
S 62990235 306 101574 2
S 63012234 306 101575 2
S 63034232 306 101576 2
S 63056231 305 101567 2
S 63078230 305 101563 2
S 63100228 306 101570 2
S 63122227 306 101573 2
S 63144226 306 101572 2
S 63166224 306 101571 2
S 63188223 306 101567 2
S 63210221 306 101573 2
S 63232220 306 101568 2
S 63254219 306 101567 2
S 63276217 306 101561 2
S 63298216 306 101571 2
S 63320215 306 101564 2
S 63342213 306 101565 2
S 63364212 306 101561 2
S 63386210 306 101572 2
S 63408209 306 101570 2
S 63430208 306 101578 2
S 63452206 306 101572 2
S 63474205 306 101575 2
S 63496204 306 101569 2
S 63518202 306 101577 2
S 63540201 306 101567 2
S 63562199 306 101575 2
S 63584198 306 101576 2
S 63606197 306 101575 2
S 63628195 306 101573 2
S 63650194 306 101570 2
S 63672193 306 101573 2
S 63694191 306 101568 2
S 63716190 306 101571 2
S 63738188 306 101569 2
S 63760187 306 101571 2
S 63782186 306 101573 2
S 63804184 306 101574 2
S 63826183 306 101574 2
S 63848182 306 101573 2
S 63870180 306 101569 2
S 63892179 306 101564 2
S 63914177 306 101559 2
S 63936176 306 101561 2
S 63958175 305 101564 2
S 63980173 305 101567 2
S 64002172 306 101570 2
S 64024171 306 101573 2
S 64046169 306 101573 2
S 64068168 306 101572 2
S 64090166 306 101568 2
S 64112165 306 101579 2
S 64134164 306 101567 2
S 64156162 306 101569 2
S 64178161 306 101569 2
S 64200160 306 101563 2
S 64222158 306 101570 2
S 64244157 306 101567 2
S 64266155 306 101574 2
S 64288154 306 101571 2
S 64310153 305 101563 2
S 64332151 306 101573 2
S 64354150 306 101568 2
S 64376149 306 101566 2
S 64398147 306 101570 2
S 64420146 306 101567 2
S 64442144 305 101562 2
S 64464143 306 101569 2
S 64486142 306 101564 2
S 64508140 306 101561 2
S 64530139 306 101570 2
S 64552138 306 101569 2
S 64574136 305 101558 2
S 64596135 306 101560 2
S 64618133 305 101558 2
S 64640132 305 101562 2
S 64662131 306 101560 2
S 64684129 306 101569 2
S 64706128 306 101566 2
S 64728127 306 101561 2
S 64750125 306 101565 2
S 64772124 306 101565 2
S 64794122 306 101573 2
S 64816121 305 101562 2
S 64838120 306 101569 2
S 64860118 306 101570 2
S 64882117 306 101572 2
S 64904116 306 101570 2
S 64926114 306 101566 2
S 64948113 306 101569 2
S 64970111 306 101567 2
S 64992110 306 101561 2
S 65014109 306 101565 2
S 65036107 306 101573 2
S 65058106 306 101564 2
S 65080105 305 101561 2
S 65102103 306 101563 2
S 65124102 306 101559 2
S 65146100 305 101561 2
S 65168099 306 101561 2
S 65190098 306 101556 2
S 65212096 306 101567 2
S 65234095 306 101567 2
S 65256094 306 101567 2
S 65278092 306 101567 2
S 65300091 306 101576 2
S 65322089 306 101573 2
S 65344088 306 101567 2
S 65366087 306 101570 2
S 65388085 306 101567 2
S 65410084 306 101566 2
S 65432083 306 101570 2
S 65454081 306 101570 2
S 65476080 305 101561 2
S 65498078 306 101565 2
S 65520077 306 101565 2
S 65542076 306 101573 2
S 65564074 306 101571 2
S 65586073 306 101568 2
S 65608072 305 101564 2
S 65630070 306 101570 2
S 65652069 306 101563 2
S 65674067 306 101571 2
S 65696066 306 101571 2
S 65718065 306 101574 2
S 65740063 305 101567 2
S 65762062 306 101567 2
S 65784061 306 101563 2
S 65806059 306 101572 2
S 65828058 306 101569 2
S 65850056 305 101565 2
S 65872055 306 101561 2
S 65894054 306 101570 2
S 65916052 306 101567 2
S 65938051 306 101568 2
S 65960050 306 101571 2
S 65982048 306 101569 2
S 66004047 306 101567 2
S 66026045 306 101570 2
S 66048044 306 101564 2
S 66070043 306 101565 2
S 66092041 306 101564 2
S 66114040 306 101565 2
S 66136039 306 101566 2
S 66158037 306 101565 2
S 66180036 306 101571 2
S 66202034 306 101573 2
S 66224033 306 101563 2
S 66246032 306 101566 2
S 66268030 306 101572 2
S 66290029 306 101573 2
S 66312028 306 101567 2
S 66334026 306 101570 2
S 66356025 305 101561 2
S 66378023 306 101565 2
S 66400022 306 101574 2
S 66422021 306 101570 2
S 66444019 306 101558 2
S 66466018 305 101564 2
S 66488017 306 101574 2
S 66510015 306 101567 2
S 66532014 306 101567 2
S 66554012 306 101568 2
S 66576011 305 101561 2
S 66598010 306 101566 2
S 66620008 306 101571 2
S 66642007 306 101565 2
S 66664006 306 101563 2
S 66686004 306 101572 2
S 66708003 306 101556 2
S 66730001 305 101559 2
S 66752000 306 101573 2
S 66773999 305 101564 2
S 66795997 306 101566 2
S 66817996 305 101560 2
S 66839995 306 101565 2
S 66861993 306 101570 2
S 66883992 306 101573 2
S 66905990 306 101569 2
S 66927989 306 101567 2
S 66949988 306 101569 2
S 66971986 306 101563 2
S 66993985 306 101567 2
S 67015984 306 101567 2
S 67037982 306 101564 2
S 67059981 306 101564 2
S 67081979 306 101564 2
S 67103978 306 101564 2
S 67125977 305 101561 2
S 67147975 306 101570 2
S 67169974 306 101567 2
S 67191973 306 101567 2
S 67213971 306 101569 2
S 67235970 306 101560 2
S 67257968 306 101567 2
S 67279967 305 101556 2
S 67301966 306 101559 2
S 67323964 306 101564 2
S 67345963 305 101561 2
S 67367962 306 101564 2
S 67389960 306 101572 2
S 67411959 306 101577 2
S 67433957 306 101576 2
S 67455956 306 101566 2
S 67477955 305 101567 2
S 67499953 306 101563 2
S 67521952 306 101567 2
S 67543951 306 101574 2
S 67565949 306 101569 2
S 67587948 306 101571 2
S 67609946 306 101576 2
S 67631945 306 101574 2
S 67653944 306 101573 2
S 67675942 306 101572 2
S 67697941 306 101567 2
S 67719940 306 101568 2
S 67741938 306 101573 2
S 67763937 306 101573 2
S 67785935 306 101573 2
S 67807934 306 101569 2
S 67829933 306 101564 2
S 67851931 306 101576 2
S 67873930 306 101571 2
S 67895929 306 101571 2
S 67917927 306 101571 2
S 67939926 306 101570 2
S 67961924 306 101569 2
S 67983923 306 101570 2
S 68005922 306 101573 2
S 68027920 306 101568 2
S 68049919 306 101567 2
S 68071918 306 101574 2
S 68093916 306 101566 2
S 68115915 306 101570 2
S 68137913 306 101562 2
S 68159912 306 101564 2
S 68181911 306 101569 2
S 68203909 306 101562 2
S 68225908 306 101561 2
S 68247907 305 101563 2
S 68269905 306 101570 2
S 68291904 306 101567 2
S 68313902 306 101570 2
S 68335901 305 101555 2
S 68357900 306 101573 2
S 68379898 306 101570 2
S 68401897 306 101571 2
S 68423896 306 101572 2
S 68445894 306 101563 2
S 68467893 306 101560 2
S 68489891 306 101566 2
S 68511890 306 101570 2
S 68533889 306 101567 2
S 68555887 306 101561 2
S 68577886 306 101563 2
S 68599885 306 101565 2
S 68621883 306 101563 2
S 68643882 306 101573 2
S 68665880 306 101570 2
S 68687879 306 101573 2
S 68709878 306 101573 2
S 68731876 306 101563 2
S 68753875 306 101567 2
S 68775874 306 101565 2
S 68797872 306 101564 2
S 68819871 306 101566 2
S 68841869 306 101572 2
S 68863868 306 101570 2
S 68885867 306 101573 2
S 68907865 306 101568 2
S 68929864 306 101570 2
S 68951863 306 101570 2
S 68973861 306 101569 2
S 68995860 306 101574 2
S 69017858 306 101573 2
S 69039857 306 101570 2
S 69061856 306 101567 2
S 69083854 306 101564 2
S 69105853 306 101566 2
S 69127852 306 101569 2
S 69149850 306 101561 2
S 69171849 306 101567 2
S 69193847 306 101570 2
S 69215846 306 101571 2
S 69237845 306 101569 2
S 69259843 306 101562 2
S 69281842 306 101553 2
S 69303841 306 101566 2
S 69325839 306 101564 2
S 69347838 306 101563 2
S 69369836 306 101563 2
S 69391835 306 101558 2
S 69413834 305 101560 2
S 69435832 305 101565 2
S 69457831 306 101572 2
S 69479830 306 101568 2
S 69501828 306 101570 2
S 69523827 306 101570 2
S 69545825 306 101567 2
S 69567824 306 101564 2
S 69589823 306 101564 2
S 69611821 306 101567 2
S 69633820 306 101568 2
S 69655819 306 101565 2
S 69677817 306 101568 2
S 69699816 306 101568 2
S 69721814 306 101573 2
S 69743813 306 101572 2
S 69765812 306 101570 2
S 69787810 306 101571 2
S 69809809 306 101568 2
S 69831808 306 101574 2
S 69853806 306 101574 2
S 69875805 306 101569 2
S 69897803 306 101569 2
S 69919802 306 101575 2
S 69941801 306 101572 2
S 69963799 306 101577 2
S 69985798 306 101567 2
S 70007797 306 101573 2
S 70029795 306 101571 2
S 70051794 306 101576 2
S 70073792 305 101559 2
S 70095791 306 101569 2
S 70117790 306 101571 2
S 70139788 306 101573 2
S 70161787 306 101571 2
S 70183786 306 101576 2
S 70205784 306 101571 2
S 70227783 306 101573 2
S 70249781 306 101573 2
S 70271780 306 101569 2
S 70293779 306 101568 2
S 70315777 306 101569 2
S 70337776 305 101558 2
S 70359775 306 101565 2
S 70381773 306 101564 2
S 70403772 306 101564 2
S 70425770 306 101565 2
S 70447769 306 101570 2
S 70469768 306 101572 2
S 70491766 306 101569 2
S 70513765 306 101567 2
S 70535764 306 101561 2
S 70557762 306 101570 2
S 70579761 306 101576 2
S 70601759 306 101573 2
S 70623758 306 101565 2
S 70645757 306 101567 2
S 70667755 306 101568 2
S 70689754 305 101556 2
S 70711753 306 101570 2
S 70733751 306 101571 2
S 70755750 306 101568 2
S 70777748 306 101573 2
S 70799747 306 101575 2
S 70821746 305 101558 2
S 70843744 306 101573 2
S 70865743 306 101572 2
S 70887742 306 101570 2
S 70909740 306 101573 2
S 70931739 306 101573 2
S 70953737 306 101572 2
S 70975736 306 101569 2
S 70997735 306 101571 2
S 71019733 306 101570 2
S 71041732 306 101570 2
S 71063731 306 101567 2
S 71085729 306 101572 2
S 71107728 306 101570 2
S 71129726 306 101571 2
S 71151725 306 101567 2
S 71173724 306 101573 2
S 71195722 306 101574 2
S 71217721 306 101570 2
S 71239720 306 101571 2
S 71261718 306 101566 2
S 71283717 306 101565 2
S 71305715 306 101568 2
S 71327714 306 101558 2
S 71349713 306 101566 2
S 71371711 306 101573 2
S 71393710 306 101569 2
S 71415709 306 101574 2
S 71437707 306 101573 2
S 71459706 306 101573 2
S 71481704 305 101561 2
S 71503703 306 101567 2
S 71525702 306 101563 2
S 71547700 306 101570 2
S 71569699 306 101570 2
S 71591698 306 101569 2
S 71613696 306 101570 2
S 71635695 306 101568 2
S 71657693 306 101565 2
S 71679692 306 101563 2
S 71701691 306 101559 2
S 71723689 306 101566 2
S 71745688 306 101563 2
S 71767687 306 101561 2
S 71789685 306 101564 2
S 71811684 306 101563 2
S 71833682 305 101559 2
S 71855681 306 101564 2
S 71877680 306 101574 2
S 71899678 306 101570 2
S 71921677 306 101564 2
S 71943676 306 101567 2
S 71965674 306 101570 2
S 71987673 306 101565 2
S 72009671 306 101570 2
S 72031670 306 101563 2
S 72053669 306 101565 2
S 72075667 306 101571 2
S 72097666 306 101570 2
S 72119665 306 101564 2
S 72141663 306 101566 2
S 72163662 306 101566 2
S 72185660 306 101570 2
S 72207659 306 101571 2
S 72229658 306 101570 2
S 72251656 306 101565 2
S 72273655 306 101564 2
S 72295654 306 101570 2
S 72317652 306 101564 2
S 72339651 306 101571 2
S 72361649 306 101572 2
S 72383648 306 101566 2
S 72405647 306 101573 2
S 72427645 306 101572 2
S 72449644 305 101564 2
S 72471643 306 101570 2
S 72493641 306 101573 2
S 72515640 306 101568 2
S 72537638 306 101576 2
S 72559637 306 101571 2
S 72581636 306 101574 2
S 72603634 306 101573 2
S 72625633 306 101566 2
S 72647632 306 101567 2
S 72669630 306 101562 2
S 72691629 306 101571 2
S 72713627 306 101570 2
S 72735626 306 101564 2
S 72757625 306 101567 2
S 72779623 306 101570 2
S 72801622 306 101569 2
S 72823621 306 101565 2
S 72845619 306 101574 2
S 72867618 306 101566 2
S 72889616 306 101568 2
S 72911615 306 101562 2
S 72933614 306 101566 2
S 72955612 306 101564 2
S 72977611 306 101557 2
S 72999610 305 101555 2
S 73021608 306 101556 2
S 73043607 306 101569 2
S 73065605 306 101564 2
S 73087604 306 101570 2
S 73109603 306 101572 2
S 73131601 306 101564 2
S 73153600 306 101564 2
S 73175599 306 101564 2
S 73197597 306 101568 2
S 73219596 306 101571 2
S 73241594 306 101571 2
S 73263593 306 101564 2
S 73285592 306 101572 2
S 73307590 306 101570 2
S 73329589 306 101572 2
S 73351588 306 101574 2
S 73373586 305 101555 2
S 73395585 306 101562 2
S 73417583 306 101567 2
S 73439582 306 101572 2
S 73461581 306 101568 2
S 73483579 306 101574 2
S 73505578 306 101576 2
S 73527577 306 101570 2
S 73549575 305 101558 2
S 73571574 306 101564 2
S 73593572 306 101570 2
S 73615571 306 101570 2
S 73637570 306 101572 2
S 73659568 306 101569 2
S 73681567 306 101567 2
S 73703566 306 101572 2
S 73725564 306 101570 2
S 73747563 306 101570 2
S 73769561 306 101570 2
S 73791560 306 101562 2
S 73813559 306 101575 2
S 73835557 306 101568 2
S 73857556 306 101573 2
S 73879555 306 101569 2
S 73901553 306 101572 2
S 73923552 306 101567 2
S 73945550 306 101569 2
S 73967549 306 101558 2
S 73989548 306 101567 2
S 74011546 306 101564 2
S 74033545 306 101565 2
S 74055544 306 101563 2
S 74077542 306 101564 2
S 74099541 306 101575 2
S 74121539 306 101570 2
S 74143538 306 101571 2
S 74165537 306 101566 2
S 74187535 306 101569 2
S 74209534 306 101570 2
S 74231533 306 101566 2
S 74253531 306 101564 2
S 74275530 306 101567 2
S 74297528 306 101567 2
S 74319527 306 101569 2
S 74341526 306 101567 2
S 74363524 306 101572 2
S 74385523 306 101572 2
S 74407522 306 101568 2
S 74429520 306 101558 2
S 74451519 306 101566 2
S 74473517 306 101569 2
S 74495516 306 101569 2
S 74517515 306 101569 2
S 74539513 306 101567 2
S 74561512 306 101570 2
S 74583511 306 101569 2
S 74605509 306 101563 2
S 74627508 306 101571 2
S 74649506 306 101567 2
S 74671505 306 101569 2
S 74693504 306 101567 2
S 74715502 306 101573 2
S 74737501 306 101570 2
S 74759500 306 101567 2
S 74781498 306 101565 2
S 74803497 306 101570 2
S 74825495 306 101573 2
S 74847494 306 101570 2
S 74869493 306 101571 2
S 74891491 306 101573 2
S 74913490 306 101572 2
S 74935489 306 101572 2
S 74957487 306 101579 2
S 74979486 306 101562 2
S 75001485 306 101568 2
S 75023483 306 101572 2
S 75045482 306 101567 2
S 75067480 306 101570 2
S 75089479 306 101558 2
S 75111478 306 101566 2
S 75133476 306 101567 2
S 75155475 306 101571 2
S 75177473 306 101570 2
S 75199472 306 101562 2
S 75221471 306 101561 2
S 75243469 306 101563 2
S 75265468 306 101564 2
S 75287467 306 101564 2
S 75309465 306 101563 2
S 75331464 306 101560 2
S 75353462 306 101570 2
S 75375461 306 101570 2
S 75397460 305 101562 2
S 75419458 306 101568 2
S 75441457 306 101570 2
S 75463456 306 101574 2
S 75485454 306 101571 2
S 75507453 306 101570 2
S 75529451 306 101570 2
S 75551450 306 101573 2
S 75573449 306 101570 2
S 75595447 306 101576 2
S 75617446 306 101571 2
S 75639445 306 101570 2
S 75661443 306 101570 2
S 75683442 306 101567 2
S 75705440 306 101570 2
S 75727439 306 101564 2
S 75749438 306 101570 2
S 75771436 306 101572 2
S 75793435 306 101571 2
S 75815434 306 101570 2
S 75837432 306 101567 2
S 75859431 306 101576 2
S 75881429 306 101570 2
S 75903428 306 101570 2
S 75925427 306 101569 2
S 75947425 306 101573 2
S 75969424 306 101558 2
S 75991423 306 101567 2
S 76013421 306 101570 2
S 76035420 306 101572 2
S 76057418 306 101564 2
S 76079417 306 101564 2
S 76101416 306 101571 2
S 76123414 306 101570 2
S 76145413 306 101570 2
S 76167412 306 101571 2
S 76189410 306 101561 2
S 76211409 306 101566 2
S 76233407 306 101570 2
S 76255406 306 101569 2
S 76277405 306 101567 2
S 76299403 306 101569 2
S 76321402 306 101573 2
S 76343401 306 101567 2
S 76365399 306 101564 2
S 76387398 306 101572 2
S 76409396 306 101567 2
S 76431395 306 101567 2
S 76453394 306 101568 2
S 76475392 306 101567 2
S 76497391 306 101568 2
S 76519390 305 101567 2
S 76541388 306 101565 2
S 76563387 306 101567 2
S 76585385 306 101563 2
S 76607384 306 101567 2
S 76629383 306 101564 2
S 76651381 306 101566 2
S 76673380 306 101567 2
S 76695379 306 101563 2
S 76717377 306 101566 2
S 76739376 306 101561 2
S 76761374 306 101568 2
S 76783373 306 101567 2
S 76805372 306 101569 2
S 76827370 306 101567 2
S 76849369 306 101562 2
S 76871368 306 101570 2
S 76893366 306 101567 2
S 76915365 306 101562 2
S 76937363 306 101570 2
S 76959362 306 101570 2
S 76981361 306 101572 2
S 77003359 306 101572 2
S 77025358 306 101576 2
S 77047357 306 101576 2
S 77069355 306 101571 2
S 77091354 306 101573 2
S 77113352 306 101577 2
S 77135351 306 101566 2
S 77157350 306 101561 2
S 77179348 306 101570 2
S 77201347 306 101569 2
S 77223346 306 101573 2
S 77245344 306 101570 2
S 77267343 306 101572 2
S 77289341 306 101570 2
S 77311340 306 101571 2
S 77333339 306 101569 2
S 77355337 306 101562 2
S 77377336 306 101567 2
S 77399335 306 101564 2
S 77421333 306 101572 2
S 77443332 306 101566 2
S 77465330 306 101570 2
S 77487329 306 101566 2
S 77509328 306 101570 2
S 77531326 306 101570 2
S 77553325 306 101573 2
S 77575324 306 101571 2
S 77597322 306 101571 2
S 77619321 306 101569 2
S 77641319 306 101567 2
S 77663318 306 101568 2
S 77685317 306 101573 2
S 77707315 306 101573 2
S 77729314 306 101571 2
S 77751313 306 101573 2
S 77773311 306 101571 2
S 77795310 306 101570 2
S 77817308 306 101577 2
S 77839307 306 101575 2
S 77861306 306 101573 2
S 77883304 306 101570 2
S 77905303 306 101573 2
S 77927302 306 101573 2
S 77949300 306 101574 2
S 77971299 306 101564 2
S 77993297 306 101573 2
S 78015296 306 101576 2
S 78037295 306 101576 2
S 78059293 305 101557 2
S 78081292 306 101573 2
S 78103291 306 101572 2
S 78125289 306 101566 2
S 78147288 306 101562 2
S 78169286 306 101570 2
S 78191285 306 101567 2
S 78213284 306 101570 2
S 78235282 306 101571 2
S 78257281 306 101576 2
S 78279280 306 101573 2
S 78301278 306 101576 2
S 78323277 306 101569 2
S 78345275 306 101569 2
S 78367274 306 101570 2
S 78389273 306 101573 2
S 78411271 306 101569 2
S 78433270 306 101571 2
S 78455269 306 101571 2
S 78477267 306 101567 2
S 78499266 306 101570 2
S 78521264 306 101572 2
S 78543263 306 101570 2
S 78565262 306 101573 2
S 78587260 306 101573 2
S 78609259 306 101569 2
S 78631258 306 101570 2
S 78653256 306 101572 2
S 78675255 306 101574 2
S 78697253 306 101574 2
S 78719252 306 101570 2
S 78741251 306 101572 2
S 78763249 306 101566 2
S 78785248 306 101573 2
S 78807247 306 101570 2
S 78829245 306 101571 2
S 78851244 306 101570 2
S 78873242 306 101576 2
S 78895241 306 101573 2
S 78917240 306 101570 2
S 78939238 306 101567 2
S 78961237 306 101570 2
S 78983236 306 101572 2
S 79005234 306 101567 2
S 79027233 306 101571 2
S 79049231 306 101579 2
S 79071230 306 101573 2
S 79093229 306 101568 2
S 79115227 306 101573 2
S 79137226 306 101573 2
S 79159225 306 101575 2
S 79181223 306 101571 2
S 79203222 306 101566 2
S 79225220 306 101571 2
S 79247219 306 101573 2
S 79269218 306 101573 2
S 79291216 306 101568 2
S 79313215 306 101570 2
S 79335214 306 101576 2
S 79357212 306 101570 2
S 79379211 306 101565 2
S 79401209 306 101567 2
S 79423208 306 101571 2
S 79445207 306 101572 2
S 79467205 306 101565 2
S 79489204 306 101573 2
S 79511203 306 101572 2
S 79533201 306 101571 2
S 79555200 306 101577 2
S 79577198 306 101569 2
S 79599197 306 101570 2
S 79621196 306 101567 2
S 79643194 306 101570 2
S 79665193 306 101573 2
S 79687192 306 101572 2
S 79709190 306 101573 2
S 79731189 306 101564 2
S 79753187 306 101573 2
S 79775186 306 101573 2
S 79797185 306 101580 2
S 79819183 306 101573 2
S 79841182 306 101573 2
S 79863181 306 101568 2
S 79885179 306 101576 2
S 79907178 306 101574 2
S 79929176 306 101573 2
S 79951175 306 101573 2
S 79973174 306 101576 2
S 79995172 306 101568 2
S 80017171 306 101568 2
S 80039170 306 101568 2
S 80061168 306 101576 2
S 80083167 306 101576 2
S 80105165 306 101573 2
S 80127164 306 101569 2
S 80149163 306 101576 2
S 80171161 306 101579 2
S 80193160 306 101578 2
S 80215159 306 101578 2
S 80237157 306 101573 2
S 80259156 306 101576 2
S 80281154 306 101576 2
S 80303153 306 101567 2
S 80325152 306 101570 2
S 80347150 306 101580 2
S 80369149 306 101573 2
S 80391148 306 101567 2
S 80413146 306 101567 2
S 80435145 306 101564 2
S 80457143 306 101574 2
S 80479142 306 101577 2
S 80501141 306 101574 2
S 80523139 306 101573 2
S 80545138 306 101571 2
S 80567137 306 101574 2
S 80589135 306 101567 2
S 80611134 306 101570 2
S 80633132 306 101573 2
S 80655131 306 101574 2
S 80677130 306 101573 2
S 80699128 306 101574 2
S 80721127 306 101573 2
S 80743126 306 101573 2
S 80765124 306 101576 2
S 80787123 306 101574 2
S 80809121 306 101569 2
S 80831120 306 101567 2
S 80853119 306 101569 2
S 80875117 306 101561 2
S 80897116 306 101573 2
S 80919115 306 101564 2
S 80941113 306 101573 2
S 80963112 306 101577 2
S 80985110 306 101574 2
S 81007109 306 101574 2
S 81029108 306 101573 2
S 81051106 306 101573 2
S 81073105 306 101576 2
S 81095104 306 101574 2
S 81117102 306 101583 2
S 81139101 306 101572 2
S 81161099 306 101574 2
S 81183098 306 101574 2
S 81205097 306 101566 2
S 81227095 306 101575 2
S 81249094 306 101575 2
S 81271093 306 101577 2
S 81293091 306 101573 2
S 81315090 306 101579 2
S 81337088 306 101579 2
S 81359087 306 101573 2
S 81381086 306 101576 2
S 81403084 306 101577 2
S 81425083 306 101575 2
S 81447082 306 101574 2
S 81469080 306 101577 2
S 81491079 306 101576 2
S 81513077 306 101575 2
S 81535076 306 101573 2
S 81557075 306 101571 2
S 81579073 305 101567 2
S 81601072 306 101576 2
S 81623071 306 101570 2
S 81645069 306 101571 2
S 81667068 306 101573 2
S 81689066 306 101562 2
S 81711065 306 101569 2
S 81733064 306 101574 2
S 81755062 306 101567 2
S 81777061 306 101567 2
S 81799060 306 101568 2
S 81821058 306 101575 2
S 81843057 306 101571 2
S 81865055 306 101571 2
S 81887054 306 101576 2
S 81909053 306 101571 2
S 81931051 306 101579 2
S 81953050 306 101573 2
S 81975049 306 101572 2
S 81997047 306 101568 2
S 82019046 306 101573 2
S 82041044 306 101567 2
S 82063043 306 101574 2
S 82085042 306 101574 2
S 82107040 306 101576 2
S 82129039 306 101576 2
S 82151038 306 101575 2
S 82173036 306 101573 2
S 82195035 306 101579 2
S 82217033 306 101576 2
S 82239032 306 101575 2
S 82261031 306 101573 2
S 82283029 306 101576 2
S 82305028 306 101576 2
S 82327027 306 101573 2
S 82349025 306 101576 2
S 82371024 306 101573 2
S 82393022 306 101573 2
S 82415021 306 101567 2
S 82437020 306 101573 2
S 82459018 306 101573 2
S 82481017 306 101575 2
S 82503016 306 101575 2
S 82525014 306 101573 2
S 82547013 306 101566 2
S 82569011 306 101567 2
S 82591010 306 101565 2
S 82613009 306 101571 2
S 82635007 306 101576 2
S 82657006 306 101570 2
S 82679005 306 101567 2
S 82701003 306 101573 2
S 82723002 306 101573 2
S 82745000 306 101569 2
S 82766999 306 101575 2
S 82788998 306 101572 2
S 82810996 306 101576 2
S 82832995 306 101576 2
S 82854994 306 101565 2
S 82876992 306 101571 2
S 82898991 306 101570 2
S 82920989 306 101570 2
S 82942988 306 101576 2
S 82964987 306 101570 2
S 82986985 306 101573 2
S 83008984 306 101573 2
S 83030983 306 101570 2
S 83052981 306 101572 2
S 83074980 306 101575 2
S 83096978 306 101575 2
S 83118977 306 101572 2
S 83140976 306 101569 2
S 83162974 306 101576 2
S 83184973 306 101574 2
S 83206972 306 101572 2
S 83228970 306 101582 2
S 83250969 306 101579 2
S 83272967 306 101568 2
S 83294966 306 101576 2
S 83316965 306 101572 2
S 83338963 306 101578 2
S 83360962 306 101572 2
S 83382961 306 101576 2
S 83404959 306 101585 2
S 83426958 306 101568 2
S 83448956 306 101567 2
S 83470955 306 101570 2
S 83492954 306 101574 2
S 83514952 306 101566 2
S 83536951 306 101563 2
S 83558950 306 101576 2
S 83580948 306 101573 2
S 83602947 306 101570 2
S 83624945 306 101573 2
S 83646944 306 101564 2
S 83668943 306 101570 2
S 83690941 306 101576 2
S 83712940 306 101567 2
S 83734939 306 101563 2
S 83756937 306 101571 2
S 83778936 306 101573 2
S 83800934 306 101570 2
S 83822933 306 101566 2
S 83844932 306 101572 2
S 83866930 306 101565 2
S 83888929 306 101577 2
S 83910928 306 101566 2
S 83932926 306 101571 2
S 83954925 306 101573 2
S 83976923 306 101564 2
S 83998922 305 101556 2
S 84020921 306 101570 2
S 84042919 306 101573 2
S 84064918 306 101573 2
S 84086917 306 101575 2
S 84108915 306 101574 2
S 84130914 306 101573 2
S 84152912 306 101571 2
S 84174911 306 101568 2
S 84196910 306 101572 2
S 84218908 306 101568 2
S 84240907 306 101578 2
S 84262906 306 101571 2
S 84284904 306 101570 2
S 84306903 306 101567 2
S 84328901 306 101560 2
S 84350900 306 101573 2
S 84372899 306 101566 2
S 84394897 306 101574 2
S 84416896 306 101570 2
S 84438895 306 101572 2
S 84460893 306 101580 2
S 84482892 306 101574 2
S 84504890 306 101572 2
S 84526889 306 101570 2
S 84548888 306 101574 2
S 84570886 306 101579 2
S 84592885 306 101570 2
S 84614884 306 101572 2
S 84636882 306 101576 2
S 84658881 306 101573 2
S 84680879 306 101573 2
S 84702878 306 101579 2
S 84724877 306 101575 2
S 84746875 306 101582 2
S 84768874 306 101573 2
S 84790873 306 101581 2
S 84812871 306 101580 2
S 84834870 306 101575 2
S 84856868 306 101573 2
S 84878867 306 101570 2
S 84900866 306 101570 2
S 84922864 306 101575 2
S 84944863 306 101571 2
S 84966862 306 101567 2
S 84988860 306 101574 2
S 85010859 306 101563 2
S 85032857 306 101557 2
S 85054856 306 101559 2
S 85076855 306 101559 2
S 85098853 306 101560 2
S 85120852 306 101550 2
S 85142851 306 101564 2
S 85164849 306 101557 2
S 85186848 306 101564 2
S 85208846 306 101567 2
S 85230845 306 101562 2
S 85252844 306 101565 2
S 85274842 306 101570 2
S 85296841 306 101567 2
S 85318840 305 101551 2
S 85340838 306 101564 2
S 85362837 306 101567 2
S 85384835 306 101565 2
S 85406834 306 101562 2
S 85428833 305 101560 2
S 85450831 306 101568 2
S 85472830 306 101572 2
S 85494829 305 101558 2
S 85516827 306 101567 2
S 85538826 306 101564 2
S 85560824 306 101570 2
S 85582823 306 101566 2
S 85604822 306 101564 2
S 85626820 306 101570 2
S 85648819 306 101571 2
S 85670818 306 101572 2
S 85692816 306 101574 2
S 85714815 306 101571 2
S 85736813 306 101574 2
S 85758812 306 101572 2
S 85780811 306 101574 2
S 85802809 306 101574 2
S 85824808 306 101572 2
S 85846807 306 101574 2
S 85868805 306 101572 2
S 85890804 306 101570 2
S 85912802 306 101571 2
S 85934801 306 101568 2
S 85956800 306 101576 2
S 85978798 306 101572 2
S 86000798 306 101575 2
S 86022796 306 101573 2
S 86044794 306 101574 2
S 86066793 306 101570 2
S 86088791 306 101577 2
S 86110790 306 101575 2
S 86132789 306 101578 2
S 86154787 306 101576 2
S 86176786 306 101576 2
S 86198785 306 101578 2
S 86220783 306 101573 2
S 86242782 306 101567 2
S 86264780 306 101575 2
S 86286779 306 101577 2
S 86308778 306 101576 2
S 86330776 306 101578 2
S 86352775 306 101577 2
S 86374774 306 101577 2
S 86396772 306 101579 2
S 86418771 306 101573 2
S 86440769 306 101579 2
S 86462768 306 101581 2
S 86484767 306 101578 2
S 86506765 306 101571 2
S 86528764 306 101575 2
S 86550763 306 101568 2
S 86572761 306 101567 2
S 86594760 306 101571 2
S 86616758 306 101578 2
S 86638757 306 101573 2
S 86660756 306 101566 2
S 86682754 306 101569 2
S 86704753 306 101576 2
S 86726752 306 101570 2
S 86748750 306 101573 2
S 86770749 306 101566 2
S 86792747 306 101568 2
S 86814746 306 101566 2
S 86836745 306 101562 2
S 86858743 306 101573 2
S 86880742 306 101570 2
S 86902741 306 101579 2
S 86924739 306 101576 2
S 86946738 306 101571 2
S 86968736 306 101568 2
S 86990735 306 101573 2
S 87012734 306 101574 2
S 87034732 306 101570 2
S 87056731 306 101573 2
S 87078730 306 101573 2
S 87100728 306 101576 2
S 87122727 306 101575 2
S 87144725 306 101576 2
S 87166724 306 101573 2
S 87188723 306 101570 2
S 87210721 306 101574 2
S 87232720 306 101571 2
S 87254719 306 101573 2
S 87276717 306 101573 2
S 87298716 305 101566 2
S 87320714 306 101571 2
S 87342713 305 101563 2
S 87364712 306 101573 2
S 87386710 306 101573 2
S 87408709 306 101576 2
S 87430708 306 101566 2
S 87452706 306 101579 2
S 87474705 306 101572 2
S 87496703 306 101576 2
S 87518702 306 101572 2
S 87540701 306 101580 2
S 87562699 306 101567 2
S 87584698 306 101573 2
S 87606697 306 101570 2
S 87628695 305 101568 2
S 87650694 306 101567 2
S 87672692 305 101566 2
S 87694691 306 101574 2
S 87716690 306 101574 2
S 87738688 306 101572 2
S 87760687 306 101573 2
S 87782686 306 101572 2
S 87804684 306 101565 2
S 87826683 306 101573 2
S 87848681 306 101573 2
S 87870680 306 101571 2
S 87892679 306 101576 2
S 87914677 306 101567 2
S 87936676 306 101567 2
S 87958675 306 101561 2
S 87980673 306 101566 2
S 88002672 306 101567 2
S 88024670 305 101565 2
S 88046669 306 101571 2
S 88068668 306 101566 2
S 88090666 306 101570 2
S 88112665 306 101567 2
S 88134664 306 101568 2
S 88156662 306 101562 2
S 88178661 306 101570 2
S 88200659 306 101558 2
S 88222658 306 101570 2
S 88244657 306 101564 2
S 88266655 306 101566 2
S 88288654 306 101556 2
S 88310653 306 101566 2
S 88332651 306 101567 2
S 88354650 306 101570 2
S 88376648 306 101572 2
S 88398647 306 101573 2
S 88420646 306 101566 2
S 88442644 306 101568 2
S 88464643 306 101570 2
S 88486642 306 101573 2
S 88508640 306 101577 2
S 88530639 306 101574 2
S 88552637 306 101578 2
S 88574636 306 101576 2
S 88596635 306 101574 2
S 88618633 306 101573 2
S 88640632 306 101567 2
S 88662631 306 101569 2
S 88684629 306 101578 2
S 88706628 306 101576 2
S 88728626 306 101563 2
S 88750625 306 101573 2
S 88772624 306 101577 2
S 88794622 306 101572 2
S 88816621 306 101573 2
S 88838620 306 101576 2
S 88860618 306 101571 2
S 88882617 306 101566 2
S 88904615 306 101579 2
S 88926614 306 101573 2
S 88948613 306 101574 2
S 88970611 306 101572 2
S 88992610 306 101576 2
S 89014609 306 101572 2
S 89036607 306 101576 2
S 89058606 306 101571 2
S 89080604 306 101566 2
S 89102603 306 101569 2
S 89124602 306 101568 2
S 89146600 306 101574 2
S 89168599 306 101567 2
S 89190598 306 101573 2
S 89212596 306 101571 2
S 89234595 306 101573 2
S 89256593 306 101570 2
S 89278592 306 101577 2
S 89300591 306 101571 2
S 89322589 306 101569 2
S 89344588 306 101567 2
S 89366587 306 101567 2
S 89388585 305 101561 2
S 89410584 306 101566 2
S 89432582 306 101573 2
S 89454581 306 101568 2
S 89476580 306 101570 2
S 89498578 306 101573 2
S 89520577 306 101566 2
S 89542576 306 101567 2
S 89564574 306 101571 2
S 89586573 306 101571 2
S 89608571 306 101566 2
S 89630570 306 101574 2
S 89652569 306 101570 2
S 89674567 306 101573 2
S 89696566 306 101571 2
S 89718565 306 101571 2
S 89740563 306 101563 2
S 89762562 306 101571 2
S 89784560 306 101570 2
S 89806559 306 101571 2
S 89828558 306 101572 2
S 89850556 306 101567 2
S 89872555 306 101573 2
S 89894554 306 101575 2
S 89916552 306 101574 2
S 89938551 306 101574 2
S 89960549 306 101575 2
S 89982548 306 101575 2
S 90004547 306 101574 2
S 90026545 306 101574 2
S 90048544 306 101572 2
S 90070543 306 101573 2
S 90092541 306 101570 2
S 90114540 306 101572 2
S 90136538 306 101570 2
S 90158537 306 101570 2
S 90180536 306 101572 2
S 90202534 305 101558 2
S 90224533 306 101572 2
S 90246532 306 101574 2
S 90268530 306 101576 2
S 90290529 306 101570 2
S 90312527 306 101575 2
S 90334526 306 101567 2
S 90356525 306 101578 2
S 90378523 306 101578 2
S 90400522 306 101576 2
S 90422521 306 101580 2
S 90444519 306 101579 2
S 90466518 306 101578 2
S 90488516 306 101576 2
S 90510515 306 101576 2
S 90532514 306 101571 2
S 90554512 306 101570 2
S 90576511 306 101571 2
S 90598510 306 101572 2
S 90620508 306 101576 2
S 90642507 306 101578 2
S 90664505 306 101576 2
S 90686504 306 101577 2
S 90708503 306 101573 2
S 90730501 306 101571 2
S 90752500 306 101565 2
S 90774499 306 101570 2
S 90796497 306 101572 2
S 90818496 306 101566 2
S 90840494 306 101566 2
S 90862493 306 101573 2
S 90884492 306 101573 2
S 90906490 306 101570 2
S 90928489 306 101566 2
S 90950488 306 101572 2
S 90972486 306 101573 2
S 90994485 306 101569 2
S 91016483 306 101573 2
S 91038482 306 101566 2
S 91060481 306 101568 2
S 91082479 306 101567 2
S 91104478 306 101564 2
S 91126477 306 101568 2
S 91148475 306 101566 2
S 91170474 306 101567 2
S 91192472 306 101573 2
S 91214471 306 101564 2
S 91236470 306 101572 2
S 91258468 306 101573 2
S 91280467 306 101568 2
S 91302466 306 101569 2
S 91324464 306 101573 2
S 91346463 306 101569 2
S 91368461 306 101566 2
S 91390460 306 101560 2
S 91412459 306 101564 2
S 91434457 306 101570 2
S 91456456 306 101571 2
S 91478455 306 101567 2
S 91500453 306 101561 2
S 91522452 306 101575 2
S 91544450 306 101570 2
S 91566449 306 101573 2
S 91588448 306 101575 2
S 91610446 306 101571 2
S 91632445 306 101573 2
S 91654444 306 101568 2
S 91676442 306 101563 2
S 91698441 306 101573 2
S 91720439 306 101570 2
S 91742438 306 101570 2
S 91764437 306 101570 2
S 91786435 306 101569 2
S 91808434 306 101571 2
S 91830433 306 101570 2
S 91852431 306 101569 2
S 91874430 306 101569 2
S 91896428 306 101574 2
S 91918427 306 101573 2
S 91940426 306 101568 2
S 91962424 306 101570 2
S 91984423 306 101564 2
S 92006422 305 101562 2
S 92028420 306 101568 2
S 92050419 306 101574 2
S 92072417 306 101565 2
S 92094416 306 101564 2
S 92116415 306 101564 2
S 92138413 306 101570 2
S 92160412 306 101568 2
S 92182411 306 101573 2
S 92204409 306 101569 2
S 92226408 306 101572 2
S 92248406 306 101573 2
S 92270405 306 101568 2
S 92292404 306 101573 2
S 92314402 306 101568 2
S 92336401 306 101570 2
S 92358400 306 101569 2
S 92380398 306 101573 2
S 92402397 306 101573 2
S 92424395 306 101576 2
S 92446394 306 101567 2
S 92468393 306 101573 2
S 92490391 306 101568 2
S 92512390 306 101567 2
S 92534389 306 101567 2
S 92556387 306 101568 2
S 92578386 306 101564 2
S 92600384 306 101564 2
S 92622383 306 101559 2
S 92644382 306 101573 2
S 92666380 306 101577 2
S 92688379 306 101572 2
S 92710378 306 101565 2
S 92732376 306 101571 2
S 92754375 306 101568 2
S 92776373 306 101566 2
S 92798372 306 101566 2
S 92820371 306 101570 2
S 92842369 306 101560 2
S 92864368 306 101565 2
S 92886367 306 101572 2
S 92908365 306 101569 2
S 92930364 306 101570 2
S 92952362 306 101574 2
S 92974361 306 101572 2
S 92996360 306 101573 2
S 93018358 306 101573 2
S 93040357 306 101576 2
S 93062356 306 101573 2
S 93084354 306 101574 2
S 93106353 306 101576 2
S 93128351 306 101575 2
S 93150350 306 101573 2
S 93172349 306 101565 2
S 93194347 306 101574 2
S 93216346 306 101564 2
S 93238345 306 101570 2
S 93260343 306 101576 2
S 93282342 306 101572 2
S 93304340 306 101582 2
S 93326339 306 101575 2
S 93348338 306 101575 2
S 93370336 306 101575 2
S 93392335 306 101574 2
S 93414334 306 101573 2
S 93436332 306 101576 2
S 93458331 306 101577 2
S 93480329 306 101573 2
S 93502328 306 101576 2
S 93524327 306 101571 2
S 93546325 306 101573 2
S 93568324 306 101572 2
S 93590323 306 101576 2
S 93612321 306 101574 2
S 93634320 306 101570 2
S 93656318 306 101578 2
S 93678317 306 101569 2
S 93700316 306 101576 2
S 93722314 306 101575 2
S 93744313 306 101568 2
S 93766312 306 101575 2
S 93788310 306 101566 2
S 93810309 306 101573 2
S 93832307 306 101572 2
S 93854306 306 101579 2
S 93876305 306 101571 2
S 93898303 306 101572 2
S 93920302 306 101570 2
S 93942301 306 101561 2
S 93964299 306 101571 2
S 93986298 306 101571 2
S 94008296 306 101573 2
S 94030295 306 101572 2
S 94052294 306 101570 2
S 94074292 306 101570 2
S 94096291 306 101573 2
S 94118290 306 101576 2
S 94140288 306 101571 2
S 94162287 306 101575 2
S 94184285 306 101578 2
S 94206284 306 101576 2
S 94228283 306 101576 2
S 94250281 306 101574 2
S 94272280 306 101569 2
S 94294279 305 101564 2
S 94316277 306 101570 2
S 94338276 306 101572 2
S 94360274 306 101568 2
S 94382273 306 101578 2
S 94404272 306 101575 2
S 94426270 306 101571 2
S 94448269 306 101567 2
S 94470268 306 101573 2
S 94492266 306 101568 2
S 94514265 306 101575 2
S 94536263 306 101571 2
S 94558262 306 101576 2
S 94580261 306 101569 2
S 94602259 306 101571 2
S 94624258 306 101568 2
S 94646257 306 101567 2
S 94668255 306 101568 2
S 94690254 306 101572 2
S 94712252 306 101573 2
S 94734251 306 101571 2
S 94756250 306 101560 2
S 94778248 306 101566 2
S 94800247 306 101573 2
S 94822246 306 101566 2
S 94844244 306 101567 2
S 94866243 306 101564 2
S 94888241 306 101567 2
S 94910240 306 101570 2
S 94932239 306 101570 2
S 94954237 306 101568 2
S 94976236 306 101570 2
S 94998235 306 101564 2
S 95020233 306 101570 2
S 95042232 306 101562 2
S 95064230 306 101573 2
S 95086229 306 101570 2
S 95108228 306 101574 2
S 95130226 306 101570 2
S 95152225 306 101571 2
S 95174224 306 101573 2
S 95196222 306 101564 2
S 95218221 306 101572 2
S 95240219 306 101565 2
S 95262218 306 101567 2
S 95284217 306 101568 2
S 95306215 306 101565 2
S 95328214 306 101569 2
S 95350213 306 101578 2
S 95372211 306 101570 2
S 95394210 306 101565 2
S 95416208 306 101570 2
S 95438207 306 101558 2
S 95460206 306 101570 2
S 95482204 306 101571 2
S 95504203 306 101569 2
S 95526202 306 101565 2
S 95548200 306 101566 2
S 95570199 306 101564 2
S 95592197 306 101563 2
S 95614196 306 101565 2
S 95636195 306 101569 2
S 95658193 306 101571 2
S 95680192 306 101570 2
S 95702191 306 101570 2
S 95724189 306 101575 2
S 95746188 306 101573 2
S 95768186 306 101565 2
S 95790185 306 101570 2
S 95812184 306 101570 2
S 95834182 306 101570 2
S 95856181 306 101569 2
S 95878180 306 101570 2
S 95900178 306 101570 2
S 95922177 306 101570 2
S 95944175 306 101565 2
S 95966174 306 101567 2
S 95988173 306 101565 2
S 96010171 306 101560 2
S 96032170 306 101567 2
S 96054169 306 101567 2
S 96076167 306 101562 2
S 96098166 306 101560 2
S 96120164 306 101563 2
S 96142163 306 101563 2
S 96164162 306 101559 2
S 96186160 306 101570 2
S 96208159 306 101562 2
S 96230158 306 101567 2
S 96252156 306 101570 2
S 96274155 306 101563 2
S 96296153 306 101564 2
S 96318152 306 101564 2
S 96340151 306 101570 2
S 96362149 306 101573 2
S 96384148 306 101568 2
S 96406147 306 101573 2
S 96428145 306 101567 2
S 96450144 306 101567 2
S 96472142 306 101567 2
S 96494141 306 101567 2
S 96516140 306 101570 2
S 96538138 306 101566 2
S 96560137 306 101569 2
S 96582136 306 101570 2
S 96604134 306 101564 2
S 96626133 306 101561 2
S 96648131 306 101566 2
S 96670130 306 101572 2
S 96692129 306 101563 2
S 96714127 306 101567 2
S 96736126 306 101563 2
S 96758125 306 101560 2
S 96780123 306 101562 2
S 96802122 306 101571 2
S 96824120 306 101563 2
S 96846119 306 101570 2
S 96868118 306 101570 2
S 96890116 306 101568 2
S 96912115 306 101567 2
S 96934114 306 101567 2
S 96956112 306 101567 2
S 96978111 306 101565 2
S 97000109 306 101563 2
S 97022108 306 101570 2
S 97044107 306 101570 2
S 97066105 306 101569 2
S 97088104 306 101572 2
S 97110103 306 101560 2
S 97132101 306 101564 2
S 97154100 306 101572 2
S 97176098 306 101567 2
S 97198097 306 101566 2
S 97220096 306 101570 2
S 97242094 306 101564 2
S 97264093 306 101566 2
S 97286092 306 101572 2
S 97308090 306 101572 2
S 97330089 306 101559 2
S 97352087 306 101564 2
S 97374086 306 101564 2
S 97396085 306 101567 2
S 97418083 306 101573 2
S 97440082 306 101570 2
S 97462081 306 101573 2
S 97484079 306 101573 2
S 97506078 306 101576 2
S 97528076 306 101573 2
S 97550075 306 101567 2
S 97572074 306 101567 2
S 97594072 306 101568 2
S 97616071 306 101563 2
S 97638070 306 101566 2
S 97660068 306 101566 2
S 97682067 306 101570 2
S 97704065 306 101567 2
S 97726064 306 101570 2
S 97748063 306 101566 2
S 97770061 306 101575 2
S 97792060 306 101567 2
S 97814059 306 101564 2
S 97836057 306 101573 2
S 97858056 306 101573 2
S 97880054 306 101579 2
S 97902053 306 101582 2
S 97924052 306 101570 2
S 97946050 306 101574 2
S 97968049 306 101573 2
S 97990048 306 101571 2
S 98012046 306 101564 2
S 98034045 306 101567 2
S 98056043 306 101563 2
S 98078042 306 101572 2
S 98100041 306 101570 2
S 98122039 306 101561 2
S 98144038 306 101563 2
S 98166037 306 101564 2
S 98188035 306 101565 2
S 98210034 306 101564 2
S 98232032 306 101567 2
S 98254031 306 101567 2
S 98276030 306 101571 2
S 98298028 306 101572 2
S 98320027 306 101570 2
S 98342026 306 101571 2
S 98364024 306 101568 2
S 98386023 306 101569 2
S 98408021 306 101567 2
S 98430020 306 101573 2
S 98452019 306 101581 2
S 98474017 306 101572 2
S 98496016 306 101567 2
S 98518015 306 101565 2
S 98540013 306 101567 2
S 98562012 306 101568 2
S 98584010 306 101567 2
S 98606009 306 101568 2
S 98628008 306 101562 2
S 98650006 306 101569 2
S 98672005 306 101564 2
S 98694004 306 101571 2
S 98716002 306 101570 2
S 98738001 306 101570 2
S 98759999 306 101566 2
S 98781998 306 101564 2
S 98803997 306 101564 2
S 98825995 306 101572 2
S 98847994 306 101565 2
S 98869993 306 101562 2
S 98891991 306 101562 2
S 98913990 306 101564 2
S 98935988 306 101573 2
S 98957987 306 101570 2
S 98979986 306 101570 2
S 99001984 306 101570 2
S 99023983 306 101571 2
S 99045982 306 101570 2
S 99067980 306 101570 2
S 99089979 306 101567 2
S 99111977 306 101570 2
S 99133976 306 101566 2
S 99155975 306 101569 2
S 99177973 306 101565 2
S 99199972 306 101568 2
S 99221971 306 101566 2
S 99243969 306 101571 2
S 99265968 306 101567 2
S 99287966 306 101567 2
S 99309965 306 101564 2
S 99331964 306 101572 2
S 99353962 306 101569 2
S 99375961 306 101566 2
S 99397960 306 101573 2
S 99419958 306 101568 2
S 99441957 306 101567 2
S 99463955 306 101569 2
S 99485954 306 101567 2
S 99507953 306 101567 2
S 99529951 306 101568 2
S 99551950 306 101570 2
S 99573949 306 101572 2
S 99595947 306 101572 2
S 99617946 306 101569 2
S 99639944 306 101570 2
S 99661943 306 101571 2
S 99683942 306 101576 2
S 99705940 306 101573 2
S 99727939 305 101558 2
S 99749938 306 101570 2
S 99771936 306 101573 2
S 99793935 306 101572 2
S 99815933 306 101570 2
S 99837932 306 101575 2
S 99859931 306 101575 2
S 99881929 306 101576 2
S 99903928 306 101570 2
S 99925927 306 101565 2
S 99947925 306 101564 2
S 99969924 306 101559 2
S 99991922 306 101571 2
S 100013921 306 101565 2
S 100035920 306 101572 2
S 100057918 306 101565 2
S 100079917 306 101570 2
S 100101916 306 101575 2
S 100123914 306 101569 2
S 100145913 306 101571 2
S 100167911 306 101565 2
S 100189910 306 101571 2
S 100211909 306 101564 2
S 100233907 306 101567 2
S 100255906 306 101572 2
S 100277905 306 101569 2
S 100299903 306 101573 2
S 100321902 306 101571 2
S 100343900 306 101564 2
S 100365899 306 101562 2
S 100387898 306 101567 2
S 100409896 306 101567 2
S 100431895 306 101565 2
S 100453894 306 101566 2
S 100475892 306 101570 2
S 100497891 306 101562 2
S 100519889 306 101567 2
S 100541888 306 101564 2
S 100563887 306 101559 2
S 100585885 306 101556 2
S 100607884 306 101562 2
S 100629883 306 101561 2
S 100651881 306 101568 2
S 100673880 306 101570 2
S 100695878 306 101565 2
S 100717877 306 101567 2
S 100739876 306 101569 2
S 100761874 306 101570 2
S 100783873 306 101572 2
S 100805872 306 101570 2
S 100827870 306 101564 2
S 100849869 306 101561 2
S 100871867 306 101573 2
S 100893866 306 101570 2
S 100915865 306 101569 2
S 100937863 306 101569 2
S 100959862 306 101564 2
S 100981861 306 101557 2
S 101003859 306 101567 2
S 101025858 306 101571 2
S 101047856 306 101566 2
S 101069855 306 101564 2
S 101091854 306 101568 2
S 101113852 306 101564 2
S 101135851 306 101568 2
S 101157850 306 101570 2
S 101179848 306 101565 2
S 101201847 306 101572 2
S 101223845 306 101569 2
S 101245844 306 101570 2
S 101267843 306 101570 2
S 101289841 306 101570 2
S 101311840 306 101569 2
S 101333839 306 101570 2
S 101355837 306 101563 2
S 101377836 306 101567 2
S 101399834 306 101564 2
S 101421833 306 101568 2
S 101443832 306 101572 2
S 101465830 306 101573 2
S 101487829 306 101564 2
S 101509828 306 101571 2
S 101531826 306 101571 2
S 101553825 306 101567 2
S 101575823 306 101574 2
S 101597822 306 101564 2
S 101619821 306 101571 2
S 101641819 306 101570 2
S 101663818 306 101573 2
S 101685817 306 101573 2
S 101707815 306 101570 2
S 101729814 306 101567 2
S 101751812 306 101565 2
S 101773811 306 101568 2
S 101795810 306 101569 2
S 101817808 306 101569 2
S 101839807 306 101569 2
S 101861806 306 101568 2
S 101883804 306 101565 2
S 101905803 306 101568 2
S 101927801 306 101569 2
S 101949800 306 101565 2
S 101971799 306 101568 2
S 101993797 306 101572 2
S 102015796 306 101564 2
S 102037795 306 101562 2
S 102059793 306 101570 2
S 102081792 306 101569 2
S 102103790 306 101565 2
S 102125789 306 101565 2
S 102147788 306 101571 2
S 102169786 306 101564 2
S 102191785 306 101566 2
S 102213784 306 101558 2
S 102235782 306 101568 2
S 102257781 306 101561 2
S 102279779 306 101562 2
S 102301778 306 101562 2
S 102323777 306 101564 2
S 102345775 306 101568 2
S 102367774 306 101560 2
S 102389773 306 101571 2
S 102411771 306 101565 2
S 102433770 306 101568 2
S 102455768 306 101569 2
S 102477767 306 101569 2
S 102499766 306 101570 2
S 102521764 306 101569 2
S 102543763 306 101562 2
S 102565762 306 101559 2
S 102587760 306 101568 2
S 102609759 306 101567 2
S 102631757 306 101571 2
S 102653756 306 101560 2
S 102675755 306 101570 2
S 102697753 306 101559 2
S 102719752 306 101558 2
S 102741751 306 101568 2
S 102763749 306 101566 2
S 102785748 306 101563 2
S 102807746 306 101568 2
S 102829745 306 101567 2
S 102851744 306 101572 2
S 102873742 306 101567 2
S 102895741 306 101571 2
S 102917740 306 101573 2
S 102939738 306 101562 2
S 102961737 306 101570 2
S 102983735 306 101564 2
S 103005734 306 101574 2
S 103027733 306 101573 2
S 103049731 306 101570 2
S 103071730 306 101566 2
S 103093729 306 101562 2
S 103115727 306 101566 2
S 103137726 306 101568 2
S 103159724 306 101570 2
S 103181723 306 101571 2
S 103203722 306 101568 2
S 103225720 305 101564 2
S 103247719 306 101573 2
S 103269718 306 101571 2
S 103291716 306 101569 2
S 103313715 306 101563 2
S 103335713 306 101564 2
S 103357712 306 101574 2
S 103379711 306 101564 2
S 103401709 306 101567 2
S 103423708 306 101569 2
S 103445707 306 101567 2
S 103467705 306 101575 2
S 103489704 306 101567 2
S 103511702 306 101571 2
S 103533701 306 101570 2
S 103555700 306 101564 2
S 103577698 306 101559 2
S 103599697 306 101562 2
S 103621696 306 101567 2
S 103643694 306 101570 2
S 103665693 306 101570 2
S 103687691 306 101567 2
S 103709690 306 101572 2
S 103731689 306 101570 2
S 103753687 306 101564 2
S 103775686 306 101562 2
S 103797685 306 101559 2
S 103819683 306 101568 2
S 103841682 306 101570 2
S 103863680 306 101567 2
S 103885679 306 101570 2
S 103907678 306 101563 2
S 103929676 306 101567 2
S 103951675 306 101569 2
S 103973674 306 101570 2
S 103995672 306 101571 2
S 104017671 306 101576 2
S 104039669 306 101564 2
S 104061668 306 101570 2
S 104083667 306 101567 2
S 104105665 306 101564 2
S 104127664 306 101565 2
S 104149663 306 101567 2
S 104171661 306 101566 2
S 104193660 306 101567 2
S 104215658 306 101570 2
S 104237657 306 101566 2
S 104259656 306 101571 2
S 104281654 306 101567 2
S 104303653 306 101565 2
S 104325652 306 101562 2
S 104347650 306 101572 2
S 104369649 306 101573 2
S 104391647 306 101566 2
S 104413646 306 101562 2
S 104435645 306 101570 2
S 104457643 306 101566 2
S 104479642 306 101567 2
S 104501641 306 101570 2
S 104523639 306 101570 2
S 104545638 306 101567 2
S 104567636 306 101574 2
S 104589635 306 101578 2
S 104611634 306 101567 2
S 104633632 306 101576 2
S 104655631 306 101566 2
S 104677630 306 101573 2
S 104699628 306 101563 2
S 104721627 306 101567 2
S 104743625 306 101561 2
S 104765624 306 101563 2
S 104787623 306 101566 2
S 104809621 306 101563 2
S 104831620 306 101565 2
S 104853619 306 101561 2
S 104875617 306 101571 2
S 104897616 306 101569 2
S 104919614 306 101564 2
S 104941613 306 101568 2
S 104963612 306 101568 2
S 104985610 306 101569 2
S 105007609 306 101564 2
S 105029608 306 101566 2
S 105051606 306 101562 2
S 105073605 306 101566 2
S 105095603 306 101562 2
S 105117602 306 101569 2
S 105139601 306 101566 2
S 105161599 306 101567 2
S 105183598 306 101576 2
S 105205597 306 101575 2
S 105227595 306 101571 2
S 105249594 306 101574 2
S 105271592 306 101570 2
S 105293591 306 101567 2
S 105315590 306 101567 2
S 105337588 306 101571 2
S 105359587 306 101570 2
S 105381586 306 101563 2
S 105403584 306 101567 2
S 105425583 306 101569 2
S 105447581 306 101568 2
S 105469580 306 101576 2
S 105491579 306 101571 2
S 105513577 306 101573 2
S 105535576 306 101573 2
S 105557575 306 101570 2
S 105579573 306 101574 2
S 105601572 306 101571 2
S 105623570 306 101567 2
S 105645569 306 101570 2
S 105667568 306 101572 2
S 105689566 306 101572 2
S 105711565 306 101570 2
S 105733564 306 101567 2
S 105755562 306 101567 2
S 105777561 306 101569 2
S 105799559 306 101564 2
S 105821558 306 101567 2
S 105843557 306 101568 2
S 105865555 306 101570 2
S 105887554 306 101568 2
S 105909553 306 101570 2
S 105931551 306 101570 2
S 105953550 306 101562 2
S 105975548 306 101563 2
S 105997547 306 101570 2
S 106019546 306 101580 2
S 106041544 306 101570 2
S 106063543 306 101573 2
S 106085542 306 101567 2
S 106107540 306 101567 2
S 106129539 306 101559 2
S 106151537 306 101562 2
S 106173536 306 101566 2
S 106195535 306 101565 2
S 106217533 306 101563 2
S 106239532 306 101566 2
S 106261531 306 101562 2
S 106283529 306 101570 2
S 106305528 306 101570 2
S 106327526 306 101573 2
S 106349525 306 101570 2
S 106371524 306 101569 2
S 106393522 306 101572 2
S 106415521 306 101567 2
S 106437520 306 101570 2
S 106459518 306 101573 2
S 106481517 306 101572 2
S 106503515 306 101570 2
S 106525514 306 101566 2
S 106547513 306 101560 2
S 106569511 306 101571 2
S 106591510 306 101569 2
S 106613509 306 101565 2
S 106635507 306 101574 2
S 106657506 306 101570 2
S 106679504 306 101568 2
S 106701503 306 101570 2
S 106723502 306 101566 2
S 106745500 306 101572 2
S 106767499 306 101567 2
S 106789498 306 101576 2
S 106811496 306 101570 2
S 106833495 306 101570 2
S 106855493 306 101576 2
S 106877492 306 101571 2
S 106899491 306 101573 2
S 106921489 306 101570 2
S 106943488 306 101569 2
S 106965487 306 101568 2
S 106987485 306 101567 2
S 107009484 306 101569 2
S 107031482 306 101570 2
S 107053481 306 101572 2
S 107075480 306 101573 2
S 107097478 306 101575 2
S 107119477 306 101570 2
S 107141476 306 101573 2
S 107163474 306 101573 2
S 107185473 306 101565 2
S 107207471 306 101569 2
S 107229470 306 101572 2
S 107251469 306 101571 2
S 107273467 306 101572 2
S 107295466 306 101571 2
S 107317465 306 101568 2
S 107339463 306 101574 2
S 107361462 306 101568 2
S 107383460 306 101571 2
S 107405459 306 101568 2
S 107427458 306 101566 2
S 107449456 306 101572 2
S 107471455 306 101570 2
S 107493454 306 101570 2
S 107515452 306 101564 2
S 107537451 306 101562 2
S 107559449 306 101572 2
S 107581448 306 101574 2
S 107603447 306 101574 2
S 107625445 306 101571 2
S 107647444 306 101572 2
S 107669443 306 101572 2
S 107691441 306 101570 2
S 107713440 306 101566 2
S 107735438 306 101563 2
S 107757437 306 101569 2
S 107779436 306 101571 2
S 107801434 306 101564 2
S 107823433 306 101563 2
S 107845432 306 101562 2
S 107867430 306 101561 2
S 107889429 306 101567 2
S 107911427 306 101563 2
S 107933426 306 101563 2
S 107955425 306 101570 2
S 107977423 306 101568 2
S 107999422 306 101567 2
S 108021421 306 101562 2
S 108043419 306 101560 2
S 108065418 306 101570 2
S 108087416 306 101567 2
S 108109415 306 101565 2
S 108131414 306 101565 2
S 108153412 306 101562 2
S 108175411 306 101564 2
S 108197410 306 101563 2
S 108219408 306 101564 2
S 108241407 306 101569 2
S 108263405 306 101563 2
S 108285404 306 101569 2
S 108307403 306 101566 2
S 108329401 306 101572 2
S 108351400 306 101558 2
S 108373399 306 101562 2
S 108395397 306 101563 2
S 108417396 306 101568 2
S 108439394 306 101559 2
S 108461393 306 101571 2
S 108483392 306 101566 2
S 108505390 306 101568 2
S 108527389 306 101567 2
S 108549388 306 101567 2
S 108571386 306 101573 2
S 108593385 306 101569 2
S 108615383 306 101570 2
S 108637382 306 101561 2
S 108659381 306 101567 2
S 108681379 306 101567 2
S 108703378 306 101568 2
S 108725377 306 101571 2
S 108747375 306 101573 2
S 108769374 306 101567 2
S 108791372 306 101570 2
S 108813371 306 101567 2
S 108835370 306 101572 2
S 108857368 306 101562 2
S 108879367 306 101570 2
S 108901366 306 101567 2
S 108923364 306 101567 2
S 108945363 306 101567 2
S 108967361 306 101563 2
S 108989360 306 101562 2
S 109011359 306 101569 2
S 109033357 306 101566 2
S 109055356 306 101570 2
S 109077355 306 101567 2
S 109099353 306 101566 2
S 109121352 306 101564 2
S 109143350 306 101573 2
S 109165349 306 101571 2
S 109187348 306 101571 2
S 109209346 306 101570 2
S 109231345 306 101564 2
S 109253344 306 101568 2
S 109275342 306 101566 2
S 109297341 306 101572 2
S 109319339 306 101570 2
S 109341338 306 101571 2
S 109363337 306 101567 2
S 109385335 306 101568 2
S 109407334 306 101570 2
S 109429333 306 101567 2
S 109451331 306 101565 2
S 109473330 306 101569 2
S 109495328 306 101561 2
S 109517327 306 101570 2
S 109539326 306 101562 2
S 109561324 306 101564 2
S 109583323 306 101568 2
S 109605322 306 101566 2
S 109627320 306 101570 2
S 109649319 306 101563 2
S 109671317 306 101565 2
S 109693316 306 101566 2
S 109715315 306 101568 2
S 109737313 306 101570 2
S 109759312 306 101563 2
S 109781311 306 101567 2
S 109803309 306 101566 2
S 109825308 306 101562 2
S 109847306 306 101565 2
S 109869305 306 101569 2
S 109891304 306 101567 2
S 109913302 306 101572 2
S 109935301 306 101571 2
S 109957300 306 101564 2
S 109979298 306 101567 2
S 110001298 306 101572 2
S 110023295 306 101574 2
S 110045294 306 101569 2
S 110067293 306 101577 2
S 110089291 306 101570 2
S 110111290 306 101565 2
S 110133289 306 101568 2
S 110155287 306 101568 2
S 110177286 306 101571 2
S 110199284 306 101569 2
S 110221283 306 101564 2
S 110243282 306 101564 2
S 110265280 306 101564 2
S 110287279 306 101575 2
S 110309278 306 101571 2
S 110331276 306 101573 2
S 110353275 306 101566 2
S 110375273 306 101568 2
S 110397272 306 101565 2
S 110419271 306 101568 2
S 110441269 306 101569 2
S 110463268 306 101564 2
S 110485267 306 101564 2
S 110507265 306 101569 2
S 110529264 306 101570 2
S 110551262 306 101576 2
S 110573261 306 101570 2
S 110595260 306 101572 2
S 110617258 306 101569 2
S 110639257 306 101570 2
S 110661256 306 101568 2
S 110683254 306 101563 2
S 110705253 306 101559 2
S 110727251 306 101561 2
S 110749250 306 101568 2
S 110771249 306 101571 2
S 110793247 306 101562 2
S 110815246 306 101575 2
S 110837245 306 101560 2
S 110859243 306 101571 2
S 110881242 306 101569 2
S 110903240 306 101572 2
S 110925239 306 101570 2
S 110947238 306 101565 2
S 110969236 306 101569 2
S 110991235 306 101569 2
S 111013234 306 101567 2
S 111035232 306 101565 2
S 111057231 306 101567 2
S 111079229 306 101569 2
S 111101228 306 101565 2
S 111123227 306 101566 2
S 111145225 306 101575 2
S 111167224 306 101561 2
S 111189223 306 101567 2
S 111211221 306 101567 2
S 111233220 306 101564 2
S 111255218 306 101569 2
S 111277217 306 101573 2
S 111299216 306 101564 2
S 111321214 306 101566 2
S 111343213 306 101566 2
S 111365212 306 101570 2
S 111387210 306 101564 2
S 111409209 306 101575 2
S 111431207 306 101568 2
S 111453206 306 101571 2
S 111475205 306 101570 2
S 111497203 306 101572 2
S 111519202 306 101573 2
S 111541201 306 101570 2
S 111563199 306 101575 2
S 111585198 306 101570 2
S 111607196 306 101569 2
S 111629195 306 101565 2
S 111651194 306 101579 2
S 111673192 306 101570 2
S 111695191 306 101565 2
S 111717190 306 101562 2
S 111739188 306 101570 2
S 111761187 306 101567 2
S 111783185 306 101569 2
S 111805184 306 101569 2
S 111827183 306 101569 2
S 111849181 306 101562 2
S 111871180 306 101570 2
S 111893179 306 101562 2
S 111915177 306 101570 2
S 111937176 306 101567 2
S 111959174 306 101579 2
S 111981173 306 101565 2
S 112003172 306 101570 2
S 112025170 306 101573 2
S 112047169 306 101569 2
S 112069168 306 101571 2
S 112091166 306 101572 2
S 112113165 306 101568 2
S 112135163 306 101564 2
S 112157162 306 101567 2
S 112179161 306 101570 2
S 112201159 306 101567 2
S 112223158 306 101562 2
S 112245157 306 101568 2
S 112267155 306 101571 2
S 112289154 306 101570 2
S 112311152 306 101566 2
S 112333151 306 101567 2
S 112355150 306 101568 2
S 112377148 306 101566 2
S 112399147 306 101569 2
S 112421146 306 101573 2
S 112443144 306 101565 2
S 112465143 306 101568 2
S 112487141 306 101570 2
S 112509140 306 101567 2
S 112531139 306 101563 2
S 112553137 306 101562 2
S 112575136 306 101566 2
S 112597135 306 101564 2
S 112619133 306 101570 2
S 112641132 306 101568 2
S 112663130 306 101564 2
S 112685129 306 101569 2
S 112707128 306 101573 2
S 112729126 306 101568 2
S 112751125 306 101564 2
S 112773124 306 101569 2
S 112795122 306 101568 2
S 112817121 306 101567 2
S 112839119 306 101567 2
S 112861118 306 101567 2
S 112883117 306 101567 2
S 112905115 306 101570 2
S 112927114 306 101567 2
S 112949113 306 101570 2
S 112971111 306 101567 2
S 112993110 306 101574 2
S 113015108 306 101575 2
S 113037107 306 101569 2
S 113059106 306 101571 2
S 113081104 306 101565 2
S 113103103 306 101572 2
S 113125102 306 101575 2
S 113147100 306 101572 2
S 113169099 306 101573 2
S 113191097 306 101573 2
S 113213096 306 101576 2
S 113235095 306 101573 2
S 113257093 306 101567 2
S 113279092 306 101570 2
S 113301091 306 101566 2
S 113323089 306 101564 2
S 113345088 306 101570 2
S 113367086 306 101570 2
S 113389085 306 101567 2
S 113411084 306 101565 2
S 113433082 306 101559 2
S 113455081 306 101562 2
S 113477080 306 101568 2
S 113499078 306 101569 2
S 113521077 306 101565 2
S 113543075 306 101571 2
S 113565074 306 101567 2
S 113587073 306 101569 2
S 113609071 306 101568 2
S 113631070 306 101575 2
S 113653069 306 101567 2
S 113675067 306 101573 2
S 113697066 306 101570 2
S 113719064 306 101559 2
S 113741063 306 101565 2
S 113763062 306 101564 2
S 113785060 306 101573 2
S 113807059 306 101570 2
S 113829058 306 101568 2
S 113851056 306 101570 2
S 113873055 306 101565 2
S 113895053 306 101571 2
S 113917052 306 101569 2
S 113939051 306 101563 2
S 113961049 306 101567 2
S 113983048 306 101573 2
S 114005047 306 101571 2
S 114027045 306 101564 2
S 114049044 306 101564 2
S 114071042 306 101563 2
S 114093041 306 101564 2
S 114115040 306 101562 2
S 114137038 306 101564 2
S 114159037 306 101561 2
S 114181036 306 101562 2
S 114203034 306 101569 2
S 114225033 306 101566 2
S 114247031 306 101570 2
S 114269030 306 101567 2
S 114291029 306 101567 2
S 114313027 306 101573 2
S 114335026 306 101568 2
S 114357025 306 101570 2
S 114379023 306 101564 2
S 114401022 306 101562 2
S 114423020 306 101570 2
S 114445019 306 101565 2
S 114467018 306 101569 2
S 114489016 306 101568 2
S 114511015 306 101567 2
S 114533014 306 101569 2
S 114555012 306 101567 2
S 114577011 306 101567 2
S 114599009 306 101567 2
S 114621008 306 101564 2
S 114643007 306 101569 2
S 114665005 306 101571 2
S 114687004 306 101572 2
S 114709003 306 101570 2
S 114731001 306 101576 2
S 114753000 306 101573 2
S 114774998 306 101571 2
S 114796997 306 101570 2
S 114818996 306 101573 2
S 114840994 306 101570 2
S 114862993 306 101568 2
S 114884992 306 101571 2
S 114906990 306 101569 2
S 114928989 306 101571 2
S 114950987 306 101569 2
S 114972986 306 101570 2
S 114994985 306 101564 2
S 115016983 306 101567 2
S 115038982 306 101570 2
S 115060981 306 101566 2
S 115082979 306 101567 2
S 115104978 306 101570 2
S 115126976 306 101567 2
S 115148975 306 101567 2
S 115170974 306 101570 2
S 115192972 306 101572 2
S 115214971 306 101574 2
S 115236970 306 101573 2
S 115258968 306 101570 2
S 115280967 306 101566 2
S 115302965 306 101566 2
S 115324964 306 101574 2
S 115346963 306 101573 2
S 115368961 306 101575 2
S 115390960 306 101572 2
S 115412959 306 101565 2
S 115434957 306 101571 2
S 115456956 306 101572 2
S 115478954 306 101571 2
S 115500953 306 101573 2
S 115522952 306 101564 2
S 115544950 306 101564 2
S 115566949 306 101575 2
S 115588948 306 101567 2
S 115610946 306 101569 2
S 115632945 306 101573 2
S 115654943 306 101564 2
S 115676942 306 101567 2
S 115698941 306 101574 2
S 115720939 306 101567 2
S 115742938 306 101571 2
S 115764937 306 101571 2
S 115786935 306 101573 2
S 115808934 306 101567 2
S 115830932 306 101569 2
S 115852931 306 101572 2
S 115874930 306 101566 2
S 115896928 306 101570 2
S 115918927 306 101567 2
S 115940926 306 101569 2
S 115962924 306 101562 2
S 115984923 306 101566 2
S 116006921 306 101570 2
S 116028920 306 101571 2
S 116050919 306 101563 2
S 116072917 306 101564 2
S 116094916 306 101570 2
S 116116915 306 101565 2
S 116138913 306 101567 2
S 116160912 306 101568 2
S 116182910 306 101568 2
S 116204909 306 101563 2
S 116226908 306 101568 2
S 116248906 306 101567 2
S 116270905 306 101566 2
S 116292904 306 101561 2
S 116314902 306 101563 2
S 116336901 306 101564 2
S 116358899 306 101568 2
S 116380898 306 101568 2
S 116402897 306 101574 2
S 116424895 306 101568 2
S 116446894 306 101565 2
S 116468893 306 101575 2
S 116490891 306 101570 2
S 116512890 306 101578 2
S 116534888 306 101568 2
S 116556887 306 101573 2
S 116578886 306 101570 2
S 116600884 306 101567 2
S 116622883 306 101562 2
S 116644882 306 101563 2
S 116666880 306 101568 2
S 116688879 306 101569 2
S 116710877 306 101564 2
S 116732876 306 101570 2
S 116754875 306 101570 2
S 116776873 306 101579 2
S 116798872 305 101559 2
S 116820871 306 101571 2
S 116842869 306 101566 2
S 116864868 306 101563 2
S 116886866 306 101574 2
S 116908865 306 101567 2
S 116930864 306 101569 2
S 116952862 306 101572 2
S 116974861 306 101569 2
S 116996860 306 101572 2
S 117018858 306 101572 2
S 117040857 306 101574 2
S 117062855 306 101567 2
S 117084854 306 101563 2
S 117106853 306 101559 2
S 117128851 306 101567 2
S 117150850 306 101563 2
S 117172849 306 101567 2
S 117194847 306 101573 2
S 117216846 306 101570 2
S 117238844 306 101564 2
S 117260843 306 101563 2
S 117282842 306 101562 2
S 117304840 306 101564 2
S 117326839 306 101575 2
S 117348838 306 101568 2
S 117370836 306 101565 2
S 117392835 306 101576 2
S 117414833 306 101565 2
S 117436832 306 101565 2
S 117458831 306 101565 2
S 117480829 306 101557 2
S 117502828 306 101567 2
S 117524827 306 101568 2
S 117546825 306 101569 2
S 117568824 306 101571 2
S 117590822 306 101573 2
S 117612821 306 101570 2
S 117634820 306 101568 2
S 117656818 306 101572 2
S 117678817 306 101571 2
S 117700816 306 101567 2
S 117722814 306 101566 2
S 117744813 306 101576 2
S 117766811 306 101572 2
S 117788810 306 101569 2
S 117810809 306 101562 2
S 117832807 306 101570 2
S 117854806 306 101572 2
S 117876805 306 101569 2
S 117898803 306 101566 2
S 117920802 306 101573 2
S 117942800 306 101568 2
S 117964799 306 101567 2
S 117986798 306 101570 2
S 118008796 306 101567 2
S 118030795 306 101570 2
S 118052794 306 101561 2
S 118074792 306 101568 2
S 118096791 306 101562 2
S 118118789 306 101567 2
S 118140788 306 101556 2
S 118162787 306 101573 2
S 118184785 306 101566 2
S 118206784 306 101564 2
S 118228783 306 101566 2
S 118250781 306 101569 2
S 118272780 306 101564 2
S 118294778 306 101559 2
S 118316777 306 101563 2
S 118338776 306 101561 2
S 118360774 306 101562 2
S 118382773 306 101570 2
S 118404772 306 101570 2
S 118426770 306 101559 2
S 118448769 306 101564 2
S 118470767 306 101568 2
S 118492766 306 101563 2
S 118514765 306 101571 2
S 118536763 306 101559 2
S 118558762 306 101562 2
S 118580761 306 101564 2
S 118602759 306 101562 2
S 118624758 306 101564 2
S 118646756 306 101565 2
S 118668755 306 101567 2
S 118690754 306 101567 2
S 118712752 306 101570 2
S 118734751 306 101572 2
S 118756750 306 101574 2
S 118778748 306 101570 2
S 118800747 306 101573 2
S 118822745 306 101573 2
S 118844744 306 101574 2
S 118866743 306 101568 2
S 118888741 306 101567 2
S 118910740 306 101569 2
S 118932739 306 101574 2
S 118954737 306 101573 2
S 118976736 306 101571 2
S 118998734 306 101568 2
S 119020733 306 101573 2
S 119042732 306 101573 2
S 119064730 306 101570 2
S 119086729 306 101569 2
S 119108728 306 101566 2
S 119130726 306 101572 2
S 119152725 306 101576 2
S 119174723 306 101570 2
S 119196722 306 101573 2
S 119218721 306 101564 2
S 119240719 306 101573 2
S 119262718 306 101574 2
S 119284717 306 101567 2
S 119306715 306 101567 2
S 119328714 306 101571 2
S 119350712 306 101575 2
S 119372711 306 101572 2
S 119394710 306 101568 2
S 119416708 306 101564 2
S 119438707 306 101572 2
S 119460706 306 101567 2
S 119482704 306 101562 2
S 119504703 306 101562 2
S 119526701 306 101567 2
S 119548700 306 101572 2
S 119570699 306 101575 2
S 119592697 306 101573 2
S 119614696 306 101574 2
S 119636695 306 101573 2
S 119658693 306 101573 2
S 119680692 306 101575 2
S 119702690 306 101576 2
S 119724689 306 101574 2
S 119746688 306 101573 2
S 119768686 306 101568 2
S 119790685 306 101571 2
S 119812684 306 101572 2
S 119834682 306 101568 2
S 119856681 306 101572 2
S 119878679 306 101565 2
S 119900678 306 101564 2
S 119922677 306 101570 2
S 119944675 306 101563 2
S 119966674 306 101563 2
S 119988673 306 101568 2
S 120010671 306 101562 2
S 120032670 306 101574 2
S 120054668 306 101573 2
S 120076667 306 101577 2
