# capture_start_utc=2026-08-05T12:14:13Z
S 9039607 305 101688 1
S 9053606 305 101681 1
S 9067606 305 101683 1
S 9081605 305 101681 1
S 9095604 305 101678 1
S 9109603 305 101688 1
S 9123602 305 101683 1
S 9137601 305 101686 1
S 9151600 305 101680 1
S 9165599 305 101685 1
S 9179599 305 101687 1
[[DEBUG]] Starting [[SENSOR TASK]]
[SELFTEST] compensate: T=150 (exp 150)  P=69964 (exp 69964)  -> PASS
#BMP180 v1 fw=1.2.0 temp_ms=0
[[DEBUG]] BMP180 registered on /dev/bmp180-0
S 65168 305 101692 0
S 76168 305 101681 0
S 87167 305 101695 0
S 98166 305 101686 0
S 109166 305 101683 0
S 120165 305 101681 0
S 131164 305 101686 0
S 142163 305 101692 0
S 153163 305 101683 0
S 164162 305 101689 0
S 175161 305 101675 0
S 186161 305 101686 0
S 197160 305 101689 0
S 208159 305 101698 0
S 219159 305 101689 0
S 230158 305 101692 0
S 241157 305 101683 0
S 252157 305 101681 0
S 263156 305 101686 0
S 274155 305 101683 0
S 285155 305 101683 0
S 296154 305 101686 0
S 307153 305 101686 0
S 318152 305 101683 0
S 329152 305 101686 0
S 340151 305 101681 0
S 351150 305 101686 0
S 362150 305 101681 0
S 373149 305 101681 0
S 384148 305 101678 0
S 395148 305 101686 0
S 406147 305 101689 0
S 417146 305 101681 0
S 428146 305 101686 0
S 439145 305 101683 0
S 450144 305 101675 0
S 461144 305 101683 0
S 472143 305 101681 0
S 483142 305 101683 0
S 494141 305 101683 0
S 505141 305 101686 0
S 516140 305 101675 0
S 527139 305 101681 0
S 538139 305 101681 0
S 549138 305 101695 0
S 560137 305 101686 0
S 571137 305 101681 0
S 582136 305 101683 0
S 593135 305 101678 0
S 604135 305 101683 0
S 615134 305 101678 0
S 626133 305 101683 0
S 637133 305 101686 0
S 648132 305 101681 0
S 659131 305 101686 0
S 670130 305 101683 0
S 681130 305 101675 0
S 692129 305 101686 0
S 703128 305 101686 0
S 714128 305 101683 0
S 725127 305 101681 0
S 736126 305 101681 0
S 747126 305 101686 0
S 758125 305 101678 0
S 769124 305 101692 0
S 780124 305 101686 0
S 791123 305 101686 0
S 802122 305 101683 0
S 813122 305 101695 0
S 824121 305 101686 0
S 835120 305 101683 0
S 846119 305 101686 0
S 857119 305 101695 0
S 868118 305 101692 0
S 879117 305 101686 0
S 890117 305 101683 0
S 901116 305 101678 0
S 912115 305 101683 0
S 923115 305 101681 0
S 934114 305 101681 0
S 945113 305 101678 0
S 956113 305 101678 0
S 967112 305 101683 0
S 978111 305 101689 0
S 989111 305 101686 0
S 1000110 305 101678 0
S 1011109 305 101686 0
S 1022108 305 101683 0
S 1033108 305 101689 0
S 1044107 305 101686 0
S 1055106 305 101683 0
S 1066106 305 101686 0
S 1077105 305 101681 0
S 1088104 305 101683 0
S 1099104 305 101683 0
S 1110103 305 101692 0
S 1121102 305 101695 0
S 1132102 305 101686 0
S 1143101 305 101686 0
S 1154100 305 101681 0
S 1165100 305 101678 0
S 1176099 305 101689 0
S 1187098 305 101683 0
S 1198097 305 101678 0
S 1209097 305 101681 0
S 1220096 305 101686 0
S 1231095 305 101689 0
S 1242095 305 101683 0
S 1253094 305 101686 0
S 1264093 305 101689 0
S 1275093 305 101689 0
S 1286092 305 101686 0
S 1297091 305 101689 0
S 1308091 305 101686 0
S 1319090 305 101683 0
S 1330089 305 101683 0
S 1341089 305 101683 0
S 1352088 305 101678 0
S 1363087 305 101681 0
S 1374086 305 101681 0
S 1385086 305 101678 0
S 1396085 305 101678 0
S 1407084 305 101678 0
S 1418084 305 101681 0
S 1429083 305 101675 0
S 1440082 305 101683 0
S 1451082 305 101686 0
S 1462081 305 101678 0
S 1473080 305 101678 0
S 1484080 305 101675 0
S 1495079 305 101678 0
S 1506078 305 101686 0
S 1517078 305 101675 0
S 1528077 305 101675 0
S 1539076 305 101686 0
S 1550075 305 101678 0
S 1561075 305 101681 0
S 1572074 305 101683 0
S 1583073 305 101678 0
S 1594073 305 101675 0
S 1605072 305 101678 0
S 1616071 305 101683 0
S 1627071 305 101681 0
S 1638070 305 101686 0
S 1649069 305 101683 0
S 1660069 305 101681 0
S 1671068 305 101686 0
S 1682067 305 101686 0
S 1693067 305 101683 0
S 1704066 305 101689 0
S 1715065 305 101681 0
S 1726064 305 101692 0
S 1737064 305 101686 0
S 1748063 305 101692 0
S 1759062 305 101686 0
S 1770062 305 101689 0
S 1781061 305 101686 0
S 1792060 305 101686 0
S 1803060 305 101686 0
S 1814059 305 101692 0
S 1825058 305 101686 0
S 1836058 305 101681 0
S 1847057 305 101686 0
S 1858056 305 101686 0
S 1869056 305 101695 0
S 1880055 305 101686 0
S 1891054 305 101678 0
S 1902053 305 101683 0
S 1913053 305 101686 0
S 1924052 305 101686 0
S 1935051 305 101678 0
S 1946051 305 101686 0
S 1957050 305 101686 0
S 1968049 305 101686 0
S 1979049 305 101681 0
S 1990048 305 101686 0
S 2001048 305 101683 0
S 2012047 305 101683 0
S 2023046 305 101681 0
S 2034045 305 101683 0
S 2045045 305 101692 0
S 2056044 305 101678 0
S 2067043 305 101686 0
S 2078042 305 101681 0
S 2089042 305 101681 0
S 2100041 305 101683 0
S 2111040 305 101683 0
S 2122040 305 101683 0
S 2133039 305 101678 0
S 2144038 305 101686 0
S 2155038 305 101692 0
S 2166037 305 101686 0
S 2177036 305 101683 0
S 2188036 305 101683 0
S 2199035 305 101683 0
S 2210034 305 101686 0
S 2221034 305 101681 0
S 2232033 305 101686 0
S 2243032 305 101689 0
S 2254031 305 101692 0
S 2265031 305 101695 0
S 2276030 305 101692 0
S 2287029 305 101683 0
S 2298029 305 101683 0
S 2309028 305 101686 0
S 2320027 305 101686 0
S 2331027 305 101683 0
S 2342026 305 101686 0
S 2353025 305 101689 0
S 2364025 305 101678 0
S 2375024 305 101698 0
S 2386023 305 101683 0
S 2397023 305 101678 0
S 2408022 305 101686 0
S 2419021 305 101675 0
S 2430020 305 101672 0
S 2441020 305 101678 0
S 2452019 305 101678 0
S 2463018 305 101686 0
S 2474018 305 101686 0
S 2485017 305 101675 0
S 2496016 305 101678 0
S 2507016 305 101683 0
S 2518015 305 101675 0
S 2529014 305 101675 0
S 2540014 305 101672 0
S 2551013 305 101678 0
S 2562012 305 101686 0
S 2573012 305 101683 0
S 2584011 305 101678 0
S 2595010 305 101689 0
S 2606009 305 101678 0
S 2617009 305 101686 0
S 2628008 305 101681 0
S 2639007 305 101678 0
S 2650007 305 101689 0
S 2661006 305 101683 0
S 2672005 305 101686 0
S 2683005 305 101689 0
S 2694004 305 101686 0
S 2705003 305 101695 0
S 2716003 305 101686 0
S 2727002 305 101698 0
S 2738001 305 101686 0
S 2749001 305 101683 0
S 2760000 305 101689 0
S 2770999 305 101686 0
S 2781998 305 101695 0
S 2792998 305 101686 0
S 2803997 305 101686 0
S 2814996 305 101689 0
S 2825996 305 101695 0
S 2836995 305 101692 0
S 2847994 305 101692 0
S 2858994 305 101683 0
S 2869993 305 101689 0
S 2880992 305 101686 0
S 2891992 305 101689 0
S 2902991 305 101686 0
S 2913990 305 101681 0
S 2924990 305 101683 0
S 2935989 305 101686 0
S 2946988 305 101686 0
S 2957987 305 101681 0
S 2968987 305 101681 0
S 2979986 305 101683 0
S 2990985 305 101686 0
S 3001985 305 101686 0
S 3012984 305 101686 0
S 3023983 305 101678 0
S 3034983 305 101686 0
S 3045982 305 101672 0
S 3056981 305 101683 0
S 3067981 305 101672 0
S 3078980 305 101672 0
S 3089979 305 101678 0
S 3100979 305 101683 0
S 3111978 305 101681 0
S 3122977 305 101681 0
S 3133976 305 101683 0
S 3144976 305 101686 0
S 3155975 305 101683 0
S 3166974 305 101678 0
S 3177974 305 101683 0
S 3188973 305 101689 0
S 3199972 305 101683 0
S 3210972 305 101689 0
S 3221971 305 101686 0
S 3232970 305 101683 0
S 3243970 305 101686 0
S 3254969 305 101683 0
S 3265968 305 101689 0
S 3276968 305 101689 0
S 3287967 305 101689 0
S 3298966 305 101672 0
S 3309965 305 101678 0
S 3320965 305 101686 0
S 3331964 305 101681 0
S 3342963 305 101683 0
S 3353963 305 101683 0
S 3364962 305 101681 0
S 3375961 305 101689 0
S 3386961 305 101689 0
S 3397960 305 101681 0
S 3408959 305 101686 0
S 3419959 305 101689 0
S 3430958 305 101681 0
S 3441957 305 101686 0
S 3452957 305 101683 0
S 3463956 305 101683 0
S 3474955 305 101683 0
S 3485954 305 101686 0
S 3496954 305 101683 0
S 3507953 305 101686 0
S 3518952 305 101678 0
S 3529952 305 101683 0
S 3540951 305 101686 0
S 3551950 305 101681 0
S 3562950 305 101686 0
S 3573949 305 101683 0
S 3584948 305 101695 0
S 3595948 305 101681 0
S 3606947 305 101689 0
S 3617946 305 101689 0
S 3628946 305 101686 0
S 3639945 305 101686 0
S 3650944 305 101689 0
S 3661943 305 101678 0
S 3672943 305 101678 0
S 3683942 305 101686 0
S 3694941 305 101689 0
S 3705941 305 101683 0
S 3716940 305 101683 0
S 3727939 305 101695 0
S 3738939 305 101683 0
S 3749938 305 101689 0
S 3760937 305 101689 0
S 3771937 305 101683 0
S 3782936 305 101695 0
S 3793935 305 101686 0
S 3804935 305 101692 0
S 3815934 305 101683 0
S 3826933 305 101686 0
S 3837932 305 101683 0
S 3848932 305 101683 0
S 3859931 305 101681 0
S 3870930 305 101686 0
S 3881930 305 101678 0
S 3892929 305 101686 0
S 3903928 305 101681 0
S 3914928 305 101678 0
S 3925927 305 101686 0
S 3936926 305 101683 0
S 3947926 305 101683 0
S 3958925 305 101692 0
S 3969924 305 101683 0
S 3980924 305 101686 0
S 3991923 305 101689 0
S 4002922 305 101683 0
S 4013921 305 101689 0
S 4024921 305 101683 0
S 4035920 305 101686 0
S 4046919 305 101683 0
S 4057919 305 101686 0
S 4068918 305 101695 0
S 4079917 305 101692 0
S 4090917 305 101689 0
S 4101916 305 101689 0
S 4112915 305 101681 0
S 4123915 305 101686 0
S 4134914 305 101695 0
S 4145913 305 101686 0
S 4156913 305 101686 0
S 4167912 305 101692 0
S 4178911 305 101695 0
S 4189910 305 101692 0
S 4200910 305 101698 0
S 4211909 305 101686 0
S 4222908 305 101689 0
S 4233908 305 101683 0
S 4244907 305 101689 0
S 4255906 305 101683 0
S 4266906 305 101678 0
S 4277905 305 101689 0
S 4288904 305 101686 0
S 4299904 305 101695 0
S 4310903 305 101695 0
S 4321902 305 101698 0
S 4332902 305 101686 0
S 4343901 305 101695 0
S 4354900 305 101695 0
S 4365899 305 101686 0
S 4376899 305 101692 0
S 4387898 305 101686 0
S 4398897 305 101686 0
S 4409897 305 101692 0
S 4420896 305 101686 0
S 4431895 305 101689 0
S 4442895 305 101689 0
S 4453894 305 101692 0
S 4464893 305 101695 0
S 4475893 305 101698 0
S 4486892 305 101686 0
S 4497891 305 101689 0
S 4508891 305 101695 0
S 4519890 305 101686 0
S 4530889 305 101686 0
S 4541888 305 101681 0
S 4552888 305 101695 0
S 4563887 305 101686 0
S 4574886 305 101689 0
S 4585886 305 101686 0
S 4596885 305 101689 0
S 4607884 305 101686 0
S 4618884 305 101695 0
S 4629883 305 101686 0
S 4640882 305 101695 0
S 4651882 305 101692 0
S 4662881 305 101689 0
S 4673880 305 101686 0
S 4684880 305 101689 0
S 4695879 305 101683 0
S 4706878 305 101686 0
S 4717877 305 101698 0
S 4728877 305 101695 0
S 4739876 305 101689 0
S 4750875 305 101683 0
S 4761875 305 101695 0
S 4772874 305 101686 0
S 4783873 305 101689 0
S 4794873 305 101686 0
S 4805872 305 101686 0
S 4816871 305 101686 0
S 4827871 305 101686 0
S 4838870 305 101686 0
S 4849869 305 101692 0
S 4860869 305 101686 0
S 4871868 305 101686 0
S 4882867 305 101686 0
S 4893866 305 101686 0
S 4904866 305 101695 0
S 4915865 305 101675 0
S 4926864 305 101678 0
S 4937864 305 101681 0
S 4948863 305 101678 0
S 4959862 305 101683 0
S 4970862 305 101686 0
S 4981861 305 101678 0
S 4992860 305 101678 0
S 5003860 305 101683 0
S 5014859 305 101686 0
S 5025858 305 101686 0
S 5036858 305 101678 0
S 5047857 305 101683 0
S 5058856 305 101686 0
S 5069855 305 101678 0
S 5080855 305 101686 0
S 5091854 305 101672 0
S 5102853 305 101678 0
S 5113853 305 101672 0
S 5124852 305 101683 0
S 5135851 305 101681 0
S 5146851 305 101678 0
S 5157850 305 101681 0
S 5168849 305 101686 0
S 5179849 305 101681 0
S 5190848 305 101681 0
S 5201847 305 101678 0
S 5212847 305 101681 0
S 5223846 305 101686 0
S 5234845 305 101686 0
S 5245844 305 101683 0
S 5256844 305 101686 0
S 5267843 305 101678 0
S 5278842 305 101686 0
S 5289842 305 101686 0
S 5300841 305 101683 0
S 5311840 305 101689 0
S 5322840 305 101695 0
S 5333839 305 101681 0
S 5344838 305 101686 0
S 5355838 305 101695 0
S 5366837 305 101686 0
S 5377836 305 101689 0
S 5388836 305 101686 0
S 5399835 305 101686 0
S 5410834 305 101695 0
S 5421833 305 101686 0
S 5432833 305 101689 0
S 5443832 305 101686 0
S 5454831 305 101686 0
S 5465831 305 101686 0
S 5476830 305 101689 0
S 5487829 305 101678 0
S 5498829 305 101686 0
S 5509828 305 101681 0
S 5520827 305 101689 0
S 5531827 305 101692 0
S 5542826 305 101686 0
S 5553825 305 101686 0
S 5609822 305 101687 1
S 5623821 305 101693 1
S 5637820 305 101678 1
S 5651819 305 101681 1
S 5665818 305 101687 1
S 5679817 305 101677 1
S 5693816 305 101681 1
S 5707816 305 101680 1
S 5721815 305 101678 1
S 5735814 305 101679 1
S 5749813 305 101687 1
S 5763812 305 101683 1
S 5777811 305 101683 1
S 5791810 305 101683 1
S 5805809 305 101681 1
S 5819809 305 101686 1
S 5833808 305 101687 1
S 5847807 305 101678 1
S 5861806 305 101685 1
S 5875805 305 101682 1
S 5889804 305 101686 1
S 5903803 305 101686 1
S 5917802 305 101687 1
S 5931802 305 101678 1
S 5945801 305 101683 1
S 5959800 305 101681 1
S 5973799 305 101689 1
S 5987798 305 101683 1
S 6001797 305 101689 1
S 6015796 305 101681 1
S 6029795 305 101683 1
S 6043795 305 101692 1
S 6057794 305 101680 1
S 6071793 305 101694 1
S 6085792 305 101691 1
S 6099791 305 101695 1
S 6113790 305 101687 1
S 6127789 305 101691 1
S 6141788 305 101687 1
S 6155788 305 101683 1
S 6169787 305 101693 1
S 6183786 305 101686 1
S 6197785 305 101681 1
S 6211784 305 101683 1
S 6225783 305 101682 1
S 6239782 305 101686 1
S 6253781 305 101683 1
S 6267781 305 101682 1
S 6281780 305 101686 1
S 6295779 305 101681 1
S 6309778 305 101678 1
S 6323777 305 101680 1
S 6337776 305 101680 1
S 6351775 305 101678 1
S 6365774 305 101686 1
S 6379774 305 101685 1
S 6393773 305 101682 1
S 6407772 305 101681 1
S 6421771 305 101686 1
S 6435770 305 101687 1
S 6449769 305 101687 1
S 6463768 305 101681 1
S 6477767 305 101686 1
S 6491767 305 101681 1
S 6505766 305 101680 1
S 6519765 305 101680 1
S 6533764 305 101685 1
S 6547763 305 101682 1
S 6561762 305 101683 1
S 6575761 305 101683 1
S 6589760 305 101691 1
S 6603760 305 101686 1
S 6617759 305 101680 1
S 6631758 305 101681 1
S 6645757 305 101681 1
S 6659756 305 101681 1
S 6673755 305 101683 1
S 6687754 305 101694 1
S 6701753 305 101692 1
S 6715753 305 101689 1
S 6729752 305 101685 1
S 6743751 305 101685 1
S 6757750 305 101693 1
S 6771749 305 101683 1
S 6785748 305 101675 1
S 6799747 305 101680 1
S 6813746 305 101683 1
S 6827746 305 101688 1
S 6841745 305 101685 1
S 6855744 305 101683 1
S 6869743 305 101683 1
S 6883742 305 101685 1
S 6897741 305 101683 1
S 6911740 305 101683 1
S 6925739 305 101681 1
S 6939739 305 101681 1
S 6953738 305 101689 1
S 6967737 305 101683 1
S 6981736 305 101688 1
S 6995735 305 101683 1
S 7009734 305 101691 1
S 7023733 305 101689 1
S 7037732 305 101682 1
S 7051732 305 101683 1
S 7065731 305 101688 1
S 7079730 305 101686 1
S 7093729 305 101680 1
S 7107728 305 101688 1
S 7121727 305 101683 1
S 7135726 305 101692 1
S 7149725 305 101691 1
S 7163725 305 101685 1
S 7177724 305 101686 1
S 7191723 305 101687 1
S 7205722 305 101686 1
S 7219721 305 101683 1
S 7233720 305 101681 1
S 7247719 305 101685 1
S 7261718 305 101689 1
S 7275718 305 101686 1
S 7289717 305 101685 1
S 7303716 305 101697 1
S 7317715 305 101691 1
S 7331714 305 101683 1
S 7345713 305 101685 1
S 7359712 305 101685 1
S 7373711 305 101682 1
S 7387711 305 101682 1
S 7401710 305 101681 1
S 7415709 305 101675 1
S 7429708 305 101692 1
S 7443707 305 101686 1
S 7457706 305 101685 1
S 7471705 305 101681 1
S 7485704 305 101681 1
S 7499704 305 101678 1
S 7513703 305 101685 1
S 7527702 305 101680 1
S 7541701 305 101683 1
S 7555700 305 101683 1
S 7569699 305 101691 1
S 7583698 305 101683 1
S 7597697 305 101697 1
S 7611697 305 101689 1
S 7625696 305 101687 1
S 7639695 305 101691 1
S 7653694 305 101692 1
S 7667693 305 101685 1
S 7681692 305 101688 1
S 7695691 305 101681 1
S 7709690 305 101687 1
S 7723690 305 101681 1
S 7737689 305 101682 1
S 7751688 305 101685 1
S 7765687 305 101680 1
S 7779686 305 101678 1
S 7793685 305 101683 1
S 7807684 305 101681 1
S 7821683 305 101678 1
S 7835683 305 101680 1
S 7849682 305 101678 1
S 7863681 305 101675 1
S 7877680 305 101688 1
S 7891679 305 101683 1
S 7905678 305 101680 1
S 7919677 305 101681 1
S 7933676 305 101683 1
S 7947676 305 101688 1
S 7961675 305 101675 1
S 7975674 305 101680 1
S 7989673 305 101678 1
S 8003672 305 101675 1
S 8017671 305 101682 1
S 8031670 305 101678 1
S 8045669 305 101682 1
S 8059669 305 101677 1
S 8073668 305 101678 1
S 8087667 305 101677 1
S 8101666 305 101674 1
S 8115665 305 101678 1
S 8129664 305 101675 1
S 8143663 305 101675 1
S 8157662 305 101678 1
S 8171662 305 101686 1
S 8185661 305 101680 1
S 8199660 305 101680 1
S 8213659 305 101680 1
S 8227658 305 101689 1
S 8241657 305 101688 1
S 8255656 305 101682 1
S 8269655 305 101678 1
S 8283655 305 101685 1
S 8297654 305 101678 1
S 8311653 305 101685 1
S 8325652 305 101689 1
S 8339651 305 101678 1
S 8353650 305 101685 1
S 8367649 305 101677 1
S 8381648 305 101680 1
S 8395648 305 101678 1
S 8409647 305 101680 1
S 8423646 305 101678 1
S 8437645 305 101683 1
S 8451644 305 101685 1
S 8465643 305 101682 1
S 8479642 305 101683 1
S 8493641 305 101680 1
S 8507641 305 101683 1
S 8521640 305 101685 1
S 8535639 305 101678 1
S 8549638 305 101689 1
S 8563637 305 101681 1
S 8577636 305 101686 1
S 8591635 305 101686 1
S 8605634 305 101680 1
S 8619634 305 101681 1
S 8633633 305 101681 1
S 8647632 305 101685 1
S 8661631 305 101682 1
S 8675630 305 101680 1
S 8689629 305 101691 1
S 8703628 305 101686 1
S 8717627 305 101678 1
S 8731627 305 101678 1
S 8745626 305 101678 1
S 8759625 305 101688 1
S 8773624 305 101688 1
S 8787623 305 101685 1
S 8801622 305 101675 1
S 8815621 305 101681 1
S 8829620 305 101686 1
S 8843620 305 101694 1
S 8857619 305 101680 1
S 8871618 305 101677 1
S 8885617 305 101681 1
S 8899616 305 101681 1
S 8913615 305 101681 1
S 8927614 305 101675 1
S 8941613 305 101674 1
S 8955613 305 101677 1
S 8969612 305 101680 1
S 8983611 305 101680 1
S 8997610 305 101689 1
S 9011609 305 101685 1
S 9025608 305 101680 1
S 9039607 305 101678 1
S 9053606 305 101678 1
S 9067606 305 101674 1
S 9081605 305 101686 1
S 9095604 305 101681 1
S 9109603 305 101678 1
S 9123602 305 101683 1
S 9137601 305 101683 1
S 9151600 305 101682 1
S 9165599 305 101678 1
S 9179599 305 101694 1
S 9193598 305 101689 1
S 9207597 305 101691 1
S 9221596 305 101686 1
S 9235595 305 101680 1
S 9249594 305 101678 1
S 9263593 305 101683 1
S 9277592 305 101686 1
S 9291592 305 101678 1
S 9305591 305 101677 1
S 9319590 305 101680 1
S 9333589 305 101688 1
S 9347588 305 101682 1
S 9361587 305 101683 1
S 9375586 305 101675 1
S 9389585 305 101680 1
S 9403585 305 101674 1
S 9417584 305 101674 1
S 9431583 305 101680 1
S 9445582 305 101681 1
S 9459581 305 101681 1
S 9473580 305 101677 1
S 9487579 305 101677 1
S 9501578 305 101688 1
S 9515578 305 101674 1
S 9529577 305 101680 1
S 9543576 305 101674 1
S 9557575 305 101672 1
S 9571574 305 101674 1
S 9585573 305 101680 1
S 9599572 305 101675 1
S 9613571 305 101681 1
S 9627571 305 101681 1
S 9641570 305 101677 1
S 9655569 305 101677 1
S 9669568 305 101681 1
S 9683567 305 101691 1
S 9697566 305 101683 1
S 9711565 305 101686 1
S 9725564 305 101668 1
S 9739564 305 101682 1
S 9753563 305 101685 1
S 9767562 305 101688 1
S 9781561 305 101683 1
S 9795560 305 101677 1
S 9809559 305 101691 1
S 9823558 305 101680 1
S 9837557 305 101680 1
S 9851557 305 101680 1
S 9865556 305 101678 1
S 9879555 305 101683 1
S 9893554 305 101678 1
S 9907553 305 101685 1
S 9921552 305 101682 1
S 9935551 305 101675 1
S 9949550 305 101686 1
S 9963550 305 101674 1
S 9977549 305 101680 1
S 9991548 305 101682 1
S 10005547 305 101689 1
S 10019546 305 101689 1
S 10033545 305 101677 1
S 10047544 305 101677 1
S 10061543 305 101678 1
S 10075543 305 101682 1
S 10089542 305 101677 1
S 10103541 305 101678 1
S 10117540 305 101675 1
S 10131539 305 101675 1
S 10145538 305 101680 1
S 10159537 305 101678 1
S 10173536 305 101678 1
S 10187536 305 101678 1
S 10201535 305 101685 1
S 10215534 305 101685 1
S 10229533 305 101683 1
S 10243532 305 101683 1
S 10257531 305 101681 1
S 10271530 305 101678 1
S 10285529 305 101692 1
S 10299529 305 101678 1
S 10313528 305 101691 1
S 10327527 305 101680 1
S 10341526 305 101675 1
S 10355525 305 101680 1
S 10369524 305 101678 1
S 10383523 305 101691 1
S 10397522 305 101681 1
S 10411522 305 101683 1
S 10425521 305 101685 1
S 10439520 305 101681 1
S 10453519 305 101682 1
S 10467518 305 101686 1
S 10481517 305 101691 1
S 10495516 305 101683 1
S 10509515 305 101677 1
S 10523515 305 101686 1
S 10537514 305 101688 1
S 10551513 305 101680 1
S 10565512 305 101688 1
S 10579511 305 101678 1
S 10593510 305 101686 1
S 10607509 305 101694 1
S 10621508 305 101683 1
S 10635508 305 101680 1
S 10649507 305 101675 1
S 10663506 305 101682 1
S 10677505 305 101681 1
S 10691504 305 101683 1
S 10705503 305 101691 1
S 10719502 305 101685 1
S 10733501 305 101686 1
S 10747501 305 101675 1
S 10761500 305 101678 1
S 10775499 305 101675 1
S 10789498 305 101677 1
S 10803497 305 101680 1
S 10817496 305 101689 1
S 10831495 305 101677 1
S 10845494 305 101677 1
S 10859494 305 101688 1
S 10873493 305 101682 1
S 10887492 305 101686 1
S 10901491 305 101681 1
S 10915490 305 101678 1
S 10929489 305 101691 1
S 10943488 305 101681 1
S 10957487 305 101683 1
S 10971487 305 101689 1
S 10985486 305 101680 1
S 10999485 305 101683 1
S 11013484 305 101678 1
S 11027483 305 101672 1
S 11041482 305 101677 1
S 11055481 305 101685 1
S 11069480 305 101675 1
S 11083480 305 101683 1
S 11097479 305 101685 1
S 11111478 305 101688 1
S 11125477 305 101685 1
S 11139476 305 101694 1
S 11153475 305 101680 1
S 11167474 305 101680 1
S 11181473 305 101674 1
S 11195473 305 101681 1
S 11209472 305 101682 1
S 11223471 305 101678 1
S 11237470 305 101685 1
S 11251469 305 101688 1
S 11265468 305 101691 1
S 11279467 305 101686 1
S 11293466 305 101682 1
S 11307466 305 101680 1
S 11321465 305 101681 1
S 11335464 305 101683 1
S 11349463 305 101685 1
S 11363462 305 101685 1
S 11377461 305 101675 1
S 11391460 305 101675 1
S 11405459 305 101682 1
S 11419459 305 101681 1
S 11433458 305 101678 1
S 11447457 305 101677 1
S 11461456 305 101682 1
S 11475455 305 101681 1
S 11489454 305 101680 1
S 11503453 305 101674 1
S 11517452 305 101678 1
S 11531452 305 101682 1
S 11545451 305 101678 1
S 11559450 305 101678 1
S 11573449 305 101675 1
S 11587448 305 101674 1
S 11601447 305 101682 1
S 11615446 305 101674 1
S 11629445 305 101688 1
S 11643445 305 101683 1
S 11657444 305 101681 1
S 11671443 305 101677 1
S 11685442 305 101688 1
S 11699441 305 101685 1
S 11713440 305 101683 1
S 11727439 305 101688 1
S 11741438 305 101678 1
S 11755438 305 101680 1
S 11769437 305 101685 1
S 11783436 305 101677 1
S 11797435 305 101685 1
S 11811434 305 101683 1
S 11825433 305 101674 1
S 11839432 305 101683 1
S 11853431 305 101685 1
S 11867431 305 101680 1
S 11881430 305 101683 1
S 11895429 305 101678 1
S 11909428 305 101680 1
S 11923427 305 101683 1
S 11937426 305 101682 1
S 11951425 305 101680 1
S 11965424 305 101682 1
S 11979424 305 101677 1
S 11993423 305 101674 1
S 12007422 305 101671 1
S 12021421 305 101674 1
S 12035420 305 101682 1
S 12049419 305 101682 1
S 12063418 305 101669 1
S 12077417 305 101683 1
S 12091417 305 101678 1
S 12105416 305 101674 1
S 12119415 305 101671 1
S 12133414 305 101674 1
S 12147413 305 101677 1
S 12161412 305 101681 1
S 12175411 305 101678 1
S 12189410 305 101680 1
S 12203410 305 101669 1
S 12217409 305 101680 1
S 12231408 305 101674 1
S 12245407 305 101683 1
S 12259406 305 101677 1
S 12273405 305 101680 1
S 12287404 305 101683 1
S 12301403 305 101674 1
S 12315403 305 101675 1
S 12329402 305 101674 1
S 12343401 305 101678 1
S 12357400 305 101685 1
S 12371399 305 101686 1
S 12385398 305 101680 1
S 12399397 305 101685 1
S 12413396 305 101669 1
S 12427396 305 101674 1
S 12441395 305 101672 1
S 12455394 305 101672 1
S 12469393 305 101672 1
S 12483392 305 101680 1
S 12497391 305 101675 1
S 12511390 305 101680 1
S 12525389 305 101681 1
S 12539389 305 101681 1
S 12553388 305 101680 1
S 12567387 305 101681 1
S 12581386 305 101675 1
S 12595385 305 101681 1
S 12675380 305 101688 2
S 12695379 305 101680 2
S 12715378 305 101676 2
S 12735376 305 101680 2
S 12755375 305 101677 2
S 12775374 305 101682 2
S 12795373 305 101684 2
S 12815371 305 101682 2
S 12835370 305 101682 2
S 12855369 305 101684 2
S 12875368 305 101685 2
S 12895366 305 101687 2
S 12915365 305 101680 2
S 12935364 305 101682 2
S 12955363 305 101683 2
S 12975361 305 101685 2
S 12995360 305 101682 2
S 13015359 305 101682 2
S 13035358 305 101681 2
S 13055356 305 101682 2
S 13075355 305 101685 2
S 13095354 305 101682 2
S 13115353 305 101681 2
S 13135351 305 101685 2
S 13155350 305 101686 2
S 13175349 305 101688 2
S 13195348 305 101687 2
S 13215346 305 101690 2
S 13235345 305 101680 2
S 13255344 305 101684 2
S 13275343 305 101682 2
S 13295341 305 101683 2
S 13315340 305 101680 2
S 13335339 305 101683 2
S 13355338 305 101681 2
S 13375336 305 101683 2
S 13395335 305 101685 2
S 13415334 305 101690 2
S 13435333 305 101680 2
S 13455331 305 101683 2
S 13475330 305 101682 2
S 13495329 305 101682 2
S 13515328 305 101682 2
S 13535326 305 101678 2
S 13555325 305 101687 2
S 13575324 305 101682 2
S 13595323 305 101679 2
S 13615321 305 101678 2
S 13635320 305 101682 2
S 13655319 305 101687 2
S 13675318 305 101682 2
S 13695316 305 101682 2
S 13715315 305 101688 2
S 13735314 305 101684 2
S 13755313 305 101682 2
S 13775311 305 101683 2
S 13795310 305 101685 2
S 13815309 305 101677 2
S 13835308 305 101680 2
S 13855306 305 101678 2
S 13875305 305 101682 2
S 13895304 305 101683 2
S 13915303 305 101680 2
S 13935301 305 101682 2
S 13955300 305 101682 2
S 13975299 305 101679 2
S 13995298 305 101682 2
S 14015296 305 101683 2
S 14035295 305 101682 2
S 14055294 305 101680 2
S 14075293 305 101681 2
S 14095291 305 101686 2
S 14115290 305 101680 2
S 14135289 305 101679 2
S 14155288 305 101682 2
S 14175286 305 101680 2
S 14195285 305 101680 2
S 14215284 305 101682 2
S 14235283 305 101677 2
S 14255281 305 101682 2
S 14275280 305 101687 2
S 14295279 305 101682 2
S 14315278 305 101681 2
S 14335276 305 101682 2
S 14355275 305 101682 2
S 14375274 305 101682 2
S 14395273 305 101684 2
S 14415271 305 101682 2
S 14435270 305 101681 2
S 14455269 305 101681 2
S 14475268 305 101683 2
S 14495266 305 101682 2
S 14515265 305 101680 2
S 14535264 305 101677 2
S 14555263 306 101682 2
S 14575261 305 101681 2
S 14595260 305 101684 2
S 14615259 305 101682 2
S 14635258 305 101683 2
S 14655256 306 101686 2
S 14675255 305 101682 2
S 14695254 305 101682 2
S 14715253 305 101685 2
S 14735251 305 101687 2
S 14755250 305 101682 2
S 14775249 305 101683 2
S 14795248 305 101683 2
S 14815246 305 101682 2
S 14835245 305 101682 2
S 14855244 305 101681 2
S 14875243 305 101682 2
S 14895241 305 101676 2
S 14915240 305 101682 2
S 14935239 305 101683 2
S 14955238 305 101682 2
S 14975236 305 101677 2
S 14995235 305 101680 2
S 15015234 305 101677 2
S 15035233 305 101677 2
S 15055231 305 101682 2
S 15075230 305 101683 2
S 15095229 305 101678 2
S 15115228 306 101691 2
S 15135226 305 101679 2
S 15155225 305 101677 2
S 15175224 305 101680 2
S 15195223 305 101682 2
S 15215221 305 101678 2
S 15235220 305 101682 2
S 15255219 305 101677 2
S 15275218 305 101680 2
S 15295216 305 101681 2
S 15315215 305 101682 2
S 15335214 305 101677 2
S 15355213 305 101671 2
S 15375211 305 101673 2
S 15395210 305 101682 2
S 15415209 305 101681 2
S 15435208 305 101682 2
S 15455206 305 101680 2
S 15475205 305 101679 2
S 15495204 305 101681 2
S 15515203 306 101688 2
S 15535201 305 101682 2
S 15555200 305 101683 2
S 15575199 305 101681 2
S 15595198 305 101680 2
S 15615196 305 101678 2
S 15635195 306 101682 2
S 15655194 305 101680 2
S 15675193 306 101684 2
S 15695191 305 101681 2
S 15715190 306 101691 2
S 15735189 305 101681 2
S 15755188 305 101682 2
S 15775186 305 101682 2
S 15795185 305 101682 2
S 15815184 305 101682 2
S 15835183 305 101679 2
S 15855181 305 101682 2
S 15875180 305 101679 2
S 15895179 305 101670 2
S 15915178 305 101682 2
S 15935176 305 101680 2
S 15955175 305 101682 2
S 15975174 305 101682 2
S 15995173 305 101683 2
S 16015171 305 101683 2
S 16035170 305 101681 2
S 16055169 305 101680 2
S 16075168 305 101681 2
S 16095166 305 101682 2
S 16115165 305 101677 2
S 16135164 305 101682 2
S 16155163 305 101682 2
S 16175161 305 101682 2
S 16195160 305 101684 2
S 16215159 305 101679 2
S 16235158 305 101681 2
S 16255156 305 101684 2
S 16275155 306 101684 2
S 16295154 305 101679 2
S 16315153 305 101680 2
S 16335151 305 101681 2
S 16355150 306 101687 2
S 16375149 305 101680 2
S 16395148 305 101682 2
S 16415146 305 101682 2
S 16435145 306 101687 2
S 16455144 305 101682 2
S 16475143 305 101682 2
S 16495141 305 101676 2
S 16515140 305 101680 2
S 16535139 305 101681 2
S 16555138 305 101680 2
S 16575136 305 101682 2
S 16595135 305 101681 2
S 16615134 305 101680 2
S 16635133 305 101682 2
S 16655131 305 101684 2
S 16675130 305 101682 2
S 16695129 305 101683 2
S 16715128 305 101682 2
S 16735126 305 101680 2
S 16755125 305 101682 2
S 16775124 305 101682 2
S 16795123 305 101680 2
S 16815121 305 101677 2
S 16835120 306 101682 2
S 16855119 305 101682 2
S 16875118 306 101684 2
S 16895116 305 101682 2
S 16915115 305 101682 2
S 16935114 306 101687 2
S 16955113 305 101682 2
S 16975111 306 101680 2
S 16995110 305 101681 2
S 17015109 306 101684 2
S 17035108 305 101682 2
S 17055106 305 101682 2
S 17075105 305 101684 2
S 17095104 306 101687 2
S 17115103 305 101684 2
S 17135101 305 101682 2
S 17155100 305 101682 2
S 17175099 305 101681 2
S 17195098 305 101680 2
S 17215096 305 101675 2
S 17235095 305 101679 2
S 17255094 305 101680 2
S 17275093 306 101684 2
S 17295091 306 101684 2
S 17315090 305 101682 2
S 17335089 305 101684 2
S 17355088 305 101683 2
S 17375086 305 101679 2
S 17395085 305 101682 2
S 17415084 305 101676 2
S 17435083 305 101682 2
S 17455081 305 101681 2
S 17475080 305 101680 2
S 17495079 305 101678 2
S 17515078 305 101679 2
S 17535076 305 101674 2
S 17555075 305 101678 2
S 17575074 305 101676 2
S 17595073 305 101680 2
S 17615071 305 101678 2
S 17635070 305 101682 2
S 17655069 306 101682 2
S 17675068 305 101682 2
S 17695066 306 101681 2
S 17715065 305 101681 2
S 17735064 305 101682 2
S 17755063 305 101681 2
S 17775061 306 101684 2
S 17795060 305 101681 2
S 17815059 305 101680 2
S 17835058 306 101682 2
S 17855056 305 101677 2
S 17875055 305 101681 2
S 17895054 306 101683 2
S 17915053 305 101685 2
S 17935051 306 101690 2
S 17955050 306 101682 2
S 17975049 305 101680 2
S 17995048 305 101680 2
S 18015046 306 101685 2
S 18035045 305 101682 2
S 18055044 305 101680 2
S 18075043 305 101682 2
S 18095041 305 101682 2
S 18115040 306 101684 2
S 18135039 305 101682 2
S 18155038 305 101681 2
S 18175036 305 101682 2
S 18195035 305 101682 2
S 18215034 306 101685 2
S 18235033 305 101682 2
S 18255031 305 101681 2
S 18275030 305 101683 2
S 18295029 305 101682 2
S 18315028 305 101682 2
S 18335026 305 101682 2
S 18355025 305 101681 2
S 18375024 306 101686 2
S 18395023 305 101682 2
S 18415021 305 101683 2
S 18435020 305 101682 2
S 18455019 305 101678 2
S 18475018 305 101673 2
S 18495016 305 101680 2
S 18515015 305 101682 2
S 18535014 305 101680 2
S 18555013 306 101685 2
S 18575011 305 101678 2
S 18595010 306 101685 2
S 18615009 306 101682 2
S 18635008 306 101687 2
S 18655006 306 101686 2
S 18675005 305 101680 2
S 18695004 305 101685 2
S 18715003 305 101682 2
S 18735001 305 101679 2
S 18755000 305 101682 2
S 18774999 305 101680 2
S 18794998 305 101681 2
S 18814996 306 101687 2
S 18834995 305 101680 2
S 18854994 306 101683 2
S 18874993 305 101682 2
S 18894991 305 101679 2
S 18914990 305 101675 2
S 18934989 305 101680 2
S 18954988 306 101684 2
S 18974986 305 101675 2
S 18994985 305 101680 2
S 19014984 306 101686 2
S 19034983 305 101680 2
S 19054981 305 101680 2
S 19074980 305 101687 2
S 19094979 305 101680 2
S 19114978 306 101685 2
S 19134976 306 101685 2
S 19154975 306 101682 2
S 19174974 305 101674 2
S 19194973 305 101683 2
S 19214971 305 101677 2
S 19234970 305 101679 2
S 19254969 305 101683 2
S 19274968 305 101680 2
S 19294966 306 101688 2
S 19314965 305 101680 2
S 19334964 306 101682 2
S 19354963 305 101682 2
S 19374961 306 101689 2
S 19394960 305 101681 2
S 19414959 305 101682 2
S 19434958 306 101688 2
S 19454956 305 101682 2
S 19474955 305 101683 2
S 19494954 305 101682 2
S 19514953 306 101685 2
S 19534951 306 101689 2
S 19554950 305 101678 2
S 19574949 305 101682 2
S 19594948 305 101685 2
S 19614946 306 101685 2
S 19634945 305 101682 2
S 19654944 306 101688 2
S 19674943 305 101682 2
S 19694941 306 101686 2
S 19714940 305 101685 2
S 19734939 306 101688 2
S 19754938 305 101682 2
S 19774936 306 101690 2
S 19794935 306 101687 2
S 19814934 306 101688 2
S 19834933 306 101688 2
S 19854931 306 101689 2
S 19874930 305 101682 2
S 19894929 305 101685 2
S 19914928 306 101688 2
S 19934926 305 101684 2
S 19954925 306 101696 2
S 19974924 306 101684 2
S 19994923 306 101685 2
S 20014921 305 101685 2
S 20034920 305 101685 2
S 20054919 305 101682 2
S 20074918 305 101683 2
S 20094916 305 101687 2
S 20114915 306 101687 2
S 20134914 305 101682 2
S 20154913 305 101682 2
S 20174911 305 101681 2
S 20194910 306 101686 2
S 20214909 305 101682 2
S 20234908 306 101689 2
S 20254906 306 101690 2
S 20274905 305 101682 2
S 20294904 306 101688 2
S 20314903 306 101687 2
S 20334901 306 101685 2
S 20354900 305 101682 2
S 20374899 306 101688 2
S 20394898 305 101683 2
S 20414896 306 101691 2
S 20434895 305 101685 2
S 20454894 306 101688 2
S 20474893 306 101685 2
S 20494891 306 101685 2
S 20514890 306 101683 2
S 20534889 306 101687 2
S 20554888 305 101688 2
S 20574886 306 101690 2
S 20594885 305 101687 2
S 20614884 306 101685 2
S 20634883 306 101690 2
S 20654881 305 101682 2
S 20674880 306 101684 2
S 20694879 306 101685 2
S 20714878 306 101685 2
S 20734876 305 101685 2
S 20754875 305 101685 2
S 20774874 306 101691 2
S 20794873 305 101682 2
S 20814871 305 101683 2
S 20834870 306 101691 2
S 20854869 305 101683 2
S 20874868 306 101686 2
S 20894866 306 101685 2
S 20914865 306 101688 2
S 20934864 305 101682 2
S 20954863 305 101682 2
S 20974861 305 101685 2
S 20994860 306 101686 2
S 21014859 306 101685 2
S 21034858 306 101683 2
S 21054856 306 101683 2
S 21074855 305 101683 2
S 21094854 305 101682 2
S 21114853 306 101685 2
S 21134851 306 101687 2
S 21154850 306 101684 2
S 21174849 306 101689 2
S 21194848 305 101682 2
S 21214846 305 101682 2
S 21234845 306 101689 2
S 21254844 305 101682 2
S 21274843 305 101682 2
S 21294841 305 101682 2
S 21314840 306 101688 2
S 21334839 305 101682 2
S 21354838 305 101683 2
S 21374836 306 101688 2
S 21394835 305 101678 2
S 21414834 306 101684 2
S 21434833 306 101686 2
S 21454831 306 101685 2
S 21474830 305 101682 2
S 21494829 305 101680 2
S 21514828 305 101678 2
S 21534826 306 101688 2
S 21554825 306 101683 2
S 21574824 306 101688 2
S 21594823 305 101678 2
S 21614821 305 101682 2
S 21634820 305 101679 2
S 21654819 306 101683 2
S 21674818 305 101683 2
S 21694816 306 101686 2
S 21714815 306 101688 2
S 21734814 305 101682 2
S 21754813 305 101683 2
S 21774811 306 101681 2
S 21794810 305 101680 2
S 21814809 306 101685 2
S 21834808 305 101679 2
S 21854806 305 101678 2
S 21874805 305 101680 2
S 21894804 305 101682 2
S 21914803 305 101682 2
S 21934801 306 101682 2
S 21954800 305 101680 2
S 21974799 305 101678 2
S 21994798 306 101682 2
S 22014796 305 101680 2
S 22034795 305 101682 2
S 22054794 306 101689 2
S 22074793 306 101690 2
S 22094791 306 101686 2
S 22114790 305 101678 2
S 22134789 306 101689 2
S 22154788 305 101683 2
S 22174786 306 101689 2
S 22194785 306 101690 2
S 22214784 306 101687 2
S 22234783 306 101692 2
S 22254781 306 101683 2
S 22274780 306 101689 2
S 22294779 306 101696 2
S 22314778 306 101685 2
S 22334776 305 101680 2
S 22354775 306 101688 2
S 22374774 305 101684 2
S 22394773 305 101681 2
S 22414771 306 101685 2
S 22434770 306 101684 2
S 22454769 306 101692 2
S 22474768 306 101688 2
S 22494766 306 101686 2
S 22514765 305 101680 2
S 22534764 306 101685 2
S 22554763 305 101681 2
S 22574761 306 101693 2
S 22594760 306 101687 2
S 22614759 305 101682 2
S 22634758 306 101691 2
S 22654756 305 101681 2
S 22782748 306 101684 3
S 22814746 306 101689 3
S 22846744 306 101689 3
S 22878742 306 101689 3
S 22910740 306 101687 3
S 22942738 306 101685 3
S 22974736 306 101684 3
S 23006734 306 101686 3
S 23038732 306 101685 3
S 23070730 306 101688 3
S 23102728 306 101684 3
S 23134726 306 101685 3
S 23166724 306 101687 3
S 23198722 306 101682 3
S 23230720 305 101677 3
S 23262718 306 101682 3
S 23294716 306 101682 3
S 23326714 305 101681 3
S 23358712 305 101677 3
S 23390710 306 101688 3
S 23422708 306 101684 3
S 23454706 306 101683 3
S 23486704 306 101682 3
S 23518702 306 101687 3
S 23550700 306 101682 3
S 23582698 306 101683 3
S 23614696 306 101680 3
S 23646694 306 101683 3
S 23678692 306 101685 3
S 23710690 306 101688 3
S 23742688 306 101684 3
S 23774686 306 101685 3
S 23806684 306 101683 3
S 23838682 306 101691 3
S 23870680 306 101684 3
S 23902678 306 101682 3
S 23934676 306 101681 3
S 23966674 306 101680 3
S 23998672 306 101682 3
S 24030670 306 101688 3
S 24062668 306 101685 3
S 24094666 306 101680 3
S 24126664 306 101684 3
S 24158662 306 101688 3
S 24190660 306 101684 3
S 24222658 306 101682 3
S 24254656 306 101683 3
S 24286654 306 101686 3
S 24318652 306 101687 3
S 24350650 306 101684 3
S 24382648 306 101684 3
S 24414646 306 101682 3
S 24446644 306 101680 3
S 24478642 306 101680 3
S 24510640 306 101678 3
S 24542638 306 101682 3
S 24574636 306 101684 3
S 24606634 306 101683 3
S 24638632 306 101685 3
S 24670630 306 101685 3
S 24702628 306 101686 3
S 24734626 306 101689 3
S 24766624 306 101685 3
S 24798622 306 101682 3
S 24830620 306 101685 3
S 24862618 306 101688 3
S 24894616 306 101684 3
S 24926614 306 101684 3
S 24958612 306 101687 3
S 24990610 306 101684 3
S 25022608 306 101684 3
S 25054606 306 101685 3
S 25086604 306 101687 3
S 25118602 306 101685 3
S 25150600 306 101685 3
S 25182598 306 101684 3
S 25214596 306 101687 3
S 25246594 306 101687 3
S 25278592 306 101689 3
S 25310590 306 101688 3
S 25342588 306 101687 3
S 25374586 306 101688 3
S 25406584 306 101685 3
S 25438582 306 101688 3
S 25470580 306 101688 3
S 25502578 306 101687 3
S 25534576 306 101688 3
S 25566574 306 101689 3
S 25598572 306 101689 3
S 25630570 306 101683 3
S 25662568 306 101689 3
S 25694566 306 101683 3
S 25726564 306 101683 3
S 25758562 306 101685 3
S 25790560 306 101684 3
S 25822558 306 101682 3
S 25854556 306 101679 3
S 25886554 306 101680 3
S 25918552 306 101681 3
S 25950550 306 101684 3
S 25982548 306 101683 3
S 26014546 306 101682 3
S 26046544 306 101680 3
S 26078542 306 101685 3
S 26110540 306 101682 3
S 26142538 306 101682 3
S 26174536 306 101682 3
S 26206534 306 101684 3
S 26238532 306 101682 3
S 26270530 306 101684 3
S 26302528 306 101682 3
S 26334526 306 101681 3
S 26366524 306 101683 3
S 26398522 306 101683 3
S 26430520 306 101686 3
S 26462518 306 101686 3
S 26494516 306 101684 3
S 26526514 306 101684 3
S 26558512 306 101688 3
S 26590510 306 101688 3
S 26622508 306 101687 3
S 26654506 306 101683 3
S 26686504 306 101687 3
S 26718502 306 101690 3
S 26750500 306 101687 3
S 26782498 306 101687 3
S 26814496 306 101682 3
S 26846494 306 101684 3
S 26878492 306 101688 3
S 26910490 306 101688 3
S 26942488 306 101683 3
S 26974486 306 101689 3
S 27006484 306 101685 3
S 27038482 306 101682 3
S 27070480 306 101688 3
S 27102478 306 101688 3
S 27134476 306 101685 3
S 27166474 306 101688 3
S 27198472 306 101685 3
S 27230470 306 101684 3
S 27262468 306 101683 3
S 27294466 306 101687 3
S 27326464 306 101684 3
S 27358462 306 101687 3
S 27390460 306 101684 3
S 27422458 306 101682 3
S 27454456 306 101686 3
S 27486454 306 101685 3
S 27518452 306 101687 3
S 27550450 306 101679 3
S 27582448 306 101685 3
S 27614446 306 101683 3
S 27646444 306 101684 3
S 27678442 306 101682 3
S 27710440 306 101682 3
S 27742438 306 101682 3
S 27774436 306 101683 3
S 27806434 306 101682 3
S 27838432 306 101684 3
S 27870430 306 101684 3
S 27902428 306 101682 3
S 27934426 306 101680 3
S 27966424 306 101679 3
S 27998422 306 101685 3
S 28030420 306 101684 3
S 28062418 306 101685 3
S 28094416 306 101686 3
S 28126414 306 101683 3
S 28158412 306 101685 3
S 28190410 306 101686 3
S 28222408 306 101685 3
S 28254406 306 101688 3
S 28286404 306 101688 3
S 28318402 306 101684 3
S 28350400 306 101683 3
S 28382398 306 101686 3
S 28414396 306 101685 3
S 28446394 306 101687 3
S 28478392 306 101685 3
S 28510390 306 101681 3
S 28542388 306 101688 3
S 28574386 306 101687 3
S 28606384 306 101686 3
S 28638382 306 101681 3
S 28670380 306 101683 3
S 28702378 306 101685 3
S 28734376 306 101686 3
S 28766374 306 101686 3
S 28798372 306 101686 3
S 28830370 306 101685 3
S 28862368 306 101682 3
S 28894366 306 101685 3
S 28926364 306 101686 3
S 28958362 305 101679 3
S 28990360 306 101685 3
S 29022358 306 101683 3
S 29054356 306 101685 3
S 29086354 306 101682 3
S 29118352 306 101680 3
S 29150350 306 101680 3
S 29182348 306 101682 3
S 29214346 306 101684 3
S 29246344 306 101685 3
S 29278342 306 101686 3
S 29310340 306 101687 3
S 29342338 306 101688 3
S 29374336 306 101688 3
S 29406334 306 101684 3
S 29438332 306 101685 3
S 29470330 306 101683 3
S 29502328 306 101688 3
S 29534326 306 101682 3
S 29566324 306 101684 3
S 29598322 306 101682 3
S 29630320 306 101684 3
S 29662318 306 101685 3
S 29694316 306 101682 3
S 29726314 306 101681 3
S 29758312 306 101685 3
S 29790310 306 101682 3
S 29822308 306 101683 3
S 29854306 306 101685 3
S 29886304 306 101682 3
S 29918302 306 101687 3
S 29950300 306 101687 3
S 29982298 306 101682 3
S 30014296 306 101686 3
S 30046294 306 101684 3
S 30078292 306 101687 3
S 30110290 306 101685 3
S 30142288 306 101685 3
S 30174286 306 101682 3
S 30206284 306 101685 3
S 30238282 306 101680 3
S 30270280 306 101683 3
S 30302278 306 101682 3
S 30334276 306 101682 3
S 30366274 306 101688 3
S 30398272 306 101685 3
S 30430270 306 101681 3
S 30462268 306 101681 3
S 30494266 306 101686 3
S 30526264 306 101684 3
S 30558262 306 101684 3
S 30590260 306 101684 3
S 30622258 306 101682 3
S 30654256 306 101686 3
S 30686254 306 101688 3
S 30718252 306 101689 3
S 30750250 306 101691 3
S 30782248 306 101682 3
S 30814246 306 101681 3
S 30846244 306 101682 3
S 30878242 306 101682 3
S 30910240 306 101685 3
S 30942238 306 101687 3
S 30974236 306 101686 3
S 31006234 306 101682 3
S 31038232 306 101681 3
S 31070230 306 101682 3
S 31102228 306 101684 3
S 31134226 306 101684 3
S 31166224 306 101685 3
S 31198222 306 101684 3
S 31230220 306 101678 3
S 31262218 306 101684 3
S 31294216 306 101682 3
S 31326214 306 101684 3
S 31358212 306 101687 3
S 31390210 306 101686 3
S 31422208 306 101692 3
S 31454206 306 101688 3
S 31486204 306 101695 3
S 31518202 306 101692 3
S 31550200 306 101682 3
S 31582198 306 101682 3
S 31614196 306 101683 3
S 31646194 306 101685 3
S 31678192 306 101690 3
S 31710190 306 101683 3
S 31742188 306 101682 3
S 31774186 306 101684 3
S 31806184 306 101683 3
S 31838182 306 101685 3
S 31870180 306 101682 3
S 31902178 306 101684 3
S 31934176 306 101682 3
S 31966174 306 101682 3
S 31998172 306 101682 3
S 32030170 306 101683 3
S 32062168 306 101682 3
S 32094166 306 101687 3
S 32126164 306 101685 3
S 32158162 306 101682 3
S 32190160 306 101689 3
S 32222158 306 101690 3
S 32254156 306 101683 3
S 32286154 306 101685 3
S 32318152 306 101682 3
S 32350150 306 101683 3
S 32382148 306 101683 3
S 32414146 306 101682 3
S 32446144 306 101684 3
S 32478142 306 101686 3
S 32510140 306 101682 3
S 32542138 306 101680 3
S 32574136 306 101680 3
S 32606134 306 101680 3
S 32638132 306 101682 3
S 32670130 306 101688 3
S 32702128 306 101680 3
S 32734126 306 101682 3
S 32766124 306 101682 3
S 32798122 306 101682 3
S 32830120 306 101680 3
S 32862118 306 101682 3
S 32894116 306 101682 3
S 32926114 306 101679 3
S 32958112 306 101681 3
S 32990110 306 101685 3
S 33022108 306 101686 3
S 33054106 306 101690 3
S 33086104 306 101685 3
S 33118102 306 101688 3
S 33150100 306 101685 3
S 33182098 306 101685 3
S 33214096 306 101678 3
S 33246094 306 101682 3
S 33278092 306 101682 3
S 33310090 306 101682 3
S 33342088 306 101682 3
S 33374086 306 101682 3
S 33406084 306 101680 3
S 33438082 306 101678 3
S 33470080 306 101680 3
S 33502078 306 101679 3
S 33534076 306 101679 3
S 33566074 306 101678 3
S 33598072 306 101682 3
S 33630070 306 101682 3
S 33662068 306 101682 3
S 33694066 306 101680 3
S 33726064 306 101682 3
S 33758062 306 101684 3
S 33790060 306 101676 3
S 33822058 306 101680 3
S 33854056 305 101673 3
S 33886054 306 101682 3
S 33918052 306 101680 3
S 33950050 306 101681 3
S 33982048 306 101680 3
S 34014046 306 101679 3
S 34046044 306 101684 3
S 34078042 306 101682 3
S 34110040 306 101683 3
S 34142038 306 101678 3
S 34174036 306 101680 3
S 34206034 306 101678 3
S 34238032 306 101684 3
S 34270030 306 101682 3
S 34302028 306 101683 3
S 34334026 306 101680 3
S 34366024 306 101682 3
S 34398022 306 101680 3
S 34430020 306 101680 3
S 34462018 306 101682 3
S 34494016 306 101682 3
S 34526014 306 101681 3
S 34558012 306 101682 3
S 34590010 306 101684 3
S 34622008 306 101680 3
S 34654006 306 101682 3
S 34686004 306 101682 3
S 34718002 306 101681 3
S 34750000 306 101684 3
S 34781998 306 101684 3
S 34813996 306 101682 3
S 34845994 306 101682 3
S 34877992 306 101681 3
S 34909990 306 101678 3
S 34941988 306 101677 3
S 34973986 306 101682 3
S 35005984 306 101678 3
S 35037982 306 101682 3
S 35069980 306 101682 3
S 35101978 306 101680 3
S 35133976 306 101683 3
S 35165974 306 101680 3
S 35197972 306 101683 3
S 35229970 306 101682 3
S 35261968 306 101683 3
S 35293966 306 101682 3
S 35325964 306 101681 3
S 35357962 306 101679 3
S 35389960 306 101682 3
S 35421958 306 101682 3
S 35453956 306 101684 3
S 35485954 306 101684 3
S 35517952 306 101683 3
S 35549950 306 101686 3
S 35581948 306 101682 3
S 35613946 306 101682 3
S 35645944 306 101682 3
S 35677942 306 101688 3
S 35709940 306 101686 3
S 35741938 306 101680 3
S 35773936 306 101686 3
S 35805934 306 101684 3
S 35837932 306 101683 3
S 35869930 306 101682 3
S 35901928 306 101680 3
S 35933926 306 101681 3
S 35965924 306 101683 3
S 35997922 306 101684 3
S 36029920 306 101684 3
S 36061918 306 101683 3
S 36093916 306 101686 3
S 36125914 306 101686 3
S 36157912 306 101682 3
S 36189910 306 101684 3
S 36221908 306 101682 3
S 36253906 306 101682 3
S 36285904 306 101687 3
S 36317902 306 101682 3
S 36349900 306 101682 3
S 36381898 306 101679 3
S 36413896 306 101679 3
S 36445894 306 101682 3
S 36477892 306 101688 3
S 36509890 306 101686 3
S 36541888 306 101682 3
S 36573886 306 101682 3
S 36605884 306 101679 3
S 36637882 306 101682 3
S 36669880 306 101683 3
S 36701878 306 101680 3
S 36733876 306 101684 3
S 36765874 306 101677 3
S 36797872 306 101680 3
S 36829870 306 101679 3
S 36861868 306 101685 3
S 36893866 306 101683 3
S 36925864 306 101678 3
S 36957862 306 101680 3
S 36989860 306 101680 3
S 37021858 306 101680 3
S 37053856 306 101689 3
S 37085854 306 101686 3
S 37117852 306 101683 3
S 37149850 306 101688 3
S 37181848 306 101682 3
S 37213846 306 101684 3
S 37245844 306 101684 3
S 37277842 306 101682 3
S 37309840 306 101681 3
S 37341838 306 101682 3
S 37373836 306 101679 3
S 37405834 306 101682 3
S 37437832 306 101690 3
S 37469830 306 101686 3
S 37501828 306 101684 3
S 37533826 306 101687 3
S 37565824 306 101685 3
S 37597822 306 101682 3
S 37629820 306 101693 3
S 37661818 306 101685 3
S 37693816 306 101687 3
S 37725814 306 101686 3
S 37757812 306 101684 3
S 37789810 306 101688 3
S 37821808 306 101692 3
S 37853806 306 101692 3
S 37885804 306 101686 3
S 37917802 306 101688 3
S 37949800 306 101687 3
S 37981798 306 101685 3
S 38013796 306 101688 3
S 38045794 306 101679 3
S 38077792 306 101682 3
S 38109790 306 101685 3
S 38141788 306 101682 3
S 38173786 306 101686 3
S 38205784 306 101684 3
S 38237782 306 101686 3
S 38269780 306 101680 3
S 38301778 306 101687 3
S 38333776 306 101685 3
S 38365774 306 101683 3
S 38397772 306 101681 3
S 38429770 306 101684 3
S 38461768 306 101684 3
S 38493766 306 101688 3
S 38525764 306 101683 3
S 38557762 306 101690 3
S 38589760 306 101682 3
S 38621758 306 101691 3
S 38653756 306 101681 3
S 38685754 306 101680 3
S 38717752 306 101691 3
S 38749750 306 101679 3
S 38769749 306 101682 2
S 38789748 306 101685 2
S 38809747 306 101686 2
S 38829745 306 101682 2
S 38849744 306 101684 2
S 38869743 306 101685 2
S 38889742 306 101684 2
S 38909740 306 101686 2
S 38929739 306 101685 2
S 38949738 306 101694 2
S 38969737 306 101684 2
S 38989735 306 101688 2
S 39009734 306 101680 2
S 39029733 306 101684 2
S 39049732 306 101683 2
S 39069730 306 101682 2
S 39089729 306 101682 2
S 39109728 306 101685 2
S 39129727 306 101685 2
S 39149725 306 101680 2
S 39169724 306 101678 2
S 39189723 306 101685 2
S 39209722 306 101688 2
S 39229720 306 101686 2
S 39249719 306 101687 2
S 39269718 306 101684 2
S 39289717 306 101685 2
S 39309715 306 101688 2
S 39329714 306 101689 2
S 39349713 306 101686 2
S 39369712 306 101688 2
S 39389710 306 101685 2
S 39409709 306 101690 2
S 39429708 306 101688 2
S 39449707 306 101688 2
S 39469705 306 101693 2
S 39489704 306 101688 2
S 39509703 306 101688 2
S 39529702 306 101689 2
S 39549700 306 101685 2
S 39569699 306 101686 2
S 39589698 306 101688 2
S 39609697 306 101686 2
S 39629695 306 101686 2
S 39649694 306 101685 2
S 39669693 306 101685 2
S 39689692 306 101683 2
S 39709690 306 101683 2
S 39729689 306 101685 2
S 39749688 306 101686 2
S 39769687 306 101685 2
S 39789685 306 101688 2
S 39809684 306 101686 2
S 39829683 306 101682 2
S 39849682 306 101682 2
S 39869680 306 101686 2
S 39889679 306 101682 2
S 39909678 306 101685 2
S 39929677 306 101681 2
S 39949675 306 101681 2
S 39969674 306 101681 2
S 39989673 306 101682 2
S 40009672 306 101685 2
S 40029670 306 101684 2
S 40049669 306 101684 2
S 40069668 306 101682 2
S 40089667 306 101685 2
S 40109665 306 101684 2
S 40129664 306 101688 2
S 40149663 306 101684 2
S 40169662 306 101689 2
S 40189660 306 101686 2
S 40209659 306 101685 2
S 40229658 306 101686 2
S 40249657 306 101686 2
S 40269655 306 101685 2
S 40289654 306 101688 2
S 40309653 306 101683 2
S 40329652 306 101684 2
S 40349650 306 101687 2
S 40369649 306 101689 2
S 40389648 306 101686 2
S 40409647 306 101682 2
S 40429645 306 101684 2
S 40449644 306 101685 2
S 40469643 306 101685 2
S 40489642 306 101681 2
S 40509640 306 101682 2
S 40529639 306 101682 2
S 40549638 306 101689 2
S 40569637 306 101685 2
S 40589635 306 101683 2
S 40609634 306 101682 2
S 40629633 306 101681 2
S 40649632 306 101680 2
S 40669630 306 101682 2
S 40689629 306 101682 2
S 40709628 306 101683 2
S 40729627 306 101680 2
S 40749625 306 101685 2
S 40769624 306 101684 2
S 40789623 306 101685 2
S 40809622 306 101688 2
S 40829620 306 101685 2
S 40849619 306 101688 2
S 40869618 306 101683 2
S 40889617 306 101682 2
S 40909615 306 101688 2
S 40929614 306 101691 2
S 40949613 306 101683 2
S 40969612 306 101687 2
S 40989610 306 101685 2
S 41009609 306 101688 2
S 41029608 306 101686 2
S 41049607 306 101682 2
S 41069605 306 101685 2
S 41089604 306 101688 2
S 41109603 306 101685 2
S 41129602 306 101682 2
S 41149600 306 101682 2
S 41169599 306 101686 2
S 41189598 306 101681 2
S 41209597 306 101688 2
S 41229595 306 101682 2
S 41249594 306 101689 2
S 41269593 306 101688 2
S 41289592 306 101687 2
S 41309590 306 101683 2
S 41329589 306 101685 2
S 41349588 306 101682 2
S 41369587 306 101689 2
S 41389585 306 101686 2
S 41409584 306 101681 2
S 41429583 306 101682 2
S 41449582 306 101682 2
S 41469580 306 101682 2
S 41489579 306 101681 2
S 41509578 306 101691 2
S 41529577 306 101687 2
S 41549575 306 101684 2
S 41569574 306 101683 2
S 41589573 306 101685 2
S 41609572 306 101686 2
S 41629570 306 101682 2
S 41649569 306 101687 2
S 41669568 306 101688 2
S 41689567 306 101684 2
S 41709565 306 101687 2
S 41729564 306 101688 2
S 41749563 306 101687 2
S 41769562 306 101688 2
S 41789560 306 101683 2
S 41809559 306 101691 2
S 41829558 306 101691 2
S 41849557 306 101690 2
S 41869555 306 101687 2
S 41889554 306 101686 2
S 41909553 306 101685 2
S 41929552 306 101686 2
S 41949550 306 101685 2
S 41969549 306 101685 2
S 41989548 306 101685 2
S 42009547 306 101684 2
S 42029545 306 101685 2
S 42049544 306 101684 2
S 42069543 306 101678 2
S 42089542 306 101687 2
S 42109540 306 101685 2
S 42129539 306 101688 2
S 42149538 306 101687 2
S 42169537 306 101687 2
S 42189535 306 101688 2
S 42209534 306 101687 2
S 42229533 306 101691 2
S 42249532 306 101687 2
S 42269530 306 101688 2
S 42289529 306 101687 2
S 42309528 306 101688 2
S 42329527 306 101688 2
S 42349525 306 101684 2
S 42369524 306 101686 2
S 42389523 306 101685 2
S 42409522 306 101682 2
S 42429520 306 101684 2
S 42449519 306 101687 2
S 42469518 306 101684 2
S 42489517 306 101688 2
S 42509515 306 101688 2
S 42529514 306 101688 2
S 42549513 306 101682 2
S 42569512 306 101685 2
S 42589510 306 101685 2
S 42609509 306 101691 2
S 42629508 306 101686 2
S 42649507 306 101685 2
S 42669505 306 101684 2
S 42689504 306 101685 2
S 42709503 306 101682 2
S 42729502 306 101682 2
S 42749500 306 101685 2
S 42769499 306 101677 2
S 42789498 306 101682 2
S 42809497 306 101682 2
S 42829495 306 101687 2
S 42849494 306 101687 2
S 42869493 306 101688 2
S 42889492 306 101685 2
S 42909490 306 101686 2
S 42929489 306 101691 2
S 42949488 306 101691 2
S 42969487 306 101691 2
S 42989485 306 101689 2
S 43009484 306 101686 2
S 43029483 306 101688 2
S 43049482 306 101685 2
S 43069480 306 101688 2
S 43089479 306 101684 2
S 43109478 306 101691 2
S 43129477 306 101685 2
S 43149475 306 101685 2
S 43169474 306 101682 2
S 43189473 306 101681 2
S 43209472 306 101690 2
S 43229470 306 101684 2
S 43249469 306 101684 2
S 43269468 306 101683 2
S 43289467 306 101685 2
S 43309465 306 101693 2
S 43329464 306 101682 2
S 43349463 306 101682 2
S 43369462 306 101685 2
S 43389460 306 101679 2
S 43409459 306 101683 2
S 43429458 306 101682 2
S 43449457 306 101685 2
S 43469455 306 101683 2
S 43489454 306 101684 2
S 43509453 306 101683 2
S 43529452 306 101688 2
S 43549450 306 101683 2
S 43569449 306 101682 2
S 43589448 306 101679 2
S 43609447 306 101680 2
S 43629445 306 101680 2
S 43649444 306 101682 2
S 43669443 306 101682 2
S 43689442 306 101686 2
S 43709440 306 101684 2
S 43729439 306 101687 2
S 43749438 306 101685 2
S 43769437 306 101690 2
S 43789435 306 101691 2
S 43809434 306 101688 2
S 43829433 306 101687 2
S 43849432 306 101688 2
S 43869430 306 101683 2
S 43889429 306 101684 2
S 43909428 306 101685 2
S 43929427 306 101686 2
S 43949425 306 101682 2
S 43969424 306 101685 2
S 43989423 306 101683 2
S 44009422 306 101688 2
S 44029420 306 101690 2
S 44049419 306 101682 2
S 44069418 306 101682 2
S 44089417 306 101680 2
S 44109415 306 101686 2
S 44129414 306 101683 2
S 44149413 306 101690 2
S 44169412 306 101687 2
S 44189410 306 101682 2
S 44209409 306 101682 2
S 44229408 306 101685 2
S 44249407 306 101683 2
S 44269405 306 101689 2
S 44289404 306 101682 2
S 44309403 306 101683 2
S 44329402 306 101684 2
S 44349400 306 101682 2
S 44369399 306 101685 2
S 44389398 306 101685 2
S 44409397 306 101682 2
S 44429395 306 101686 2
S 44449394 306 101683 2
S 44469393 306 101688 2
S 44489392 306 101683 2
S 44509390 306 101691 2
S 44529389 306 101685 2
S 44549388 306 101685 2
S 44569387 306 101690 2
S 44589385 306 101688 2
S 44609384 306 101687 2
S 44629383 306 101687 2
S 44649382 306 101688 2
S 44669380 306 101690 2
S 44689379 306 101689 2
S 44709378 306 101686 2
S 44729377 306 101688 2
S 44749375 306 101683 2
S 44769374 306 101682 2
S 44789373 306 101684 2
S 44809372 306 101684 2
S 44829370 306 101685 2
S 44849369 306 101681 2
S 44869368 306 101689 2
S 44889367 306 101685 2
S 44909365 306 101686 2
S 44929364 306 101685 2
S 44949363 306 101688 2
S 44969362 306 101685 2
S 44989360 306 101680 2
S 45009359 306 101682 2
S 45029358 306 101685 2
S 45049357 306 101685 2
S 45069355 306 101686 2
S 45089354 306 101686 2
S 45109353 306 101684 2
S 45129352 306 101685 2
S 45149350 306 101681 2
S 45169349 306 101685 2
S 45189348 306 101683 2
S 45209347 306 101688 2
S 45229345 306 101682 2
S 45249344 306 101680 2
S 45269343 306 101680 2
S 45289342 306 101682 2
S 45309340 306 101682 2
S 45329339 306 101681 2
S 45349338 306 101683 2
S 45369337 306 101679 2
S 45389335 306 101682 2
S 45409334 306 101677 2
S 45429333 306 101688 2
S 45449332 306 101682 2
S 45469330 306 101682 2
S 45489329 306 101688 2
S 45509328 306 101680 2
S 45529327 306 101681 2
S 45549325 306 101685 2
S 45569324 306 101682 2
S 45589323 306 101683 2
S 45609322 306 101682 2
S 45629320 306 101682 2
S 45649319 306 101683 2
S 45669318 306 101679 2
S 45689317 306 101683 2
S 45709315 306 101680 2
S 45729314 306 101684 2
S 45749313 306 101683 2
S 45769312 306 101682 2
S 45789310 306 101686 2
S 45809309 306 101682 2
S 45829308 306 101682 2
S 45849307 306 101685 2
S 45869305 306 101687 2
S 45889304 306 101686 2
S 45909303 306 101682 2
S 45929302 306 101683 2
S 45949300 306 101679 2
S 45969299 306 101680 2
S 45989298 306 101684 2
S 46009297 306 101682 2
S 46029295 306 101683 2
S 46049294 306 101683 2
S 46069293 306 101685 2
S 46089292 306 101686 2
S 46109290 306 101683 2
S 46129289 306 101688 2
S 46149288 306 101689 2
S 46169287 306 101685 2
S 46189285 306 101682 2
S 46209284 306 101680 2
S 46229283 306 101682 2
S 46249282 306 101676 2
S 46269280 306 101680 2
S 46289279 306 101683 2
S 46309278 306 101682 2
S 46329277 306 101678 2
S 46349275 306 101687 2
S 46369274 306 101686 2
S 46389273 306 101682 2
S 46409272 306 101681 2
S 46429270 306 101684 2
S 46449269 306 101684 2
S 46469268 306 101683 2
S 46489267 306 101687 2
S 46509265 306 101689 2
S 46529264 306 101685 2
S 46549263 306 101689 2
S 46569262 306 101689 2
S 46589260 306 101682 2
S 46609259 306 101688 2
S 46629258 306 101690 2
S 46649257 306 101686 2
S 46669255 306 101682 2
S 46689254 306 101682 2
S 46709253 306 101684 2
S 46729252 306 101682 2
S 46749250 306 101684 2
S 46769249 306 101687 2
S 46789248 306 101686 2
S 46809247 306 101688 2
S 46829245 306 101683 2
S 46849244 306 101682 2
S 46869243 306 101678 2
S 46889242 306 101689 2
S 46909240 306 101685 2
S 46929239 306 101685 2
S 46949238 306 101688 2
S 46969237 306 101682 2
S 46989235 306 101688 2
S 47009234 306 101685 2
S 47029233 306 101685 2
S 47049232 306 101682 2
S 47069230 306 101682 2
S 47089229 306 101682 2
S 47109228 306 101683 2
S 47129227 306 101685 2
S 47149225 306 101679 2
S 47169224 306 101682 2
S 47189223 306 101679 2
S 47209222 306 101678 2
S 47229220 306 101683 2
S 47249219 306 101682 2
S 47269218 306 101682 2
S 47289217 306 101684 2
S 47309215 306 101683 2
S 47329214 306 101679 2
S 47349213 306 101686 2
S 47369212 306 101689 2
S 47389210 306 101688 2
S 47409209 306 101686 2
S 47429208 306 101687 2
S 47449207 306 101691 2
S 47469205 306 101691 2
S 47489204 306 101690 2
S 47509203 306 101689 2
S 47529202 306 101687 2
S 47549200 306 101681 2
S 47569199 306 101686 2
S 47589198 306 101687 2
S 47609197 306 101686 2
S 47629195 306 101685 2
S 47649194 306 101687 2
S 47669193 306 101688 2
S 47689192 306 101689 2
S 47709190 306 101686 2
S 47729189 306 101682 2
S 47749188 306 101686 2
S 47769187 306 101685 2
S 47789185 306 101683 2
S 47809184 306 101688 2
S 47829183 306 101683 2
S 47849182 306 101685 2
S 47869180 306 101685 2
S 47889179 306 101686 2
S 47909178 306 101682 2
S 47929177 306 101685 2
S 47949175 306 101686 2
S 47969174 306 101683 2
S 47989173 306 101685 2
S 48009172 306 101684 2
S 48029170 306 101682 2
S 48049169 306 101684 2
S 48069168 306 101685 2
S 48089167 306 101685 2
S 48109165 306 101679 2
S 48129164 306 101683 2
S 48149163 306 101685 2
S 48169162 306 101686 2
S 48189160 306 101684 2
S 48209159 306 101683 2
S 48229158 306 101689 2
S 48249157 306 101686 2
S 48269155 306 101685 2
S 48289154 306 101685 2
S 48309153 306 101685 2
S 48329152 306 101689 2
S 48349150 306 101688 2
S 48369149 306 101688 2
S 48389148 306 101694 2
S 48409147 306 101688 2
S 48429145 306 101683 2
S 48449144 306 101685 2
S 48469143 306 101688 2
S 48489142 306 101690 2
S 48509140 306 101686 2
S 48529139 306 101682 2
S 48549138 306 101682 2
S 48569137 306 101682 2
S 48589135 306 101681 2
S 48609134 306 101680 2
S 48629133 306 101682 2
S 48649132 306 101685 2
S 48669130 306 101682 2
S 48689129 306 101682 2
S 48709128 306 101680 2
S 48729127 306 101678 2
S 48749125 306 101685 2
S 48769124 306 101680 2
S 48789123 306 101682 2
S 48809122 306 101685 2
S 48829120 306 101682 2
S 48849119 306 101685 2
S 48869118 306 101688 2
S 48889117 306 101683 2
S 48909115 306 101682 2
S 48929114 306 101682 2
S 48949113 306 101682 2
S 48969112 306 101688 2
S 48989110 306 101688 2
S 49009109 306 101692 2
S 49029108 306 101687 2
S 49049107 306 101684 2
S 49069105 306 101683 2
S 49089104 306 101685 2
S 49109103 306 101686 2
S 49129102 306 101688 2
S 49149100 306 101686 2
S 49169099 306 101684 2
S 49189098 306 101682 2
S 49209097 306 101685 2
S 49229095 306 101683 2
S 49249094 306 101685 2
S 49269093 306 101684 2
S 49289092 306 101682 2
S 49309090 305 101680 2
S 49329089 306 101686 2
S 49349088 306 101682 2
S 49369087 306 101682 2
S 49389085 306 101684 2
S 49409084 306 101685 2
S 49429083 306 101688 2
S 49449082 306 101686 2
S 49469080 306 101688 2
S 49489079 306 101685 2
S 49509078 306 101682 2
S 49529077 306 101682 2
S 49549075 306 101682 2
S 49569074 306 101680 2
S 49589073 306 101685 2
S 49609072 306 101685 2
S 49629070 306 101680 2
S 49649069 306 101677 2
S 49669068 306 101682 2
S 49689067 306 101685 2
S 49709065 306 101684 2
S 49729064 306 101683 2
S 49749063 306 101682 2
S 49769062 306 101682 2
S 49789060 306 101685 2
S 49809059 306 101685 2
S 49829058 306 101690 2
S 49849057 306 101682 2
S 49869055 306 101683 2
S 49889054 306 101688 2
S 49909053 306 101684 2
S 49929052 306 101685 2
S 49949050 306 101682 2
S 49969049 306 101685 2
S 49989048 306 101679 2
S 50009047 306 101683 2
S 50029045 306 101682 2
S 50049044 306 101681 2
S 50069043 306 101672 2
S 50089042 306 101682 2
S 50109040 306 101678 2
S 50129039 306 101682 2
S 50149038 306 101682 2
S 50169037 306 101681 2
S 50189035 306 101685 2
S 50209034 306 101687 2
S 50229033 306 101686 2
S 50249032 306 101685 2
S 50269030 306 101685 2
S 50289029 306 101682 2
S 50309028 306 101687 2
S 50329027 306 101682 2
S 50349025 306 101682 2
S 50369024 306 101685 2
S 50389023 306 101682 2
S 50409022 306 101678 2
S 50429020 306 101679 2
S 50449019 306 101680 2
S 50469018 306 101683 2
S 50489017 306 101685 2
S 50509015 306 101684 2
S 50529014 306 101683 2
S 50549013 306 101682 2
S 50569012 306 101686 2
S 50589010 306 101682 2
S 50609009 306 101680 2
S 50629008 306 101682 2
S 50649007 306 101685 2
S 50669005 306 101685 2
S 50689004 306 101686 2
S 50709003 306 101680 2
S 50729002 306 101676 2
S 50749000 306 101676 2
S 50768999 306 101681 2
S 50788998 306 101685 2
S 50808997 306 101685 2
S 50828995 306 101681 2
S 50848994 306 101682 2
S 50868993 306 101677 2
S 50888992 306 101680 2
S 50908990 306 101681 2
S 50928989 306 101679 2
S 50948988 306 101681 2
S 50968987 306 101684 2
S 50988985 306 101685 2
S 51008984 306 101685 2
S 51028983 306 101683 2
S 51048982 306 101680 2
S 51068980 306 101682 2
S 51088979 306 101684 2
S 51108978 306 101686 2
S 51128977 306 101682 2
S 51148975 306 101679 2
S 51168974 306 101684 2
S 51188973 306 101679 2
S 51208972 306 101680 2
S 51228970 306 101679 2
S 51248969 306 101679 2
S 51268968 306 101680 2
S 51288967 306 101685 2
S 51308965 306 101682 2
S 51328964 306 101685 2
S 51348963 306 101682 2
S 51368962 306 101684 2
S 51388960 306 101685 2
S 51408959 306 101677 2
S 51428958 306 101687 2
S 51448957 306 101682 2
S 51468955 306 101682 2
S 51488954 306 101685 2
S 51508953 306 101688 2
S 51528952 306 101687 2
S 51548950 306 101688 2
S 51568949 306 101688 2
S 51588948 306 101687 2
S 51608947 306 101682 2
S 51628945 306 101682 2
S 51648944 306 101682 2
S 51668943 306 101686 2
S 51688942 306 101682 2
S 51708940 306 101682 2
S 51728939 306 101686 2
S 51748938 306 101674 2
S 51768937 306 101681 2
S 51788935 306 101680 2
S 51808934 306 101685 2
S 51828933 306 101682 2
S 51848932 306 101685 2
S 51868930 306 101689 2
S 51888929 306 101684 2
S 51908928 306 101685 2
S 51928927 306 101683 2
S 51948925 306 101682 2
S 51968924 306 101684 2
S 51988923 306 101680 2
S 52008922 306 101686 2
S 52028920 305 101677 2
S 52048919 306 101682 2
S 52068918 306 101682 2
S 52088917 306 101685 2
S 52108915 306 101686 2
S 52128914 306 101685 2
S 52148913 306 101678 2
S 52168912 306 101682 2
S 52188910 306 101687 2
S 52208909 306 101682 2
S 52228908 306 101682 2
S 52248907 306 101684 2
S 52268905 306 101679 2
S 52288904 306 101684 2
S 52308903 306 101683 2
S 52328902 306 101687 2
S 52348900 306 101686 2
S 52368899 306 101681 2
S 52388898 306 101683 2
S 52408897 306 101687 2
S 52428895 306 101688 2
S 52448894 306 101682 2
S 52468893 306 101682 2
S 52488892 306 101685 2
S 52508890 306 101682 2
S 52528889 306 101684 2
S 52548888 306 101686 2
S 52568887 306 101685 2
S 52588885 306 101688 2
S 52608884 306 101685 2
S 52628883 306 101682 2
S 52648882 306 101688 2
S 52668880 306 101684 2
S 52688879 306 101684 2
S 52708878 306 101686 2
S 52728877 306 101689 2
S 52748875 306 101689 2
S 52768874 306 101688 2
S 52788873 306 101685 2
S 52808872 306 101685 2
S 52828870 306 101685 2
S 52848869 306 101683 2
S 52868868 306 101685 2
S 52888867 306 101687 2
S 52908865 306 101683 2
S 52928864 306 101686 2
S 52948863 306 101688 2
S 52968862 306 101680 2
S 52988860 306 101678 2
S 53008859 306 101684 2
S 53028858 306 101680 2
S 53048857 306 101682 2
S 53068855 306 101680 2
S 53088854 305 101671 2
S 53108853 306 101682 2
S 53128852 306 101680 2
S 53148850 306 101676 2
S 53168849 306 101682 2
S 53188848 306 101682 2
S 53208847 306 101682 2
S 53228845 306 101685 2
S 53248844 306 101684 2
S 53268843 306 101684 2
S 53288842 306 101682 2
S 53308840 306 101684 2
S 53328839 306 101689 2
S 53348838 306 101686 2
S 53368837 306 101689 2
S 53388835 306 101687 2
S 53408834 306 101687 2
S 53428833 306 101686 2
S 53448832 306 101689 2
S 53468830 306 101683 2
S 53488829 306 101687 2
S 53508828 306 101685 2
S 53528827 306 101682 2
S 53548825 306 101679 2
S 53568824 306 101682 2
S 53588823 306 101688 2
S 53608822 306 101682 2
S 53628820 306 101688 2
S 53648819 306 101679 2
S 53668818 306 101682 2
S 53688817 306 101680 2
S 53708815 305 101680 2
S 53728814 306 101680 2
S 53748813 306 101679 2
S 53768812 306 101682 2
S 53788810 306 101687 2
S 53808809 306 101683 2
S 53828808 306 101684 2
S 53848807 306 101684 2
S 53868805 306 101688 2
S 53888804 306 101685 2
S 53908803 306 101682 2
S 53928802 306 101687 2
S 53948800 306 101685 2
S 53968799 306 101689 2
S 53988798 306 101687 2
S 54008797 306 101681 2
S 54028795 306 101688 2
S 54048794 306 101686 2
S 54068793 306 101685 2
S 54088792 306 101686 2
S 54108790 306 101687 2
S 54128789 306 101684 2
S 54148788 306 101680 2
S 54168787 306 101684 2
S 54188785 305 101680 2
S 54208784 306 101684 2
S 54228783 306 101686 2
S 54248782 306 101679 2
S 54268780 306 101682 2
S 54288779 306 101685 2
S 54308778 306 101682 2
S 54328777 306 101687 2
S 54348775 306 101687 2
S 54368774 306 101691 2
S 54388773 306 101690 2
S 54408772 306 101689 2
S 54428770 306 101685 2
S 54448769 306 101684 2
S 54468768 306 101679 2
S 54488767 306 101684 2
S 54508765 306 101681 2
S 54528764 306 101685 2
S 54548763 306 101685 2
S 54568762 306 101680 2
S 54588760 306 101682 2
S 54608759 306 101681 2
S 54628758 306 101681 2
S 54648757 306 101685 2
S 54668755 306 101687 2
S 54688754 306 101686 2
S 54708753 306 101687 2
S 54728752 306 101683 2
S 54748750 306 101685 2
S 54768749 306 101683 2
S 54788748 306 101688 2
S 54808747 306 101691 2
S 54828745 306 101689 2
S 54848744 306 101689 2
S 54868743 306 101680 2
S 54888742 306 101679 2
S 54908740 306 101680 2
S 54928739 306 101679 2
S 54948738 306 101675 2
S 54968737 306 101687 2
S 54988735 306 101682 2
S 55008734 306 101685 2
S 55028733 306 101680 2
S 55048732 306 101685 2
S 55068730 306 101686 2
S 55088729 306 101686 2
S 55108728 306 101682 2
S 55128727 306 101685 2
S 55148725 306 101685 2
S 55168724 306 101688 2
S 55188723 306 101682 2
S 55208722 306 101689 2
S 55228720 306 101688 2
S 55248719 306 101685 2
S 55268718 306 101682 2
S 55288717 306 101683 2
S 55308715 306 101688 2
S 55328714 306 101689 2
S 55348713 306 101689 2
S 55368712 306 101681 2
S 55388710 306 101685 2
S 55408709 306 101680 2
S 55428708 306 101678 2
S 55448707 306 101682 2
S 55468705 306 101686 2
S 55488704 306 101688 2
S 55508703 306 101691 2
S 55528702 306 101688 2
S 55548700 306 101682 2
S 55568699 306 101688 2
S 55588698 306 101689 2
S 55608697 306 101678 2
S 55628695 306 101684 2
S 55648694 306 101681 2
S 55668693 306 101685 2
S 55688692 306 101682 2
S 55708690 306 101689 2
S 55728689 306 101682 2
S 55748688 306 101684 2
S 55768687 306 101688 2
S 55788685 306 101686 2
S 55808684 306 101683 2
S 55828683 306 101688 2
S 55848682 306 101682 2
S 55868680 306 101686 2
S 55888679 306 101689 2
S 55908678 306 101688 2
S 55928677 306 101687 2
S 55948675 306 101689 2
S 55968674 306 101696 2
S 55988673 306 101681 2
S 56008672 306 101686 2
S 56028670 306 101690 2
S 56048669 306 101685 2
S 56068668 306 101685 2
S 56088667 306 101685 2
S 56108665 306 101688 2
S 56128664 306 101683 2
S 56148663 306 101684 2
S 56168662 306 101687 2
S 56188660 306 101682 2
S 56208659 306 101685 2
S 56228658 306 101686 2
S 56248657 306 101689 2
S 56268655 306 101686 2
S 56288654 306 101688 2
S 56308653 306 101687 2
S 56328652 306 101689 2
S 56348650 306 101687 2
S 56368649 306 101688 2
S 56388648 306 101689 2
S 56408647 306 101682 2
S 56428645 306 101689 2
S 56448644 306 101690 2
S 56468643 306 101687 2
S 56488642 306 101690 2
S 56508640 306 101682 2
S 56528639 306 101682 2
S 56548638 306 101684 2
S 56568637 306 101681 2
S 56588635 305 101674 2
S 56608634 306 101678 2
S 56628633 306 101683 2
S 56648632 306 101684 2
S 56668630 306 101682 2
S 56688629 306 101684 2
S 56708628 306 101684 2
S 56728627 306 101685 2
S 56748625 306 101684 2
S 56768624 306 101681 2
S 56788623 306 101685 2
S 56808622 306 101686 2
S 56828620 306 101682 2
S 56848619 306 101687 2
S 56868618 306 101688 2
S 56888617 306 101685 2
S 56908615 306 101681 2
S 56928614 306 101685 2
S 56948613 306 101682 2
S 56968612 306 101688 2
S 56988610 306 101681 2
S 57008609 306 101683 2
S 57028608 306 101685 2
S 57048607 306 101685 2
S 57068605 306 101680 2
S 57088604 306 101682 2
S 57108603 306 101683 2
S 57128602 306 101684 2
S 57148600 306 101686 2
S 57168599 306 101685 2
S 57188598 306 101682 2
S 57208597 306 101682 2
S 57228595 306 101685 2
S 57248594 306 101683 2
S 57268593 306 101683 2
S 57288592 306 101685 2
S 57308590 306 101687 2
S 57328589 306 101685 2
S 57348588 306 101686 2
S 57368587 306 101685 2
S 57388585 306 101687 2
S 57408584 306 101686 2
S 57428583 306 101688 2
S 57448582 306 101682 2
S 57468580 306 101685 2
S 57488579 306 101685 2
S 57508578 306 101687 2
S 57528577 306 101682 2
S 57548575 306 101685 2
S 57568574 306 101690 2
S 57588573 306 101682 2
S 57608572 306 101682 2
S 57628570 306 101680 2
S 57648569 306 101679 2
S 57668568 306 101684 2
S 57688567 306 101687 2
S 57708565 306 101688 2
S 57728564 306 101688 2
S 57748563 306 101685 2
S 57768562 306 101686 2
S 57788560 306 101688 2
S 57808559 306 101689 2
S 57828558 306 101685 2
S 57848557 306 101688 2
S 57868555 306 101688 2
S 57888554 306 101687 2
S 57908553 306 101685 2
S 57928552 306 101673 2
S 57948550 306 101683 2
S 57968549 306 101678 2
S 57988548 306 101683 2
S 58008547 306 101682 2
S 58028545 305 101676 2
S 58048544 306 101682 2
S 58068543 306 101682 2
S 58088542 306 101680 2
S 58108540 306 101685 2
S 58128539 306 101684 2
S 58148538 305 101674 2
S 58168537 306 101681 2
S 58188535 306 101684 2
S 58208534 306 101688 2
S 58228533 306 101683 2
S 58248532 306 101677 2
S 58268530 305 101672 2
S 58288529 306 101678 2
S 58308528 306 101682 2
S 58328527 306 101683 2
S 58348525 305 101677 2
S 58368524 306 101678 2
S 58388523 305 101672 2
S 58408522 306 101671 2
S 58428520 306 101672 2
S 58448519 306 101676 2
S 58468518 306 101682 2
S 58488517 306 101678 2
S 58508515 306 101685 2
S 58528514 306 101680 2
S 58548513 306 101678 2
S 58568512 306 101677 2
S 58588510 306 101682 2
S 58608509 306 101684 2
S 58628508 306 101678 2
S 58648507 306 101685 2
S 58668505 306 101685 2
S 58688504 305 101677 2
S 58708503 306 101682 2
S 58728502 306 101685 2
S 58748500 306 101681 2
S 58768499 306 101686 2
S 58788498 306 101688 2
S 58808497 306 101688 2
S 58828495 306 101685 2
S 58848494 306 101688 2
S 58868493 306 101688 2
S 58888492 306 101688 2
S 58908490 306 101686 2
S 58928489 306 101691 2
S 58948488 306 101689 2
S 58968487 305 101683 2
S 58988485 306 101688 2
S 59008484 306 101691 2
S 59028483 305 101680 2
S 59048482 306 101685 2
S 59068480 306 101685 2
S 59088479 306 101690 2
S 59108478 306 101682 2
S 59128477 306 101682 2
S 59148475 305 101682 2
S 59168474 305 101682 2
S 59188473 306 101686 2
S 59208472 306 101682 2
S 59228470 305 101677 2
S 59248469 306 101678 2
S 59268468 305 101680 2
S 59288467 305 101679 2
S 59308465 305 101680 2
S 59328464 305 101680 2
S 59348463 306 101682 2
S 59368462 306 101686 2
S 59388460 306 101683 2
S 59408459 305 101683 2
S 59428458 305 101682 2
S 59448457 306 101685 2
S 59468455 306 101685 2
S 59488454 305 101685 2
S 59508453 306 101684 2
S 59528452 306 101682 2
S 59548450 305 101682 2
S 59568449 306 101685 2
S 59588448 305 101680 2
S 59608447 306 101685 2
S 59628445 305 101682 2
S 59648444 306 101685 2
S 59668443 305 101682 2
S 59688442 306 101684 2
S 59708440 306 101688 2
S 59728439 306 101684 2
S 59748438 305 101681 2
S 59768437 306 101685 2
S 59788435 306 101685 2
S 59808434 305 101683 2
S 59828433 306 101690 2
S 59848432 305 101677 2
S 59868430 306 101685 2
S 59888429 306 101685 2
S 59908428 306 101684 2
S 59928427 305 101680 2
S 59948425 305 101678 2
S 59968424 306 101686 2
S 59988423 306 101682 2
S 60008422 306 101691 2
S 60028420 305 101678 2
S 60048419 306 101681 2
S 60068418 305 101682 2
S 60088417 306 101686 2
S 60108415 306 101685 2
S 60128414 305 101680 2
S 60148413 306 101682 2
S 60168412 306 101683 2
S 60188410 305 101679 2
S 60208409 306 101682 2
S 60228408 306 101682 2
S 60248407 305 101681 2
S 60268405 306 101683 2
S 60288404 306 101685 2
S 60308403 306 101688 2
S 60328402 305 101682 2
S 60348400 305 101680 2
S 60368399 306 101682 2
S 60388398 306 101682 2
S 60408397 305 101680 2
S 60428395 306 101687 2
S 60448394 305 101682 2
S 60468393 305 101679 2
S 60488392 306 101684 2
S 60508390 306 101684 2
S 60528389 305 101679 2
S 60548388 305 101680 2
S 60568387 305 101683 2
S 60588385 305 101678 2
S 60608384 306 101685 2
S 60628383 306 101691 2
S 60648382 305 101682 2
S 60668380 306 101691 2
S 60688379 306 101686 2
S 60708378 305 101686 2
S 60728377 306 101684 2
S 60748375 305 101684 2
S 60768374 305 101681 2
S 60788373 306 101687 2
S 60808372 305 101683 2
S 60828370 306 101688 2
S 60848369 306 101688 2
S 60868368 306 101689 2
S 60888367 305 101682 2
S 60908365 305 101681 2
S 60928364 305 101684 2
S 60948363 306 101690 2
S 60968362 305 101682 2
S 60988360 306 101682 2
S 61008359 305 101679 2
S 61028358 305 101679 2
S 61048357 306 101682 2
S 61068355 305 101678 2
S 61088354 306 101682 2
S 61108353 305 101680 2
S 61128352 305 101679 2
S 61148350 306 101689 2
S 61168349 306 101682 2
S 61188348 306 101682 2
S 61208347 305 101677 2
S 61228345 305 101680 2
S 61248344 306 101682 2
S 61268343 306 101685 2
S 61288342 306 101684 2
S 61308340 306 101687 2
S 61328339 306 101681 2
S 61348338 306 101686 2
S 61368337 305 101684 2
S 61388335 305 101683 2
S 61408334 306 101685 2
S 61428333 306 101686 2
S 61448332 306 101685 2
S 61468330 305 101678 2
S 61488329 305 101678 2
S 61508328 305 101680 2
S 61528327 305 101677 2
S 61548325 305 101678 2
S 61568324 305 101679 2
S 61588323 305 101681 2
S 61608322 306 101685 2
S 61628320 305 101675 2
S 61648319 305 101683 2
S 61668318 305 101680 2
S 61688317 305 101682 2
S 61708315 306 101679 2
S 61728314 305 101684 2
S 61748313 306 101682 2
S 61768312 306 101682 2
S 61788310 305 101680 2
S 61808309 305 101679 2
S 61828308 305 101677 2
S 61848307 305 101677 2
S 61868305 305 101677 2
S 61888304 306 101685 2
S 61908303 305 101677 2
S 61928302 305 101677 2
S 61948300 306 101682 2
S 61968299 306 101684 2
S 61988298 305 101677 2
S 62008297 305 101675 2
S 62028295 305 101677 2
S 62048294 306 101684 2
S 62068293 305 101680 2
S 62088292 306 101683 2
S 62108290 306 101684 2
S 62128289 305 101677 2
S 62148288 305 101682 2
S 62168287 306 101685 2
S 62188285 306 101688 2
S 62208284 305 101680 2
S 62228283 306 101682 2
S 62248282 305 101680 2
S 62268280 305 101682 2
S 62288279 305 101682 2
S 62308278 305 101674 2
S 62328277 306 101683 2
S 62348275 305 101677 2
S 62368274 306 101682 2
S 62388273 306 101683 2
S 62408272 305 101670 2
S 62428270 305 101682 2
S 62448269 305 101680 2
S 62468268 305 101684 2
S 62488267 305 101674 2
S 62508265 305 101678 2
S 62528264 305 101675 2
S 62548263 305 101676 2
S 62568262 305 101682 2
S 62588260 305 101678 2
S 62608259 306 101680 2
S 62628258 306 101680 2
S 62648257 305 101674 2
S 62668255 305 101679 2
S 62688254 306 101680 2
S 62708253 305 101677 2
S 62728252 305 101680 2
S 62748250 305 101677 2
S 62768249 305 101673 2
S 62788248 305 101674 2
S 62808247 305 101674 2
S 62828245 305 101677 2
S 62848244 305 101672 2
S 62868243 305 101677 2
S 62888242 306 101678 2
S 62908240 305 101677 2
S 62928239 305 101672 2
S 62948238 305 101682 2
S 62968237 305 101680 2
S 62988235 305 101676 2
S 63008234 305 101680 2
S 63028233 305 101675 2
S 63048232 305 101682 2
S 63068230 305 101680 2
S 63088229 305 101682 2
S 63108228 305 101678 2
S 63128227 305 101674 2
S 63148225 305 101678 2
S 63168224 306 101682 2
S 63188223 305 101675 2
S 63208222 305 101679 2
S 63228220 305 101679 2
S 63248219 305 101677 2
S 63268218 305 101677 2
S 63288217 305 101679 2
S 63308215 305 101677 2
S 63328214 306 101682 2
S 63348213 305 101678 2
S 63368212 305 101677 2
S 63388210 305 101677 2
S 63408209 305 101680 2
S 63428208 306 101682 2
S 63448207 305 101680 2
S 63468205 305 101682 2
S 63488204 306 101683 2
S 63508203 305 101682 2
S 63528202 305 101682 2
S 63548200 305 101679 2
S 63568199 305 101678 2
S 63588198 305 101677 2
S 63608197 306 101683 2
S 63628195 305 101679 2
S 63648194 305 101679 2
S 63668193 305 101680 2
S 63688192 305 101676 2
S 63708190 305 101682 2
S 63728189 305 101680 2
S 63748188 305 101682 2
S 63768187 305 101682 2
S 63788185 305 101682 2
S 63808184 305 101678 2
S 63828183 305 101680 2
S 63848182 305 101679 2
S 63868180 305 101680 2
S 63888179 305 101680 2
S 63908178 306 101685 2
S 63928177 305 101676 2
S 63948175 305 101681 2
S 63968174 305 101682 2
S 63988173 305 101678 2
S 64008172 305 101682 2
S 64028170 305 101682 2
S 64048169 305 101682 2
S 64068168 305 101682 2
S 64088167 305 101682 2
S 64108165 305 101685 2
S 64128164 306 101683 2
S 64148163 305 101682 2
S 64168162 305 101684 2
S 64188160 305 101683 2
S 64208159 305 101685 2
S 64228158 305 101682 2
S 64248157 305 101681 2
S 64268155 305 101683 2
S 64288154 306 101689 2
S 64308153 305 101682 2
S 64328152 305 101683 2
S 64348150 305 101680 2
S 64368149 305 101680 2
S 64388148 305 101680 2
S 64408147 305 101682 2
S 64428145 305 101678 2
S 64448144 305 101677 2
S 64468143 305 101684 2
S 64488142 305 101678 2
S 64508140 305 101680 2
S 64528139 305 101677 2
S 64548138 305 101680 2
S 64568137 305 101677 2
S 64588135 305 101678 2
S 64608134 305 101679 2
S 64628133 305 101680 2
S 64648132 305 101680 2
S 64668130 306 101684 2
S 64688129 305 101682 2
S 64708128 305 101680 2
S 64728127 305 101678 2
S 64748125 305 101681 2
S 64768124 305 101679 2
S 64788123 305 101683 2
S 64808122 306 101682 2
S 64828120 305 101682 2
S 64848119 305 101681 2
S 64868118 305 101681 2
S 64888117 305 101679 2
S 64908115 305 101679 2
S 64928114 305 101680 2
S 64948113 305 101681 2
S 64968112 305 101681 2
S 64988110 305 101685 2
S 65008109 305 101680 2
S 65028108 305 101682 2
S 65048107 305 101682 2
S 65068105 305 101682 2
S 65088104 305 101682 2
S 65108103 305 101682 2
S 65128102 305 101679 2
S 65148100 305 101680 2
S 65168099 305 101678 2
S 65188098 305 101680 2
S 65208097 305 101680 2
S 65228095 305 101681 2
S 65248094 305 101682 2
S 65268093 305 101683 2
S 65288092 305 101680 2
S 65308090 305 101681 2
S 65328089 305 101680 2
S 65348088 305 101682 2
S 65368087 305 101680 2
S 65388085 305 101679 2
S 65408084 305 101682 2
S 65428083 305 101684 2
S 65448082 305 101682 2
S 65468080 305 101682 2
S 65488079 305 101682 2
S 65508078 305 101681 2
S 65528077 305 101684 2
S 65548075 305 101682 2
S 65568074 305 101682 2
S 65588073 305 101682 2
S 65608072 305 101677 2
S 65628070 305 101678 2
S 65648069 305 101678 2
S 65668068 305 101680 2
S 65688067 305 101675 2
S 65708065 305 101679 2
S 65728064 305 101675 2
S 65748063 305 101682 2
S 65768062 305 101680 2
S 65788060 305 101680 2
S 65808059 305 101677 2
S 65828058 305 101677 2
S 65848057 305 101682 2
S 65868055 305 101681 2
S 65888054 305 101681 2
S 65908053 306 101684 2
S 65928052 305 101676 2
S 65948050 305 101682 2
S 65968049 305 101685 2
S 65988048 305 101677 2
S 66008047 305 101683 2
S 66028045 305 101678 2
S 66048044 305 101682 2
S 66068043 305 101682 2
S 66088042 305 101681 2
S 66108040 305 101675 2
S 66128039 305 101681 2
S 66148038 305 101679 2
S 66168037 305 101682 2
S 66188035 305 101681 2
S 66208034 305 101680 2
S 66228033 306 101680 2
S 66248032 305 101684 2
S 66268030 305 101680 2
S 66288029 305 101676 2
S 66308028 305 101682 2
S 66328027 305 101684 2
S 66348025 305 101685 2
S 66368024 305 101677 2
S 66388023 305 101682 2
S 66408022 305 101676 2
S 66428020 305 101682 2
S 66448019 305 101680 2
S 66468018 305 101681 2
S 66488017 305 101682 2
S 66508015 305 101680 2
S 66528014 305 101681 2
S 66548013 305 101681 2
S 66568012 305 101682 2
S 66588010 305 101677 2
S 66608009 305 101678 2
S 66628008 305 101680 2
S 66648007 305 101682 2
S 66668005 305 101684 2
S 66688004 305 101684 2
S 66708003 305 101683 2
S 66728002 305 101680 2
S 66748000 305 101682 2
S 66767999 305 101681 2
S 66787998 305 101682 2
S 66807997 305 101680 2
S 66827995 305 101682 2
S 66847994 305 101684 2
S 66867993 306 101682 2
S 66887992 305 101680 2
S 66907990 305 101677 2
S 66927989 305 101681 2
S 66947988 305 101680 2
S 66967987 305 101677 2
S 66987985 305 101674 2
S 67007984 305 101680 2
S 67027983 305 101685 2
S 67047982 306 101688 2
S 67067980 305 101685 2
S 67087979 305 101684 2
S 67107978 305 101682 2
S 67127977 305 101682 2
S 67147975 305 101677 2
S 67167974 305 101686 2
S 67187973 305 101682 2
S 67207972 305 101682 2
S 67227970 305 101682 2
S 67247969 305 101682 2
S 67267968 305 101680 2
S 67287967 305 101679 2
S 67307965 305 101671 2
S 67327964 305 101680 2
S 67347963 305 101681 2
S 67367962 305 101680 2
S 67387960 305 101682 2
S 67407959 305 101677 2
S 67427958 305 101678 2
S 67447957 305 101682 2
S 67467955 305 101681 2
S 67487954 305 101680 2
S 67507953 305 101674 2
S 67527952 305 101682 2
S 67547950 305 101682 2
S 67567949 305 101682 2
S 67587948 305 101682 2
S 67607947 305 101680 2
S 67627945 305 101682 2
S 67647944 305 101682 2
S 67667943 305 101679 2
S 67687942 305 101678 2
S 67707940 305 101680 2
S 67727939 306 101685 2
S 67747938 305 101680 2
S 67767937 305 101673 2
S 67787935 305 101671 2
S 67807934 305 101678 2
S 67827933 305 101677 2
S 67847932 305 101681 2
S 67867930 305 101676 2
S 67887929 305 101679 2
S 67907928 305 101678 2
S 67927927 305 101678 2
S 67947925 306 101682 2
S 67967924 305 101680 2
S 67987923 305 101677 2
S 68007922 305 101682 2
S 68027920 305 101682 2
S 68047919 305 101681 2
S 68067918 305 101686 2
S 68087917 305 101682 2
S 68107915 305 101682 2
S 68127914 305 101682 2
S 68147913 305 101683 2
S 68167912 305 101682 2
S 68187910 305 101684 2
S 68207909 305 101680 2
S 68227908 305 101682 2
S 68247907 305 101682 2
S 68267905 305 101683 2
S 68287904 305 101679 2
S 68307903 305 101680 2
S 68327902 305 101680 2
S 68347900 305 101684 2
S 68367899 305 101682 2
S 68387898 305 101682 2
S 68407897 305 101682 2
S 68427895 305 101682 2
S 68447894 305 101682 2
S 68467893 305 101681 2
S 68487892 305 101682 2
S 68507890 305 101682 2
S 68527889 305 101687 2
S 68547888 305 101684 2
S 68567887 305 101678 2
S 68587885 305 101683 2
S 68607884 305 101685 2
S 68627883 305 101684 2
S 68647882 305 101684 2
S 68667880 305 101686 2
S 68687879 305 101681 2
S 68707878 305 101684 2
S 68727877 305 101685 2
S 68747875 305 101685 2
S 68767874 305 101685 2
S 68787873 305 101683 2
S 68807872 305 101680 2
S 68827870 305 101680 2
S 68847869 305 101681 2
S 68867868 305 101680 2
S 68887867 305 101682 2
S 68907865 305 101682 2
S 68927864 305 101683 2
S 68947863 305 101679 2
S 68967862 305 101683 2
S 68987860 305 101680 2
S 69007859 305 101682 2
S 69027858 305 101682 2
S 69047857 305 101677 2
S 69067855 305 101676 2
S 69087854 305 101679 2
S 69107853 305 101682 2
S 69127852 305 101682 2
S 69147850 305 101680 2
S 69167849 305 101680 2
S 69187848 305 101682 2
S 69207847 305 101680 2
S 69227845 305 101683 2
S 69247844 305 101682 2
S 69267843 305 101684 2
S 69287842 305 101685 2
S 69307840 305 101685 2
S 69327839 305 101681 2
S 69347838 305 101683 2
S 69367837 305 101682 2
S 69387835 305 101682 2
S 69407834 306 101691 2
S 69427833 305 101682 2
S 69447832 305 101684 2
S 69467830 305 101685 2
S 69487829 305 101684 2
S 69507828 305 101682 2
S 69527827 305 101687 2
S 69547825 305 101685 2
S 69567824 305 101684 2
S 69587823 305 101687 2
S 69607822 305 101684 2
S 69627820 305 101682 2
S 69647819 305 101688 2
S 69667818 305 101686 2
S 69687817 305 101683 2
S 69707815 305 101682 2
S 69727814 305 101683 2
S 69747813 305 101685 2
S 69767812 305 101685 2
S 69787810 305 101689 2
S 69807809 305 101682 2
S 69827808 305 101688 2
S 69847807 305 101686 2
S 69867805 305 101684 2
S 69887804 305 101682 2
S 69907803 305 101684 2
S 69927802 305 101682 2
S 69947800 306 101689 2
S 69967799 305 101680 2
S 69987798 305 101682 2
S 70007797 305 101684 2
S 70027795 305 101682 2
S 70047794 305 101686 2
S 70067793 305 101688 2
S 70087792 305 101686 2
S 70107790 305 101682 2
S 70127789 305 101682 2
S 70147788 305 101684 2
S 70167787 305 101684 2
S 70187785 305 101686 2
S 70207784 305 101685 2
S 70227783 305 101685 2
S 70247782 305 101682 2
S 70267780 306 101686 2
S 70287779 305 101682 2
S 70307778 305 101684 2
S 70327777 305 101682 2
S 70347775 305 101681 2
S 70367774 305 101687 2
S 70387773 305 101682 2
S 70407772 305 101682 2
S 70427770 305 101686 2
S 70447769 305 101686 2
S 70467768 305 101682 2
S 70487767 305 101682 2
S 70507765 305 101684 2
S 70527764 305 101684 2
S 70547763 305 101684 2
S 70567762 305 101690 2
S 70587760 305 101688 2
S 70607759 305 101684 2
S 70627758 305 101685 2
S 70647757 305 101685 2
S 70667755 305 101685 2
S 70687754 305 101684 2
S 70707753 305 101687 2
S 70727752 305 101682 2
S 70747750 305 101689 2
S 70767749 305 101686 2
S 70787748 305 101682 2
S 70807747 305 101680 2
S 70827745 305 101680 2
S 70847744 305 101679 2
S 70867743 305 101680 2
S 70887742 305 101680 2
S 70907740 305 101684 2
S 70927739 305 101677 2
S 70947738 305 101677 2
S 70967737 305 101681 2
S 70987735 305 101686 2
S 71007734 305 101683 2
S 71027733 305 101677 2
S 71047732 305 101682 2
S 71067730 305 101680 2
S 71087729 305 101682 2
S 71107728 305 101677 2
S 71127727 305 101682 2
S 71147725 305 101680 2
S 71167724 305 101682 2
S 71187723 305 101685 2
S 71207722 305 101682 2
S 71227720 305 101684 2
S 71247719 305 101686 2
S 71267718 305 101687 2
S 71287717 305 101684 2
S 71307715 305 101683 2
S 71327714 305 101685 2
S 71347713 305 101685 2
S 71367712 305 101681 2
S 71387710 305 101683 2
S 71407709 305 101686 2
S 71427708 305 101682 2
S 71447707 305 101682 2
S 71467705 305 101682 2
S 71487704 305 101677 2
S 71507703 305 101683 2
S 71527702 305 101685 2
S 71547700 305 101682 2
S 71567699 305 101682 2
S 71587698 305 101686 2
S 71607697 305 101686 2
S 71627695 305 101682 2
S 71647694 305 101677 2
S 71667693 305 101681 2
S 71687692 305 101686 2
S 71707690 305 101683 2
S 71727689 305 101680 2
S 71747688 305 101684 2
S 71767687 305 101683 2
S 71787685 305 101682 2
S 71807684 305 101685 2
S 71827683 305 101686 2
S 71847682 305 101684 2
S 71867680 305 101687 2
S 71887679 305 101682 2
S 71907678 305 101683 2
S 71927677 305 101687 2
S 71947675 305 101683 2
S 71967674 305 101685 2
S 71987673 305 101680 2
S 72007672 305 101682 2
S 72027670 305 101682 2
S 72047669 305 101682 2
S 72067668 305 101682 2
S 72087667 305 101680 2
S 72107665 305 101682 2
S 72127664 305 101682 2
S 72147663 305 101683 2
S 72167662 305 101684 2
S 72187660 305 101683 2
S 72207659 305 101682 2
S 72227658 305 101682 2
S 72247657 305 101682 2
S 72267655 305 101679 2
S 72287654 305 101685 2
S 72307653 305 101682 2
S 72327652 305 101685 2
S 72347650 305 101683 2
S 72367649 305 101687 2
S 72387648 305 101682 2
S 72407647 305 101685 2
S 72427645 305 101680 2
S 72447644 305 101680 2
S 72467643 305 101681 2
S 72487642 305 101677 2
S 72507640 305 101682 2
S 72527639 305 101679 2
S 72547638 305 101682 2
S 72567637 305 101680 2
S 72587635 305 101681 2
S 72607634 305 101685 2
S 72627633 305 101677 2
S 72647632 305 101685 2
S 72667630 305 101682 2
S 72687629 305 101682 2
S 72707628 305 101686 2
S 72727627 305 101680 2
S 72747625 305 101682 2
S 72767624 305 101681 2
S 72787623 305 101678 2
S 72807622 305 101682 2
S 72827620 305 101682 2
S 72847619 305 101681 2
S 72867618 305 101682 2
S 72887617 305 101685 2
S 72907615 305 101685 2
S 72927614 305 101682 2
S 72947613 305 101686 2
S 72967612 305 101680 2
S 72987610 305 101685 2
S 73007609 305 101682 2
S 73027608 305 101682 2
S 73047607 305 101678 2
S 73067605 305 101680 2
S 73087604 305 101683 2
S 73107603 305 101674 2
S 73127602 305 101685 2
S 73147600 305 101681 2
S 73167599 305 101681 2
S 73187598 305 101686 2
S 73207597 305 101681 2
S 73227595 305 101684 2
S 73247594 305 101671 2
S 73267593 305 101684 2
S 73287592 305 101678 2
S 73307590 305 101686 2
S 73327589 305 101682 2
S 73347588 305 101682 2
S 73367587 305 101683 2
S 73387585 305 101684 2
S 73407584 305 101681 2
S 73427583 305 101683 2
S 73447582 305 101684 2
S 73467580 305 101682 2
S 73487579 305 101682 2
S 73507578 305 101685 2
S 73527577 305 101682 2
S 73547575 305 101682 2
S 73567574 305 101685 2
S 73587573 305 101688 2
S 73607572 305 101682 2
S 73627570 305 101680 2
S 73647569 305 101682 2
S 73667568 305 101688 2
S 73687567 305 101685 2
S 73707565 305 101695 2
S 73727564 305 101688 2
S 73747563 305 101690 2
S 73767562 305 101685 2
S 73787560 305 101685 2
S 73807559 305 101685 2
S 73827558 305 101687 2
S 73847557 305 101688 2
S 73867555 305 101684 2
S 73887554 305 101688 2
S 73907553 305 101684 2
S 73927552 305 101685 2
S 73947550 305 101691 2
S 73967549 306 101691 2
S 73987548 305 101685 2
S 74007547 305 101683 2
S 74027545 305 101682 2
S 74047544 305 101682 2
S 74067543 305 101677 2
S 74087542 305 101682 2
S 74107540 305 101681 2
S 74127539 305 101681 2
S 74147538 305 101682 2
S 74167537 305 101685 2
S 74187535 305 101684 2
S 74207534 305 101682 2
S 74227533 305 101680 2
S 74247532 305 101688 2
S 74267530 305 101682 2
S 74287529 305 101682 2
S 74307528 305 101682 2
S 74327527 305 101688 2
S 74347525 305 101683 2
S 74367524 305 101685 2
S 74387523 305 101685 2
S 74407522 305 101682 2
S 74427520 305 101688 2
S 74447519 305 101688 2
S 74467518 305 101685 2
S 74487517 305 101682 2
S 74507515 305 101680 2
S 74527514 305 101682 2
S 74547513 305 101681 2
S 74567512 305 101686 2
S 74587510 305 101682 2
S 74607509 305 101684 2
S 74627508 305 101685 2
S 74647507 305 101683 2
S 74667505 305 101683 2
S 74687504 305 101682 2
S 74707503 305 101685 2
S 74727502 305 101684 2
S 74747500 305 101683 2
S 74767499 305 101682 2
S 74787498 305 101687 2
S 74807497 305 101688 2
S 74827495 305 101689 2
S 74847494 305 101682 2
S 74867493 305 101685 2
S 74887492 305 101687 2
S 74907490 305 101690 2
S 74927489 305 101691 2
S 74947488 305 101691 2
S 74967487 305 101688 2
S 74987485 305 101690 2
S 75007484 305 101682 2
S 75027483 305 101690 2
S 75047482 305 101688 2
S 75067480 305 101685 2
S 75087479 305 101689 2
S 75107478 305 101693 2
S 75127477 305 101688 2
S 75147475 305 101685 2
S 75167474 305 101686 2
S 75187473 305 101686 2
S 75207472 305 101691 2
S 75227470 305 101684 2
S 75247469 305 101689 2
S 75267468 305 101691 2
S 75287467 305 101691 2
S 75307465 306 101693 2
S 75327464 305 101688 2
S 75347463 305 101688 2
S 75367462 305 101686 2
S 75387460 305 101686 2
S 75407459 305 101688 2
S 75427458 306 101697 2
S 75447457 305 101690 2
S 75467455 305 101688 2
S 75487454 305 101688 2
S 75507453 305 101685 2
S 75527452 305 101680 2
S 75547450 305 101684 2
S 75567449 305 101685 2
S 75587448 305 101682 2
S 75607447 305 101688 2
S 75627445 305 101688 2
S 75647444 305 101693 2
S 75667443 305 101687 2
S 75687442 305 101685 2
S 75707440 305 101688 2
S 75727439 305 101684 2
S 75747438 305 101690 2
S 75767437 305 101682 2
S 75787435 305 101689 2
S 75807434 305 101687 2
S 75827433 305 101688 2
S 75847432 305 101684 2
S 75867430 305 101685 2
S 75887429 305 101688 2
S 75907428 305 101693 2
S 75927427 305 101686 2
S 75947425 305 101687 2
S 75967424 305 101687 2
S 75987423 305 101688 2
S 76007422 305 101682 2
S 76027420 305 101687 2
S 76047419 305 101685 2
S 76067418 305 101682 2
S 76087417 305 101692 2
S 76107415 305 101685 2
S 76127414 305 101682 2
S 76147413 305 101685 2
S 76167412 305 101684 2
S 76187410 305 101682 2
S 76207409 305 101688 2
S 76227408 305 101687 2
S 76247407 305 101686 2
S 76267405 305 101687 2
S 76287404 305 101691 2
S 76307403 305 101682 2
S 76327402 305 101682 2
S 76347400 305 101691 2
S 76367399 305 101688 2
S 76387398 305 101691 2
S 76407397 305 101685 2
S 76427395 305 101688 2
S 76447394 305 101682 2
S 76467393 305 101682 2
S 76487392 305 101684 2
S 76507390 305 101688 2
S 76527389 305 101686 2
S 76547388 305 101686 2
S 76567387 305 101685 2
S 76587385 305 101685 2
S 76607384 305 101683 2
S 76627383 305 101686 2
S 76647382 305 101687 2
S 76667380 305 101693 2
S 76687379 305 101693 2
S 76707378 305 101686 2
S 76727377 305 101691 2
S 76747375 305 101687 2
S 76767374 305 101691 2
S 76787373 305 101689 2
S 76807372 305 101687 2
S 76827370 305 101688 2
S 76847369 305 101691 2
S 76867368 305 101686 2
S 76887367 305 101681 2
S 76907365 305 101686 2
S 76927364 305 101683 2
S 76947363 305 101682 2
S 76967362 305 101682 2
S 76987360 305 101686 2
S 77007359 305 101685 2
S 77027358 305 101681 2
S 77047357 305 101682 2
S 77067355 305 101686 2
S 77087354 305 101679 2
S 77107353 305 101682 2
S 77127352 305 101682 2
S 77147350 305 101687 2
S 77167349 305 101684 2
S 77187348 305 101687 2
S 77207347 305 101685 2
S 77227345 305 101688 2
S 77247344 305 101691 2
S 77267343 305 101682 2
S 77287342 305 101687 2
S 77307340 305 101684 2
S 77327339 305 101682 2
S 77347338 305 101683 2
S 77367337 305 101686 2
S 77387335 305 101688 2
S 77407334 305 101686 2
S 77427333 305 101683 2
S 77447332 305 101691 2
S 77467330 305 101683 2
S 77487329 305 101682 2
S 77507328 306 101685 2
S 77527327 305 101686 2
S 77547325 305 101682 2
S 77567324 305 101686 2
S 77587323 305 101688 2
S 77607322 305 101687 2
S 77627320 305 101683 2
S 77647319 305 101684 2
S 77667318 305 101685 2
S 77687317 305 101685 2
S 77707315 305 101682 2
S 77727314 305 101682 2
S 77747313 305 101682 2
S 77767312 305 101683 2
S 77787310 305 101680 2
S 77807309 305 101682 2
S 77827308 305 101682 2
S 77847307 305 101684 2
S 77867305 305 101686 2
S 77887304 305 101683 2
S 77907303 305 101680 2
S 77927302 305 101685 2
S 77947300 305 101685 2
S 77967299 305 101682 2
S 77987298 305 101679 2
S 78007297 305 101683 2
S 78027295 305 101682 2
S 78047294 305 101681 2
S 78067293 305 101680 2
S 78087292 305 101686 2
S 78107290 305 101683 2
S 78127289 305 101682 2
S 78147288 305 101683 2
S 78167287 305 101685 2
S 78187285 305 101686 2
S 78207284 305 101688 2
S 78227283 305 101688 2
S 78247282 305 101683 2
S 78267280 306 101689 2
S 78287279 305 101682 2
S 78307278 305 101687 2
S 78327277 305 101685 2
S 78347275 305 101689 2
S 78367274 305 101685 2
S 78387273 305 101688 2
S 78407272 305 101685 2
S 78427270 305 101682 2
S 78447269 305 101685 2
S 78467268 305 101683 2
S 78487267 305 101685 2
S 78507265 305 101684 2
S 78527264 305 101685 2
S 78547263 305 101685 2
S 78567262 305 101685 2
S 78587260 305 101683 2
S 78607259 305 101685 2
S 78627258 305 101680 2
S 78647257 305 101680 2
S 78667255 305 101682 2
S 78687254 305 101684 2
S 78707253 305 101681 2
S 78727252 305 101682 2
S 78747250 305 101687 2
S 78767249 305 101685 2
S 78787248 305 101680 2
S 78807247 305 101687 2
S 78827245 305 101683 2
S 78847244 305 101682 2
S 78867243 305 101685 2
S 78887242 305 101685 2
S 78907240 305 101682 2
S 78927239 305 101685 2
S 78947238 305 101689 2
S 78967237 305 101683 2
S 78987235 305 101686 2
S 79007234 305 101685 2
S 79027233 305 101680 2
S 79047232 305 101680 2
S 79067230 305 101680 2
S 79087229 305 101682 2
S 79107228 306 101689 2
S 79127227 305 101679 2
S 79147225 305 101682 2
S 79167224 305 101685 2
S 79187223 305 101685 2
S 79207222 305 101684 2
S 79227220 305 101688 2
S 79247219 305 101686 2
S 79267218 305 101682 2
S 79287217 305 101687 2
S 79307215 305 101684 2
S 79327214 305 101682 2
S 79347213 305 101685 2
S 79367212 305 101683 2
S 79387210 305 101682 2
S 79407209 305 101683 2
S 79427208 305 101683 2
S 79447207 305 101682 2
S 79467205 305 101679 2
S 79487204 305 101679 2
S 79507203 305 101683 2
S 79527202 305 101686 2
S 79547200 305 101682 2
S 79567199 305 101684 2
S 79587198 305 101682 2
S 79607197 305 101682 2
S 79627195 305 101683 2
S 79647194 305 101682 2
S 79667193 305 101686 2
S 79687192 305 101688 2
S 79707190 305 101682 2
S 79727189 305 101682 2
S 79747188 305 101688 2
S 79767187 305 101682 2
S 79787185 305 101686 2
S 79807184 305 101684 2
S 79827183 305 101684 2
S 79847182 305 101683 2
S 79867180 305 101682 2
S 79887179 305 101685 2
S 79907178 305 101682 2
S 79927177 305 101684 2
S 79947175 305 101682 2
S 79967174 305 101683 2
S 79987173 305 101688 2
S 80007172 305 101686 2
S 80027170 305 101687 2
S 80047169 305 101686 2
S 80067168 305 101686 2
S 80087167 305 101688 2
S 80107165 306 101690 2
S 80127164 305 101682 2
S 80147163 305 101686 2
S 80167162 305 101682 2
S 80187160 305 101682 2
S 80207159 305 101685 2
S 80227158 305 101684 2
S 80247157 305 101686 2
S 80267155 305 101681 2
S 80287154 305 101682 2
S 80307153 305 101683 2
S 80327152 305 101688 2
S 80347150 305 101683 2
S 80367149 305 101682 2
S 80387148 305 101682 2
S 80407147 305 101683 2
S 80427145 305 101683 2
S 80447144 305 101685 2
S 80467143 305 101688 2
S 80487142 305 101686 2
S 80507140 305 101685 2
S 80527139 305 101687 2
S 80547138 305 101687 2
S 80567137 305 101686 2
S 80587135 305 101688 2
S 80607134 305 101685 2
S 80627133 305 101686 2
S 80647132 305 101683 2
S 80667130 305 101685 2
S 80687129 305 101684 2
S 80707128 305 101683 2
S 80727127 305 101682 2
S 80747125 305 101684 2
S 80767124 305 101682 2
S 80787123 305 101687 2
S 80807122 305 101686 2
S 80827120 305 101687 2
S 80847119 305 101684 2
S 80867118 305 101682 2
S 80887117 305 101685 2
S 80907115 305 101685 2
S 80927114 305 101687 2
S 80947113 305 101688 2
S 80967112 305 101688 2
S 80987110 305 101687 2
S 81007109 305 101690 2
S 81027108 305 101685 2
S 81047107 305 101685 2
S 81067105 305 101688 2
S 81087104 305 101686 2
S 81107103 305 101685 2
S 81127102 305 101685 2
S 81147100 305 101685 2
S 81167099 305 101684 2
S 81187098 305 101688 2
S 81207097 305 101685 2
S 81227095 305 101687 2
S 81247094 305 101682 2
S 81267093 305 101684 2
S 81287092 305 101682 2
S 81307090 305 101682 2
S 81327089 305 101685 2
S 81347088 305 101684 2
S 81367087 305 101682 2
S 81387085 305 101688 2
S 81407084 305 101687 2
S 81427083 305 101694 2
S 81447082 305 101685 2
S 81467080 306 101696 2
S 81487079 306 101694 2
S 81507078 306 101691 2
S 81527077 305 101690 2
S 81547075 305 101691 2
S 81567074 305 101691 2
S 81587073 305 101680 2
S 81607072 306 101685 2
S 81627070 305 101682 2
S 81647069 305 101682 2
S 81667068 305 101682 2
S 81687067 305 101686 2
S 81707065 305 101688 2
S 81727064 305 101682 2
S 81747063 305 101683 2
S 81767062 305 101682 2
S 81787060 305 101680 2
S 81807059 305 101685 2
S 81827058 305 101682 2
S 81847057 306 101694 2
S 81867055 305 101684 2
S 81887054 305 101682 2
S 81907053 305 101682 2
S 81927052 305 101683 2
S 81947050 305 101685 2
S 81967049 305 101678 2
S 81987048 305 101684 2
S 82007047 305 101680 2
S 82027045 305 101685 2
S 82047044 305 101685 2
S 82067043 305 101685 2
S 82087042 306 101688 2
S 82107040 305 101682 2
S 82127039 305 101682 2
S 82147038 306 101688 2
S 82167037 305 101688 2
S 82187035 305 101685 2
S 82207034 305 101685 2
S 82227033 305 101687 2
S 82247032 305 101687 2
S 82267030 305 101684 2
S 82287029 305 101683 2
S 82307028 305 101685 2
S 82327027 305 101682 2
S 82347025 305 101682 2
S 82367024 305 101677 2
S 82387023 305 101684 2
S 82407022 305 101682 2
S 82427020 305 101680 2
S 82447019 305 101682 2
S 82467018 305 101682 2
S 82487017 305 101688 2
S 82507015 305 101686 2
S 82527014 305 101682 2
S 82547013 305 101682 2
S 82567012 305 101688 2
S 82587010 305 101688 2
S 82607009 305 101684 2
S 82627008 305 101683 2
S 82647007 305 101685 2
S 82667005 305 101688 2
S 82687004 306 101691 2
S 82707003 305 101681 2
S 82727002 305 101686 2
S 82747000 305 101683 2
S 82766999 305 101683 2
S 82786998 305 101687 2
S 82806997 305 101683 2
S 82826995 305 101686 2
S 82846994 305 101677 2
S 82866993 305 101679 2
S 82886992 305 101682 2
S 82906990 305 101683 2
S 82926989 305 101682 2
S 82946988 305 101682 2
S 82966987 305 101682 2
S 82986985 305 101682 2
S 83006984 305 101680 2
S 83026983 305 101682 2
S 83046982 305 101682 2
S 83066980 305 101682 2
S 83086979 305 101686 2
S 83106978 305 101685 2
S 83126977 305 101682 2
S 83146975 305 101684 2
S 83166974 305 101682 2
S 83186973 305 101682 2
S 83206972 305 101682 2
S 83226970 305 101682 2
S 83246969 305 101684 2
S 83266968 305 101688 2
S 83286967 305 101685 2
S 83306965 305 101684 2
S 83326964 305 101682 2
S 83346963 305 101682 2
S 83366962 305 101680 2
S 83386960 305 101682 2
S 83406959 305 101683 2
S 83426958 305 101685 2
S 83446957 305 101683 2
S 83466955 305 101685 2
S 83486954 305 101691 2
S 83506953 305 101687 2
S 83526952 305 101685 2
S 83546950 306 101684 2
S 83566949 305 101683 2
S 83586948 305 101682 2
S 83606947 305 101685 2
S 83626945 305 101682 2
S 83646944 306 101689 2
S 83666943 305 101685 2
S 83686942 305 101682 2
S 83706940 305 101682 2
S 83726939 305 101682 2
S 83746938 305 101680 2
S 83766937 305 101680 2
S 83786935 305 101682 2
S 83806934 305 101686 2
S 83826933 305 101684 2
S 83846932 305 101685 2
S 83866930 305 101682 2
S 83886929 305 101684 2
S 83906928 305 101684 2
S 83926927 305 101685 2
S 83946925 306 101682 2
S 83966924 305 101682 2
S 83986923 305 101684 2
S 84006922 305 101682 2
S 84026920 305 101679 2
S 84046919 305 101686 2
S 84066918 305 101682 2
S 84086917 305 101681 2
S 84106915 305 101682 2
S 84126914 305 101687 2
S 84146913 305 101683 2
S 84166912 305 101684 2
S 84186910 305 101679 2
S 84206909 305 101683 2
S 84226908 305 101682 2
S 84246907 305 101682 2
S 84266905 305 101682 2
S 84286904 305 101683 2
S 84306903 305 101687 2
S 84326902 305 101688 2
S 84346900 305 101682 2
S 84366899 305 101684 2
S 84386898 305 101685 2
S 84406897 306 101689 2
S 84426895 305 101683 2
S 84446894 305 101686 2
S 84466893 305 101684 2
S 84486892 305 101693 2
S 84506890 305 101690 2
S 84526889 305 101686 2
S 84546888 305 101683 2
S 84566887 305 101685 2
S 84586885 305 101687 2
S 84606884 305 101682 2
S 84626883 305 101681 2
S 84646882 305 101685 2
S 84666880 305 101688 2
S 84686879 305 101687 2
S 84706878 305 101687 2
S 84726877 305 101686 2
S 84746875 305 101684 2
S 84766874 305 101684 2
S 84786873 306 101689 2
S 84806872 305 101683 2
S 84826870 305 101685 2
S 84846869 305 101682 2
S 84866868 305 101685 2
S 84886867 305 101687 2
S 84906865 305 101691 2
S 84926864 305 101685 2
S 84946863 305 101684 2
S 84966862 305 101689 2
S 84986860 306 101693 2
S 85006859 305 101682 2
S 85026858 306 101688 2
S 85046857 305 101685 2
S 85066855 305 101679 2
S 85086854 305 101680 2
S 85106853 305 101682 2
S 85126852 305 101686 2
S 85146850 305 101682 2
S 85166849 306 101685 2
S 85186848 305 101682 2
S 85206847 305 101680 2
S 85226845 305 101682 2
S 85246844 305 101679 2
S 85266843 305 101683 2
S 85286842 306 101688 2
S 85306840 306 101685 2
S 85326839 306 101683 2
S 85346838 305 101681 2
S 85366837 305 101684 2
S 85386835 306 101685 2
S 85406834 305 101683 2
S 85426833 305 101684 2
S 85446832 305 101680 2
S 85466830 306 101688 2
S 85486829 305 101680 2
S 85506828 305 101682 2
S 85526827 305 101680 2
S 85546825 305 101685 2
S 85566824 305 101681 2
S 85586823 305 101686 2
S 85606822 305 101682 2
S 85626820 305 101680 2
S 85646819 305 101684 2
S 85666818 305 101682 2
S 85686817 305 101682 2
S 85706815 305 101680 2
S 85726814 305 101685 2
S 85746813 305 101682 2
S 85766812 305 101686 2
S 85786810 305 101683 2
S 85806809 305 101682 2
S 85826808 306 101690 2
S 85846807 305 101685 2
S 85866805 305 101682 2
S 85886804 305 101682 2
S 85906803 305 101682 2
S 85926802 305 101680 2
S 85946800 305 101682 2
S 85966799 305 101681 2
S 85986798 305 101681 2
S 86006797 305 101682 2
S 86026795 305 101685 2
S 86046794 305 101681 2
S 86066793 305 101683 2
S 86086792 305 101685 2
S 86106790 306 101688 2
S 86126789 305 101685 2
S 86146788 305 101681 2
S 86166787 305 101682 2
S 86186785 305 101685 2
S 86206784 305 101682 2
S 86226783 305 101682 2
S 86246782 305 101682 2
S 86266780 305 101678 2
S 86286779 305 101680 2
S 86306778 305 101682 2
S 86326777 305 101685 2
S 86346775 305 101681 2
S 86366774 305 101686 2
S 86386773 305 101686 2
S 86406772 305 101682 2
S 86426770 305 101688 2
S 86446769 305 101685 2
S 86466768 305 101685 2
S 86486767 305 101679 2
S 86506765 305 101682 2
S 86526764 305 101683 2
S 86546763 305 101682 2
S 86566762 306 101683 2
S 86586760 306 101687 2
S 86606759 305 101682 2
S 86626758 305 101682 2
S 86646757 305 101684 2
S 86666755 305 101685 2
S 86686754 305 101687 2
S 86706753 305 101684 2
S 86726752 306 101685 2
S 86746750 305 101685 2
S 86766749 305 101688 2
S 86786748 305 101682 2
S 86806747 305 101682 2
S 86826745 306 101685 2
S 86846744 305 101683 2
S 86866743 305 101690 2
S 86886742 305 101688 2
S 86906740 305 101685 2
S 86926739 305 101685 2
S 86946738 305 101682 2
S 86966737 305 101682 2
S 86986735 305 101682 2
S 87006734 306 101685 2
S 87026733 305 101682 2
S 87046732 305 101682 2
S 87066730 305 101681 2
S 87086729 305 101682 2
S 87106728 306 101684 2
S 87126727 305 101682 2
S 87146725 305 101681 2
S 87166724 305 101680 2
S 87186723 305 101683 2
S 87206722 305 101681 2
S 87226720 305 101682 2
S 87246719 305 101685 2
S 87266718 305 101682 2
S 87286717 305 101682 2
S 87306715 305 101684 2
S 87326714 305 101682 2
S 87346713 305 101681 2
S 87366712 306 101690 2
S 87386710 305 101683 2
S 87406709 305 101677 2
S 87426708 305 101680 2
S 87446707 305 101684 2
S 87466705 305 101683 2
S 87486704 305 101682 2
S 87506703 305 101682 2
S 87526702 305 101682 2
S 87546700 305 101678 2
S 87566699 305 101682 2
S 87586698 305 101685 2
S 87606697 305 101682 2
S 87626695 305 101682 2
S 87646694 305 101682 2
S 87666693 305 101682 2
S 87686692 305 101685 2
S 87706690 305 101679 2
S 87726689 305 101680 2
S 87746688 305 101679 2
S 87766687 305 101682 2
S 87786685 305 101680 2
S 87806684 305 101679 2
S 87826683 306 101685 2
S 87846682 305 101682 2
S 87866680 306 101691 2
S 87886679 305 101682 2
S 87906678 305 101681 2
S 87926677 305 101680 2
S 87946675 305 101685 2
S 87966674 305 101689 2
S 87986673 305 101689 2
S 88006672 305 101680 2
S 88026670 306 101684 2
S 88046669 305 101684 2
S 88066668 305 101684 2
S 88086667 305 101684 2
S 88106665 305 101680 2
S 88126664 305 101683 2
S 88146663 305 101684 2
S 88166662 305 101682 2
S 88186660 305 101682 2
S 88206659 305 101685 2
S 88226658 306 101688 2
S 88246657 305 101682 2
S 88266655 305 101682 2
S 88286654 305 101681 2
S 88306653 306 101685 2
S 88326652 306 101681 2
S 88346650 305 101679 2
S 88366649 306 101681 2
S 88386648 305 101681 2
S 88406647 305 101680 2
S 88426645 305 101676 2
S 88446644 305 101682 2
S 88466643 305 101683 2
S 88486642 305 101682 2
S 88506640 306 101688 2
S 88526639 305 101682 2
S 88546638 306 101685 2
S 88566637 305 101685 2
S 88586635 306 101684 2
S 88606634 305 101683 2
S 88626633 306 101685 2
S 88646632 305 101682 2
S 88666630 305 101685 2
S 88686629 305 101685 2
S 88706628 305 101681 2
S 88726627 305 101685 2
S 88746625 306 101688 2
S 88766624 305 101684 2
S 88786623 305 101682 2
S 88806622 306 101688 2
S 88826620 306 101688 2
S 88846619 306 101691 2
S 88866618 305 101684 2
S 88886617 306 101691 2
S 88906615 306 101688 2
S 88926614 305 101692 2
S 88946613 305 101684 2
S 88966612 305 101680 2
S 88986610 305 101682 2
S 89006609 305 101683 2
S 89026608 305 101683 2
S 89046607 305 101683 2
S 89066605 305 101683 2
S 89086604 305 101682 2
S 89106603 305 101685 2
S 89126602 306 101691 2
S 89146600 305 101687 2
S 89166599 305 101680 2
S 89186598 305 101680 2
S 89206597 305 101685 2
S 89226595 305 101681 2
S 89246594 305 101682 2
S 89266593 305 101687 2
S 89286592 305 101681 2
S 89306590 305 101681 2
S 89326589 305 101682 2
S 89346588 305 101685 2
S 89366587 306 101687 2
S 89386585 305 101685 2
S 89406584 305 101683 2
S 89426583 306 101689 2
S 89446582 305 101682 2
S 89466580 305 101684 2
S 89486579 305 101687 2
S 89506578 305 101687 2
S 89526577 305 101683 2
S 89546575 305 101682 2
S 89566574 306 101694 2
S 89586573 305 101685 2
S 89606572 305 101683 2
S 89626570 305 101680 2
S 89646569 305 101681 2
S 89666568 305 101680 2
S 89686567 306 101686 2
S 89706565 306 101686 2
S 89726564 306 101685 2
S 89746563 305 101682 2
S 89766562 306 101685 2
S 89786560 305 101680 2
S 89806559 305 101682 2
S 89826558 305 101688 2
S 89846557 305 101682 2
S 89866555 305 101683 2
S 89886554 306 101695 2
S 89906553 306 101697 2
S 89926552 305 101689 2
S 89946550 305 101688 2
S 89966549 305 101686 2
S 89986548 305 101684 2
S 90006547 305 101685 2
S 90026545 305 101685 2
S 90046544 306 101689 2
S 90066543 305 101687 2
S 90086542 305 101687 2
S 90106540 305 101685 2
S 90126539 305 101686 2
S 90146538 305 101681 2
S 90166537 306 101686 2
S 90186535 305 101684 2
S 90206534 306 101686 2
S 90226533 305 101685 2
S 90246532 305 101685 2
S 90266530 305 101687 2
S 90286529 305 101689 2
S 90306528 305 101685 2
S 90326527 305 101685 2
S 90346525 305 101682 2
S 90366524 306 101688 2
S 90386523 305 101683 2
S 90406522 305 101684 2
S 90426520 306 101691 2
S 90446519 305 101690 2
S 90466518 305 101686 2
S 90486517 305 101682 2
S 90506515 305 101680 2
S 90526514 305 101682 2
S 90546513 306 101694 2
S 90566512 305 101682 2
S 90586510 305 101685 2
S 90606509 305 101685 2
S 90626508 306 101688 2
S 90646507 305 101690 2
S 90666505 305 101681 2
S 90686504 305 101682 2
S 90706503 305 101683 2
S 90726502 305 101683 2
S 90746500 305 101683 2
S 90766499 305 101681 2
S 90786498 305 101682 2
S 90806497 305 101680 2
S 90826495 305 101680 2
S 90846494 305 101686 2
S 90866493 305 101684 2
S 90886492 305 101687 2
S 90906490 306 101689 2
S 90926489 306 101688 2
S 90946488 306 101685 2
S 90966487 305 101682 2
S 90986485 305 101683 2
S 91006484 305 101682 2
S 91026483 305 101684 2
S 91046482 305 101682 2
S 91066480 305 101680 2
S 91086479 305 101684 2
S 91106478 305 101682 2
S 91126477 306 101692 2
S 91146475 305 101680 2
S 91166474 305 101681 2
S 91186473 305 101682 2
S 91206472 305 101682 2
S 91226470 305 101682 2
S 91246469 305 101685 2
S 91266468 305 101682 2
S 91286467 305 101682 2
S 91306465 306 101690 2
S 91326464 305 101682 2
S 91346463 305 101687 2
S 91366462 306 101683 2
S 91386460 305 101680 2
S 91406459 305 101679 2
S 91426458 305 101682 2
S 91446457 305 101677 2
S 91466455 305 101677 2
S 91486454 305 101680 2
S 91506453 305 101682 2
S 91526452 305 101681 2
S 91546450 305 101679 2
S 91566449 305 101679 2
S 91586448 306 101688 2
S 91606447 305 101685 2
S 91626445 306 101685 2
S 91646444 305 101677 2
S 91666443 305 101682 2
S 91686442 305 101681 2
S 91706440 305 101684 2
S 91726439 306 101687 2
S 91746438 305 101682 2
S 91766437 305 101680 2
S 91786435 305 101681 2
S 91806434 305 101682 2
S 91826433 305 101682 2
S 91846432 305 101681 2
S 91866430 305 101682 2
S 91886429 305 101682 2
S 91906428 306 101685 2
S 91926427 305 101682 2
S 91946425 305 101680 2
S 91966424 306 101688 2
S 91986423 305 101684 2
S 92006422 305 101686 2
S 92026420 305 101682 2
S 92046419 305 101683 2
S 92066418 306 101688 2
S 92086417 306 101691 2
S 92106415 305 101682 2
S 92126414 306 101691 2
S 92146413 305 101684 2
S 92166412 305 101681 2
S 92186410 305 101685 2
S 92206409 305 101682 2
S 92226408 305 101682 2
S 92246407 305 101682 2
S 92266405 305 101680 2
S 92286404 306 101682 2
S 92306403 305 101685 2
S 92326402 305 101682 2
S 92346400 305 101684 2
S 92366399 305 101685 2
S 92386398 305 101686 2
S 92406397 305 101683 2
S 92426395 305 101680 2
S 92446394 305 101682 2
S 92466393 305 101687 2
S 92486392 306 101696 2
S 92506390 305 101684 2
S 92526389 306 101691 2
S 92546388 306 101689 2
S 92566387 305 101681 2
S 92586385 305 101683 2
S 92606384 305 101679 2
S 92626383 305 101682 2
S 92646382 305 101682 2
S 92666380 305 101677 2
S 92686379 305 101679 2
S 92706378 305 101674 2
S 92726377 305 101678 2
S 92746375 305 101677 2
S 92766374 305 101682 2
S 92786373 305 101681 2
S 92806372 305 101685 2
S 92826370 306 101682 2
S 92846369 305 101678 2
S 92866368 305 101683 2
S 92886367 306 101685 2
S 92906365 305 101682 2
S 92926364 306 101688 2
S 92946363 306 101684 2
S 92966362 306 101685 2
S 92986360 306 101686 2
S 93006359 305 101684 2
S 93026358 305 101682 2
S 93046357 305 101682 2
S 93066355 305 101677 2
S 93086354 305 101676 2
S 93106353 305 101677 2
S 93126352 305 101682 2
S 93146350 305 101680 2
S 93166349 305 101681 2
S 93186348 306 101684 2
S 93206347 306 101681 2
S 93226345 305 101680 2
S 93246344 305 101677 2
S 93266343 305 101681 2
S 93286342 305 101682 2
S 93306340 305 101682 2
S 93326339 305 101683 2
S 93346338 305 101681 2
S 93366337 305 101677 2
S 93386335 305 101681 2
S 93406334 305 101677 2
S 93426333 305 101681 2
S 93446332 306 101681 2
S 93466330 305 101683 2
S 93486329 306 101686 2
S 93506328 305 101684 2
S 93526327 305 101677 2
S 93546325 305 101682 2
S 93566324 305 101680 2
S 93586323 305 101682 2
S 93606322 305 101684 2
S 93626320 305 101683 2
S 93646319 305 101684 2
S 93666318 305 101682 2
S 93686317 305 101683 2
S 93706315 305 101685 2
S 93726314 306 101691 2
S 93746313 305 101685 2
S 93766312 305 101681 2
S 93786310 305 101685 2
S 93806309 305 101685 2
S 93826308 305 101687 2
S 93846307 306 101687 2
S 93866305 306 101682 2
S 93886304 306 101682 2
S 93906303 305 101682 2
S 93926302 305 101678 2
S 93946300 305 101682 2
S 93966299 305 101680 2
S 93986298 305 101682 2
S 94006297 305 101681 2
S 94026295 306 101691 2
S 94046294 305 101682 2
S 94066293 305 101682 2
S 94086292 305 101682 2
S 94106290 305 101682 2
S 94126289 306 101683 2
S 94146288 305 101681 2
S 94166287 305 101680 2
S 94186285 305 101682 2
S 94206284 306 101689 2
S 94226283 305 101685 2
S 94246282 305 101684 2
S 94266280 305 101685 2
S 94286279 305 101682 2
S 94306278 305 101677 2
S 94326277 305 101685 2
S 94346275 305 101682 2
S 94366274 305 101682 2
S 94386273 305 101682 2
S 94406272 305 101682 2
S 94426270 305 101682 2
S 94446269 305 101681 2
S 94466268 305 101684 2
S 94486267 305 101686 2
S 94506265 305 101685 2
S 94526264 306 101691 2
S 94546263 305 101685 2
S 94566262 305 101684 2
S 94586260 305 101681 2
S 94606259 305 101681 2
S 94626258 305 101682 2
S 94646257 305 101678 2
S 94666255 305 101677 2
S 94686254 305 101677 2
S 94706253 306 101686 2
S 94726252 305 101681 2
S 94746250 305 101676 2
S 94766249 305 101682 2
S 94786248 305 101671 2
S 94806247 305 101682 2
S 94826245 306 101686 2
S 94846244 305 101678 2
S 94866243 305 101683 2
S 94886242 306 101689 2
S 94906240 305 101684 2
S 94926239 305 101682 2
S 94946238 305 101684 2
S 94966237 305 101678 2
S 94986235 305 101680 2
S 95006234 305 101679 2
S 95026233 305 101681 2
S 95046232 306 101685 2
S 95066230 305 101682 2
S 95086229 305 101680 2
S 95106228 306 101685 2
S 95126227 305 101682 2
S 95146225 305 101682 2
S 95166224 305 101685 2
S 95186223 305 101683 2
S 95206222 305 101683 2
S 95226220 305 101682 2
S 95246219 306 101685 2
S 95266218 305 101685 2
S 95286217 306 101690 2
S 95306215 305 101685 2
S 95326214 306 101685 2
S 95346213 306 101691 2
S 95366212 306 101685 2
S 95386210 305 101685 2
S 95406209 305 101683 2
S 95426208 305 101685 2
S 95446207 305 101680 2
S 95466205 305 101682 2
S 95486204 305 101683 2
S 95506203 305 101682 2
S 95526202 306 101686 2
S 95546200 306 101689 2
S 95566199 306 101684 2
S 95586198 305 101683 2
S 95606197 305 101688 2
S 95626195 306 101687 2
S 95646194 306 101685 2
S 95666193 306 101688 2
S 95686192 306 101685 2
S 95706190 306 101684 2
S 95726189 305 101682 2
S 95746188 306 101686 2
S 95766187 305 101678 2
S 95786185 305 101682 2
S 95806184 305 101682 2
S 95826183 306 101686 2
S 95846182 305 101680 2
S 95866180 305 101681 2
S 95886179 305 101682 2
S 95906178 306 101684 2
S 95926177 305 101682 2
S 95946175 305 101681 2
S 95966174 305 101680 2
S 95986173 305 101680 2
S 96006172 305 101678 2
S 96026170 305 101682 2
S 96046169 305 101685 2
S 96066168 305 101680 2
S 96086167 306 101683 2
S 96106165 305 101687 2
S 96126164 305 101682 2
S 96146163 305 101682 2
S 96166162 305 101676 2
S 96186160 305 101680 2
S 96206159 305 101682 2
S 96226158 306 101684 2
S 96246157 305 101679 2
S 96266155 305 101682 2
S 96286154 305 101679 2
S 96306153 306 101683 2
S 96326152 305 101682 2
S 96346150 305 101682 2
S 96366149 305 101683 2
S 96386148 305 101682 2
S 96406147 305 101680 2
S 96426145 306 101682 2
S 96446144 305 101674 2
S 96466143 306 101686 2
S 96486142 305 101677 2
S 96506140 305 101680 2
S 96526139 305 101684 2
S 96546138 305 101681 2
S 96566137 305 101682 2
S 96586135 306 101683 2
S 96606134 305 101678 2
S 96626133 305 101672 2
S 96646132 305 101680 2
S 96666130 305 101680 2
S 96686129 305 101680 2
S 96706128 305 101681 2
S 96726127 305 101676 2
S 96746125 305 101679 2
S 96766124 305 101682 2
S 96786123 306 101686 2
S 96806122 305 101679 2
S 96826120 305 101680 2
S 96846119 305 101682 2
S 96866118 305 101674 2
S 96886117 305 101679 2
S 96906115 305 101680 2
S 96926114 305 101679 2
S 96946113 305 101680 2
S 96966112 305 101680 2
S 96986110 305 101674 2
S 97006109 305 101676 2
S 97026108 305 101680 2
S 97046107 306 101681 2
S 97066105 305 101676 2
S 97086104 305 101676 2
S 97106103 305 101677 2
S 97126102 305 101674 2
S 97146100 305 101677 2
S 97166099 305 101680 2
S 97186098 305 101680 2
S 97206097 306 101682 2
S 97226095 306 101691 2
S 97246094 305 101682 2
S 97266093 305 101679 2
S 97286092 305 101681 2
S 97306090 305 101678 2
S 97326089 305 101676 2
S 97346088 305 101679 2
S 97366087 305 101680 2
S 97386085 306 101680 2
S 97406084 305 101682 2
S 97426083 305 101677 2
S 97446082 305 101683 2
S 97466080 305 101678 2
S 97486079 305 101681 2
S 97506078 305 101680 2
S 97526077 305 101680 2
S 97546075 305 101682 2
S 97566074 305 101680 2
S 97586073 306 101684 2
S 97606072 305 101677 2
S 97626070 305 101682 2
S 97646069 306 101688 2
S 97666068 305 101677 2
S 97686067 305 101682 2
S 97706065 305 101682 2
S 97726064 305 101682 2
S 97746063 306 101685 2
S 97766062 305 101679 2
S 97786060 305 101677 2
S 97806059 305 101679 2
S 97826058 305 101682 2
S 97846057 305 101681 2
S 97866055 306 101685 2
S 97886054 305 101677 2
S 97906053 305 101677 2
S 97926052 306 101682 2
S 97946050 305 101676 2
S 97966049 305 101679 2
S 97986048 306 101684 2
S 98006047 305 101682 2
S 98026045 305 101682 2
S 98046044 305 101675 2
S 98066043 305 101680 2
S 98086042 305 101678 2
S 98106040 305 101677 2
S 98126039 305 101676 2
S 98146038 305 101678 2
S 98166037 305 101679 2
S 98186035 305 101680 2
S 98206034 305 101680 2
S 98226033 305 101681 2
S 98246032 305 101676 2
S 98266030 305 101682 2
S 98286029 305 101682 2
S 98306028 305 101681 2
S 98326027 305 101680 2
S 98346025 305 101677 2
S 98366024 305 101677 2
S 98386023 305 101676 2
S 98406022 305 101677 2
S 98426020 305 101677 2
S 98446019 305 101679 2
S 98466018 305 101680 2
S 98486017 305 101680 2
S 98506015 305 101679 2
S 98526014 305 101681 2
S 98546013 305 101682 2
S 98566012 306 101684 2
S 98586010 306 101682 2
S 98606009 306 101684 2
S 98626008 306 101690 2
S 98646007 305 101680 2
S 98666005 306 101685 2
S 98686004 305 101685 2
S 98706003 306 101691 2
S 98726002 305 101682 2
S 98746000 305 101685 2
S 98765999 305 101685 2
S 98785998 305 101680 2
S 98805997 305 101682 2
S 98825995 305 101680 2
S 98845994 305 101682 2
S 98865993 306 101687 2
S 98885992 306 101688 2
S 98905990 305 101680 2
S 98925989 306 101681 2
S 98945988 306 101688 2
S 98965987 305 101682 2
S 98985985 305 101689 2
S 99005984 305 101685 2
S 99025983 305 101680 2
S 99045982 305 101683 2
S 99065980 305 101682 2
S 99085979 305 101682 2
S 99105978 305 101680 2
S 99125977 305 101679 2
S 99145975 305 101678 2
S 99165974 305 101680 2
S 99185973 305 101677 2
S 99205972 305 101682 2
S 99225970 305 101680 2
S 99245969 305 101690 2
S 99265968 305 101682 2
S 99285967 305 101674 2
S 99305965 305 101682 2
S 99325964 305 101677 2
S 99345963 305 101682 2
S 99365962 305 101682 2
S 99385960 305 101682 2
S 99405959 306 101681 2
S 99425958 305 101676 2
S 99445957 305 101674 2
S 99465955 305 101680 2
S 99485954 305 101678 2
S 99505953 305 101682 2
S 99525952 305 101678 2
S 99545950 305 101675 2
S 99565949 305 101677 2
S 99585948 305 101676 2
S 99605947 305 101676 2
S 99625945 305 101677 2
S 99645944 305 101676 2
S 99665943 305 101676 2
S 99685942 306 101682 2
S 99705940 305 101687 2
S 99725939 305 101683 2
S 99745938 305 101680 2
S 99765937 305 101681 2
S 99785935 305 101682 2
S 99805934 305 101681 2
S 99825933 305 101677 2
S 99845932 305 101674 2
S 99865930 305 101682 2
S 99885929 305 101685 2
S 99905928 306 101689 2
S 99925927 305 101680 2
S 99945925 305 101683 2
S 99965924 305 101680 2
S 99985923 305 101680 2
S 100005922 305 101681 2
S 100025920 305 101680 2
S 100045919 305 101685 2
S 100065918 305 101680 2
S 100085917 306 101685 2
S 100105915 306 101686 2
S 100125914 305 101682 2
S 100145913 305 101682 2
S 100165912 306 101683 2
S 100185910 306 101682 2
S 100205909 306 101682 2
S 100225908 306 101682 2
S 100245907 305 101682 2
S 100265905 306 101685 2
S 100285904 305 101682 2
S 100305903 305 101684 2
S 100325902 306 101684 2
S 100345900 305 101682 2
S 100365899 306 101686 2
S 100385898 306 101688 2
S 100405897 305 101681 2
S 100425895 305 101681 2
S 100445894 306 101686 2
S 100465893 305 101680 2
S 100485892 306 101685 2
S 100505890 305 101680 2
S 100525889 306 101688 2
S 100545888 305 101680 2
S 100565887 306 101686 2
S 100585885 305 101680 2
S 100605884 305 101679 2
S 100625883 306 101690 2
S 100645882 305 101686 2
S 100665880 305 101682 2
S 100685879 305 101684 2
S 100705878 305 101680 2
S 100725877 305 101680 2
S 100745875 305 101677 2
S 100765874 305 101682 2
S 100785873 306 101682 2
S 100805872 305 101677 2
S 100825870 306 101684 2
S 100845869 305 101680 2
S 100865868 305 101681 2
S 100885867 305 101685 2
S 100905865 305 101688 2
S 100925864 305 101685 2
S 100945863 305 101683 2
S 100965862 305 101678 2
S 100985860 306 101686 2
S 101005859 305 101682 2
S 101025858 305 101681 2
S 101045857 306 101685 2
S 101065855 305 101682 2
S 101085854 305 101689 2
S 101105853 305 101684 2
S 101125852 305 101682 2
S 101145850 306 101685 2
S 101165849 305 101682 2
S 101185848 305 101684 2
S 101205847 305 101678 2
S 101225845 305 101683 2
S 101245844 306 101688 2
S 101265843 306 101689 2
S 101285842 305 101680 2
S 101305840 305 101681 2
S 101325839 305 101682 2
S 101345838 306 101682 2
S 101365837 305 101682 2
S 101385835 305 101680 2
S 101405834 305 101685 2
S 101425833 306 101688 2
S 101445832 305 101684 2
S 101465830 305 101680 2
S 101485829 305 101683 2
S 101505828 305 101685 2
S 101525827 306 101687 2
S 101545825 305 101680 2
S 101565824 306 101688 2
S 101585823 305 101679 2
S 101605822 305 101685 2
S 101625820 306 101690 2
S 101645819 306 101685 2
S 101665818 305 101682 2
S 101685817 305 101685 2
S 101705815 306 101687 2
S 101725814 305 101682 2
S 101745813 305 101682 2
S 101765812 305 101682 2
S 101785810 306 101694 2
S 101805809 305 101685 2
S 101825808 305 101688 2
S 101845807 305 101682 2
S 101865805 306 101685 2
S 101885804 305 101683 2
S 101905803 306 101689 2
S 101925802 305 101687 2
S 101945800 306 101692 2
S 101965799 306 101688 2
S 101985798 305 101684 2
S 102005797 305 101682 2
S 102025795 306 101688 2
S 102045794 305 101684 2
S 102065793 305 101688 2
S 102085792 305 101685 2
S 102105790 305 101682 2
S 102125789 306 101688 2
S 102145788 305 101681 2
S 102165787 305 101679 2
S 102185785 305 101682 2
S 102205784 305 101679 2
S 102225783 305 101682 2
S 102245782 305 101679 2
S 102265780 305 101678 2
S 102285779 305 101677 2
S 102305778 305 101680 2
S 102325777 305 101674 2
S 102345775 305 101679 2
S 102365774 305 101680 2
S 102385773 305 101680 2
S 102405772 305 101679 2
S 102425770 306 101684 2
S 102445769 305 101677 2
S 102465768 305 101677 2
S 102485767 305 101683 2
S 102505765 305 101680 2
S 102525764 306 101684 2
S 102545763 305 101684 2
S 102565762 305 101680 2
S 102585760 305 101680 2
S 102605759 305 101681 2
S 102625758 305 101680 2
S 102645757 305 101677 2
S 102665755 305 101682 2
S 102685754 305 101682 2
S 102705753 305 101675 2
S 102725752 305 101680 2
S 102745750 305 101674 2
S 102765749 305 101680 2
S 102785748 306 101682 2
S 102805747 305 101685 2
S 102825745 305 101682 2
S 102845744 305 101682 2
S 102865743 306 101690 2
S 102885742 305 101684 2
S 102905740 306 101694 2
S 102925739 305 101677 2
S 102945738 305 101681 2
S 102965737 305 101677 2
S 102985735 306 101683 2
S 103005734 305 101679 2
S 103025733 305 101680 2
S 103045732 305 101680 2
S 103065730 305 101682 2
S 103085729 306 101688 2
S 103105728 306 101685 2
S 103125727 305 101676 2
S 103145725 305 101678 2
S 103165724 306 101682 2
S 103185723 306 101682 2
S 103205722 305 101682 2
S 103225720 306 101689 2
S 103245719 306 101690 2
S 103265718 305 101682 2
S 103285717 306 101683 2
S 103305715 305 101680 2
S 103325714 306 101683 2
S 103345713 305 101680 2
S 103365712 306 101690 2
S 103385710 306 101690 2
S 103405709 305 101682 2
S 103425708 305 101680 2
S 103445707 305 101682 2
S 103465705 306 101686 2
S 103485704 306 101686 2
S 103505703 305 101685 2
S 103525702 306 101692 2
S 103545700 306 101692 2
S 103565699 306 101688 2
S 103585698 305 101688 2
S 103605697 305 101684 2
S 103625695 306 101689 2
S 103645694 305 101682 2
S 103665693 305 101678 2
S 103685692 305 101682 2
S 103705690 305 101674 2
S 103725689 305 101680 2
S 103745688 306 101690 2
S 103765687 305 101678 2
S 103785685 305 101677 2
S 103805684 305 101678 2
S 103825683 305 101682 2
S 103845682 305 101677 2
S 103865680 305 101677 2
S 103885679 305 101674 2
S 103905678 305 101681 2
S 103925677 305 101676 2
S 103945675 305 101677 2
S 103965674 306 101680 2
S 103985673 306 101680 2
S 104005672 306 101680 2
S 104025670 306 101690 2
S 104045669 306 101680 2
S 104065668 305 101685 2
S 104085667 306 101686 2
S 104105665 305 101684 2
S 104125664 305 101682 2
S 104145663 306 101680 2
S 104165662 305 101681 2
S 104185660 305 101678 2
S 104205659 306 101679 2
S 104225658 306 101677 2
S 104245657 305 101676 2
S 104265655 306 101683 2
S 104285654 305 101680 2
S 104305653 305 101684 2
S 104325652 306 101686 2
S 104345650 305 101680 2
S 104365649 306 101682 2
S 104385648 306 101689 2
S 104405647 305 101680 2
S 104425645 305 101681 2
S 104445644 306 101682 2
S 104465643 306 101683 2
S 104485642 306 101684 2
S 104505640 306 101685 2
S 104525639 305 101683 2
S 104545638 305 101678 2
S 104565637 306 101680 2
S 104585635 305 101677 2
S 104605634 305 101675 2
S 104625633 305 101677 2
S 104645632 306 101684 2
S 104665630 305 101679 2
S 104685629 305 101681 2
S 104705628 305 101681 2
S 104725627 305 101678 2
S 104745625 305 101680 2
S 104765624 305 101678 2
S 104785623 305 101680 2
S 104805622 306 101686 2
S 104825620 305 101680 2
S 104845619 305 101680 2
S 104865618 305 101682 2
S 104885617 305 101682 2
S 104905615 305 101680 2
S 104925614 305 101677 2
S 104945613 305 101681 2
S 104965612 306 101684 2
S 104985610 306 101682 2
S 105005609 305 101680 2
S 105025608 305 101677 2
S 105045607 305 101680 2
S 105065605 306 101691 2
S 105085604 306 101683 2
S 105105603 305 101677 2
S 105125602 305 101674 2
S 105145600 306 101679 2
S 105165599 306 101678 2
S 105185598 305 101677 2
S 105205597 305 101678 2
S 105225595 305 101682 2
S 105245594 305 101678 2
S 105265593 305 101675 2
S 105285592 305 101680 2
S 105305590 306 101688 2
S 105325589 305 101680 2
S 105345588 305 101682 2
S 105365587 305 101682 2
S 105385585 306 101682 2
S 105405584 306 101685 2
S 105425583 306 101681 2
S 105445582 305 101679 2
S 105465580 306 101683 2
S 105485579 305 101679 2
S 105505578 306 101685 2
S 105525577 305 101674 2
S 105545575 306 101678 2
S 105565574 305 101674 2
S 105585573 305 101672 2
S 105605572 305 101670 2
S 105625570 305 101674 2
S 105645569 306 101682 2
S 105665568 305 101682 2
S 105685567 305 101678 2
S 105705565 306 101687 2
S 105725564 305 101681 2
S 105745563 306 101683 2
S 105765562 305 101681 2
S 105785560 305 101682 2
S 105805559 306 101682 2
S 105825558 306 101682 2
S 105845557 306 101683 2
S 105865555 305 101681 2
S 105885554 306 101682 2
S 105905553 305 101680 2
S 105925552 306 101684 2
S 105945550 305 101677 2
S 105965549 305 101677 2
S 105985548 305 101677 2
S 106005547 306 101683 2
S 106025545 306 101678 2
S 106045544 305 101677 2
S 106065543 305 101678 2
S 106085542 305 101680 2
S 106105540 305 101685 2
S 106125539 305 101676 2
S 106145538 306 101674 2
S 106165537 305 101670 2
S 106185535 306 101680 2
S 106205534 305 101671 2
S 106225533 306 101680 2
S 106245532 305 101674 2
S 106265530 305 101671 2
S 106285529 305 101676 2
S 106305528 306 101682 2
S 106325527 305 101682 2
S 106345525 306 101682 2
S 106365524 305 101682 2
S 106385523 305 101682 2
S 106405522 305 101675 2
S 106425520 306 101682 2
S 106445519 306 101682 2
S 106465518 305 101682 2
S 106485517 306 101686 2
S 106505515 306 101689 2
S 106525514 306 101685 2
S 106545513 306 101685 2
S 106565512 305 101681 2
S 106585510 305 101680 2
S 106605509 306 101686 2
S 106625508 306 101683 2
S 106645507 306 101685 2
S 106665505 306 101688 2
S 106685504 305 101681 2
S 106705503 306 101682 2
S 106725502 305 101679 2
S 106745500 305 101675 2
S 106765499 305 101681 2
S 106785498 306 101683 2
S 106805497 306 101688 2
S 106825495 305 101678 2
S 106845494 306 101685 2
S 106865493 305 101685 2
S 106885492 306 101686 2
S 106905490 305 101677 2
S 106925489 305 101676 2
S 106945488 306 101682 2
S 106965487 305 101676 2
S 106985485 305 101678 2
S 107005484 305 101679 2
S 107025483 305 101680 2
S 107045482 305 101680 2
S 107065480 306 101685 2
S 107085479 305 101680 2
S 107105478 306 101690 2
S 107125477 306 101682 2
S 107145475 305 101680 2
S 107165474 306 101683 2
S 107185473 306 101685 2
S 107205472 306 101689 2
S 107225470 306 101685 2
S 107245469 305 101680 2
S 107265468 305 101682 2
S 107285467 305 101681 2
S 107305465 306 101695 2
S 107325464 305 101680 2
S 107345463 306 101688 2
S 107365462 305 101680 2
S 107385460 305 101682 2
S 107405459 305 101680 2
S 107425458 306 101687 2
S 107445457 306 101684 2
S 107465455 305 101679 2
S 107485454 305 101681 2
S 107505453 306 101687 2
S 107525452 305 101674 2
S 107545450 305 101680 2
S 107565449 306 101678 2
S 107585448 306 101682 2
S 107605447 306 101682 2
S 107625445 306 101685 2
S 107645444 305 101680 2
S 107665443 305 101679 2
S 107685442 306 101685 2
S 107705440 305 101679 2
S 107725439 305 101681 2
S 107745438 306 101687 2
S 107765437 306 101680 2
S 107785435 305 101674 2
S 107805434 306 101682 2
S 107825433 306 101686 2
S 107845432 306 101681 2
S 107865430 306 101682 2
S 107885429 305 101681 2
S 107905428 305 101680 2
S 107925427 306 101681 2
S 107945425 306 101684 2
S 107965424 305 101678 2
S 107985423 306 101682 2
S 108005422 305 101683 2
S 108025420 306 101692 2
S 108045419 306 101684 2
S 108065418 306 101686 2
S 108085417 306 101683 2
S 108105415 305 101672 2
S 108125414 305 101680 2
S 108145413 305 101682 2
S 108165412 306 101680 2
S 108185410 305 101679 2
S 108205409 306 101688 2
S 108225408 306 101687 2
S 108245407 305 101682 2
S 108265405 305 101682 2
S 108285404 306 101686 2
S 108305403 306 101685 2
S 108325402 306 101685 2
S 108345400 305 101681 2
S 108365399 306 101688 2
S 108385398 306 101685 2
S 108405397 306 101685 2
S 108425395 306 101688 2
S 108445394 306 101687 2
S 108465393 306 101682 2
S 108485392 306 101689 2
S 108505390 306 101691 2
S 108525389 305 101686 2
S 108545388 306 101686 2
S 108565387 306 101685 2
S 108585385 305 101685 2
S 108605384 305 101679 2
S 108625383 306 101688 2
S 108645382 306 101685 2
S 108665380 306 101684 2
S 108685379 306 101688 2
S 108705378 305 101682 2
S 108725377 306 101690 2
S 108745375 306 101684 2
S 108765374 306 101691 2
S 108785373 305 101679 2
S 108805372 306 101691 2
S 108825370 306 101683 2
S 108845369 306 101685 2
S 108865368 306 101685 2
S 108885367 306 101690 2
S 108905365 306 101688 2
S 108925364 306 101683 2
S 108945363 305 101681 2
S 108965362 306 101683 2
S 108985360 306 101683 2
S 109005359 305 101678 2
S 109025358 306 101685 2
S 109045357 306 101684 2
S 109065355 306 101690 2
S 109085354 306 101685 2
S 109105353 306 101691 2
S 109125352 305 101681 2
S 109145350 306 101680 2
S 109165349 306 101682 2
S 109185348 305 101682 2
S 109205347 306 101688 2
S 109225345 305 101681 2
S 109245344 306 101686 2
S 109265343 306 101688 2
S 109285342 305 101680 2
S 109305340 305 101679 2
S 109325339 306 101688 2
S 109345338 306 101684 2
S 109365337 306 101684 2
S 109385335 306 101686 2
S 109405334 305 101682 2
S 109425333 306 101687 2
S 109445332 306 101688 2
S 109465330 306 101689 2
S 109485329 305 101682 2
S 109505328 305 101682 2
S 109525327 306 101684 2
S 109545325 306 101689 2
S 109565324 306 101686 2
S 109585323 306 101691 2
S 109605322 306 101682 2
S 109625320 306 101683 2
S 109645319 305 101681 2
S 109665318 306 101688 2
S 109685317 305 101682 2
S 109705315 306 101682 2
S 109725314 306 101679 2
S 109745313 306 101682 2
S 109765312 306 101686 2
S 109785310 306 101682 2
S 109805309 306 101685 2
S 109825308 306 101680 2
S 109845307 306 101682 2
S 109865305 306 101685 2
S 109885304 306 101682 2
S 109905303 306 101684 2
S 109925302 305 101674 2
S 109945300 306 101682 2
S 109965299 305 101679 2
S 109985298 306 101691 2
S 110005297 306 101684 2
S 110025295 306 101686 2
S 110045294 306 101690 2
S 110065293 306 101684 2
S 110085292 305 101683 2
S 110105290 306 101685 2
S 110125289 305 101684 2
S 110145288 306 101688 2
S 110165287 306 101683 2
S 110185285 306 101680 2
S 110205284 306 101684 2
S 110225283 306 101684 2
S 110245282 305 101680 2
S 110265280 306 101682 2
S 110285279 306 101686 2
S 110305278 306 101686 2
S 110325277 306 101685 2
S 110345275 306 101678 2
S 110365274 306 101685 2
S 110385273 306 101682 2
S 110405272 305 101677 2
S 110425270 306 101687 2
S 110445269 306 101682 2
S 110465268 306 101681 2
S 110485267 306 101691 2
S 110505265 306 101681 2
S 110525264 306 101688 2
S 110545263 306 101689 2
S 110565262 305 101683 2
S 110585260 305 101685 2
S 110605259 306 101683 2
S 110625258 306 101682 2
S 110645257 306 101685 2
S 110665255 306 101682 2
S 110685254 306 101682 2
S 110705253 306 101682 2
S 110725252 306 101686 2
S 110745250 306 101687 2
S 110765249 306 101680 2
S 110785248 306 101683 2
S 110805247 306 101685 2
S 110825245 306 101682 2
S 110845244 306 101686 2
S 110865243 306 101688 2
S 110885242 306 101682 2
S 110905240 306 101685 2
S 110925239 306 101688 2
S 110945238 306 101685 2
S 110965237 306 101685 2
S 110985235 306 101687 2
S 111005234 305 101677 2
S 111025233 306 101684 2
S 111045232 306 101682 2
S 111065230 306 101685 2
S 111085229 306 101688 2
S 111105228 306 101684 2
S 111125227 306 101683 2
S 111145225 306 101685 2
S 111165224 306 101687 2
S 111185223 306 101683 2
S 111205222 305 101681 2
S 111225220 306 101683 2
S 111245219 306 101678 2
S 111265218 306 101682 2
S 111285217 305 101680 2
S 111305215 306 101683 2
S 111325214 305 101671 2
S 111345213 305 101677 2
S 111365212 306 101678 2
S 111385210 305 101674 2
S 111405209 306 101682 2
S 111425208 306 101682 2
S 111445207 305 101676 2
S 111465205 306 101686 2
S 111485204 306 101689 2
S 111505203 306 101685 2
S 111525202 306 101681 2
S 111545200 306 101685 2
S 111565199 306 101682 2
S 111585198 306 101680 2
S 111605197 306 101688 2
S 111625195 306 101688 2
S 111645194 306 101682 2
S 111665193 305 101680 2
S 111685192 306 101683 2
S 111705190 306 101687 2
S 111725189 306 101681 2
S 111745188 306 101687 2
S 111765187 306 101688 2
S 111785185 306 101689 2
S 111805184 306 101679 2
S 111825183 305 101677 2
S 111845182 306 101684 2
S 111865180 306 101677 2
S 111885179 306 101688 2
S 111905178 306 101680 2
S 111925177 306 101682 2
S 111945175 306 101682 2
S 111965174 306 101680 2
S 111985173 306 101685 2
S 112005172 306 101680 2
S 112025170 306 101688 2
S 112045169 306 101680 2
S 112065168 306 101680 2
S 112085167 306 101682 2
S 112105165 306 101682 2
S 112125164 306 101687 2
S 112145163 306 101682 2
S 112165162 306 101684 2
S 112185160 306 101683 2
S 112205159 306 101688 2
S 112225158 306 101684 2
S 112245157 306 101684 2
S 112265155 306 101688 2
S 112285154 306 101681 2
S 112305153 306 101685 2
S 112325152 306 101677 2
S 112345150 306 101677 2
S 112365149 306 101684 2
S 112385148 306 101686 2
S 112405147 305 101677 2
S 112425145 306 101684 2
S 112445144 306 101680 2
S 112465143 306 101673 2
S 112485142 306 101683 2
S 112505140 306 101685 2
S 112525139 306 101681 2
S 112545138 306 101680 2
S 112565137 306 101686 2
S 112585135 306 101681 2
S 112605134 306 101689 2
S 112625133 306 101683 2
S 112645132 306 101682 2
S 112665130 306 101686 2
S 112685129 306 101681 2
S 112705128 306 101682 2
S 112725127 306 101682 2
S 112745125 306 101686 2
S 112765124 305 101674 2
S 112785123 306 101682 2
S 112805122 306 101682 2
S 112825120 306 101682 2
S 112845119 306 101674 2
S 112865118 306 101683 2
S 112885117 306 101677 2
S 112905115 306 101685 2
S 112925114 306 101685 2
S 112945113 306 101679 2
S 112965112 306 101685 2
S 112985110 306 101677 2
S 113005109 306 101682 2
S 113025108 306 101680 2
S 113045107 306 101680 2
S 113065105 306 101682 2
S 113085104 306 101688 2
S 113105103 306 101687 2
S 113125102 306 101683 2
S 113145100 306 101681 2
S 113165099 306 101688 2
S 113185098 306 101688 2
S 113205097 306 101680 2
S 113225095 306 101682 2
S 113245094 306 101684 2
S 113265093 306 101680 2
S 113285092 306 101675 2
S 113305090 306 101683 2
S 113325089 306 101685 2
S 113345088 306 101677 2
S 113365087 306 101682 2
S 113385085 306 101686 2
S 113405084 306 101683 2
S 113425083 306 101682 2
S 113445082 306 101686 2
S 113465080 306 101675 2
S 113485079 306 101680 2
S 113505078 306 101684 2
S 113525077 306 101682 2
S 113545075 306 101683 2
S 113565074 306 101688 2
S 113585073 306 101683 2
S 113605072 306 101686 2
S 113625070 306 101683 2
S 113645069 306 101682 2
S 113665068 306 101682 2
S 113685067 306 101683 2
S 113705065 306 101685 2
S 113725064 306 101683 2
S 113745063 306 101685 2
S 113765062 306 101685 2
S 113785060 306 101679 2
S 113805059 306 101687 2
S 113825058 306 101691 2
S 113845057 306 101681 2
S 113865055 306 101684 2
S 113885054 306 101685 2
S 113905053 306 101682 2
S 113925052 306 101685 2
S 113945050 306 101688 2
S 113965049 306 101691 2
S 113985048 306 101682 2
S 114005047 306 101685 2
S 114025045 306 101685 2
S 114045044 306 101686 2
S 114065043 306 101683 2
S 114085042 306 101681 2
S 114105040 306 101682 2
S 114125039 306 101685 2
S 114145038 306 101683 2
S 114165037 306 101681 2
S 114185035 306 101683 2
S 114205034 306 101684 2
S 114225033 306 101682 2
S 114245032 306 101684 2
S 114265030 306 101686 2
S 114285029 306 101682 2
S 114305028 305 101674 2
S 114325027 306 101682 2
S 114345025 305 101676 2
S 114365024 306 101685 2
S 114385023 306 101690 2
S 114405022 306 101693 2
S 114425020 306 101683 2
S 114445019 306 101687 2
S 114465018 306 101688 2
S 114485017 306 101680 2
S 114505015 306 101686 2
S 114525014 306 101681 2
S 114545013 306 101685 2
S 114565012 306 101686 2
S 114585010 306 101682 2
S 114605009 306 101683 2
S 114625008 306 101688 2
S 114645007 306 101683 2
S 114665005 306 101682 2
S 114685004 306 101682 2
S 114705003 306 101679 2
S 114725002 306 101682 2
S 114745000 306 101685 2
S 114764999 306 101685 2
S 114784998 306 101682 2
S 114804997 306 101685 2
S 114824995 306 101689 2
S 114844994 306 101685 2
S 114864993 306 101684 2
S 114884992 306 101691 2
S 114904990 306 101688 2
S 114924989 306 101686 2
S 114944988 306 101684 2
S 114964987 306 101682 2
S 114984985 306 101682 2
S 115004984 306 101689 2
S 115024983 306 101685 2
S 115044982 306 101689 2
S 115064980 306 101687 2
S 115084979 306 101689 2
S 115104978 306 101682 2
S 115124977 306 101690 2
S 115144975 306 101686 2
S 115164974 306 101691 2
S 115184973 306 101690 2
S 115204972 306 101688 2
S 115224970 306 101688 2
S 115244969 306 101685 2
S 115264968 306 101689 2
S 115284967 306 101682 2
S 115304965 306 101683 2
S 115324964 306 101688 2
S 115344963 306 101685 2
S 115364962 306 101686 2
S 115384960 306 101688 2
S 115404959 306 101687 2
S 115424958 306 101688 2
S 115444957 305 101680 2
S 115464955 306 101691 2
S 115484954 306 101687 2
S 115504953 306 101691 2
S 115524952 306 101687 2
S 115544950 306 101682 2
S 115564949 306 101686 2
S 115584948 306 101685 2
S 115604947 306 101691 2
S 115624945 306 101688 2
S 115644944 306 101685 2
S 115664943 306 101690 2
S 115684942 306 101690 2
S 115704940 306 101685 2
S 115724939 306 101689 2
S 115744938 306 101691 2
S 115764937 306 101686 2
S 115784935 306 101689 2
S 115804934 306 101686 2
S 115824933 306 101688 2
S 115844932 306 101691 2
S 115864930 306 101685 2
S 115884929 306 101683 2
S 115904928 306 101685 2
S 115924927 306 101686 2
S 115944925 306 101688 2
S 115964924 306 101680 2
S 115984923 306 101688 2
S 116004922 305 101676 2
S 116024920 306 101680 2
S 116044919 306 101687 2
S 116064918 306 101685 2
S 116084917 306 101690 2
S 116104915 306 101685 2
S 116124914 306 101685 2
S 116144913 306 101690 2
S 116164912 306 101688 2
S 116184910 305 101677 2
S 116204909 306 101679 2
S 116224908 306 101691 2
S 116244907 306 101689 2
S 116264905 306 101688 2
S 116284904 306 101685 2
S 116304903 306 101685 2
S 116324902 306 101684 2
S 116344900 306 101684 2
S 116364899 306 101682 2
S 116384898 306 101689 2
S 116404897 306 101686 2
S 116424895 306 101680 2
S 116444894 306 101680 2
S 116464893 306 101685 2
S 116484892 306 101685 2
S 116504890 306 101677 2
S 116524889 306 101681 2
S 116544888 306 101685 2
S 116564887 306 101681 2
S 116584885 306 101680 2
S 116604884 306 101685 2
S 116624883 305 101681 2
S 116644882 306 101686 2
S 116664880 306 101682 2
S 116684879 306 101686 2
S 116704878 306 101685 2
S 116724877 306 101682 2
S 116744875 306 101683 2
S 116764874 306 101680 2
S 116784873 306 101681 2
S 116804872 306 101685 2
S 116824870 306 101682 2
S 116844869 306 101677 2
S 116864868 306 101678 2
S 116884867 306 101680 2
S 116904865 306 101678 2
S 116924864 306 101682 2
S 116944863 306 101688 2
S 116964862 306 101685 2
S 116984860 306 101684 2
S 117004859 306 101682 2
S 117024858 306 101687 2
S 117044857 306 101687 2
S 117064855 306 101682 2
S 117084854 305 101680 2
S 117104853 306 101688 2
S 117124852 306 101685 2
S 117144850 306 101686 2
S 117164849 306 101686 2
S 117184848 306 101682 2
S 117204847 306 101680 2
S 117224845 306 101690 2
S 117244844 306 101684 2
S 117264843 306 101685 2
S 117284842 306 101682 2
S 117304840 306 101685 2
S 117324839 306 101693 2
S 117344838 306 101684 2
S 117364837 306 101692 2
S 117384835 306 101676 2
S 117404834 306 101682 2
S 117424833 306 101682 2
S 117444832 306 101685 2
S 117464830 306 101689 2
S 117484829 305 101677 2
S 117504828 306 101688 2
S 117524827 306 101687 2
S 117544825 306 101685 2
S 117564824 306 101680 2
S 117584823 306 101685 2
S 117604822 306 101691 2
S 117624820 306 101689 2
S 117644819 306 101686 2
S 117664818 306 101685 2
S 117684817 306 101683 2
S 117704815 306 101678 2
S 117724814 306 101682 2
S 117744813 306 101688 2
S 117764812 306 101682 2
S 117784810 306 101688 2
S 117804809 306 101691 2
S 117824808 306 101685 2
S 117844807 306 101688 2
S 117864805 306 101683 2
S 117884804 306 101683 2
S 117904803 305 101680 2
S 117924802 306 101685 2
S 117944800 306 101680 2
S 117964799 306 101683 2
S 117984798 306 101685 2
S 118004797 306 101684 2
S 118024795 306 101688 2
S 118044794 305 101680 2
S 118064793 306 101685 2
S 118084792 306 101683 2
S 118104790 306 101682 2
S 118124789 306 101685 2
S 118144788 306 101689 2
S 118164787 306 101683 2
S 118184785 306 101686 2
S 118204784 306 101684 2
S 118224783 306 101681 2
S 118244782 306 101689 2
S 118264780 306 101683 2
S 118284779 306 101684 2
S 118304778 306 101684 2
S 118324777 305 101674 2
S 118344775 306 101682 2
S 118364774 306 101688 2
S 118384773 306 101686 2
S 118404772 306 101684 2
S 118424770 306 101688 2
S 118444769 306 101691 2
S 118464768 306 101690 2
S 118484767 306 101691 2
S 118504765 306 101686 2
S 118524764 306 101685 2
S 118544763 306 101688 2
S 118564762 306 101693 2
S 118584760 306 101684 2
S 118604759 306 101686 2
S 118624758 306 101688 2
S 118644757 306 101688 2
S 118664755 306 101685 2
S 118684754 306 101690 2
S 118704753 306 101682 2
S 118724752 306 101685 2
S 118744750 306 101687 2
S 118764749 306 101688 2
S 118784748 306 101685 2
S 118804747 306 101683 2
S 118824745 306 101683 2
S 118844744 306 101682 2
S 118864743 306 101683 2
S 118884742 306 101688 2
S 118904740 306 101682 2
S 118924739 306 101683 2
S 118944738 306 101682 2
S 118964737 306 101688 2
S 118984735 306 101685 2
S 119004734 306 101685 2
S 119024733 306 101688 2
S 119044732 306 101685 2
S 119064730 306 101689 2
S 119084729 306 101686 2
S 119104728 306 101688 2
S 119124727 306 101692 2
S 119144725 306 101686 2
S 119164724 306 101686 2
S 119184723 306 101687 2
S 119204722 306 101683 2
S 119224720 306 101685 2
S 119244719 306 101687 2
S 119264718 306 101690 2
S 119284717 306 101686 2
S 119304715 306 101695 2
S 119324714 306 101691 2
S 119344713 306 101690 2
S 119364712 306 101690 2
S 119384710 306 101691 2
S 119404709 306 101691 2
S 119424708 306 101693 2
S 119444707 306 101691 2
S 119464705 306 101689 2
S 119484704 306 101687 2
S 119504703 306 101682 2
S 119524702 306 101688 2
S 119544700 306 101684 2
S 119564699 306 101691 2
S 119584698 306 101688 2
S 119604697 306 101686 2
S 119624695 306 101688 2
S 119644694 306 101691 2
S 119664693 306 101688 2
S 119684692 306 101691 2
S 119704690 306 101685 2
S 119724689 306 101686 2
S 119744688 306 101685 2
S 119764687 306 101687 2
S 119784685 306 101687 2
S 119804684 306 101689 2
S 119824683 306 101682 2
S 119844682 306 101688 2
S 119864680 306 101687 2
S 119884679 306 101683 2
S 119904678 306 101686 2
S 119924677 306 101682 2
S 119944675 306 101688 2
S 119964674 306 101688 2
S 119984673 306 101689 2
S 120004672 306 101684 2
S 120024670 306 101685 2
S 120044669 306 101686 2
S 120064668 305 101682 2
S 120084667 306 101691 2
S 120104665 306 101688 2
S 120124664 306 101689 2
S 120144663 306 101689 2
S 120164662 306 101694 2
S 120184660 306 101691 2
S 120204659 306 101690 2
S 120224658 306 101687 2
S 120244657 306 101687 2
S 120264655 306 101691 2
S 120284654 306 101689 2
S 120304653 306 101688 2
S 120324652 306 101690 2
S 120344650 306 101691 2
S 120364649 306 101690 2
S 120384648 306 101682 2
S 120404647 306 101690 2
S 120424645 306 101686 2
S 120444644 306 101685 2
S 120464643 306 101684 2
S 120484642 306 101683 2
S 120504640 306 101683 2
S 120524639 306 101685 2
S 120544638 306 101688 2
S 120564637 306 101688 2
S 120584635 306 101682 2
S 120604634 306 101684 2
S 120624633 306 101685 2
S 120644632 306 101687 2
S 120664630 306 101691 2
S 120684629 306 101686 2
S 120704628 306 101688 2
S 120724627 306 101688 2
S 120744625 306 101688 2
S 120764624 306 101688 2
S 120784623 306 101687 2
S 120804622 306 101686 2
S 120824620 306 101683 2
S 120844619 306 101690 2
S 120864618 306 101689 2
S 120884617 306 101688 2
S 120904615 306 101688 2
S 120924614 306 101685 2
S 120944613 306 101688 2
S 120964612 306 101687 2
S 120984610 306 101688 2
S 121004609 306 101689 2
S 121024608 306 101687 2
S 121044607 306 101682 2
S 121064605 306 101688 2
S 121084604 306 101688 2
S 121104603 306 101689 2
S 121124602 306 101684 2
S 121144600 306 101693 2
S 121164599 306 101685 2
S 121184598 306 101687 2
S 121204597 306 101689 2
S 121224595 306 101691 2
S 121244594 306 101682 2
S 121264593 306 101684 2
S 121284592 306 101688 2
S 121304590 306 101694 2
S 121324589 306 101689 2
S 121344588 306 101685 2
S 121364587 306 101684 2
S 121384585 306 101689 2
S 121404584 306 101690 2
S 121424583 306 101690 2
S 121444582 306 101691 2
S 121464580 306 101688 2
S 121484579 306 101688 2
S 121504578 306 101692 2
S 121524577 306 101687 2
S 121544575 306 101688 2
S 121564574 306 101685 2
S 121584573 306 101689 2
S 121604572 306 101688 2
S 121624570 306 101684 2
S 121644569 306 101689 2
S 121664568 306 101687 2
S 121684567 306 101691 2
S 121704565 306 101691 2
S 121724564 306 101687 2
S 121744563 306 101683 2
S 121764562 306 101685 2
S 121784560 306 101688 2
S 121804559 306 101686 2
S 121824558 306 101682 2
S 121844557 306 101685 2
S 121864555 306 101682 2
S 121884554 306 101688 2
S 121904553 306 101685 2
S 121924552 306 101682 2
S 121944550 306 101680 2
S 121964549 306 101686 2
S 121984548 306 101683 2
S 122004547 306 101683 2
S 122024545 306 101679 2
S 122044544 306 101674 2
S 122064543 306 101677 2
S 122084542 306 101685 2
S 122104540 306 101679 2
S 122124539 306 101682 2
S 122144538 306 101686 2
S 122164537 306 101684 2
S 122184535 306 101686 2
S 122204534 306 101683 2
S 122224533 306 101685 2
S 122244532 306 101683 2
S 122264530 306 101687 2
S 122284529 306 101690 2
S 122304528 306 101688 2
S 122324527 306 101682 2
S 122344525 306 101682 2
S 122364524 306 101687 2
S 122384523 306 101685 2
S 122404522 306 101687 2
S 122424520 306 101685 2
S 122444519 306 101685 2
S 122464518 306 101690 2
S 122484517 306 101681 2
S 122504515 306 101685 2
S 122524514 306 101683 2
S 122544513 306 101683 2
S 122564512 306 101686 2
S 122584510 306 101688 2
S 122604509 306 101684 2
S 122624508 306 101691 2
S 122644507 306 101685 2
S 122664505 306 101687 2
S 122684504 306 101689 2
S 122704503 306 101688 2
S 122724502 306 101689 2
S 122744500 306 101685 2
S 122764499 306 101683 2
S 122784498 306 101685 2
S 122804497 306 101689 2
S 122824495 306 101690 2
S 122844494 306 101688 2
S 122864493 306 101684 2
S 122884492 306 101687 2
S 122904490 306 101685 2
S 122924489 306 101685 2
S 122944488 306 101688 2
S 122964487 306 101684 2
S 122984485 306 101685 2
S 123004484 306 101684 2
S 123024483 306 101683 2
S 123044482 306 101678 2
S 123064480 306 101684 2
S 123084479 306 101682 2
S 123104478 306 101685 2
S 123124477 306 101681 2
S 123144475 306 101684 2
S 123164474 306 101684 2
S 123184473 306 101685 2
S 123204472 306 101683 2
S 123224470 306 101682 2
S 123244469 306 101684 2
S 123264468 306 101682 2
S 123284467 306 101680 2
S 123304465 306 101677 2
S 123324464 306 101677 2
S 123344463 306 101682 2
S 123364462 306 101680 2
S 123384460 306 101685 2
S 123404459 306 101680 2
S 123424458 306 101680 2
S 123444457 306 101685 2
S 123464455 306 101682 2
S 123484454 306 101683 2
S 123504453 306 101682 2
S 123524452 306 101680 2
S 123544450 306 101685 2
S 123564449 306 101682 2
S 123584448 306 101685 2
S 123604447 306 101686 2
S 123624445 306 101683 2
S 123644444 306 101688 2
S 123664443 306 101682 2
S 123684442 306 101685 2
S 123704440 305 101677 2
S 123724439 306 101685 2
S 123744438 306 101686 2
S 123764437 305 101677 2
S 123784435 306 101682 2
S 123804434 306 101682 2
S 123824433 306 101690 2
S 123844432 306 101688 2
S 123864430 306 101682 2
S 123884429 306 101685 2
S 123904428 306 101686 2
S 123924427 306 101689 2
S 123944425 306 101685 2
S 123964424 306 101686 2
S 123984423 306 101683 2
S 124004422 306 101685 2
S 124024420 306 101685 2
S 124044419 306 101682 2
S 124064418 306 101684 2
S 124084417 306 101682 2
S 124104415 306 101685 2
S 124124414 306 101678 2
S 124144413 306 101682 2
S 124164412 306 101682 2
S 124184410 306 101686 2
S 124204409 306 101682 2
S 124224408 306 101686 2
S 124244407 306 101688 2
S 124264405 306 101685 2
S 124284404 306 101687 2
S 124304403 306 101691 2
S 124324402 306 101686 2
S 124344400 306 101682 2
S 124364399 306 101683 2
S 124384398 306 101688 2
S 124404397 306 101687 2
S 124424395 306 101688 2
S 124444394 306 101688 2
S 124464393 306 101687 2
S 124484392 306 101687 2
S 124504390 306 101689 2
S 124524389 306 101688 2
S 124544388 306 101685 2
S 124564387 306 101690 2
S 124584385 306 101682 2
S 124604384 306 101683 2
S 124624383 306 101688 2
S 124644382 306 101682 2
S 124664380 306 101689 2
S 124684379 306 101685 2
S 124704378 306 101682 2
S 124724377 306 101688 2
S 124744375 306 101684 2
S 124764374 306 101687 2
S 124784373 306 101682 2
S 124804372 306 101682 2
S 124824370 306 101683 2
S 124844369 306 101679 2
S 124864368 306 101685 2
S 124884367 306 101683 2
S 124904365 306 101691 2
S 124924364 306 101686 2
S 124944363 306 101685 2
S 124964362 306 101685 2
S 124984360 306 101686 2
S 125004359 306 101688 2
S 125024358 306 101685 2
S 125044357 306 101681 2
S 125064355 306 101687 2
S 125084354 306 101687 2
S 125104353 306 101685 2
S 125124352 306 101685 2
S 125144350 306 101682 2
S 125164349 306 101685 2
S 125184348 306 101676 2
S 125204347 306 101682 2
S 125224345 306 101680 2
S 125244344 306 101680 2
S 125264343 306 101682 2
S 125284342 306 101679 2
S 125304340 306 101686 2
S 125324339 305 101676 2
S 125344338 306 101684 2
S 125364337 306 101686 2
S 125384335 306 101680 2
S 125404334 306 101686 2
S 125424333 306 101685 2
S 125444332 306 101682 2
S 125464330 306 101681 2
S 125484329 306 101685 2
S 125504328 306 101682 2
S 125524327 306 101685 2
S 125544325 306 101683 2
S 125564324 306 101685 2
S 125584323 306 101685 2
S 125604322 306 101688 2
S 125624320 306 101682 2
S 125644319 306 101685 2
S 125664318 306 101690 2
S 125684317 306 101687 2
S 125704315 306 101688 2
S 125724314 306 101686 2
S 125744313 306 101685 2
S 125764312 306 101688 2
S 125784310 306 101685 2
S 125804309 306 101685 2
S 125824308 306 101683 2
S 125844307 306 101687 2
S 125864305 306 101683 2
S 125884304 306 101684 2
S 125904303 306 101682 2
S 125924302 306 101687 2
S 125944300 306 101685 2
S 125964299 306 101689 2
S 125984298 306 101684 2
S 126004297 306 101688 2
S 126024295 306 101687 2
S 126044294 306 101689 2
S 126064293 306 101685 2
S 126084292 306 101685 2
S 126104290 306 101688 2
S 126124289 306 101680 2
S 126144288 306 101689 2
S 126164287 306 101687 2
S 126184285 306 101687 2
S 126204284 306 101690 2
S 126224283 306 101687 2
S 126244282 306 101682 2
S 126264280 306 101682 2
S 126284279 306 101681 2
S 126304278 306 101681 2
S 126324277 306 101682 2
S 126344275 306 101687 2
S 126364274 306 101687 2
S 126384273 306 101687 2
S 126404272 306 101682 2
S 126424270 306 101684 2
S 126444269 306 101685 2
S 126464268 306 101682 2
S 126484267 306 101683 2
S 126504265 306 101688 2
S 126524264 306 101680 2
S 126544263 306 101688 2
S 126564262 306 101682 2
S 126584260 306 101684 2
S 126604259 306 101682 2
S 126624258 306 101680 2
S 126644257 306 101689 2
S 126664255 306 101688 2
S 126684254 306 101693 2
S 126704253 306 101690 2
S 126724252 306 101688 2
S 126744250 306 101685 2
S 126764249 306 101687 2
S 126784248 306 101685 2
S 126804247 306 101688 2
S 126824245 306 101690 2
S 126844244 306 101689 2
S 126864243 306 101686 2
S 126884242 306 101691 2
S 126904240 306 101694 2
S 126924239 306 101691 2
S 126944238 306 101690 2
S 126964237 306 101688 2
S 126984235 306 101692 2
S 127004234 306 101686 2
S 127024233 306 101685 2
S 127044232 306 101683 2
S 127064230 306 101685 2
S 127084229 306 101687 2
S 127104228 306 101685 2
S 127124227 306 101688 2
S 127144225 306 101686 2
S 127164224 306 101684 2
S 127184223 306 101685 2
S 127204222 306 101688 2
S 127224220 306 101686 2
S 127244219 306 101688 2
S 127264218 306 101684 2
S 127284217 306 101690 2
S 127304215 306 101687 2
S 127324214 306 101689 2
S 127344213 306 101683 2
S 127364212 306 101687 2
S 127384210 306 101690 2
S 127404209 306 101688 2
S 127424208 306 101686 2
S 127444207 306 101690 2
S 127464205 306 101686 2
S 127484204 306 101688 2
S 127504203 306 101688 2
S 127524202 306 101690 2
S 127544200 306 101685 2
S 127564199 306 101685 2
S 127584198 306 101688 2
S 127604197 306 101681 2
S 127624195 306 101680 2
S 127644194 306 101688 2
S 127664193 306 101683 2
S 127684192 306 101686 2
S 127704190 306 101685 2
S 127724189 306 101685 2
S 127744188 306 101683 2
S 127764187 306 101681 2
S 127784185 306 101685 2
S 127804184 306 101682 2
S 127824183 306 101686 2
S 127844182 306 101688 2
S 127864180 306 101688 2
S 127884179 306 101688 2
S 127904178 306 101687 2
S 127924177 306 101686 2
S 127944175 306 101686 2
S 127964174 306 101688 2
S 127984173 306 101690 2
S 128004172 306 101684 2
S 128024170 306 101682 2
S 128044169 306 101686 2
S 128064168 306 101686 2
S 128084167 306 101685 2
S 128104165 306 101687 2
S 128124164 306 101685 2
S 128144163 306 101685 2
S 128164162 306 101688 2
S 128184160 306 101688 2
S 128204159 306 101689 2
S 128224158 306 101681 2
S 128244157 306 101688 2
S 128264155 306 101681 2
S 128284154 306 101685 2
S 128304153 306 101681 2
S 128324152 306 101685 2
S 128344150 306 101685 2
S 128364149 306 101688 2
S 128384148 306 101690 2
S 128404147 306 101688 2
S 128424145 306 101689 2
S 128444144 306 101684 2
S 128464143 306 101685 2
S 128484142 306 101694 2
S 128504140 306 101694 2
S 128524139 306 101686 2
S 128544138 306 101687 2
S 128564137 306 101685 2
S 128584135 306 101682 2
S 128604134 306 101684 2
S 128624133 306 101685 2
S 128644132 306 101684 2
S 128664130 306 101685 2
S 128684129 306 101682 2
S 128704128 306 101685 2
S 128724127 306 101685 2
S 128744125 306 101685 2
S 128764124 306 101684 2
S 128784123 306 101685 2
S 128804122 306 101681 2
S 128824120 306 101677 2
S 128844119 306 101681 2
S 128864118 306 101680 2
S 128884117 306 101684 2
S 128904115 306 101678 2
S 128924114 306 101680 2
S 128944113 306 101684 2
S 128964112 306 101682 2
S 128984110 306 101685 2
S 129004109 306 101687 2
S 129024108 306 101687 2
S 129044107 306 101687 2
S 129064105 306 101682 2
S 129084104 306 101687 2
S 129104103 306 101682 2
S 129124102 306 101682 2
S 129144100 306 101680 2
S 129164099 306 101682 2
S 129184098 306 101682 2
S 129204097 306 101681 2
S 129224095 306 101685 2
S 129244094 306 101682 2
S 129264093 306 101681 2
S 129284092 306 101682 2
S 129304090 306 101684 2
S 129324089 306 101681 2
S 129344088 306 101678 2
S 129364087 306 101680 2
S 129384085 306 101685 2
S 129404084 306 101680 2
S 129424083 306 101685 2
S 129444082 306 101682 2
S 129464080 306 101682 2
S 129484079 306 101683 2
S 129504078 306 101678 2
S 129524077 306 101681 2
S 129544075 306 101687 2
S 129564074 306 101686 2
S 129584073 306 101679 2
S 129604072 306 101691 2
S 129624070 306 101688 2
S 129644069 306 101684 2
S 129664068 306 101691 2
S 129684067 306 101685 2
S 129704065 306 101686 2
S 129724064 306 101687 2
S 129744063 306 101686 2
S 129764062 306 101687 2
S 129784060 306 101682 2
S 129804059 306 101683 2
S 129824058 306 101685 2
S 129844057 306 101685 2
S 129864055 306 101686 2
S 129884054 306 101684 2
S 129904053 306 101688 2
S 129924052 306 101685 2
S 129944050 306 101687 2
S 129964049 306 101682 2
S 129984048 306 101686 2
S 130004047 306 101681 2
S 130024045 306 101685 2
S 130044044 306 101681 2
S 130064043 306 101684 2
S 130084042 306 101684 2
S 130104040 306 101689 2
S 130124039 306 101687 2
S 130144038 306 101678 2
S 130164037 306 101685 2
S 130184035 306 101680 2
S 130204034 306 101685 2
S 130224033 306 101687 2
S 130244032 306 101686 2
S 130264030 306 101694 2
S 130284029 306 101692 2
S 130304028 306 101689 2
S 130324027 306 101688 2
S 130344025 306 101689 2
S 130364024 306 101688 2
S 130384023 306 101682 2
S 130404022 306 101685 2
S 130424020 306 101686 2
S 130444019 306 101685 2
S 130464018 306 101685 2
S 130484017 306 101690 2
S 130504015 306 101688 2
S 130524014 306 101681 2
S 130544013 306 101684 2
S 130564012 306 101688 2
S 130584010 306 101684 2
S 130604009 306 101681 2
S 130624008 306 101689 2
S 130644007 306 101684 2
S 130664005 306 101680 2
S 130684004 306 101688 2
S 130704003 306 101686 2
S 130724002 306 101685 2
S 130744000 306 101687 2
S 130763999 306 101688 2
S 130783998 306 101685 2
S 130803997 306 101682 2
S 130823995 306 101686 2
S 130843994 306 101680 2
S 130863993 306 101685 2
S 130883992 306 101681 2
S 130903990 306 101684 2
S 130923989 305 101674 2
S 130943988 306 101681 2
S 130963987 306 101680 2
S 130983985 306 101683 2
S 131003984 306 101682 2
S 131023983 306 101685 2
S 131043982 306 101684 2
S 131063980 306 101686 2
S 131083979 306 101683 2
S 131103978 306 101679 2
S 131123977 306 101682 2
S 131143975 306 101691 2
S 131163974 306 101684 2
S 131183973 306 101688 2
S 131203972 306 101684 2
S 131223970 306 101684 2
S 131243969 306 101691 2
S 131263968 306 101681 2
S 131283967 306 101685 2
S 131303965 306 101685 2
S 131323964 306 101687 2
S 131343963 306 101680 2
S 131363962 306 101687 2
S 131383960 306 101690 2
S 131403959 306 101679 2
S 131423958 306 101684 2
S 131443957 306 101687 2
S 131463955 306 101688 2
S 131483954 306 101685 2
S 131503953 306 101685 2
S 131523952 306 101685 2
S 131543950 306 101688 2
S 131563949 306 101685 2
S 131583948 306 101683 2
S 131603947 306 101681 2
S 131623945 306 101682 2
S 131643944 306 101685 2
S 131663943 306 101685 2
S 131683942 306 101682 2
S 131703940 306 101684 2
S 131723939 306 101685 2
S 131743938 306 101688 2
S 131763937 306 101686 2
S 131783935 306 101688 2
S 131803934 306 101687 2
S 131823933 306 101685 2
S 131843932 306 101686 2
S 131863930 306 101685 2
S 131883929 306 101685 2
S 131903928 306 101687 2
S 131923927 306 101687 2
S 131943925 306 101682 2
S 131963924 306 101688 2
S 131983923 306 101686 2
S 132003922 306 101682 2
S 132023920 306 101689 2
S 132043919 306 101682 2
S 132063918 306 101688 2
S 132083917 306 101688 2
S 132103915 306 101685 2
S 132123914 306 101690 2
S 132143913 306 101687 2
S 132163912 306 101686 2
S 132183910 306 101687 2
S 132203909 306 101685 2
S 132223908 306 101684 2
S 132243907 306 101690 2
S 132263905 306 101685 2
S 132283904 306 101688 2
S 132303903 306 101682 2
S 132323902 306 101682 2
S 132343900 306 101688 2
S 132363899 306 101691 2
S 132383898 306 101686 2
S 132403897 306 101684 2
S 132423895 306 101685 2
S 132443894 306 101691 2
S 132463893 306 101682 2
S 132483892 306 101688 2
S 132503890 306 101684 2
S 132523889 306 101687 2
S 132543888 306 101685 2
S 132563887 306 101686 2
S 132583885 306 101685 2
S 132603884 306 101682 2
S 132623883 306 101682 2
S 132643882 306 101688 2
S 132663880 306 101685 2
S 132683879 306 101684 2
S 132703878 306 101685 2
S 132723877 306 101685 2
S 132743875 306 101684 2
S 132763874 306 101689 2
S 132783873 306 101688 2
S 132803872 306 101682 2
S 132823870 306 101686 2
S 132843869 306 101691 2
S 132863868 306 101688 2
S 132883867 306 101694 2
S 132903865 306 101682 2
S 132923864 306 101691 2
S 132943863 306 101682 2
S 132963862 306 101682 2
S 132983860 306 101681 2
S 133003859 306 101684 2
S 133023858 306 101693 2
S 133043857 306 101690 2
S 133063855 306 101681 2
S 133083854 306 101678 2
S 133103853 306 101682 2
S 133123852 306 101682 2
S 133143850 306 101685 2
S 133163849 306 101683 2
S 133183848 306 101687 2
S 133203847 306 101686 2
S 133223845 306 101686 2
S 133243844 306 101689 2
S 133263843 306 101688 2
S 133283842 306 101682 2
S 133303840 306 101684 2
S 133323839 306 101681 2
S 133343838 306 101687 2
S 133363837 306 101685 2
S 133383835 306 101688 2
S 133403834 306 101689 2
S 133423833 306 101680 2
S 133443832 306 101683 2
S 133463830 306 101687 2
S 133483829 306 101685 2
S 133503828 306 101688 2
S 133523827 306 101682 2
S 133543825 306 101680 2
S 133563824 306 101682 2
S 133583823 306 101685 2
S 133603822 306 101684 2
S 133623820 306 101682 2
S 133643819 306 101680 2
S 133663818 306 101681 2
S 133683817 306 101680 2
S 133703815 306 101682 2
S 133723814 306 101674 2
S 133743813 306 101674 2
S 133763812 306 101675 2
S 133783810 306 101688 2
S 133803809 306 101684 2
S 133823808 306 101680 2
S 133843807 306 101679 2
S 133863805 306 101676 2
S 133883804 306 101680 2
S 133903803 306 101675 2
S 133923802 306 101684 2
S 133943800 306 101679 2
S 133963799 306 101675 2
S 133983798 306 101682 2
S 134003797 306 101687 2
S 134023795 306 101682 2
S 134043794 306 101688 2
S 134063793 306 101682 2
S 134083792 306 101682 2
S 134103790 306 101683 2
S 134123789 306 101685 2
S 134143788 306 101684 2
S 134163787 306 101688 2
S 134183785 306 101680 2
S 134203784 306 101682 2
S 134223783 306 101681 2
S 134243782 306 101684 2
S 134263780 306 101681 2
S 134283779 306 101682 2
S 134303778 306 101678 2
S 134323777 306 101686 2
S 134343775 306 101683 2
S 134363774 306 101682 2
S 134383773 306 101688 2
S 134403772 306 101682 2
S 134423770 306 101683 2
S 134443769 306 101683 2
S 134463768 306 101678 2
S 134483767 306 101684 2
S 134503765 306 101679 2
S 134523764 306 101686 2
S 134543763 306 101679 2
S 134563762 306 101678 2
S 134583760 306 101678 2
S 134603759 306 101686 2
S 134623758 306 101682 2
S 134643757 306 101680 2
S 134663755 306 101682 2
S 134683754 306 101683 2
S 134703753 306 101685 2
S 134723752 306 101682 2
S 134743750 306 101680 2
S 134763749 306 101682 2
S 134783748 306 101682 2
S 134803747 306 101681 2
S 134823745 306 101688 2
S 134843744 306 101679 2
S 134863743 306 101684 2
S 134883742 306 101676 2
S 134903740 306 101678 2
S 134923739 306 101682 2
S 134943738 306 101681 2
S 134963737 306 101680 2
S 134983735 306 101684 2
S 135003734 306 101683 2
S 135023733 306 101681 2
S 135043732 306 101682 2
S 135063730 306 101682 2
S 135083729 306 101690 2
S 135103728 306 101685 2
S 135123727 306 101688 2
S 135143725 306 101691 2
S 135163724 306 101688 2
S 135183723 306 101691 2
S 135203722 306 101689 2
S 135223720 306 101688 2
S 135243719 306 101687 2
S 135263718 306 101685 2
S 135283717 306 101691 2
S 135303715 306 101682 2
S 135323714 306 101682 2
S 135343713 306 101680 2
S 135363712 306 101682 2
S 135383710 306 101687 2
S 135403709 306 101684 2
S 135423708 306 101682 2
S 135443707 306 101682 2
S 135463705 306 101678 2
S 135483704 306 101681 2
S 135503703 306 101682 2
S 135523702 306 101682 2
S 135543700 306 101687 2
S 135563699 306 101687 2
S 135583698 306 101684 2
S 135603697 306 101688 2
S 135623695 306 101688 2
S 135643694 306 101682 2
S 135663693 306 101680 2
S 135683692 306 101686 2
S 135703690 306 101686 2
S 135723689 306 101684 2
S 135743688 306 101684 2
S 135763687 306 101682 2
S 135783685 306 101683 2
S 135803684 306 101689 2
S 135823683 306 101688 2
S 135843682 306 101687 2
S 135863680 306 101682 2
S 135883679 306 101681 2
S 135903678 306 101681 2
S 135923677 306 101685 2
S 135943675 306 101680 2
S 135963674 306 101689 2
S 135983673 306 101685 2
S 136003672 306 101682 2
S 136023670 306 101684 2
S 136043669 306 101683 2
S 136063668 306 101683 2
S 136083667 306 101684 2
S 136103665 306 101688 2
S 136123664 306 101685 2
S 136143663 306 101683 2
S 136163662 306 101676 2
S 136183660 306 101684 2
S 136203659 306 101685 2
S 136223658 306 101682 2
S 136243657 306 101683 2
S 136263655 306 101683 2
S 136283654 306 101690 2
S 136303653 306 101691 2
S 136323652 306 101683 2
S 136343650 306 101688 2
S 136363649 306 101690 2
S 136383648 306 101686 2
S 136403647 306 101687 2
S 136423645 306 101690 2
S 136443644 306 101685 2
S 136463643 306 101685 2
S 136483642 306 101686 2
S 136503640 306 101695 2
S 136523639 306 101688 2
S 136543638 306 101685 2
S 136563637 306 101684 2
S 136583635 306 101685 2
S 136603634 306 101684 2
S 136623633 306 101688 2
S 136643632 306 101685 2
S 136663630 306 101686 2
S 136683629 306 101682 2
S 136703628 306 101688 2
S 136723627 306 101686 2
S 136743625 306 101680 2
S 136763624 306 101684 2
S 136783623 306 101681 2
S 136803622 306 101686 2
S 136823620 306 101684 2
S 136843619 306 101688 2
S 136863618 306 101688 2
S 136883617 306 101686 2
S 136903615 306 101682 2
S 136923614 306 101685 2
S 136943613 306 101689 2
S 136963612 306 101689 2
S 136983610 306 101688 2
S 137003609 306 101690 2
S 137023608 306 101688 2
S 137043607 306 101689 2
S 137063605 306 101685 2
S 137083604 306 101684 2
S 137103603 306 101688 2
S 137123602 306 101688 2
S 137143600 306 101690 2
S 137163599 306 101683 2
S 137183598 306 101689 2
S 137203597 306 101682 2
S 137223595 306 101686 2
S 137243594 306 101683 2
S 137263593 306 101688 2
S 137283592 306 101683 2
S 137303590 306 101680 2
S 137323589 306 101682 2
S 137343588 306 101688 2
S 137363587 306 101688 2
S 137383585 306 101684 2
S 137403584 306 101683 2
S 137423583 306 101683 2
S 137443582 306 101682 2
S 137463580 306 101677 2
S 137483579 306 101685 2
S 137503578 306 101682 2
S 137523577 306 101680 2
S 137543575 306 101678 2
S 137563574 306 101685 2
S 137583573 306 101686 2
S 137603572 306 101689 2
S 137623570 306 101689 2
S 137643569 306 101692 2
S 137663568 306 101691 2
S 137683567 306 101682 2
S 137703565 306 101687 2
S 137723564 306 101690 2
S 137743563 306 101685 2
S 137763562 306 101683 2
S 137783560 306 101683 2
S 137803559 306 101690 2
S 137823558 306 101680 2
S 137843557 306 101686 2
S 137863555 306 101682 2
S 137883554 306 101686 2
S 137903553 306 101682 2
S 137923552 306 101685 2
S 137943550 306 101687 2
S 137963549 306 101687 2
S 137983548 306 101683 2
S 138003547 306 101686 2
S 138023545 306 101684 2
S 138043544 306 101683 2
S 138063543 306 101686 2
S 138083542 306 101682 2
S 138103540 306 101682 2
S 138123539 306 101686 2
S 138143538 306 101677 2
S 138163537 306 101679 2
S 138183535 306 101682 2
S 138203534 306 101677 2
S 138223533 306 101684 2
S 138243532 306 101679 2
S 138263530 306 101688 2
S 138283529 306 101683 2
S 138303528 306 101689 2
S 138323527 306 101688 2
S 138343525 306 101688 2
S 138363524 306 101682 2
S 138383523 306 101683 2
S 138403522 306 101690 2
S 138423520 306 101685 2
S 138443519 306 101689 2
S 138463518 306 101688 2
S 138483517 306 101684 2
S 138503515 306 101691 2
S 138523514 306 101684 2
S 138543513 306 101684 2
S 138563512 306 101688 2
S 138583510 306 101690 2
S 138603509 306 101682 2
S 138623508 306 101689 2
S 138643507 306 101685 2
S 138663505 306 101688 2
S 138683504 306 101688 2
S 138703503 306 101682 2
S 138723502 306 101680 2
S 138743500 306 101688 2
S 138763499 306 101685 2
S 138783498 306 101685 2
S 138803497 306 101690 2
S 138823495 306 101686 2
S 138843494 306 101687 2
S 138863493 306 101683 2
S 138883492 306 101678 2
S 138903490 306 101685 2
S 138923489 306 101688 2
S 138943488 306 101689 2
S 138963487 306 101691 2
S 138983485 306 101688 2
S 139003484 306 101685 2
S 139023483 306 101691 2
S 139043482 306 101693 2
S 139063480 306 101691 2
S 139083479 306 101687 2
S 139103478 306 101688 2
S 139123477 306 101688 2
S 139143475 306 101688 2
S 139163474 306 101685 2
S 139183473 306 101685 2
S 139203472 306 101686 2
S 139223470 306 101684 2
S 139243469 306 101694 2
S 139263468 306 101687 2
S 139283467 306 101691 2
S 139303465 306 101688 2
S 139323464 306 101689 2
S 139343463 306 101691 2
S 139363462 306 101688 2
S 139383460 306 101685 2
S 139403459 306 101686 2
S 139423458 306 101682 2
S 139443457 306 101689 2
S 139463455 306 101682 2
S 139483454 306 101686 2
S 139503453 306 101693 2
S 139523452 306 101691 2
S 139543450 306 101685 2
S 139563449 306 101691 2
S 139583448 306 101688 2
S 139603447 306 101681 2
S 139623445 306 101687 2
S 139643444 306 101687 2
S 139663443 306 101690 2
S 139683442 306 101691 2
S 139703440 306 101689 2
S 139723439 306 101688 2
S 139743438 306 101682 2
S 139763437 306 101684 2
S 139783435 306 101685 2
S 139803434 306 101686 2
S 139823433 306 101684 2
S 139843432 306 101683 2
S 139863430 306 101684 2
S 139883429 306 101685 2
S 139903428 306 101678 2
S 139923427 306 101684 2
S 139943425 306 101682 2
S 139963424 306 101684 2
S 139983423 306 101684 2
S 140003422 306 101678 2
S 140023420 306 101682 2
S 140043419 306 101684 2
S 140063418 306 101682 2
S 140083417 306 101686 2
S 140103415 306 101682 2
S 140123414 306 101682 2
S 140143413 306 101688 2
S 140163412 306 101687 2
S 140183410 306 101692 2
S 140203409 306 101688 2
S 140223408 306 101685 2
S 140243407 306 101685 2
S 140263405 306 101685 2
S 140283404 306 101691 2
S 140303403 306 101691 2
S 140323402 306 101688 2
S 140343400 306 101688 2
S 140363399 306 101687 2
S 140383398 306 101680 2
S 140403397 306 101682 2
S 140423395 306 101682 2
S 140443394 306 101688 2
S 140463393 306 101690 2
S 140483392 306 101687 2
S 140503390 306 101684 2
S 140523389 306 101682 2
S 140543388 306 101687 2
S 140563387 306 101684 2
S 140583385 306 101690 2
S 140603384 306 101682 2
S 140623383 306 101685 2
S 140643382 306 101682 2
S 140663380 306 101683 2
S 140683379 306 101685 2
S 140703378 306 101685 2
S 140723377 306 101679 2
S 140743375 306 101679 2
S 140763374 306 101681 2
S 140783373 306 101682 2
S 140803372 306 101691 2
S 140823370 306 101682 2
S 140843369 306 101684 2
S 140863368 306 101692 2
S 140883367 306 101682 2
S 140903365 306 101677 2
S 140923364 306 101682 2
S 140943363 306 101677 2
S 140963362 306 101678 2
S 140983360 306 101688 2
S 141003359 306 101684 2
S 141023358 306 101684 2
S 141043357 306 101683 2
S 141063355 306 101682 2
S 141083354 306 101688 2
S 141103353 306 101686 2
S 141123352 306 101686 2
S 141143350 306 101685 2
S 141163349 306 101687 2
S 141183348 306 101688 2
S 141203347 306 101686 2
S 141223345 306 101688 2
S 141243344 306 101679 2
S 141263343 306 101682 2
S 141283342 306 101683 2
S 141303340 306 101688 2
S 141323339 306 101682 2
S 141343338 306 101682 2
S 141363337 306 101685 2
S 141383335 306 101680 2
S 141403334 306 101685 2
S 141423333 306 101682 2
S 141443332 306 101684 2
S 141463330 306 101683 2
S 141483329 306 101683 2
S 141503328 306 101684 2
S 141523327 306 101691 2
S 141543325 306 101686 2
S 141563324 306 101685 2
S 141583323 306 101688 2
S 141603322 306 101690 2
S 141623320 306 101685 2
S 141643319 306 101682 2
S 141663318 306 101691 2
S 141683317 306 101682 2
S 141703315 306 101687 2
S 141723314 306 101688 2
S 141743313 306 101687 2
S 141763312 306 101682 2
S 141783310 306 101685 2
S 141803309 306 101688 2
S 141823308 306 101685 2
S 141843307 306 101683 2
S 141863305 306 101683 2
S 141883304 306 101686 2
S 141903303 306 101680 2
S 141923302 306 101680 2
S 141943300 306 101682 2
S 141963299 306 101685 2
S 141983298 306 101685 2
S 142003297 306 101691 2
S 142023295 306 101685 2
S 142043294 306 101688 2
S 142063293 306 101685 2
S 142083292 306 101687 2
S 142103290 306 101693 2
S 142123289 306 101685 2
S 142143288 306 101688 2
S 142163287 306 101690 2
S 142183285 306 101689 2
S 142203284 306 101687 2
S 142223283 306 101680 2
S 142243282 306 101682 2
S 142263280 306 101690 2
S 142283279 306 101690 2
S 142303278 306 101689 2
S 142323277 306 101694 2
S 142343275 306 101691 2
S 142363274 306 101689 2
S 142383273 306 101690 2
S 142403272 306 101693 2
S 142423270 306 101687 2
S 142443269 306 101690 2
S 142463268 306 101685 2
S 142483267 306 101686 2
S 142503265 306 101689 2
S 142523264 306 101688 2
S 142543263 306 101689 2
S 142563262 306 101687 2
S 142583260 306 101690 2
S 142603259 306 101691 2
S 142623258 306 101689 2
S 142643257 306 101692 2
S 142663255 306 101690 2
S 142683254 306 101690 2
S 142703253 306 101688 2
S 142723252 306 101691 2
S 142743250 306 101691 2
S 142763249 306 101690 2
S 142783248 306 101684 2
S 142803247 306 101687 2
S 142823245 306 101685 2
S 142843244 306 101693 2
S 142863243 306 101688 2
S 142883242 306 101684 2
S 142903240 306 101682 2
S 142923239 306 101681 2
S 142943238 306 101681 2
S 142963237 306 101682 2
S 142983235 306 101682 2
S 143003234 306 101687 2
S 143023233 306 101685 2
S 143043232 306 101682 2
S 143063230 306 101688 2
S 143083229 306 101685 2
S 143103228 306 101683 2
S 143123227 306 101683 2
S 143143225 306 101685 2
S 143163224 306 101682 2
S 143183223 306 101682 2
S 143203222 306 101678 2
S 143223220 306 101680 2
S 143243219 306 101680 2
S 143263218 306 101678 2
S 143283217 306 101677 2
S 143303215 306 101679 2
S 143323214 306 101678 2
S 143343213 306 101681 2
S 143363212 306 101680 2
S 143383210 306 101681 2
S 143403209 306 101680 2
S 143423208 306 101687 2
S 143443207 306 101686 2
S 143463205 306 101686 2
S 143483204 306 101691 2
S 143503203 306 101692 2
S 143523202 306 101682 2
S 143543200 306 101685 2
S 143563199 306 101686 2
S 143583198 306 101680 2
S 143603197 306 101684 2
S 143623195 306 101685 2
S 143643194 306 101685 2
S 143663193 306 101683 2
S 143683192 306 101679 2
S 143703190 306 101681 2
S 143723189 306 101685 2
S 143743188 306 101685 2
S 143763187 306 101681 2
S 143783185 306 101686 2
S 143803184 306 101687 2
S 143823183 306 101685 2
S 143843182 306 101683 2
S 143863180 306 101689 2
S 143883179 306 101684 2
S 143903178 306 101681 2
S 143923177 306 101683 2
S 143943175 306 101682 2
S 143963174 306 101686 2
S 143983173 306 101680 2
S 144003172 306 101678 2
S 144023170 306 101682 2
S 144043169 306 101682 2
S 144063168 306 101680 2
S 144083167 306 101682 2
S 144103165 306 101685 2
S 144123164 306 101685 2
S 144143163 306 101683 2
S 144163162 306 101681 2
S 144183160 306 101682 2
S 144203159 306 101685 2
S 144223158 306 101686 2
S 144243157 306 101685 2
S 144263155 306 101687 2
S 144283154 306 101685 2
S 144303153 306 101686 2
S 144323152 306 101686 2
S 144343150 306 101685 2
S 144363149 306 101688 2
S 144383148 306 101684 2
S 144403147 306 101682 2
S 144423145 306 101683 2
S 144443144 306 101680 2
S 144463143 306 101675 2
S 144483142 306 101682 2
S 144503140 306 101681 2
S 144523139 306 101678 2
S 144543138 306 101679 2
S 144563137 306 101684 2
S 144583135 306 101678 2
S 144603134 306 101682 2
S 144623133 306 101682 2
S 144643132 306 101682 2
S 144663130 306 101687 2
S 144683129 306 101685 2
S 144703128 306 101690 2
S 144723127 306 101687 2
S 144743125 306 101688 2
S 144763124 306 101688 2
S 144783123 306 101682 2
S 144803122 306 101682 2
S 144823120 306 101691 2
S 144843119 306 101689 2
S 144863118 306 101685 2
S 144883117 306 101691 2
S 144903115 306 101691 2
S 144923114 306 101688 2
S 144943113 306 101690 2
S 144963112 306 101684 2
S 144983110 306 101682 2
S 145003109 306 101688 2
S 145023108 306 101687 2
S 145043107 306 101685 2
S 145063105 306 101686 2
S 145083104 306 101685 2
S 145103103 306 101686 2
S 145123102 306 101690 2
S 145143100 306 101685 2
S 145163099 306 101687 2
S 145183098 306 101686 2
S 145203097 306 101688 2
S 145223095 306 101684 2
S 145243094 306 101683 2
S 145263093 306 101685 2
S 145283092 306 101685 2
S 145303090 306 101680 2
S 145323089 306 101678 2
S 145343088 306 101685 2
S 145363087 306 101678 2
S 145383085 306 101682 2
S 145403084 306 101681 2
S 145423083 306 101688 2
S 145443082 306 101682 2
S 145463080 306 101685 2
S 145483079 306 101686 2
S 145503078 306 101685 2
S 145523077 306 101682 2
S 145543075 306 101685 2
S 145563074 306 101688 2
S 145583073 306 101688 2
S 145603072 306 101684 2
S 145623070 306 101683 2
S 145643069 306 101685 2
S 145663068 306 101684 2
S 145683067 306 101680 2
S 145703065 306 101682 2
S 145723064 306 101686 2
S 145743063 306 101681 2
S 145763062 306 101683 2
S 145783060 306 101686 2
S 145803059 306 101683 2
S 145823058 306 101684 2
S 145843057 306 101683 2
S 145863055 306 101685 2
S 145883054 306 101685 2
S 145903053 306 101689 2
S 145923052 306 101683 2
S 145943050 306 101684 2
S 145963049 306 101683 2
S 145983048 306 101688 2
S 146003047 306 101684 2
S 146023045 306 101683 2
S 146043044 306 101683 2
S 146063043 306 101686 2
S 146083042 306 101689 2
S 146103040 306 101692 2
S 146123039 306 101687 2
S 146143038 306 101689 2
S 146163037 306 101691 2
S 146183035 306 101689 2
S 146203034 306 101683 2
S 146223033 306 101690 2
S 146243032 306 101691 2
S 146263030 306 101686 2
S 146283029 306 101688 2
S 146303028 306 101685 2
S 146323027 306 101683 2
S 146343025 306 101684 2
S 146363024 306 101687 2
S 146383023 306 101683 2
S 146403022 306 101683 2
S 146423020 306 101686 2
S 146443019 306 101684 2
S 146463018 306 101679 2
S 146483017 306 101678 2
S 146503015 306 101681 2
S 146523014 306 101675 2
S 146543013 306 101677 2
S 146563012 306 101680 2
S 146583010 306 101686 2
S 146603009 306 101680 2
S 146623008 306 101680 2
S 146643007 306 101679 2
S 146663005 306 101682 2
S 146683004 306 101688 2
S 146703003 306 101682 2
S 146723002 306 101682 2
S 146743000 306 101682 2
S 146762999 306 101680 2
S 146782998 306 101687 2
S 146802997 306 101678 2
S 146822995 306 101682 2
S 146842994 306 101681 2
S 146862993 306 101682 2
S 146882992 306 101683 2
S 146902990 306 101679 2
S 146922989 306 101687 2
S 146942988 306 101683 2
S 146962987 306 101682 2
S 146982985 306 101687 2
S 147002984 306 101682 2
S 147022983 306 101681 2
S 147042982 306 101680 2
S 147062980 306 101684 2
S 147082979 306 101682 2
S 147102978 306 101681 2
S 147122977 306 101680 2
S 147142975 306 101682 2
S 147162974 306 101680 2
S 147182973 306 101682 2
S 147202972 306 101682 2
S 147222970 306 101680 2
S 147242969 306 101681 2
S 147262968 306 101685 2
S 147282967 306 101688 2
S 147302965 306 101685 2
S 147322964 306 101680 2
S 147342963 306 101684 2
S 147362962 306 101685 2
S 147382960 306 101689 2
S 147402959 306 101685 2
S 147422958 306 101683 2
S 147442957 306 101680 2
S 147462955 306 101681 2
S 147482954 306 101682 2
S 147502953 306 101686 2
S 147522952 306 101684 2
S 147542950 306 101678 2
S 147562949 306 101682 2
S 147582948 306 101681 2
S 147602947 306 101679 2
S 147622945 306 101683 2
S 147642944 306 101680 2
S 147662943 306 101684 2
S 147682942 306 101681 2
S 147702940 306 101681 2
S 147722939 306 101683 2
S 147742938 306 101686 2
S 147762937 306 101681 2
S 147782935 306 101681 2
S 147802934 306 101682 2
S 147822933 306 101684 2
S 147842932 306 101682 2
S 147862930 306 101683 2
S 147882929 306 101686 2
S 147902928 306 101686 2
S 147922927 306 101685 2
S 147942925 306 101685 2
S 147962924 306 101679 2
S 147982923 306 101683 2
S 148002922 306 101682 2
S 148022920 306 101685 2
S 148042919 306 101684 2
S 148062918 306 101685 2
S 148082917 306 101688 2
S 148102915 306 101688 2
S 148122914 306 101683 2
S 148142913 306 101689 2
S 148162912 306 101687 2
S 148182910 306 101685 2
S 148202909 306 101687 2
S 148222908 306 101688 2
S 148242907 306 101689 2
S 148262905 306 101685 2
S 148282904 306 101679 2
S 148302903 306 101679 2
S 148322902 306 101678 2
S 148342900 306 101686 2
S 148362899 306 101682 2
S 148382898 306 101682 2
S 148402897 306 101682 2
S 148422895 306 101681 2
S 148442894 306 101680 2
S 148462893 306 101674 2
S 148482892 306 101678 2
S 148502890 306 101675 2
S 148522889 306 101682 2
S 148542888 306 101683 2
S 148562887 306 101685 2
S 148582885 306 101680 2
S 148602884 306 101682 2
S 148622883 306 101682 2
S 148642882 306 101678 2
S 148662880 306 101677 2
S 148682879 306 101680 2
S 148702878 306 101682 2
S 148722877 306 101682 2
S 148742875 306 101684 2
S 148762874 306 101682 2
S 148782873 306 101679 2
S 148802872 306 101682 2
S 148822870 306 101683 2
S 148842869 306 101684 2
S 148862868 306 101680 2
S 148882867 306 101680 2
S 148902865 306 101679 2
S 148922864 306 101682 2
S 148942863 306 101680 2
S 148962862 306 101681 2
S 148982860 306 101680 2
S 149002859 306 101674 2
S 149022858 306 101682 2
S 149042857 306 101675 2
S 149062855 306 101678 2
S 149082854 306 101682 2
S 149102853 306 101688 2
S 149122852 306 101684 2
S 149142850 306 101688 2
S 149162849 306 101679 2
S 149182848 306 101684 2
S 149202847 306 101680 2
S 149222845 306 101685 2
S 149242844 306 101681 2
S 149262843 306 101688 2
S 149282842 306 101684 2
S 149302840 306 101680 2
S 149322839 306 101686 2
S 149342838 306 101683 2
S 149362837 306 101688 2
S 149382835 306 101682 2
S 149402834 306 101682 2
S 149422833 306 101690 2
S 149442832 306 101689 2
S 149462830 306 101685 2
S 149482829 306 101680 2
S 149502828 306 101682 2
S 149522827 306 101685 2
S 149542825 306 101690 2
S 149562824 306 101683 2
S 149582823 306 101682 2
S 149602822 306 101682 2
S 149622820 306 101682 2
S 149642819 306 101682 2
S 149662818 306 101680 2
S 149682817 306 101686 2
S 149702815 306 101682 2
S 149722814 306 101684 2
S 149742813 306 101681 2
S 149762812 306 101683 2
S 149782810 306 101685 2
S 149802809 306 101680 2
S 149822808 306 101691 2
S 149842807 306 101677 2
S 149862805 306 101684 2
S 149882804 306 101678 2
S 149902803 306 101680 2
S 149922802 306 101684 2
S 149942800 306 101681 2
S 149962799 306 101679 2
S 149982798 306 101680 2
S 150002797 306 101680 2
S 150022795 306 101678 2
S 150042794 306 101683 2
S 150062793 306 101682 2
S 150082792 306 101689 2
S 150102790 306 101682 2
S 150122789 306 101681 2
S 150142788 306 101678 2
S 150162787 306 101682 2
S 150182785 306 101682 2
S 150202784 306 101679 2
S 150222783 306 101680 2
S 150242782 306 101679 2
