# capture_start_utc=2026-08-03T21:13:06Z
S 217838558 300 101640 2
S 217858557 301 101648 2
S 217878556 301 101651 2
S 217898555 301 101647 2
S 217918553 301 101647 2
S 217938552 300 101635 2
S 217958551 301 101645 2
S 217978550 301 101650 2
[[DEBUG]] Starting [[SENSOR TASK]]
[SELFTEST] compensate: T=150 (exp 150)  P=69964 (exp 69964)  -> PASS
[[DEBUG]] BMP180 registered on /dev/bmp180-0
#BMP180 v1 fw=1.0.0 temp_ms=0
S 65170 301 101650 0
S 76169 300 101647 0
S 87169 300 101647 0
S 98168 300 101650 0
S 109167 300 101644 0
S 120167 300 101647 0
S 131166 300 101644 0
S 142165 300 101647 0
S 153164 300 101644 0
S 164164 300 101647 0
S 175163 300 101650 0
S 186162 300 101647 0
S 197162 300 101647 0
S 208161 300 101644 0
S 219160 300 101656 0
S 230160 300 101647 0
S 241159 300 101647 0
S 252158 300 101644 0
S 263158 300 101647 0
S 274157 300 101635 0
S 285156 300 101641 0
S 296156 300 101632 0
S 307155 300 101647 0
S 318154 300 101644 0
S 329153 300 101647 0
S 340153 300 101647 0
S 351152 300 101647 0
S 362151 300 101644 0
S 373151 300 101644 0
S 384150 300 101641 0
S 395149 300 101641 0
S 406149 300 101644 0
S 417148 300 101647 0
S 428147 300 101641 0
S 439147 300 101644 0
S 450146 300 101641 0
S 461145 300 101644 0
S 472145 300 101638 0
S 483144 300 101647 0
S 494143 300 101647 0
S 505142 300 101644 0
S 516142 300 101647 0
S 527141 300 101644 0
S 538140 300 101644 0
S 549140 300 101647 0
S 560139 300 101647 0
S 571138 300 101644 0
S 582138 301 101650 0
S 593137 300 101644 0
S 604136 300 101644 0
S 615136 300 101647 0
S 626135 300 101647 0
S 637134 300 101644 0
S 648134 300 101644 0
S 659133 300 101641 0
S 670132 300 101644 0
S 681131 300 101647 0
S 692131 301 101650 0
S 703130 300 101653 0
S 714129 300 101644 0
S 725129 300 101647 0
S 736128 300 101647 0
S 747127 300 101647 0
S 758127 300 101647 0
S 769126 300 101647 0
S 780125 301 101650 0
S 791125 300 101641 0
S 802124 300 101647 0
S 813123 300 101641 0
S 824123 300 101644 0
S 835122 300 101647 0
S 846121 300 101647 0
S 857120 300 101641 0
S 868120 300 101647 0
S 879119 300 101647 0
S 890118 300 101641 0
S 901118 300 101641 0
S 912117 300 101647 0
S 923116 300 101632 0
S 934116 300 101656 0
S 945115 300 101641 0
S 956114 300 101647 0
S 967114 300 101629 0
S 978113 300 101647 0
S 989112 300 101647 0
S 1000112 300 101644 0
S 1011111 300 101632 0
S 1022110 300 101629 0
S 1033109 300 101647 0
S 1044109 300 101635 0
S 1055108 300 101626 0
S 1066107 300 101641 0
S 1077107 300 101647 0
S 1088106 300 101644 0
S 1099105 300 101641 0
S 1110105 300 101638 0
S 1121104 300 101647 0
S 1132103 300 101647 0
S 1143103 300 101644 0
S 1154102 300 101632 0
S 1165101 300 101650 0
S 1176101 300 101647 0
S 1187100 300 101647 0
S 1198099 300 101635 0
S 1209098 300 101638 0
S 1220098 300 101647 0
S 1231097 300 101647 0
S 1242096 300 101647 0
S 1253096 300 101644 0
S 1264095 300 101647 0
S 1275094 300 101647 0
S 1286094 300 101629 0
S 1297093 300 101647 0
S 1308092 300 101635 0
S 1319092 300 101647 0
S 1330091 300 101647 0
S 1341090 300 101650 0
S 1352090 300 101644 0
S 1363089 300 101644 0
S 1374088 300 101641 0
S 1385087 300 101644 0
S 1396087 300 101629 0
S 1407086 300 101647 0
S 1418085 300 101644 0
S 1429085 300 101644 0
S 1440084 300 101632 0
S 1451083 300 101638 0
S 1462083 300 101644 0
S 1473082 300 101647 0
S 1484081 300 101647 0
S 1495081 300 101641 0
S 1506080 300 101647 0
S 1517079 300 101641 0
S 1528079 300 101644 0
S 1539078 300 101647 0
S 1550077 300 101638 0
S 1561076 300 101644 0
S 1572076 300 101647 0
S 1583075 300 101647 0
S 1594074 300 101647 0
S 1605074 300 101644 0
S 1616073 300 101632 0
S 1627072 300 101626 0
S 1638072 300 101638 0
S 1649071 300 101623 0
S 1660070 300 101647 0
S 1671070 300 101635 0
S 1682069 300 101641 0
S 1693068 300 101638 0
S 1704068 300 101644 0
S 1715067 300 101647 0
S 1726066 300 101644 0
S 1737065 300 101641 0
S 1748065 300 101638 0
S 1759064 300 101644 0
S 1770063 300 101632 0
S 1781063 300 101644 0
S 1792062 300 101644 0
S 1803061 300 101641 0
S 1814061 300 101638 0
S 1825060 300 101644 0
S 1836059 300 101647 0
S 1847059 300 101647 0
S 1858058 300 101632 0
S 1869057 300 101641 0
S 1880057 300 101644 0
S 1891056 300 101650 0
S 1902055 300 101635 0
S 1913054 300 101656 0
S 1924054 300 101644 0
S 1935053 300 101647 0
S 1946052 300 101638 0
S 1957052 300 101647 0
S 1968051 300 101647 0
S 1979050 300 101653 0
S 1990050 300 101641 0
S 2001050 300 101647 0
S 2012048 300 101641 0
S 2023048 300 101641 0
S 2034047 300 101650 0
S 2045046 300 101647 0
S 2056046 300 101659 0
S 2067045 300 101653 0
S 2078044 300 101656 0
S 2089043 300 101650 0
S 2100043 300 101644 0
S 2111042 300 101650 0
S 2122041 300 101644 0
S 2133041 300 101647 0
S 2144040 300 101641 0
S 2155039 300 101644 0
S 2166039 300 101644 0
S 2177038 300 101644 0
S 2188037 300 101644 0
S 2199037 300 101653 0
S 2210036 300 101644 0
S 2221035 300 101656 0
S 2232035 300 101647 0
S 2243034 301 101653 0
S 2254033 300 101641 0
S 2265032 300 101641 0
S 2276032 300 101638 0
S 2287031 300 101650 0
S 2298030 300 101644 0
S 2309030 300 101641 0
S 2320029 300 101644 0
S 2331028 300 101641 0
S 2342028 300 101641 0
S 2353027 300 101641 0
S 2364026 300 101629 0
S 2375026 300 101641 0
S 2386025 300 101641 0
S 2397024 300 101644 0
S 2408024 300 101644 0
S 2419023 300 101644 0
S 2430022 300 101638 0
S 2441021 300 101641 0
S 2452021 300 101641 0
S 2463020 300 101641 0
S 2474019 300 101641 0
S 2485019 300 101641 0
S 2496018 300 101641 0
S 2507017 300 101635 0
S 2518017 300 101644 0
S 2529016 300 101638 0
S 2540015 300 101632 0
S 2551015 300 101641 0
S 2562014 300 101632 0
S 2573013 300 101650 0
S 2584013 300 101641 0
S 2595012 300 101641 0
S 2606011 300 101641 0
S 2617010 300 101644 0
S 2628010 300 101641 0
S 2639009 300 101644 0
S 2650008 300 101638 0
S 2661008 300 101641 0
S 2672007 300 101641 0
S 2683006 300 101644 0
S 2694006 300 101650 0
S 2705005 300 101641 0
S 2716004 300 101644 0
S 2727004 300 101647 0
S 2738003 300 101650 0
S 2749002 300 101644 0
S 2760002 300 101641 0
S 2771001 300 101641 0
S 2782000 300 101650 0
S 2792999 300 101641 0
S 2803999 300 101641 0
S 2814998 300 101644 0
S 2825997 300 101656 0
S 2836997 300 101644 0
S 2847996 300 101641 0
S 2858995 300 101644 0
S 2869995 300 101641 0
S 2880994 300 101644 0
S 2891993 300 101641 0
S 2902993 300 101641 0
S 2913992 300 101641 0
S 2924991 300 101653 0
S 2935991 300 101653 0
S 2946990 300 101641 0
S 2957989 300 101644 0
S 2968988 300 101644 0
S 2979988 300 101647 0
S 2990987 300 101647 0
S 3001986 300 101641 0
S 3012986 300 101644 0
S 3023985 300 101641 0
S 3034984 300 101635 0
S 3045984 300 101635 0
S 3056983 300 101638 0
S 3067982 300 101641 0
S 3078982 300 101638 0
S 3089981 300 101641 0
S 3100980 300 101641 0
S 3111980 300 101641 0
S 3122979 300 101647 0
S 3133978 300 101632 0
S 3144977 300 101647 0
S 3155977 300 101644 0
S 3166976 300 101644 0
S 3177975 300 101647 0
S 3188975 300 101644 0
S 3199974 300 101641 0
S 3210973 300 101647 0
S 3221973 300 101644 0
S 3232972 300 101641 0
S 3243971 300 101644 0
S 3254971 300 101641 0
S 3265970 300 101644 0
S 3276969 300 101641 0
S 3287969 300 101644 0
S 3298968 300 101641 0
S 3309967 300 101644 0
S 3320966 300 101641 0
S 3331966 300 101647 0
S 3342965 300 101656 0
S 3353964 300 101647 0
S 3364964 300 101650 0
S 3375963 300 101647 0
S 3386962 300 101644 0
S 3397962 300 101647 0
S 3408961 300 101641 0
S 3419960 300 101638 0
S 3430960 300 101641 0
S 3441959 300 101641 0
S 3452958 300 101644 0
S 3463958 300 101641 0
S 3474957 300 101647 0
S 3485956 300 101641 0
S 3496955 300 101638 0
S 3507955 300 101644 0
S 3518954 300 101641 0
S 3529953 300 101641 0
S 3540953 300 101641 0
S 3551952 300 101641 0
S 3562951 300 101647 0
S 3573951 300 101638 0
S 3584950 300 101632 0
S 3595949 300 101629 0
S 3606949 300 101641 0
S 3617948 300 101641 0
S 3628947 300 101647 0
S 3639947 300 101641 0
S 3650946 300 101644 0
S 3661945 300 101644 0
S 3672944 300 101644 0
S 3683944 300 101650 0
S 3694943 300 101644 0
S 3705942 300 101644 0
S 3716942 300 101638 0
S 3727941 300 101641 0
S 3738940 300 101641 0
S 3749940 300 101641 0
S 3760939 300 101641 0
S 3771938 300 101647 0
S 3782938 300 101641 0
S 3793937 300 101641 0
S 3804936 300 101641 0
S 3815936 300 101650 0
S 3826935 300 101650 0
S 3837934 300 101641 0
S 3848933 300 101644 0
S 3859933 300 101644 0
S 3870932 300 101641 0
S 3881931 300 101641 0
S 3892931 300 101641 0
S 3903930 300 101647 0
S 3914929 300 101641 0
S 3925929 300 101644 0
S 3936928 300 101644 0
S 3947927 300 101641 0
S 3958927 300 101641 0
S 3969926 300 101647 0
S 3980925 300 101644 0
S 3991925 300 101641 0
S 4002924 300 101638 0
S 4013923 300 101641 0
S 4024922 300 101641 0
S 4035922 300 101638 0
S 4046921 300 101644 0
S 4057920 300 101641 0
S 4068920 300 101644 0
S 4079919 300 101641 0
S 4090918 300 101641 0
S 4101918 300 101641 0
S 4112917 300 101638 0
S 4123916 300 101641 0
S 4134916 300 101647 0
S 4145915 300 101653 0
S 4156914 300 101650 0
S 4167914 300 101641 0
S 4178913 300 101644 0
S 4189912 300 101635 0
S 4200911 300 101641 0
S 4211911 300 101644 0
S 4222910 300 101641 0
S 4233909 300 101647 0
S 4244909 300 101647 0
S 4255908 300 101647 0
S 4266907 300 101641 0
S 4277907 300 101641 0
S 4288906 300 101647 0
S 4299905 300 101647 0
S 4310905 300 101641 0
S 4321904 300 101641 0
S 4332903 300 101647 0
S 4343903 300 101647 0
S 4354902 300 101647 0
S 4365901 300 101644 0
S 4376900 300 101641 0
S 4387900 300 101641 0
S 4398899 300 101647 0
S 4409898 300 101632 0
S 4420898 300 101629 0
S 4431897 300 101644 0
S 4442896 300 101632 0
S 4453896 300 101626 0
S 4464895 300 101632 0
S 4475894 300 101647 0
S 4486894 300 101629 0
S 4497893 300 101635 0
S 4508892 300 101641 0
S 4519892 300 101641 0
S 4530891 300 101647 0
S 4541890 300 101647 0
S 4552889 300 101635 0
S 4563889 300 101650 0
S 4574888 300 101638 0
S 4585887 300 101647 0
S 4596887 300 101647 0
S 4607886 300 101641 0
S 4618885 300 101647 0
S 4629885 300 101647 0
S 4640884 300 101638 0
S 4651883 300 101644 0
S 4662883 300 101641 0
S 4673882 300 101635 0
S 4684881 300 101644 0
S 4695881 300 101641 0
S 4706880 300 101644 0
S 4717879 300 101641 0
S 4728878 300 101656 0
S 4739878 300 101647 0
S 4750877 300 101647 0
S 4761876 300 101644 0
S 4772876 300 101647 0
S 4783875 300 101641 0
S 4794874 300 101650 0
S 4805874 300 101647 0
S 4816873 300 101641 0
S 4827872 300 101641 0
S 4838872 300 101647 0
S 4849871 300 101647 0
S 4860870 300 101647 0
S 4871870 300 101647 0
S 4882869 300 101638 0
S 4893868 300 101644 0
S 4904867 300 101647 0
S 4915867 300 101641 0
S 4926866 300 101647 0
S 4937865 300 101635 0
S 4948865 300 101641 0
S 4959864 300 101641 0
S 4970863 300 101647 0
S 4981863 300 101647 0
S 4992862 300 101641 0
S 5003861 300 101647 0
S 5014861 300 101641 0
S 5025860 300 101644 0
S 5036859 300 101644 0
S 5047859 300 101653 0
S 5058858 300 101647 0
S 5069857 300 101647 0
S 5080856 300 101644 0
S 5091856 300 101641 0
S 5102855 300 101647 0
S 5113854 300 101647 0
S 5124854 300 101647 0
S 5135853 300 101650 0
S 5146852 300 101647 0
S 5157852 300 101644 0
S 5168851 300 101638 0
S 5179850 300 101647 0
S 5190850 300 101635 0
S 5201849 300 101641 0
S 5212848 300 101644 0
S 5223848 300 101644 0
S 5234847 300 101647 0
S 5245846 300 101644 0
S 5256845 300 101641 0
S 5267845 300 101656 0
S 5278844 301 101656 0
S 5289843 300 101650 0
S 5300843 300 101647 0
S 5311842 300 101647 0
S 5322841 300 101644 0
S 5333841 300 101641 0
S 5344840 301 101656 0
S 5355839 300 101647 0
S 5366839 300 101650 0
S 5377838 300 101647 0
S 5388837 300 101647 0
S 5399837 300 101647 0
S 5410836 300 101641 0
S 5421835 300 101647 0
S 5432834 301 101650 0
S 5443834 300 101635 0
S 5454833 300 101647 0
S 5465832 300 101632 0
S 5476832 300 101629 0
S 5487831 300 101632 0
S 5498830 300 101638 0
S 5509830 300 101638 0
S 5520829 300 101635 0
S 5531828 301 101650 0
S 5542828 300 101647 0
S 5553827 300 101647 0
S 5609823 300 101636 1
S 5623823 300 101636 1
S 5637822 300 101645 1
S 5651821 300 101645 1
S 5665820 301 101650 1
S 5679819 300 101647 1
S 5693818 300 101645 1
S 5707817 300 101645 1
S 5721816 301 101639 1
S 5735816 301 101633 1
S 5749815 300 101641 1
S 5763814 301 101645 1
S 5777813 301 101645 1
S 5791812 301 101645 1
S 5805811 301 101650 1
S 5819810 300 101639 1
S 5833809 300 101632 1
S 5847809 301 101633 1
S 5861808 301 101642 1
S 5875807 301 101639 1
S 5889806 301 101645 1
S 5903805 300 101645 1
S 5917804 301 101653 1
S 5931803 300 101639 1
S 5945802 301 101644 1
S 5959802 301 101650 1
S 5973801 301 101636 1
S 5987800 301 101639 1
S 6001799 300 101632 1
S 6015798 301 101645 1
S 6029797 301 101645 1
S 6043796 301 101638 1
S 6057795 301 101638 1
S 6071795 300 101636 1
S 6085794 301 101645 1
S 6099793 301 101639 1
S 6113792 301 101645 1
S 6127791 300 101645 1
S 6141790 301 101647 1
S 6155789 301 101645 1
S 6169788 301 101632 1
S 6183788 300 101632 1
S 6197787 301 101638 1
S 6211786 300 101635 1
S 6225785 301 101636 1
S 6239784 301 101642 1
S 6253783 301 101636 1
S 6267782 301 101638 1
S 6281781 300 101641 1
S 6295781 301 101650 1
S 6309780 301 101651 1
S 6323779 301 101650 1
S 6337778 301 101650 1
S 6351777 301 101641 1
S 6365776 301 101642 1
S 6379775 301 101650 1
S 6393774 301 101653 1
S 6407774 301 101650 1
S 6421773 301 101638 1
S 6435772 301 101645 1
S 6449771 301 101653 1
S 6463770 301 101641 1
S 6477769 301 101636 1
S 6491768 301 101644 1
S 6505767 301 101638 1
S 6519767 301 101638 1
S 6533766 300 101641 1
S 6547765 301 101650 1
S 6561764 301 101642 1
S 6575763 301 101648 1
S 6589762 301 101650 1
S 6603761 301 101645 1
S 6617760 301 101642 1
S 6631760 301 101636 1
S 6645759 301 101642 1
S 6659758 301 101651 1
S 6673757 301 101644 1
S 6687756 301 101650 1
S 6701755 301 101638 1
S 6715754 301 101641 1
S 6729753 301 101633 1
S 6743753 301 101645 1
S 6757752 301 101641 1
S 6771751 301 101638 1
S 6785750 301 101645 1
S 6799749 301 101645 1
S 6813748 301 101650 1
S 6827747 301 101642 1
S 6841746 301 101650 1
S 6855746 301 101650 1
S 6869745 301 101644 1
S 6883744 301 101647 1
S 6897743 301 101645 1
S 6911742 301 101650 1
S 6925741 301 101653 1
S 6939740 301 101648 1
S 6953739 301 101644 1
S 6967739 301 101648 1
S 6981738 301 101651 1
S 6995737 301 101638 1
S 7009736 301 101642 1
S 7023735 301 101644 1
S 7037734 301 101644 1
S 7051733 301 101653 1
S 7065732 301 101648 1
S 7079732 301 101642 1
S 7093731 301 101653 1
S 7107730 301 101650 1
S 7121729 301 101650 1
S 7135728 301 101645 1
S 7149727 301 101650 1
S 7163726 301 101650 1
S 7177725 300 101645 1
S 7191725 301 101650 1
S 7205724 301 101650 1
S 7219723 300 101645 1
S 7233722 301 101641 1
S 7247721 301 101645 1
S 7261720 301 101644 1
S 7275719 301 101644 1
S 7289718 301 101650 1
S 7303718 301 101638 1
S 7317717 301 101645 1
S 7331716 301 101645 1
S 7345715 301 101642 1
S 7359714 301 101645 1
S 7373713 301 101644 1
S 7387712 301 101647 1
S 7401711 301 101650 1
S 7415711 301 101650 1
S 7429710 301 101644 1
S 7443709 300 101641 1
S 7457708 301 101644 1
S 7471707 301 101651 1
S 7485706 300 101645 1
S 7499705 301 101650 1
S 7513704 301 101647 1
S 7527704 301 101635 1
S 7541703 301 101633 1
S 7555702 301 101648 1
S 7569701 300 101632 1
S 7583700 301 101636 1
S 7597699 301 101653 1
S 7611698 301 101650 1
S 7625697 301 101650 1
S 7639697 301 101650 1
S 7653696 301 101644 1
S 7667695 301 101650 1
S 7681694 301 101641 1
S 7695693 301 101644 1
S 7709692 301 101644 1
S 7723691 301 101654 1
S 7737690 301 101653 1
S 7751690 301 101647 1
S 7765689 301 101639 1
S 7779688 301 101650 1
S 7793687 301 101642 1
S 7807686 301 101641 1
S 7821685 301 101645 1
S 7835684 301 101638 1
S 7849683 301 101636 1
S 7863683 301 101636 1
S 7877682 301 101644 1
S 7891681 301 101644 1
S 7905680 301 101636 1
S 7919679 301 101639 1
S 7933678 301 101644 1
S 7947677 301 101639 1
S 7961676 301 101642 1
S 7975676 301 101641 1
S 7989675 301 101635 1
S 8003674 301 101635 1
S 8017673 300 101638 1
S 8031672 301 101645 1
S 8045671 301 101645 1
S 8059670 301 101641 1
S 8073669 300 101645 1
S 8087669 300 101641 1
S 8101668 301 101644 1
S 8115667 301 101645 1
S 8129666 300 101639 1
S 8143665 300 101641 1
S 8157664 301 101638 1
S 8171663 301 101644 1
S 8185662 301 101645 1
S 8199662 301 101644 1
S 8213661 301 101650 1
S 8227660 301 101653 1
S 8241659 301 101636 1
S 8255658 301 101642 1
S 8269657 301 101650 1
S 8283656 301 101644 1
S 8297655 301 101642 1
S 8311655 301 101636 1
S 8325654 301 101638 1
S 8339653 301 101645 1
S 8353652 301 101639 1
S 8367651 300 101633 1
S 8381650 301 101644 1
S 8395649 301 101644 1
S 8409648 300 101645 1
S 8423648 301 101647 1
S 8437647 301 101635 1
S 8451646 300 101626 1
S 8465645 300 101635 1
S 8479644 301 101644 1
S 8493643 301 101638 1
S 8507642 301 101650 1
S 8521641 301 101645 1
S 8535641 300 101639 1
S 8549640 301 101650 1
S 8563639 301 101648 1
S 8577638 301 101644 1
S 8591637 300 101645 1
S 8605636 301 101650 1
S 8619635 301 101650 1
S 8633634 301 101650 1
S 8647634 301 101645 1
S 8661633 300 101641 1
S 8675632 300 101629 1
S 8689631 301 101639 1
S 8703630 301 101644 1
S 8717629 301 101636 1
S 8731628 301 101644 1
S 8745627 301 101635 1
S 8759627 300 101641 1
S 8773626 301 101638 1
S 8787625 301 101639 1
S 8801624 301 101650 1
S 8815623 300 101642 1
S 8829622 300 101639 1
S 8843621 300 101633 1
S 8857620 301 101632 1
S 8871620 300 101639 1
S 8885619 301 101650 1
S 8899618 301 101650 1
S 8913617 300 101632 1
S 8927616 300 101635 1
S 8941615 300 101639 1
S 8955614 301 101650 1
S 8969613 300 101639 1
S 8983613 301 101644 1
S 8997612 300 101645 1
S 9011611 301 101650 1
S 9025610 301 101638 1
S 9039609 301 101644 1
S 9053608 300 101633 1
S 9067607 300 101641 1
S 9081606 300 101645 1
S 9095606 301 101639 1
S 9109605 301 101650 1
S 9123604 300 101632 1
S 9137603 301 101650 1
S 9151602 301 101635 1
S 9165601 301 101645 1
S 9179600 301 101650 1
S 9193599 301 101650 1
S 9207599 301 101647 1
S 9221598 300 101639 1
S 9235597 301 101650 1
S 9249596 301 101650 1
S 9263595 301 101650 1
S 9277594 301 101638 1
S 9291593 300 101633 1
S 9305592 300 101647 1
S 9319592 300 101645 1
S 9333591 300 101636 1
S 9347590 300 101639 1
S 9361589 301 101650 1
S 9375588 300 101641 1
S 9389587 301 101647 1
S 9403586 300 101635 1
S 9417585 301 101638 1
S 9431585 300 101638 1
S 9445584 301 101645 1
S 9459583 301 101651 1
S 9473582 301 101636 1
S 9487581 301 101636 1
S 9501580 301 101644 1
S 9515579 300 101633 1
S 9529578 300 101639 1
S 9543578 300 101641 1
S 9557577 300 101639 1
S 9571576 301 101645 1
S 9585575 300 101645 1
S 9599574 301 101644 1
S 9613573 300 101648 1
S 9627572 301 101650 1
S 9641571 301 101645 1
S 9655571 300 101639 1
S 9669570 301 101650 1
S 9683569 301 101650 1
S 9697568 301 101650 1
S 9711567 301 101644 1
S 9725566 301 101644 1
S 9739565 300 101636 1
S 9753564 301 101639 1
S 9767564 301 101645 1
S 9781563 300 101635 1
S 9795562 300 101632 1
S 9809561 300 101639 1
S 9823560 301 101650 1
S 9837559 301 101650 1
S 9851558 301 101641 1
S 9865557 301 101642 1
S 9879557 300 101635 1
S 9893556 301 101650 1
S 9907555 300 101641 1
S 9921554 300 101645 1
S 9935553 300 101630 1
S 9949552 300 101641 1
S 9963551 301 101633 1
S 9977550 300 101639 1
S 9991550 300 101641 1
S 10005549 300 101636 1
S 10019548 300 101633 1
S 10033547 301 101645 1
S 10047546 300 101645 1
S 10061545 301 101650 1
S 10075544 301 101638 1
S 10089543 301 101650 1
S 10103543 301 101650 1
S 10117542 300 101641 1
S 10131541 301 101645 1
S 10145540 301 101645 1
S 10159539 300 101641 1
S 10173538 301 101650 1
S 10187537 301 101645 1
S 10201536 301 101650 1
S 10215536 301 101638 1
S 10229535 301 101645 1
S 10243534 301 101650 1
S 10257533 301 101650 1
S 10271532 301 101650 1
S 10285531 301 101651 1
S 10299530 301 101650 1
S 10313529 301 101645 1
S 10327529 301 101644 1
S 10341528 301 101647 1
S 10355527 300 101645 1
S 10369526 300 101645 1
S 10383525 301 101650 1
S 10397524 300 101633 1
S 10411523 301 101642 1
S 10425522 301 101644 1
S 10439522 300 101639 1
S 10453521 301 101638 1
S 10467520 301 101650 1
S 10481519 301 101644 1
S 10495518 301 101636 1
S 10509517 300 101639 1
S 10523516 300 101645 1
S 10537515 301 101644 1
S 10551515 300 101647 1
S 10565514 301 101645 1
S 10579513 300 101636 1
S 10593512 300 101645 1
S 10607511 301 101650 1
S 10621510 300 101647 1
S 10635509 301 101644 1
S 10649508 300 101641 1
S 10663508 301 101653 1
S 10677507 301 101645 1
S 10691506 301 101653 1
S 10705505 300 101641 1
S 10719504 301 101635 1
S 10733503 300 101630 1
S 10747502 300 101636 1
S 10761501 300 101639 1
S 10775501 301 101650 1
S 10789500 300 101639 1
S 10803499 301 101639 1
S 10817498 300 101630 1
S 10831497 300 101630 1
S 10845496 300 101633 1
S 10859495 301 101635 1
S 10873494 301 101639 1
S 10887494 301 101644 1
S 10901493 301 101644 1
S 10915492 301 101644 1
S 10929491 301 101644 1
S 10943490 301 101644 1
S 10957489 300 101633 1
S 10971488 301 101650 1
S 10985487 301 101645 1
S 10999487 300 101648 1
S 11013486 300 101645 1
S 11027485 301 101650 1
S 11041484 300 101639 1
S 11055483 301 101645 1
S 11069482 300 101641 1
S 11083481 300 101642 1
S 11097480 300 101641 1
S 11111480 301 101645 1
S 11125479 301 101645 1
S 11139478 301 101644 1
S 11153477 300 101645 1
S 11167476 301 101639 1
S 11181475 301 101644 1
S 11195474 301 101647 1
S 11209473 301 101638 1
S 11223473 301 101650 1
S 11237472 301 101650 1
S 11251471 301 101650 1
S 11265470 300 101641 1
S 11279469 300 101645 1
S 11293468 301 101644 1
S 11307467 301 101638 1
S 11321466 300 101645 1
S 11335466 300 101645 1
S 11349465 301 101645 1
S 11363464 301 101644 1
S 11377463 301 101642 1
S 11391462 301 101638 1
S 11405461 300 101645 1
S 11419460 301 101638 1
S 11433459 301 101645 1
S 11447459 301 101645 1
S 11461458 301 101644 1
S 11475457 301 101653 1
S 11489456 300 101641 1
S 11503455 300 101641 1
S 11517454 301 101644 1
S 11531453 300 101636 1
S 11545452 300 101639 1
S 11559452 301 101650 1
S 11573451 301 101645 1
S 11587450 301 101642 1
S 11601449 300 101636 1
S 11615448 301 101645 1
S 11629447 301 101642 1
S 11643446 301 101641 1
S 11657445 301 101641 1
S 11671445 301 101635 1
S 11685444 300 101639 1
S 11699443 300 101636 1
S 11713442 300 101632 1
S 11727441 301 101642 1
S 11741440 301 101644 1
S 11755439 300 101642 1
S 11769438 301 101636 1
S 11783438 300 101632 1
S 11797437 300 101641 1
S 11811436 301 101638 1
S 11825435 300 101639 1
S 11839434 300 101633 1
S 11853433 301 101638 1
S 11867432 301 101639 1
S 11881431 300 101641 1
S 11895431 301 101641 1
S 11909430 300 101639 1
S 11923429 301 101645 1
S 11937428 300 101648 1
S 11951427 301 101639 1
S 11965426 300 101632 1
S 11979425 300 101641 1
S 11993424 301 101650 1
S 12007424 301 101650 1
S 12021423 301 101650 1
S 12035422 300 101638 1
S 12049421 300 101647 1
S 12063420 300 101641 1
S 12077419 300 101645 1
S 12091418 300 101639 1
S 12105417 300 101638 1
S 12119417 300 101645 1
S 12133416 301 101639 1
S 12147415 301 101650 1
S 12161414 301 101654 1
S 12175413 300 101638 1
S 12189412 301 101641 1
S 12203411 301 101644 1
S 12217410 301 101645 1
S 12231410 300 101641 1
S 12245409 300 101645 1
S 12259408 301 101644 1
S 12273407 301 101644 1
S 12287406 301 101642 1
S 12301405 300 101633 1
S 12315404 301 101642 1
S 12329403 300 101635 1
S 12343403 300 101630 1
S 12357402 300 101632 1
S 12371401 300 101641 1
S 12385400 300 101635 1
S 12399399 301 101636 1
S 12413398 300 101641 1
S 12427397 300 101630 1
S 12441396 300 101635 1
S 12455396 300 101641 1
S 12469395 300 101638 1
S 12483394 300 101632 1
S 12497393 300 101638 1
S 12511392 300 101627 1
S 12525391 301 101650 1
S 12539390 300 101645 1
S 12553389 301 101635 1
S 12567389 300 101636 1
S 12581388 300 101629 1
S 12595387 300 101641 1
S 12675382 300 101635 2
S 12695381 300 101634 2
S 12715379 301 101636 2
S 12735378 300 101632 2
S 12755377 300 101637 2
S 12775376 300 101639 2
S 12795374 301 101637 2
S 12815373 301 101638 2
S 12835372 300 101632 2
S 12855371 301 101638 2
S 12875369 300 101632 2
S 12895368 301 101640 2
S 12915367 301 101633 2
S 12935366 300 101630 2
S 12955364 300 101633 2
S 12975363 300 101638 2
S 12995362 301 101644 2
S 13015361 300 101633 2
S 13035359 300 101636 2
S 13055358 301 101637 2
S 13075357 300 101632 2
S 13095356 301 101639 2
S 13115354 301 101635 2
S 13135353 301 101639 2
S 13155352 301 101645 2
S 13175351 301 101642 2
S 13195349 300 101635 2
S 13215348 301 101641 2
S 13235347 300 101633 2
S 13255346 301 101639 2
S 13275344 300 101635 2
S 13295343 301 101640 2
S 13315342 301 101641 2
S 13335341 300 101635 2
S 13355339 301 101646 2
S 13375338 301 101645 2
S 13395337 301 101638 2
S 13415336 301 101645 2
S 13435334 301 101641 2
S 13455333 301 101647 2
S 13475332 301 101636 2
S 13495331 301 101650 2
S 13515329 301 101641 2
S 13535328 301 101638 2
S 13555327 301 101643 2
S 13575326 301 101639 2
S 13595324 301 101634 2
S 13615323 301 101635 2
S 13635322 301 101639 2
S 13655321 301 101640 2
S 13675319 301 101644 2
S 13695318 301 101647 2
S 13715317 301 101641 2
S 13735316 301 101638 2
S 13755314 301 101641 2
S 13775313 301 101635 2
S 13795312 301 101641 2
S 13815311 301 101642 2
S 13835309 301 101638 2
S 13855308 301 101644 2
S 13875307 301 101646 2
S 13895306 301 101650 2
S 13915304 301 101650 2
S 13935303 301 101641 2
S 13955302 301 101641 2
S 13975301 301 101639 2
S 13995299 301 101637 2
S 14015298 301 101644 2
S 14035297 301 101643 2
S 14055296 301 101645 2
S 14075294 301 101651 2
S 14095293 300 101637 2
S 14115292 301 101649 2
S 14135291 301 101640 2
S 14155289 301 101644 2
S 14175288 301 101650 2
S 14195287 301 101648 2
S 14215286 301 101648 2
S 14235284 301 101645 2
S 14255283 301 101638 2
S 14275282 301 101641 2
S 14295281 300 101637 2
S 14315279 301 101641 2
S 14335278 301 101635 2
S 14355277 301 101637 2
S 14375276 301 101634 2
S 14395274 301 101646 2
S 14415273 301 101651 2
S 14435272 301 101642 2
S 14455271 301 101635 2
S 14475269 301 101641 2
S 14495268 301 101636 2
S 14515267 301 101637 2
S 14535266 301 101635 2
S 14555264 301 101635 2
S 14575263 300 101628 2
S 14595262 301 101639 2
S 14615261 301 101640 2
S 14635259 301 101638 2
S 14655258 301 101643 2
S 14675257 301 101635 2
S 14695256 301 101638 2
S 14715254 301 101639 2
S 14735253 301 101643 2
S 14755252 301 101638 2
S 14775251 301 101641 2
S 14795249 301 101643 2
S 14815248 301 101641 2
S 14835247 301 101647 2
S 14855246 300 101644 2
S 14875244 301 101644 2
S 14895243 301 101645 2
S 14915242 301 101648 2
S 14935241 301 101653 2
S 14955239 301 101642 2
S 14975238 301 101649 2
S 14995237 301 101645 2
S 15015236 301 101644 2
S 15035234 300 101644 2
S 15055233 301 101650 2
S 15075232 301 101647 2
S 15095231 301 101645 2
S 15115229 301 101647 2
S 15135228 300 101643 2
S 15155227 300 101646 2
S 15175226 301 101650 2
S 15195224 301 101650 2
S 15215223 301 101645 2
S 15235222 301 101650 2
S 15255221 301 101650 2
S 15275219 301 101644 2
S 15295218 301 101645 2
S 15315217 300 101641 2
S 15335216 301 101639 2
S 15355214 301 101641 2
S 15375213 301 101650 2
S 15395212 301 101638 2
S 15415211 301 101639 2
S 15435209 301 101647 2
S 15455208 301 101638 2
S 15475207 301 101642 2
S 15495206 301 101644 2
S 15515204 301 101641 2
S 15535203 301 101650 2
S 15555202 301 101647 2
S 15575201 301 101648 2
S 15595199 301 101644 2
S 15615198 301 101650 2
S 15635197 301 101650 2
S 15655196 301 101647 2
S 15675194 300 101646 2
S 15695193 301 101647 2
S 15715192 301 101647 2
S 15735191 301 101641 2
S 15755189 301 101638 2
S 15775188 301 101647 2
S 15795187 301 101644 2
S 15815186 301 101653 2
S 15835184 301 101647 2
S 15855183 301 101650 2
S 15875182 301 101644 2
S 15895181 301 101645 2
S 15915179 301 101644 2
S 15935178 301 101637 2
S 15955177 301 101641 2
S 15975176 301 101642 2
S 15995174 301 101650 2
S 16015173 301 101650 2
S 16035172 301 101647 2
S 16055171 301 101647 2
S 16075169 301 101647 2
S 16095168 301 101646 2
S 16115167 301 101646 2
S 16135166 301 101639 2
S 16155164 301 101638 2
S 16175163 301 101649 2
S 16195162 301 101638 2
S 16215161 301 101647 2
S 16235159 301 101650 2
S 16255158 301 101642 2
S 16275157 301 101639 2
S 16295156 301 101638 2
S 16315154 300 101629 2
S 16335153 301 101637 2
S 16355152 301 101636 2
S 16375151 301 101633 2
S 16395149 301 101636 2
S 16415148 301 101635 2
S 16435147 301 101639 2
S 16455146 301 101634 2
S 16475144 301 101634 2
S 16495143 301 101636 2
S 16515142 300 101638 2
S 16535141 301 101637 2
S 16555139 301 101636 2
S 16575138 301 101640 2
S 16595137 301 101637 2
S 16615136 301 101649 2
S 16635134 301 101644 2
S 16655133 301 101638 2
S 16675132 301 101642 2
S 16695131 301 101645 2
S 16715129 301 101638 2
S 16735128 301 101644 2
S 16755127 301 101644 2
S 16775126 301 101643 2
S 16795124 301 101642 2
S 16815123 301 101647 2
S 16835122 301 101648 2
S 16855121 300 101637 2
S 16875119 301 101649 2
S 16895118 301 101650 2
S 16915117 301 101643 2
S 16935116 301 101639 2
S 16955114 300 101644 2
S 16975113 301 101641 2
S 16995112 301 101648 2
S 17015111 301 101647 2
S 17035109 301 101647 2
S 17055108 301 101649 2
S 17075107 301 101646 2
S 17095106 301 101647 2
S 17115104 301 101647 2
S 17135103 301 101647 2
S 17155102 301 101647 2
S 17175101 301 101642 2
S 17195099 301 101647 2
S 17215098 301 101645 2
S 17235097 301 101649 2
S 17255096 301 101643 2
S 17275094 300 101636 2
S 17295093 301 101650 2
S 17315092 301 101644 2
S 17335091 301 101651 2
S 17355089 301 101644 2
S 17375088 301 101647 2
S 17395087 301 101647 2
S 17415086 301 101636 2
S 17435084 301 101642 2
S 17455083 301 101644 2
S 17475082 301 101638 2
S 17495081 301 101635 2
S 17515079 301 101636 2
S 17535078 301 101636 2
S 17555077 301 101641 2
S 17575076 301 101650 2
S 17595074 301 101651 2
S 17615073 301 101647 2
S 17635072 301 101638 2
S 17655071 301 101643 2
S 17675069 301 101641 2
S 17695068 301 101638 2
S 17715067 301 101635 2
S 17735066 300 101636 2
S 17755064 301 101638 2
S 17775063 301 101639 2
S 17795062 301 101640 2
S 17815061 300 101634 2
S 17835059 300 101631 2
S 17855058 301 101638 2
S 17875057 301 101641 2
S 17895056 301 101637 2
S 17915054 301 101647 2
S 17935053 301 101647 2
S 17955052 300 101633 2
S 17975051 301 101647 2
S 17995049 301 101642 2
S 18015048 301 101639 2
S 18035047 301 101650 2
S 18055046 301 101647 2
S 18075044 301 101650 2
S 18095043 301 101643 2
S 18115042 301 101643 2
S 18135041 301 101645 2
S 18155039 301 101647 2
S 18175038 300 101644 2
S 18195037 301 101650 2
S 18215036 301 101650 2
S 18235034 301 101641 2
S 18255033 301 101649 2
S 18275032 301 101646 2
S 18295031 301 101643 2
S 18315029 301 101647 2
S 18335028 301 101647 2
S 18355027 301 101647 2
S 18375026 301 101647 2
S 18395024 301 101638 2
S 18415023 300 101641 2
S 18435022 301 101639 2
S 18455021 300 101641 2
S 18475019 301 101636 2
S 18495018 301 101641 2
S 18515017 300 101632 2
S 18535016 301 101645 2
S 18555014 301 101638 2
S 18575013 301 101640 2
S 18595012 301 101641 2
S 18615011 301 101639 2
S 18635009 301 101650 2
S 18655008 301 101644 2
S 18675007 301 101638 2
S 18695006 301 101644 2
S 18715004 301 101650 2
S 18735003 301 101641 2
S 18755002 301 101646 2
S 18775001 301 101641 2
S 18794999 301 101642 2
S 18814998 300 101640 2
S 18834997 301 101640 2
S 18854996 301 101641 2
S 18874994 301 101648 2
S 18894993 301 101638 2
S 18914992 301 101640 2
S 18934991 301 101644 2
S 18954989 301 101642 2
S 18974988 301 101646 2
S 18994987 301 101639 2
S 19014986 301 101639 2
S 19034984 301 101647 2
S 19054983 301 101653 2
S 19074982 301 101639 2
S 19094981 300 101643 2
S 19114979 301 101644 2
S 19134978 301 101644 2
S 19154977 301 101641 2
S 19174976 301 101645 2
S 19194974 301 101650 2
S 19214973 301 101643 2
S 19234972 301 101644 2
S 19254971 301 101648 2
S 19274969 301 101643 2
S 19294968 301 101636 2
S 19314967 301 101647 2
S 19334966 301 101645 2
S 19354964 301 101651 2
S 19374963 301 101647 2
S 19394962 301 101647 2
S 19414961 301 101647 2
S 19434959 301 101635 2
S 19454958 301 101644 2
S 19474957 301 101647 2
S 19494956 301 101645 2
S 19514954 301 101651 2
S 19534953 301 101650 2
S 19554952 301 101644 2
S 19574951 301 101651 2
S 19594949 301 101655 2
S 19614948 301 101647 2
S 19634947 301 101650 2
S 19654946 301 101650 2
S 19674944 301 101650 2
S 19694943 301 101648 2
S 19714942 301 101655 2
S 19734941 301 101644 2
S 19754939 301 101647 2
S 19774938 301 101645 2
S 19794937 301 101647 2
S 19814936 301 101651 2
S 19834934 301 101647 2
S 19854933 301 101644 2
S 19874932 301 101650 2
S 19894931 301 101649 2
S 19914929 301 101651 2
S 19934928 301 101647 2
S 19954927 301 101650 2
S 19974926 301 101655 2
S 19994924 301 101644 2
S 20014923 301 101652 2
S 20034922 301 101649 2
S 20054921 301 101644 2
S 20074919 301 101645 2
S 20094918 301 101637 2
S 20114917 301 101646 2
S 20134916 301 101642 2
S 20154914 301 101644 2
S 20174913 301 101650 2
S 20194912 301 101650 2
S 20214911 301 101649 2
S 20234909 301 101643 2
S 20254908 301 101644 2
S 20274907 301 101642 2
S 20294906 301 101644 2
S 20314904 301 101646 2
S 20334903 301 101653 2
S 20354902 301 101643 2
S 20374901 301 101650 2
S 20394899 301 101647 2
S 20414898 301 101647 2
S 20434897 301 101646 2
S 20454896 301 101639 2
S 20474894 301 101651 2
S 20494893 301 101652 2
S 20514892 301 101648 2
S 20534891 301 101644 2
S 20554889 301 101653 2
S 20574888 301 101653 2
S 20594887 301 101653 2
S 20614886 301 101645 2
S 20634884 301 101649 2
S 20654883 301 101650 2
S 20674882 301 101647 2
S 20694881 301 101642 2
S 20714879 301 101635 2
S 20734878 301 101647 2
S 20754877 301 101654 2
S 20774876 301 101647 2
S 20794874 301 101650 2
S 20814873 301 101653 2
S 20834872 301 101649 2
S 20854871 301 101652 2
S 20874869 301 101648 2
S 20894868 301 101648 2
S 20914867 301 101651 2
S 20934866 301 101651 2
S 20954864 301 101654 2
S 20974863 301 101650 2
S 20994862 301 101652 2
S 21014861 301 101650 2
S 21034859 301 101648 2
S 21054858 301 101652 2
S 21074857 301 101653 2
S 21094856 301 101649 2
S 21114854 301 101658 2
S 21134853 301 101656 2
S 21154852 301 101651 2
S 21174851 301 101653 2
S 21194849 301 101650 2
S 21214848 301 101651 2
S 21234847 301 101643 2
S 21254846 301 101638 2
S 21274844 301 101641 2
S 21294843 301 101647 2
S 21314842 301 101641 2
S 21334841 301 101650 2
S 21354839 301 101650 2
S 21374838 300 101639 2
S 21394837 301 101647 2
S 21414836 301 101643 2
S 21434834 301 101646 2
S 21454833 301 101638 2
S 21474832 301 101642 2
S 21494831 301 101651 2
S 21514829 301 101647 2
S 21534828 301 101643 2
S 21554827 301 101644 2
S 21574826 301 101648 2
S 21594824 301 101641 2
S 21614823 301 101645 2
S 21634822 301 101647 2
S 21654821 301 101653 2
S 21674819 301 101647 2
S 21694818 301 101649 2
S 21714817 301 101647 2
S 21734816 301 101650 2
S 21754814 301 101650 2
S 21774813 301 101648 2
S 21794812 301 101641 2
S 21814811 301 101645 2
S 21834809 301 101647 2
S 21854808 301 101636 2
S 21874807 301 101639 2
S 21894806 301 101653 2
S 21914804 301 101645 2
S 21934803 301 101646 2
S 21954802 301 101648 2
S 21974801 301 101653 2
S 21994799 301 101641 2
S 22014798 301 101640 2
S 22034797 301 101635 2
S 22054796 301 101642 2
S 22074794 301 101640 2
S 22094793 301 101642 2
S 22114792 301 101640 2
S 22134791 301 101642 2
S 22154789 301 101637 2
S 22174788 301 101633 2
S 22194787 301 101634 2
S 22214786 301 101636 2
S 22234784 301 101636 2
S 22254783 301 101636 2
S 22274782 301 101638 2
S 22294781 300 101637 2
S 22314779 301 101642 2
S 22334778 301 101638 2
S 22354777 301 101635 2
S 22374776 301 101641 2
S 22394774 301 101655 2
S 22414773 301 101641 2
S 22434772 301 101638 2
S 22454771 301 101636 2
S 22474769 301 101641 2
S 22494768 301 101642 2
S 22514767 301 101651 2
S 22534766 301 101637 2
S 22554764 301 101644 2
S 22574763 301 101647 2
S 22594762 301 101642 2
S 22614761 301 101645 2
S 22634759 301 101641 2
S 22654758 301 101642 2
S 22782750 301 101646 3
S 22814748 301 101649 3
S 22846746 301 101653 3
S 22878744 301 101651 3
S 22910742 301 101645 3
S 22942740 301 101646 3
S 22974738 301 101651 3
S 23006736 301 101643 3
S 23038734 301 101641 3
S 23070732 301 101651 3
S 23102730 301 101643 3
S 23134728 301 101649 3
S 23166726 301 101646 3
S 23198724 301 101643 3
S 23230722 301 101643 3
S 23262720 301 101639 3
S 23294718 301 101643 3
S 23326716 301 101648 3
S 23358714 301 101650 3
S 23390712 301 101649 3
S 23422710 301 101641 3
S 23454708 301 101643 3
S 23486706 301 101639 3
S 23518704 301 101638 3
S 23550702 301 101639 3
S 23582700 301 101643 3
S 23614698 301 101648 3
S 23646696 301 101644 3
S 23678694 301 101641 3
S 23710692 301 101644 3
S 23742690 301 101637 3
S 23774688 301 101644 3
S 23806686 301 101643 3
S 23838684 301 101646 3
S 23870682 301 101646 3
S 23902680 301 101644 3
S 23934678 301 101646 3
S 23966676 301 101651 3
S 23998674 301 101645 3
S 24030672 301 101645 3
S 24062670 301 101645 3
S 24094668 301 101645 3
S 24126666 301 101641 3
S 24158664 301 101647 3
S 24190662 301 101647 3
S 24222660 301 101639 3
S 24254658 301 101637 3
S 24286656 301 101640 3
S 24318654 301 101641 3
S 24350652 301 101639 3
S 24382650 301 101644 3
S 24414648 301 101638 3
S 24446646 301 101647 3
S 24478644 301 101637 3
S 24510642 301 101643 3
S 24542640 301 101646 3
S 24574638 301 101639 3
S 24606636 301 101640 3
S 24638634 301 101638 3
S 24670632 301 101648 3
S 24702630 301 101644 3
S 24734628 301 101649 3
S 24766626 301 101640 3
S 24798624 301 101641 3
S 24830622 301 101643 3
S 24862620 301 101639 3
S 24894618 301 101648 3
S 24926616 301 101642 3
S 24958614 301 101638 3
S 24990612 301 101640 3
S 25022610 301 101645 3
S 25054608 301 101647 3
S 25086606 301 101641 3
S 25118604 301 101635 3
S 25150602 301 101646 3
S 25182600 301 101648 3
S 25214598 301 101643 3
S 25246596 301 101643 3
S 25278594 301 101646 3
S 25310592 301 101643 3
S 25342590 301 101640 3
S 25374588 301 101645 3
S 25406586 301 101639 3
S 25438584 301 101636 3
S 25470582 301 101646 3
S 25502580 301 101637 3
S 25534578 301 101649 3
S 25566576 301 101645 3
S 25598574 301 101642 3
S 25630572 301 101644 3
S 25662570 301 101639 3
S 25694568 301 101641 3
S 25726566 301 101640 3
S 25758564 301 101641 3
S 25790562 301 101641 3
S 25822560 301 101640 3
S 25854558 301 101637 3
S 25886556 301 101646 3
S 25918554 301 101643 3
S 25950552 301 101643 3
S 25982550 301 101646 3
S 26014548 301 101641 3
S 26046546 301 101638 3
S 26078544 301 101640 3
S 26110542 301 101643 3
S 26142540 301 101644 3
S 26174538 301 101640 3
S 26206536 301 101641 3
S 26238534 301 101639 3
S 26270532 301 101647 3
S 26302530 301 101640 3
S 26334528 301 101644 3
S 26366526 301 101642 3
S 26398524 301 101649 3
S 26430522 301 101644 3
S 26462520 301 101649 3
S 26494518 301 101650 3
S 26526516 301 101653 3
S 26558514 301 101641 3
S 26590512 301 101652 3
S 26622510 301 101646 3
S 26654508 301 101643 3
S 26686506 301 101636 3
S 26718504 301 101642 3
S 26750502 301 101645 3
S 26782500 301 101642 3
S 26814498 301 101642 3
S 26846496 301 101639 3
S 26878494 301 101643 3
S 26910492 301 101644 3
S 26942490 301 101652 3
S 26974488 301 101635 3
S 27006486 301 101643 3
S 27038484 301 101646 3
S 27070482 301 101641 3
S 27102480 301 101641 3
S 27134478 301 101644 3
S 27166476 301 101647 3
S 27198474 301 101638 3
S 27230472 301 101643 3
S 27262470 301 101643 3
S 27294468 301 101642 3
S 27326466 301 101641 3
S 27358464 301 101639 3
S 27390462 301 101640 3
S 27422460 301 101637 3
S 27454458 301 101641 3
S 27486456 301 101640 3
S 27518454 301 101646 3
S 27550452 301 101643 3
S 27582450 301 101640 3
S 27614448 301 101639 3
S 27646446 301 101646 3
S 27678444 301 101643 3
S 27710442 301 101644 3
S 27742440 301 101640 3
S 27774438 301 101644 3
S 27806436 301 101642 3
S 27838434 301 101639 3
S 27870432 301 101642 3
S 27902430 301 101643 3
S 27934428 301 101643 3
S 27966426 301 101643 3
S 27998424 301 101639 3
S 28030422 301 101642 3
S 28062420 301 101642 3
S 28094418 301 101642 3
S 28126416 301 101639 3
S 28158414 301 101643 3
S 28190412 301 101634 3
S 28222410 301 101645 3
S 28254408 301 101637 3
S 28286406 301 101644 3
S 28318404 301 101643 3
S 28350402 301 101645 3
S 28382400 301 101644 3
S 28414398 301 101640 3
S 28446396 301 101641 3
S 28478394 301 101640 3
S 28510392 301 101641 3
S 28542390 301 101641 3
S 28574388 301 101639 3
S 28606386 301 101635 3
S 28638384 301 101644 3
S 28670382 301 101645 3
S 28702380 301 101640 3
S 28734378 301 101643 3
S 28766376 301 101643 3
S 28798374 301 101642 3
S 28830372 301 101637 3
S 28862370 301 101645 3
S 28894368 301 101637 3
S 28926366 301 101641 3
S 28958364 301 101642 3
S 28990362 301 101642 3
S 29022360 301 101640 3
S 29054358 301 101646 3
S 29086356 301 101641 3
S 29118354 301 101640 3
S 29150352 301 101641 3
S 29182350 301 101640 3
S 29214348 301 101645 3
S 29246346 301 101644 3
S 29278344 301 101649 3
S 29310342 301 101645 3
S 29342340 301 101643 3
S 29374338 301 101648 3
S 29406336 301 101646 3
S 29438334 301 101640 3
S 29470332 301 101640 3
S 29502330 301 101640 3
S 29534328 301 101641 3
S 29566326 301 101646 3
S 29598324 301 101645 3
S 29630322 301 101644 3
S 29662320 301 101644 3
S 29694318 301 101640 3
S 29726316 301 101645 3
S 29758314 301 101638 3
S 29790312 301 101636 3
S 29822310 301 101639 3
S 29854308 301 101638 3
S 29886306 301 101641 3
S 29918304 301 101639 3
S 29950302 301 101643 3
S 29982300 301 101640 3
S 30014298 301 101644 3
S 30046296 301 101636 3
S 30078294 301 101638 3
S 30110292 301 101642 3
S 30142290 301 101646 3
S 30174288 301 101650 3
S 30206286 301 101643 3
S 30238284 301 101643 3
S 30270282 301 101644 3
S 30302280 301 101648 3
S 30334278 301 101645 3
S 30366276 301 101640 3
S 30398274 301 101644 3
S 30430272 301 101644 3
S 30462270 301 101638 3
S 30494268 301 101645 3
S 30526266 301 101640 3
S 30558264 301 101641 3
S 30590262 301 101637 3
S 30622260 301 101649 3
S 30654258 301 101646 3
S 30686256 301 101644 3
S 30718254 301 101640 3
S 30750252 301 101641 3
S 30782250 301 101641 3
S 30814248 301 101642 3
S 30846246 301 101639 3
S 30878244 301 101646 3
S 30910242 301 101643 3
S 30942240 301 101644 3
S 30974238 301 101640 3
S 31006236 301 101641 3
S 31038234 301 101648 3
S 31070232 301 101652 3
S 31102230 301 101652 3
S 31134228 301 101645 3
S 31166226 301 101651 3
S 31198224 301 101646 3
S 31230222 301 101645 3
S 31262220 301 101639 3
S 31294218 301 101635 3
S 31326216 301 101640 3
S 31358214 301 101646 3
S 31390212 301 101640 3
S 31422210 301 101641 3
S 31454208 301 101641 3
S 31486206 301 101640 3
S 31518204 301 101645 3
S 31550202 301 101645 3
S 31582200 301 101642 3
S 31614198 301 101639 3
S 31646196 301 101632 3
S 31678194 301 101643 3
S 31710192 301 101637 3
S 31742190 301 101639 3
S 31774188 301 101642 3
S 31806186 301 101643 3
S 31838184 301 101647 3
S 31870182 301 101651 3
S 31902180 301 101644 3
S 31934178 301 101646 3
S 31966176 301 101646 3
S 31998174 301 101645 3
S 32030172 301 101642 3
S 32062170 301 101642 3
S 32094168 301 101640 3
S 32126166 301 101643 3
S 32158164 301 101648 3
S 32190162 301 101642 3
S 32222160 301 101640 3
S 32254158 301 101637 3
S 32286156 301 101642 3
S 32318154 301 101640 3
S 32350152 301 101644 3
S 32382150 301 101642 3
S 32414148 301 101632 3
S 32446146 301 101642 3
S 32478144 301 101639 3
S 32510142 301 101643 3
S 32542140 301 101639 3
S 32574138 301 101642 3
S 32606136 301 101640 3
S 32638134 301 101640 3
S 32670132 301 101641 3
S 32702130 301 101642 3
S 32734128 301 101641 3
S 32766126 301 101641 3
S 32798124 301 101650 3
S 32830122 301 101649 3
S 32862120 301 101644 3
S 32894118 301 101645 3
S 32926116 301 101649 3
S 32958114 301 101647 3
S 32990112 301 101649 3
S 33022110 301 101642 3
S 33054108 301 101639 3
S 33086106 301 101643 3
S 33118104 301 101645 3
S 33150102 301 101647 3
S 33182100 301 101642 3
S 33214098 301 101640 3
S 33246096 301 101640 3
S 33278094 301 101641 3
S 33310092 301 101647 3
S 33342090 301 101647 3
S 33374088 301 101646 3
S 33406086 301 101642 3
S 33438084 301 101647 3
S 33470082 301 101644 3
S 33502080 301 101647 3
S 33534078 301 101639 3
S 33566076 301 101645 3
S 33598074 301 101648 3
S 33630072 301 101648 3
S 33662070 301 101639 3
S 33694068 301 101652 3
S 33726066 301 101646 3
S 33758064 301 101643 3
S 33790062 301 101650 3
S 33822060 301 101643 3
S 33854058 301 101641 3
S 33886056 301 101649 3
S 33918054 301 101646 3
S 33950052 301 101651 3
S 33982050 301 101642 3
S 34014048 301 101637 3
S 34046046 301 101646 3
S 34078044 301 101642 3
S 34110042 301 101638 3
S 34142040 301 101638 3
S 34174038 301 101643 3
S 34206036 301 101638 3
S 34238034 301 101642 3
S 34270032 301 101639 3
S 34302030 301 101640 3
S 34334028 301 101642 3
S 34366026 301 101644 3
S 34398024 301 101640 3
S 34430022 301 101634 3
S 34462020 301 101641 3
S 34494018 301 101637 3
S 34526016 301 101633 3
S 34558014 301 101640 3
S 34590012 301 101637 3
S 34622010 301 101640 3
S 34654008 301 101640 3
S 34686006 301 101639 3
S 34718004 301 101643 3
S 34750002 301 101641 3
S 34782000 301 101635 3
S 34813998 301 101640 3
S 34845996 301 101638 3
S 34877994 301 101639 3
S 34909992 301 101640 3
S 34941990 301 101635 3
S 34973988 301 101635 3
S 35005986 301 101640 3
S 35037984 301 101643 3
S 35069982 301 101637 3
S 35101980 301 101636 3
S 35133978 301 101645 3
S 35165976 301 101641 3
S 35197974 301 101638 3
S 35229972 301 101640 3
S 35261970 301 101640 3
S 35293968 301 101638 3
S 35325966 301 101646 3
S 35357964 301 101640 3
S 35389962 301 101639 3
S 35421960 301 101641 3
S 35453958 301 101634 3
S 35485956 301 101638 3
S 35517954 301 101640 3
S 35549952 301 101642 3
S 35581950 301 101634 3
S 35613948 301 101636 3
S 35645946 301 101642 3
S 35677944 301 101642 3
S 35709942 301 101644 3
S 35741940 301 101642 3
S 35773938 301 101641 3
S 35805936 301 101643 3
S 35837934 301 101640 3
S 35869932 301 101642 3
S 35901930 301 101640 3
S 35933928 301 101643 3
S 35965926 301 101637 3
S 35997924 301 101638 3
S 36029922 301 101638 3
S 36061920 301 101643 3
S 36093918 301 101634 3
S 36125916 301 101637 3
S 36157914 301 101635 3
S 36189912 301 101643 3
S 36221910 301 101645 3
S 36253908 301 101637 3
S 36285906 301 101640 3
S 36317904 301 101642 3
S 36349902 301 101642 3
S 36381900 301 101644 3
S 36413898 301 101647 3
S 36445896 301 101643 3
S 36477894 301 101646 3
S 36509892 301 101640 3
S 36541890 301 101645 3
S 36573888 301 101645 3
S 36605886 301 101635 3
S 36637884 301 101637 3
S 36669882 301 101636 3
S 36701880 301 101646 3
S 36733878 301 101647 3
S 36765876 301 101644 3
S 36797874 301 101643 3
S 36829872 301 101651 3
S 36861870 301 101644 3
S 36893868 301 101643 3
S 36925866 301 101643 3
S 36957864 301 101642 3
S 36989862 301 101637 3
S 37021860 301 101639 3
S 37053858 301 101637 3
S 37085856 301 101645 3
S 37117854 301 101635 3
S 37149852 301 101636 3
S 37181850 301 101640 3
S 37213848 301 101647 3
S 37245846 301 101635 3
S 37277844 301 101638 3
S 37309842 301 101645 3
S 37341840 301 101647 3
S 37373838 301 101650 3
S 37405836 301 101639 3
S 37437834 301 101637 3
S 37469832 301 101642 3
S 37501830 301 101644 3
S 37533828 301 101635 3
S 37565826 301 101636 3
S 37597824 301 101637 3
S 37629822 301 101644 3
S 37661820 301 101638 3
S 37693818 301 101641 3
S 37725816 301 101647 3
S 37757814 301 101644 3
S 37789812 301 101646 3
S 37821810 301 101647 3
S 37853808 301 101640 3
S 37885806 301 101642 3
S 37917804 301 101635 3
S 37949802 301 101642 3
S 37981800 301 101644 3
S 38013798 301 101640 3
S 38045796 301 101643 3
S 38077794 301 101645 3
S 38109792 301 101643 3
S 38141790 301 101647 3
S 38173788 301 101642 3
S 38205786 301 101642 3
S 38237784 301 101643 3
S 38269782 301 101644 3
S 38301780 301 101639 3
S 38333778 301 101647 3
S 38365776 301 101637 3
S 38397774 301 101636 3
S 38429772 301 101635 3
S 38461770 301 101636 3
S 38493768 301 101634 3
S 38525766 301 101640 3
S 38557764 301 101636 3
S 38589762 301 101637 3
S 38621760 301 101639 3
S 38653758 301 101642 3
S 38685756 301 101639 3
S 38717754 301 101640 3
S 38749752 301 101637 3
S 38769751 301 101634 2
S 38789750 301 101640 2
S 38809748 301 101637 2
S 38829747 301 101632 2
S 38849746 301 101639 2
S 38869745 301 101639 2
S 38889743 301 101639 2
S 38909742 301 101639 2
S 38929741 301 101641 2
S 38949740 301 101645 2
S 38969738 301 101638 2
S 38989737 301 101641 2
S 39009736 301 101642 2
S 39029735 301 101641 2
S 39049733 301 101644 2
S 39069732 301 101644 2
S 39089731 301 101639 2
S 39109730 301 101642 2
S 39129728 301 101638 2
S 39149727 301 101642 2
S 39169726 301 101641 2
S 39189725 301 101636 2
S 39209723 301 101642 2
S 39229722 301 101649 2
S 39249721 301 101642 2
S 39269720 301 101644 2
S 39289718 301 101648 2
S 39309717 301 101636 2
S 39329716 301 101639 2
S 39349715 301 101639 2
S 39369713 301 101639 2
S 39389712 301 101639 2
S 39409711 301 101635 2
S 39429710 301 101639 2
S 39449708 301 101638 2
S 39469707 301 101639 2
S 39489706 301 101639 2
S 39509705 301 101635 2
S 39529703 301 101640 2
S 39549702 301 101644 2
S 39569701 301 101638 2
S 39589700 301 101648 2
S 39609698 301 101645 2
S 39629697 301 101642 2
S 39649696 301 101647 2
S 39669695 301 101638 2
S 39689693 301 101641 2
S 39709692 301 101639 2
S 39729691 301 101646 2
S 39749690 301 101647 2
S 39769688 301 101654 2
S 39789687 301 101639 2
S 39809686 301 101637 2
S 39829685 301 101629 2
S 39849683 301 101635 2
S 39869682 301 101630 2
S 39889681 301 101642 2
S 39909680 301 101642 2
S 39929678 301 101638 2
S 39949677 301 101641 2
S 39969676 301 101643 2
S 39989675 301 101647 2
S 40009673 301 101638 2
S 40029672 301 101634 2
S 40049671 301 101639 2
S 40069670 301 101637 2
S 40089668 301 101643 2
S 40109667 301 101635 2
S 40129666 301 101630 2
S 40149665 301 101633 2
S 40169663 301 101641 2
S 40189662 301 101640 2
S 40209661 301 101634 2
S 40229660 301 101644 2
S 40249658 301 101635 2
S 40269657 301 101641 2
S 40289656 301 101639 2
S 40309655 301 101634 2
S 40329653 301 101643 2
S 40349652 301 101638 2
S 40369651 301 101632 2
S 40389650 301 101636 2
S 40409648 301 101642 2
S 40429647 301 101630 2
S 40449646 301 101630 2
S 40469645 301 101633 2
S 40489643 301 101636 2
S 40509642 301 101640 2
S 40529641 301 101639 2
S 40549640 301 101651 2
S 40569638 301 101632 2
S 40589637 301 101642 2
S 40609636 301 101635 2
S 40629635 301 101639 2
S 40649633 301 101635 2
S 40669632 301 101640 2
S 40689631 301 101640 2
S 40709630 301 101637 2
S 40729628 301 101644 2
S 40749627 301 101636 2
S 40769626 301 101642 2
S 40789625 301 101636 2
S 40809623 301 101642 2
S 40829622 301 101630 2
S 40849621 301 101639 2
S 40869620 301 101635 2
S 40889618 301 101644 2
S 40909617 301 101638 2
S 40929616 301 101636 2
S 40949615 301 101642 2
S 40969613 301 101645 2
S 40989612 301 101639 2
S 41009611 301 101644 2
S 41029610 301 101648 2
S 41049608 301 101641 2
S 41069607 301 101639 2
S 41089606 301 101644 2
S 41109605 301 101638 2
S 41129603 301 101642 2
S 41149602 301 101642 2
S 41169601 301 101641 2
S 41189600 301 101640 2
S 41209598 301 101642 2
S 41229597 301 101644 2
S 41249596 301 101646 2
S 41269595 301 101633 2
S 41289593 301 101636 2
S 41309592 301 101636 2
S 41329591 301 101633 2
S 41349590 301 101640 2
S 41369588 301 101634 2
S 41389587 301 101635 2
S 41409586 301 101636 2
S 41429585 301 101641 2
S 41449583 301 101638 2
S 41469582 301 101637 2
S 41489581 301 101635 2
S 41509580 301 101639 2
S 41529578 301 101637 2
S 41549577 301 101631 2
S 41569576 301 101636 2
S 41589575 301 101632 2
S 41609573 301 101639 2
S 41629572 301 101639 2
S 41649571 301 101638 2
S 41669570 301 101644 2
S 41689568 301 101633 2
S 41709567 301 101641 2
S 41729566 301 101639 2
S 41749565 301 101643 2
S 41769563 301 101641 2
S 41789562 301 101639 2
S 41809561 301 101641 2
S 41829560 301 101645 2
S 41849558 301 101647 2
S 41869557 301 101640 2
S 41889556 301 101639 2
S 41909555 301 101644 2
S 41929553 301 101647 2
S 41949552 301 101636 2
S 41969551 301 101641 2
S 41989550 301 101643 2
S 42009548 301 101644 2
S 42029547 301 101642 2
S 42049546 301 101649 2
S 42069545 301 101644 2
S 42089543 301 101644 2
S 42109542 301 101644 2
S 42129541 301 101644 2
S 42149540 301 101642 2
S 42169538 301 101639 2
S 42189537 301 101648 2
S 42209536 301 101640 2
S 42229535 301 101640 2
S 42249533 301 101642 2
S 42269532 301 101639 2
S 42289531 301 101637 2
S 42309530 301 101642 2
S 42329528 301 101639 2
S 42349527 301 101635 2
S 42369526 301 101636 2
S 42389525 301 101638 2
S 42409523 301 101639 2
S 42429522 301 101639 2
S 42449521 301 101636 2
S 42469520 301 101642 2
S 42489518 301 101639 2
S 42509517 301 101632 2
S 42529516 301 101635 2
S 42549515 301 101642 2
S 42569513 301 101637 2
S 42589512 301 101645 2
S 42609511 301 101634 2
S 42629510 301 101631 2
S 42649508 301 101636 2
S 42669507 301 101639 2
S 42689506 301 101633 2
S 42709505 301 101634 2
S 42729503 301 101636 2
S 42749502 301 101641 2
S 42769501 301 101632 2
S 42789500 301 101634 2
S 42809498 301 101635 2
S 42829497 301 101633 2
S 42849496 301 101645 2
S 42869495 301 101633 2
S 42889493 301 101629 2
S 42909492 301 101638 2
S 42929491 301 101640 2
S 42949490 301 101637 2
S 42969488 301 101636 2
S 42989487 301 101637 2
S 43009486 301 101636 2
S 43029485 301 101642 2
S 43049483 301 101634 2
S 43069482 301 101639 2
S 43089481 301 101644 2
S 43109480 301 101642 2
S 43129478 301 101638 2
S 43149477 301 101636 2
S 43169476 301 101641 2
S 43189475 301 101641 2
S 43209473 301 101642 2
S 43229472 301 101638 2
S 43249471 301 101642 2
S 43269470 301 101641 2
S 43289468 301 101632 2
S 43309467 301 101635 2
S 43329466 301 101639 2
S 43349465 301 101633 2
S 43369463 301 101639 2
S 43389462 301 101636 2
S 43409461 301 101641 2
S 43429460 301 101640 2
S 43449458 301 101633 2
S 43469457 301 101639 2
S 43489456 301 101642 2
S 43509455 301 101648 2
S 43529453 301 101639 2
S 43549452 301 101636 2
S 43569451 301 101641 2
S 43589450 301 101639 2
S 43609448 301 101641 2
S 43629447 301 101631 2
S 43649446 301 101638 2
S 43669445 301 101645 2
S 43689443 301 101645 2
S 43709442 301 101648 2
S 43729441 301 101639 2
S 43749440 301 101634 2
S 43769438 301 101640 2
S 43789437 301 101643 2
S 43809436 301 101639 2
S 43829435 301 101640 2
S 43849433 301 101646 2
S 43869432 301 101641 2
S 43889431 301 101638 2
S 43909430 301 101641 2
S 43929428 301 101639 2
S 43949427 301 101643 2
S 43969426 301 101646 2
S 43989425 301 101649 2
S 44009423 301 101640 2
S 44029422 301 101647 2
S 44049421 301 101648 2
S 44069420 301 101640 2
S 44089418 301 101644 2
S 44109417 301 101642 2
S 44129416 301 101639 2
S 44149415 301 101646 2
S 44169413 301 101641 2
S 44189412 301 101642 2
S 44209411 301 101656 2
S 44229410 301 101648 2
S 44249408 301 101642 2
S 44269407 301 101641 2
S 44289406 301 101645 2
S 44309405 301 101630 2
S 44329403 301 101644 2
S 44349402 301 101642 2
S 44369401 301 101642 2
S 44389400 301 101639 2
S 44409398 301 101637 2
S 44429397 301 101646 2
S 44449396 301 101647 2
S 44469395 301 101645 2
S 44489393 301 101642 2
S 44509392 301 101646 2
S 44529391 301 101645 2
S 44549390 301 101642 2
S 44569388 301 101641 2
S 44589387 301 101637 2
S 44609386 301 101632 2
S 44629385 301 101632 2
S 44649383 301 101633 2
S 44669382 301 101637 2
S 44689381 301 101637 2
S 44709380 301 101636 2
S 44729378 301 101638 2
S 44749377 301 101636 2
S 44769376 301 101641 2
S 44789375 301 101643 2
S 44809373 301 101632 2
S 44829372 301 101632 2
S 44849371 301 101639 2
S 44869370 301 101639 2
S 44889368 301 101631 2
S 44909367 301 101638 2
S 44929366 301 101634 2
S 44949365 301 101634 2
S 44969363 301 101633 2
S 44989362 301 101639 2
S 45009361 301 101639 2
S 45029360 301 101637 2
S 45049358 301 101639 2
S 45069357 301 101635 2
S 45089356 301 101633 2
S 45109355 301 101640 2
S 45129353 301 101646 2
S 45149352 301 101639 2
S 45169351 301 101644 2
S 45189350 301 101642 2
S 45209348 301 101639 2
S 45229347 301 101643 2
S 45249346 301 101645 2
S 45269345 301 101640 2
S 45289343 301 101643 2
S 45309342 301 101648 2
S 45329341 301 101645 2
S 45349340 301 101649 2
S 45369338 301 101642 2
S 45389337 301 101639 2
S 45409336 301 101639 2
S 45429335 301 101642 2
S 45449333 301 101639 2
S 45469332 301 101642 2
S 45489331 301 101643 2
S 45509330 301 101641 2
S 45529328 301 101645 2
S 45549327 301 101650 2
S 45569326 301 101645 2
S 45589325 301 101640 2
S 45609323 301 101644 2
S 45629322 301 101639 2
S 45649321 301 101636 2
S 45669320 301 101630 2
S 45689318 301 101639 2
S 45709317 301 101641 2
S 45729316 301 101634 2
S 45749315 301 101639 2
S 45769313 301 101634 2
S 45789312 301 101638 2
S 45809311 301 101641 2
S 45829310 301 101635 2
S 45849308 301 101636 2
S 45869307 301 101638 2
S 45889306 301 101642 2
S 45909305 301 101644 2
S 45929303 301 101639 2
S 45949302 301 101639 2
S 45969301 301 101636 2
S 45989300 301 101636 2
S 46009298 301 101635 2
S 46029297 301 101636 2
S 46049296 301 101636 2
S 46069295 301 101636 2
S 46089293 301 101636 2
S 46109292 301 101636 2
S 46129291 301 101639 2
S 46149290 301 101646 2
S 46169288 301 101649 2
S 46189287 301 101645 2
S 46209286 301 101640 2
S 46229285 301 101647 2
S 46249283 301 101642 2
S 46269282 301 101640 2
S 46289281 301 101644 2
S 46309280 301 101637 2
S 46329278 301 101638 2
S 46349277 301 101633 2
S 46369276 301 101644 2
S 46389275 301 101639 2
S 46409273 301 101636 2
S 46429272 301 101629 2
S 46449271 301 101639 2
S 46469270 301 101644 2
S 46489268 301 101640 2
S 46509267 301 101630 2
S 46529266 301 101641 2
S 46549265 301 101641 2
S 46569263 301 101645 2
S 46589262 301 101642 2
S 46609261 301 101641 2
S 46629260 301 101642 2
S 46649258 301 101646 2
S 46669257 301 101639 2
S 46689256 301 101639 2
S 46709255 301 101636 2
S 46729253 301 101642 2
S 46749252 301 101645 2
S 46769251 301 101642 2
S 46789250 301 101644 2
S 46809248 301 101642 2
S 46829247 301 101646 2
S 46849246 301 101639 2
S 46869245 301 101639 2
S 46889243 301 101643 2
S 46909242 301 101639 2
S 46929241 301 101650 2
S 46949240 301 101641 2
S 46969238 301 101636 2
S 46989237 301 101635 2
S 47009236 301 101639 2
S 47029235 301 101642 2
S 47049233 301 101641 2
S 47069232 301 101638 2
S 47089231 301 101641 2
S 47109230 301 101633 2
S 47129228 301 101641 2
S 47149227 301 101636 2
S 47169226 301 101634 2
S 47189225 301 101638 2
S 47209223 301 101641 2
S 47229222 301 101636 2
S 47249221 301 101639 2
S 47269220 301 101633 2
S 47289218 301 101635 2
S 47309217 301 101636 2
S 47329216 301 101642 2
S 47349215 301 101644 2
S 47369213 301 101638 2
S 47389212 301 101640 2
S 47409211 301 101637 2
S 47429210 301 101641 2
S 47449208 301 101639 2
S 47469207 301 101640 2
S 47489206 301 101646 2
S 47509205 301 101640 2
S 47529203 301 101641 2
S 47549202 301 101645 2
S 47569201 301 101644 2
S 47589200 301 101648 2
S 47609198 301 101648 2
S 47629197 301 101640 2
S 47649196 301 101642 2
S 47669195 301 101651 2
S 47689193 301 101642 2
S 47709192 301 101643 2
S 47729191 301 101648 2
S 47749190 301 101642 2
S 47769188 301 101639 2
S 47789187 301 101641 2
S 47809186 301 101633 2
S 47829185 301 101636 2
S 47849183 301 101643 2
S 47869182 301 101633 2
S 47889181 301 101639 2
S 47909180 301 101634 2
S 47929178 301 101635 2
S 47949177 301 101635 2
S 47969176 301 101635 2
S 47989175 301 101636 2
S 48009173 301 101642 2
S 48029172 301 101636 2
S 48049171 301 101639 2
S 48069170 301 101641 2
S 48089168 301 101640 2
S 48109167 301 101637 2
S 48129166 301 101639 2
S 48149165 301 101642 2
S 48169163 301 101644 2
S 48189162 301 101636 2
S 48209161 301 101638 2
S 48229160 301 101638 2
S 48249158 301 101633 2
S 48269157 301 101636 2
S 48289156 301 101641 2
S 48309155 301 101635 2
S 48329153 301 101636 2
S 48349152 301 101636 2
S 48369151 301 101639 2
S 48389150 301 101638 2
S 48409148 301 101636 2
S 48429147 301 101638 2
S 48449146 301 101639 2
S 48469145 301 101639 2
S 48489143 301 101640 2
S 48509142 301 101642 2
S 48529141 301 101640 2
S 48549140 301 101640 2
S 48569138 301 101639 2
S 48589137 301 101642 2
S 48609136 301 101642 2
S 48629135 301 101639 2
S 48649133 301 101639 2
S 48669132 301 101642 2
S 48689131 301 101639 2
S 48709130 301 101635 2
S 48729128 301 101635 2
S 48749127 301 101640 2
S 48769126 301 101644 2
S 48789125 301 101647 2
S 48809123 301 101650 2
S 48829122 301 101642 2
S 48849121 301 101644 2
S 48869120 301 101649 2
S 48889118 301 101645 2
S 48909117 301 101646 2
S 48929116 301 101650 2
S 48949115 301 101648 2
S 48969113 301 101644 2
S 48989112 301 101642 2
S 49009111 301 101645 2
S 49029110 301 101645 2
S 49049108 301 101644 2
S 49069107 301 101642 2
S 49089106 301 101644 2
S 49109105 301 101648 2
S 49129103 301 101646 2
S 49149102 301 101642 2
S 49169101 301 101645 2
S 49189100 301 101639 2
S 49209098 301 101641 2
S 49229097 301 101643 2
S 49249096 301 101640 2
S 49269095 301 101651 2
S 49289093 301 101647 2
S 49309092 301 101644 2
S 49329091 301 101644 2
S 49349090 301 101645 2
S 49369088 301 101642 2
S 49389087 301 101640 2
S 49409086 301 101645 2
S 49429085 301 101642 2
S 49449083 301 101646 2
S 49469082 301 101636 2
S 49489081 301 101638 2
S 49509080 301 101642 2
S 49529078 301 101639 2
S 49549077 301 101636 2
S 49569076 301 101642 2
S 49589075 301 101642 2
S 49609073 301 101645 2
S 49629072 301 101643 2
S 49649071 301 101643 2
S 49669070 301 101639 2
S 49689068 301 101643 2
S 49709067 301 101648 2
S 49729066 301 101644 2
S 49749065 301 101647 2
S 49769063 301 101645 2
S 49789062 301 101644 2
S 49809061 301 101649 2
S 49829060 301 101644 2
S 49849058 301 101642 2
S 49869057 301 101641 2
S 49889056 301 101647 2
S 49909055 301 101636 2
S 49929053 301 101642 2
S 49949052 301 101646 2
S 49969051 301 101642 2
S 49989050 301 101642 2
S 50009048 301 101638 2
S 50029047 301 101639 2
S 50049046 301 101642 2
S 50069045 301 101639 2
S 50089043 301 101639 2
S 50109042 301 101642 2
S 50129041 301 101639 2
S 50149040 301 101636 2
S 50169038 301 101637 2
S 50189037 301 101636 2
S 50209036 301 101633 2
S 50229035 301 101638 2
S 50249033 301 101642 2
S 50269032 301 101639 2
S 50289031 301 101640 2
S 50309030 301 101642 2
S 50329028 301 101635 2
S 50349027 301 101645 2
S 50369026 301 101638 2
S 50389025 301 101636 2
S 50409023 301 101642 2
S 50429022 301 101639 2
S 50449021 301 101639 2
S 50469020 301 101639 2
S 50489018 301 101642 2
S 50509017 301 101644 2
S 50529016 301 101640 2
S 50549015 301 101639 2
S 50569013 301 101636 2
S 50589012 301 101642 2
S 50609011 301 101642 2
S 50629010 301 101637 2
S 50649008 301 101636 2
S 50669007 301 101636 2
S 50689006 301 101636 2
S 50709005 301 101638 2
S 50729003 301 101636 2
S 50749002 301 101643 2
S 50769001 301 101644 2
S 50789000 301 101644 2
S 50808998 301 101640 2
S 50828997 301 101637 2
S 50848996 301 101642 2
S 50868995 301 101643 2
S 50888993 301 101640 2
S 50908992 301 101647 2
S 50928991 301 101643 2
S 50948990 301 101639 2
S 50968988 301 101636 2
S 50988987 301 101635 2
S 51008986 301 101646 2
S 51028985 301 101640 2
S 51048983 301 101644 2
S 51068982 301 101633 2
S 51088981 301 101635 2
S 51108980 301 101639 2
S 51128978 301 101642 2
S 51148977 301 101641 2
S 51168976 301 101639 2
S 51188975 301 101641 2
S 51208973 301 101637 2
S 51228972 301 101638 2
S 51248971 301 101645 2
S 51268970 301 101635 2
S 51288968 301 101645 2
S 51308967 301 101645 2
S 51328966 301 101636 2
S 51348965 301 101646 2
S 51368963 301 101640 2
S 51388962 301 101644 2
S 51408961 301 101640 2
S 51428960 301 101648 2
S 51448958 301 101639 2
S 51468957 301 101642 2
S 51488956 301 101643 2
S 51508955 301 101642 2
S 51528953 301 101648 2
S 51548952 301 101644 2
S 51568951 301 101632 2
S 51588950 301 101644 2
S 51608948 301 101645 2
S 51628947 301 101642 2
S 51648946 301 101642 2
S 51668945 301 101637 2
S 51688943 301 101639 2
S 51708942 301 101647 2
S 51728941 301 101633 2
S 51748940 301 101638 2
S 51768938 301 101648 2
S 51788937 301 101641 2
S 51808936 301 101649 2
S 51828935 301 101647 2
S 51848933 301 101643 2
S 51868932 301 101644 2
S 51888931 301 101644 2
S 51908930 301 101641 2
S 51928928 301 101644 2
S 51948927 301 101648 2
S 51968926 301 101641 2
S 51988925 301 101643 2
S 52008923 301 101642 2
S 52028922 301 101645 2
S 52048921 301 101642 2
S 52068920 301 101639 2
S 52088918 301 101630 2
S 52108917 301 101645 2
S 52128916 301 101637 2
S 52148915 301 101640 2
S 52168913 301 101648 2
S 52188912 301 101636 2
S 52208911 301 101640 2
S 52228910 301 101641 2
S 52248908 301 101635 2
S 52268907 301 101639 2
S 52288906 301 101635 2
S 52308905 301 101641 2
S 52328903 301 101642 2
S 52348902 301 101636 2
S 52368901 301 101640 2
S 52388900 301 101638 2
S 52408898 301 101635 2
S 52428897 301 101642 2
S 52448896 301 101642 2
S 52468895 301 101640 2
S 52488893 301 101635 2
S 52508892 301 101635 2
S 52528891 301 101636 2
S 52548890 301 101636 2
S 52568888 301 101629 2
S 52588887 301 101637 2
S 52608886 301 101631 2
S 52628885 301 101640 2
S 52648883 301 101637 2
S 52668882 301 101636 2
S 52688881 301 101639 2
S 52708880 301 101642 2
S 52728878 301 101640 2
S 52748877 301 101636 2
S 52768876 301 101644 2
S 52788875 301 101640 2
S 52808873 301 101647 2
S 52828872 301 101646 2
S 52848871 301 101650 2
S 52868870 301 101639 2
S 52888868 301 101638 2
S 52908867 301 101640 2
S 52928866 301 101642 2
S 52948865 301 101638 2
S 52968863 301 101641 2
S 52988862 301 101642 2
S 53008861 301 101645 2
S 53028860 301 101638 2
S 53048858 301 101644 2
S 53068857 301 101645 2
S 53088856 301 101637 2
S 53108855 301 101642 2
S 53128853 301 101643 2
S 53148852 301 101639 2
S 53168851 301 101644 2
S 53188850 301 101639 2
S 53208848 301 101641 2
S 53228847 301 101645 2
S 53248846 301 101644 2
S 53268845 301 101641 2
S 53288843 301 101640 2
S 53308842 301 101639 2
S 53328841 301 101643 2
S 53348840 301 101642 2
S 53368838 301 101647 2
S 53388837 301 101641 2
S 53408836 301 101637 2
S 53428835 301 101642 2
S 53448833 301 101645 2
S 53468832 301 101637 2
S 53488831 301 101637 2
S 53508830 301 101637 2
S 53528828 301 101639 2
S 53548827 301 101636 2
S 53568826 301 101638 2
S 53588825 301 101641 2
S 53608823 301 101636 2
S 53628822 301 101643 2
S 53648821 301 101641 2
S 53668820 301 101650 2
S 53688818 301 101642 2
S 53708817 301 101644 2
S 53728816 301 101648 2
S 53748815 301 101643 2
S 53768813 301 101637 2
S 53788812 301 101642 2
S 53808811 301 101642 2
S 53828810 301 101642 2
S 53848808 301 101640 2
S 53868807 301 101645 2
S 53888806 301 101649 2
S 53908805 301 101643 2
S 53928803 301 101639 2
S 53948802 301 101639 2
S 53968801 301 101645 2
S 53988800 301 101642 2
S 54008798 301 101639 2
S 54028797 301 101645 2
S 54048796 301 101646 2
S 54068795 301 101645 2
S 54088793 301 101639 2
S 54108792 301 101642 2
S 54128791 301 101641 2
S 54148790 301 101642 2
S 54168788 301 101637 2
S 54188787 301 101642 2
S 54208786 301 101641 2
S 54228785 301 101641 2
S 54248783 301 101646 2
S 54268782 301 101643 2
S 54288781 301 101647 2
S 54308780 301 101642 2
S 54328778 301 101643 2
S 54348777 301 101640 2
S 54368776 301 101642 2
S 54388775 301 101642 2
S 54408773 301 101644 2
S 54428772 301 101638 2
S 54448771 301 101642 2
S 54468770 301 101636 2
S 54488768 301 101638 2
S 54508767 301 101635 2
S 54528766 301 101642 2
S 54548765 301 101641 2
S 54568763 301 101639 2
S 54588762 301 101636 2
S 54608761 301 101642 2
S 54628760 301 101642 2
S 54648758 301 101636 2
S 54668757 301 101645 2
S 54688756 301 101639 2
S 54708755 301 101637 2
S 54728753 301 101633 2
S 54748752 301 101643 2
S 54768751 301 101640 2
S 54788750 301 101648 2
S 54808748 301 101642 2
S 54828747 301 101637 2
S 54848746 301 101639 2
S 54868745 301 101644 2
S 54888743 301 101647 2
S 54908742 301 101644 2
S 54928741 301 101640 2
S 54948740 301 101639 2
S 54968738 301 101642 2
S 54988737 301 101639 2
S 55008736 301 101643 2
S 55028735 301 101642 2
S 55048733 301 101641 2
S 55068732 301 101645 2
S 55088731 301 101643 2
S 55108730 301 101642 2
S 55128728 301 101639 2
S 55148727 301 101649 2
S 55168726 301 101648 2
S 55188725 301 101641 2
S 55208723 301 101639 2
S 55228722 301 101640 2
S 55248721 301 101639 2
S 55268720 301 101645 2
S 55288718 301 101642 2
S 55308717 301 101639 2
S 55328716 301 101633 2
S 55348715 301 101641 2
S 55368713 301 101639 2
S 55388712 301 101642 2
S 55408711 301 101642 2
S 55428710 301 101636 2
S 55448708 301 101639 2
S 55468707 301 101645 2
S 55488706 301 101634 2
S 55508705 301 101635 2
S 55528703 301 101637 2
S 55548702 301 101638 2
S 55568701 301 101633 2
S 55588700 301 101633 2
S 55608698 301 101633 2
S 55628697 301 101630 2
S 55648696 301 101636 2
S 55668695 301 101634 2
S 55688693 301 101638 2
S 55708692 301 101636 2
S 55728691 301 101636 2
S 55748690 301 101642 2
S 55768688 301 101641 2
S 55788687 301 101641 2
S 55808686 301 101634 2
S 55828685 301 101633 2
S 55848683 301 101633 2
S 55868682 301 101639 2
S 55888681 301 101642 2
S 55908680 301 101639 2
S 55928678 301 101639 2
S 55948677 301 101630 2
S 55968676 301 101636 2
S 55988675 301 101638 2
S 56008673 301 101636 2
S 56028672 301 101639 2
S 56048671 301 101638 2
S 56068670 301 101636 2
S 56088668 301 101636 2
S 56108667 301 101643 2
S 56128666 301 101639 2
S 56148665 301 101644 2
S 56168663 301 101642 2
S 56188662 301 101644 2
S 56208661 301 101638 2
S 56228660 301 101642 2
S 56248658 301 101636 2
S 56268657 301 101636 2
S 56288656 301 101637 2
S 56308655 301 101636 2
S 56328653 301 101636 2
S 56348652 301 101636 2
S 56368651 301 101633 2
S 56388650 301 101636 2
S 56408648 301 101635 2
S 56428647 301 101637 2
S 56448646 301 101636 2
S 56468645 301 101635 2
S 56488643 301 101642 2
S 56508642 301 101637 2
S 56528641 301 101637 2
S 56548640 301 101628 2
S 56568638 301 101632 2
S 56588637 301 101636 2
S 56608636 301 101642 2
S 56628635 301 101636 2
S 56648633 301 101636 2
S 56668632 301 101636 2
S 56688631 301 101633 2
S 56708630 301 101630 2
S 56728628 301 101633 2
S 56748627 301 101635 2
S 56768626 301 101638 2
S 56788625 301 101630 2
S 56808623 301 101634 2
S 56828622 301 101633 2
S 56848621 301 101639 2
S 56868620 301 101630 2
S 56888618 301 101636 2
S 56908617 301 101631 2
S 56928616 301 101637 2
S 56948615 301 101639 2
S 56968613 301 101638 2
S 56988612 301 101633 2
S 57008611 301 101636 2
S 57028610 301 101634 2
S 57048608 301 101634 2
S 57068607 301 101641 2
S 57088606 301 101631 2
S 57108605 301 101635 2
S 57128603 301 101637 2
S 57148602 301 101633 2
S 57168601 301 101639 2
S 57188600 301 101634 2
S 57208598 301 101639 2
S 57228597 301 101639 2
S 57248596 301 101637 2
S 57268595 301 101634 2
S 57288593 301 101638 2
S 57308592 301 101639 2
S 57328591 301 101642 2
S 57348590 301 101640 2
S 57368588 301 101638 2
S 57388587 301 101633 2
S 57408586 301 101639 2
S 57428585 301 101637 2
S 57448583 301 101645 2
S 57468582 301 101634 2
S 57488581 301 101637 2
S 57508580 301 101633 2
S 57528578 301 101636 2
S 57548577 301 101636 2
S 57568576 301 101635 2
S 57588575 301 101643 2
S 57608573 301 101640 2
S 57628572 301 101634 2
S 57648571 301 101636 2
S 57668570 301 101636 2
S 57688568 301 101637 2
S 57708567 301 101634 2
S 57728566 301 101639 2
S 57748565 301 101641 2
S 57768563 301 101636 2
S 57788562 301 101643 2
S 57808561 301 101636 2
S 57828560 301 101642 2
S 57848558 301 101639 2
S 57868557 301 101638 2
S 57888556 301 101647 2
S 57908555 301 101639 2
S 57928553 301 101638 2
S 57948552 301 101640 2
S 57968551 301 101643 2
S 57988550 301 101635 2
S 58008548 301 101636 2
S 58028547 301 101642 2
S 58048546 301 101640 2
S 58068545 301 101630 2
S 58088543 301 101635 2
S 58108542 301 101635 2
S 58128541 301 101639 2
S 58148540 301 101643 2
S 58168538 301 101642 2
S 58188537 301 101642 2
S 58208536 301 101643 2
S 58228535 301 101647 2
S 58248533 301 101648 2
S 58268532 301 101634 2
S 58288531 301 101639 2
S 58308530 301 101636 2
S 58328528 301 101636 2
S 58348527 301 101645 2
S 58368526 301 101638 2
S 58388525 301 101642 2
S 58408523 301 101645 2
S 58428522 301 101643 2
S 58448521 301 101645 2
S 58468520 301 101639 2
S 58488518 301 101651 2
S 58508517 301 101649 2
S 58528516 301 101642 2
S 58548515 301 101642 2
S 58568513 301 101639 2
S 58588512 301 101633 2
S 58608511 301 101635 2
S 58628510 301 101635 2
S 58648508 301 101638 2
S 58668507 301 101639 2
S 58688506 301 101638 2
S 58708505 301 101641 2
S 58728503 301 101648 2
S 58748502 301 101637 2
S 58768501 301 101642 2
S 58788500 301 101643 2
S 58808498 301 101640 2
S 58828497 301 101633 2
S 58848496 301 101638 2
S 58868495 301 101643 2
S 58888493 301 101645 2
S 58908492 301 101639 2
S 58928491 301 101644 2
S 58948490 301 101637 2
S 58968488 301 101642 2
S 58988487 301 101639 2
S 59008486 301 101630 2
S 59028485 301 101637 2
S 59048483 301 101639 2
S 59068482 301 101636 2
S 59088481 301 101631 2
S 59108480 301 101633 2
S 59128478 301 101640 2
S 59148477 301 101637 2
S 59168476 301 101635 2
S 59188475 301 101640 2
S 59208473 301 101638 2
S 59228472 301 101645 2
S 59248471 301 101642 2
S 59268470 301 101644 2
S 59288468 301 101638 2
S 59308467 301 101638 2
S 59328466 301 101636 2
S 59348465 301 101637 2
S 59368463 301 101641 2
S 59388462 301 101639 2
S 59408461 301 101642 2
S 59428460 301 101638 2
S 59448458 301 101645 2
S 59468457 301 101642 2
S 59488456 301 101642 2
S 59508455 301 101639 2
S 59528453 301 101635 2
S 59548452 301 101645 2
S 59568451 301 101642 2
S 59588450 301 101639 2
S 59608448 301 101642 2
S 59628447 301 101636 2
S 59648446 301 101639 2
S 59668445 301 101636 2
S 59688443 301 101630 2
S 59708442 301 101631 2
S 59728441 301 101637 2
S 59748440 301 101644 2
S 59768438 301 101639 2
S 59788437 301 101641 2
S 59808436 301 101645 2
S 59828435 301 101645 2
S 59848433 301 101636 2
S 59868432 301 101636 2
S 59888431 301 101638 2
S 59908430 301 101636 2
S 59928428 301 101640 2
S 59948427 301 101636 2
S 59968426 301 101638 2
S 59988425 301 101636 2
S 60008423 301 101650 2
S 60028422 301 101637 2
S 60048421 301 101642 2
S 60068420 301 101642 2
S 60088418 301 101640 2
S 60108417 301 101639 2
S 60128416 301 101643 2
S 60148415 301 101636 2
S 60168413 301 101636 2
S 60188412 301 101639 2
S 60208411 301 101636 2
S 60228410 301 101636 2
S 60248408 301 101637 2
S 60268407 301 101630 2
S 60288406 301 101633 2
S 60308405 301 101633 2
S 60328403 301 101629 2
S 60348402 301 101636 2
S 60368401 301 101642 2
S 60388400 301 101638 2
S 60408398 301 101631 2
S 60428397 301 101637 2
S 60448396 301 101630 2
S 60468395 301 101640 2
S 60488393 301 101632 2
S 60508392 301 101638 2
S 60528391 301 101637 2
S 60548390 301 101642 2
S 60568388 301 101636 2
S 60588387 301 101644 2
S 60608386 301 101641 2
S 60628385 301 101642 2
S 60648383 301 101635 2
S 60668382 301 101633 2
S 60688381 301 101642 2
S 60708380 301 101643 2
S 60728378 301 101641 2
S 60748377 301 101641 2
S 60768376 301 101643 2
S 60788375 301 101640 2
S 60808373 301 101645 2
S 60828372 301 101645 2
S 60848371 301 101645 2
S 60868370 301 101639 2
S 60888368 301 101643 2
S 60908367 301 101646 2
S 60928366 301 101648 2
S 60948365 301 101641 2
S 60968363 301 101643 2
S 60988362 301 101640 2
S 61008361 301 101640 2
S 61028360 301 101633 2
S 61048358 301 101639 2
S 61068357 301 101643 2
S 61088356 301 101636 2
S 61108355 301 101639 2
S 61128353 301 101645 2
S 61148352 301 101642 2
S 61168351 301 101638 2
S 61188350 301 101638 2
S 61208348 301 101644 2
S 61228347 301 101636 2
S 61248346 301 101639 2
S 61268345 301 101639 2
S 61288343 301 101639 2
S 61308342 301 101638 2
S 61328341 301 101633 2
S 61348340 301 101639 2
S 61368338 301 101644 2
S 61388337 301 101640 2
S 61408336 301 101644 2
S 61428335 301 101644 2
S 61448333 301 101644 2
S 61468332 301 101633 2
S 61488331 301 101641 2
S 61508330 301 101627 2
S 61528328 301 101638 2
S 61548327 301 101643 2
S 61568326 301 101639 2
S 61588325 301 101639 2
S 61608323 301 101640 2
S 61628322 301 101640 2
S 61648321 301 101635 2
S 61668320 301 101627 2
S 61688318 301 101636 2
S 61708317 301 101633 2
S 61728316 301 101628 2
S 61748315 301 101638 2
S 61768313 301 101641 2
S 61788312 301 101640 2
S 61808311 301 101633 2
S 61828310 301 101636 2
S 61848308 301 101637 2
S 61868307 301 101630 2
S 61888306 301 101633 2
S 61908305 301 101640 2
S 61928303 301 101636 2
S 61948302 301 101636 2
S 61968301 301 101636 2
S 61988300 301 101640 2
S 62008298 301 101640 2
S 62028297 301 101639 2
S 62048296 301 101636 2
S 62068295 301 101628 2
S 62088293 301 101635 2
S 62108292 301 101636 2
S 62128291 301 101637 2
S 62148290 301 101630 2
S 62168288 301 101636 2
S 62188287 301 101635 2
S 62208286 301 101633 2
S 62228285 301 101639 2
S 62248283 301 101639 2
S 62268282 301 101637 2
S 62288281 301 101643 2
S 62308280 301 101630 2
S 62328278 301 101642 2
S 62348277 301 101644 2
S 62368276 301 101642 2
S 62388275 301 101639 2
S 62408273 301 101632 2
S 62428272 301 101639 2
S 62448271 301 101637 2
S 62468270 301 101633 2
S 62488268 301 101636 2
S 62508267 301 101635 2
S 62528266 301 101644 2
S 62548265 301 101641 2
S 62568263 301 101642 2
S 62588262 301 101642 2
S 62608261 301 101641 2
S 62628260 301 101642 2
S 62648258 301 101645 2
S 62668257 301 101646 2
S 62688256 301 101636 2
S 62708255 301 101638 2
S 62728253 301 101635 2
S 62748252 301 101634 2
S 62768251 301 101639 2
S 62788250 301 101635 2
S 62808248 301 101634 2
S 62828247 301 101630 2
S 62848246 301 101639 2
S 62868245 301 101640 2
S 62888243 301 101633 2
S 62908242 301 101642 2
S 62928241 301 101635 2
S 62948240 301 101642 2
S 62968238 301 101645 2
S 62988237 301 101634 2
S 63008236 301 101637 2
S 63028235 301 101639 2
S 63048233 301 101634 2
S 63068232 301 101641 2
S 63088231 301 101640 2
S 63108230 301 101645 2
S 63128228 301 101636 2
S 63148227 301 101637 2
S 63168226 301 101643 2
S 63188225 301 101643 2
S 63208223 301 101643 2
S 63228222 301 101639 2
S 63248221 301 101639 2
S 63268220 301 101634 2
S 63288218 301 101632 2
S 63308217 301 101641 2
S 63328216 301 101630 2
S 63348215 301 101634 2
S 63368213 301 101643 2
S 63388212 301 101627 2
S 63408211 301 101639 2
S 63428210 301 101634 2
S 63448208 301 101640 2
S 63468207 301 101642 2
S 63488206 301 101642 2
S 63508205 301 101632 2
S 63528203 301 101636 2
S 63548202 301 101635 2
S 63568201 301 101639 2
S 63588200 301 101634 2
S 63608198 301 101635 2
S 63628197 301 101641 2
S 63648196 301 101639 2
S 63668195 301 101642 2
S 63688193 301 101639 2
S 63708192 301 101640 2
S 63728191 301 101642 2
S 63748190 301 101642 2
S 63768188 301 101643 2
S 63788187 301 101645 2
S 63808186 301 101639 2
S 63828185 301 101651 2
S 63848183 301 101648 2
S 63868182 301 101645 2
S 63888181 301 101642 2
S 63908180 301 101643 2
S 63928178 301 101639 2
S 63948177 301 101639 2
S 63968176 301 101643 2
S 63988175 301 101644 2
S 64008173 301 101645 2
S 64028172 301 101649 2
S 64048171 301 101653 2
S 64068170 301 101646 2
S 64088168 301 101644 2
S 64108167 301 101647 2
S 64128166 301 101654 2
S 64148165 301 101643 2
S 64168163 301 101648 2
S 64188162 301 101646 2
S 64208161 301 101645 2
S 64228160 301 101645 2
S 64248158 301 101645 2
S 64268157 301 101647 2
S 64288156 301 101643 2
S 64308155 301 101648 2
S 64328153 301 101647 2
S 64348152 301 101647 2
S 64368151 301 101648 2
S 64388150 301 101640 2
S 64408148 301 101643 2
S 64428147 301 101646 2
S 64448146 301 101638 2
S 64468145 301 101640 2
S 64488143 301 101648 2
S 64508142 301 101647 2
S 64528141 301 101644 2
S 64548140 301 101648 2
S 64568138 301 101638 2
S 64588137 301 101651 2
S 64608136 301 101651 2
S 64628135 301 101643 2
S 64648133 301 101643 2
S 64668132 301 101646 2
S 64688131 301 101636 2
S 64708130 301 101642 2
S 64728128 301 101648 2
S 64748127 301 101639 2
S 64768126 301 101642 2
S 64788125 301 101644 2
S 64808123 301 101639 2
S 64828122 301 101642 2
S 64848121 301 101638 2
S 64868120 301 101636 2
S 64888118 301 101639 2
S 64908117 301 101636 2
S 64928116 301 101634 2
S 64948115 301 101642 2
S 64968113 301 101644 2
S 64988112 301 101648 2
S 65008111 301 101635 2
S 65028110 301 101651 2
S 65048108 301 101644 2
S 65068107 301 101650 2
S 65088106 301 101640 2
S 65108105 301 101643 2
S 65128103 301 101643 2
S 65148102 301 101648 2
S 65168101 301 101648 2
S 65188100 301 101643 2
S 65208098 301 101646 2
S 65228097 301 101637 2
S 65248096 301 101639 2
S 65268095 301 101632 2
S 65288093 301 101639 2
S 65308092 301 101639 2
S 65328091 301 101641 2
S 65348090 301 101641 2
S 65368088 301 101644 2
S 65388087 301 101650 2
S 65408086 301 101645 2
S 65428085 301 101638 2
S 65448083 301 101648 2
S 65468082 301 101645 2
S 65488081 301 101641 2
S 65508080 301 101648 2
S 65528078 301 101643 2
S 65548077 301 101642 2
S 65568076 301 101639 2
S 65588075 301 101636 2
S 65608073 301 101634 2
S 65628072 301 101643 2
S 65648071 301 101637 2
S 65668070 301 101642 2
S 65688068 301 101643 2
S 65708067 301 101638 2
S 65728066 301 101642 2
S 65748065 301 101648 2
S 65768063 301 101641 2
S 65788062 301 101630 2
S 65808061 301 101641 2
S 65828060 301 101647 2
S 65848058 301 101639 2
S 65868057 301 101639 2
S 65888056 301 101644 2
S 65908055 301 101639 2
S 65928053 301 101639 2
S 65948052 301 101639 2
S 65968051 301 101637 2
S 65988050 301 101635 2
S 66008048 301 101645 2
S 66028047 301 101642 2
S 66048046 301 101637 2
S 66068045 301 101642 2
S 66088043 301 101636 2
S 66108042 301 101642 2
S 66128041 301 101641 2
S 66148040 301 101641 2
S 66168038 301 101645 2
S 66188037 301 101644 2
S 66208036 301 101646 2
S 66228035 301 101642 2
S 66248033 301 101647 2
S 66268032 301 101647 2
S 66288031 301 101650 2
S 66308030 301 101650 2
S 66328028 301 101642 2
S 66348027 301 101645 2
S 66368026 301 101644 2
S 66388025 301 101642 2
S 66408023 301 101641 2
S 66428022 301 101642 2
S 66448021 301 101639 2
S 66468020 301 101644 2
S 66488018 301 101644 2
S 66508017 301 101643 2
S 66528016 301 101637 2
S 66548015 301 101636 2
S 66568013 301 101639 2
S 66588012 301 101643 2
S 66608011 301 101647 2
S 66628010 301 101641 2
S 66648008 301 101643 2
S 66668007 301 101639 2
S 66688006 301 101638 2
S 66708005 301 101639 2
S 66728003 301 101647 2
S 66748002 301 101635 2
S 66768001 301 101636 2
S 66788000 301 101640 2
S 66807998 301 101633 2
S 66827997 301 101642 2
S 66847996 301 101642 2
S 66867995 301 101643 2
S 66887993 301 101641 2
S 66907992 301 101642 2
S 66927991 301 101645 2
S 66947990 301 101645 2
S 66967988 301 101645 2
S 66987987 301 101638 2
S 67007986 301 101639 2
S 67027985 301 101640 2
S 67047983 301 101639 2
S 67067982 301 101636 2
S 67087981 301 101634 2
S 67107980 301 101641 2
S 67127978 301 101642 2
S 67147977 301 101638 2
S 67167976 301 101642 2
S 67187975 301 101642 2
S 67207973 301 101639 2
S 67227972 301 101635 2
S 67247971 301 101636 2
S 67267970 301 101638 2
S 67287968 301 101636 2
S 67307967 301 101638 2
S 67327966 301 101635 2
S 67347965 301 101632 2
S 67367963 301 101634 2
S 67387962 301 101642 2
S 67407961 301 101645 2
S 67427960 301 101643 2
S 67447958 301 101645 2
S 67467957 301 101642 2
S 67487956 301 101642 2
S 67507955 301 101635 2
S 67527953 301 101639 2
S 67547952 301 101645 2
S 67567951 301 101642 2
S 67587950 301 101639 2
S 67607948 301 101638 2
S 67627947 301 101647 2
S 67647946 301 101640 2
S 67667945 301 101636 2
S 67687943 301 101639 2
S 67707942 301 101643 2
S 67727941 301 101642 2
S 67747940 301 101639 2
S 67767938 301 101646 2
S 67787937 301 101642 2
S 67807936 301 101645 2
S 67827935 301 101638 2
S 67847933 301 101648 2
S 67867932 301 101645 2
S 67887931 301 101646 2
S 67907930 301 101642 2
S 67927928 301 101650 2
S 67947927 301 101649 2
S 67967926 301 101649 2
S 67987925 301 101635 2
S 68007923 301 101645 2
S 68027922 301 101636 2
S 68047921 301 101639 2
S 68067920 301 101641 2
S 68087918 301 101640 2
S 68107917 301 101645 2
S 68127916 301 101648 2
S 68147915 301 101644 2
S 68167913 301 101645 2
S 68187912 301 101648 2
S 68207911 301 101643 2
S 68227910 301 101652 2
S 68247908 301 101649 2
S 68267907 301 101648 2
S 68287906 301 101641 2
S 68307905 301 101648 2
S 68327903 301 101639 2
S 68347902 301 101639 2
S 68367901 301 101640 2
S 68387900 301 101640 2
S 68407898 301 101646 2
S 68427897 301 101641 2
S 68447896 301 101651 2
S 68467895 301 101649 2
S 68487893 301 101644 2
S 68507892 301 101652 2
S 68527891 301 101648 2
S 68547890 301 101645 2
S 68567888 301 101648 2
S 68587887 301 101644 2
S 68607886 301 101642 2
S 68627885 301 101648 2
S 68647883 301 101639 2
S 68667882 301 101642 2
S 68687881 301 101636 2
S 68707880 301 101642 2
S 68727878 301 101641 2
S 68747877 301 101641 2
S 68767876 301 101639 2
S 68787875 301 101647 2
S 68807873 301 101640 2
S 68827872 301 101644 2
S 68847871 301 101635 2
S 68867870 301 101639 2
S 68887868 301 101635 2
S 68907867 301 101636 2
S 68927866 301 101642 2
S 68947865 301 101642 2
S 68967863 301 101651 2
S 68987862 301 101642 2
S 69007861 301 101645 2
S 69027860 301 101640 2
S 69047858 301 101642 2
S 69067857 301 101636 2
S 69087856 301 101642 2
S 69107855 301 101643 2
S 69127853 301 101640 2
S 69147852 301 101642 2
S 69167851 301 101633 2
S 69187850 301 101642 2
S 69207848 301 101638 2
S 69227847 301 101640 2
S 69247846 301 101634 2
S 69267845 301 101642 2
S 69287843 301 101650 2
S 69307842 301 101640 2
S 69327841 301 101647 2
S 69347840 301 101644 2
S 69367838 301 101644 2
S 69387837 301 101643 2
S 69407836 301 101644 2
S 69427835 301 101647 2
S 69447833 301 101644 2
S 69467832 301 101636 2
S 69487831 301 101642 2
S 69507830 301 101644 2
S 69527828 301 101648 2
S 69547827 301 101643 2
S 69567826 301 101643 2
S 69587825 301 101639 2
S 69607823 301 101637 2
S 69627822 301 101638 2
S 69647821 301 101637 2
S 69667820 301 101645 2
S 69687818 301 101647 2
S 69707817 301 101642 2
S 69727816 301 101642 2
S 69747815 301 101645 2
S 69767813 301 101641 2
S 69787812 301 101645 2
S 69807811 301 101639 2
S 69827810 301 101637 2
S 69847808 301 101634 2
S 69867807 301 101641 2
S 69887806 301 101639 2
S 69907805 301 101647 2
S 69927803 301 101643 2
S 69947802 301 101641 2
S 69967801 301 101642 2
S 69987800 301 101645 2
S 70007798 301 101639 2
S 70027797 301 101641 2
S 70047796 301 101645 2
S 70067795 301 101639 2
S 70087793 301 101644 2
S 70107792 301 101638 2
S 70127791 301 101640 2
S 70147790 301 101642 2
S 70167788 301 101640 2
S 70187787 301 101644 2
S 70207786 301 101647 2
S 70227785 301 101648 2
S 70247783 301 101643 2
S 70267782 301 101651 2
S 70287781 301 101644 2
S 70307780 301 101642 2
S 70327778 301 101635 2
S 70347777 301 101643 2
S 70367776 301 101635 2
S 70387775 301 101635 2
S 70407773 301 101642 2
S 70427772 301 101638 2
S 70447771 301 101637 2
S 70467770 301 101633 2
S 70487768 301 101636 2
S 70507767 301 101637 2
S 70527766 301 101637 2
S 70547765 301 101645 2
S 70567763 301 101641 2
S 70587762 301 101643 2
S 70607761 301 101643 2
S 70627760 301 101641 2
S 70647758 301 101639 2
S 70667757 301 101649 2
S 70687756 301 101636 2
S 70707755 301 101641 2
S 70727753 301 101640 2
S 70747752 301 101634 2
S 70767751 301 101645 2
S 70787750 301 101641 2
S 70807748 301 101641 2
S 70827747 301 101645 2
S 70847746 301 101641 2
S 70867745 301 101648 2
S 70887743 301 101635 2
S 70907742 301 101639 2
S 70927741 301 101642 2
S 70947740 301 101643 2
S 70967738 301 101642 2
S 70987737 301 101644 2
S 71007736 301 101637 2
S 71027735 301 101641 2
S 71047733 301 101639 2
S 71067732 301 101639 2
S 71087731 301 101636 2
S 71107730 301 101642 2
S 71127728 301 101642 2
S 71147727 301 101643 2
S 71167726 301 101643 2
S 71187725 301 101645 2
S 71207723 301 101641 2
S 71227722 301 101650 2
S 71247721 301 101638 2
S 71267720 301 101643 2
S 71287718 301 101639 2
S 71307717 301 101641 2
S 71327716 301 101640 2
S 71347715 301 101639 2
S 71367713 301 101635 2
S 71387712 301 101643 2
S 71407711 301 101642 2
S 71427710 301 101640 2
S 71447708 301 101642 2
S 71467707 301 101634 2
S 71487706 301 101642 2
S 71507705 301 101640 2
S 71527703 301 101639 2
S 71547702 301 101635 2
S 71567701 301 101634 2
S 71587700 301 101639 2
S 71607698 301 101640 2
S 71627697 301 101635 2
S 71647696 301 101639 2
S 71667695 301 101642 2
S 71687693 301 101642 2
S 71707692 301 101640 2
S 71727691 301 101648 2
S 71747690 301 101651 2
S 71767688 301 101648 2
S 71787687 301 101641 2
S 71807686 301 101640 2
S 71827685 301 101641 2
S 71847683 301 101639 2
S 71867682 301 101642 2
S 71887681 301 101634 2
S 71907680 301 101645 2
S 71927678 301 101638 2
S 71947677 301 101641 2
S 71967676 301 101646 2
S 71987675 301 101645 2
S 72007673 301 101641 2
S 72027672 301 101639 2
S 72047671 301 101638 2
S 72067670 301 101636 2
S 72087668 301 101637 2
S 72107667 301 101646 2
S 72127666 301 101640 2
S 72147665 301 101642 2
S 72167663 301 101642 2
S 72187662 301 101641 2
S 72207661 301 101645 2
S 72227660 301 101639 2
S 72247658 301 101639 2
S 72267657 301 101642 2
S 72287656 301 101637 2
S 72307655 301 101639 2
S 72327653 301 101638 2
S 72347652 301 101639 2
S 72367651 301 101648 2
S 72387650 301 101647 2
S 72407648 301 101644 2
S 72427647 301 101647 2
S 72447646 301 101651 2
S 72467645 301 101645 2
S 72487643 301 101648 2
S 72507642 301 101645 2
S 72527641 301 101645 2
S 72547640 301 101642 2
S 72567638 301 101646 2
S 72587637 301 101636 2
S 72607636 301 101641 2
S 72627635 301 101642 2
S 72647633 301 101637 2
S 72667632 301 101641 2
S 72687631 301 101642 2
S 72707630 301 101647 2
S 72727628 301 101637 2
S 72747627 301 101646 2
S 72767626 301 101642 2
S 72787625 301 101641 2
S 72807623 301 101642 2
S 72827622 301 101643 2
S 72847621 301 101644 2
S 72867620 301 101641 2
S 72887618 301 101636 2
S 72907617 301 101639 2
S 72927616 301 101635 2
S 72947615 301 101642 2
S 72967613 301 101641 2
S 72987612 301 101642 2
S 73007611 301 101639 2
S 73027610 301 101633 2
S 73047608 301 101634 2
S 73067607 301 101636 2
S 73087606 301 101637 2
S 73107605 301 101636 2
S 73127603 301 101645 2
S 73147602 301 101642 2
S 73167601 301 101645 2
S 73187600 301 101645 2
S 73207598 301 101636 2
S 73227597 301 101647 2
S 73247596 301 101646 2
S 73267595 301 101654 2
S 73287593 301 101649 2
S 73307592 301 101643 2
S 73327591 301 101642 2
S 73347590 301 101653 2
S 73367588 301 101645 2
S 73387587 301 101642 2
S 73407586 301 101639 2
S 73427585 301 101641 2
S 73447583 301 101642 2
S 73467582 301 101636 2
S 73487581 301 101641 2
S 73507580 301 101640 2
S 73527578 301 101643 2
S 73547577 301 101650 2
S 73567576 301 101642 2
S 73587575 301 101638 2
S 73607573 301 101639 2
S 73627572 301 101639 2
S 73647571 301 101639 2
S 73667570 301 101637 2
S 73687568 301 101635 2
S 73707567 301 101643 2
S 73727566 301 101643 2
S 73747565 301 101642 2
S 73767563 301 101651 2
S 73787562 301 101643 2
S 73807561 301 101642 2
S 73827560 301 101642 2
S 73847558 301 101643 2
S 73867557 301 101636 2
S 73887556 301 101635 2
S 73907555 301 101639 2
S 73927553 301 101643 2
S 73947552 301 101636 2
S 73967551 301 101640 2
S 73987550 301 101648 2
S 74007548 301 101640 2
S 74027547 301 101633 2
S 74047546 301 101643 2
S 74067545 301 101641 2
S 74087543 301 101641 2
S 74107542 301 101642 2
S 74127541 301 101642 2
S 74147540 301 101642 2
S 74167538 301 101642 2
S 74187537 301 101639 2
S 74207536 301 101633 2
S 74227535 301 101639 2
S 74247533 301 101640 2
S 74267532 301 101645 2
S 74287531 301 101645 2
S 74307530 301 101639 2
S 74327528 301 101643 2
S 74347527 301 101638 2
S 74367526 301 101643 2
S 74387525 301 101651 2
S 74407523 301 101644 2
S 74427522 301 101639 2
S 74447521 301 101641 2
S 74467520 301 101642 2
S 74487518 301 101638 2
S 74507517 301 101646 2
S 74527516 301 101645 2
S 74547515 301 101641 2
S 74567513 301 101647 2
S 74587512 301 101642 2
S 74607511 301 101651 2
S 74627510 301 101645 2
S 74647508 301 101642 2
S 74667507 301 101639 2
S 74687506 301 101637 2
S 74707505 301 101642 2
S 74727503 301 101645 2
S 74747502 301 101644 2
S 74767501 301 101651 2
S 74787500 301 101643 2
S 74807498 301 101642 2
S 74827497 301 101644 2
S 74847496 301 101639 2
S 74867495 301 101646 2
S 74887493 301 101643 2
S 74907492 301 101639 2
S 74927491 301 101638 2
S 74947490 301 101642 2
S 74967488 301 101639 2
S 74987487 301 101644 2
S 75007486 301 101640 2
S 75027485 301 101645 2
S 75047483 301 101640 2
S 75067482 301 101645 2
S 75087481 301 101637 2
S 75107480 301 101641 2
S 75127478 301 101636 2
S 75147477 301 101636 2
S 75167476 301 101636 2
S 75187475 301 101637 2
S 75207473 301 101638 2
S 75227472 301 101636 2
S 75247471 301 101633 2
S 75267470 301 101638 2
S 75287468 301 101645 2
S 75307467 301 101645 2
S 75327466 301 101634 2
S 75347465 301 101636 2
S 75367463 301 101638 2
S 75387462 301 101641 2
S 75407461 301 101638 2
S 75427460 301 101640 2
S 75447458 301 101641 2
S 75467457 301 101639 2
S 75487456 301 101635 2
S 75507455 301 101643 2
S 75527453 301 101644 2
S 75547452 301 101643 2
S 75567451 301 101640 2
S 75587450 301 101640 2
S 75607448 301 101643 2
S 75627447 301 101634 2
S 75647446 301 101643 2
S 75667445 301 101638 2
S 75687443 301 101644 2
S 75707442 301 101636 2
S 75727441 301 101640 2
S 75747440 301 101648 2
S 75767438 301 101642 2
S 75787437 301 101639 2
S 75807436 301 101634 2
S 75827435 301 101635 2
S 75847433 301 101639 2
S 75867432 301 101638 2
S 75887431 301 101639 2
S 75907430 301 101643 2
S 75927428 301 101641 2
S 75947427 301 101644 2
S 75967426 301 101642 2
S 75987425 301 101639 2
S 76007423 301 101641 2
S 76027422 301 101639 2
S 76047421 301 101644 2
S 76067420 301 101639 2
S 76087418 301 101636 2
S 76107417 301 101641 2
S 76127416 301 101644 2
S 76147415 301 101642 2
S 76167413 301 101644 2
S 76187412 301 101643 2
S 76207411 301 101645 2
S 76227410 301 101633 2
S 76247408 301 101642 2
S 76267407 301 101642 2
S 76287406 301 101645 2
S 76307405 301 101644 2
S 76327403 301 101640 2
S 76347402 301 101644 2
S 76367401 301 101654 2
S 76387400 301 101642 2
S 76407398 301 101652 2
S 76427397 301 101643 2
S 76447396 301 101645 2
S 76467395 301 101637 2
S 76487393 301 101635 2
S 76507392 301 101639 2
S 76527391 301 101641 2
S 76547390 301 101649 2
S 76567388 301 101645 2
S 76587387 301 101637 2
S 76607386 301 101639 2
S 76627385 301 101640 2
S 76647383 301 101647 2
S 76667382 301 101646 2
S 76687381 301 101645 2
S 76707380 301 101647 2
S 76727378 301 101652 2
S 76747377 301 101646 2
S 76767376 301 101646 2
S 76787375 301 101645 2
S 76807373 301 101640 2
S 76827372 301 101647 2
S 76847371 301 101638 2
S 76867370 301 101644 2
S 76887368 301 101642 2
S 76907367 301 101636 2
S 76927366 301 101646 2
S 76947365 301 101642 2
S 76967363 301 101648 2
S 76987362 301 101644 2
S 77007361 301 101642 2
S 77027360 301 101639 2
S 77047358 301 101643 2
S 77067357 301 101645 2
S 77087356 301 101641 2
S 77107355 301 101635 2
S 77127353 301 101645 2
S 77147352 301 101642 2
S 77167351 301 101643 2
S 77187350 301 101647 2
S 77207348 301 101644 2
S 77227347 301 101636 2
S 77247346 301 101643 2
S 77267345 301 101646 2
S 77287343 301 101645 2
S 77307342 301 101648 2
S 77327341 301 101641 2
S 77347340 301 101637 2
S 77367338 301 101642 2
S 77387337 301 101637 2
S 77407336 301 101636 2
S 77427335 301 101634 2
S 77447333 301 101641 2
S 77467332 301 101645 2
S 77487331 301 101641 2
S 77507330 301 101643 2
S 77527328 301 101643 2
S 77547327 301 101642 2
S 77567326 301 101649 2
S 77587325 301 101648 2
S 77607323 301 101646 2
S 77627322 301 101645 2
S 77647321 301 101642 2
S 77667320 301 101641 2
S 77687318 301 101642 2
S 77707317 301 101643 2
S 77727316 301 101653 2
S 77747315 301 101641 2
S 77767313 301 101642 2
S 77787312 301 101644 2
S 77807311 301 101640 2
S 77827310 301 101638 2
S 77847308 301 101640 2
S 77867307 301 101639 2
S 77887306 301 101639 2
S 77907305 301 101638 2
S 77927303 301 101644 2
S 77947302 301 101642 2
S 77967301 301 101643 2
S 77987300 301 101645 2
S 78007298 301 101639 2
S 78027297 301 101644 2
S 78047296 301 101642 2
S 78067295 301 101641 2
S 78087293 301 101636 2
S 78107292 301 101639 2
S 78127291 301 101649 2
S 78147290 301 101638 2
S 78167288 301 101636 2
S 78187287 301 101634 2
S 78207286 301 101642 2
S 78227285 301 101641 2
S 78247283 301 101645 2
S 78267282 301 101642 2
S 78287281 301 101641 2
S 78307280 301 101642 2
S 78327278 301 101639 2
S 78347277 301 101645 2
S 78367276 301 101639 2
S 78387275 301 101642 2
S 78407273 301 101644 2
S 78427272 301 101645 2
S 78447271 301 101637 2
S 78467270 301 101642 2
S 78487268 301 101639 2
S 78507267 301 101641 2
S 78527266 301 101637 2
S 78547265 301 101642 2
S 78567263 301 101642 2
S 78587262 301 101641 2
S 78607261 301 101639 2
S 78627260 301 101644 2
S 78647258 301 101651 2
S 78667257 301 101644 2
S 78687256 301 101646 2
S 78707255 301 101644 2
S 78727253 301 101648 2
S 78747252 301 101651 2
S 78767251 301 101650 2
S 78787250 301 101644 2
S 78807248 301 101642 2
S 78827247 301 101643 2
S 78847246 301 101642 2
S 78867245 301 101642 2
S 78887243 301 101643 2
S 78907242 301 101638 2
S 78927241 301 101640 2
S 78947240 301 101645 2
S 78967238 301 101648 2
S 78987237 301 101637 2
S 79007236 301 101646 2
S 79027235 301 101643 2
S 79047233 301 101642 2
S 79067232 301 101652 2
S 79087231 301 101645 2
S 79107230 301 101645 2
S 79127228 301 101648 2
S 79147227 301 101648 2
S 79167226 301 101645 2
S 79187225 301 101642 2
S 79207223 301 101636 2
S 79227222 301 101639 2
S 79247221 301 101642 2
S 79267220 301 101646 2
S 79287218 301 101642 2
S 79307217 301 101647 2
S 79327216 301 101637 2
S 79347215 301 101641 2
S 79367213 301 101648 2
S 79387212 301 101642 2
S 79407211 301 101641 2
S 79427210 301 101642 2
S 79447208 301 101641 2
S 79467207 301 101648 2
S 79487206 301 101637 2
S 79507205 301 101648 2
S 79527203 301 101639 2
S 79547202 301 101645 2
S 79567201 301 101642 2
S 79587200 301 101647 2
S 79607198 301 101639 2
S 79627197 301 101646 2
S 79647196 301 101653 2
S 79667195 301 101643 2
S 79687193 301 101645 2
S 79707192 301 101646 2
S 79727191 301 101643 2
S 79747190 301 101644 2
S 79767188 301 101640 2
S 79787187 301 101641 2
S 79807186 301 101647 2
S 79827185 301 101648 2
S 79847183 301 101646 2
S 79867182 301 101639 2
S 79887181 301 101646 2
S 79907180 301 101645 2
S 79927178 301 101648 2
S 79947177 301 101641 2
S 79967176 301 101645 2
S 79987175 301 101633 2
S 80007173 301 101642 2
S 80027172 301 101639 2
S 80047171 301 101639 2
S 80067170 301 101642 2
S 80087168 301 101633 2
S 80107167 301 101634 2
S 80127166 301 101645 2
S 80147165 301 101653 2
S 80167163 301 101642 2
S 80187162 301 101648 2
S 80207161 301 101645 2
S 80227160 301 101639 2
S 80247158 301 101640 2
S 80267157 301 101640 2
S 80287156 301 101635 2
S 80307155 301 101634 2
S 80327153 301 101642 2
S 80347152 301 101648 2
S 80367151 301 101645 2
S 80387150 301 101641 2
S 80407148 301 101648 2
S 80427147 301 101640 2
S 80447146 301 101648 2
S 80467145 301 101637 2
S 80487143 301 101642 2
S 80507142 301 101639 2
S 80527141 301 101636 2
S 80547140 301 101640 2
S 80567138 301 101638 2
S 80587137 301 101641 2
S 80607136 301 101647 2
S 80627135 301 101638 2
S 80647133 301 101641 2
S 80667132 301 101642 2
S 80687131 301 101642 2
S 80707130 301 101639 2
S 80727128 301 101640 2
S 80747127 301 101637 2
S 80767126 301 101652 2
S 80787125 301 101645 2
S 80807123 301 101647 2
S 80827122 301 101648 2
S 80847121 301 101647 2
S 80867120 301 101653 2
S 80887118 301 101641 2
S 80907117 301 101642 2
S 80927116 301 101642 2
S 80947115 301 101647 2
S 80967113 301 101643 2
S 80987112 301 101643 2
S 81007111 301 101641 2
S 81027110 301 101638 2
S 81047108 301 101641 2
S 81067107 301 101648 2
S 81087106 301 101641 2
S 81107105 301 101650 2
S 81127103 301 101642 2
S 81147102 301 101643 2
S 81167101 301 101648 2
S 81187100 301 101643 2
S 81207098 301 101644 2
S 81227097 301 101644 2
S 81247096 301 101646 2
S 81267095 301 101641 2
S 81287093 301 101640 2
S 81307092 301 101639 2
S 81327091 301 101640 2
S 81347090 301 101637 2
S 81367088 301 101642 2
S 81387087 301 101639 2
S 81407086 301 101637 2
S 81427085 301 101636 2
S 81447083 301 101639 2
S 81467082 301 101644 2
S 81487081 301 101639 2
S 81507080 301 101641 2
S 81527078 301 101642 2
S 81547077 301 101641 2
S 81567076 301 101641 2
S 81587075 301 101643 2
S 81607073 301 101643 2
S 81627072 301 101639 2
S 81647071 301 101645 2
S 81667070 301 101640 2
S 81687068 301 101645 2
S 81707067 301 101640 2
S 81727066 301 101637 2
S 81747065 301 101638 2
S 81767063 301 101643 2
S 81787062 301 101642 2
S 81807061 301 101639 2
S 81827060 301 101642 2
S 81847058 301 101648 2
S 81867057 301 101642 2
S 81887056 301 101640 2
S 81907055 301 101645 2
S 81927053 301 101640 2
S 81947052 301 101645 2
S 81967051 301 101645 2
S 81987050 301 101644 2
S 82007048 301 101648 2
S 82027047 301 101642 2
S 82047046 301 101633 2
S 82067045 301 101638 2
S 82087043 301 101644 2
S 82107042 301 101639 2
S 82127041 301 101639 2
S 82147040 301 101639 2
S 82167038 301 101644 2
S 82187037 301 101645 2
S 82207036 301 101648 2
S 82227035 301 101644 2
S 82247033 301 101639 2
S 82267032 301 101646 2
S 82287031 301 101648 2
S 82307030 301 101641 2
S 82327028 301 101645 2
S 82347027 301 101642 2
S 82367026 301 101642 2
S 82387025 301 101645 2
S 82407023 301 101647 2
S 82427022 301 101651 2
S 82447021 301 101642 2
S 82467020 301 101640 2
S 82487018 301 101642 2
S 82507017 301 101643 2
S 82527016 301 101643 2
S 82547015 301 101641 2
S 82567013 301 101645 2
S 82587012 301 101646 2
S 82607011 301 101659 2
S 82627010 301 101651 2
S 82647008 301 101655 2
S 82667007 301 101646 2
S 82687006 301 101643 2
S 82707005 301 101644 2
S 82727003 301 101633 2
S 82747002 301 101638 2
S 82767001 301 101641 2
S 82787000 301 101648 2
S 82806998 301 101639 2
S 82826997 301 101642 2
S 82846996 301 101639 2
S 82866995 301 101639 2
S 82886993 301 101638 2
S 82906992 301 101639 2
S 82926991 301 101635 2
S 82946990 301 101637 2
S 82966988 301 101638 2
S 82986987 301 101637 2
S 83006986 301 101639 2
S 83026985 301 101642 2
S 83046983 301 101642 2
S 83066982 301 101638 2
S 83086981 301 101639 2
S 83106980 301 101644 2
S 83126978 301 101638 2
S 83146977 301 101642 2
S 83166976 301 101643 2
S 83186975 301 101640 2
S 83206973 301 101639 2
S 83226972 301 101639 2
S 83246971 301 101638 2
S 83266970 301 101645 2
S 83286968 301 101641 2
S 83306967 301 101647 2
S 83326966 301 101639 2
S 83346965 301 101648 2
S 83366963 301 101649 2
S 83386962 301 101650 2
S 83406961 301 101629 2
S 83426960 301 101643 2
S 83446958 301 101638 2
S 83466957 301 101635 2
S 83486956 301 101636 2
S 83506955 301 101642 2
S 83526953 301 101642 2
S 83546952 301 101635 2
S 83566951 301 101645 2
S 83586950 301 101641 2
S 83606948 301 101639 2
S 83626947 301 101642 2
S 83646946 301 101636 2
S 83666945 301 101644 2
S 83686943 301 101638 2
S 83706942 301 101644 2
S 83726941 301 101634 2
S 83746940 301 101639 2
S 83766938 301 101640 2
S 83786937 301 101636 2
S 83806936 301 101642 2
S 83826935 301 101642 2
S 83846933 301 101642 2
S 83866932 301 101641 2
S 83886931 301 101641 2
S 83906930 301 101641 2
S 83926928 301 101645 2
S 83946927 301 101645 2
S 83966926 301 101644 2
S 83986925 301 101643 2
S 84006923 301 101646 2
S 84026922 301 101641 2
S 84046921 301 101639 2
S 84066920 301 101641 2
S 84086918 301 101642 2
S 84106917 301 101636 2
S 84126916 301 101633 2
S 84146915 301 101640 2
S 84166913 301 101637 2
S 84186912 301 101645 2
S 84206911 301 101644 2
S 84226910 301 101643 2
S 84246908 301 101642 2
S 84266907 301 101644 2
S 84286906 301 101639 2
S 84306905 301 101640 2
S 84326903 301 101647 2
S 84346902 301 101641 2
S 84366901 301 101651 2
S 84386900 301 101633 2
S 84406898 301 101639 2
S 84426897 301 101644 2
S 84446896 301 101641 2
S 84466895 301 101641 2
S 84486893 301 101649 2
S 84506892 301 101643 2
S 84526891 301 101639 2
S 84546890 301 101642 2
S 84566888 301 101641 2
S 84586887 301 101636 2
S 84606886 301 101639 2
S 84626885 301 101637 2
S 84646883 301 101644 2
S 84666882 301 101645 2
S 84686881 301 101651 2
S 84706880 301 101640 2
S 84726878 301 101640 2
S 84746877 301 101638 2
S 84766876 301 101644 2
S 84786875 301 101643 2
S 84806873 301 101636 2
S 84826872 301 101639 2
S 84846871 301 101645 2
S 84866870 301 101636 2
S 84886868 301 101639 2
S 84906867 301 101644 2
S 84926866 301 101642 2
S 84946865 301 101651 2
S 84966863 301 101649 2
S 84986862 301 101648 2
S 85006861 301 101645 2
S 85026860 301 101645 2
S 85046858 301 101642 2
S 85066857 301 101642 2
S 85086856 301 101643 2
S 85106855 301 101647 2
S 85126853 301 101647 2
S 85146852 301 101646 2
S 85166851 301 101642 2
S 85186850 301 101645 2
S 85206848 301 101639 2
S 85226847 301 101645 2
S 85246846 301 101640 2
S 85266845 301 101642 2
S 85286843 301 101637 2
S 85306842 301 101645 2
S 85326841 301 101644 2
S 85346840 301 101645 2
S 85366838 301 101641 2
S 85386837 301 101645 2
S 85406836 301 101639 2
S 85426835 301 101642 2
S 85446833 301 101637 2
S 85466832 301 101644 2
S 85486831 301 101644 2
S 85506830 301 101637 2
S 85526828 301 101643 2
S 85546827 301 101646 2
S 85566826 301 101641 2
S 85586825 301 101645 2
S 85606823 301 101643 2
S 85626822 301 101648 2
S 85646821 301 101636 2
S 85666820 301 101634 2
S 85686818 301 101642 2
S 85706817 301 101634 2
S 85726816 301 101636 2
S 85746815 301 101638 2
S 85766813 301 101638 2
S 85786812 301 101638 2
S 85806811 301 101639 2
S 85826810 301 101641 2
S 85846808 301 101649 2
S 85866807 301 101639 2
S 85886806 301 101648 2
S 85906805 301 101643 2
S 85926803 301 101643 2
S 85946802 301 101636 2
S 85966801 301 101649 2
S 85986800 301 101639 2
S 86006798 301 101639 2
S 86026797 301 101641 2
S 86046796 301 101644 2
S 86066795 301 101636 2
S 86086793 301 101638 2
S 86106792 301 101641 2
S 86126791 301 101643 2
S 86146790 301 101641 2
S 86166788 301 101638 2
S 86186787 301 101642 2
S 86206786 301 101636 2
S 86226785 301 101640 2
S 86246783 301 101635 2
S 86266782 301 101639 2
S 86286781 301 101638 2
S 86306780 301 101638 2
S 86326778 301 101630 2
S 86346777 301 101636 2
S 86366776 301 101637 2
S 86386775 301 101624 2
S 86406773 301 101637 2
S 86426772 301 101633 2
S 86446771 301 101635 2
S 86466770 301 101637 2
S 86486768 301 101640 2
S 86506767 301 101637 2
S 86526766 301 101639 2
S 86546765 301 101640 2
S 86566763 301 101634 2
S 86586762 301 101638 2
S 86606761 301 101638 2
S 86626760 301 101641 2
S 86646758 301 101633 2
S 86666757 301 101637 2
S 86686756 301 101635 2
S 86706755 301 101641 2
S 86726753 301 101639 2
S 86746752 301 101640 2
S 86766751 301 101639 2
S 86786750 301 101639 2
S 86806748 301 101640 2
S 86826747 301 101633 2
S 86846746 301 101635 2
S 86866745 301 101639 2
S 86886743 301 101639 2
S 86906742 301 101636 2
S 86926741 301 101642 2
S 86946740 301 101633 2
S 86966738 301 101637 2
S 86986737 301 101642 2
S 87006736 301 101636 2
S 87026735 301 101641 2
S 87046733 301 101643 2
S 87066732 301 101624 2
S 87086731 301 101640 2
S 87106730 301 101637 2
S 87126728 301 101639 2
S 87146727 301 101638 2
S 87166726 301 101638 2
S 87186725 301 101640 2
S 87206723 301 101641 2
S 87226722 301 101637 2
S 87246721 301 101648 2
S 87266720 301 101631 2
S 87286718 301 101629 2
S 87306717 301 101635 2
S 87326716 301 101634 2
S 87346715 301 101645 2
S 87366713 301 101634 2
S 87386712 301 101636 2
S 87406711 301 101634 2
S 87426710 301 101637 2
S 87446708 301 101640 2
S 87466707 301 101642 2
S 87486706 301 101639 2
S 87506705 301 101639 2
S 87526703 301 101642 2
S 87546702 301 101643 2
S 87566701 301 101646 2
S 87586700 301 101640 2
S 87606698 301 101642 2
S 87626697 301 101638 2
S 87646696 301 101635 2
S 87666695 301 101642 2
S 87686693 301 101643 2
S 87706692 301 101639 2
S 87726691 301 101639 2
S 87746690 301 101641 2
S 87766688 301 101641 2
S 87786687 301 101643 2
S 87806686 301 101638 2
S 87826685 301 101645 2
S 87846683 301 101642 2
S 87866682 301 101644 2
S 87886681 301 101636 2
S 87906680 301 101648 2
S 87926678 301 101638 2
S 87946677 301 101642 2
S 87966676 301 101640 2
S 87986675 301 101644 2
S 88006673 301 101643 2
S 88026672 301 101642 2
S 88046671 301 101642 2
S 88066670 301 101636 2
S 88086668 301 101639 2
S 88106667 301 101639 2
S 88126666 301 101641 2
S 88146665 301 101645 2
S 88166663 301 101644 2
S 88186662 301 101643 2
S 88206661 301 101642 2
S 88226660 301 101642 2
S 88246658 301 101642 2
S 88266657 301 101635 2
S 88286656 301 101636 2
S 88306655 301 101640 2
S 88326653 301 101638 2
S 88346652 301 101634 2
S 88366651 301 101642 2
S 88386650 301 101638 2
S 88406648 301 101631 2
S 88426647 301 101636 2
S 88446646 301 101644 2
S 88466645 301 101641 2
S 88486643 301 101642 2
S 88506642 301 101645 2
S 88526641 301 101644 2
S 88546640 301 101642 2
S 88566638 301 101639 2
S 88586637 301 101639 2
S 88606636 301 101644 2
S 88626635 301 101639 2
S 88646633 301 101637 2
S 88666632 301 101642 2
S 88686631 301 101633 2
S 88706630 301 101639 2
S 88726628 301 101639 2
S 88746627 301 101639 2
S 88766626 301 101641 2
S 88786625 301 101640 2
S 88806623 301 101634 2
S 88826622 301 101641 2
S 88846621 301 101645 2
S 88866620 301 101641 2
S 88886618 301 101636 2
S 88906617 301 101637 2
S 88926616 301 101633 2
S 88946615 301 101634 2
S 88966613 301 101639 2
S 88986612 301 101636 2
S 89006611 301 101640 2
S 89026610 301 101639 2
S 89046608 301 101639 2
S 89066607 301 101642 2
S 89086606 301 101630 2
S 89106605 301 101636 2
S 89126603 301 101635 2
S 89146602 301 101643 2
S 89166601 301 101644 2
S 89186600 301 101644 2
S 89206598 301 101642 2
S 89226597 301 101642 2
S 89246596 301 101644 2
S 89266595 301 101645 2
S 89286593 301 101642 2
S 89306592 301 101642 2
S 89326591 301 101642 2
S 89346590 301 101627 2
S 89366588 301 101643 2
S 89386587 301 101639 2
S 89406586 301 101642 2
S 89426585 301 101638 2
S 89446583 301 101645 2
S 89466582 301 101637 2
S 89486581 301 101641 2
S 89506580 301 101642 2
S 89526578 301 101644 2
S 89546577 301 101639 2
S 89566576 301 101635 2
S 89586575 301 101631 2
S 89606573 301 101640 2
S 89626572 301 101642 2
S 89646571 301 101632 2
S 89666570 301 101637 2
S 89686568 301 101636 2
S 89706567 301 101633 2
S 89726566 301 101634 2
S 89746565 301 101636 2
S 89766563 301 101638 2
S 89786562 301 101630 2
S 89806561 301 101635 2
S 89826560 301 101630 2
S 89846558 301 101633 2
S 89866557 301 101643 2
S 89886556 301 101634 2
S 89906555 301 101640 2
S 89926553 301 101633 2
S 89946552 301 101639 2
S 89966551 301 101641 2
S 89986550 301 101644 2
S 90006548 301 101645 2
S 90026547 301 101637 2
S 90046546 301 101633 2
S 90066545 301 101640 2
S 90086543 301 101636 2
S 90106542 301 101639 2
S 90126541 301 101638 2
S 90146540 301 101644 2
S 90166538 301 101639 2
S 90186537 301 101637 2
S 90206536 301 101637 2
S 90226535 301 101642 2
S 90246533 301 101633 2
S 90266532 301 101639 2
S 90286531 301 101635 2
S 90306530 301 101636 2
S 90326528 301 101643 2
S 90346527 301 101640 2
S 90366526 301 101642 2
S 90386525 301 101638 2
S 90406523 301 101642 2
S 90426522 301 101635 2
S 90446521 301 101635 2
S 90466520 301 101637 2
S 90486518 301 101641 2
S 90506517 301 101645 2
S 90526516 301 101638 2
S 90546515 301 101641 2
S 90566513 301 101639 2
S 90586512 301 101641 2
S 90606511 301 101646 2
S 90626510 301 101637 2
S 90646508 301 101647 2
S 90666507 301 101637 2
S 90686506 301 101644 2
S 90706505 301 101642 2
S 90726503 301 101638 2
S 90746502 301 101643 2
S 90766501 301 101644 2
S 90786500 301 101647 2
S 90806498 301 101642 2
S 90826497 301 101639 2
S 90846496 301 101641 2
S 90866495 301 101641 2
S 90886493 301 101642 2
S 90906492 301 101645 2
S 90926491 301 101647 2
S 90946490 301 101638 2
S 90966488 301 101642 2
S 90986487 301 101642 2
S 91006486 301 101644 2
S 91026485 301 101649 2
S 91046483 301 101639 2
S 91066482 301 101641 2
S 91086481 301 101645 2
S 91106480 301 101646 2
S 91126478 301 101645 2
S 91146477 301 101641 2
S 91166476 301 101639 2
S 91186475 301 101645 2
S 91206473 301 101644 2
S 91226472 301 101641 2
S 91246471 301 101642 2
S 91266470 301 101643 2
S 91286468 301 101636 2
S 91306467 301 101642 2
S 91326466 301 101651 2
S 91346465 301 101643 2
S 91366463 301 101653 2
S 91386462 301 101649 2
S 91406461 301 101650 2
S 91426460 301 101644 2
S 91446458 301 101647 2
S 91466457 301 101641 2
S 91486456 301 101645 2
S 91506455 301 101645 2
S 91526453 301 101645 2
S 91546452 301 101647 2
S 91566451 301 101647 2
S 91586450 301 101644 2
S 91606448 301 101646 2
S 91626447 301 101646 2
S 91646446 301 101640 2
S 91666445 301 101643 2
S 91686443 301 101642 2
S 91706442 301 101641 2
S 91726441 301 101643 2
S 91746440 301 101639 2
S 91766438 301 101638 2
S 91786437 301 101641 2
S 91806436 301 101640 2
S 91826435 301 101645 2
S 91846433 301 101638 2
S 91866432 301 101642 2
S 91886431 301 101638 2
S 91906430 301 101642 2
S 91926428 301 101645 2
S 91946427 301 101647 2
S 91966426 301 101633 2
S 91986425 301 101639 2
S 92006423 301 101643 2
S 92026422 301 101644 2
S 92046421 301 101639 2
S 92066420 301 101636 2
S 92086418 301 101643 2
S 92106417 301 101647 2
S 92126416 301 101641 2
S 92146415 301 101644 2
S 92166413 301 101640 2
S 92186412 301 101647 2
S 92206411 301 101645 2
S 92226410 301 101648 2
S 92246408 301 101634 2
S 92266407 301 101645 2
S 92286406 301 101651 2
S 92306405 301 101643 2
S 92326403 301 101643 2
S 92346402 301 101648 2
S 92366401 301 101649 2
S 92386400 301 101650 2
S 92406398 301 101641 2
S 92426397 301 101646 2
S 92446396 301 101637 2
S 92466395 301 101648 2
S 92486393 301 101644 2
S 92506392 301 101637 2
S 92526391 301 101634 2
S 92546390 301 101643 2
S 92566388 301 101640 2
S 92586387 301 101644 2
S 92606386 301 101645 2
S 92626385 301 101640 2
S 92646383 301 101648 2
S 92666382 301 101651 2
S 92686381 301 101647 2
S 92706380 301 101642 2
S 92726378 301 101642 2
S 92746377 301 101645 2
S 92766376 301 101642 2
S 92786375 301 101643 2
S 92806373 301 101639 2
S 92826372 301 101636 2
S 92846371 301 101639 2
S 92866370 301 101646 2
S 92886368 301 101648 2
S 92906367 301 101640 2
S 92926366 301 101634 2
S 92946365 301 101642 2
S 92966363 301 101640 2
S 92986362 301 101642 2
S 93006361 301 101640 2
S 93026360 301 101645 2
S 93046358 301 101639 2
S 93066357 301 101649 2
S 93086356 301 101637 2
S 93106355 301 101645 2
S 93126353 301 101646 2
S 93146352 301 101645 2
S 93166351 301 101642 2
S 93186350 301 101644 2
S 93206348 301 101641 2
S 93226347 301 101645 2
S 93246346 301 101644 2
S 93266345 301 101639 2
S 93286343 301 101645 2
S 93306342 301 101644 2
S 93326341 301 101636 2
S 93346340 301 101645 2
S 93366338 301 101642 2
S 93386337 301 101636 2
S 93406336 301 101645 2
S 93426335 301 101638 2
S 93446333 301 101636 2
S 93466332 301 101639 2
S 93486331 301 101633 2
S 93506330 301 101638 2
S 93526328 301 101645 2
S 93546327 301 101650 2
S 93566326 301 101641 2
S 93586325 301 101642 2
S 93606323 301 101645 2
S 93626322 301 101642 2
S 93646321 301 101643 2
S 93666320 301 101645 2
S 93686318 301 101646 2
S 93706317 301 101644 2
S 93726316 301 101647 2
S 93746315 301 101639 2
S 93766313 301 101642 2
S 93786312 301 101650 2
S 93806311 301 101643 2
S 93826310 301 101639 2
S 93846308 301 101646 2
S 93866307 301 101644 2
S 93886306 301 101643 2
S 93906305 301 101647 2
S 93926303 301 101649 2
S 93946302 301 101641 2
S 93966301 301 101649 2
S 93986300 301 101642 2
S 94006298 301 101643 2
S 94026297 301 101646 2
S 94046296 301 101644 2
S 94066295 301 101637 2
S 94086293 301 101639 2
S 94106292 301 101645 2
S 94126291 301 101639 2
S 94146290 301 101649 2
S 94166288 301 101644 2
S 94186287 301 101637 2
S 94206286 301 101642 2
S 94226285 301 101644 2
S 94246283 301 101645 2
S 94266282 301 101648 2
S 94286281 301 101643 2
S 94306280 301 101640 2
S 94326278 301 101647 2
S 94346277 301 101642 2
S 94366276 301 101648 2
S 94386275 301 101648 2
S 94406273 301 101645 2
S 94426272 301 101638 2
S 94446271 301 101640 2
S 94466270 301 101643 2
S 94486268 301 101643 2
S 94506267 301 101640 2
S 94526266 301 101644 2
S 94546265 301 101640 2
S 94566263 301 101648 2
S 94586262 301 101645 2
S 94606261 301 101641 2
S 94626260 301 101648 2
S 94646258 301 101642 2
S 94666257 301 101648 2
S 94686256 301 101643 2
S 94706255 301 101644 2
S 94726253 301 101647 2
S 94746252 301 101644 2
S 94766251 301 101642 2
S 94786250 301 101642 2
S 94806248 301 101642 2
S 94826247 301 101645 2
S 94846246 301 101645 2
S 94866245 301 101648 2
S 94886243 301 101640 2
S 94906242 301 101636 2
S 94926241 301 101641 2
S 94946240 301 101647 2
S 94966238 301 101645 2
S 94986237 301 101638 2
S 95006236 301 101648 2
S 95026235 301 101645 2
S 95046233 301 101642 2
S 95066232 301 101645 2
S 95086231 301 101649 2
S 95106230 301 101651 2
S 95126228 301 101646 2
S 95146227 301 101645 2
S 95166226 301 101644 2
S 95186225 301 101639 2
S 95206223 301 101642 2
S 95226222 301 101642 2
S 95246221 301 101642 2
S 95266220 301 101636 2
S 95286218 301 101634 2
S 95306217 301 101641 2
S 95326216 301 101643 2
S 95346215 301 101644 2
S 95366213 301 101646 2
S 95386212 301 101645 2
S 95406211 301 101642 2
S 95426210 301 101649 2
S 95446208 301 101642 2
S 95466207 301 101648 2
S 95486206 301 101651 2
S 95506205 301 101642 2
S 95526203 301 101651 2
S 95546202 301 101647 2
S 95566201 301 101645 2
S 95586200 301 101644 2
S 95606198 301 101644 2
S 95626197 301 101644 2
S 95646196 301 101646 2
S 95666195 301 101645 2
S 95686193 301 101641 2
S 95706192 301 101642 2
S 95726191 301 101644 2
S 95746190 301 101644 2
S 95766188 301 101646 2
S 95786187 301 101636 2
S 95806186 301 101642 2
S 95826185 301 101640 2
S 95846183 301 101645 2
S 95866182 301 101639 2
S 95886181 301 101645 2
S 95906180 301 101639 2
S 95926178 301 101641 2
S 95946177 301 101641 2
S 95966176 301 101647 2
S 95986175 301 101639 2
S 96006173 301 101640 2
S 96026172 301 101643 2
S 96046171 301 101643 2
S 96066170 301 101640 2
S 96086168 301 101640 2
S 96106167 301 101650 2
S 96126166 301 101639 2
S 96146165 301 101636 2
S 96166163 301 101640 2
S 96186162 301 101645 2
S 96206161 301 101646 2
S 96226160 301 101637 2
S 96246158 301 101645 2
S 96266157 301 101636 2
S 96286156 301 101636 2
S 96306155 301 101636 2
S 96326153 301 101636 2
S 96346152 301 101636 2
S 96366151 301 101636 2
S 96386150 301 101638 2
S 96406148 301 101637 2
S 96426147 301 101647 2
S 96446146 301 101636 2
S 96466145 301 101641 2
S 96486143 301 101636 2
S 96506142 301 101638 2
S 96526141 301 101646 2
S 96546140 301 101651 2
S 96566138 301 101642 2
S 96586137 301 101636 2
S 96606136 301 101637 2
S 96626135 301 101641 2
S 96646133 301 101641 2
S 96666132 301 101642 2
S 96686131 301 101644 2
S 96706130 301 101642 2
S 96726128 301 101638 2
S 96746127 301 101639 2
S 96766126 301 101639 2
S 96786125 301 101646 2
S 96806123 301 101644 2
S 96826122 301 101643 2
S 96846121 301 101642 2
S 96866120 301 101638 2
S 96886118 301 101636 2
S 96906117 301 101631 2
S 96926116 301 101639 2
S 96946115 301 101641 2
S 96966113 301 101643 2
S 96986112 301 101639 2
S 97006111 301 101642 2
S 97026110 301 101639 2
S 97046108 301 101645 2
S 97066107 301 101641 2
S 97086106 301 101645 2
S 97106105 301 101642 2
S 97126103 301 101641 2
S 97146102 301 101645 2
S 97166101 301 101639 2
S 97186100 301 101644 2
S 97206098 301 101648 2
S 97226097 301 101643 2
S 97246096 301 101652 2
S 97266095 301 101645 2
S 97286093 301 101647 2
S 97306092 301 101642 2
S 97326091 301 101637 2
S 97346090 301 101645 2
S 97366088 301 101651 2
S 97386087 301 101651 2
S 97406086 301 101642 2
S 97426085 301 101651 2
S 97446083 301 101648 2
S 97466082 301 101636 2
S 97486081 301 101648 2
S 97506080 301 101642 2
S 97526078 301 101645 2
S 97546077 301 101641 2
S 97566076 301 101639 2
S 97586075 301 101639 2
S 97606073 301 101640 2
S 97626072 301 101641 2
S 97646071 301 101637 2
S 97666070 301 101637 2
S 97686068 301 101639 2
S 97706067 301 101642 2
S 97726066 301 101639 2
S 97746065 301 101637 2
S 97766063 301 101636 2
S 97786062 301 101638 2
S 97806061 301 101642 2
S 97826060 301 101634 2
S 97846058 301 101643 2
S 97866057 301 101649 2
S 97886056 301 101643 2
S 97906055 301 101648 2
S 97926053 301 101642 2
S 97946052 301 101644 2
S 97966051 301 101639 2
S 97986050 301 101640 2
S 98006048 301 101642 2
S 98026047 301 101641 2
S 98046046 301 101635 2
S 98066045 301 101642 2
S 98086043 301 101643 2
S 98106042 301 101646 2
S 98126041 301 101643 2
S 98146040 301 101642 2
S 98166038 301 101637 2
S 98186037 301 101647 2
S 98206036 301 101642 2
S 98226035 301 101645 2
S 98246033 301 101637 2
S 98266032 301 101644 2
S 98286031 301 101646 2
S 98306030 301 101642 2
S 98326028 301 101639 2
S 98346027 301 101642 2
S 98366026 301 101648 2
S 98386025 301 101642 2
S 98406023 301 101645 2
S 98426022 301 101651 2
S 98446021 301 101654 2
S 98466020 301 101645 2
S 98486018 301 101646 2
S 98506017 301 101647 2
S 98526016 301 101641 2
S 98546015 301 101645 2
S 98566013 301 101644 2
S 98586012 301 101644 2
S 98606011 301 101641 2
S 98626010 301 101645 2
S 98646008 301 101645 2
S 98666007 301 101636 2
S 98686006 301 101646 2
S 98706005 301 101641 2
S 98726003 301 101640 2
S 98746002 301 101636 2
S 98766001 301 101643 2
S 98786000 301 101648 2
S 98805998 301 101640 2
S 98825997 301 101635 2
S 98845996 301 101640 2
S 98865995 301 101639 2
S 98885993 301 101635 2
S 98905992 301 101634 2
S 98925991 301 101644 2
S 98945990 301 101643 2
S 98965988 301 101645 2
S 98985987 301 101640 2
S 99005986 301 101638 2
S 99025985 301 101643 2
S 99045983 301 101647 2
S 99065982 301 101639 2
S 99085981 301 101642 2
S 99105980 301 101642 2
S 99125978 301 101646 2
S 99145977 301 101646 2
S 99165976 301 101642 2
S 99185975 301 101644 2
S 99205973 301 101645 2
S 99225972 301 101648 2
S 99245971 301 101641 2
S 99265970 301 101645 2
S 99285968 301 101642 2
S 99305967 301 101637 2
S 99325966 301 101639 2
S 99345965 301 101636 2
S 99365963 301 101640 2
S 99385962 301 101638 2
S 99405961 301 101648 2
S 99425960 301 101642 2
S 99445958 301 101645 2
S 99465957 301 101641 2
S 99485956 301 101646 2
S 99505955 301 101639 2
S 99525953 301 101647 2
S 99545952 301 101647 2
S 99565951 301 101646 2
S 99585950 301 101642 2
S 99605948 301 101654 2
S 99625947 301 101648 2
S 99645946 301 101655 2
S 99665945 301 101642 2
S 99685943 301 101649 2
S 99705942 301 101649 2
S 99725941 301 101651 2
S 99745940 301 101648 2
S 99765938 301 101648 2
S 99785937 301 101638 2
S 99805936 301 101645 2
S 99825935 301 101646 2
S 99845933 301 101645 2
S 99865932 301 101642 2
S 99885931 301 101634 2
S 99905930 301 101646 2
S 99925928 301 101640 2
S 99945927 301 101643 2
S 99965926 301 101640 2
S 99985925 301 101639 2
S 100005923 301 101638 2
S 100025922 301 101638 2
S 100045921 301 101648 2
S 100065920 301 101644 2
S 100085918 301 101639 2
S 100105917 301 101639 2
S 100125916 301 101642 2
S 100145915 301 101633 2
S 100165913 301 101644 2
S 100185912 301 101636 2
S 100205911 301 101639 2
S 100225910 301 101632 2
S 100245908 301 101646 2
S 100265907 301 101644 2
S 100285906 301 101639 2
S 100305905 301 101649 2
S 100325903 301 101643 2
S 100345902 301 101645 2
S 100365901 301 101646 2
S 100385900 301 101639 2
S 100405898 301 101641 2
S 100425897 301 101643 2
S 100445896 301 101643 2
S 100465895 301 101640 2
S 100485893 301 101639 2
S 100505892 301 101646 2
S 100525891 301 101640 2
S 100545890 301 101649 2
S 100565888 301 101643 2
S 100585887 301 101648 2
S 100605886 301 101651 2
S 100625885 301 101651 2
S 100645883 301 101651 2
S 100665882 301 101651 2
S 100685881 301 101641 2
S 100705880 301 101645 2
S 100725878 301 101647 2
S 100745877 301 101630 2
S 100765876 301 101648 2
S 100785875 301 101639 2
S 100805873 301 101635 2
S 100825872 301 101645 2
S 100845871 301 101639 2
S 100865870 301 101640 2
S 100885868 301 101642 2
S 100905867 301 101640 2
S 100925866 301 101645 2
S 100945865 301 101642 2
S 100965863 301 101649 2
S 100985862 301 101653 2
S 101005861 301 101647 2
S 101025860 301 101645 2
S 101045858 301 101650 2
S 101065857 301 101649 2
S 101085856 301 101642 2
S 101105855 301 101648 2
S 101125853 301 101651 2
S 101145852 301 101654 2
S 101165851 301 101649 2
S 101185850 301 101649 2
S 101205848 301 101649 2
S 101225847 301 101647 2
S 101245846 301 101640 2
S 101265845 301 101650 2
S 101285843 301 101644 2
S 101305842 301 101643 2
S 101325841 301 101645 2
S 101345840 301 101641 2
S 101365838 301 101647 2
S 101385837 301 101642 2
S 101405836 301 101640 2
S 101425835 301 101648 2
S 101445833 301 101654 2
S 101465832 301 101645 2
S 101485831 301 101643 2
S 101505830 301 101645 2
S 101525828 301 101646 2
S 101545827 301 101636 2
S 101565826 301 101644 2
S 101585825 301 101642 2
S 101605823 301 101647 2
S 101625822 301 101642 2
S 101645821 301 101639 2
S 101665820 301 101644 2
S 101685818 301 101643 2
S 101705817 301 101642 2
S 101725816 301 101638 2
S 101745815 301 101642 2
S 101765813 301 101644 2
S 101785812 301 101642 2
S 101805811 301 101642 2
S 101825810 301 101642 2
S 101845808 301 101645 2
S 101865807 301 101639 2
S 101885806 301 101636 2
S 101905805 301 101640 2
S 101925803 301 101647 2
S 101945802 301 101641 2
S 101965801 301 101645 2
S 101985800 301 101651 2
S 102005798 301 101645 2
S 102025797 301 101645 2
S 102045796 301 101647 2
S 102065795 301 101651 2
S 102085793 301 101649 2
S 102105792 301 101645 2
S 102125791 301 101648 2
S 102145790 301 101647 2
S 102165788 301 101641 2
S 102185787 301 101642 2
S 102205786 301 101646 2
S 102225785 301 101645 2
S 102245783 301 101640 2
S 102265782 301 101640 2
S 102285781 301 101641 2
S 102305780 301 101642 2
S 102325778 301 101640 2
S 102345777 301 101642 2
S 102365776 301 101643 2
S 102385775 301 101646 2
S 102405773 301 101643 2
S 102425772 301 101641 2
S 102445771 301 101643 2
S 102465770 301 101649 2
S 102485768 301 101646 2
S 102505767 301 101645 2
S 102525766 301 101643 2
S 102545765 301 101643 2
S 102565763 301 101647 2
S 102585762 301 101650 2
S 102605761 301 101641 2
S 102625760 301 101651 2
S 102645758 301 101650 2
S 102665757 301 101645 2
S 102685756 301 101649 2
S 102705755 301 101635 2
S 102725753 301 101650 2
S 102745752 301 101642 2
S 102765751 301 101646 2
S 102785750 301 101646 2
S 102805748 301 101642 2
S 102825747 301 101651 2
S 102845746 301 101646 2
S 102865745 301 101646 2
S 102885743 301 101645 2
S 102905742 301 101647 2
S 102925741 301 101642 2
S 102945740 301 101640 2
S 102965738 301 101646 2
S 102985737 301 101645 2
S 103005736 301 101648 2
S 103025735 301 101647 2
S 103045733 301 101642 2
S 103065732 301 101645 2
S 103085731 301 101645 2
S 103105730 301 101651 2
S 103125728 301 101651 2
S 103145727 301 101648 2
S 103165726 301 101644 2
S 103185725 301 101646 2
S 103205723 301 101645 2
S 103225722 301 101641 2
S 103245721 301 101647 2
S 103265720 301 101645 2
S 103285718 301 101644 2
S 103305717 301 101645 2
S 103325716 301 101644 2
S 103345715 301 101642 2
S 103365713 301 101642 2
S 103385712 301 101644 2
S 103405711 301 101633 2
S 103425710 301 101639 2
S 103445708 301 101639 2
S 103465707 301 101645 2
S 103485706 301 101642 2
S 103505705 301 101646 2
S 103525703 301 101644 2
S 103545702 301 101654 2
S 103565701 301 101645 2
S 103585700 301 101648 2
S 103605698 301 101647 2
S 103625697 301 101643 2
S 103645696 301 101645 2
S 103665695 301 101643 2
S 103685693 301 101649 2
S 103705692 301 101640 2
S 103725691 301 101641 2
S 103745690 301 101653 2
S 103765688 301 101649 2
S 103785687 301 101650 2
S 103805686 301 101651 2
S 103825685 301 101648 2
S 103845683 301 101650 2
S 103865682 301 101648 2
S 103885681 301 101637 2
S 103905680 301 101644 2
S 103925678 301 101642 2
S 103945677 301 101644 2
S 103965676 301 101644 2
S 103985675 301 101643 2
S 104005673 301 101642 2
S 104025672 301 101643 2
S 104045671 301 101639 2
S 104065670 301 101642 2
S 104085668 301 101640 2
S 104105667 301 101648 2
S 104125666 301 101637 2
S 104145665 301 101642 2
S 104165663 301 101645 2
S 104185662 301 101642 2
S 104205661 301 101650 2
S 104225660 301 101640 2
S 104245658 301 101644 2
S 104265657 301 101644 2
S 104285656 301 101645 2
S 104305655 301 101651 2
S 104325653 301 101641 2
S 104345652 301 101642 2
S 104365651 301 101644 2
S 104385650 301 101644 2
S 104405648 301 101642 2
S 104425647 301 101640 2
S 104445646 301 101639 2
S 104465645 301 101647 2
S 104485643 301 101646 2
S 104505642 301 101642 2
S 104525641 301 101644 2
S 104545640 301 101648 2
S 104565638 301 101645 2
S 104585637 301 101645 2
S 104605636 301 101645 2
S 104625635 301 101642 2
S 104645633 301 101639 2
S 104665632 301 101646 2
S 104685631 301 101645 2
S 104705630 301 101643 2
S 104725628 301 101643 2
S 104745627 301 101639 2
S 104765626 301 101639 2
S 104785625 301 101639 2
S 104805623 301 101640 2
S 104825622 301 101644 2
S 104845621 301 101639 2
S 104865620 301 101640 2
S 104885618 301 101641 2
S 104905617 301 101642 2
S 104925616 301 101641 2
S 104945615 301 101642 2
S 104965613 301 101644 2
S 104985612 301 101644 2
S 105005611 301 101640 2
S 105025610 301 101644 2
S 105045608 301 101635 2
S 105065607 301 101642 2
S 105085606 301 101640 2
S 105105605 301 101644 2
S 105125603 301 101648 2
S 105145602 301 101644 2
S 105165601 301 101642 2
S 105185600 301 101645 2
S 105205598 301 101639 2
S 105225597 301 101637 2
S 105245596 301 101645 2
S 105265595 301 101650 2
S 105285593 301 101642 2
S 105305592 301 101644 2
S 105325591 301 101643 2
S 105345590 301 101642 2
S 105365588 301 101645 2
S 105385587 301 101640 2
S 105405586 301 101645 2
S 105425585 301 101646 2
S 105445583 301 101642 2
S 105465582 301 101637 2
S 105485581 301 101632 2
S 105505580 301 101640 2
S 105525578 301 101633 2
S 105545577 301 101648 2
S 105565576 301 101644 2
S 105585575 301 101653 2
S 105605573 301 101648 2
S 105625572 301 101644 2
S 105645571 301 101646 2
S 105665570 301 101640 2
S 105685568 301 101640 2
S 105705567 301 101641 2
S 105725566 301 101636 2
S 105745565 301 101639 2
S 105765563 301 101647 2
S 105785562 301 101650 2
S 105805561 301 101639 2
S 105825560 301 101639 2
S 105845558 301 101644 2
S 105865557 301 101635 2
S 105885556 301 101641 2
S 105905555 301 101639 2
S 105925553 301 101639 2
S 105945552 301 101638 2
S 105965551 301 101641 2
S 105985550 301 101633 2
S 106005548 301 101633 2
S 106025547 301 101632 2
S 106045546 301 101639 2
S 106065545 301 101644 2
S 106085543 301 101633 2
S 106105542 301 101627 2
S 106125541 301 101639 2
S 106145540 301 101648 2
S 106165538 301 101644 2
S 106185537 301 101641 2
S 106205536 301 101636 2
S 106225535 301 101644 2
S 106245533 301 101640 2
S 106265532 301 101639 2
S 106285531 301 101646 2
S 106305530 301 101639 2
S 106325528 301 101634 2
S 106345527 301 101643 2
S 106365526 301 101645 2
S 106385525 301 101640 2
S 106405523 301 101642 2
S 106425522 301 101642 2
S 106445521 301 101645 2
S 106465520 301 101646 2
S 106485518 301 101648 2
S 106505517 301 101643 2
S 106525516 301 101640 2
S 106545515 301 101648 2
S 106565513 301 101642 2
S 106585512 301 101651 2
S 106605511 301 101651 2
S 106625510 301 101646 2
S 106645508 301 101642 2
S 106665507 301 101634 2
S 106685506 301 101639 2
S 106705505 301 101640 2
S 106725503 301 101641 2
S 106745502 301 101645 2
S 106765501 301 101639 2
S 106785500 301 101642 2
S 106805498 301 101653 2
S 106825497 301 101645 2
S 106845496 301 101648 2
S 106865495 301 101646 2
S 106885493 301 101648 2
S 106905492 301 101644 2
S 106925491 301 101641 2
S 106945490 301 101643 2
S 106965488 301 101651 2
S 106985487 301 101644 2
S 107005486 301 101645 2
S 107025485 301 101645 2
S 107045483 301 101641 2
S 107065482 301 101636 2
S 107085481 301 101642 2
S 107105480 301 101645 2
S 107125478 301 101641 2
S 107145477 301 101645 2
S 107165476 301 101645 2
S 107185475 301 101640 2
S 107205473 301 101639 2
S 107225472 301 101646 2
S 107245471 301 101635 2
S 107265470 301 101645 2
S 107285468 301 101642 2
S 107305467 301 101642 2
S 107325466 301 101640 2
S 107345465 301 101643 2
S 107365463 301 101639 2
S 107385462 301 101629 2
S 107405461 301 101637 2
S 107425460 301 101648 2
S 107445458 301 101641 2
S 107465457 301 101638 2
S 107485456 301 101639 2
S 107505455 301 101638 2
S 107525453 301 101638 2
S 107545452 301 101639 2
S 107565451 301 101648 2
S 107585450 301 101639 2
S 107605448 301 101648 2
S 107625447 301 101642 2
S 107645446 301 101640 2
S 107665445 301 101642 2
S 107685443 301 101636 2
S 107705442 301 101637 2
S 107725441 301 101640 2
S 107745440 301 101642 2
S 107765438 301 101639 2
S 107785437 301 101636 2
S 107805436 301 101647 2
S 107825435 301 101632 2
S 107845433 301 101630 2
S 107865432 301 101632 2
S 107885431 301 101636 2
S 107905430 301 101635 2
S 107925428 301 101637 2
S 107945427 301 101628 2
S 107965426 301 101632 2
S 107985425 301 101641 2
S 108005423 301 101640 2
S 108025422 301 101639 2
S 108045421 301 101638 2
S 108065420 301 101641 2
S 108085418 301 101639 2
S 108105417 301 101635 2
S 108125416 301 101637 2
S 108145415 301 101643 2
S 108165413 301 101634 2
S 108185412 301 101642 2
S 108205411 301 101640 2
S 108225410 301 101633 2
S 108245408 301 101639 2
S 108265407 301 101642 2
S 108285406 301 101633 2
S 108305405 301 101645 2
S 108325403 301 101638 2
S 108345402 301 101642 2
S 108365401 301 101644 2
S 108385400 302 101650 2
S 108405398 301 101640 2
S 108425397 301 101639 2
S 108445396 301 101638 2
S 108465395 301 101634 2
S 108485393 301 101642 2
S 108505392 301 101636 2
S 108525391 301 101632 2
S 108545390 301 101642 2
S 108565388 301 101642 2
S 108585387 301 101646 2
S 108605386 301 101639 2
S 108625385 301 101642 2
S 108645383 301 101642 2
S 108665382 301 101640 2
S 108685381 301 101639 2
S 108705380 301 101642 2
S 108725378 301 101645 2
S 108745377 301 101642 2
S 108765376 301 101651 2
S 108785375 301 101644 2
S 108805373 301 101648 2
S 108825372 301 101645 2
S 108845371 301 101642 2
S 108865370 301 101645 2
S 108885368 301 101644 2
S 108905367 301 101642 2
S 108925366 301 101643 2
S 108945365 301 101640 2
S 108965363 301 101641 2
S 108985362 301 101640 2
S 109005361 301 101640 2
S 109025360 301 101639 2
S 109045358 301 101643 2
S 109065357 302 101651 2
S 109085356 301 101650 2
S 109105355 301 101644 2
S 109125353 301 101644 2
S 109145352 301 101640 2
S 109165351 301 101648 2
S 109185350 301 101646 2
S 109205348 301 101645 2
S 109225347 301 101644 2
S 109245346 301 101648 2
S 109265345 301 101646 2
S 109285343 301 101645 2
S 109305342 301 101650 2
S 109325341 301 101647 2
S 109345340 301 101647 2
S 109365338 301 101649 2
S 109385337 301 101649 2
S 109405336 301 101646 2
S 109425335 301 101642 2
S 109445333 301 101648 2
S 109465332 301 101639 2
S 109485331 301 101643 2
S 109505330 301 101642 2
S 109525328 301 101638 2
S 109545327 301 101641 2
S 109565326 301 101644 2
S 109585325 301 101637 2
S 109605323 301 101638 2
S 109625322 301 101634 2
S 109645321 301 101635 2
S 109665320 301 101639 2
S 109685318 301 101648 2
S 109705317 301 101637 2
S 109725316 301 101643 2
S 109745315 301 101647 2
S 109765313 301 101642 2
S 109785312 301 101645 2
S 109805311 302 101654 2
S 109825310 301 101652 2
S 109845308 302 101652 2
S 109865307 301 101648 2
S 109885306 301 101639 2
S 109905305 301 101642 2
S 109925303 302 101653 2
S 109945302 301 101648 2
S 109965301 301 101644 2
S 109985300 301 101642 2
S 110005298 301 101644 2
S 110025297 301 101648 2
S 110045296 301 101644 2
S 110065295 301 101645 2
S 110085293 301 101646 2
S 110105292 301 101646 2
S 110125291 301 101648 2
S 110145290 301 101636 2
S 110165288 301 101640 2
S 110185287 301 101640 2
S 110205286 301 101645 2
S 110225285 301 101644 2
S 110245283 302 101653 2
S 110265282 301 101651 2
S 110285281 301 101648 2
S 110305280 301 101637 2
S 110325278 301 101647 2
S 110345277 301 101643 2
S 110365276 301 101652 2
S 110385275 301 101648 2
S 110405273 301 101642 2
S 110425272 301 101647 2
S 110445271 301 101648 2
S 110465270 301 101640 2
S 110485268 301 101648 2
S 110505267 301 101638 2
S 110525266 301 101643 2
S 110545265 301 101651 2
S 110565263 301 101649 2
S 110585262 301 101642 2
S 110605261 301 101649 2
S 110625260 301 101647 2
S 110645258 301 101646 2
S 110665257 301 101645 2
S 110685256 302 101653 2
S 110705255 301 101651 2
S 110725253 301 101648 2
S 110745252 302 101650 2
S 110765251 301 101648 2
S 110785250 301 101647 2
S 110805248 301 101637 2
S 110825247 301 101640 2
S 110845246 301 101642 2
S 110865245 301 101643 2
S 110885243 301 101642 2
S 110905242 301 101645 2
S 110925241 301 101637 2
S 110945240 301 101639 2
S 110965238 301 101642 2
S 110985237 301 101638 2
S 111005236 301 101640 2
S 111025235 301 101639 2
S 111045233 301 101637 2
S 111065232 301 101647 2
S 111085231 301 101639 2
S 111105230 301 101637 2
S 111125228 301 101640 2
S 111145227 301 101644 2
S 111165226 301 101633 2
S 111185225 301 101636 2
S 111205223 301 101639 2
S 111225222 301 101636 2
S 111245221 301 101639 2
S 111265220 301 101645 2
S 111285218 301 101642 2
S 111305217 301 101636 2
S 111325216 301 101643 2
S 111345215 302 101643 2
S 111365213 301 101643 2
S 111385212 301 101642 2
S 111405211 301 101645 2
S 111425210 301 101642 2
S 111445208 301 101644 2
S 111465207 301 101639 2
S 111485206 301 101636 2
S 111505205 301 101636 2
S 111525203 301 101633 2
S 111545202 301 101641 2
S 111565201 301 101638 2
S 111585200 301 101642 2
S 111605198 301 101636 2
S 111625197 301 101641 2
S 111645196 301 101638 2
S 111665195 301 101636 2
S 111685193 301 101642 2
S 111705192 301 101639 2
S 111725191 301 101645 2
S 111745190 301 101649 2
S 111765188 301 101645 2
S 111785187 301 101644 2
S 111805186 301 101647 2
S 111825185 301 101642 2
S 111845183 301 101639 2
S 111865182 301 101651 2
S 111885181 301 101648 2
S 111905180 301 101639 2
S 111925178 301 101644 2
S 111945177 301 101638 2
S 111965176 301 101639 2
S 111985175 301 101639 2
S 112005173 301 101645 2
S 112025172 301 101639 2
S 112045171 301 101645 2
S 112065170 301 101636 2
S 112085168 301 101642 2
S 112105167 301 101649 2
S 112125166 301 101643 2
S 112145165 301 101643 2
S 112165163 301 101646 2
S 112185162 301 101644 2
S 112205161 301 101644 2
S 112225160 301 101637 2
S 112245158 301 101643 2
S 112265157 301 101639 2
S 112285156 301 101645 2
S 112305155 301 101637 2
S 112325153 301 101639 2
S 112345152 301 101645 2
S 112365151 301 101639 2
S 112385150 301 101638 2
S 112405148 301 101633 2
S 112425147 301 101648 2
S 112445146 301 101636 2
S 112465145 301 101642 2
S 112485143 301 101639 2
S 112505142 301 101637 2
S 112525141 301 101634 2
S 112545140 301 101641 2
S 112565138 301 101640 2
S 112585137 301 101639 2
S 112605136 301 101643 2
S 112625135 301 101645 2
S 112645133 301 101648 2
S 112665132 301 101648 2
S 112685131 301 101646 2
S 112705130 301 101646 2
S 112725128 301 101645 2
S 112745127 301 101641 2
S 112765126 301 101644 2
S 112785125 301 101644 2
S 112805123 301 101634 2
S 112825122 301 101642 2
S 112845121 301 101644 2
S 112865120 301 101640 2
S 112885118 301 101646 2
S 112905117 301 101644 2
S 112925116 301 101648 2
S 112945115 301 101638 2
S 112965113 301 101639 2
S 112985112 301 101631 2
S 113005111 301 101636 2
S 113025110 301 101639 2
S 113045108 301 101642 2
S 113065107 301 101644 2
S 113085106 301 101644 2
S 113105105 301 101642 2
S 113125103 301 101638 2
S 113145102 301 101645 2
S 113165101 301 101642 2
S 113185100 301 101642 2
S 113205098 301 101637 2
S 113225097 301 101639 2
S 113245096 301 101643 2
S 113265095 301 101641 2
S 113285093 301 101639 2
S 113305092 301 101645 2
S 113325091 301 101647 2
S 113345090 301 101645 2
S 113365088 301 101640 2
S 113385087 301 101646 2
S 113405086 301 101640 2
S 113425085 301 101645 2
S 113445083 301 101642 2
S 113465082 301 101645 2
S 113485081 301 101641 2
S 113505080 301 101641 2
S 113525078 301 101642 2
S 113545077 301 101632 2
S 113565076 301 101641 2
S 113585075 301 101642 2
S 113605073 301 101640 2
S 113625072 301 101647 2
S 113645071 301 101639 2
S 113665070 301 101644 2
S 113685068 301 101646 2
S 113705067 301 101645 2
S 113725066 301 101648 2
S 113745065 301 101645 2
S 113765063 301 101642 2
S 113785062 301 101639 2
S 113805061 301 101648 2
S 113825060 301 101645 2
S 113845058 301 101640 2
S 113865057 301 101638 2
S 113885056 301 101639 2
S 113905055 301 101642 2
S 113925053 301 101645 2
S 113945052 301 101649 2
S 113965051 301 101642 2
S 113985050 301 101642 2
S 114005048 301 101634 2
S 114025047 301 101638 2
S 114045046 301 101641 2
S 114065045 301 101633 2
S 114085043 301 101635 2
S 114105042 301 101639 2
S 114125041 301 101641 2
S 114145040 301 101636 2
S 114165038 301 101636 2
S 114185037 301 101644 2
S 114205036 301 101636 2
S 114225035 301 101642 2
S 114245033 301 101635 2
S 114265032 301 101642 2
S 114285031 301 101648 2
S 114305030 301 101642 2
S 114325028 301 101643 2
S 114345027 301 101644 2
S 114365026 301 101642 2
S 114385025 301 101645 2
S 114405023 301 101644 2
S 114425022 301 101650 2
S 114445021 301 101642 2
S 114465020 301 101645 2
S 114485018 301 101632 2
S 114505017 301 101633 2
S 114525016 301 101634 2
S 114545015 301 101638 2
S 114565013 301 101636 2
S 114585012 301 101632 2
S 114605011 301 101635 2
S 114625010 301 101646 2
S 114645008 301 101642 2
S 114665007 301 101638 2
S 114685006 301 101638 2
S 114705005 301 101638 2
S 114725003 301 101633 2
S 114745002 301 101644 2
S 114765001 301 101639 2
S 114785000 301 101636 2
S 114804998 301 101641 2
S 114824997 301 101639 2
S 114844996 301 101644 2
S 114864995 301 101640 2
S 114884993 301 101640 2
S 114904992 301 101633 2
S 114924991 301 101646 2
S 114944990 301 101649 2
S 114964988 301 101645 2
S 114984987 301 101636 2
S 115004986 301 101639 2
S 115024985 301 101642 2
S 115044983 301 101634 2
S 115064982 301 101636 2
S 115084981 301 101638 2
S 115104980 301 101648 2
S 115124978 301 101642 2
S 115144977 301 101635 2
S 115164976 301 101634 2
S 115184975 301 101639 2
S 115204973 301 101637 2
S 115224972 301 101637 2
S 115244971 301 101636 2
S 115264970 301 101639 2
S 115284968 301 101639 2
S 115304967 301 101641 2
S 115324966 301 101650 2
S 115344965 301 101646 2
S 115364963 301 101644 2
S 115384962 302 101654 2
S 115404961 301 101642 2
S 115424960 301 101650 2
S 115444958 301 101645 2
S 115464957 301 101643 2
S 115484956 301 101646 2
S 115504955 301 101647 2
S 115524953 301 101641 2
S 115544952 301 101647 2
S 115564951 301 101644 2
S 115584950 301 101649 2
S 115604948 301 101639 2
S 115624947 301 101638 2
S 115644946 301 101645 2
S 115664945 301 101648 2
S 115684943 301 101650 2
S 115704942 301 101646 2
S 115724941 301 101639 2
S 115744940 301 101644 2
S 115764938 301 101637 2
S 115784937 301 101638 2
S 115804936 301 101642 2
S 115824935 301 101645 2
S 115844933 301 101637 2
S 115864932 301 101641 2
S 115884931 301 101640 2
S 115904930 301 101634 2
S 115924928 301 101631 2
S 115944927 301 101641 2
S 115964926 301 101639 2
S 115984925 301 101636 2
S 116004923 301 101640 2
S 116024922 301 101635 2
S 116044921 301 101640 2
S 116064920 301 101639 2
S 116084918 301 101639 2
S 116104917 301 101640 2
S 116124916 301 101635 2
S 116144915 301 101642 2
S 116164913 301 101640 2
S 116184912 301 101643 2
S 116204911 301 101635 2
S 116224910 301 101646 2
S 116244908 301 101648 2
S 116264907 301 101648 2
S 116284906 301 101645 2
S 116304905 301 101646 2
S 116324903 301 101651 2
S 116344902 301 101648 2
S 116364901 301 101639 2
S 116384900 301 101640 2
S 116404898 301 101642 2
S 116424897 301 101647 2
S 116444896 301 101640 2
S 116464895 301 101642 2
S 116484893 301 101639 2
S 116504892 301 101642 2
S 116524891 301 101644 2
S 116544890 301 101639 2
S 116564888 301 101637 2
S 116584887 301 101647 2
S 116604886 301 101636 2
S 116624885 301 101635 2
S 116644883 301 101634 2
S 116664882 301 101639 2
S 116684881 301 101637 2
S 116704880 301 101648 2
S 116724878 301 101642 2
S 116744877 301 101642 2
S 116764876 301 101637 2
S 116784875 301 101641 2
S 116804873 301 101638 2
S 116824872 301 101639 2
S 116844871 301 101638 2
S 116864870 301 101639 2
S 116884868 301 101636 2
S 116904867 301 101642 2
S 116924866 301 101642 2
S 116944865 301 101646 2
S 116964863 301 101641 2
S 116984862 301 101639 2
S 117004861 301 101641 2
S 117024860 301 101642 2
S 117044858 301 101636 2
S 117064857 301 101635 2
S 117084856 301 101634 2
S 117104855 301 101642 2
S 117124853 301 101640 2
S 117144852 301 101634 2
S 117164851 301 101631 2
S 117184850 301 101630 2
S 117204848 301 101635 2
S 117224847 301 101635 2
S 117244846 301 101631 2
S 117264845 301 101634 2
S 117284843 301 101643 2
S 117304842 301 101639 2
S 117324841 301 101643 2
S 117344840 301 101635 2
S 117364838 301 101635 2
S 117384837 301 101633 2
S 117404836 301 101639 2
S 117424835 301 101640 2
S 117444833 301 101636 2
S 117464832 301 101642 2
S 117484831 301 101640 2
S 117504830 301 101636 2
S 117524828 301 101639 2
S 117544827 301 101634 2
S 117564826 301 101636 2
S 117584825 301 101639 2
S 117604823 301 101639 2
S 117624822 301 101642 2
S 117644821 301 101642 2
S 117664820 301 101645 2
S 117684818 301 101640 2
S 117704817 301 101642 2
S 117724816 301 101648 2
S 117744815 301 101641 2
S 117764813 301 101642 2
S 117784812 301 101648 2
S 117804811 301 101640 2
S 117824810 301 101644 2
S 117844808 301 101640 2
S 117864807 301 101641 2
S 117884806 301 101644 2
S 117904805 301 101645 2
S 117924803 301 101645 2
S 117944802 301 101648 2
S 117964801 301 101641 2
S 117984800 301 101639 2
S 118004798 301 101649 2
S 118024797 301 101638 2
S 118044796 301 101646 2
S 118064795 301 101648 2
S 118084793 301 101642 2
S 118104792 301 101645 2
S 118124791 301 101649 2
S 118144790 301 101651 2
S 118164788 301 101640 2
S 118184787 301 101648 2
S 118204786 301 101649 2
S 118224785 301 101642 2
S 118244783 301 101644 2
S 118264782 301 101645 2
S 118284781 301 101641 2
S 118304780 301 101648 2
S 118324778 301 101647 2
S 118344777 301 101647 2
S 118364776 301 101642 2
S 118384775 301 101648 2
S 118404773 301 101646 2
S 118424772 301 101637 2
S 118444771 301 101648 2
S 118464770 301 101643 2
S 118484768 301 101645 2
S 118504767 301 101648 2
S 118524766 301 101648 2
S 118544765 301 101645 2
S 118564763 301 101646 2
S 118584762 301 101648 2
S 118604761 301 101648 2
S 118624760 301 101648 2
S 118644758 301 101642 2
S 118664757 301 101645 2
S 118684756 301 101642 2
S 118704755 302 101652 2
S 118724753 301 101637 2
S 118744752 301 101646 2
S 118764751 301 101647 2
S 118784750 301 101639 2
S 118804748 301 101639 2
S 118824747 301 101642 2
S 118844746 301 101637 2
S 118864745 301 101648 2
S 118884743 301 101650 2
S 118904742 301 101646 2
S 118924741 301 101643 2
S 118944740 301 101648 2
S 118964738 301 101636 2
S 118984737 301 101645 2
S 119004736 301 101645 2
S 119024735 301 101645 2
S 119044733 301 101639 2
S 119064732 301 101641 2
S 119084731 301 101648 2
S 119104730 301 101642 2
S 119124728 301 101633 2
S 119144727 301 101649 2
S 119164726 301 101642 2
S 119184725 301 101637 2
S 119204723 301 101636 2
S 119224722 301 101639 2
S 119244721 301 101644 2
S 119264720 301 101640 2
S 119284718 301 101645 2
S 119304717 301 101640 2
S 119324716 301 101645 2
S 119344715 301 101646 2
S 119364713 301 101638 2
S 119384712 301 101644 2
S 119404711 301 101642 2
S 119424710 301 101647 2
S 119444708 301 101638 2
S 119464707 301 101645 2
S 119484706 301 101647 2
S 119504705 301 101646 2
S 119524703 301 101639 2
S 119544702 301 101642 2
S 119564701 301 101637 2
S 119584700 301 101645 2
S 119604698 301 101648 2
S 119624697 301 101645 2
S 119644696 301 101652 2
S 119664695 301 101651 2
S 119684693 301 101648 2
S 119704692 301 101639 2
S 119724691 301 101645 2
S 119744690 301 101645 2
S 119764688 301 101645 2
S 119784687 301 101633 2
S 119804686 301 101636 2
S 119824685 301 101638 2
S 119844683 301 101639 2
S 119864682 301 101636 2
S 119884681 301 101639 2
S 119904680 301 101634 2
S 119924678 301 101646 2
S 119944677 301 101644 2
S 119964676 301 101648 2
S 119984675 301 101647 2
S 120004673 301 101640 2
S 120024672 301 101642 2
S 120044671 301 101641 2
S 120064670 301 101648 2
S 120084668 301 101645 2
S 120104667 301 101636 2
S 120124666 301 101642 2
S 120144665 301 101653 2
S 120164663 301 101648 2
S 120184662 301 101640 2
S 120204661 301 101643 2
S 120224660 301 101650 2
S 120244658 301 101653 2
S 120264657 301 101642 2
S 120284656 301 101651 2
S 120304655 301 101646 2
S 120324653 301 101649 2
S 120344652 301 101651 2
S 120364651 301 101651 2
S 120384650 301 101648 2
S 120404648 301 101651 2
S 120424647 301 101642 2
S 120444646 301 101640 2
S 120464645 301 101643 2
S 120484643 301 101642 2
S 120504642 301 101648 2
S 120524641 301 101643 2
S 120544640 301 101648 2
S 120564638 301 101643 2
S 120584637 301 101642 2
S 120604636 301 101639 2
S 120624635 301 101642 2
S 120644633 301 101646 2
S 120664632 301 101645 2
S 120684631 301 101640 2
S 120704630 301 101643 2
S 120724628 301 101642 2
S 120744627 301 101642 2
S 120764626 301 101639 2
S 120784625 301 101641 2
S 120804623 301 101648 2
S 120824622 301 101646 2
S 120844621 301 101647 2
S 120864620 301 101638 2
S 120884618 301 101647 2
S 120904617 301 101641 2
S 120924616 301 101642 2
S 120944615 301 101647 2
S 120964613 301 101642 2
S 120984612 301 101644 2
S 121004611 301 101642 2
S 121024610 301 101641 2
S 121044608 301 101645 2
S 121064607 301 101639 2
S 121084606 301 101642 2
S 121104605 301 101640 2
S 121124603 301 101637 2
S 121144602 301 101644 2
S 121164601 301 101642 2
S 121184600 301 101648 2
S 121204598 301 101644 2
S 121224597 301 101646 2
S 121244596 301 101639 2
S 121264595 301 101633 2
S 121284593 301 101639 2
S 121304592 301 101636 2
S 121324591 301 101636 2
S 121344590 301 101644 2
S 121364588 301 101638 2
S 121384587 301 101647 2
S 121404586 301 101636 2
S 121424585 301 101642 2
S 121444583 301 101647 2
S 121464582 301 101645 2
S 121484581 301 101637 2
S 121504580 301 101646 2
S 121524578 301 101636 2
S 121544577 301 101648 2
S 121564576 301 101648 2
S 121584575 301 101652 2
S 121604573 301 101645 2
S 121624572 301 101645 2
S 121644571 301 101644 2
S 121664570 301 101638 2
S 121684568 301 101645 2
S 121704567 301 101650 2
S 121724566 301 101654 2
S 121744565 301 101650 2
S 121764563 301 101649 2
S 121784562 301 101654 2
S 121804561 301 101648 2
S 121824560 301 101643 2
S 121844558 301 101640 2
S 121864557 301 101642 2
S 121884556 301 101648 2
S 121904555 301 101649 2
S 121924553 301 101644 2
S 121944552 301 101646 2
S 121964551 301 101640 2
S 121984550 301 101639 2
S 122004548 301 101645 2
S 122024547 301 101648 2
S 122044546 301 101646 2
S 122064545 301 101648 2
S 122084543 301 101642 2
S 122104542 301 101643 2
S 122124541 301 101645 2
S 122144540 301 101651 2
S 122164538 301 101639 2
S 122184537 301 101639 2
S 122204536 301 101639 2
S 122224535 301 101637 2
S 122244533 301 101644 2
S 122264532 301 101648 2
S 122284531 301 101648 2
S 122304530 301 101647 2
S 122324528 301 101644 2
S 122344527 301 101642 2
S 122364526 301 101647 2
S 122384525 301 101639 2
S 122404523 301 101646 2
S 122424522 301 101638 2
S 122444521 301 101637 2
S 122464520 301 101650 2
S 122484518 301 101646 2
S 122504517 301 101644 2
S 122524516 301 101648 2
S 122544515 301 101644 2
S 122564513 301 101650 2
S 122584512 301 101647 2
S 122604511 301 101645 2
S 122624510 301 101642 2
S 122644508 301 101645 2
S 122664507 301 101642 2
S 122684506 301 101645 2
S 122704505 301 101646 2
S 122724503 301 101651 2
S 122744502 301 101642 2
S 122764501 301 101650 2
S 122784500 301 101645 2
S 122804498 301 101647 2
S 122824497 301 101643 2
S 122844496 301 101645 2
S 122864495 301 101646 2
S 122884493 301 101646 2
S 122904492 301 101638 2
S 122924491 301 101640 2
S 122944490 301 101639 2
S 122964488 301 101643 2
S 122984487 301 101641 2
S 123004486 301 101645 2
S 123024485 301 101642 2
S 123044483 301 101641 2
S 123064482 301 101639 2
S 123084481 301 101645 2
S 123104480 301 101646 2
S 123124478 301 101653 2
S 123144477 301 101651 2
S 123164476 301 101645 2
S 123184475 301 101644 2
S 123204473 301 101647 2
S 123224472 301 101645 2
S 123244471 301 101643 2
S 123264470 301 101645 2
S 123284468 301 101646 2
S 123304467 301 101646 2
S 123324466 301 101646 2
S 123344465 301 101644 2
S 123364463 301 101643 2
S 123384462 301 101649 2
S 123404461 301 101639 2
S 123424460 301 101648 2
S 123444458 301 101642 2
S 123464457 301 101635 2
S 123484456 301 101643 2
S 123504455 301 101646 2
S 123524453 301 101647 2
S 123544452 301 101647 2
S 123564451 301 101641 2
S 123584450 301 101644 2
S 123604448 301 101645 2
S 123624447 301 101644 2
S 123644446 301 101639 2
S 123664445 301 101639 2
S 123684443 301 101639 2
S 123704442 301 101640 2
S 123724441 301 101647 2
S 123744440 301 101646 2
S 123764438 301 101643 2
S 123784437 301 101649 2
S 123804436 301 101645 2
S 123824435 301 101646 2
S 123844433 301 101645 2
S 123864432 301 101646 2
S 123884431 301 101650 2
S 123904430 301 101649 2
S 123924428 301 101645 2
S 123944427 301 101648 2
S 123964426 301 101647 2
S 123984425 301 101652 2
S 124004423 301 101647 2
S 124024422 301 101644 2
S 124044421 301 101642 2
S 124064420 301 101638 2
S 124084418 301 101642 2
S 124104417 301 101642 2
S 124124416 301 101640 2
S 124144415 301 101641 2
S 124164413 301 101645 2
S 124184412 301 101647 2
S 124204411 301 101646 2
S 124224410 301 101648 2
S 124244408 301 101648 2
S 124264407 301 101642 2
S 124284406 301 101640 2
S 124304405 301 101642 2
S 124324403 301 101643 2
S 124344402 301 101642 2
S 124364401 301 101645 2
S 124384400 301 101645 2
S 124404398 301 101641 2
S 124424397 301 101643 2
S 124444396 301 101647 2
S 124464395 301 101641 2
S 124484393 301 101644 2
S 124504392 301 101645 2
S 124524391 301 101645 2
S 124544390 301 101648 2
S 124564388 301 101648 2
S 124584387 301 101649 2
S 124604386 301 101649 2
S 124624385 301 101648 2
S 124644383 301 101655 2
S 124664382 301 101646 2
S 124684381 301 101648 2
S 124704380 301 101648 2
S 124724378 301 101651 2
S 124744377 301 101642 2
S 124764376 301 101648 2
S 124784375 301 101648 2
S 124804373 301 101651 2
S 124824372 301 101644 2
S 124844371 301 101650 2
S 124864370 301 101645 2
S 124884368 301 101642 2
S 124904367 301 101640 2
S 124924366 301 101642 2
S 124944365 301 101638 2
S 124964363 301 101642 2
S 124984362 301 101641 2
S 125004361 301 101639 2
S 125024360 301 101645 2
S 125044358 301 101638 2
S 125064357 301 101647 2
S 125084356 301 101653 2
S 125104355 301 101649 2
S 125124353 301 101642 2
S 125144352 301 101642 2
S 125164351 301 101645 2
S 125184350 301 101646 2
S 125204348 301 101642 2
S 125224347 301 101643 2
S 125244346 301 101647 2
S 125264345 301 101645 2
S 125284343 301 101643 2
S 125304342 301 101642 2
S 125324341 301 101639 2
S 125344340 301 101647 2
S 125364338 301 101644 2
S 125384337 301 101644 2
S 125404336 301 101642 2
S 125424335 301 101647 2
S 125444333 301 101650 2
S 125464332 301 101647 2
S 125484331 301 101640 2
S 125504330 301 101648 2
S 125524328 301 101642 2
S 125544327 301 101645 2
S 125564326 301 101646 2
S 125584325 301 101644 2
S 125604323 301 101646 2
S 125624322 301 101646 2
S 125644321 301 101645 2
S 125664320 301 101642 2
S 125684318 301 101648 2
S 125704317 301 101644 2
S 125724316 301 101645 2
S 125744315 301 101640 2
S 125764313 301 101639 2
S 125784312 301 101644 2
S 125804311 301 101643 2
S 125824310 301 101646 2
S 125844308 301 101647 2
S 125864307 301 101648 2
S 125884306 301 101650 2
S 125904305 301 101647 2
S 125924303 301 101650 2
S 125944302 301 101640 2
S 125964301 301 101646 2
S 125984300 301 101644 2
S 126004298 301 101650 2
S 126024297 301 101641 2
S 126044296 301 101644 2
S 126064295 301 101651 2
S 126084293 301 101651 2
S 126104292 301 101645 2
S 126124291 301 101646 2
S 126144290 301 101644 2
S 126164288 301 101642 2
S 126184287 301 101643 2
S 126204286 301 101641 2
S 126224285 301 101646 2
S 126244283 301 101648 2
S 126264282 301 101648 2
S 126284281 301 101649 2
S 126304280 301 101648 2
S 126324278 301 101643 2
S 126344277 301 101649 2
S 126364276 301 101646 2
S 126384275 301 101644 2
S 126404273 301 101648 2
S 126424272 301 101659 2
S 126444271 301 101648 2
S 126464270 301 101647 2
S 126484268 301 101643 2
S 126504267 301 101648 2
S 126524266 301 101645 2
S 126544265 301 101650 2
S 126564263 301 101651 2
S 126584262 301 101648 2
S 126604261 301 101654 2
S 126624260 301 101651 2
S 126644258 301 101646 2
S 126664257 301 101648 2
S 126684256 301 101649 2
S 126704255 301 101651 2
S 126724253 301 101642 2
S 126744252 301 101645 2
S 126764251 301 101644 2
S 126784250 301 101639 2
S 126804248 301 101642 2
S 126824247 301 101641 2
S 126844246 301 101642 2
S 126864245 301 101650 2
S 126884243 301 101643 2
S 126904242 301 101641 2
S 126924241 301 101655 2
S 126944240 301 101653 2
S 126964238 301 101646 2
S 126984237 301 101648 2
S 127004236 301 101645 2
S 127024235 301 101648 2
S 127044233 301 101645 2
S 127064232 301 101645 2
S 127084231 301 101651 2
S 127104230 301 101648 2
S 127124228 301 101642 2
S 127144227 301 101654 2
S 127164226 301 101648 2
S 127184225 301 101645 2
S 127204223 301 101645 2
S 127224222 301 101649 2
S 127244221 301 101648 2
S 127264220 301 101643 2
S 127284218 301 101647 2
S 127304217 301 101648 2
S 127324216 301 101641 2
S 127344215 301 101642 2
S 127364213 301 101640 2
S 127384212 301 101641 2
S 127404211 301 101645 2
S 127424210 301 101641 2
S 127444208 301 101651 2
S 127464207 301 101643 2
S 127484206 301 101653 2
S 127504205 301 101639 2
S 127524203 301 101642 2
S 127544202 301 101648 2
S 127564201 301 101645 2
S 127584200 301 101646 2
S 127604198 301 101651 2
S 127624197 301 101642 2
S 127644196 301 101645 2
S 127664195 301 101643 2
S 127684193 301 101648 2
S 127704192 301 101635 2
S 127724191 301 101643 2
S 127744190 301 101656 2
S 127764188 301 101645 2
S 127784187 301 101644 2
S 127804186 301 101645 2
S 127824185 301 101642 2
S 127844183 301 101639 2
S 127864182 301 101645 2
S 127884181 301 101648 2
S 127904180 301 101648 2
S 127924178 301 101647 2
S 127944177 301 101644 2
S 127964176 301 101645 2
S 127984175 301 101644 2
S 128004173 301 101637 2
S 128024172 301 101645 2
S 128044171 301 101640 2
S 128064170 301 101640 2
S 128084168 301 101634 2
S 128104167 301 101642 2
S 128124166 301 101640 2
S 128144165 301 101648 2
S 128164163 301 101646 2
S 128184162 301 101645 2
S 128204161 301 101646 2
S 128224160 301 101648 2
S 128244158 301 101650 2
S 128264157 301 101644 2
S 128284156 301 101650 2
S 128304155 301 101647 2
S 128324153 301 101648 2
S 128344152 301 101647 2
S 128364151 301 101651 2
S 128384150 301 101647 2
S 128404148 301 101648 2
S 128424147 301 101649 2
S 128444146 301 101642 2
S 128464145 301 101642 2
S 128484143 301 101644 2
S 128504142 301 101643 2
S 128524141 301 101641 2
S 128544140 301 101646 2
S 128564138 301 101640 2
S 128584137 301 101645 2
S 128604136 301 101649 2
S 128624135 301 101640 2
S 128644133 301 101640 2
S 128664132 301 101644 2
S 128684131 301 101642 2
S 128704130 301 101647 2
S 128724128 301 101644 2
S 128744127 301 101638 2
S 128764126 301 101645 2
S 128784125 301 101642 2
S 128804123 301 101642 2
S 128824122 301 101639 2
S 128844121 301 101645 2
S 128864120 301 101643 2
S 128884118 301 101647 2
S 128904117 301 101637 2
S 128924116 301 101648 2
S 128944115 301 101640 2
S 128964113 301 101642 2
S 128984112 301 101645 2
S 129004111 301 101644 2
S 129024110 301 101644 2
S 129044108 301 101643 2
S 129064107 301 101647 2
S 129084106 301 101653 2
S 129104105 301 101649 2
S 129124103 301 101651 2
S 129144102 301 101648 2
S 129164101 301 101649 2
S 129184100 301 101644 2
S 129204098 301 101648 2
S 129224097 301 101651 2
S 129244096 301 101646 2
S 129264095 301 101649 2
S 129284093 301 101650 2
S 129304092 301 101650 2
S 129324091 301 101646 2
S 129344090 301 101648 2
S 129364088 301 101648 2
S 129384087 301 101644 2
S 129404086 301 101643 2
S 129424085 301 101644 2
S 129444083 301 101644 2
S 129464082 301 101645 2
S 129484081 301 101645 2
S 129504080 301 101645 2
S 129524078 301 101645 2
S 129544077 301 101650 2
S 129564076 301 101646 2
S 129584075 301 101642 2
S 129604073 301 101651 2
S 129624072 301 101641 2
S 129644071 301 101651 2
S 129664070 301 101645 2
S 129684068 301 101645 2
S 129704067 301 101645 2
S 129724066 301 101649 2
S 129744065 301 101645 2
S 129764063 301 101642 2
S 129784062 301 101649 2
S 129804061 301 101646 2
S 129824060 301 101641 2
S 129844058 301 101637 2
S 129864057 301 101645 2
S 129884056 301 101644 2
S 129904055 301 101653 2
S 129924053 301 101646 2
S 129944052 301 101642 2
S 129964051 301 101648 2
S 129984050 301 101645 2
S 130004048 301 101646 2
S 130024047 301 101647 2
S 130044046 301 101646 2
S 130064045 301 101644 2
S 130084043 301 101645 2
S 130104042 301 101649 2
S 130124041 301 101645 2
S 130144040 301 101645 2
S 130164038 301 101644 2
S 130184037 301 101645 2
S 130204036 301 101645 2
S 130224035 301 101645 2
S 130244033 301 101648 2
S 130264032 301 101646 2
S 130284031 301 101642 2
S 130304030 301 101642 2
S 130324028 301 101645 2
S 130344027 301 101645 2
S 130364026 301 101652 2
S 130384025 301 101644 2
S 130404023 301 101645 2
S 130424022 301 101639 2
S 130444021 301 101637 2
S 130464020 301 101633 2
S 130484018 301 101636 2
S 130504017 301 101641 2
S 130524016 301 101645 2
S 130544015 301 101648 2
S 130564013 301 101646 2
S 130584012 301 101648 2
S 130604011 301 101647 2
S 130624010 301 101644 2
S 130644008 301 101645 2
S 130664007 301 101646 2
S 130684006 301 101645 2
S 130704005 301 101648 2
S 130724003 301 101646 2
S 130744002 301 101642 2
S 130764001 301 101643 2
S 130784000 301 101648 2
S 130803998 301 101645 2
S 130823997 301 101642 2
S 130843996 301 101648 2
S 130863995 301 101636 2
S 130883993 301 101642 2
S 130903992 301 101647 2
S 130923991 301 101642 2
S 130943990 301 101637 2
S 130963988 301 101634 2
S 130983987 301 101634 2
S 131003986 301 101643 2
S 131023985 301 101639 2
S 131043983 301 101630 2
S 131063982 301 101642 2
S 131083981 301 101640 2
S 131103980 301 101639 2
S 131123978 301 101648 2
S 131143977 301 101641 2
S 131163976 301 101641 2
S 131183975 301 101643 2
S 131203973 301 101642 2
S 131223972 301 101643 2
S 131243971 301 101642 2
S 131263970 301 101644 2
S 131283968 301 101643 2
S 131303967 301 101644 2
S 131323966 301 101642 2
S 131343965 301 101647 2
S 131363963 301 101640 2
S 131383962 301 101648 2
S 131403961 301 101650 2
S 131423960 301 101649 2
S 131443958 301 101645 2
S 131463957 301 101648 2
S 131483956 301 101648 2
S 131503955 301 101649 2
S 131523953 301 101651 2
S 131543952 301 101645 2
S 131563951 301 101645 2
S 131583950 301 101651 2
S 131603948 301 101643 2
S 131623947 301 101653 2
S 131643946 301 101644 2
S 131663945 301 101642 2
S 131683943 301 101638 2
S 131703942 301 101641 2
S 131723941 301 101638 2
S 131743940 301 101643 2
S 131763938 301 101637 2
S 131783937 301 101645 2
S 131803936 301 101643 2
S 131823935 301 101651 2
S 131843933 301 101644 2
S 131863932 301 101647 2
S 131883931 301 101636 2
S 131903930 301 101639 2
S 131923928 301 101648 2
S 131943927 301 101642 2
S 131963926 301 101645 2
S 131983925 301 101646 2
S 132003923 301 101638 2
S 132023922 301 101646 2
S 132043921 301 101640 2
S 132063920 301 101645 2
S 132083918 301 101647 2
S 132103917 301 101648 2
S 132123916 301 101645 2
S 132143915 301 101648 2
S 132163913 301 101642 2
S 132183912 301 101645 2
S 132203911 301 101642 2
S 132223910 301 101649 2
S 132243908 301 101642 2
S 132263907 301 101641 2
S 132283906 301 101642 2
S 132303905 301 101643 2
S 132323903 301 101639 2
S 132343902 301 101642 2
S 132363901 301 101644 2
S 132383900 301 101629 2
S 132403898 301 101637 2
S 132423897 301 101641 2
S 132443896 301 101643 2
S 132463895 301 101636 2
S 132483893 301 101642 2
S 132503892 301 101639 2
S 132523891 301 101636 2
S 132543890 301 101647 2
S 132563888 301 101636 2
S 132583887 301 101643 2
S 132603886 301 101630 2
S 132623885 301 101640 2
S 132643883 301 101645 2
S 132663882 301 101645 2
S 132683881 301 101642 2
S 132703880 301 101642 2
S 132723878 301 101645 2
S 132743877 301 101643 2
S 132763876 301 101636 2
S 132783875 301 101647 2
S 132803873 301 101631 2
S 132823872 301 101643 2
S 132843871 301 101639 2
S 132863870 301 101644 2
S 132883868 301 101648 2
S 132903867 301 101639 2
S 132923866 301 101642 2
S 132943865 301 101639 2
S 132963863 301 101647 2
S 132983862 301 101641 2
S 133003861 301 101647 2
S 133023860 301 101645 2
S 133043858 301 101642 2
S 133063857 301 101645 2
S 133083856 301 101638 2
S 133103855 301 101639 2
S 133123853 301 101635 2
S 133143852 301 101635 2
S 133163851 301 101636 2
S 133183850 301 101641 2
S 133203848 301 101640 2
S 133223847 301 101640 2
S 133243846 301 101641 2
S 133263845 301 101641 2
S 133283843 301 101638 2
S 133303842 301 101635 2
S 133323841 301 101639 2
S 133343840 301 101643 2
S 133363838 301 101641 2
S 133383837 301 101633 2
S 133403836 301 101645 2
S 133423835 301 101642 2
S 133443833 301 101644 2
S 133463832 301 101642 2
S 133483831 301 101642 2
S 133503830 301 101645 2
S 133523828 301 101638 2
S 133543827 301 101641 2
S 133563826 301 101636 2
S 133583825 301 101636 2
S 133603823 301 101645 2
S 133623822 301 101636 2
S 133643821 301 101641 2
S 133663820 301 101644 2
S 133683818 301 101639 2
S 133703817 301 101639 2
S 133723816 301 101643 2
S 133743815 301 101636 2
S 133763813 301 101641 2
S 133783812 301 101638 2
S 133803811 301 101637 2
S 133823810 301 101646 2
S 133843808 301 101645 2
S 133863807 301 101639 2
S 133883806 301 101632 2
S 133903805 301 101642 2
S 133923803 301 101632 2
S 133943802 301 101634 2
S 133963801 301 101637 2
S 133983800 301 101636 2
S 134003798 301 101641 2
S 134023797 301 101639 2
S 134043796 301 101644 2
S 134063795 301 101645 2
S 134083793 301 101641 2
S 134103792 301 101645 2
S 134123791 301 101647 2
S 134143790 301 101647 2
S 134163788 301 101644 2
S 134183787 301 101646 2
S 134203786 301 101642 2
S 134223785 301 101640 2
S 134243783 301 101642 2
S 134263782 301 101642 2
S 134283781 301 101640 2
S 134303780 301 101644 2
S 134323778 301 101644 2
S 134343777 301 101644 2
S 134363776 301 101643 2
S 134383775 301 101644 2
S 134403773 301 101648 2
S 134423772 301 101644 2
S 134443771 301 101647 2
S 134463770 301 101645 2
S 134483768 301 101642 2
S 134503767 301 101645 2
S 134523766 301 101642 2
S 134543765 301 101635 2
S 134563763 301 101642 2
S 134583762 301 101641 2
S 134603761 301 101637 2
S 134623760 301 101639 2
S 134643758 301 101653 2
S 134663757 301 101643 2
S 134683756 301 101652 2
S 134703755 301 101639 2
S 134723753 301 101639 2
S 134743752 301 101642 2
S 134763751 301 101641 2
S 134783750 301 101642 2
S 134803748 301 101644 2
S 134823747 301 101642 2
S 134843746 301 101644 2
S 134863745 301 101645 2
S 134883743 301 101639 2
S 134903742 301 101639 2
S 134923741 301 101639 2
S 134943740 301 101642 2
S 134963738 301 101639 2
S 134983737 301 101639 2
S 135003736 301 101637 2
S 135023735 301 101639 2
S 135043733 301 101642 2
S 135063732 301 101638 2
S 135083731 301 101650 2
S 135103730 301 101642 2
S 135123728 301 101643 2
S 135143727 301 101641 2
S 135163726 301 101641 2
S 135183725 301 101639 2
S 135203723 301 101648 2
S 135223722 301 101639 2
S 135243721 301 101648 2
S 135263720 301 101644 2
S 135283718 301 101640 2
S 135303717 301 101639 2
S 135323716 301 101636 2
S 135343715 301 101640 2
S 135363713 301 101640 2
S 135383712 301 101636 2
S 135403711 301 101635 2
S 135423710 301 101639 2
S 135443708 301 101648 2
S 135463707 301 101633 2
S 135483706 301 101645 2
S 135503705 301 101642 2
S 135523703 301 101645 2
S 135543702 301 101638 2
S 135563701 301 101644 2
S 135583700 301 101645 2
S 135603698 301 101641 2
S 135623697 301 101644 2
S 135643696 301 101640 2
S 135663695 301 101645 2
S 135683693 301 101643 2
S 135703692 301 101643 2
S 135723691 301 101639 2
S 135743690 301 101643 2
S 135763688 301 101643 2
S 135783687 301 101645 2
S 135803686 301 101638 2
S 135823685 301 101651 2
S 135843683 301 101638 2
S 135863682 301 101638 2
S 135883681 301 101639 2
S 135903680 301 101638 2
S 135923678 301 101636 2
S 135943677 301 101642 2
S 135963676 301 101639 2
S 135983675 301 101643 2
S 136003673 301 101643 2
S 136023672 301 101639 2
S 136043671 301 101642 2
S 136063670 301 101641 2
S 136083668 301 101640 2
S 136103667 301 101644 2
S 136123666 301 101635 2
S 136143665 301 101633 2
S 136163663 301 101642 2
S 136183662 301 101643 2
S 136203661 301 101647 2
S 136223660 301 101642 2
S 136243658 301 101642 2
S 136263657 301 101646 2
S 136283656 301 101647 2
S 136303655 301 101641 2
S 136323653 301 101645 2
S 136343652 301 101641 2
S 136363651 301 101644 2
S 136383650 301 101639 2
S 136403648 301 101629 2
S 136423647 301 101645 2
S 136443646 301 101642 2
S 136463645 301 101635 2
S 136483643 301 101648 2
S 136503642 301 101639 2
S 136523641 301 101634 2
S 136543640 301 101633 2
S 136563638 301 101639 2
S 136583637 301 101636 2
S 136603636 301 101638 2
S 136623635 301 101639 2
S 136643633 301 101642 2
S 136663632 301 101639 2
S 136683631 301 101645 2
S 136703630 301 101642 2
S 136723628 301 101639 2
S 136743627 301 101645 2
S 136763626 301 101638 2
S 136783625 301 101649 2
S 136803623 301 101645 2
S 136823622 301 101645 2
S 136843621 301 101642 2
S 136863620 301 101640 2
S 136883618 301 101645 2
S 136903617 301 101640 2
S 136923616 301 101634 2
S 136943615 301 101646 2
S 136963613 301 101639 2
S 136983612 301 101633 2
S 137003611 301 101643 2
S 137023610 301 101642 2
S 137043608 301 101637 2
S 137063607 301 101639 2
S 137083606 301 101642 2
S 137103605 301 101635 2
S 137123603 301 101634 2
S 137143602 301 101637 2
S 137163601 301 101634 2
S 137183600 301 101638 2
S 137203598 301 101638 2
S 137223597 301 101641 2
S 137243596 301 101640 2
S 137263595 301 101630 2
S 137283593 301 101639 2
S 137303592 301 101645 2
S 137323591 301 101646 2
S 137343590 301 101643 2
S 137363588 301 101645 2
S 137383587 301 101640 2
S 137403586 301 101634 2
S 137423585 301 101637 2
S 137443583 301 101638 2
S 137463582 301 101644 2
S 137483581 301 101637 2
S 137503580 301 101637 2
S 137523578 301 101634 2
S 137543577 301 101645 2
S 137563576 301 101636 2
S 137583575 301 101643 2
S 137603573 301 101638 2
S 137623572 301 101645 2
S 137643571 301 101640 2
S 137663570 302 101647 2
S 137683568 301 101640 2
S 137703567 301 101636 2
S 137723566 301 101636 2
S 137743565 301 101639 2
S 137763563 301 101640 2
S 137783562 301 101645 2
S 137803561 301 101635 2
S 137823560 301 101645 2
S 137843558 301 101642 2
S 137863557 301 101634 2
S 137883556 301 101633 2
S 137903555 301 101633 2
S 137923553 301 101638 2
S 137943552 301 101644 2
S 137963551 301 101642 2
S 137983550 301 101639 2
S 138003548 301 101630 2
S 138023547 301 101643 2
S 138043546 301 101639 2
S 138063545 301 101645 2
S 138083543 301 101645 2
S 138103542 301 101639 2
S 138123541 301 101630 2
S 138143540 301 101633 2
S 138163538 301 101636 2
S 138183537 301 101644 2
S 138203536 301 101638 2
S 138223535 301 101643 2
S 138243533 301 101645 2
S 138263532 301 101646 2
S 138283531 301 101642 2
S 138303530 301 101645 2
S 138323528 301 101636 2
S 138343527 301 101653 2
S 138363526 301 101650 2
S 138383525 301 101648 2
S 138403523 301 101644 2
S 138423522 301 101644 2
S 138443521 301 101643 2
S 138463520 301 101642 2
S 138483518 301 101642 2
S 138503517 301 101644 2
S 138523516 301 101648 2
S 138543515 301 101644 2
S 138563513 301 101644 2
S 138583512 301 101639 2
S 138603511 301 101651 2
S 138623510 301 101645 2
S 138643508 301 101651 2
S 138663507 301 101639 2
S 138683506 301 101644 2
S 138703505 301 101639 2
S 138723503 301 101638 2
S 138743502 301 101639 2
S 138763501 301 101651 2
S 138783500 301 101642 2
S 138803498 301 101646 2
S 138823497 301 101643 2
S 138843496 301 101641 2
S 138863495 301 101645 2
S 138883493 301 101643 2
S 138903492 301 101649 2
S 138923491 301 101650 2
S 138943490 301 101647 2
S 138963488 301 101640 2
S 138983487 301 101644 2
S 139003486 301 101645 2
S 139023485 301 101641 2
S 139043483 301 101648 2
S 139063482 301 101646 2
S 139083481 301 101649 2
S 139103480 301 101645 2
S 139123478 301 101644 2
S 139143477 301 101643 2
S 139163476 301 101639 2
S 139183475 301 101643 2
S 139203473 301 101638 2
S 139223472 301 101644 2
S 139243471 301 101649 2
S 139263470 301 101645 2
S 139283468 301 101645 2
S 139303467 301 101641 2
S 139323466 301 101651 2
S 139343465 301 101630 2
S 139363463 301 101639 2
S 139383462 301 101640 2
S 139403461 301 101648 2
S 139423460 301 101637 2
S 139443458 301 101641 2
S 139463457 301 101645 2
S 139483456 301 101639 2
S 139503455 301 101643 2
S 139523453 301 101645 2
S 139543452 301 101645 2
S 139563451 301 101650 2
S 139583450 301 101644 2
S 139603448 301 101641 2
S 139623447 301 101642 2
S 139643446 301 101645 2
S 139663445 301 101642 2
S 139683443 301 101648 2
S 139703442 301 101642 2
S 139723441 301 101635 2
S 139743440 301 101639 2
S 139763438 301 101646 2
S 139783437 301 101639 2
S 139803436 301 101640 2
S 139823435 301 101639 2
S 139843433 301 101645 2
S 139863432 301 101639 2
S 139883431 301 101645 2
S 139903430 301 101648 2
S 139923428 301 101648 2
S 139943427 301 101643 2
S 139963426 301 101640 2
S 139983425 301 101645 2
S 140003423 301 101636 2
S 140023422 301 101638 2
S 140043421 301 101642 2
S 140063420 301 101642 2
S 140083418 301 101643 2
S 140103417 301 101645 2
S 140123416 301 101642 2
S 140143415 301 101638 2
S 140163413 301 101642 2
S 140183412 301 101633 2
S 140203411 301 101631 2
S 140223410 301 101630 2
S 140243408 301 101641 2
S 140263407 301 101633 2
S 140283406 301 101635 2
S 140303405 301 101634 2
S 140323403 301 101638 2
S 140343402 301 101633 2
S 140363401 301 101637 2
S 140383400 301 101639 2
S 140403398 301 101636 2
S 140423397 301 101634 2
S 140443396 301 101640 2
S 140463395 301 101642 2
S 140483393 301 101635 2
S 140503392 301 101630 2
S 140523391 301 101636 2
S 140543390 301 101636 2
S 140563388 301 101634 2
S 140583387 301 101633 2
S 140603386 301 101642 2
S 140623385 301 101639 2
S 140643383 301 101640 2
S 140663382 301 101642 2
S 140683381 301 101636 2
S 140703380 301 101634 2
S 140723378 301 101634 2
S 140743377 301 101633 2
S 140763376 301 101636 2
S 140783375 301 101635 2
S 140803373 301 101640 2
S 140823372 301 101639 2
S 140843371 301 101636 2
S 140863370 301 101645 2
S 140883368 301 101642 2
S 140903367 301 101636 2
S 140923366 301 101634 2
S 140943365 301 101639 2
S 140963363 301 101639 2
S 140983362 301 101639 2
S 141003361 301 101639 2
S 141023360 301 101637 2
S 141043358 301 101639 2
S 141063357 301 101642 2
S 141083356 301 101636 2
S 141103355 301 101641 2
S 141123353 301 101645 2
S 141143352 301 101649 2
S 141163351 301 101639 2
S 141183350 301 101633 2
S 141203348 301 101641 2
S 141223347 301 101640 2
S 141243346 301 101639 2
S 141263345 301 101645 2
S 141283343 301 101635 2
S 141303342 301 101632 2
S 141323341 301 101633 2
S 141343340 301 101636 2
S 141363338 301 101639 2
S 141383337 301 101642 2
S 141403336 301 101644 2
S 141423335 301 101638 2
S 141443333 301 101647 2
S 141463332 301 101642 2
S 141483331 301 101630 2
S 141503330 301 101638 2
S 141523328 301 101642 2
S 141543327 301 101639 2
S 141563326 301 101645 2
S 141583325 301 101639 2
S 141603323 301 101645 2
S 141623322 301 101645 2
S 141643321 301 101647 2
S 141663320 301 101642 2
S 141683318 301 101643 2
S 141703317 301 101644 2
S 141723316 301 101640 2
S 141743315 301 101639 2
S 141763313 301 101641 2
S 141783312 301 101635 2
S 141803311 301 101645 2
S 141823310 301 101644 2
S 141843308 301 101642 2
S 141863307 301 101638 2
S 141883306 301 101639 2
S 141903305 301 101643 2
S 141923303 301 101642 2
S 141943302 301 101640 2
S 141963301 301 101636 2
S 141983300 301 101639 2
S 142003298 301 101633 2
S 142023297 301 101631 2
S 142043296 301 101639 2
S 142063295 301 101642 2
S 142083293 301 101640 2
S 142103292 301 101645 2
S 142123291 301 101645 2
S 142143290 301 101645 2
S 142163288 301 101640 2
S 142183287 301 101645 2
S 142203286 301 101642 2
S 142223285 301 101636 2
S 142243283 301 101638 2
S 142263282 301 101639 2
S 142283281 301 101645 2
S 142303280 301 101643 2
S 142323278 301 101642 2
S 142343277 301 101643 2
S 142363276 301 101642 2
S 142383275 301 101640 2
S 142403273 301 101642 2
S 142423272 301 101648 2
S 142443271 301 101635 2
S 142463270 301 101645 2
S 142483268 301 101641 2
S 142503267 301 101643 2
S 142523266 301 101642 2
S 142543265 301 101636 2
S 142563263 301 101645 2
S 142583262 301 101640 2
S 142603261 301 101645 2
S 142623260 301 101642 2
S 142643258 301 101636 2
S 142663257 301 101639 2
S 142683256 301 101648 2
S 142703255 301 101647 2
S 142723253 301 101644 2
S 142743252 301 101643 2
S 142763251 301 101645 2
S 142783250 301 101638 2
S 142803248 301 101642 2
S 142823247 301 101642 2
S 142843246 301 101640 2
S 142863245 301 101642 2
S 142883243 301 101642 2
S 142903242 301 101643 2
S 142923241 301 101642 2
S 142943240 301 101644 2
S 142963238 301 101642 2
S 142983237 301 101641 2
S 143003236 301 101642 2
S 143023235 301 101645 2
S 143043233 301 101645 2
S 143063232 301 101648 2
S 143083231 301 101637 2
S 143103230 301 101642 2
S 143123228 301 101640 2
S 143143227 301 101639 2
S 143163226 301 101640 2
S 143183225 301 101644 2
S 143203223 301 101644 2
S 143223222 301 101645 2
S 143243221 301 101639 2
S 143263220 301 101643 2
S 143283218 301 101643 2
S 143303217 301 101646 2
S 143323216 301 101640 2
S 143343215 301 101641 2
S 143363213 301 101646 2
S 143383212 301 101644 2
S 143403211 301 101636 2
S 143423210 301 101644 2
S 143443208 301 101642 2
S 143463207 301 101642 2
S 143483206 301 101641 2
S 143503205 301 101647 2
S 143523203 301 101638 2
S 143543202 301 101638 2
S 143563201 301 101633 2
S 143583200 301 101640 2
S 143603198 301 101639 2
S 143623197 301 101642 2
S 143643196 301 101633 2
S 143663195 301 101638 2
S 143683193 301 101645 2
S 143703192 301 101644 2
S 143723191 301 101636 2
S 143743190 301 101639 2
S 143763188 301 101638 2
S 143783187 301 101639 2
S 143803186 301 101645 2
S 143823185 301 101639 2
S 143843183 301 101636 2
S 143863182 301 101643 2
S 143883181 301 101643 2
S 143903180 301 101640 2
S 143923178 301 101642 2
S 143943177 301 101637 2
S 143963176 301 101645 2
S 143983175 301 101637 2
S 144003173 301 101642 2
S 144023172 301 101648 2
S 144043171 301 101641 2
S 144063170 301 101639 2
S 144083168 301 101639 2
S 144103167 301 101644 2
S 144123166 301 101638 2
S 144143165 301 101638 2
S 144163163 301 101636 2
S 144183162 301 101636 2
S 144203161 301 101643 2
S 144223160 301 101639 2
S 144243158 301 101636 2
S 144263157 301 101644 2
S 144283156 301 101636 2
S 144303155 301 101642 2
S 144323153 301 101647 2
S 144343152 301 101635 2
S 144363151 301 101639 2
S 144383150 301 101648 2
S 144403148 301 101651 2
S 144423147 301 101640 2
S 144443146 301 101639 2
S 144463145 301 101632 2
S 144483143 301 101644 2
S 144503142 301 101636 2
S 144523141 301 101639 2
S 144543140 301 101646 2
S 144563138 301 101639 2
S 144583137 301 101648 2
S 144603136 301 101642 2
S 144623135 301 101646 2
S 144643133 301 101645 2
S 144663132 301 101645 2
S 144683131 301 101642 2
S 144703130 301 101643 2
S 144723128 301 101642 2
S 144743127 301 101642 2
S 144763126 301 101641 2
S 144783125 301 101652 2
S 144803123 301 101641 2
S 144823122 301 101640 2
S 144843121 301 101642 2
S 144863120 301 101645 2
S 144883118 301 101642 2
S 144903117 301 101638 2
S 144923116 301 101639 2
S 144943115 301 101643 2
S 144963113 301 101639 2
S 144983112 301 101639 2
S 145003111 301 101640 2
S 145023110 301 101641 2
S 145043108 301 101639 2
S 145063107 301 101643 2
S 145083106 301 101642 2
S 145103105 301 101639 2
S 145123103 301 101644 2
S 145143102 301 101645 2
S 145163101 301 101645 2
S 145183100 301 101642 2
S 145203098 301 101634 2
S 145223097 301 101639 2
S 145243096 301 101643 2
S 145263095 301 101633 2
S 145283093 301 101636 2
S 145303092 301 101635 2
S 145323091 301 101650 2
S 145343090 301 101643 2
S 145363088 301 101641 2
S 145383087 301 101645 2
S 145403086 301 101641 2
S 145423085 301 101642 2
S 145443083 301 101640 2
S 145463082 301 101645 2
S 145483081 301 101639 2
S 145503080 301 101642 2
S 145523078 301 101641 2
S 145543077 301 101639 2
S 145563076 301 101645 2
S 145583075 301 101646 2
S 145603073 301 101642 2
S 145623072 301 101642 2
S 145643071 301 101646 2
S 145663070 301 101648 2
S 145683068 301 101642 2
S 145703067 301 101642 2
S 145723066 301 101639 2
S 145743065 301 101641 2
S 145763063 301 101647 2
S 145783062 301 101643 2
S 145803061 301 101649 2
S 145823060 301 101647 2
S 145843058 301 101650 2
S 145863057 301 101643 2
S 145883056 301 101645 2
S 145903055 301 101645 2
S 145923053 301 101634 2
S 145943052 301 101641 2
S 145963051 301 101636 2
S 145983050 301 101639 2
S 146003048 301 101641 2
S 146023047 301 101643 2
S 146043046 301 101646 2
S 146063045 301 101647 2
S 146083043 301 101646 2
S 146103042 301 101647 2
S 146123041 301 101643 2
S 146143040 301 101646 2
S 146163038 301 101637 2
S 146183037 301 101635 2
S 146203036 301 101642 2
S 146223035 301 101644 2
S 146243033 301 101639 2
S 146263032 301 101641 2
S 146283031 301 101645 2
S 146303030 301 101636 2
S 146323028 301 101642 2
S 146343027 301 101640 2
S 146363026 301 101633 2
S 146383025 301 101642 2
S 146403023 301 101636 2
S 146423022 301 101641 2
S 146443021 301 101642 2
S 146463020 301 101642 2
S 146483018 301 101639 2
S 146503017 301 101635 2
S 146523016 301 101636 2
S 146543015 301 101639 2
S 146563013 301 101637 2
S 146583012 301 101646 2
S 146603011 301 101641 2
S 146623010 301 101637 2
S 146643008 301 101640 2
S 146663007 301 101637 2
S 146683006 301 101636 2
S 146703005 301 101643 2
S 146723003 301 101636 2
S 146743002 301 101636 2
S 146763001 301 101643 2
S 146783000 301 101650 2
S 146802998 301 101645 2
S 146822997 301 101642 2
S 146842996 301 101643 2
S 146862995 301 101636 2
S 146882993 301 101638 2
S 146902992 301 101641 2
S 146922991 301 101642 2
S 146942990 301 101638 2
S 146962988 301 101640 2
S 146982987 301 101645 2
S 147002986 301 101642 2
S 147022985 301 101642 2
S 147042983 301 101641 2
S 147062982 301 101639 2
S 147082981 301 101637 2
S 147102980 301 101636 2
S 147122978 301 101637 2
S 147142977 301 101643 2
S 147162976 301 101645 2
S 147182975 301 101639 2
S 147202973 301 101639 2
S 147222972 301 101647 2
S 147242971 301 101645 2
S 147262970 301 101636 2
S 147282968 301 101647 2
S 147302967 301 101651 2
S 147322966 301 101645 2
S 147342965 301 101641 2
S 147362963 301 101634 2
S 147382962 301 101640 2
S 147402961 301 101639 2
S 147422960 301 101644 2
S 147442958 301 101640 2
S 147462957 301 101641 2
S 147482956 301 101639 2
S 147502955 301 101642 2
S 147522953 301 101643 2
S 147542952 301 101651 2
S 147562951 301 101647 2
S 147582950 301 101651 2
S 147602948 301 101646 2
S 147622947 301 101645 2
S 147642946 301 101639 2
S 147662945 301 101646 2
S 147682943 301 101644 2
S 147702942 301 101642 2
S 147722941 301 101640 2
S 147742940 301 101637 2
S 147762938 301 101645 2
S 147782937 301 101641 2
S 147802936 301 101642 2
S 147822935 301 101640 2
S 147842933 301 101642 2
S 147862932 301 101639 2
S 147882931 301 101640 2
S 147902930 301 101639 2
S 147922928 301 101642 2
S 147942927 301 101642 2
S 147962926 301 101636 2
S 147982925 301 101636 2
S 148002923 301 101643 2
S 148022922 301 101645 2
S 148042921 301 101639 2
S 148062920 301 101647 2
S 148082918 301 101640 2
S 148102917 301 101636 2
S 148122916 301 101642 2
S 148142915 301 101637 2
S 148162913 301 101641 2
S 148182912 301 101645 2
S 148202911 301 101640 2
S 148222910 301 101642 2
S 148242908 301 101647 2
S 148262907 301 101641 2
S 148282906 301 101645 2
S 148302905 301 101642 2
S 148322903 301 101636 2
S 148342902 301 101639 2
S 148362901 301 101637 2
S 148382900 301 101639 2
S 148402898 301 101643 2
S 148422897 301 101639 2
S 148442896 301 101636 2
S 148462895 301 101642 2
S 148482893 301 101637 2
S 148502892 301 101640 2
S 148522891 301 101644 2
S 148542890 301 101643 2
S 148562888 301 101642 2
S 148582887 301 101638 2
S 148602886 301 101638 2
S 148622885 301 101642 2
S 148642883 301 101633 2
S 148662882 301 101641 2
S 148682881 301 101636 2
S 148702880 301 101634 2
S 148722878 301 101645 2
S 148742877 301 101642 2
S 148762876 301 101640 2
S 148782875 301 101642 2
S 148802873 301 101643 2
S 148822872 301 101641 2
S 148842871 301 101637 2
S 148862870 301 101629 2
S 148882868 301 101633 2
S 148902867 301 101645 2
S 148922866 301 101639 2
S 148942865 301 101633 2
S 148962863 301 101636 2
S 148982862 301 101634 2
S 149002861 301 101639 2
S 149022860 301 101640 2
S 149042858 301 101640 2
S 149062857 301 101646 2
S 149082856 301 101641 2
S 149102855 301 101639 2
S 149122853 301 101636 2
S 149142852 301 101635 2
S 149162851 301 101636 2
S 149182850 301 101639 2
S 149202848 301 101639 2
S 149222847 301 101639 2
S 149242846 301 101640 2
S 149262845 301 101642 2
S 149282843 301 101638 2
S 149302842 301 101644 2
S 149322841 301 101638 2
S 149342840 301 101637 2
S 149362838 301 101641 2
S 149382837 301 101639 2
S 149402836 301 101642 2
S 149422835 301 101645 2
S 149442833 301 101642 2
S 149462832 301 101642 2
S 149482831 301 101645 2
S 149502830 301 101638 2
S 149522828 301 101642 2
S 149542827 301 101645 2
S 149562826 301 101641 2
S 149582825 301 101645 2
S 149602823 301 101639 2
S 149622822 301 101644 2
S 149642821 301 101642 2
S 149662820 301 101638 2
S 149682818 301 101645 2
S 149702817 301 101645 2
S 149722816 301 101642 2
S 149742815 301 101645 2
S 149762813 301 101644 2
S 149782812 301 101645 2
S 149802811 301 101651 2
S 149822810 301 101645 2
S 149842808 301 101644 2
S 149862807 301 101645 2
S 149882806 301 101644 2
S 149902805 301 101651 2
S 149922803 301 101645 2
S 149942802 301 101646 2
S 149962801 301 101644 2
S 149982800 301 101647 2
S 150002798 301 101648 2
S 150022797 301 101648 2
S 150042796 301 101648 2
S 150062795 301 101646 2
S 150082793 301 101645 2
S 150102792 301 101652 2
S 150122791 301 101647 2
S 150142790 301 101646 2
S 150162788 301 101648 2
S 150182787 301 101653 2
S 150202786 301 101643 2
