# capture_start_utc=2026-08-07T16:37:47Z
S 150236783 294 101414 2
S 150258781 294 101420 2
S 150280780 294 101408 2
S 150302778 294 101416 2
S 150324777 294 101414 2
S 150346776 294 101420 2
[[DEBUG]] Starting [[SENSOR TASK]]
[SELFTEST] compensate: T=150 (exp 150)  P=69964 (exp 69964)  -> PASS
#BMP180 v1 fw=1.3.0 temp_ms=0
[[DEBUG]] BMP180 registered on /dev/bmp180-0
S 73168 294 101414 0
S 86168 294 101414 0
S 99167 294 101408 0
S 112166 294 101414 0
S 125165 294 101420 0
S 138164 293 101414 0
S 151164 294 101408 0
S 164163 294 101414 0
S 177162 293 101417 0
S 190161 294 101426 0
S 203160 293 101414 0
S 216159 293 101417 0
S 229159 293 101402 0
S 242158 294 101408 0
S 255157 293 101417 0
S 268156 293 101420 0
S 281155 293 101411 0
S 294155 293 101408 0
S 307154 293 101408 0
S 320153 293 101411 0
S 333152 293 101414 0
S 346151 293 101411 0
S 359151 294 101429 0
S 372150 293 101414 0
S 385149 294 101411 0
S 398148 293 101402 0
S 411147 293 101414 0
S 424146 293 101408 0
S 437146 293 101408 0
S 450145 293 101411 0
S 463144 293 101405 0
S 476143 293 101420 0
S 489142 293 101408 0
S 502142 293 101414 0
S 515141 293 101405 0
S 528140 293 101414 0
S 541139 293 101405 0
S 554138 294 101420 0
S 567138 293 101414 0
S 580137 293 101414 0
S 593136 293 101399 0
S 606135 293 101408 0
S 619134 293 101417 0
S 632133 293 101405 0
S 645133 293 101408 0
S 658132 294 101411 0
S 671131 293 101420 0
S 684130 293 101417 0
S 697129 293 101399 0
S 710129 293 101411 0
S 723128 293 101414 0
S 736127 293 101414 0
S 749126 293 101408 0
S 762125 294 101420 0
S 775125 293 101414 0
S 788124 293 101420 0
S 801123 293 101414 0
S 814122 293 101408 0
S 827121 293 101417 0
S 840120 293 101411 0
S 853120 293 101423 0
S 866119 293 101414 0
S 879118 294 101432 0
S 892117 294 101423 0
S 905116 293 101420 0
S 918116 293 101414 0
S 931115 293 101423 0
S 944114 293 101411 0
S 957113 293 101414 0
S 970112 293 101423 0
S 983112 293 101420 0
S 996111 293 101423 0
S 1009110 293 101411 0
S 1022109 293 101411 0
S 1035108 294 101414 0
S 1048107 294 101417 0
S 1061107 293 101417 0
S 1074106 293 101411 0
S 1087105 293 101420 0
S 1100104 293 101411 0
S 1113103 293 101411 0
S 1126103 293 101423 0
S 1139102 293 101411 0
S 1152101 293 101414 0
S 1165100 293 101417 0
S 1178099 293 101414 0
S 1191099 293 101414 0
S 1204098 293 101414 0
S 1217097 293 101411 0
S 1230096 293 101411 0
S 1243095 293 101405 0
S 1256094 293 101414 0
S 1269094 293 101411 0
S 1282093 293 101414 0
S 1295092 293 101411 0
S 1308091 293 101402 0
S 1321090 293 101411 0
S 1334090 293 101411 0
S 1347089 293 101411 0
S 1360088 293 101411 0
S 1373087 293 101414 0
S 1386086 293 101402 0
S 1399086 293 101405 0
S 1412085 294 101414 0
S 1425084 293 101411 0
S 1438083 293 101414 0
S 1451082 293 101411 0
S 1464081 293 101402 0
S 1477081 293 101423 0
S 1490080 293 101411 0
S 1503079 293 101408 0
S 1516078 293 101420 0
S 1529077 293 101408 0
S 1542077 293 101411 0
S 1555076 293 101417 0
S 1568075 294 101414 0
S 1581074 293 101411 0
S 1594073 293 101411 0
S 1607073 293 101411 0
S 1620072 293 101408 0
S 1633071 293 101405 0
S 1646070 293 101411 0
S 1659069 293 101414 0
S 1672068 293 101405 0
S 1685068 293 101417 0
S 1698067 293 101423 0
S 1711066 293 101420 0
S 1724065 293 101411 0
S 1737064 293 101420 0
S 1750064 293 101411 0
S 1763063 293 101405 0
S 1776062 293 101405 0
S 1789061 293 101405 0
S 1802060 293 101411 0
S 1815060 293 101423 0
S 1828059 293 101414 0
S 1841058 293 101417 0
S 1854057 293 101417 0
S 1867056 293 101408 0
S 1880055 293 101420 0
S 1893055 293 101414 0
S 1906054 293 101426 0
S 1919053 293 101420 0
S 1932052 293 101411 0
S 1945051 293 101411 0
S 1958051 293 101414 0
S 1971050 293 101420 0
S 1984049 293 101411 0
S 1997048 293 101414 0
S 2010047 293 101414 0
S 2023047 293 101414 0
S 2036046 293 101414 0
S 2049045 293 101411 0
S 2062044 293 101417 0
S 2075043 293 101420 0
S 2088042 293 101423 0
S 2101042 293 101426 0
S 2114041 293 101426 0
S 2127040 293 101417 0
S 2140039 293 101423 0
S 2153038 293 101423 0
S 2166038 293 101420 0
S 2179037 293 101423 0
S 2192036 293 101423 0
S 2205035 293 101414 0
S 2218034 293 101411 0
S 2231034 293 101420 0
S 2244033 293 101417 0
S 2257032 294 101423 0
S 2270031 293 101411 0
S 2283030 293 101414 0
S 2296029 293 101423 0
S 2309029 293 101420 0
S 2322028 293 101414 0
S 2335027 293 101411 0
S 2348026 293 101408 0
S 2361025 294 101414 0
S 2374025 293 101414 0
S 2387024 293 101411 0
S 2400023 293 101420 0
S 2413022 293 101411 0
S 2426021 293 101417 0
S 2439021 293 101414 0
S 2452020 293 101417 0
S 2465019 293 101405 0
S 2478018 293 101414 0
S 2491017 293 101411 0
S 2504016 293 101420 0
S 2517016 293 101405 0
S 2530015 293 101411 0
S 2543014 293 101411 0
S 2556013 293 101423 0
S 2569012 293 101426 0
S 2582012 293 101423 0
S 2595011 293 101420 0
S 2608010 293 101420 0
S 2621009 293 101414 0
S 2634008 293 101423 0
S 2647008 293 101420 0
S 2660007 293 101420 0
S 2673006 293 101411 0
S 2686005 293 101420 0
S 2699004 293 101423 0
S 2712003 293 101417 0
S 2725003 293 101417 0
S 2738002 293 101414 0
S 2751001 293 101423 0
S 2764000 293 101411 0
S 2776999 293 101420 0
S 2789999 293 101420 0
S 2802998 294 101423 0
S 2815997 293 101429 0
S 2828996 293 101414 0
S 2841995 293 101420 0
S 2854995 293 101411 0
S 2867994 293 101417 0
S 2880993 293 101417 0
S 2893992 293 101417 0
S 2906991 293 101423 0
S 2919990 293 101426 0
S 2932990 293 101417 0
S 2945989 293 101417 0
S 2958988 293 101414 0
S 2971987 293 101420 0
S 2984986 293 101411 0
S 2997986 293 101411 0
S 3010985 293 101420 0
S 3023984 293 101411 0
S 3036983 293 101414 0
S 3049982 293 101414 0
S 3062982 293 101417 0
S 3075981 293 101411 0
S 3088980 293 101414 0
S 3101979 293 101411 0
S 3114978 293 101411 0
S 3127977 293 101417 0
S 3140977 293 101414 0
S 3153976 293 101414 0
S 3166975 293 101420 0
S 3179974 293 101411 0
S 3192973 293 101417 0
S 3205973 293 101405 0
S 3218972 293 101411 0
S 3231971 293 101414 0
S 3244970 293 101423 0
S 3257969 293 101420 0
S 3270969 293 101414 0
S 3283968 293 101423 0
S 3296967 293 101417 0
S 3309966 293 101426 0
S 3322965 293 101426 0
S 3335964 293 101414 0
S 3348964 293 101420 0
S 3361963 293 101417 0
S 3374962 293 101414 0
S 3387961 293 101420 0
S 3400960 294 101417 0
S 3413960 293 101414 0
S 3426959 293 101423 0
S 3439958 293 101414 0
S 3452957 293 101429 0
S 3465956 293 101426 0
S 3478956 293 101414 0
S 3491955 293 101414 0
S 3504954 293 101405 0
S 3517953 293 101414 0
S 3530952 293 101417 0
S 3543951 293 101405 0
S 3556951 293 101411 0
S 3569950 293 101411 0
S 3582949 293 101420 0
S 3595948 293 101420 0
S 3608947 293 101411 0
S 3621947 293 101417 0
S 3634946 293 101411 0
S 3647945 293 101417 0
S 3660944 293 101414 0
S 3673943 293 101408 0
S 3686943 293 101411 0
S 3699942 293 101411 0
S 3712941 293 101411 0
S 3725940 293 101411 0
S 3738939 293 101411 0
S 3751938 293 101411 0
S 3764938 293 101411 0
S 3777937 293 101411 0
S 3790936 293 101402 0
S 3803935 293 101405 0
S 3816934 293 101411 0
S 3829934 293 101408 0
S 3842933 293 101414 0
S 3855932 293 101411 0
S 3868931 293 101411 0
S 3881930 293 101420 0
S 3894930 293 101411 0
S 3907929 293 101411 0
S 3920928 293 101414 0
S 3933927 293 101420 0
S 3946926 293 101414 0
S 3959925 293 101405 0
S 3972925 293 101408 0
S 3985924 293 101411 0
S 3998923 293 101414 0
S 4011922 293 101414 0
S 4024921 293 101405 0
S 4037921 293 101411 0
S 4050920 293 101411 0
S 4063919 293 101408 0
S 4076918 293 101408 0
S 4089917 293 101411 0
S 4102917 293 101402 0
S 4115916 293 101405 0
S 4128915 293 101411 0
S 4141914 293 101411 0
S 4154913 293 101411 0
S 4167912 293 101420 0
S 4180912 293 101402 0
S 4193911 293 101411 0
S 4206910 293 101405 0
S 4219909 293 101405 0
S 4232908 293 101414 0
S 4245908 293 101411 0
S 4258907 293 101411 0
S 4271906 293 101414 0
S 4284905 293 101414 0
S 4297904 293 101411 0
S 4310904 293 101417 0
S 4323903 293 101405 0
S 4336902 293 101411 0
S 4349901 293 101414 0
S 4362900 293 101420 0
S 4375899 293 101411 0
S 4388899 293 101417 0
S 4401898 293 101423 0
S 4414897 293 101426 0
S 4427896 294 101420 0
S 4440895 293 101423 0
S 4453895 293 101420 0
S 4466894 293 101423 0
S 4479893 293 101411 0
S 4492892 293 101411 0
S 4505891 293 101423 0
S 4518891 293 101411 0
S 4531890 293 101411 0
S 4544889 293 101405 0
S 4557888 293 101411 0
S 4570887 293 101420 0
S 4583886 293 101405 0
S 4596886 293 101411 0
S 4609885 293 101414 0
S 4622884 293 101426 0
S 4635883 293 101420 0
S 4648882 293 101411 0
S 4661882 293 101411 0
S 4674881 293 101405 0
S 4687880 293 101420 0
S 4700879 293 101411 0
S 4713878 293 101411 0
S 4726878 293 101411 0
S 4739877 293 101420 0
S 4752876 293 101417 0
S 4765875 293 101420 0
S 4778874 293 101420 0
S 4791873 293 101414 0
S 4804873 293 101411 0
S 4817872 293 101411 0
S 4830871 293 101408 0
S 4843870 293 101420 0
S 4856869 293 101411 0
S 4869869 293 101411 0
S 4882868 293 101420 0
S 4895867 293 101417 0
S 4908866 294 101420 0
S 4921865 294 101426 0
S 4934865 293 101423 0
S 4947864 294 101423 0
S 4960863 293 101417 0
S 4973862 293 101414 0
S 4986861 293 101420 0
S 4999860 293 101411 0
S 5012860 293 101414 0
S 5025859 293 101420 0
S 5038858 293 101411 0
S 5051857 293 101423 0
S 5064856 293 101426 0
S 5077856 293 101414 0
S 5090855 293 101423 0
S 5103854 293 101417 0
S 5116853 293 101411 0
S 5129852 293 101408 0
S 5142852 294 101408 0
S 5155851 293 101414 0
S 5168850 293 101411 0
S 5181849 293 101408 0
S 5194848 293 101411 0
S 5207847 293 101414 0
S 5220847 293 101423 0
S 5233846 293 101426 0
S 5246845 293 101411 0
S 5259844 293 101423 0
S 5272843 293 101411 0
S 5285843 293 101417 0
S 5298842 293 101414 0
S 5311841 293 101426 0
S 5324840 293 101414 0
S 5337839 293 101411 0
S 5350839 293 101417 0
S 5363838 293 101417 0
S 5376837 293 101411 0
S 5389836 293 101417 0
S 5402835 293 101426 0
S 5415834 293 101417 0
S 5428834 293 101417 0
S 5441833 293 101423 0
S 5454832 293 101414 0
S 5467831 293 101411 0
S 5480830 293 101417 0
S 5493830 293 101411 0
S 5506829 293 101426 0
S 5519828 293 101417 0
S 5532827 293 101420 0
S 5545826 293 101423 0
S 5558826 293 101414 0
S 5571825 294 101426 0
S 5584824 293 101429 0
S 5597823 293 101414 0
S 5610822 293 101411 0
S 5623821 293 101420 0
S 5636821 293 101411 0
S 5649820 293 101420 0
S 5662819 293 101417 0
S 5675818 293 101426 0
S 5688817 293 101423 0
S 5701817 294 101423 0
S 5714816 293 101426 0
S 5727815 293 101417 0
S 5740814 293 101417 0
S 5753813 293 101411 0
S 5766813 293 101429 0
S 5779812 293 101411 0
S 5792811 293 101411 0
S 5805810 293 101417 0
S 5818809 293 101417 0
S 5831808 293 101423 0
S 5844808 293 101411 0
S 5857807 293 101411 0
S 5870806 293 101411 0
S 5883805 293 101417 0
S 5896804 293 101414 0
S 5909804 293 101411 0
S 5922803 293 101417 0
S 5935802 293 101420 0
S 5948801 294 101417 0
S 5961800 293 101429 0
S 5974800 293 101423 0
S 5987799 293 101414 0
S 6000799 293 101411 0
S 6013797 294 101426 0
S 6026796 293 101423 0
S 6039795 293 101426 0
S 6052795 294 101426 0
S 6065794 293 101423 0
S 6078793 293 101414 0
S 6091792 293 101411 0
S 6104791 293 101414 0
S 6117791 293 101414 0
S 6130790 293 101411 0
S 6143789 293 101420 0
S 6156788 294 101426 0
S 6169787 293 101420 0
S 6182787 294 101414 0
S 6195786 293 101414 0
S 6208785 293 101417 0
S 6221784 293 101411 0
S 6234783 294 101426 0
S 6247782 294 101423 0
S 6260782 293 101411 0
S 6273781 294 101414 0
S 6286780 293 101417 0
S 6299779 293 101423 0
S 6312778 293 101411 0
S 6325778 293 101420 0
S 6338777 293 101411 0
S 6351776 293 101420 0
S 6364775 293 101417 0
S 6377774 293 101417 0
S 6390774 293 101414 0
S 6403773 293 101414 0
S 6416772 293 101414 0
S 6429771 293 101417 0
S 6442770 293 101423 0
S 6455769 293 101423 0
S 6468769 294 101414 0
S 6481768 293 101411 0
S 6494767 293 101414 0
S 6507766 293 101420 0
S 6520765 293 101423 0
S 6533765 293 101420 0
S 6546764 293 101411 0
S 6559763 293 101420 0
S 6623759 293 101414 1
S 6639758 294 101428 1
S 6655757 293 101411 1
S 6671756 293 101414 1
S 6687755 294 101425 1
S 6703754 294 101426 1
S 6719753 293 101411 1
S 6735752 293 101410 1
S 6751751 293 101413 1
S 6767750 293 101411 1
S 6783749 293 101411 1
S 6799748 293 101417 1
S 6815747 293 101417 1
S 6831746 293 101416 1
S 6847745 293 101419 1
S 6863744 293 101416 1
S 6879743 293 101413 1
S 6895742 293 101411 1
S 6911741 293 101411 1
S 6927740 293 101414 1
S 6943739 293 101419 1
S 6959738 293 101414 1
S 6975737 293 101413 1
S 6991736 293 101423 1
S 7007735 293 101413 1
S 7023734 293 101411 1
S 7039733 294 101416 1
S 7055732 293 101413 1
S 7071731 293 101410 1
S 7087730 293 101422 1
S 7103729 293 101414 1
S 7119728 293 101417 1
S 7135727 294 101416 1
S 7151726 293 101416 1
S 7167725 293 101422 1
S 7183724 293 101419 1
S 7199723 293 101411 1
S 7215722 293 101411 1
S 7231721 294 101410 1
S 7247720 293 101408 1
S 7263719 293 101410 1
S 7279718 293 101419 1
S 7295717 294 101422 1
S 7311716 293 101413 1
S 7327715 293 101411 1
S 7343714 293 101410 1
S 7359713 293 101414 1
S 7375712 293 101410 1
S 7391711 293 101407 1
S 7407710 293 101428 1
S 7423709 294 101423 1
S 7439708 293 101416 1
S 7455707 293 101416 1
S 7471706 293 101413 1
S 7487705 293 101422 1
S 7503704 293 101425 1
S 7519703 293 101419 1
S 7535702 293 101408 1
S 7551701 293 101413 1
S 7567700 294 101425 1
S 7583699 293 101414 1
S 7599698 293 101411 1
S 7615697 293 101414 1
S 7631696 293 101417 1
S 7647695 293 101411 1
S 7663694 293 101411 1
S 7679693 293 101420 1
S 7695692 293 101428 1
S 7711691 293 101411 1
S 7727690 293 101419 1
S 7743689 293 101425 1
S 7759688 293 101428 1
S 7775687 293 101414 1
S 7791686 293 101416 1
S 7807685 293 101410 1
S 7823684 293 101414 1
S 7839683 293 101414 1
S 7855682 293 101419 1
S 7871681 293 101419 1
S 7887680 293 101414 1
S 7903679 293 101419 1
S 7919678 293 101420 1
S 7935677 293 101423 1
S 7951676 293 101422 1
S 7967675 293 101414 1
S 7983674 293 101422 1
S 7999673 293 101423 1
S 8015672 293 101423 1
S 8031671 293 101428 1
S 8047670 293 101423 1
S 8063669 293 101420 1
S 8079668 293 101419 1
S 8095667 293 101423 1
S 8111666 293 101417 1
S 8127665 293 101416 1
S 8143664 293 101422 1
S 8159663 293 101419 1
S 8175662 293 101411 1
S 8191661 293 101416 1
S 8207660 293 101405 1
S 8223659 293 101414 1
S 8239658 293 101411 1
S 8255657 293 101417 1
S 8271656 293 101422 1
S 8287655 293 101413 1
S 8303654 293 101413 1
S 8319653 293 101414 1
S 8335652 293 101413 1
S 8351651 293 101410 1
S 8367650 293 101417 1
S 8383649 293 101411 1
S 8399648 293 101413 1
S 8415647 293 101404 1
S 8431646 293 101423 1
S 8447645 293 101419 1
S 8463644 293 101407 1
S 8479643 293 101408 1
S 8495642 293 101420 1
S 8511641 293 101408 1
S 8527640 293 101408 1
S 8543639 293 101416 1
S 8559638 293 101414 1
S 8575637 293 101420 1
S 8591636 293 101423 1
S 8607635 293 101425 1
S 8623634 293 101429 1
S 8639633 293 101428 1
S 8655632 293 101419 1
S 8671631 293 101420 1
S 8687630 293 101425 1
S 8703629 293 101423 1
S 8719628 293 101420 1
S 8735627 293 101423 1
S 8751626 293 101423 1
S 8767625 293 101423 1
S 8783624 293 101423 1
S 8799623 293 101417 1
S 8815622 293 101411 1
S 8831621 293 101416 1
S 8847620 293 101416 1
S 8863619 293 101425 1
S 8879618 293 101425 1
S 8895617 293 101419 1
S 8911616 293 101417 1
S 8927615 293 101414 1
S 8943614 293 101411 1
S 8959613 293 101417 1
S 8975612 293 101422 1
S 8991611 293 101423 1
S 9007610 293 101423 1
S 9023609 293 101413 1
S 9039608 293 101413 1
S 9055607 293 101413 1
S 9071606 293 101410 1
S 9087605 293 101408 1
S 9103604 293 101416 1
S 9119603 293 101419 1
S 9135602 293 101408 1
S 9151601 293 101414 1
S 9167600 293 101408 1
S 9183599 293 101413 1
S 9199598 293 101411 1
S 9215597 293 101410 1
S 9231596 293 101405 1
S 9247595 293 101413 1
S 9263594 293 101416 1
S 9279593 293 101414 1
S 9295592 293 101413 1
S 9311591 293 101420 1
S 9327590 293 101411 1
S 9343589 293 101420 1
S 9359588 293 101414 1
S 9375587 293 101420 1
S 9391586 293 101417 1
S 9407585 293 101408 1
S 9423584 293 101414 1
S 9439583 293 101420 1
S 9455582 293 101414 1
S 9471581 293 101419 1
S 9487580 293 101420 1
S 9503579 293 101416 1
S 9519578 293 101410 1
S 9535577 293 101411 1
S 9551576 293 101411 1
S 9567575 293 101416 1
S 9583574 293 101417 1
S 9599573 293 101417 1
S 9615572 293 101416 1
S 9631571 293 101405 1
S 9647570 293 101410 1
S 9663569 293 101410 1
S 9679568 293 101410 1
S 9695567 293 101408 1
S 9711566 293 101422 1
S 9727565 293 101416 1
S 9743564 293 101408 1
S 9759563 293 101411 1
S 9775562 293 101414 1
S 9791561 293 101417 1
S 9807560 293 101419 1
S 9823559 293 101411 1
S 9839558 293 101416 1
S 9855557 293 101417 1
S 9871556 293 101414 1
S 9887555 293 101408 1
S 9903554 293 101410 1
S 9919553 293 101410 1
S 9935552 293 101417 1
S 9951551 293 101420 1
S 9967550 293 101413 1
S 9983549 293 101417 1
S 9999548 293 101428 1
S 10015547 293 101416 1
S 10031546 293 101416 1
S 10047545 293 101408 1
S 10063544 293 101419 1
S 10079543 293 101419 1
S 10095542 293 101408 1
S 10111541 293 101411 1
S 10127540 293 101411 1
S 10143539 293 101408 1
S 10159538 293 101410 1
S 10175537 293 101411 1
S 10191536 293 101414 1
S 10207535 293 101423 1
S 10223534 293 101417 1
S 10239533 293 101422 1
S 10255532 293 101413 1
S 10271531 293 101423 1
S 10287530 293 101413 1
S 10303529 293 101416 1
S 10319528 293 101420 1
S 10335527 293 101417 1
S 10351526 293 101411 1
S 10367525 293 101420 1
S 10383524 293 101414 1
S 10399523 293 101417 1
S 10415522 294 101423 1
S 10431521 293 101414 1
S 10447520 293 101428 1
S 10463519 293 101416 1
S 10479518 293 101420 1
S 10495517 293 101411 1
S 10511516 293 101423 1
S 10527515 293 101413 1
S 10543514 293 101414 1
S 10559513 293 101414 1
S 10575512 293 101411 1
S 10591511 293 101413 1
S 10607510 293 101423 1
S 10623509 293 101416 1
S 10639508 293 101411 1
S 10655507 293 101416 1
S 10671506 293 101413 1
S 10687505 293 101413 1
S 10703504 293 101422 1
S 10719503 293 101419 1
S 10735502 293 101425 1
S 10751501 293 101420 1
S 10767500 293 101414 1
S 10783499 293 101411 1
S 10799498 293 101420 1
S 10815497 293 101422 1
S 10831496 293 101407 1
S 10847495 293 101414 1
S 10863494 294 101428 1
S 10879493 293 101420 1
S 10895492 293 101416 1
S 10911491 293 101414 1
S 10927490 293 101420 1
S 10943489 293 101423 1
S 10959488 293 101420 1
S 10975487 293 101423 1
S 10991486 293 101417 1
S 11007485 294 101425 1
S 11023484 293 101426 1
S 11039483 294 101428 1
S 11055482 294 101422 1
S 11071481 294 101428 1
S 11087480 294 101426 1
S 11103479 293 101417 1
S 11119478 293 101426 1
S 11135477 293 101426 1
S 11151476 294 101429 1
S 11167475 294 101429 1
S 11183474 293 101428 1
S 11199473 293 101429 1
S 11215472 294 101431 1
S 11231471 293 101419 1
S 11247470 293 101420 1
S 11263469 293 101416 1
S 11279468 293 101419 1
S 11295467 293 101420 1
S 11311466 293 101428 1
S 11327465 293 101428 1
S 11343464 293 101419 1
S 11359463 293 101417 1
S 11375462 293 101411 1
S 11391461 294 101431 1
S 11407460 294 101426 1
S 11423459 293 101411 1
S 11439458 293 101419 1
S 11455457 293 101419 1
S 11471456 294 101419 1
S 11487455 293 101411 1
S 11503454 293 101411 1
S 11519453 293 101420 1
S 11535452 293 101408 1
S 11551451 293 101411 1
S 11567450 293 101413 1
S 11583449 293 101411 1
S 11599448 293 101413 1
S 11615447 293 101411 1
S 11631446 293 101416 1
S 11647445 293 101423 1
S 11663444 293 101426 1
S 11679443 293 101420 1
S 11695442 293 101416 1
S 11711441 293 101425 1
S 11727440 293 101425 1
S 11743439 293 101420 1
S 11759438 293 101411 1
S 11775437 293 101420 1
S 11791436 293 101413 1
S 11807435 293 101426 1
S 11823434 293 101420 1
S 11839433 293 101423 1
S 11855432 293 101413 1
S 11871431 293 101411 1
S 11887430 293 101422 1
S 11903429 293 101411 1
S 11919428 293 101417 1
S 11935427 293 101413 1
S 11951426 293 101408 1
S 11967425 293 101416 1
S 11983424 294 101422 1
S 11999423 293 101420 1
S 12015422 294 101416 1
S 12031421 293 101425 1
S 12047420 293 101411 1
S 12063419 293 101423 1
S 12079418 294 101422 1
S 12095417 293 101414 1
S 12111416 293 101419 1
S 12127415 294 101426 1
S 12143414 293 101420 1
S 12159413 293 101428 1
S 12175412 294 101429 1
S 12191411 294 101422 1
S 12207410 293 101422 1
S 12223409 294 101419 1
S 12239408 293 101417 1
S 12255407 293 101417 1
S 12271406 293 101423 1
S 12287405 294 101425 1
S 12303404 294 101422 1
S 12319403 293 101420 1
S 12335402 293 101419 1
S 12351401 294 101425 1
S 12367400 293 101422 1
S 12383399 293 101414 1
S 12399398 294 101422 1
S 12415397 294 101417 1
S 12431396 293 101425 1
S 12447395 293 101423 1
S 12463394 293 101417 1
S 12479393 293 101413 1
S 12495392 293 101423 1
S 12511391 293 101428 1
S 12527390 294 101435 1
S 12543389 293 101426 1
S 12559388 293 101416 1
S 12575387 293 101410 1
S 12591386 293 101414 1
S 12607385 294 101413 1
S 12623384 293 101422 1
S 12639383 293 101419 1
S 12655382 294 101425 1
S 12671381 293 101413 1
S 12687380 294 101417 1
S 12703379 293 101423 1
S 12719378 294 101432 1
S 12735377 293 101417 1
S 12751376 293 101417 1
S 12767375 293 101420 1
S 12783374 293 101423 1
S 12799373 293 101420 1
S 12815372 293 101419 1
S 12831371 293 101414 1
S 12847370 294 101419 1
S 12863369 294 101425 1
S 12879368 293 101420 1
S 12895367 293 101426 1
S 12911366 293 101428 1
S 12927365 294 101423 1
S 12943364 294 101429 1
S 12959363 294 101429 1
S 12975362 294 101428 1
S 12991361 294 101425 1
S 13007360 294 101431 1
S 13023359 293 101426 1
S 13039358 293 101420 1
S 13055357 293 101417 1
S 13071356 293 101416 1
S 13087355 293 101422 1
S 13103354 294 101420 1
S 13119353 294 101426 1
S 13135352 294 101426 1
S 13151351 294 101422 1
S 13167350 293 101414 1
S 13183349 293 101419 1
S 13199348 294 101426 1
S 13215347 293 101417 1
S 13231346 293 101414 1
S 13247345 294 101422 1
S 13263344 293 101419 1
S 13279343 293 101422 1
S 13295342 294 101416 1
S 13311341 293 101423 1
S 13327340 294 101414 1
S 13343339 294 101419 1
S 13359338 293 101422 1
S 13375337 293 101411 1
S 13391336 293 101408 1
S 13407335 293 101408 1
S 13423334 293 101416 1
S 13439333 293 101419 1
S 13455332 293 101414 1
S 13471331 293 101417 1
S 13487330 293 101416 1
S 13503329 293 101423 1
S 13519328 293 101416 1
S 13535327 293 101414 1
S 13551326 294 101423 1
S 13567325 293 101413 1
S 13583324 293 101423 1
S 13599323 294 101411 1
S 13615322 293 101413 1
S 13631321 293 101407 1
S 13647320 293 101419 1
S 13663319 293 101405 1
S 13679318 293 101422 1
S 13695317 293 101423 1
S 13711316 293 101410 1
S 13727315 293 101411 1
S 13743314 293 101422 1
S 13759313 293 101420 1
S 13775312 293 101410 1
S 13791311 293 101413 1
S 13807310 294 101420 1
S 13823309 293 101410 1
S 13839308 294 101416 1
S 13855307 294 101419 1
S 13871306 293 101422 1
S 13887305 293 101422 1
S 13903304 293 101425 1
S 13919303 294 101420 1
S 13935302 293 101431 1
S 13951301 293 101419 1
S 13967300 294 101431 1
S 13983299 294 101422 1
S 13999298 294 101417 1
S 14015297 293 101417 1
S 14031296 293 101422 1
S 14047295 293 101420 1
S 14063294 293 101426 1
S 14079293 294 101428 1
S 14095292 293 101417 1
S 14111291 293 101413 1
S 14127290 293 101420 1
S 14143289 293 101414 1
S 14159288 293 101416 1
S 14175287 294 101422 1
S 14191286 293 101416 1
S 14207285 293 101417 1
S 14223284 293 101414 1
S 14239283 293 101416 1
S 14255282 294 101417 1
S 14271281 293 101413 1
S 14287280 293 101413 1
S 14303279 293 101422 1
S 14319278 293 101413 1
S 14335277 293 101419 1
S 14351276 293 101411 1
S 14367275 293 101417 1
S 14383274 293 101423 1
S 14399273 293 101419 1
S 14415272 293 101419 1
S 14431271 294 101429 1
S 14447270 293 101414 1
S 14463269 293 101422 1
S 14479268 294 101420 1
S 14495267 293 101422 1
S 14511266 293 101416 1
S 14527265 293 101419 1
S 14543264 293 101416 1
S 14559263 293 101419 1
S 14575262 293 101416 1
S 14591261 293 101417 1
S 14607260 294 101416 1
S 14695254 294 101413 2
S 14717253 293 101417 2
S 14739252 293 101417 2
S 14761250 294 101425 2
S 14783249 294 101423 2
S 14805248 294 101418 2
S 14827246 294 101420 2
S 14849245 294 101418 2
S 14871243 294 101419 2
S 14893242 293 101414 2
S 14915241 294 101419 2
S 14937239 294 101422 2
S 14959238 294 101420 2
S 14981237 294 101413 2
S 15003235 293 101414 2
S 15025234 294 101418 2
S 15047232 294 101423 2
S 15069231 294 101417 2
S 15091230 294 101423 2
S 15113228 294 101423 2
S 15135227 294 101417 2
S 15157226 294 101420 2
S 15179224 294 101418 2
S 15201223 294 101421 2
S 15223221 294 101422 2
S 15245220 294 101423 2
S 15267219 294 101414 2
S 15289217 294 101422 2
S 15311216 294 101415 2
S 15333215 294 101411 2
S 15355213 294 101419 2
S 15377212 294 101418 2
S 15399210 294 101416 2
S 15421209 294 101411 2
S 15443208 294 101419 2
S 15465206 294 101420 2
S 15487205 294 101420 2
S 15509204 294 101417 2
S 15531202 294 101423 2
S 15553201 294 101413 2
S 15575199 294 101417 2
S 15597198 294 101416 2
S 15619197 294 101418 2
S 15641195 294 101420 2
S 15663194 293 101417 2
S 15685193 294 101417 2
S 15707191 294 101419 2
S 15729190 294 101415 2
S 15751188 294 101417 2
S 15773187 294 101420 2
S 15795186 294 101423 2
S 15817184 294 101422 2
S 15839183 294 101423 2
S 15861182 294 101422 2
S 15883180 294 101429 2
S 15905179 294 101425 2
S 15927177 294 101424 2
S 15949176 294 101418 2
S 15971175 294 101420 2
S 15993173 294 101418 2
S 16015172 294 101423 2
S 16037171 294 101414 2
S 16059169 294 101420 2
S 16081168 294 101418 2
S 16103166 294 101419 2
S 16125165 294 101419 2
S 16147164 294 101420 2
S 16169162 294 101415 2
S 16191161 294 101418 2
S 16213160 294 101415 2
S 16235158 294 101415 2
S 16257157 294 101413 2
S 16279155 294 101416 2
S 16301154 293 101412 2
S 16323153 294 101417 2
S 16345151 294 101417 2
S 16367150 294 101420 2
S 16389149 294 101417 2
S 16411147 294 101416 2
S 16433146 294 101414 2
S 16455144 294 101422 2
S 16477143 294 101414 2
S 16499142 294 101420 2
S 16521140 294 101417 2
S 16543139 294 101423 2
S 16565138 294 101421 2
S 16587136 294 101414 2
S 16609135 294 101415 2
S 16631133 294 101417 2
S 16653132 294 101417 2
S 16675131 294 101420 2
S 16697129 294 101416 2
S 16719128 294 101423 2
S 16741127 294 101418 2
S 16763125 294 101426 2
S 16785124 294 101423 2
S 16807122 294 101419 2
S 16829121 294 101416 2
S 16851120 294 101418 2
S 16873118 294 101417 2
S 16895117 294 101432 2
S 16917116 294 101421 2
S 16939114 294 101424 2
S 16961113 294 101411 2
S 16983111 294 101415 2
S 17005110 294 101417 2
S 17027109 294 101428 2
S 17049107 294 101423 2
S 17071106 294 101420 2
S 17093105 294 101423 2
S 17115103 294 101426 2
S 17137102 294 101425 2
S 17159100 294 101420 2
S 17181099 294 101411 2
S 17203098 294 101426 2
S 17225096 294 101421 2
S 17247095 294 101426 2
S 17269094 294 101421 2
S 17291092 294 101422 2
S 17313091 294 101416 2
S 17335089 294 101420 2
S 17357088 294 101420 2
S 17379087 294 101417 2
S 17401085 294 101417 2
S 17423084 294 101416 2
S 17445083 294 101415 2
S 17467081 294 101421 2
S 17489080 294 101414 2
S 17511078 294 101423 2
S 17533077 293 101412 2
S 17555076 294 101416 2
S 17577074 294 101429 2
S 17599073 294 101429 2
S 17621072 294 101414 2
S 17643070 294 101414 2
S 17665069 294 101410 2
S 17687067 294 101429 2
S 17709066 294 101423 2
S 17731065 294 101413 2
S 17753063 294 101416 2
S 17775062 294 101418 2
S 17797061 294 101418 2
S 17819059 294 101414 2
S 17841058 294 101412 2
S 17863056 294 101417 2
S 17885055 294 101420 2
S 17907054 294 101420 2
S 17929052 294 101415 2
S 17951051 294 101415 2
S 17973050 294 101419 2
S 17995048 294 101421 2
S 18017047 294 101410 2
S 18039045 294 101416 2
S 18061044 294 101414 2
S 18083043 294 101420 2
S 18105041 294 101415 2
S 18127040 294 101414 2
S 18149039 294 101412 2
S 18171037 294 101411 2
S 18193036 294 101414 2
S 18215034 294 101419 2
S 18237033 294 101417 2
S 18259032 294 101426 2
S 18281030 294 101428 2
S 18303029 294 101423 2
S 18325028 294 101424 2
S 18347026 294 101421 2
S 18369025 294 101422 2
S 18391023 294 101425 2
S 18413022 294 101420 2
S 18435021 294 101420 2
S 18457019 294 101425 2
S 18479018 294 101422 2
S 18501017 294 101419 2
S 18523015 294 101414 2
S 18545014 294 101420 2
S 18567012 294 101408 2
S 18589011 294 101413 2
S 18611010 294 101420 2
S 18633008 294 101424 2
S 18655007 294 101423 2
S 18677006 294 101411 2
S 18699004 294 101415 2
S 18721003 294 101415 2
S 18743001 294 101414 2
S 18765000 294 101426 2
S 18786999 294 101410 2
S 18808997 294 101414 2
S 18830996 294 101418 2
S 18852995 294 101420 2
S 18874993 294 101415 2
S 18896992 294 101414 2
S 18918990 294 101421 2
S 18940989 294 101412 2
S 18962988 294 101417 2
S 18984986 294 101423 2
S 19006985 294 101420 2
S 19028984 294 101413 2
S 19050982 294 101418 2
S 19072981 294 101419 2
S 19094979 294 101418 2
S 19116978 294 101427 2
S 19138977 294 101418 2
S 19160975 294 101424 2
S 19182974 294 101427 2
S 19204973 294 101419 2
S 19226971 294 101414 2
S 19248970 294 101411 2
S 19270968 294 101418 2
S 19292967 294 101411 2
S 19314966 294 101420 2
S 19336964 294 101420 2
S 19358963 294 101422 2
S 19380962 294 101426 2
S 19402960 294 101426 2
S 19424959 294 101419 2
S 19446957 294 101421 2
S 19468956 294 101426 2
S 19490955 294 101423 2
S 19512953 294 101432 2
S 19534952 294 101414 2
S 19556951 294 101414 2
S 19578949 294 101420 2
S 19600948 294 101415 2
S 19622946 294 101410 2
S 19644945 294 101424 2
S 19666944 294 101423 2
S 19688942 294 101432 2
S 19710941 294 101420 2
S 19732940 294 101423 2
S 19754938 294 101419 2
S 19776937 294 101414 2
S 19798935 294 101414 2
S 19820934 294 101423 2
S 19842933 294 101425 2
S 19864931 294 101412 2
S 19886930 294 101417 2
S 19908929 294 101426 2
S 19930927 294 101423 2
S 19952926 294 101414 2
S 19974924 294 101421 2
S 19996923 294 101418 2
S 20018922 294 101416 2
S 20040920 294 101420 2
S 20062919 294 101415 2
S 20084918 294 101419 2
S 20106916 294 101416 2
S 20128915 294 101426 2
S 20150913 294 101424 2
S 20172912 294 101414 2
S 20194911 294 101413 2
S 20216909 294 101408 2
S 20238908 294 101420 2
S 20260907 294 101417 2
S 20282905 294 101421 2
S 20304904 294 101423 2
S 20326902 294 101423 2
S 20348901 294 101421 2
S 20370900 294 101429 2
S 20392898 294 101427 2
S 20414897 294 101415 2
S 20436896 294 101424 2
S 20458894 294 101426 2
S 20480893 294 101417 2
S 20502891 294 101417 2
S 20524890 294 101413 2
S 20546889 294 101424 2
S 20568887 294 101415 2
S 20590886 294 101416 2
S 20612885 294 101419 2
S 20634883 294 101415 2
S 20656882 294 101420 2
S 20678880 294 101417 2
S 20700879 294 101411 2
S 20722878 294 101417 2
S 20744876 294 101417 2
S 20766875 294 101420 2
S 20788874 294 101426 2
S 20810872 294 101423 2
S 20832871 294 101429 2
S 20854869 294 101420 2
S 20876868 294 101420 2
S 20898867 294 101423 2
S 20920865 294 101415 2
S 20942864 294 101418 2
S 20964863 294 101414 2
S 20986861 294 101417 2
S 21008860 294 101426 2
S 21030858 294 101423 2
S 21052857 294 101419 2
S 21074856 294 101418 2
S 21096854 294 101418 2
S 21118853 294 101426 2
S 21140852 294 101419 2
S 21162850 294 101421 2
S 21184849 294 101419 2
S 21206847 294 101426 2
S 21228846 294 101423 2
S 21250845 294 101408 2
S 21272843 294 101406 2
S 21294842 294 101419 2
S 21316841 294 101420 2
S 21338839 294 101417 2
S 21360838 294 101415 2
S 21382836 294 101414 2
S 21404835 294 101412 2
S 21426834 294 101427 2
S 21448832 294 101416 2
S 21470831 294 101414 2
S 21492830 294 101421 2
S 21514828 294 101424 2
S 21536827 294 101427 2
S 21558825 294 101428 2
S 21580824 294 101414 2
S 21602823 294 101413 2
S 21624821 294 101425 2
S 21646820 294 101412 2
S 21668819 294 101426 2
S 21690817 294 101426 2
S 21712816 294 101426 2
S 21734814 294 101421 2
S 21756813 294 101420 2
S 21778812 294 101418 2
S 21800810 294 101417 2
S 21822809 294 101424 2
S 21844808 294 101421 2
S 21866806 294 101423 2
S 21888805 294 101423 2
S 21910803 294 101422 2
S 21932802 294 101425 2
S 21954801 294 101428 2
S 21976799 294 101428 2
S 21998798 294 101418 2
S 22020797 294 101414 2
S 22042795 294 101419 2
S 22064794 294 101423 2
S 22086792 294 101411 2
S 22108791 294 101417 2
S 22130790 294 101426 2
S 22152788 294 101426 2
S 22174787 294 101415 2
S 22196786 294 101415 2
S 22218784 294 101421 2
S 22240783 294 101427 2
S 22262781 294 101423 2
S 22284780 294 101418 2
S 22306779 294 101420 2
S 22328777 294 101420 2
S 22350776 294 101416 2
S 22372775 294 101415 2
S 22394773 294 101418 2
S 22416772 294 101432 2
S 22438770 294 101419 2
S 22460769 294 101426 2
S 22482768 294 101419 2
S 22504766 294 101425 2
S 22526765 294 101422 2
S 22548764 294 101419 2
S 22570762 294 101423 2
S 22592761 294 101422 2
S 22614759 294 101420 2
S 22636758 294 101422 2
S 22658757 294 101423 2
S 22680755 294 101426 2
S 22702754 294 101418 2
S 22724753 294 101415 2
S 22746751 294 101423 2
S 22768750 294 101420 2
S 22790748 294 101419 2
S 22812747 294 101414 2
S 22834746 294 101417 2
S 22856744 294 101417 2
S 22878743 294 101420 2
S 22900742 294 101422 2
S 22922740 294 101416 2
S 22944739 294 101416 2
S 22966737 294 101416 2
S 22988736 294 101411 2
S 23010735 294 101421 2
S 23032733 294 101423 2
S 23054732 294 101419 2
S 23076731 294 101414 2
S 23098729 294 101420 2
S 23120728 294 101415 2
S 23142726 294 101417 2
S 23164725 294 101413 2
S 23186724 294 101415 2
S 23208722 294 101426 2
S 23230721 294 101415 2
S 23252720 294 101413 2
S 23274718 294 101417 2
S 23296717 294 101410 2
S 23318715 294 101414 2
S 23340714 294 101428 2
S 23362713 294 101423 2
S 23384711 294 101421 2
S 23406710 294 101418 2
S 23428709 294 101415 2
S 23450707 294 101412 2
S 23472706 294 101420 2
S 23494704 294 101417 2
S 23516703 294 101425 2
S 23538702 294 101422 2
S 23560700 294 101414 2
S 23582699 294 101420 2
S 23604698 294 101420 2
S 23626696 294 101421 2
S 23648695 294 101420 2
S 23670693 294 101423 2
S 23692692 294 101417 2
S 23714691 294 101421 2
S 23736689 294 101410 2
S 23758688 294 101410 2
S 23780687 294 101414 2
S 23802685 294 101408 2
S 23824684 294 101414 2
S 23846682 294 101416 2
S 23868681 294 101417 2
S 23890680 294 101414 2
S 23912678 294 101420 2
S 23934677 294 101414 2
S 23956676 294 101417 2
S 23978674 294 101410 2
S 24000673 294 101411 2
S 24022671 294 101415 2
S 24044670 294 101418 2
S 24066669 294 101414 2
S 24088667 294 101429 2
S 24110666 294 101411 2
S 24132665 294 101413 2
S 24154663 294 101412 2
S 24176662 294 101412 2
S 24198660 294 101416 2
S 24220659 294 101416 2
S 24242658 294 101411 2
S 24264656 294 101420 2
S 24286655 294 101423 2
S 24308654 294 101423 2
S 24330652 294 101431 2
S 24352651 294 101421 2
S 24374649 294 101417 2
S 24396648 294 101420 2
S 24418647 294 101423 2
S 24440645 294 101423 2
S 24462644 294 101420 2
S 24484643 294 101420 2
S 24506641 294 101423 2
S 24528640 294 101425 2
S 24550638 294 101419 2
S 24572637 294 101426 2
S 24594636 294 101419 2
S 24616634 294 101418 2
S 24638633 294 101414 2
S 24660632 294 101421 2
S 24682630 294 101417 2
S 24704629 294 101422 2
S 24726627 294 101421 2
S 24748626 294 101421 2
S 24770625 294 101417 2
S 24792623 294 101418 2
S 24814622 294 101422 2
S 24836621 294 101422 2
S 24858619 294 101414 2
S 24880618 294 101417 2
S 24902616 294 101417 2
S 24924615 294 101413 2
S 24946614 294 101418 2
S 24968612 294 101416 2
S 24990611 294 101411 2
S 25012610 294 101420 2
S 25034608 294 101411 2
S 25056607 294 101411 2
S 25078605 294 101418 2
S 25100604 294 101420 2
S 25122603 294 101411 2
S 25144601 294 101411 2
S 25166600 294 101410 2
S 25188599 294 101423 2
S 25210597 294 101424 2
S 25232596 294 101425 2
S 25254594 294 101426 2
S 25276593 294 101427 2
S 25298592 294 101423 2
S 25320590 294 101432 2
S 25342589 294 101420 2
S 25364588 294 101423 2
S 25386586 294 101423 2
S 25408585 294 101420 2
S 25430583 294 101421 2
S 25452582 294 101418 2
S 25474581 294 101417 2
S 25496579 294 101414 2
S 25518578 294 101414 2
S 25540577 294 101415 2
S 25562575 294 101429 2
S 25584574 294 101420 2
S 25606572 294 101420 2
S 25628571 294 101417 2
S 25650570 294 101418 2
S 25672568 294 101420 2
S 25808560 294 101422 3
S 25842558 294 101421 3
S 25876556 294 101422 3
S 25910553 294 101421 3
S 25944551 294 101421 3
S 25978549 294 101414 3
S 26012547 294 101414 3
S 26046545 294 101416 3
S 26080543 294 101419 3
S 26114541 294 101410 3
S 26148539 294 101417 3
S 26182536 294 101416 3
S 26216534 294 101420 3
S 26250532 294 101416 3
S 26284530 294 101418 3
S 26318528 294 101424 3
S 26352526 294 101424 3
S 26386524 294 101421 3
S 26420522 294 101421 3
S 26454519 294 101416 3
S 26488517 294 101421 3
S 26522515 294 101418 3
S 26556513 294 101419 3
S 26590511 294 101415 3
S 26624509 294 101417 3
S 26658507 294 101423 3
S 26692505 294 101420 3
S 26726502 294 101419 3
S 26760500 294 101417 3
S 26794498 294 101420 3
S 26828496 294 101418 3
S 26862494 294 101418 3
S 26896492 294 101419 3
S 26930490 294 101419 3
S 26964488 294 101418 3
S 26998485 294 101419 3
S 27032483 294 101417 3
S 27066481 294 101419 3
S 27100479 294 101421 3
S 27134477 294 101423 3
S 27168475 294 101416 3
S 27202473 294 101416 3
S 27236471 294 101414 3
S 27270468 294 101416 3
S 27304466 294 101414 3
S 27338464 294 101415 3
S 27372462 294 101416 3
S 27406460 294 101412 3
S 27440458 294 101414 3
S 27474456 294 101416 3
S 27508454 294 101415 3
S 27542451 294 101414 3
S 27576449 294 101419 3
S 27610447 294 101416 3
S 27644445 294 101422 3
S 27678443 294 101420 3
S 27712441 294 101415 3
S 27746439 294 101422 3
S 27780437 294 101416 3
S 27814434 294 101416 3
S 27848432 294 101416 3
S 27882430 294 101413 3
S 27916428 294 101416 3
S 27950426 294 101420 3
S 27984424 294 101426 3
S 28018422 294 101420 3
S 28052420 294 101416 3
S 28086417 294 101417 3
S 28120415 294 101416 3
S 28154413 294 101416 3
S 28188411 294 101412 3
S 28222409 294 101415 3
S 28256407 294 101417 3
S 28290405 294 101417 3
S 28324403 294 101417 3
S 28358400 294 101418 3
S 28392398 294 101422 3
S 28426396 294 101415 3
S 28460394 294 101415 3
S 28494392 294 101415 3
S 28528390 294 101414 3
S 28562388 294 101417 3
S 28596386 294 101418 3
S 28630383 294 101417 3
S 28664381 294 101419 3
S 28698379 294 101416 3
S 28732377 294 101416 3
S 28766375 294 101419 3
S 28800373 294 101424 3
S 28834371 294 101421 3
S 28868369 294 101417 3
S 28902366 294 101416 3
S 28936364 294 101418 3
S 28970362 294 101418 3
S 29004360 294 101413 3
S 29038358 294 101419 3
S 29072356 294 101417 3
S 29106354 294 101421 3
S 29140352 294 101421 3
S 29174349 294 101420 3
S 29208347 294 101424 3
S 29242345 294 101416 3
S 29276343 294 101424 3
S 29310341 294 101419 3
S 29344339 294 101423 3
S 29378337 294 101418 3
S 29412335 294 101419 3
S 29446332 294 101415 3
S 29480330 294 101417 3
S 29514328 294 101423 3
S 29548326 294 101416 3
S 29582324 294 101416 3
S 29616322 294 101420 3
S 29650320 294 101418 3
S 29684318 294 101423 3
S 29718315 294 101416 3
S 29752313 294 101419 3
S 29786311 294 101420 3
S 29820309 294 101420 3
S 29854307 294 101423 3
S 29888305 294 101422 3
S 29922303 294 101423 3
S 29956301 294 101416 3
S 29990298 294 101417 3
S 30024296 294 101418 3
S 30058294 294 101417 3
S 30092292 294 101421 3
S 30126290 294 101418 3
S 30160288 294 101426 3
S 30194286 294 101423 3
S 30228284 294 101420 3
S 30262281 294 101410 3
S 30296279 294 101420 3
S 30330277 294 101423 3
S 30364275 294 101412 3
S 30398273 294 101424 3
S 30432271 294 101421 3
S 30466269 294 101417 3
S 30500267 294 101427 3
S 30534264 294 101429 3
S 30568262 294 101425 3
S 30602260 294 101427 3
S 30636258 294 101426 3
S 30670256 294 101426 3
S 30704254 294 101420 3
S 30738252 294 101419 3
S 30772250 294 101424 3
S 30806247 294 101421 3
S 30840245 294 101412 3
S 30874243 294 101417 3
S 30908241 294 101421 3
S 30942239 294 101417 3
S 30976237 294 101420 3
S 31010235 294 101422 3
S 31044233 294 101417 3
S 31078230 294 101412 3
S 31112228 294 101414 3
S 31146226 294 101417 3
S 31180224 294 101423 3
S 31214222 294 101420 3
S 31248220 294 101420 3
S 31282218 294 101420 3
S 31316216 294 101420 3
S 31350213 294 101421 3
S 31384211 294 101422 3
S 31418209 294 101423 3
S 31452207 294 101420 3
S 31486205 294 101414 3
S 31520203 294 101418 3
S 31554201 294 101421 3
S 31588199 294 101418 3
S 31622196 294 101425 3
S 31656194 294 101415 3
S 31690192 294 101423 3
S 31724190 294 101423 3
S 31758188 294 101419 3
S 31792186 294 101420 3
S 31826184 294 101421 3
S 31860182 294 101416 3
S 31894179 294 101417 3
S 31928177 294 101419 3
S 31962175 294 101417 3
S 31996173 294 101417 3
S 32030171 294 101419 3
S 32064169 294 101416 3
S 32098167 294 101419 3
S 32132165 294 101420 3
S 32166162 294 101423 3
S 32200160 294 101421 3
S 32234158 294 101420 3
S 32268156 294 101424 3
S 32302154 294 101421 3
S 32336152 294 101419 3
S 32370150 294 101416 3
S 32404148 294 101416 3
S 32438145 294 101417 3
S 32472143 294 101416 3
S 32506141 294 101418 3
S 32540139 294 101421 3
S 32574137 294 101418 3
S 32608135 294 101420 3
S 32642133 294 101417 3
S 32676131 294 101415 3
S 32710128 294 101417 3
S 32744126 294 101414 3
S 32778124 294 101415 3
S 32812122 294 101419 3
S 32846120 294 101426 3
S 32880118 294 101426 3
S 32914116 294 101416 3
S 32948114 294 101422 3
S 32982111 294 101417 3
S 33016109 294 101417 3
S 33050107 294 101414 3
S 33084105 294 101411 3
S 33118103 294 101416 3
S 33152101 294 101420 3
S 33186099 294 101425 3
S 33220097 294 101415 3
S 33254094 294 101416 3
S 33288092 294 101425 3
S 33322090 294 101418 3
S 33356088 294 101421 3
S 33390086 294 101417 3
S 33424084 294 101418 3
S 33458082 294 101419 3
S 33492080 294 101415 3
S 33526077 294 101420 3
S 33560075 294 101423 3
S 33594073 294 101416 3
S 33628071 294 101423 3
S 33662069 294 101417 3
S 33696067 294 101418 3
S 33730065 294 101421 3
S 33764063 294 101417 3
S 33798060 294 101420 3
S 33832058 294 101423 3
S 33866056 294 101424 3
S 33900054 294 101413 3
S 33934052 294 101413 3
S 33968050 294 101415 3
S 34002048 294 101421 3
S 34036046 294 101421 3
S 34070043 294 101417 3
S 34104041 294 101419 3
S 34138039 294 101422 3
S 34172037 294 101425 3
S 34206035 294 101421 3
S 34240033 294 101423 3
S 34274031 294 101420 3
S 34308029 294 101416 3
S 34342026 294 101421 3
S 34376024 294 101416 3
S 34410022 294 101424 3
S 34444020 294 101420 3
S 34478018 294 101416 3
S 34512016 294 101419 3
S 34546014 294 101420 3
S 34580012 294 101408 3
S 34614009 294 101421 3
S 34648007 294 101420 3
S 34682005 294 101419 3
S 34716003 294 101422 3
S 34750001 294 101421 3
S 34783999 294 101416 3
S 34817997 294 101411 3
S 34851995 294 101417 3
S 34885992 294 101421 3
S 34919990 294 101419 3
S 34953988 294 101417 3
S 34987986 294 101420 3
S 35021984 294 101414 3
S 35055982 294 101415 3
S 35089980 294 101418 3
S 35123978 294 101424 3
S 35157975 294 101420 3
S 35191973 294 101423 3
S 35225971 294 101419 3
S 35259969 294 101424 3
S 35293967 294 101420 3
S 35327965 294 101422 3
S 35361963 294 101413 3
S 35395961 294 101413 3
S 35429958 294 101422 3
S 35463956 294 101423 3
S 35497954 294 101419 3
S 35531952 294 101420 3
S 35565950 294 101420 3
S 35599948 294 101419 3
S 35633946 294 101419 3
S 35667944 294 101416 3
S 35701941 294 101414 3
S 35735939 294 101419 3
S 35769937 294 101421 3
S 35803935 294 101418 3
S 35837933 294 101419 3
S 35871931 294 101420 3
S 35905929 294 101422 3
S 35939927 294 101422 3
S 35973924 294 101420 3
S 36007922 294 101420 3
S 36041920 294 101416 3
S 36075918 294 101422 3
S 36109916 294 101421 3
S 36143914 294 101422 3
S 36177912 294 101413 3
S 36211910 294 101417 3
S 36245907 294 101416 3
S 36279905 294 101420 3
S 36313903 294 101422 3
S 36347901 294 101420 3
S 36381899 294 101413 3
S 36415897 294 101420 3
S 36449895 294 101421 3
S 36483893 294 101418 3
S 36517890 294 101414 3
S 36551888 294 101419 3
S 36585886 294 101422 3
S 36619884 294 101422 3
S 36653882 294 101422 3
S 36687880 294 101416 3
S 36721878 294 101422 3
S 36755876 294 101423 3
S 36789873 294 101415 3
S 36823871 294 101418 3
S 36857869 294 101418 3
S 36891867 294 101416 3
S 36925865 294 101416 3
S 36959863 294 101422 3
S 36993861 294 101420 3
S 37027859 294 101415 3
S 37061856 294 101413 3
S 37095854 294 101420 3
S 37129852 294 101419 3
S 37163850 294 101414 3
S 37197848 294 101422 3
S 37231846 294 101413 3
S 37265844 294 101417 3
S 37299842 294 101416 3
S 37333839 294 101421 3
S 37367837 294 101416 3
S 37401835 294 101413 3
S 37435833 294 101423 3
S 37469831 294 101415 3
S 37503829 294 101417 3
S 37537827 294 101417 3
S 37571825 294 101415 3
S 37605822 294 101423 3
S 37639820 294 101423 3
S 37673818 294 101423 3
S 37707816 294 101420 3
S 37741814 294 101422 3
S 37775812 294 101426 3
S 37809810 294 101423 3
S 37843808 294 101417 3
S 37877805 294 101414 3
S 37911803 294 101423 3
S 37945801 294 101416 3
S 37979799 294 101417 3
S 38013797 294 101420 3
S 38047795 294 101425 3
S 38081793 294 101425 3
S 38115791 294 101421 3
S 38149788 294 101419 3
S 38183786 294 101423 3
S 38217784 294 101416 3
S 38251782 294 101416 3
S 38285780 294 101415 3
S 38319778 294 101422 3
S 38353776 294 101421 3
S 38387774 294 101414 3
S 38421771 294 101414 3
S 38455769 294 101409 3
S 38489767 294 101411 3
S 38523765 294 101418 3
S 38557763 294 101416 3
S 38591761 294 101415 3
S 38625759 294 101413 3
S 38659757 294 101414 3
S 38693754 294 101425 3
S 38727752 294 101424 3
S 38761750 294 101414 3
S 38795748 294 101420 3
S 38829746 294 101425 3
S 38863744 294 101414 3
S 38897742 294 101412 3
S 38931740 294 101417 3
S 38965737 294 101417 3
S 38999735 294 101423 3
S 39033733 294 101417 3
S 39067731 294 101414 3
S 39101729 294 101424 3
S 39135727 294 101426 3
S 39169725 294 101426 3
S 39203723 294 101423 3
S 39237720 294 101423 3
S 39271718 294 101423 3
S 39305716 294 101424 3
S 39339714 294 101423 3
S 39373712 294 101418 3
S 39407710 294 101413 3
S 39441708 294 101420 3
S 39475706 294 101417 3
S 39509703 294 101414 3
S 39543701 294 101420 3
S 39577699 294 101419 3
S 39611697 294 101414 3
S 39645695 294 101423 3
S 39679693 294 101418 3
S 39713691 294 101420 3
S 39747689 294 101419 3
S 39781686 294 101411 3
S 39815684 294 101416 3
S 39849682 294 101416 3
S 39883680 294 101422 3
S 39917678 294 101423 3
S 39951676 294 101423 3
S 39985674 294 101415 3
S 40019672 294 101412 3
S 40053669 294 101413 3
S 40087667 294 101418 3
S 40121665 294 101415 3
S 40155663 294 101423 3
S 40189661 294 101418 3
S 40223659 294 101415 3
S 40257657 294 101419 3
S 40291655 294 101422 3
S 40325652 294 101415 3
S 40359650 294 101421 3
S 40393648 294 101414 3
S 40427646 294 101420 3
S 40461644 294 101422 3
S 40495642 294 101423 3
S 40529640 294 101425 3
S 40563638 294 101423 3
S 40597635 294 101421 3
S 40631633 294 101421 3
S 40665631 294 101418 3
S 40699629 294 101419 3
S 40733627 294 101419 3
S 40767625 294 101412 3
S 40801623 294 101419 3
S 40835621 294 101419 3
S 40869618 294 101414 3
S 40903616 294 101421 3
S 40937614 294 101413 3
S 40971612 294 101428 3
S 41005610 294 101420 3
S 41039608 294 101413 3
S 41073606 294 101412 3
S 41107604 294 101410 3
S 41141601 294 101407 3
S 41175599 294 101421 3
S 41209597 294 101410 3
S 41243595 294 101418 3
S 41277593 294 101422 3
S 41311591 294 101419 3
S 41345589 294 101423 3
S 41379587 294 101421 3
S 41413584 294 101414 3
S 41447582 294 101413 3
S 41481580 294 101422 3
S 41515578 294 101420 3
S 41549576 294 101416 3
S 41583574 294 101426 3
S 41617572 294 101423 3
S 41651570 294 101425 3
S 41685567 294 101429 3
S 41719565 294 101422 3
S 41753563 294 101428 3
S 41787561 294 101422 3
S 41821559 294 101428 3
S 41855557 294 101425 3
S 41889555 294 101423 3
S 41923553 294 101426 3
S 41957550 294 101416 3
S 41991548 294 101420 3
S 42025546 294 101419 3
S 42059544 294 101427 3
S 42093542 294 101415 3
S 42127540 294 101418 3
S 42161538 294 101424 3
S 42195536 294 101422 3
S 42229533 294 101414 3
S 42263531 294 101418 3
S 42297529 294 101425 3
S 42331527 294 101425 3
S 42365525 294 101419 3
S 42399523 294 101416 3
S 42433521 294 101415 3
S 42467519 294 101427 3
S 42501516 294 101420 3
S 42535514 294 101421 3
S 42569512 294 101425 3
S 42603510 294 101414 3
S 42637508 294 101412 3
S 42671506 294 101421 3
S 42705504 294 101423 3
S 42739502 294 101420 3
S 42773499 294 101419 3
S 42795498 294 101421 2
S 42817497 294 101414 2
S 42839495 294 101420 2
S 42861494 294 101423 2
S 42883493 294 101428 2
S 42905491 294 101421 2
S 42927490 294 101424 2
S 42949488 294 101419 2
S 42971487 294 101414 2
S 42993486 294 101414 2
S 43015484 294 101420 2
S 43037483 294 101417 2
S 43059482 294 101424 2
S 43081480 294 101419 2
S 43103479 294 101417 2
S 43125477 294 101419 2
S 43147476 294 101414 2
S 43169475 294 101423 2
S 43191473 294 101422 2
S 43213472 294 101424 2
S 43235471 294 101424 2
S 43257469 294 101422 2
S 43279468 294 101419 2
S 43301466 294 101417 2
S 43323465 294 101417 2
S 43345464 294 101414 2
S 43367462 294 101423 2
S 43389461 294 101414 2
S 43411460 294 101415 2
S 43433458 294 101419 2
S 43455457 294 101419 2
S 43477455 294 101422 2
S 43499454 294 101420 2
S 43521453 294 101414 2
S 43543451 294 101423 2
S 43565450 294 101418 2
S 43587449 294 101417 2
S 43609447 294 101417 2
S 43631446 294 101423 2
S 43653444 294 101420 2
S 43675443 294 101420 2
S 43697442 294 101433 2
S 43719440 294 101432 2
S 43741439 294 101423 2
S 43763438 294 101423 2
S 43785436 294 101429 2
S 43807435 294 101427 2
S 43829433 294 101427 2
S 43851432 294 101426 2
S 43873431 294 101426 2
S 43895429 294 101423 2
S 43917428 294 101418 2
S 43939427 294 101417 2
S 43961425 294 101421 2
S 43983424 294 101427 2
S 44005422 294 101430 2
S 44027421 294 101423 2
S 44049420 294 101421 2
S 44071418 294 101419 2
S 44093417 294 101417 2
S 44115416 294 101417 2
S 44137414 294 101425 2
S 44159413 294 101420 2
S 44181411 294 101419 2
S 44203410 294 101419 2
S 44225409 294 101424 2
S 44247407 294 101417 2
S 44269406 294 101415 2
S 44291405 294 101422 2
S 44313403 294 101416 2
S 44335402 294 101420 2
S 44357400 294 101421 2
S 44379399 294 101417 2
S 44401398 294 101422 2
S 44423396 294 101417 2
S 44445395 294 101427 2
S 44467394 294 101420 2
S 44489392 294 101422 2
S 44511391 294 101423 2
S 44533389 294 101423 2
S 44555388 294 101421 2
S 44577387 294 101424 2
S 44599385 294 101423 2
S 44621384 294 101425 2
S 44643383 294 101428 2
S 44665381 294 101421 2
S 44687380 294 101419 2
S 44709378 294 101420 2
S 44731377 294 101422 2
S 44753376 294 101426 2
S 44775374 294 101421 2
S 44797373 294 101419 2
S 44819372 294 101420 2
S 44841370 294 101420 2
S 44863369 294 101424 2
S 44885367 294 101427 2
S 44907366 294 101423 2
S 44929365 294 101420 2
S 44951363 294 101420 2
S 44973362 294 101423 2
S 44995361 294 101419 2
S 45017359 294 101420 2
S 45039358 294 101424 2
S 45061356 294 101421 2
S 45083355 294 101428 2
S 45105354 294 101426 2
S 45127352 294 101417 2
S 45149351 294 101420 2
S 45171350 294 101426 2
S 45193348 294 101429 2
S 45215347 294 101421 2
S 45237345 294 101420 2
S 45259344 294 101415 2
S 45281343 294 101414 2
S 45303341 294 101411 2
S 45325340 294 101412 2
S 45347339 294 101419 2
S 45369337 294 101423 2
S 45391336 294 101417 2
S 45413334 294 101420 2
S 45435333 294 101420 2
S 45457332 294 101417 2
S 45479330 294 101421 2
S 45501329 294 101417 2
S 45523328 294 101423 2
S 45545326 294 101426 2
S 45567325 294 101423 2
S 45589323 294 101422 2
S 45611322 294 101421 2
S 45633321 294 101420 2
S 45655319 294 101420 2
S 45677318 294 101420 2
S 45699317 294 101419 2
S 45721315 294 101411 2
S 45743314 294 101421 2
S 45765312 294 101424 2
S 45787311 294 101423 2
S 45809310 294 101423 2
S 45831308 294 101423 2
S 45853307 294 101417 2
S 45875306 294 101423 2
S 45897304 294 101418 2
S 45919303 294 101416 2
S 45941301 294 101418 2
S 45963300 294 101416 2
S 45985299 294 101421 2
S 46007297 294 101418 2
S 46029296 294 101411 2
S 46051295 294 101421 2
S 46073293 294 101414 2
S 46095292 294 101420 2
S 46117290 294 101423 2
S 46139289 294 101423 2
S 46161288 294 101421 2
S 46183286 294 101420 2
S 46205285 294 101421 2
S 46227284 294 101423 2
S 46249282 294 101420 2
S 46271281 294 101418 2
S 46293279 294 101417 2
S 46315278 294 101420 2
S 46337277 294 101417 2
S 46359275 294 101411 2
S 46381274 294 101417 2
S 46403273 294 101414 2
S 46425271 294 101418 2
S 46447270 294 101419 2
S 46469268 294 101416 2
S 46491267 294 101415 2
S 46513266 294 101419 2
S 46535264 294 101419 2
S 46557263 294 101417 2
S 46579262 294 101414 2
S 46601260 294 101421 2
S 46623259 294 101420 2
S 46645257 294 101417 2
S 46667256 294 101420 2
S 46689255 294 101429 2
S 46711253 294 101413 2
S 46733252 294 101428 2
S 46755251 294 101423 2
S 46777249 294 101424 2
S 46799248 294 101420 2
S 46821246 294 101413 2
S 46843245 294 101413 2
S 46865244 294 101423 2
S 46887242 294 101419 2
S 46909241 294 101428 2
S 46931240 294 101417 2
S 46953238 294 101417 2
S 46975237 294 101417 2
S 46997235 294 101415 2
S 47019234 294 101414 2
S 47041233 294 101422 2
S 47063231 294 101413 2
S 47085230 294 101411 2
S 47107229 294 101424 2
S 47129227 294 101426 2
S 47151226 294 101419 2
S 47173224 294 101414 2
S 47195223 294 101423 2
S 47217222 294 101419 2
S 47239220 294 101424 2
S 47261219 294 101428 2
S 47283218 294 101423 2
S 47305216 294 101429 2
S 47327215 294 101425 2
S 47349213 294 101420 2
S 47371212 294 101428 2
S 47393211 294 101417 2
S 47415209 294 101420 2
S 47437208 294 101425 2
S 47459207 294 101425 2
S 47481205 294 101417 2
S 47503204 294 101420 2
S 47525202 294 101417 2
S 47547201 294 101420 2
S 47569200 294 101417 2
S 47591198 294 101412 2
S 47613197 294 101417 2
S 47635196 294 101415 2
S 47657194 294 101422 2
S 47679193 294 101416 2
S 47701191 294 101417 2
S 47723190 294 101416 2
S 47745189 294 101411 2
S 47767187 294 101418 2
S 47789186 294 101417 2
S 47811185 294 101417 2
S 47833183 294 101414 2
S 47855182 294 101414 2
S 47877180 294 101419 2
S 47899179 294 101419 2
S 47921178 294 101420 2
S 47943176 294 101420 2
S 47965175 294 101408 2
S 47987174 294 101411 2
S 48009172 294 101419 2
S 48031171 294 101414 2
S 48053169 294 101416 2
S 48075168 294 101409 2
S 48097167 294 101414 2
S 48119165 294 101415 2
S 48141164 294 101417 2
S 48163163 294 101416 2
S 48185161 294 101422 2
S 48207160 294 101422 2
S 48229158 294 101420 2
S 48251157 294 101411 2
S 48273156 294 101422 2
S 48295154 294 101418 2
S 48317153 294 101420 2
S 48339152 294 101433 2
S 48361150 294 101424 2
S 48383149 294 101427 2
S 48405147 294 101421 2
S 48427146 294 101418 2
S 48449145 294 101414 2
S 48471143 294 101424 2
S 48493142 294 101418 2
S 48515141 294 101416 2
S 48537139 294 101414 2
S 48559138 294 101420 2
S 48581136 294 101419 2
S 48603135 294 101423 2
S 48625134 294 101420 2
S 48647132 294 101414 2
S 48669131 294 101422 2
S 48691130 294 101422 2
S 48713128 294 101420 2
S 48735127 294 101416 2
S 48757125 294 101417 2
S 48779124 294 101413 2
S 48801123 294 101421 2
S 48823121 294 101427 2
S 48845120 294 101434 2
S 48867119 294 101428 2
S 48889117 294 101433 2
S 48911116 294 101428 2
S 48933114 294 101436 2
S 48955113 294 101422 2
S 48977112 294 101420 2
S 48999110 294 101429 2
S 49021109 294 101428 2
S 49043108 294 101418 2
S 49065106 294 101424 2
S 49087105 294 101420 2
S 49109103 294 101422 2
S 49131102 294 101419 2
S 49153101 294 101420 2
S 49175099 294 101420 2
S 49197098 294 101421 2
S 49219097 294 101425 2
S 49241095 294 101415 2
S 49263094 294 101415 2
S 49285092 294 101417 2
S 49307091 294 101417 2
S 49329090 294 101415 2
S 49351088 294 101422 2
S 49373087 294 101420 2
S 49395086 294 101415 2
S 49417084 294 101417 2
S 49439083 294 101421 2
S 49461081 294 101422 2
S 49483080 294 101420 2
S 49505079 294 101426 2
S 49527077 294 101420 2
S 49549076 294 101427 2
S 49571075 294 101417 2
S 49593073 294 101422 2
S 49615072 294 101426 2
S 49637070 294 101423 2
S 49659069 294 101428 2
S 49681068 294 101419 2
S 49703066 294 101418 2
S 49725065 294 101417 2
S 49747064 294 101415 2
S 49769062 294 101423 2
S 49791061 294 101417 2
S 49813059 294 101418 2
S 49835058 294 101420 2
S 49857057 294 101420 2
S 49879055 294 101416 2
S 49901054 294 101420 2
S 49923053 294 101421 2
S 49945051 294 101422 2
S 49967050 294 101421 2
S 49989048 294 101417 2
S 50011047 294 101414 2
S 50033046 294 101417 2
S 50055044 294 101421 2
S 50077043 294 101423 2
S 50099042 294 101420 2
S 50121040 294 101423 2
S 50143039 294 101420 2
S 50165037 294 101425 2
S 50187036 294 101425 2
S 50209035 294 101421 2
S 50231033 294 101423 2
S 50253032 294 101423 2
S 50275031 294 101423 2
S 50297029 294 101425 2
S 50319028 294 101423 2
S 50341026 294 101424 2
S 50363025 294 101425 2
S 50385024 294 101425 2
S 50407022 294 101419 2
S 50429021 294 101416 2
S 50451020 294 101419 2
S 50473018 294 101425 2
S 50495017 294 101418 2
S 50517015 294 101423 2
S 50539014 294 101417 2
S 50561013 294 101425 2
S 50583011 294 101425 2
S 50605010 294 101424 2
S 50627009 294 101423 2
S 50649007 294 101422 2
S 50671006 294 101425 2
S 50693004 294 101414 2
S 50715003 294 101422 2
S 50737002 294 101414 2
S 50759000 293 101415 2
S 50780999 294 101417 2
S 50802998 294 101423 2
S 50824996 294 101422 2
S 50846995 294 101423 2
S 50868993 294 101416 2
S 50890992 294 101422 2
S 50912991 294 101428 2
S 50934989 294 101428 2
S 50956988 293 101419 2
S 50978987 294 101423 2
S 51000986 294 101423 2
S 51022984 294 101425 2
S 51044982 294 101430 2
S 51066981 294 101413 2
S 51088980 293 101410 2
S 51110978 294 101417 2
S 51132977 294 101420 2
S 51154976 294 101421 2
S 51176974 294 101417 2
S 51198973 294 101423 2
S 51220971 294 101420 2
S 51242970 293 101416 2
S 51264969 294 101423 2
S 51286967 294 101413 2
S 51308966 294 101421 2
S 51330965 294 101421 2
S 51352963 293 101418 2
S 51374962 293 101420 2
S 51396960 294 101427 2
S 51418959 293 101413 2
S 51440958 294 101422 2
S 51462956 294 101421 2
S 51484955 294 101414 2
S 51506954 293 101414 2
S 51528952 294 101418 2
S 51550951 294 101422 2
S 51572949 294 101424 2
S 51594948 294 101423 2
S 51616947 294 101420 2
S 51638945 294 101426 2
S 51660944 294 101417 2
S 51682943 294 101416 2
S 51704941 294 101423 2
S 51726940 294 101420 2
S 51748938 294 101416 2
S 51770937 294 101419 2
S 51792936 294 101421 2
S 51814934 294 101423 2
S 51836933 294 101420 2
S 51858932 294 101423 2
S 51880930 294 101425 2
S 51902929 294 101424 2
S 51924927 294 101420 2
S 51946926 294 101424 2
S 51968925 294 101425 2
S 51990923 294 101418 2
S 52012922 294 101423 2
S 52034921 293 101416 2
S 52056919 294 101416 2
S 52078918 293 101423 2
S 52100916 294 101425 2
S 52122915 294 101421 2
S 52144914 294 101424 2
S 52166912 294 101423 2
S 52188911 294 101425 2
S 52210910 293 101421 2
S 52232908 293 101412 2
S 52254907 294 101421 2
S 52276905 294 101420 2
S 52298904 294 101420 2
S 52320903 293 101413 2
S 52342901 293 101422 2
S 52364900 294 101427 2
S 52386899 294 101428 2
S 52408897 294 101422 2
S 52430896 294 101422 2
S 52452894 294 101421 2
S 52474893 294 101425 2
S 52496892 293 101415 2
S 52518890 294 101420 2
S 52540889 294 101419 2
S 52562888 294 101420 2
S 52584886 294 101420 2
S 52606885 293 101414 2
S 52628883 293 101419 2
S 52650882 293 101421 2
S 52672881 293 101414 2
S 52694879 293 101417 2
S 52716878 294 101417 2
S 52738877 294 101417 2
S 52760875 294 101419 2
S 52782874 294 101418 2
S 52804872 294 101416 2
S 52826871 293 101413 2
S 52848870 293 101411 2
S 52870868 293 101414 2
S 52892867 293 101419 2
S 52914866 294 101416 2
S 52936864 293 101415 2
S 52958863 294 101416 2
S 52980861 293 101424 2
S 53002860 294 101421 2
S 53024859 293 101422 2
S 53046857 294 101420 2
S 53068856 294 101422 2
S 53090855 294 101419 2
S 53112853 294 101421 2
S 53134852 294 101423 2
S 53156850 293 101418 2
S 53178849 294 101419 2
S 53200848 294 101423 2
S 53222846 293 101422 2
S 53244845 294 101424 2
S 53266844 293 101423 2
S 53288842 293 101412 2
S 53310841 293 101417 2
S 53332839 294 101424 2
S 53354838 294 101423 2
S 53376837 293 101417 2
S 53398835 293 101424 2
S 53420834 294 101422 2
S 53442833 294 101425 2
S 53464831 294 101424 2
S 53486830 293 101424 2
S 53508828 294 101422 2
S 53530827 293 101423 2
S 53552826 293 101421 2
S 53574824 293 101419 2
S 53596823 293 101425 2
S 53618822 294 101419 2
S 53640820 294 101423 2
S 53662819 294 101422 2
S 53684817 293 101423 2
S 53706816 293 101425 2
S 53728815 293 101424 2
S 53750813 294 101431 2
S 53772812 293 101425 2
S 53794811 293 101416 2
S 53816809 293 101421 2
S 53838808 293 101426 2
S 53860806 293 101424 2
S 53882805 293 101422 2
S 53904804 293 101415 2
S 53926802 293 101417 2
S 53948801 293 101422 2
S 53970800 293 101414 2
S 53992798 293 101416 2
S 54014797 293 101418 2
S 54036795 293 101410 2
S 54058794 293 101416 2
S 54080793 293 101417 2
S 54102791 293 101414 2
S 54124790 293 101424 2
S 54146789 294 101417 2
S 54168787 294 101425 2
S 54190786 293 101421 2
S 54212784 294 101427 2
S 54234783 293 101416 2
S 54256782 293 101421 2
S 54278780 293 101421 2
S 54300779 293 101425 2
S 54322778 293 101420 2
S 54344776 293 101417 2
S 54366775 293 101419 2
S 54388773 293 101414 2
S 54410772 293 101419 2
S 54432771 293 101408 2
S 54454769 293 101416 2
S 54476768 293 101421 2
S 54498767 293 101416 2
S 54520765 293 101418 2
S 54542764 293 101423 2
S 54564762 293 101417 2
S 54586761 293 101427 2
S 54608760 294 101425 2
S 54630758 293 101429 2
S 54652757 294 101419 2
S 54674756 293 101422 2
S 54696754 293 101427 2
S 54718753 293 101416 2
S 54740751 293 101417 2
S 54762750 293 101422 2
S 54784749 293 101413 2
S 54806747 293 101414 2
S 54828746 293 101412 2
S 54850745 293 101422 2
S 54872743 293 101425 2
S 54894742 293 101420 2
S 54916740 293 101419 2
S 54938739 293 101426 2
S 54960738 293 101414 2
S 54982736 293 101415 2
S 55004735 293 101405 2
S 55026734 293 101424 2
S 55048732 293 101414 2
S 55070731 293 101415 2
S 55092729 293 101420 2
S 55114728 294 101428 2
S 55136727 293 101423 2
S 55158725 293 101419 2
S 55180724 293 101422 2
S 55202723 294 101431 2
S 55224721 293 101423 2
S 55246720 293 101418 2
S 55268718 293 101419 2
S 55290717 293 101424 2
S 55312716 294 101423 2
S 55334714 293 101416 2
S 55356713 293 101415 2
S 55378712 293 101411 2
S 55400710 293 101414 2
S 55422709 293 101420 2
S 55444707 294 101424 2
S 55466706 293 101411 2
S 55488705 293 101419 2
S 55510703 293 101416 2
S 55532702 293 101422 2
S 55554701 294 101414 2
S 55576699 293 101422 2
S 55598698 293 101409 2
S 55620696 294 101419 2
S 55642695 294 101425 2
S 55664694 294 101424 2
S 55686692 293 101417 2
S 55708691 294 101420 2
S 55730690 293 101424 2
S 55752688 294 101425 2
S 55774687 294 101420 2
S 55796685 294 101424 2
S 55818684 294 101424 2
S 55840683 294 101425 2
S 55862681 293 101421 2
S 55884680 294 101429 2
S 55906679 293 101423 2
S 55928677 293 101420 2
S 55950676 293 101415 2
S 55972674 294 101422 2
S 55994673 294 101421 2
S 56016672 293 101418 2
S 56038670 293 101420 2
S 56060669 294 101426 2
S 56082668 294 101421 2
S 56104666 294 101425 2
S 56126665 294 101418 2
S 56148663 294 101421 2
S 56170662 294 101419 2
S 56192661 294 101423 2
S 56214659 294 101424 2
S 56236658 293 101424 2
S 56258657 294 101422 2
S 56280655 293 101417 2
S 56302654 293 101417 2
S 56324652 294 101430 2
S 56346651 294 101423 2
S 56368650 294 101422 2
S 56390648 293 101422 2
S 56412647 293 101420 2
S 56434646 294 101425 2
S 56456644 293 101425 2
S 56478643 294 101428 2
S 56500641 293 101423 2
S 56522640 293 101429 2
S 56544639 293 101419 2
S 56566637 293 101422 2
S 56588636 294 101419 2
S 56610635 293 101422 2
S 56632633 293 101418 2
S 56654632 293 101412 2
S 56676630 293 101408 2
S 56698629 293 101425 2
S 56720628 294 101421 2
S 56742626 293 101425 2
S 56764625 293 101422 2
S 56786624 294 101424 2
S 56808622 293 101419 2
S 56830621 293 101422 2
S 56852619 293 101423 2
S 56874618 293 101417 2
S 56896617 293 101419 2
S 56918615 294 101425 2
S 56940614 294 101423 2
S 56962613 293 101419 2
S 56984611 294 101423 2
S 57006610 294 101425 2
S 57028608 294 101430 2
S 57050607 294 101430 2
S 57072606 294 101426 2
S 57094604 294 101430 2
S 57116603 293 101422 2
S 57138602 294 101431 2
S 57160600 293 101420 2
S 57182599 293 101426 2
S 57204597 293 101418 2
S 57226596 293 101415 2
S 57248595 293 101417 2
S 57270593 294 101420 2
S 57292592 293 101422 2
S 57314591 294 101417 2
S 57336589 294 101431 2
S 57358588 294 101421 2
S 57380586 294 101429 2
S 57402585 294 101428 2
S 57424584 293 101414 2
S 57446582 294 101419 2
S 57468581 294 101419 2
S 57490580 294 101417 2
S 57512578 293 101417 2
S 57534577 293 101416 2
S 57556575 293 101416 2
S 57578574 294 101423 2
S 57600573 294 101423 2
S 57622571 293 101425 2
S 57644570 294 101429 2
S 57666569 293 101418 2
S 57688567 294 101427 2
S 57710566 294 101418 2
S 57732564 293 101424 2
S 57754563 294 101429 2
S 57776562 294 101431 2
S 57798560 294 101417 2
S 57820559 293 101425 2
S 57842558 293 101428 2
S 57864556 293 101414 2
S 57886555 294 101415 2
S 57908553 293 101412 2
S 57930552 293 101417 2
S 57952551 294 101415 2
S 57974549 294 101425 2
S 57996548 293 101417 2
S 58018547 294 101424 2
S 58040545 294 101420 2
S 58062544 293 101420 2
S 58084542 294 101422 2
S 58106541 293 101415 2
S 58128540 294 101426 2
S 58150538 293 101425 2
S 58172537 293 101421 2
S 58194536 294 101422 2
S 58216534 293 101419 2
S 58238533 293 101415 2
S 58260531 294 101428 2
S 58282530 293 101420 2
S 58304529 293 101419 2
S 58326527 293 101415 2
S 58348526 293 101419 2
S 58370525 293 101425 2
S 58392523 293 101421 2
S 58414522 293 101419 2
S 58436520 293 101420 2
S 58458519 294 101428 2
S 58480518 293 101414 2
S 58502516 293 101414 2
S 58524515 293 101422 2
S 58546514 294 101425 2
S 58568512 293 101425 2
S 58590511 294 101425 2
S 58612509 293 101428 2
S 58634508 293 101422 2
S 58656507 293 101422 2
S 58678505 294 101428 2
S 58700504 294 101424 2
S 58722503 294 101425 2
S 58744501 293 101418 2
S 58766500 293 101420 2
S 58788498 293 101431 2
S 58810497 293 101415 2
S 58832496 293 101414 2
S 58854494 293 101422 2
S 58876493 293 101419 2
S 58898492 293 101419 2
S 58920490 294 101421 2
S 58942489 293 101419 2
S 58964487 293 101417 2
S 58986486 294 101417 2
S 59008485 294 101423 2
S 59030483 293 101419 2
S 59052482 293 101417 2
S 59074481 293 101420 2
S 59096479 294 101427 2
S 59118478 293 101420 2
S 59140476 294 101417 2
S 59162475 293 101414 2
S 59184474 293 101417 2
S 59206472 294 101424 2
S 59228471 293 101423 2
S 59250470 293 101416 2
S 59272468 294 101419 2
S 59294467 293 101422 2
S 59316465 294 101426 2
S 59338464 293 101419 2
S 59360463 293 101422 2
S 59382461 293 101424 2
S 59404460 294 101419 2
S 59426459 294 101426 2
S 59448457 293 101414 2
S 59470456 293 101419 2
S 59492454 293 101419 2
S 59514453 294 101426 2
S 59536452 294 101417 2
S 59558450 293 101419 2
S 59580449 293 101415 2
S 59602448 293 101422 2
S 59624446 293 101419 2
S 59646445 293 101416 2
S 59668443 294 101425 2
S 59690442 294 101418 2
S 59712441 294 101423 2
S 59734439 293 101419 2
S 59756438 293 101413 2
S 59778437 293 101414 2
S 59800435 293 101415 2
S 59822434 293 101419 2
S 59844432 293 101416 2
S 59866431 293 101419 2
S 59888430 293 101420 2
S 59910428 293 101419 2
S 59932427 293 101422 2
S 59954426 293 101417 2
S 59976424 293 101423 2
S 59998423 293 101414 2
S 60020421 294 101420 2
S 60042420 294 101419 2
S 60064419 293 101419 2
S 60086417 293 101418 2
S 60108416 293 101419 2
S 60130415 293 101422 2
S 60152413 293 101417 2
S 60174412 294 101422 2
S 60196410 293 101425 2
S 60218409 293 101428 2
S 60240408 293 101422 2
S 60262406 293 101422 2
S 60284405 293 101424 2
S 60306404 293 101419 2
S 60328402 293 101420 2
S 60350401 293 101419 2
S 60372399 293 101421 2
S 60394398 293 101422 2
S 60416397 293 101421 2
S 60438395 293 101429 2
S 60460394 293 101431 2
S 60482393 293 101425 2
S 60504391 293 101422 2
S 60526390 293 101428 2
S 60548388 293 101423 2
S 60570387 293 101425 2
S 60592386 293 101419 2
S 60614384 293 101415 2
S 60636383 293 101419 2
S 60658382 293 101419 2
S 60680380 293 101414 2
S 60702379 293 101411 2
S 60724377 293 101419 2
S 60746376 293 101424 2
S 60768375 293 101418 2
S 60790373 293 101417 2
S 60812372 293 101416 2
S 60834371 293 101420 2
S 60856369 293 101416 2
S 60878368 293 101414 2
S 60900366 293 101416 2
S 60922365 293 101419 2
S 60944364 293 101422 2
S 60966362 293 101416 2
S 60988361 293 101416 2
S 61010360 293 101422 2
S 61032358 293 101422 2
S 61054357 293 101422 2
S 61076355 293 101428 2
S 61098354 293 101419 2
S 61120353 293 101429 2
S 61142351 293 101422 2
S 61164350 293 101429 2
S 61186349 293 101416 2
S 61208347 293 101421 2
S 61230346 293 101425 2
S 61252344 293 101417 2
S 61274343 293 101417 2
S 61296342 293 101422 2
S 61318340 293 101426 2
S 61340339 293 101423 2
S 61362338 294 101421 2
S 61384336 293 101419 2
S 61406335 293 101422 2
S 61428333 293 101425 2
S 61450332 293 101424 2
S 61472331 293 101423 2
S 61494329 293 101420 2
S 61516328 293 101422 2
S 61538327 293 101421 2
S 61560325 293 101416 2
S 61582324 293 101419 2
S 61604322 293 101422 2
S 61626321 293 101420 2
S 61648320 293 101425 2
S 61670318 293 101429 2
S 61692317 293 101421 2
S 61714316 293 101424 2
S 61736314 293 101425 2
S 61758313 293 101426 2
S 61780311 293 101425 2
S 61802310 293 101415 2
S 61824309 293 101419 2
S 61846307 293 101418 2
S 61868306 293 101414 2
S 61890305 293 101415 2
S 61912303 293 101422 2
S 61934302 293 101425 2
S 61956300 293 101416 2
S 61978299 293 101426 2
S 62000298 293 101421 2
S 62022296 293 101419 2
S 62044295 293 101417 2
S 62066294 293 101417 2
S 62088292 293 101418 2
S 62110291 293 101422 2
S 62132289 293 101420 2
S 62154288 293 101422 2
S 62176287 293 101422 2
S 62198285 293 101418 2
S 62220284 293 101422 2
S 62242283 293 101426 2
S 62264281 293 101424 2
S 62286280 293 101420 2
S 62308278 293 101420 2
S 62330277 293 101419 2
S 62352276 293 101423 2
S 62374274 293 101423 2
S 62396273 293 101415 2
S 62418272 293 101413 2
S 62440270 293 101418 2
S 62462269 293 101421 2
S 62484267 293 101423 2
S 62506266 293 101420 2
S 62528265 293 101422 2
S 62550263 293 101419 2
S 62572262 293 101424 2
S 62594261 293 101422 2
S 62616259 294 101422 2
S 62638258 293 101420 2
S 62660256 293 101414 2
S 62682255 293 101421 2
S 62704254 293 101419 2
S 62726252 293 101423 2
S 62748251 294 101425 2
S 62770250 293 101416 2
S 62792248 293 101413 2
S 62814247 293 101420 2
S 62836245 293 101425 2
S 62858244 293 101416 2
S 62880243 293 101422 2
S 62902241 293 101419 2
S 62924240 293 101423 2
S 62946239 293 101424 2
S 62968237 293 101422 2
S 62990236 293 101420 2
S 63012234 293 101419 2
S 63034233 293 101417 2
S 63056232 293 101421 2
S 63078230 293 101422 2
S 63100229 293 101422 2
S 63122228 293 101422 2
S 63144226 293 101415 2
S 63166225 293 101418 2
S 63188223 293 101420 2
S 63210222 293 101420 2
S 63232221 293 101412 2
S 63254219 293 101422 2
S 63276218 293 101414 2
S 63298217 293 101424 2
S 63320215 293 101420 2
S 63342214 294 101431 2
S 63364212 293 101421 2
S 63386211 293 101413 2
S 63408210 293 101414 2
S 63430208 293 101421 2
S 63452207 294 101433 2
S 63474206 293 101419 2
S 63496204 293 101417 2
S 63518203 294 101423 2
S 63540201 293 101421 2
S 63562200 293 101420 2
S 63584199 293 101425 2
S 63606197 294 101421 2
S 63628196 293 101425 2
S 63650195 293 101417 2
S 63672193 293 101426 2
S 63694192 293 101423 2
S 63716190 293 101419 2
S 63738189 293 101417 2
S 63760188 293 101424 2
S 63782186 293 101417 2
S 63804185 293 101415 2
S 63826184 294 101428 2
S 63848182 293 101416 2
S 63870181 293 101428 2
S 63892179 293 101419 2
S 63914178 293 101419 2
S 63936177 294 101426 2
S 63958175 293 101431 2
S 63980174 293 101421 2
S 64002173 293 101422 2
S 64024171 293 101425 2
S 64046170 293 101416 2
S 64068168 293 101420 2
S 64090167 293 101411 2
S 64112166 294 101418 2
S 64134164 293 101419 2
S 64156163 293 101426 2
S 64178162 293 101426 2
S 64200160 294 101422 2
S 64222159 293 101420 2
S 64244157 293 101424 2
S 64266156 293 101424 2
S 64288155 293 101422 2
S 64310153 293 101416 2
S 64332152 293 101425 2
S 64354151 293 101425 2
S 64376149 293 101425 2
S 64398148 293 101423 2
S 64420146 294 101426 2
S 64442145 293 101422 2
S 64464144 293 101425 2
S 64486142 294 101427 2
S 64508141 293 101422 2
S 64530140 293 101419 2
S 64552138 293 101420 2
S 64574137 294 101427 2
S 64596135 293 101425 2
S 64618134 293 101415 2
S 64640133 293 101419 2
S 64662131 293 101422 2
S 64684130 293 101417 2
S 64706129 293 101424 2
S 64728127 293 101423 2
S 64750126 294 101428 2
S 64772124 294 101422 2
S 64794123 293 101422 2
S 64816122 293 101428 2
S 64838120 294 101422 2
S 64860119 293 101425 2
S 64882118 293 101418 2
S 64904116 293 101414 2
S 64926115 293 101422 2
S 64948113 293 101421 2
S 64970112 293 101415 2
S 64992111 294 101418 2
S 65014109 293 101415 2
S 65036108 293 101419 2
S 65058107 293 101422 2
S 65080105 293 101414 2
S 65102104 293 101413 2
S 65124102 293 101418 2
S 65146101 294 101418 2
S 65168100 293 101427 2
S 65190098 293 101422 2
S 65212097 293 101422 2
S 65234096 293 101419 2
S 65256094 293 101421 2
S 65278093 293 101422 2
S 65300091 293 101419 2
S 65322090 293 101419 2
S 65344089 293 101420 2
S 65366087 293 101417 2
S 65388086 293 101417 2
S 65410085 294 101417 2
S 65432083 294 101425 2
S 65454082 293 101417 2
S 65476080 293 101420 2
S 65498079 293 101417 2
S 65520078 293 101416 2
S 65542076 293 101422 2
S 65564075 294 101425 2
S 65586074 293 101422 2
S 65608072 294 101420 2
S 65630071 293 101416 2
S 65652069 293 101422 2
S 65674068 293 101426 2
S 65696067 293 101428 2
S 65718065 293 101419 2
S 65740064 294 101424 2
S 65762063 293 101416 2
S 65784061 293 101415 2
S 65806060 293 101415 2
S 65828058 293 101414 2
S 65850057 293 101411 2
S 65872056 293 101416 2
S 65894054 294 101417 2
S 65916053 293 101423 2
S 65938052 294 101418 2
S 65960050 293 101419 2
S 65982049 293 101415 2
S 66004047 293 101425 2
S 66026046 293 101414 2
S 66048045 293 101413 2
S 66070043 293 101419 2
S 66092042 293 101416 2
S 66114041 293 101414 2
S 66136039 293 101414 2
S 66158038 293 101417 2
S 66180036 293 101419 2
S 66202035 293 101415 2
S 66224034 293 101416 2
S 66246032 293 101415 2
S 66268031 294 101424 2
S 66290030 293 101417 2
S 66312028 293 101419 2
S 66334027 293 101417 2
S 66356025 293 101420 2
S 66378024 294 101428 2
S 66400023 293 101419 2
S 66422021 293 101419 2
S 66444020 293 101424 2
S 66466019 293 101421 2
S 66488017 293 101416 2
S 66510016 293 101423 2
S 66532014 293 101417 2
S 66554013 293 101425 2
S 66576012 294 101422 2
S 66598010 293 101424 2
S 66620009 293 101428 2
S 66642008 294 101419 2
S 66664006 293 101416 2
S 66686005 293 101424 2
S 66708003 294 101425 2
S 66730002 293 101415 2
S 66752001 293 101417 2
S 66773999 293 101416 2
S 66795998 293 101411 2
S 66817997 294 101417 2
S 66839995 294 101425 2
S 66861994 293 101426 2
S 66883992 294 101422 2
S 66905991 293 101425 2
S 66927990 293 101423 2
S 66949988 294 101425 2
S 66971987 293 101423 2
S 66993986 293 101416 2
S 67015984 294 101419 2
S 67037983 293 101413 2
S 67059981 293 101411 2
S 67081980 293 101414 2
S 67103979 293 101411 2
S 67125977 294 101419 2
S 67147976 293 101419 2
S 67169975 293 101417 2
S 67191973 293 101412 2
S 67213972 293 101416 2
S 67235970 293 101411 2
S 67257969 293 101410 2
S 67279968 294 101418 2
S 67301966 294 101416 2
S 67323965 294 101423 2
S 67345964 293 101415 2
S 67367962 293 101416 2
S 67389961 293 101416 2
S 67411959 293 101419 2
S 67433958 294 101422 2
S 67455957 293 101418 2
S 67477955 294 101420 2
S 67499954 293 101423 2
S 67521953 293 101416 2
S 67543951 293 101416 2
S 67565950 294 101428 2
S 67587948 294 101421 2
S 67609947 293 101414 2
S 67631946 293 101411 2
S 67653944 293 101406 2
S 67675943 294 101417 2
S 67697942 294 101416 2
S 67719940 293 101414 2
S 67741939 294 101414 2
S 67763937 294 101416 2
S 67785936 293 101407 2
S 67807935 294 101410 2
S 67829933 293 101415 2
S 67851932 293 101409 2
S 67873931 293 101413 2
S 67895929 294 101423 2
S 67917928 293 101411 2
S 67939926 294 101416 2
S 67961925 293 101416 2
S 67983924 293 101412 2
S 68005922 293 101410 2
S 68027921 293 101414 2
S 68049920 293 101419 2
S 68071918 293 101414 2
S 68093917 293 101411 2
S 68115915 293 101419 2
S 68137914 294 101418 2
S 68159913 293 101408 2
S 68181911 293 101412 2
S 68203910 294 101419 2
S 68225909 293 101414 2
S 68247907 294 101421 2
S 68269906 293 101414 2
S 68291904 294 101426 2
S 68313903 294 101421 2
S 68335902 293 101416 2
S 68357900 294 101419 2
S 68379899 294 101428 2
S 68401898 294 101419 2
S 68423896 294 101418 2
S 68445895 293 101417 2
S 68467893 293 101417 2
S 68489892 294 101420 2
S 68511891 294 101423 2
S 68533889 294 101425 2
S 68555888 294 101431 2
S 68577887 293 101424 2
S 68599885 293 101419 2
S 68621884 294 101420 2
S 68643882 294 101414 2
S 68665881 294 101422 2
S 68687880 293 101413 2
S 68709878 294 101423 2
S 68731877 294 101419 2
S 68753876 294 101419 2
S 68775874 294 101423 2
S 68797873 294 101418 2
S 68819871 294 101418 2
S 68841870 294 101419 2
S 68863869 294 101424 2
S 68885867 293 101416 2
S 68907866 294 101417 2
S 68929865 293 101411 2
S 68951863 294 101421 2
S 68973862 294 101426 2
S 68995860 294 101421 2
S 69017859 294 101420 2
S 69039858 293 101419 2
S 69061856 293 101414 2
S 69083855 294 101418 2
S 69105854 294 101422 2
S 69127852 294 101425 2
S 69149851 294 101420 2
S 69171849 294 101416 2
S 69193848 294 101422 2
S 69215847 294 101418 2
S 69237845 293 101412 2
S 69259844 294 101419 2
S 69281843 294 101414 2
S 69303841 294 101420 2
S 69325840 294 101422 2
S 69347838 294 101419 2
S 69369837 294 101415 2
S 69391836 294 101420 2
S 69413834 294 101417 2
S 69435833 293 101421 2
S 69457832 293 101409 2
S 69479830 294 101419 2
S 69501829 294 101423 2
S 69523827 294 101413 2
S 69545826 294 101417 2
S 69567825 294 101421 2
S 69589823 294 101412 2
S 69611822 294 101423 2
S 69633821 293 101420 2
S 69655819 294 101420 2
S 69677818 293 101413 2
S 69699816 294 101416 2
S 69721815 294 101417 2
S 69743814 293 101414 2
S 69765812 294 101423 2
S 69787811 294 101420 2
S 69809810 294 101408 2
S 69831808 293 101408 2
S 69853807 293 101411 2
S 69875805 294 101420 2
S 69897804 293 101414 2
S 69919803 294 101417 2
S 69941801 294 101425 2
S 69963800 294 101422 2
S 69985799 294 101414 2
S 70007797 294 101421 2
S 70029796 294 101416 2
S 70051794 294 101419 2
S 70073793 294 101421 2
S 70095792 294 101418 2
S 70117790 294 101420 2
S 70139789 293 101413 2
S 70161788 294 101416 2
S 70183786 294 101412 2
S 70205785 294 101421 2
S 70227783 294 101417 2
S 70249782 293 101416 2
S 70271781 294 101419 2
S 70293779 294 101425 2
S 70315778 294 101420 2
S 70337777 294 101417 2
S 70359775 294 101417 2
S 70381774 294 101418 2
S 70403772 293 101414 2
S 70425771 294 101418 2
S 70447770 294 101423 2
S 70469768 294 101425 2
S 70491767 294 101416 2
S 70513766 294 101426 2
S 70535764 294 101422 2
S 70557763 294 101418 2
S 70579761 294 101426 2
S 70601760 294 101422 2
S 70623759 294 101424 2
S 70645757 294 101424 2
S 70667756 294 101418 2
S 70689755 294 101417 2
S 70711753 294 101426 2
S 70733752 294 101420 2
S 70755750 294 101417 2
S 70777749 294 101420 2
S 70799748 294 101416 2
S 70821746 294 101417 2
S 70843745 294 101427 2
S 70865744 293 101418 2
S 70887742 294 101411 2
S 70909741 294 101413 2
S 70931739 294 101411 2
S 70953738 294 101417 2
S 70975737 294 101420 2
S 70997735 294 101423 2
S 71019734 294 101421 2
S 71041733 294 101418 2
S 71063731 294 101416 2
S 71085730 294 101424 2
S 71107728 294 101418 2
S 71129727 294 101420 2
S 71151726 294 101417 2
S 71173724 294 101419 2
S 71195723 294 101416 2
S 71217722 294 101415 2
S 71239720 294 101418 2
S 71261719 294 101426 2
S 71283717 294 101425 2
S 71305716 294 101423 2
S 71327715 294 101420 2
S 71349713 294 101411 2
S 71371712 294 101419 2
S 71393711 294 101419 2
S 71415709 294 101423 2
S 71437708 294 101418 2
S 71459706 293 101410 2
S 71481705 294 101424 2
S 71503704 294 101421 2
S 71525702 294 101414 2
S 71547701 294 101414 2
S 71569700 294 101421 2
S 71591698 294 101424 2
S 71613697 294 101415 2
S 71635695 294 101427 2
S 71657694 294 101422 2
S 71679693 294 101417 2
S 71701691 294 101426 2
S 71723690 294 101425 2
S 71745689 294 101421 2
S 71767687 294 101428 2
S 71789686 294 101420 2
S 71811684 294 101421 2
S 71833683 294 101419 2
S 71855682 294 101420 2
S 71877680 294 101423 2
S 71899679 294 101425 2
S 71921678 294 101423 2
S 71943676 294 101423 2
S 71965675 294 101415 2
S 71987673 294 101422 2
S 72009672 294 101422 2
S 72031671 294 101414 2
S 72053669 294 101410 2
S 72075668 294 101415 2
S 72097667 294 101419 2
S 72119665 294 101420 2
S 72141664 294 101419 2
S 72163662 294 101420 2
S 72185661 294 101423 2
S 72207660 294 101419 2
S 72229658 294 101420 2
S 72251657 294 101428 2
S 72273656 294 101414 2
S 72295654 294 101417 2
S 72317653 294 101416 2
S 72339651 294 101418 2
S 72361650 294 101427 2
S 72383649 294 101421 2
S 72405647 294 101424 2
S 72427646 294 101425 2
S 72449645 294 101425 2
S 72471643 294 101419 2
S 72493642 294 101416 2
S 72515640 294 101420 2
S 72537639 294 101421 2
S 72559638 294 101425 2
S 72581636 294 101420 2
S 72603635 294 101418 2
S 72625634 294 101420 2
S 72647632 294 101416 2
S 72669631 294 101420 2
S 72691629 294 101416 2
S 72713628 294 101417 2
S 72735627 294 101423 2
S 72757625 294 101420 2
S 72779624 294 101421 2
S 72801623 294 101417 2
S 72823621 294 101411 2
S 72845620 294 101418 2
S 72867618 294 101423 2
S 72889617 294 101424 2
S 72911616 294 101421 2
S 72933614 294 101420 2
S 72955613 294 101421 2
S 72977612 294 101417 2
S 72999610 294 101418 2
S 73021609 294 101415 2
S 73043607 294 101422 2
S 73065606 294 101420 2
S 73087605 294 101423 2
S 73109603 294 101419 2
S 73131602 294 101417 2
S 73153601 294 101425 2
S 73175599 294 101420 2
S 73197598 294 101420 2
S 73219596 294 101417 2
S 73241595 294 101422 2
S 73263594 294 101417 2
S 73285592 294 101422 2
S 73307591 294 101423 2
S 73329590 294 101415 2
S 73351588 294 101418 2
S 73373587 294 101416 2
S 73395585 294 101417 2
S 73417584 294 101414 2
S 73439583 294 101418 2
S 73461581 294 101417 2
S 73483580 294 101423 2
S 73505579 294 101416 2
S 73527577 294 101417 2
S 73549576 294 101424 2
S 73571574 294 101412 2
S 73593573 294 101419 2
S 73615572 294 101418 2
S 73637570 294 101421 2
S 73659569 294 101416 2
S 73681568 294 101417 2
S 73703566 294 101420 2
S 73725565 294 101420 2
S 73747563 294 101417 2
S 73769562 294 101417 2
S 73791561 294 101420 2
S 73813559 294 101417 2
S 73835558 294 101417 2
S 73857557 294 101419 2
S 73879555 294 101414 2
S 73901554 294 101411 2
S 73923552 294 101409 2
S 73945551 294 101408 2
S 73967550 294 101411 2
S 73989548 294 101411 2
S 74011547 294 101420 2
S 74033546 294 101413 2
S 74055544 294 101418 2
S 74077543 294 101414 2
S 74099541 294 101422 2
S 74121540 294 101428 2
S 74143539 294 101432 2
S 74165537 294 101426 2
S 74187536 294 101426 2
S 74209535 294 101420 2
S 74231533 294 101422 2
S 74253532 294 101420 2
S 74275530 294 101421 2
S 74297529 294 101422 2
S 74319528 294 101430 2
S 74341526 294 101432 2
S 74363525 294 101427 2
S 74385524 294 101428 2
S 74407522 294 101423 2
S 74429521 294 101422 2
S 74451519 294 101426 2
S 74473518 294 101421 2
S 74495517 294 101420 2
S 74517515 294 101432 2
S 74539514 294 101423 2
S 74561513 294 101423 2
S 74583511 294 101420 2
S 74605510 294 101417 2
S 74627508 294 101411 2
S 74649507 294 101418 2
S 74671506 294 101420 2
S 74693504 294 101423 2
S 74715503 294 101416 2
S 74737502 294 101420 2
S 74759500 294 101423 2
S 74781499 294 101411 2
S 74803497 294 101408 2
S 74825496 294 101417 2
S 74847495 294 101414 2
S 74869493 294 101423 2
S 74891492 294 101426 2
S 74913491 294 101414 2
S 74935489 294 101433 2
S 74957488 294 101423 2
S 74979486 294 101418 2
S 75001486 294 101427 2
S 75023484 294 101416 2
S 75045482 294 101420 2
S 75067481 294 101416 2
S 75089480 294 101419 2
S 75111478 294 101421 2
S 75133477 294 101417 2
S 75155475 294 101411 2
S 75177474 294 101421 2
S 75199473 294 101414 2
S 75221471 294 101417 2
S 75243470 294 101427 2
S 75265469 294 101424 2
S 75287467 294 101422 2
S 75309466 294 101422 2
S 75331464 294 101413 2
S 75353463 294 101423 2
S 75375462 294 101408 2
S 75397460 294 101421 2
S 75419459 294 101423 2
S 75441458 294 101423 2
S 75463456 294 101419 2
S 75485455 294 101420 2
S 75507453 294 101426 2
S 75529452 294 101423 2
S 75551451 294 101427 2
S 75573449 294 101423 2
S 75595448 294 101417 2
S 75617447 294 101424 2
S 75639445 294 101417 2
S 75661444 294 101415 2
S 75683442 294 101418 2
S 75705441 294 101428 2
S 75727440 294 101420 2
S 75749438 294 101422 2
S 75771437 294 101425 2
S 75793436 294 101429 2
S 75815434 294 101419 2
S 75837433 294 101417 2
S 75859431 294 101420 2
S 75881430 294 101417 2
S 75903429 294 101420 2
S 75925427 294 101426 2
S 75947426 294 101425 2
S 75969425 294 101425 2
S 75991423 294 101425 2
S 76013422 294 101432 2
S 76035420 294 101417 2
S 76057419 294 101415 2
S 76079418 294 101415 2
S 76101416 294 101426 2
S 76123415 294 101426 2
S 76145414 294 101420 2
S 76167412 294 101423 2
S 76189411 294 101421 2
S 76211409 294 101424 2
S 76233408 294 101418 2
S 76255407 294 101417 2
S 76277405 294 101416 2
S 76299404 294 101415 2
S 76321403 294 101420 2
S 76343401 294 101412 2
S 76365400 294 101411 2
S 76387398 294 101411 2
S 76409397 294 101427 2
S 76431396 294 101417 2
S 76453394 294 101423 2
S 76475393 294 101421 2
S 76497392 294 101415 2
S 76519390 294 101426 2
S 76541389 294 101420 2
S 76563387 294 101420 2
S 76585386 294 101414 2
S 76607385 294 101410 2
S 76629383 294 101426 2
S 76651382 294 101417 2
S 76673381 294 101419 2
S 76695379 294 101414 2
S 76717378 294 101420 2
S 76739376 294 101426 2
S 76761375 294 101420 2
S 76783374 294 101420 2
S 76805372 294 101417 2
S 76827371 294 101419 2
S 76849370 294 101423 2
S 76871368 294 101421 2
S 76893367 294 101425 2
S 76915365 294 101421 2
S 76937364 294 101416 2
S 76959363 294 101420 2
S 76981361 294 101416 2
S 77003360 294 101421 2
S 77025359 294 101416 2
S 77047357 294 101413 2
S 77069356 294 101425 2
S 77091354 294 101419 2
S 77113353 294 101414 2
S 77135352 294 101416 2
S 77157350 294 101414 2
S 77179349 294 101419 2
S 77201348 294 101413 2
S 77223346 294 101416 2
S 77245345 294 101417 2
S 77267343 294 101420 2
S 77289342 294 101414 2
S 77311341 294 101416 2
S 77333339 294 101420 2
S 77355338 294 101414 2
S 77377337 294 101413 2
S 77399335 294 101424 2
S 77421334 294 101424 2
S 77443332 294 101435 2
S 77465331 294 101418 2
S 77487330 294 101414 2
S 77509328 294 101409 2
S 77531327 294 101417 2
S 77553326 294 101414 2
S 77575324 294 101424 2
S 77597323 294 101414 2
S 77619321 294 101422 2
S 77641320 294 101417 2
S 77663319 294 101417 2
S 77685317 294 101425 2
S 77707316 294 101420 2
S 77729315 294 101417 2
S 77751313 294 101420 2
S 77773312 294 101417 2
S 77795310 294 101413 2
S 77817309 294 101410 2
S 77839308 294 101410 2
S 77861306 294 101424 2
S 77883305 294 101415 2
S 77905304 294 101418 2
S 77927302 294 101421 2
S 77949301 294 101415 2
S 77971299 294 101417 2
S 77993298 294 101419 2
S 78015297 294 101414 2
S 78037295 294 101426 2
S 78059294 294 101416 2
S 78081293 294 101419 2
S 78103291 294 101420 2
S 78125290 294 101418 2
S 78147288 294 101426 2
S 78169287 294 101423 2
S 78191286 294 101419 2
S 78213284 294 101420 2
S 78235283 294 101420 2
S 78257282 294 101429 2
S 78279280 294 101416 2
S 78301279 294 101419 2
S 78323277 294 101420 2
S 78345276 294 101420 2
S 78367275 294 101417 2
S 78389273 294 101415 2
S 78411272 294 101414 2
S 78433271 294 101418 2
S 78455269 294 101423 2
S 78477268 294 101423 2
S 78499266 294 101422 2
S 78521265 294 101419 2
S 78543264 294 101415 2
S 78565262 294 101416 2
S 78587261 294 101418 2
S 78609260 294 101417 2
S 78631258 294 101420 2
S 78653257 294 101420 2
S 78675255 294 101418 2
S 78697254 294 101417 2
S 78719253 294 101417 2
S 78741251 294 101423 2
S 78763250 294 101418 2
S 78785249 294 101424 2
S 78807247 294 101417 2
S 78829246 294 101420 2
S 78851244 294 101417 2
S 78873243 294 101418 2
S 78895242 294 101412 2
S 78917240 294 101417 2
S 78939239 294 101418 2
S 78961238 294 101417 2
S 78983236 294 101421 2
S 79005235 294 101415 2
S 79027233 294 101419 2
S 79049232 294 101420 2
S 79071231 294 101417 2
S 79093229 294 101417 2
S 79115228 294 101417 2
S 79137227 294 101423 2
S 79159225 294 101414 2
S 79181224 294 101420 2
S 79203222 294 101411 2
S 79225221 294 101414 2
S 79247220 294 101419 2
S 79269218 294 101417 2
S 79291217 294 101420 2
S 79313216 294 101413 2
S 79335214 294 101417 2
S 79357213 294 101424 2
S 79379211 294 101416 2
S 79401210 294 101415 2
S 79423209 294 101420 2
S 79445207 294 101416 2
S 79467206 294 101423 2
S 79489205 294 101416 2
S 79511203 294 101415 2
S 79533202 294 101412 2
S 79555200 294 101420 2
S 79577199 294 101414 2
S 79599198 294 101416 2
S 79621196 294 101415 2
S 79643195 294 101415 2
S 79665194 294 101415 2
S 79687192 294 101415 2
S 79709191 294 101419 2
S 79731189 294 101413 2
S 79753188 294 101409 2
S 79775187 294 101412 2
S 79797185 294 101420 2
S 79819184 294 101423 2
S 79841183 294 101427 2
S 79863181 294 101420 2
S 79885180 294 101418 2
S 79907178 294 101417 2
S 79929177 294 101414 2
S 79951176 294 101416 2
S 79973174 294 101419 2
S 79995173 294 101414 2
S 80017172 294 101417 2
S 80039170 294 101411 2
S 80061169 294 101420 2
S 80083167 294 101417 2
S 80105166 294 101413 2
S 80127165 294 101424 2
S 80149163 294 101417 2
S 80171162 294 101420 2
S 80193161 294 101425 2
S 80215159 294 101425 2
S 80237158 294 101418 2
S 80259156 294 101420 2
S 80281155 294 101411 2
S 80303154 294 101420 2
S 80325152 294 101421 2
S 80347151 294 101420 2
S 80369150 294 101428 2
S 80391148 294 101417 2
S 80413147 294 101423 2
S 80435145 294 101417 2
S 80457144 294 101420 2
S 80479143 294 101418 2
S 80501141 294 101421 2
S 80523140 294 101418 2
S 80545139 294 101417 2
S 80567137 294 101417 2
S 80589136 294 101416 2
S 80611134 294 101424 2
S 80633133 294 101415 2
S 80655132 294 101415 2
S 80677130 294 101419 2
S 80699129 294 101415 2
S 80721128 294 101417 2
S 80743126 294 101416 2
S 80765125 294 101417 2
S 80787123 294 101413 2
S 80809122 294 101417 2
S 80831121 294 101421 2
S 80853119 294 101419 2
S 80875118 294 101414 2
S 80897117 294 101415 2
S 80919115 294 101418 2
S 80941114 294 101417 2
S 80963112 294 101417 2
S 80985111 294 101415 2
S 81007110 294 101414 2
S 81029108 294 101414 2
S 81051107 294 101409 2
S 81073106 294 101411 2
S 81095104 294 101416 2
S 81117103 294 101420 2
S 81139101 294 101418 2
S 81161100 294 101417 2
S 81183099 294 101420 2
S 81205097 294 101420 2
S 81227096 294 101420 2
S 81249095 294 101417 2
S 81271093 294 101417 2
S 81293092 294 101422 2
S 81315090 294 101423 2
S 81337089 294 101416 2
S 81359088 294 101420 2
S 81381086 294 101416 2
S 81403085 294 101417 2
S 81425084 294 101423 2
S 81447082 294 101422 2
S 81469081 294 101423 2
S 81491079 294 101423 2
S 81513078 294 101421 2
S 81535077 294 101420 2
S 81557075 294 101422 2
S 81579074 294 101414 2
S 81601073 294 101420 2
S 81623071 294 101414 2
S 81645070 294 101417 2
S 81667068 294 101422 2
S 81689067 294 101422 2
S 81711066 294 101423 2
S 81733064 294 101418 2
S 81755063 294 101420 2
S 81777062 293 101417 2
S 81799060 294 101420 2
S 81821059 294 101421 2
S 81843057 293 101419 2
S 81865056 294 101425 2
S 81887055 294 101413 2
S 81909053 294 101417 2
S 81931052 294 101420 2
S 81953051 294 101414 2
S 81975049 294 101416 2
S 81997048 294 101419 2
S 82019046 294 101414 2
S 82041045 294 101414 2
S 82063044 294 101416 2
S 82085042 294 101415 2
S 82107041 294 101414 2
S 82129040 294 101414 2
S 82151038 294 101420 2
S 82173037 294 101414 2
S 82195035 294 101417 2
S 82217034 294 101418 2
S 82239033 294 101422 2
S 82261031 293 101422 2
S 82283030 294 101423 2
S 82305029 294 101425 2
S 82327027 294 101417 2
S 82349026 294 101417 2
S 82371024 294 101422 2
S 82393023 294 101420 2
S 82415022 294 101424 2
S 82437020 294 101424 2
S 82459019 293 101419 2
S 82481018 294 101425 2
S 82503016 294 101422 2
S 82525015 294 101428 2
S 82547013 294 101416 2
S 82569012 294 101420 2
S 82591011 294 101417 2
S 82613009 293 101410 2
S 82635008 294 101420 2
S 82657007 294 101420 2
S 82679005 294 101422 2
S 82701004 294 101421 2
S 82723002 294 101423 2
S 82745001 294 101422 2
S 82767000 293 101417 2
S 82788998 294 101421 2
S 82810997 294 101425 2
S 82832996 293 101416 2
S 82854994 294 101420 2
S 82876993 294 101422 2
S 82898991 294 101417 2
S 82920990 294 101424 2
S 82942989 294 101419 2
S 82964987 294 101420 2
S 82986986 294 101417 2
S 83008985 294 101420 2
S 83030983 294 101414 2
S 83052982 294 101418 2
S 83074980 294 101418 2
S 83096979 294 101409 2
S 83118978 294 101424 2
S 83140976 294 101414 2
S 83162975 294 101421 2
S 83184974 294 101415 2
S 83206972 294 101417 2
S 83228971 294 101420 2
S 83250969 293 101414 2
S 83272968 294 101422 2
S 83294967 294 101429 2
S 83316965 293 101416 2
S 83338964 293 101425 2
S 83360963 294 101425 2
S 83382961 294 101427 2
S 83404960 294 101420 2
S 83426958 294 101429 2
S 83448957 294 101431 2
S 83470956 294 101430 2
S 83492954 294 101423 2
S 83514953 294 101423 2
S 83536952 294 101419 2
S 83558950 294 101422 2
S 83580949 294 101423 2
S 83602947 294 101427 2
S 83624946 293 101416 2
S 83646945 294 101424 2
S 83668943 293 101422 2
S 83690942 294 101431 2
S 83712941 294 101423 2
S 83734939 294 101432 2
S 83756938 294 101428 2
S 83778936 293 101430 2
S 83800935 294 101419 2
S 83822934 293 101419 2
S 83844932 294 101421 2
S 83866931 294 101422 2
S 83888930 294 101425 2
S 83910928 294 101428 2
S 83932927 293 101425 2
S 83954925 294 101421 2
S 83976924 293 101422 2
S 83998923 293 101425 2
S 84020921 294 101423 2
S 84042920 294 101424 2
S 84064919 293 101414 2
S 84086917 294 101423 2
S 84108916 293 101422 2
S 84130914 294 101428 2
S 84152913 294 101425 2
S 84174912 294 101427 2
S 84196910 294 101425 2
S 84218909 293 101422 2
S 84240908 293 101423 2
S 84262906 293 101421 2
S 84284905 294 101425 2
S 84306903 293 101423 2
S 84328902 293 101428 2
S 84350901 293 101422 2
S 84372899 293 101425 2
S 84394898 294 101428 2
S 84416897 293 101430 2
S 84438895 294 101428 2
S 84460894 294 101424 2
S 84482892 294 101428 2
S 84504891 293 101422 2
S 84526890 294 101428 2
S 84548888 294 101426 2
S 84570887 294 101431 2
S 84592886 293 101426 2
S 84614884 294 101431 2
S 84636883 294 101426 2
S 84658881 294 101426 2
S 84680880 294 101423 2
S 84702879 293 101416 2
S 84724877 294 101420 2
S 84746876 293 101422 2
S 84768875 294 101421 2
S 84790873 294 101424 2
S 84812872 293 101414 2
S 84834870 293 101414 2
S 84856869 293 101418 2
S 84878868 293 101419 2
S 84900866 293 101416 2
S 84922865 294 101424 2
S 84944864 294 101423 2
S 84966862 294 101424 2
S 84988861 293 101417 2
S 85010859 294 101424 2
S 85032858 293 101411 2
S 85054857 293 101416 2
S 85076855 293 101422 2
S 85098854 294 101419 2
S 85120853 294 101420 2
S 85142851 294 101425 2
S 85164850 294 101422 2
S 85186848 293 101426 2
S 85208847 293 101425 2
S 85230846 294 101418 2
S 85252844 294 101419 2
S 85274843 294 101420 2
S 85296842 293 101425 2
S 85318840 293 101419 2
S 85340839 294 101431 2
S 85362837 293 101425 2
S 85384836 294 101422 2
S 85406835 293 101421 2
S 85428833 293 101423 2
S 85450832 293 101414 2
S 85472831 293 101423 2
S 85494829 293 101415 2
S 85516828 293 101417 2
S 85538826 293 101419 2
S 85560825 293 101424 2
S 85582824 294 101424 2
S 85604822 294 101421 2
S 85626821 294 101422 2
S 85648820 293 101417 2
S 85670818 293 101414 2
S 85692817 294 101418 2
S 85714815 293 101413 2
S 85736814 293 101419 2
S 85758813 294 101423 2
S 85780811 293 101425 2
S 85802810 293 101414 2
S 85824809 293 101419 2
S 85846807 293 101424 2
S 85868806 293 101420 2
S 85890804 294 101430 2
S 85912803 294 101428 2
S 85934802 293 101418 2
S 85956800 294 101420 2
S 85978799 293 101428 2
S 86000798 294 101422 2
S 86022796 294 101431 2
S 86044795 294 101427 2
S 86066793 293 101427 2
S 86088792 294 101423 2
S 86110791 294 101417 2
S 86132789 294 101431 2
S 86154788 293 101427 2
S 86176787 293 101428 2
S 86198785 294 101430 2
S 86220784 294 101418 2
S 86242782 294 101418 2
S 86264781 293 101414 2
S 86286780 293 101413 2
S 86308778 293 101410 2
S 86330777 294 101419 2
S 86352776 294 101416 2
S 86374774 293 101412 2
S 86396773 293 101416 2
S 86418771 293 101416 2
S 86440770 293 101418 2
S 86462769 293 101414 2
S 86484767 293 101417 2
S 86506766 293 101419 2
S 86528765 294 101419 2
S 86550763 294 101420 2
S 86572762 294 101423 2
S 86594760 294 101428 2
S 86616759 294 101434 2
S 86638758 293 101425 2
S 86660756 294 101433 2
S 86682755 294 101430 2
S 86704754 294 101426 2
S 86726752 293 101424 2
S 86748751 293 101420 2
S 86770749 294 101425 2
S 86792748 293 101418 2
S 86814747 293 101414 2
S 86836745 294 101422 2
S 86858744 293 101417 2
S 86880743 294 101417 2
S 86902741 293 101422 2
S 86924740 293 101422 2
S 86946738 294 101425 2
S 86968737 294 101418 2
S 86990736 293 101428 2
S 87012734 294 101422 2
S 87034733 294 101425 2
S 87056732 293 101414 2
S 87078730 293 101422 2
S 87100729 293 101423 2
S 87122727 293 101423 2
S 87144726 294 101428 2
S 87166725 294 101425 2
S 87188723 293 101422 2
S 87210722 293 101417 2
S 87232721 293 101424 2
S 87254719 294 101420 2
S 87276718 293 101418 2
S 87298716 294 101414 2
S 87320715 293 101418 2
S 87342714 293 101415 2
S 87364712 294 101424 2
S 87386711 294 101425 2
S 87408710 293 101424 2
S 87430708 293 101421 2
S 87452707 293 101417 2
S 87474705 293 101416 2
S 87496704 293 101419 2
S 87518703 293 101414 2
S 87540701 294 101420 2
S 87562700 294 101420 2
S 87584699 293 101425 2
S 87606697 294 101430 2
S 87628696 293 101419 2
S 87650694 293 101419 2
S 87672693 293 101422 2
S 87694692 293 101417 2
S 87716690 293 101419 2
S 87738689 293 101415 2
S 87760688 293 101414 2
S 87782686 293 101417 2
S 87804685 293 101412 2
S 87826683 293 101414 2
S 87848682 294 101426 2
S 87870681 293 101420 2
S 87892679 293 101415 2
S 87914678 294 101429 2
S 87936677 293 101428 2
S 87958675 294 101423 2
S 87980674 293 101422 2
S 88002672 293 101422 2
S 88024671 293 101424 2
S 88046670 293 101416 2
S 88068668 294 101425 2
S 88090667 293 101415 2
S 88112666 294 101423 2
S 88134664 293 101421 2
S 88156663 293 101414 2
S 88178661 293 101428 2
S 88200660 293 101416 2
S 88222659 293 101424 2
S 88244657 293 101419 2
S 88266656 293 101426 2
S 88288655 293 101418 2
S 88310653 294 101423 2
S 88332652 294 101424 2
S 88354650 294 101426 2
S 88376649 294 101427 2
S 88398648 294 101422 2
S 88420646 293 101424 2
S 88442645 294 101424 2
S 88464644 294 101420 2
S 88486642 293 101421 2
S 88508641 293 101422 2
S 88530639 293 101421 2
S 88552638 293 101421 2
S 88574637 293 101422 2
S 88596635 294 101424 2
S 88618634 293 101422 2
S 88640633 293 101422 2
S 88662631 293 101416 2
S 88684630 294 101427 2
S 88706628 293 101425 2
S 88728627 293 101414 2
S 88750626 293 101416 2
S 88772624 293 101421 2
S 88794623 293 101414 2
S 88816622 294 101424 2
S 88838620 293 101425 2
S 88860619 293 101422 2
S 88882617 293 101411 2
S 88904616 293 101422 2
S 88926615 294 101423 2
S 88948613 293 101416 2
S 88970612 293 101424 2
S 88992611 293 101414 2
S 89014609 293 101420 2
S 89036608 293 101416 2
S 89058606 293 101414 2
S 89080605 293 101417 2
S 89102604 293 101415 2
S 89124602 293 101416 2
S 89146601 293 101421 2
S 89168600 293 101417 2
S 89190598 293 101417 2
S 89212597 293 101416 2
S 89234595 293 101420 2
S 89256594 294 101424 2
S 89278593 294 101425 2
S 89300591 293 101416 2
S 89322590 293 101419 2
S 89344589 293 101423 2
S 89366587 293 101424 2
S 89388586 293 101427 2
S 89410584 294 101423 2
S 89432583 293 101418 2
S 89454582 293 101422 2
S 89476580 293 101429 2
S 89498579 293 101419 2
S 89520578 293 101421 2
S 89542576 294 101422 2
S 89564575 293 101419 2
S 89586573 294 101423 2
S 89608572 293 101416 2
S 89630571 293 101419 2
S 89652569 293 101417 2
S 89674568 293 101422 2
S 89696567 294 101420 2
S 89718565 293 101412 2
S 89740564 294 101419 2
S 89762562 293 101415 2
S 89784561 293 101416 2
S 89806560 294 101421 2
S 89828558 293 101414 2
S 89850557 293 101418 2
S 89872556 293 101414 2
S 89894554 293 101407 2
S 89916553 293 101418 2
S 89938551 293 101422 2
S 89960550 293 101414 2
S 89982549 293 101413 2
S 90004547 293 101421 2
S 90026546 294 101422 2
S 90048545 294 101418 2
S 90070543 293 101417 2
S 90092542 293 101426 2
S 90114540 294 101419 2
S 90136539 293 101418 2
S 90158538 293 101414 2
S 90180536 294 101417 2
S 90202535 294 101425 2
S 90224534 293 101418 2
S 90246532 293 101417 2
S 90268531 293 101413 2
S 90290529 294 101418 2
S 90312528 294 101423 2
S 90334527 293 101415 2
S 90356525 294 101419 2
S 90378524 294 101420 2
S 90400523 293 101416 2
S 90422521 294 101415 2
S 90444520 293 101414 2
S 90466518 293 101414 2
S 90488517 294 101417 2
S 90510516 293 101413 2
S 90532514 294 101418 2
S 90554513 294 101423 2
S 90576512 293 101417 2
S 90598510 293 101416 2
S 90620509 293 101417 2
S 90642507 294 101416 2
S 90664506 294 101414 2
S 90686505 294 101415 2
S 90708503 293 101420 2
S 90730502 293 101421 2
S 90752501 294 101418 2
S 90774499 293 101410 2
S 90796498 294 101414 2
S 90818496 294 101418 2
S 90840495 293 101422 2
S 90862494 294 101423 2
S 90884492 294 101420 2
S 90906491 293 101412 2
S 90928490 294 101411 2
S 90950488 293 101419 2
S 90972487 294 101419 2
S 90994485 293 101419 2
S 91016484 293 101419 2
S 91038483 293 101422 2
S 91060481 293 101410 2
S 91082480 293 101417 2
S 91104479 293 101412 2
S 91126477 293 101419 2
S 91148476 294 101414 2
S 91170474 294 101419 2
S 91192473 294 101424 2
S 91214472 293 101416 2
S 91236470 293 101419 2
S 91258469 294 101419 2
S 91280468 294 101420 2
S 91302466 294 101418 2
S 91324465 294 101421 2
S 91346463 294 101420 2
S 91368462 294 101422 2
S 91390461 294 101420 2
S 91412459 294 101417 2
S 91434458 293 101415 2
S 91456457 294 101416 2
S 91478455 294 101419 2
S 91500454 294 101425 2
S 91522452 294 101420 2
S 91544451 293 101412 2
S 91566450 293 101412 2
S 91588448 293 101417 2
S 91610447 294 101423 2
S 91632446 294 101416 2
S 91654444 293 101416 2
S 91676443 294 101416 2
S 91698441 294 101424 2
S 91720440 294 101417 2
S 91742439 294 101414 2
S 91764437 294 101420 2
S 91786436 294 101420 2
S 91808435 294 101423 2
S 91830433 294 101420 2
S 91852432 294 101418 2
S 91874430 294 101422 2
S 91896429 294 101427 2
S 91918428 294 101423 2
S 91940426 293 101416 2
S 91962425 294 101420 2
S 91984424 294 101418 2
S 92006422 294 101423 2
S 92028421 294 101424 2
S 92050419 294 101417 2
S 92072418 294 101422 2
S 92094417 294 101417 2
S 92116415 294 101422 2
S 92138414 294 101415 2
S 92160413 294 101417 2
S 92182411 294 101417 2
S 92204410 294 101417 2
S 92226408 294 101421 2
S 92248407 294 101414 2
S 92270406 293 101412 2
S 92292404 294 101420 2
S 92314403 294 101421 2
S 92336402 294 101417 2
S 92358400 293 101406 2
S 92380399 294 101422 2
S 92402397 294 101417 2
S 92424396 294 101423 2
S 92446395 294 101423 2
S 92468393 294 101422 2
S 92490392 294 101425 2
S 92512391 294 101423 2
S 92534389 294 101422 2
S 92556388 294 101414 2
S 92578386 294 101425 2
S 92600385 294 101422 2
S 92622384 294 101422 2
S 92644382 294 101417 2
S 92666381 294 101418 2
S 92688380 294 101415 2
S 92710378 294 101420 2
S 92732377 294 101421 2
S 92754375 294 101423 2
S 92776374 294 101418 2
S 92798373 294 101419 2
S 92820371 294 101420 2
S 92842370 294 101427 2
S 92864369 294 101420 2
S 92886367 294 101419 2
S 92908366 294 101418 2
S 92930364 294 101424 2
S 92952363 294 101416 2
S 92974362 294 101414 2
S 92996360 294 101423 2
S 93018359 294 101425 2
S 93040358 294 101424 2
S 93062356 294 101417 2
S 93084355 294 101414 2
S 93106353 294 101411 2
S 93128352 294 101415 2
S 93150351 294 101415 2
S 93172349 294 101411 2
S 93194348 294 101417 2
S 93216347 294 101419 2
S 93238345 294 101417 2
S 93260344 294 101416 2
S 93282342 294 101419 2
S 93304341 294 101420 2
S 93326340 294 101424 2
S 93348338 294 101412 2
S 93370337 294 101420 2
S 93392336 294 101419 2
S 93414334 294 101419 2
S 93436333 294 101423 2
S 93458331 294 101422 2
S 93480330 294 101417 2
S 93502329 294 101416 2
S 93524327 294 101417 2
S 93546326 294 101423 2
S 93568325 294 101412 2
S 93590323 294 101416 2
S 93612322 294 101423 2
S 93634320 294 101421 2
S 93656319 294 101414 2
S 93678318 294 101423 2
S 93700316 294 101420 2
S 93722315 294 101417 2
S 93744314 294 101419 2
S 93766312 294 101420 2
S 93788311 294 101415 2
S 93810309 294 101410 2
S 93832308 294 101410 2
S 93854307 294 101414 2
S 93876305 294 101414 2
S 93898304 294 101420 2
S 93920303 294 101416 2
S 93942301 294 101416 2
S 93964300 294 101421 2
S 93986298 294 101416 2
S 94008297 294 101417 2
S 94030296 294 101421 2
S 94052294 294 101433 2
S 94074293 294 101420 2
S 94096292 294 101420 2
S 94118290 294 101432 2
S 94140289 294 101424 2
S 94162287 294 101420 2
S 94184286 294 101429 2
S 94206285 294 101420 2
S 94228283 294 101418 2
S 94250282 294 101419 2
S 94272281 294 101428 2
S 94294279 294 101427 2
S 94316278 294 101415 2
S 94338276 294 101423 2
S 94360275 294 101417 2
S 94382274 294 101427 2
S 94404272 294 101429 2
S 94426271 294 101422 2
S 94448270 294 101422 2
S 94470268 294 101418 2
S 94492267 294 101429 2
S 94514265 294 101420 2
S 94536264 294 101429 2
S 94558263 294 101417 2
S 94580261 294 101417 2
S 94602260 294 101412 2
S 94624259 294 101420 2
S 94646257 294 101429 2
S 94668256 294 101424 2
S 94690254 294 101422 2
S 94712253 294 101433 2
S 94734252 294 101424 2
S 94756250 294 101417 2
S 94778249 294 101417 2
S 94800248 294 101417 2
S 94822246 294 101425 2
S 94844245 294 101418 2
S 94866243 294 101421 2
S 94888242 294 101426 2
S 94910241 294 101430 2
S 94932239 294 101423 2
S 94954238 294 101420 2
S 94976237 294 101420 2
S 94998235 294 101422 2
S 95020234 294 101415 2
S 95042232 294 101420 2
S 95064231 294 101422 2
S 95086230 294 101431 2
S 95108228 294 101426 2
S 95130227 294 101420 2
S 95152226 294 101421 2
S 95174224 294 101424 2
S 95196223 294 101419 2
S 95218221 294 101424 2
S 95240220 294 101420 2
S 95262219 294 101420 2
S 95284217 294 101426 2
S 95306216 294 101424 2
S 95328215 294 101413 2
S 95350213 294 101423 2
S 95372212 294 101414 2
S 95394210 294 101426 2
S 95416209 294 101426 2
S 95438208 294 101416 2
S 95460206 294 101420 2
S 95482205 294 101424 2
S 95504204 294 101425 2
S 95526202 294 101427 2
S 95548201 294 101423 2
S 95570199 294 101426 2
S 95592198 294 101415 2
S 95614197 294 101414 2
S 95636195 294 101416 2
S 95658194 294 101421 2
S 95680193 294 101419 2
S 95702191 294 101426 2
S 95724190 294 101425 2
S 95746188 294 101429 2
S 95768187 294 101428 2
S 95790186 294 101430 2
S 95812184 294 101411 2
S 95834183 294 101417 2
S 95856182 294 101432 2
S 95878180 294 101418 2
S 95900179 294 101425 2
S 95922177 294 101417 2
S 95944176 294 101425 2
S 95966175 294 101424 2
S 95988173 294 101423 2
S 96010172 294 101424 2
S 96032171 294 101420 2
S 96054169 294 101430 2
S 96076168 294 101422 2
S 96098166 294 101424 2
S 96120165 294 101427 2
S 96142164 294 101423 2
S 96164162 294 101422 2
S 96186161 294 101420 2
S 96208160 294 101423 2
S 96230158 294 101423 2
S 96252157 294 101418 2
S 96274155 294 101422 2
S 96296154 294 101425 2
S 96318153 294 101415 2
S 96340151 294 101413 2
S 96362150 294 101413 2
S 96384149 294 101422 2
S 96406147 294 101414 2
S 96428146 294 101426 2
S 96450144 294 101418 2
S 96472143 294 101425 2
S 96494142 294 101420 2
S 96516140 294 101416 2
S 96538139 294 101425 2
S 96560138 294 101422 2
S 96582136 294 101423 2
S 96604135 294 101418 2
S 96626133 294 101427 2
S 96648132 294 101415 2
S 96670131 294 101418 2
S 96692129 294 101415 2
S 96714128 294 101419 2
S 96736127 294 101421 2
S 96758125 294 101421 2
S 96780124 294 101424 2
S 96802122 294 101415 2
S 96824121 294 101419 2
S 96846120 294 101422 2
S 96868118 294 101428 2
S 96890117 294 101432 2
S 96912116 294 101419 2
S 96934114 294 101419 2
S 96956113 294 101427 2
S 96978111 294 101417 2
S 97000110 294 101415 2
S 97022109 294 101420 2
S 97044107 294 101410 2
S 97066106 294 101423 2
S 97088105 294 101422 2
S 97110103 294 101423 2
S 97132102 294 101425 2
S 97154100 294 101421 2
S 97176099 294 101424 2
S 97198098 294 101426 2
S 97220096 294 101426 2
S 97242095 294 101427 2
S 97264094 294 101424 2
S 97286092 294 101421 2
S 97308091 294 101431 2
S 97330089 294 101428 2
S 97352088 294 101426 2
S 97374087 294 101416 2
S 97396085 294 101427 2
S 97418084 294 101423 2
S 97440083 294 101420 2
S 97462081 294 101417 2
S 97484080 294 101425 2
S 97506078 294 101422 2
S 97528077 294 101423 2
S 97550076 294 101419 2
S 97572074 294 101423 2
S 97594073 294 101423 2
S 97616072 294 101417 2
S 97638070 294 101420 2
S 97660069 294 101429 2
S 97682067 294 101420 2
S 97704066 294 101423 2
S 97726065 294 101427 2
S 97748063 294 101422 2
S 97770062 294 101425 2
S 97792061 294 101420 2
S 97814059 294 101420 2
S 97836058 294 101422 2
S 97858056 294 101425 2
S 97880055 294 101422 2
S 97902054 294 101428 2
S 97924052 294 101418 2
S 97946051 294 101426 2
S 97968050 294 101422 2
S 97990048 294 101423 2
S 98012047 294 101420 2
S 98034045 294 101426 2
S 98056044 294 101428 2
S 98078043 294 101426 2
S 98100041 294 101423 2
S 98122040 294 101424 2
S 98144039 294 101423 2
S 98166037 294 101429 2
S 98188036 294 101425 2
S 98210034 294 101428 2
S 98232033 294 101429 2
S 98254032 294 101422 2
S 98276030 294 101425 2
S 98298029 294 101426 2
S 98320028 294 101427 2
S 98342026 294 101426 2
S 98364025 294 101423 2
S 98386023 294 101423 2
S 98408022 294 101431 2
S 98430021 294 101413 2
S 98452019 294 101414 2
S 98474018 294 101423 2
S 98496017 294 101415 2
S 98518015 294 101422 2
S 98540014 294 101424 2
S 98562012 294 101423 2
S 98584011 294 101417 2
S 98606010 294 101419 2
S 98628008 294 101429 2
S 98650007 294 101420 2
S 98672006 294 101411 2
S 98694004 294 101423 2
S 98716003 294 101412 2
S 98738001 294 101426 2
S 98760000 294 101427 2
S 98781999 294 101424 2
S 98803997 294 101421 2
S 98825996 294 101417 2
S 98847995 294 101422 2
S 98869993 294 101426 2
S 98891992 294 101431 2
S 98913990 294 101426 2
S 98935989 294 101423 2
S 98957988 294 101418 2
S 98979986 294 101424 2
S 99001985 294 101424 2
S 99023984 294 101417 2
S 99045982 294 101426 2
S 99067981 294 101426 2
S 99089979 294 101421 2
S 99111978 294 101422 2
S 99133977 294 101426 2
S 99155975 294 101417 2
S 99177974 294 101424 2
S 99199973 294 101422 2
S 99221971 294 101422 2
S 99243970 294 101416 2
S 99265968 294 101428 2
S 99287967 294 101429 2
S 99309966 294 101431 2
S 99331964 294 101426 2
S 99353963 294 101431 2
S 99375962 294 101430 2
S 99397960 294 101431 2
S 99419959 294 101427 2
S 99441957 294 101428 2
S 99463956 294 101432 2
S 99485955 294 101422 2
S 99507953 294 101423 2
S 99529952 294 101426 2
S 99551951 294 101422 2
S 99573949 294 101417 2
S 99595948 294 101426 2
S 99617946 294 101427 2
S 99639945 294 101423 2
S 99661944 294 101427 2
S 99683942 294 101426 2
S 99705941 294 101426 2
S 99727940 294 101422 2
S 99749938 294 101426 2
S 99771937 294 101429 2
S 99793935 294 101424 2
S 99815934 294 101426 2
S 99837933 294 101423 2
S 99859931 294 101423 2
S 99881930 294 101426 2
S 99903929 294 101422 2
S 99925927 294 101419 2
S 99947926 294 101418 2
S 99969924 294 101425 2
S 99991923 294 101426 2
S 100013922 294 101426 2
S 100035920 294 101429 2
S 100057919 294 101426 2
S 100079918 294 101424 2
S 100101916 294 101426 2
S 100123915 294 101428 2
S 100145913 294 101426 2
S 100167912 294 101423 2
S 100189911 294 101414 2
S 100211909 294 101423 2
S 100233908 294 101420 2
S 100255907 294 101420 2
S 100277905 294 101427 2
S 100299904 294 101428 2
S 100321902 294 101421 2
S 100343901 294 101424 2
S 100365900 294 101430 2
S 100387898 294 101424 2
S 100409897 294 101426 2
S 100431896 294 101422 2
S 100453894 294 101425 2
S 100475893 294 101426 2
S 100497891 294 101424 2
S 100519890 294 101420 2
S 100541889 294 101420 2
S 100563887 294 101418 2
S 100585886 294 101425 2
S 100607885 294 101423 2
S 100629883 294 101424 2
S 100651882 294 101424 2
S 100673880 294 101422 2
S 100695879 294 101418 2
S 100717878 294 101417 2
S 100739876 294 101423 2
S 100761875 294 101420 2
S 100783874 294 101425 2
S 100805872 294 101423 2
S 100827871 294 101422 2
S 100849869 294 101422 2
S 100871868 294 101412 2
S 100893867 294 101418 2
S 100915865 294 101429 2
S 100937864 294 101426 2
S 100959863 294 101423 2
S 100981861 294 101428 2
S 101003860 294 101431 2
S 101025858 294 101430 2
S 101047857 294 101427 2
S 101069856 294 101420 2
S 101091854 294 101421 2
S 101113853 294 101416 2
S 101135852 294 101420 2
S 101157850 294 101427 2
S 101179849 294 101426 2
S 101201847 294 101414 2
S 101223846 294 101420 2
S 101245845 294 101415 2
S 101267843 294 101432 2
S 101289842 294 101423 2
S 101311841 294 101425 2
S 101333839 294 101429 2
S 101355838 294 101425 2
S 101377836 294 101423 2
S 101399835 294 101426 2
S 101421834 294 101426 2
S 101443832 294 101426 2
S 101465831 294 101422 2
S 101487830 294 101423 2
S 101509828 294 101418 2
S 101531827 294 101423 2
S 101553825 294 101422 2
S 101575824 294 101417 2
S 101597823 294 101429 2
S 101619821 294 101426 2
S 101641820 294 101420 2
S 101663819 294 101427 2
S 101685817 294 101423 2
S 101707816 294 101429 2
S 101729814 294 101429 2
S 101751813 294 101427 2
S 101773812 294 101423 2
S 101795810 294 101430 2
S 101817809 294 101424 2
S 101839808 294 101430 2
S 101861806 294 101426 2
S 101883805 294 101418 2
S 101905803 294 101429 2
S 101927802 294 101418 2
S 101949801 294 101415 2
S 101971799 294 101417 2
S 101993798 294 101414 2
S 102015797 294 101423 2
S 102037795 294 101421 2
S 102059794 294 101422 2
S 102081792 294 101425 2
S 102103791 294 101420 2
S 102125790 294 101417 2
S 102147788 294 101419 2
S 102169787 294 101417 2
S 102191786 294 101418 2
S 102213784 294 101423 2
S 102235783 294 101414 2
S 102257781 294 101419 2
S 102279780 294 101431 2
S 102301779 294 101420 2
S 102323777 294 101414 2
S 102345776 294 101426 2
S 102367775 294 101425 2
S 102389773 294 101424 2
S 102411772 294 101423 2
S 102433770 294 101423 2
S 102455769 294 101418 2
S 102477768 294 101427 2
S 102499766 294 101417 2
S 102521765 294 101420 2
S 102543764 294 101423 2
S 102565762 294 101429 2
S 102587761 294 101415 2
S 102609759 294 101420 2
S 102631758 294 101414 2
S 102653757 294 101417 2
S 102675755 294 101422 2
S 102697754 294 101414 2
S 102719753 294 101416 2
S 102741751 294 101426 2
S 102763750 294 101420 2
S 102785748 294 101418 2
S 102807747 294 101414 2
S 102829746 294 101419 2
S 102851744 294 101415 2
S 102873743 294 101418 2
S 102895742 294 101415 2
S 102917740 294 101414 2
S 102939739 294 101419 2
S 102961737 294 101418 2
S 102983736 294 101417 2
S 103005735 294 101426 2
S 103027733 294 101414 2
S 103049732 294 101414 2
S 103071731 294 101421 2
S 103093729 294 101421 2
S 103115728 294 101417 2
S 103137726 294 101426 2
S 103159725 294 101424 2
S 103181724 294 101428 2
S 103203722 294 101419 2
S 103225721 294 101423 2
S 103247720 294 101427 2
S 103269718 294 101420 2
S 103291717 294 101416 2
S 103313715 294 101424 2
S 103335714 294 101419 2
S 103357713 294 101416 2
S 103379711 294 101420 2
S 103401710 294 101416 2
S 103423709 294 101411 2
S 103445707 294 101419 2
S 103467706 294 101414 2
S 103489704 294 101419 2
S 103511703 294 101412 2
S 103533702 294 101420 2
S 103555700 294 101419 2
S 103577699 294 101418 2
S 103599698 294 101418 2
S 103621696 294 101420 2
S 103643695 294 101420 2
S 103665693 294 101417 2
S 103687692 294 101410 2
S 103709691 294 101414 2
S 103731689 294 101412 2
S 103753688 294 101413 2
S 103775687 294 101407 2
S 103797685 294 101413 2
S 103819684 294 101416 2
S 103841682 294 101413 2
S 103863681 294 101417 2
S 103885680 294 101414 2
S 103907678 294 101406 2
S 103929677 294 101414 2
S 103951676 294 101413 2
S 103973674 294 101412 2
S 103995673 294 101413 2
S 104017671 294 101416 2
S 104039670 294 101414 2
S 104061669 294 101415 2
S 104083667 294 101411 2
S 104105666 294 101419 2
S 104127665 294 101415 2
S 104149663 294 101423 2
S 104171662 294 101421 2
S 104193660 294 101420 2
S 104215659 294 101423 2
S 104237658 294 101418 2
S 104259656 294 101422 2
S 104281655 294 101420 2
S 104303654 294 101420 2
S 104325652 294 101429 2
S 104347651 294 101425 2
S 104369649 294 101429 2
S 104391648 294 101426 2
S 104413647 294 101421 2
S 104435645 294 101421 2
S 104457644 294 101418 2
S 104479643 294 101423 2
S 104501641 294 101420 2
S 104523640 294 101421 2
S 104545638 294 101420 2
S 104567637 294 101413 2
S 104589636 294 101417 2
S 104611634 294 101427 2
S 104633633 294 101428 2
S 104655632 294 101423 2
S 104677630 294 101423 2
S 104699629 294 101423 2
S 104721627 294 101420 2
S 104743626 294 101420 2
S 104765625 294 101421 2
S 104787623 294 101422 2
S 104809622 294 101418 2
S 104831621 294 101422 2
S 104853619 294 101432 2
S 104875618 294 101425 2
S 104897616 294 101433 2
S 104919615 294 101434 2
S 104941614 294 101424 2
S 104963612 294 101427 2
S 104985611 294 101421 2
S 105007610 294 101420 2
S 105029608 294 101421 2
S 105051607 294 101426 2
S 105073605 294 101425 2
S 105095604 294 101420 2
S 105117603 294 101419 2
S 105139601 294 101418 2
S 105161600 294 101417 2
S 105183599 294 101427 2
S 105205597 294 101427 2
S 105227596 294 101418 2
S 105249594 294 101426 2
S 105271593 294 101426 2
S 105293592 294 101418 2
S 105315590 294 101420 2
S 105337589 294 101427 2
S 105359588 294 101430 2
S 105381586 294 101422 2
S 105403585 294 101424 2
S 105425583 294 101418 2
S 105447582 294 101414 2
S 105469581 294 101411 2
S 105491579 294 101416 2
S 105513578 294 101420 2
S 105535577 294 101424 2
S 105557575 294 101426 2
S 105579574 294 101420 2
S 105601572 294 101415 2
S 105623571 294 101415 2
S 105645570 294 101420 2
S 105667568 294 101424 2
S 105689567 294 101424 2
S 105711566 294 101426 2
S 105733564 294 101427 2
S 105755563 294 101425 2
S 105777561 294 101418 2
S 105799560 294 101427 2
S 105821559 294 101420 2
S 105843557 294 101417 2
S 105865556 294 101420 2
S 105887555 294 101426 2
S 105909553 294 101426 2
S 105931552 294 101429 2
S 105953550 294 101430 2
S 105975549 294 101420 2
S 105997548 294 101428 2
S 106019546 294 101424 2
S 106041545 294 101419 2
S 106063544 294 101426 2
S 106085542 294 101430 2
S 106107541 294 101423 2
S 106129539 294 101420 2
S 106151538 294 101432 2
S 106173537 294 101426 2
S 106195535 294 101420 2
S 106217534 294 101420 2
S 106239533 294 101416 2
S 106261531 294 101423 2
S 106283530 294 101414 2
S 106305528 294 101417 2
S 106327527 294 101417 2
S 106349526 294 101419 2
S 106371524 294 101423 2
S 106393523 294 101424 2
S 106415522 294 101424 2
S 106437520 294 101428 2
S 106459519 294 101417 2
S 106481517 294 101410 2
S 106503516 294 101426 2
S 106525515 294 101417 2
S 106547513 294 101417 2
S 106569512 294 101418 2
S 106591511 294 101420 2
S 106613509 294 101426 2
S 106635508 294 101418 2
S 106657506 294 101423 2
S 106679505 294 101417 2
S 106701504 294 101423 2
S 106723502 294 101418 2
S 106745501 294 101426 2
S 106767500 294 101423 2
S 106789498 294 101429 2
S 106811497 294 101432 2
S 106833495 294 101429 2
S 106855494 294 101418 2
S 106877493 294 101427 2
S 106899491 294 101420 2
S 106921490 294 101421 2
S 106943489 294 101426 2
S 106965487 294 101429 2
S 106987486 294 101427 2
S 107009484 294 101428 2
S 107031483 294 101420 2
S 107053482 294 101420 2
S 107075480 294 101424 2
S 107097479 294 101423 2
S 107119478 294 101418 2
S 107141476 294 101419 2
S 107163475 294 101423 2
S 107185473 294 101420 2
S 107207472 294 101422 2
S 107229471 294 101420 2
S 107251469 294 101426 2
S 107273468 294 101421 2
S 107295467 294 101421 2
S 107317465 294 101429 2
S 107339464 294 101419 2
S 107361462 294 101422 2
S 107383461 294 101420 2
S 107405460 294 101421 2
S 107427458 294 101423 2
S 107449457 294 101420 2
S 107471456 294 101422 2
S 107493454 294 101417 2
S 107515453 294 101418 2
S 107537451 294 101423 2
S 107559450 294 101424 2
S 107581449 294 101428 2
S 107603447 294 101417 2
S 107625446 294 101415 2
S 107647445 294 101417 2
S 107669443 294 101429 2
S 107691442 294 101417 2
S 107713440 294 101426 2
S 107735439 294 101416 2
S 107757438 294 101418 2
S 107779436 294 101418 2
S 107801435 294 101428 2
S 107823434 294 101421 2
S 107845432 294 101425 2
S 107867431 294 101420 2
S 107889429 294 101418 2
S 107911428 294 101417 2
S 107933427 294 101430 2
S 107955425 294 101417 2
S 107977424 294 101428 2
S 107999423 294 101416 2
S 108021421 294 101421 2
S 108043420 294 101423 2
S 108065418 294 101413 2
S 108087417 294 101413 2
S 108109416 294 101429 2
S 108131414 294 101433 2
S 108153413 294 101433 2
S 108175412 294 101425 2
S 108197410 294 101434 2
S 108219409 294 101423 2
S 108241407 294 101442 2
S 108263406 294 101431 2
S 108285405 294 101438 2
S 108307403 294 101430 2
S 108329402 294 101425 2
S 108351401 294 101425 2
S 108373399 294 101425 2
S 108395398 294 101433 2
S 108417396 294 101423 2
S 108439395 294 101422 2
S 108461394 294 101423 2
S 108483392 294 101423 2
S 108505391 294 101424 2
S 108527390 294 101424 2
S 108549388 294 101420 2
S 108571387 294 101428 2
S 108593385 294 101423 2
S 108615384 294 101420 2
S 108637383 294 101424 2
S 108659381 294 101429 2
S 108681380 294 101425 2
S 108703379 294 101424 2
S 108725377 294 101425 2
S 108747376 294 101424 2
S 108769374 294 101422 2
S 108791373 294 101418 2
S 108813372 294 101425 2
S 108835370 294 101420 2
S 108857369 294 101425 2
S 108879368 294 101423 2
S 108901366 294 101429 2
S 108923365 294 101423 2
S 108945363 294 101420 2
S 108967362 294 101419 2
S 108989361 294 101423 2
S 109011359 294 101415 2
S 109033358 294 101422 2
S 109055357 294 101428 2
S 109077355 294 101418 2
S 109099354 294 101417 2
S 109121352 294 101423 2
S 109143351 294 101420 2
S 109165350 294 101423 2
S 109187348 294 101417 2
S 109209347 294 101422 2
S 109231346 294 101413 2
S 109253344 294 101420 2
S 109275343 294 101412 2
S 109297341 294 101419 2
S 109319340 294 101411 2
S 109341339 294 101424 2
S 109363337 294 101424 2
S 109385336 294 101426 2
S 109407335 294 101424 2
S 109429333 294 101417 2
S 109451332 294 101417 2
S 109473330 294 101417 2
S 109495329 294 101416 2
S 109517328 294 101424 2
S 109539326 294 101423 2
S 109561325 294 101423 2
S 109583324 294 101424 2
S 109605322 294 101433 2
S 109627321 294 101417 2
S 109649319 294 101413 2
S 109671318 294 101414 2
S 109693317 294 101419 2
S 109715315 294 101422 2
S 109737314 294 101414 2
S 109759313 294 101416 2
S 109781311 294 101426 2
S 109803310 294 101420 2
S 109825308 294 101426 2
S 109847307 294 101427 2
S 109869306 294 101418 2
S 109891304 294 101416 2
S 109913303 294 101417 2
S 109935302 294 101414 2
S 109957300 294 101422 2
S 109979299 294 101421 2
S 110001298 294 101420 2
S 110023296 294 101416 2
S 110045295 294 101422 2
S 110067293 294 101414 2
S 110089292 294 101417 2
S 110111291 294 101420 2
S 110133289 294 101418 2
S 110155288 294 101436 2
S 110177286 294 101423 2
S 110199285 294 101427 2
S 110221284 294 101422 2
S 110243282 294 101419 2
S 110265281 294 101428 2
S 110287280 294 101420 2
S 110309278 294 101434 2
S 110331277 294 101423 2
S 110353275 294 101418 2
S 110375274 294 101421 2
S 110397273 294 101417 2
S 110419271 294 101426 2
S 110441270 294 101431 2
S 110463269 294 101418 2
S 110485267 294 101423 2
S 110507266 294 101428 2
S 110529264 294 101408 2
S 110551263 294 101424 2
S 110573262 294 101416 2
S 110595260 294 101408 2
S 110617259 294 101421 2
S 110639258 294 101414 2
S 110661256 294 101412 2
S 110683255 294 101417 2
S 110705253 294 101423 2
S 110727252 294 101418 2
S 110749251 294 101411 2
S 110771249 294 101420 2
S 110793248 294 101422 2
S 110815247 294 101420 2
S 110837245 294 101417 2
S 110859244 294 101409 2
S 110881242 294 101423 2
S 110903241 294 101412 2
S 110925240 294 101418 2
S 110947238 294 101417 2
S 110969237 294 101420 2
S 110991236 294 101419 2
S 111013234 294 101414 2
S 111035233 294 101419 2
S 111057231 294 101429 2
S 111079230 294 101421 2
S 111101229 294 101420 2
S 111123227 294 101420 2
S 111145226 294 101418 2
S 111167225 294 101420 2
S 111189223 294 101417 2
S 111211222 294 101420 2
S 111233220 294 101420 2
S 111255219 294 101417 2
S 111277218 294 101414 2
S 111299216 294 101410 2
S 111321215 294 101430 2
S 111343214 294 101418 2
S 111365212 294 101411 2
S 111387211 294 101417 2
S 111409209 294 101417 2
S 111431208 294 101417 2
S 111453207 294 101420 2
S 111475205 294 101425 2
S 111497204 294 101419 2
S 111519203 294 101417 2
S 111541201 294 101427 2
S 111563200 294 101420 2
S 111585198 294 101419 2
S 111607197 294 101432 2
S 111629196 294 101415 2
S 111651194 294 101427 2
S 111673193 294 101425 2
S 111695192 294 101423 2
S 111717190 294 101420 2
S 111739189 294 101423 2
S 111761187 294 101428 2
S 111783186 294 101424 2
S 111805185 294 101420 2
S 111827183 294 101421 2
S 111849182 294 101423 2
S 111871181 294 101419 2
S 111893179 294 101420 2
S 111915178 294 101420 2
S 111937176 294 101419 2
S 111959175 294 101417 2
S 111981174 294 101426 2
S 112003172 294 101422 2
S 112025171 294 101416 2
S 112047170 294 101419 2
S 112069168 294 101419 2
S 112091167 294 101427 2
S 112113165 294 101421 2
S 112135164 294 101415 2
S 112157163 294 101420 2
S 112179161 294 101420 2
S 112201160 294 101424 2
S 112223159 294 101430 2
S 112245157 294 101426 2
S 112267156 294 101430 2
S 112289154 294 101425 2
S 112311153 294 101420 2
S 112333152 294 101426 2
S 112355150 294 101421 2
S 112377149 294 101420 2
S 112399148 294 101425 2
S 112421146 294 101430 2
S 112443145 294 101429 2
S 112465143 294 101425 2
S 112487142 294 101418 2
S 112509141 294 101417 2
S 112531139 294 101417 2
S 112553138 294 101426 2
S 112575137 294 101417 2
S 112597135 294 101411 2
S 112619134 294 101425 2
S 112641132 294 101414 2
S 112663131 294 101416 2
S 112685130 294 101427 2
S 112707128 294 101414 2
S 112729127 294 101414 2
S 112751126 294 101422 2
S 112773124 294 101420 2
S 112795123 294 101417 2
S 112817121 294 101414 2
S 112839120 294 101415 2
S 112861119 294 101417 2
S 112883117 294 101426 2
S 112905116 294 101422 2
S 112927115 294 101428 2
S 112949113 294 101423 2
S 112971112 294 101421 2
S 112993110 294 101417 2
S 113015109 294 101415 2
S 113037108 294 101417 2
S 113059106 294 101426 2
S 113081105 294 101422 2
S 113103104 294 101417 2
S 113125102 294 101420 2
S 113147101 294 101414 2
S 113169099 294 101423 2
S 113191098 294 101413 2
S 113213097 294 101414 2
S 113235095 294 101417 2
S 113257094 294 101424 2
S 113279093 294 101425 2
S 113301091 294 101417 2
S 113323090 294 101417 2
S 113345088 294 101417 2
S 113367087 294 101411 2
S 113389086 294 101419 2
S 113411084 294 101417 2
S 113433083 294 101420 2
S 113455082 294 101414 2
S 113477080 294 101419 2
S 113499079 294 101419 2
S 113521077 294 101422 2
S 113543076 294 101417 2
S 113565075 294 101416 2
S 113587073 294 101418 2
S 113609072 294 101417 2
S 113631071 294 101414 2
S 113653069 294 101414 2
S 113675068 294 101415 2
S 113697066 294 101411 2
S 113719065 294 101427 2
S 113741064 294 101420 2
S 113763062 294 101424 2
S 113785061 294 101416 2
S 113807060 294 101419 2
S 113829058 294 101417 2
S 113851057 294 101418 2
S 113873055 294 101415 2
S 113895054 294 101425 2
S 113917053 294 101420 2
S 113939051 294 101421 2
S 113961050 294 101418 2
S 113983049 294 101420 2
S 114005047 294 101420 2
S 114027046 294 101422 2
S 114049044 294 101418 2
S 114071043 294 101414 2
S 114093042 294 101417 2
S 114115040 294 101415 2
S 114137039 294 101414 2
S 114159038 294 101417 2
S 114181036 294 101426 2
S 114203035 294 101418 2
S 114225033 294 101415 2
S 114247032 294 101409 2
S 114269031 294 101414 2
S 114291029 294 101416 2
S 114313028 294 101415 2
S 114335027 294 101418 2
S 114357025 294 101422 2
S 114379024 294 101420 2
S 114401022 294 101422 2
S 114423021 294 101420 2
S 114445020 294 101420 2
S 114467018 294 101421 2
S 114489017 294 101418 2
S 114511016 294 101415 2
S 114533014 294 101414 2
S 114555013 294 101415 2
S 114577011 294 101416 2
S 114599010 294 101415 2
S 114621009 294 101409 2
S 114643007 294 101411 2
S 114665006 294 101417 2
S 114687005 294 101421 2
S 114709003 294 101413 2
S 114731002 293 101413 2
S 114753000 294 101415 2
S 114774999 294 101421 2
S 114796998 294 101424 2
S 114818996 294 101426 2
S 114840995 294 101420 2
S 114862994 294 101418 2
S 114884992 294 101423 2
S 114906991 294 101420 2
S 114928989 294 101423 2
S 114950988 294 101423 2
S 114972987 294 101425 2
S 114994985 294 101419 2
S 115016984 294 101421 2
S 115038983 294 101416 2
S 115060981 294 101413 2
S 115082980 294 101420 2
S 115104978 294 101415 2
S 115126977 294 101417 2
S 115148976 294 101423 2
S 115170974 294 101420 2
S 115192973 294 101429 2
S 115214972 294 101426 2
S 115236970 294 101424 2
S 115258969 294 101417 2
S 115280967 294 101422 2
S 115302966 294 101422 2
S 115324965 294 101424 2
S 115346963 294 101425 2
S 115368962 294 101417 2
S 115390961 294 101413 2
S 115412959 294 101415 2
S 115434958 294 101419 2
S 115456956 294 101430 2
S 115478955 294 101430 2
S 115500954 294 101426 2
S 115522952 294 101414 2
S 115544951 294 101422 2
S 115566950 293 101421 2
S 115588948 294 101430 2
S 115610947 294 101423 2
S 115632945 294 101418 2
S 115654944 294 101423 2
S 115676943 294 101424 2
S 115698941 294 101428 2
S 115720940 294 101425 2
S 115742939 294 101420 2
S 115764937 294 101426 2
S 115786936 294 101426 2
S 115808934 294 101427 2
S 115830933 294 101429 2
S 115852932 294 101421 2
S 115874930 294 101423 2
S 115896929 294 101414 2
S 115918928 294 101417 2
S 115940926 294 101425 2
S 115962925 294 101421 2
S 115984923 294 101423 2
S 116006922 294 101424 2
S 116028921 294 101432 2
S 116050919 294 101423 2
S 116072918 294 101423 2
S 116094917 294 101424 2
S 116116915 294 101426 2
S 116138914 294 101431 2
S 116160912 294 101423 2
S 116182911 294 101424 2
S 116204910 294 101427 2
S 116226908 294 101418 2
S 116248907 294 101420 2
S 116270906 294 101428 2
S 116292904 294 101425 2
S 116314903 294 101431 2
S 116336901 294 101421 2
S 116358900 294 101420 2
S 116380899 294 101425 2
S 116402897 294 101424 2
S 116424896 294 101422 2
S 116446895 294 101416 2
S 116468893 294 101422 2
S 116490892 294 101416 2
S 116512890 294 101418 2
S 116534889 294 101420 2
S 116556888 294 101425 2
S 116578886 294 101425 2
S 116600885 294 101419 2
S 116622884 293 101423 2
S 116644882 294 101425 2
S 116666881 294 101426 2
S 116688879 293 101421 2
S 116710878 294 101429 2
S 116732877 294 101424 2
S 116754875 294 101425 2
S 116776874 294 101424 2
S 116798873 294 101423 2
S 116820871 294 101422 2
S 116842870 294 101425 2
S 116864868 294 101424 2
S 116886867 294 101419 2
S 116908866 294 101422 2
S 116930864 294 101419 2
S 116952863 294 101425 2
S 116974862 294 101423 2
S 116996860 294 101420 2
S 117018859 294 101425 2
S 117040857 294 101425 2
S 117062856 294 101425 2
S 117084855 294 101422 2
S 117106853 294 101420 2
S 117128852 294 101428 2
S 117150851 294 101419 2
S 117172849 294 101422 2
S 117194848 293 101414 2
S 117216846 294 101420 2
S 117238845 294 101416 2
S 117260844 294 101422 2
S 117282842 293 101416 2
S 117304841 293 101416 2
S 117326840 294 101418 2
S 117348838 294 101418 2
S 117370837 294 101423 2
S 117392835 294 101421 2
S 117414834 293 101419 2
S 117436833 293 101422 2
S 117458831 293 101418 2
S 117480830 294 101417 2
S 117502829 294 101422 2
S 117524827 293 101420 2
S 117546826 294 101423 2
S 117568824 293 101416 2
S 117590823 294 101422 2
S 117612822 293 101414 2
S 117634820 294 101419 2
S 117656819 293 101414 2
S 117678818 293 101413 2
S 117700816 293 101414 2
S 117722815 294 101417 2
S 117744813 293 101417 2
S 117766812 294 101430 2
S 117788811 293 101414 2
S 117810809 294 101425 2
S 117832808 294 101416 2
S 117854807 293 101414 2
S 117876805 293 101425 2
S 117898804 294 101430 2
S 117920802 294 101423 2
S 117942801 293 101424 2
S 117964800 294 101420 2
S 117986798 293 101417 2
S 118008797 294 101417 2
S 118030796 294 101427 2
S 118052794 294 101420 2
S 118074793 293 101417 2
S 118096791 293 101423 2
S 118118790 293 101422 2
S 118140789 293 101417 2
S 118162787 294 101415 2
S 118184786 294 101417 2
S 118206785 293 101418 2
S 118228783 293 101415 2
S 118250782 293 101416 2
S 118272780 294 101420 2
S 118294779 294 101417 2
S 118316778 293 101416 2
S 118338776 293 101418 2
S 118360775 294 101414 2
S 118382774 293 101415 2
S 118404772 293 101418 2
S 118426771 293 101412 2
S 118448769 293 101416 2
S 118470768 293 101414 2
S 118492767 293 101414 2
S 118514765 294 101416 2
S 118536764 293 101414 2
S 118558763 293 101421 2
S 118580761 294 101422 2
S 118602760 293 101416 2
S 118624758 293 101417 2
S 118646757 294 101415 2
S 118668756 294 101421 2
S 118690754 293 101409 2
S 118712753 293 101416 2
S 118734752 294 101418 2
S 118756750 293 101419 2
S 118778749 294 101422 2
S 118800747 293 101419 2
S 118822746 293 101414 2
S 118844745 293 101417 2
S 118866743 293 101416 2
S 118888742 293 101416 2
S 118910741 293 101414 2
S 118932739 293 101413 2
S 118954738 293 101419 2
S 118976736 293 101410 2
S 118998735 293 101408 2
S 119020734 294 101413 2
S 119042732 293 101421 2
S 119064731 294 101419 2
S 119086730 294 101428 2
S 119108728 294 101424 2
S 119130727 293 101419 2
S 119152725 294 101421 2
S 119174724 293 101423 2
S 119196723 293 101422 2
S 119218721 294 101431 2
S 119240720 294 101417 2
S 119262719 293 101418 2
S 119284717 294 101425 2
S 119306716 294 101421 2
S 119328714 294 101422 2
S 119350713 294 101422 2
S 119372712 293 101421 2
S 119394710 294 101422 2
S 119416709 294 101423 2
S 119438708 294 101419 2
S 119460706 294 101416 2
S 119482705 294 101417 2
S 119504703 293 101417 2
S 119526702 294 101423 2
S 119548701 294 101417 2
S 119570699 294 101420 2
S 119592698 294 101422 2
S 119614697 293 101415 2
S 119636695 294 101416 2
S 119658694 293 101412 2
S 119680692 294 101417 2
S 119702691 294 101412 2
S 119724690 293 101418 2
S 119746688 293 101411 2
S 119768687 293 101417 2
S 119790686 294 101410 2
S 119812684 294 101421 2
S 119834683 294 101417 2
S 119856681 293 101423 2
S 119878680 293 101418 2
S 119900679 293 101419 2
S 119922677 293 101414 2
S 119944676 294 101413 2
S 119966675 294 101422 2
S 119988673 294 101424 2
S 120010672 294 101416 2
S 120032670 294 101422 2
S 120054669 294 101428 2
S 120076668 293 101419 2
S 120098666 294 101420 2
S 120120665 294 101431 2
S 120142664 294 101422 2
S 120164662 294 101414 2
S 120186661 294 101421 2
S 120208659 294 101416 2
S 120230658 293 101411 2
S 120252657 293 101414 2
S 120274655 294 101411 2
S 120296654 293 101417 2
S 120318653 293 101416 2
S 120340651 293 101422 2
S 120362650 293 101417 2
S 120384648 293 101418 2
S 120406647 294 101423 2
S 120428646 293 101412 2
S 120450644 294 101417 2
S 120472643 294 101417 2
S 120494642 294 101416 2
S 120516640 293 101416 2
S 120538639 294 101417 2
S 120560637 294 101417 2
S 120582636 294 101421 2
S 120604635 294 101419 2
S 120626633 294 101424 2
S 120648632 294 101422 2
S 120670631 293 101424 2
S 120692629 294 101418 2
S 120714628 293 101416 2
S 120736626 293 101415 2
S 120758625 294 101419 2
S 120780624 294 101420 2
S 120802622 294 101420 2
S 120824621 294 101426 2
S 120846620 294 101412 2
S 120868618 294 101411 2
S 120890617 294 101419 2
S 120912615 294 101420 2
S 120934614 294 101426 2
S 120956613 294 101419 2
S 120978611 294 101419 2
S 121000610 293 101415 2
S 121022609 294 101417 2
S 121044607 294 101417 2
S 121066606 294 101421 2
S 121088604 294 101422 2
S 121110603 294 101423 2
S 121132602 293 101420 2
S 121154600 294 101419 2
S 121176599 293 101421 2
S 121198598 294 101423 2
S 121220596 294 101420 2
S 121242595 294 101418 2
S 121264593 293 101422 2
S 121286592 293 101411 2
S 121308591 294 101418 2
S 121330589 294 101418 2
S 121352588 293 101413 2
S 121374587 293 101417 2
S 121396585 294 101420 2
S 121418584 294 101411 2
S 121440582 293 101409 2
S 121462581 294 101420 2
S 121484580 294 101425 2
S 121506578 294 101423 2
S 121528577 294 101420 2
S 121550576 294 101419 2
S 121572574 294 101414 2
S 121594573 294 101425 2
S 121616571 294 101417 2
S 121638570 294 101423 2
S 121660569 294 101419 2
S 121682567 293 101418 2
S 121704566 293 101418 2
S 121726565 294 101419 2
S 121748563 294 101419 2
S 121770562 294 101425 2
S 121792560 294 101422 2
S 121814559 294 101423 2
S 121836558 293 101416 2
S 121858556 294 101427 2
S 121880555 294 101422 2
S 121902554 294 101420 2
S 121924552 293 101414 2
S 121946551 293 101423 2
S 121968549 293 101422 2
S 121990548 293 101416 2
S 122012547 293 101420 2
S 122034545 293 101423 2
S 122056544 293 101417 2
S 122078543 293 101422 2
S 122100541 293 101428 2
S 122122540 293 101422 2
S 122144538 294 101430 2
S 122166537 293 101420 2
S 122188536 293 101422 2
S 122210534 294 101422 2
S 122232533 294 101423 2
S 122254532 294 101418 2
S 122276530 294 101418 2
S 122298529 294 101427 2
S 122320527 293 101423 2
S 122342526 294 101420 2
S 122364525 293 101424 2
S 122386523 293 101418 2
S 122408522 294 101428 2
S 122430521 294 101424 2
S 122452519 293 101416 2
S 122474518 293 101419 2
S 122496516 293 101421 2
S 122518515 293 101421 2
S 122540514 294 101419 2
S 122562512 293 101421 2
S 122584511 293 101424 2
S 122606510 293 101425 2
S 122628508 293 101422 2
S 122650507 293 101425 2
S 122672505 294 101426 2
S 122694504 293 101430 2
S 122716503 293 101424 2
S 122738501 293 101422 2
S 122760500 293 101428 2
S 122782499 293 101418 2
S 122804497 293 101420 2
S 122826496 293 101420 2
S 122848494 293 101419 2
S 122870493 293 101422 2
S 122892492 293 101417 2
S 122914490 293 101423 2
S 122936489 293 101423 2
S 122958488 294 101427 2
S 122980486 293 101416 2
S 123002485 293 101414 2
S 123024483 293 101425 2
S 123046482 293 101422 2
S 123068481 293 101414 2
S 123090479 293 101421 2
S 123112478 294 101429 2
S 123134477 293 101425 2
S 123156475 293 101425 2
S 123178474 293 101419 2
S 123200472 293 101422 2
S 123222471 293 101426 2
S 123244470 293 101428 2
S 123266468 293 101420 2
S 123288467 293 101427 2
S 123310466 293 101416 2
S 123332464 293 101422 2
S 123354463 293 101425 2
S 123376461 293 101425 2
S 123398460 293 101427 2
S 123420459 293 101422 2
S 123442457 293 101425 2
S 123464456 293 101427 2
S 123486455 293 101425 2
S 123508453 293 101422 2
S 123530452 293 101422 2
S 123552450 293 101423 2
S 123574449 293 101419 2
S 123596448 293 101421 2
S 123618446 293 101425 2
S 123640445 293 101417 2
S 123662444 293 101421 2
S 123684442 293 101418 2
S 123706441 293 101412 2
S 123728439 293 101416 2
S 123750438 293 101410 2
S 123772437 293 101422 2
S 123794435 293 101417 2
S 123816434 293 101416 2
S 123838433 293 101417 2
S 123860431 293 101423 2
S 123882430 293 101420 2
S 123904428 293 101414 2
S 123926427 293 101414 2
S 123948426 293 101416 2
S 123970424 293 101421 2
S 123992423 293 101426 2
S 124014422 293 101421 2
S 124036420 293 101427 2
S 124058419 294 101426 2
S 124080417 293 101427 2
S 124102416 293 101427 2
S 124124415 293 101428 2
S 124146413 293 101429 2
S 124168412 293 101428 2
S 124190411 293 101428 2
S 124212409 293 101425 2
S 124234408 293 101422 2
S 124256406 293 101420 2
S 124278405 293 101422 2
S 124300404 293 101416 2
S 124322402 293 101417 2
S 124344401 293 101422 2
S 124366400 293 101428 2
S 124388398 293 101418 2
S 124410397 293 101421 2
S 124432395 293 101419 2
S 124454394 293 101419 2
S 124476393 293 101425 2
S 124498391 293 101427 2
S 124520390 294 101416 2
S 124542389 293 101425 2
S 124564387 293 101423 2
S 124586386 293 101412 2
S 124608384 293 101417 2
S 124630383 293 101416 2
S 124652382 293 101413 2
S 124674380 293 101416 2
S 124696379 293 101420 2
S 124718378 293 101422 2
S 124740376 293 101411 2
S 124762375 293 101421 2
S 124784373 293 101427 2
S 124806372 293 101428 2
S 124828371 293 101419 2
S 124850369 293 101419 2
S 124872368 293 101416 2
S 124894367 293 101420 2
S 124916365 293 101423 2
S 124938364 293 101417 2
S 124960362 293 101419 2
S 124982361 293 101422 2
S 125004360 293 101419 2
S 125026358 293 101417 2
S 125048357 293 101418 2
S 125070356 293 101423 2
S 125092354 293 101419 2
S 125114353 293 101419 2
S 125136351 293 101419 2
S 125158350 294 101423 2
S 125180349 293 101421 2
S 125202347 293 101424 2
S 125224346 293 101425 2
S 125246345 293 101415 2
S 125268343 293 101421 2
S 125290342 293 101421 2
S 125312340 293 101425 2
S 125334339 293 101419 2
S 125356338 293 101424 2
S 125378336 294 101424 2
S 125400335 293 101426 2
S 125422334 293 101427 2
S 125444332 293 101428 2
S 125466331 293 101422 2
S 125488329 293 101413 2
S 125510328 293 101419 2
S 125532327 293 101418 2
S 125554325 293 101422 2
S 125576324 293 101414 2
S 125598323 293 101415 2
S 125620321 293 101411 2
S 125642320 294 101417 2
S 125664318 293 101418 2
S 125686317 293 101420 2
S 125708316 293 101422 2
S 125730314 293 101424 2
S 125752313 293 101422 2
S 125774312 293 101423 2
S 125796310 293 101425 2
S 125818309 293 101418 2
S 125840307 293 101425 2
S 125862306 293 101428 2
S 125884305 293 101415 2
S 125906303 293 101424 2
S 125928302 293 101425 2
S 125950301 293 101419 2
S 125972299 293 101417 2
S 125994298 294 101423 2
S 126016296 293 101417 2
S 126038295 293 101425 2
S 126060294 294 101422 2
S 126082292 293 101419 2
S 126104291 293 101428 2
S 126126290 293 101422 2
S 126148288 294 101428 2
S 126170287 293 101426 2
S 126192285 293 101419 2
S 126214284 293 101418 2
S 126236283 294 101424 2
S 126258281 293 101415 2
S 126280280 294 101419 2
S 126302279 293 101414 2
S 126324277 293 101425 2
S 126346276 293 101417 2
S 126368274 293 101417 2
S 126390273 293 101422 2
S 126412272 293 101415 2
S 126434270 293 101418 2
S 126456269 294 101417 2
S 126478268 293 101415 2
S 126500266 294 101418 2
S 126522265 294 101414 2
S 126544263 293 101408 2
S 126566262 293 101405 2
S 126588261 293 101420 2
S 126610259 294 101421 2
S 126632258 294 101420 2
S 126654257 294 101425 2
S 126676255 293 101422 2
S 126698254 294 101422 2
S 126720252 294 101422 2
S 126742251 294 101422 2
S 126764250 293 101420 2
S 126786248 293 101418 2
S 126808247 293 101411 2
S 126830246 294 101411 2
S 126852244 293 101423 2
S 126874243 293 101415 2
S 126896241 293 101413 2
S 126918240 293 101419 2
S 126940239 294 101417 2
S 126962237 294 101418 2
S 126984236 293 101422 2
S 127006235 294 101428 2
S 127028233 294 101423 2
S 127050232 293 101421 2
S 127072230 293 101418 2
S 127094229 294 101425 2
S 127116228 293 101415 2
S 127138226 293 101417 2
S 127160225 293 101418 2
S 127182224 294 101412 2
S 127204222 293 101417 2
S 127226221 294 101423 2
S 127248219 293 101420 2
S 127270218 294 101423 2
S 127292217 294 101418 2
S 127314215 294 101424 2
S 127336214 293 101414 2
S 127358213 293 101414 2
S 127380211 293 101411 2
S 127402210 294 101415 2
S 127424208 294 101418 2
S 127446207 293 101413 2
S 127468206 293 101414 2
S 127490204 294 101414 2
S 127512203 294 101423 2
S 127534202 294 101413 2
S 127556200 294 101419 2
S 127578199 294 101417 2
S 127600197 294 101420 2
S 127622196 293 101422 2
S 127644195 294 101423 2
S 127666193 294 101421 2
S 127688192 293 101430 2
S 127710191 293 101422 2
S 127732189 293 101418 2
S 127754188 293 101420 2
S 127776186 294 101419 2
S 127798185 294 101426 2
S 127820184 293 101420 2
S 127842182 294 101423 2
S 127864181 294 101423 2
S 127886180 293 101422 2
S 127908178 294 101425 2
S 127930177 294 101432 2
S 127952175 294 101430 2
S 127974174 293 101418 2
S 127996173 294 101424 2
S 128018171 293 101417 2
S 128040170 294 101418 2
S 128062169 294 101428 2
S 128084167 294 101428 2
S 128106166 293 101419 2
S 128128164 293 101411 2
S 128150163 293 101414 2
S 128172162 294 101416 2
S 128194160 293 101417 2
S 128216159 293 101415 2
S 128238158 294 101413 2
S 128260156 293 101419 2
S 128282155 294 101426 2
S 128304153 293 101414 2
S 128326152 294 101425 2
S 128348151 293 101417 2
S 128370149 294 101422 2
S 128392148 293 101417 2
S 128414147 293 101417 2
S 128436145 293 101418 2
S 128458144 294 101421 2
S 128480142 293 101417 2
S 128502141 293 101417 2
S 128524140 293 101426 2
S 128546138 294 101428 2
S 128568137 294 101421 2
S 128590136 293 101421 2
S 128612134 294 101423 2
S 128634133 293 101415 2
S 128656131 294 101427 2
S 128678130 294 101426 2
S 128700129 294 101428 2
S 128722127 294 101425 2
S 128744126 294 101425 2
S 128766125 293 101419 2
S 128788123 293 101424 2
S 128810122 294 101421 2
S 128832120 294 101423 2
S 128854119 294 101421 2
S 128876118 294 101431 2
S 128898116 293 101414 2
S 128920115 293 101414 2
S 128942114 293 101419 2
S 128964112 293 101423 2
S 128986111 293 101422 2
S 129008109 294 101419 2
S 129030108 294 101426 2
S 129052107 294 101425 2
S 129074105 293 101428 2
S 129096104 293 101425 2
S 129118103 294 101428 2
S 129140101 293 101415 2
S 129162100 293 101419 2
S 129184098 294 101427 2
S 129206097 293 101417 2
S 129228096 294 101421 2
S 129250094 294 101423 2
S 129272093 294 101423 2
S 129294092 293 101418 2
S 129316090 293 101416 2
S 129338089 293 101422 2
S 129360087 294 101419 2
S 129382086 293 101415 2
S 129404085 293 101414 2
S 129426083 293 101416 2
S 129448082 294 101424 2
S 129470081 294 101419 2
S 129492079 293 101428 2
S 129514078 294 101419 2
S 129536076 293 101413 2
S 129558075 293 101419 2
S 129580074 293 101422 2
S 129602072 294 101423 2
S 129624071 293 101422 2
S 129646070 293 101421 2
S 129668068 294 101426 2
S 129690067 294 101422 2
S 129712065 293 101422 2
S 129734064 294 101425 2
S 129756063 294 101425 2
S 129778061 293 101425 2
S 129800060 294 101430 2
S 129822059 294 101425 2
S 129844057 294 101428 2
S 129866056 294 101423 2
S 129888054 293 101422 2
S 129910053 294 101425 2
S 129932052 294 101428 2
S 129954050 294 101432 2
S 129976049 294 101431 2
S 129998048 293 101423 2
S 130020046 294 101424 2
S 130042045 294 101422 2
S 130064043 294 101424 2
S 130086042 293 101417 2
S 130108041 294 101425 2
S 130130039 294 101423 2
S 130152038 293 101425 2
S 130174037 294 101419 2
S 130196035 293 101427 2
S 130218034 293 101424 2
S 130240032 294 101423 2
S 130262031 293 101419 2
S 130284030 294 101425 2
S 130306028 294 101425 2
S 130328027 293 101424 2
S 130350026 294 101418 2
S 130372024 294 101424 2
S 130394023 293 101413 2
S 130416021 294 101417 2
S 130438020 293 101412 2
S 130460019 294 101420 2
S 130482017 294 101415 2
S 130504016 293 101415 2
S 130526015 293 101419 2
S 130548013 293 101414 2
S 130570012 294 101415 2
S 130592010 294 101419 2
S 130614009 294 101414 2
S 130636008 293 101414 2
S 130658006 294 101421 2
S 130680005 294 101420 2
S 130702004 294 101422 2
S 130724002 294 101427 2
S 130746001 294 101421 2
S 130767999 294 101418 2
S 130789998 293 101420 2
S 130811997 294 101422 2
S 130833995 294 101421 2
S 130855994 294 101420 2
S 130877993 294 101425 2
S 130899991 294 101427 2
S 130921990 294 101419 2
S 130943988 294 101423 2
S 130965987 293 101424 2
S 130987986 293 101420 2
S 131009984 294 101419 2
S 131031983 294 101422 2
S 131053982 294 101417 2
S 131075980 294 101420 2
S 131097979 293 101419 2
S 131119977 294 101416 2
S 131141976 293 101423 2
S 131163975 294 101424 2
S 131185973 294 101426 2
S 131207972 294 101419 2
S 131229971 294 101428 2
S 131251969 294 101431 2
S 131273968 294 101427 2
S 131295966 294 101420 2
S 131317965 294 101420 2
S 131339964 294 101420 2
S 131361962 294 101424 2
S 131383961 294 101422 2
S 131405960 294 101422 2
S 131427958 294 101420 2
S 131449957 294 101420 2
S 131471955 294 101422 2
S 131493954 294 101427 2
S 131515953 294 101425 2
S 131537951 294 101427 2
S 131559950 294 101414 2
S 131581949 294 101423 2
S 131603947 294 101424 2
S 131625946 293 101415 2
S 131647944 294 101415 2
S 131669943 294 101422 2
S 131691942 294 101420 2
S 131713940 294 101428 2
S 131735939 294 101426 2
S 131757938 294 101427 2
S 131779936 294 101430 2
S 131801935 294 101417 2
S 131823933 294 101421 2
S 131845932 294 101422 2
S 131867931 293 101419 2
S 131889929 294 101424 2
S 131911928 294 101428 2
S 131933927 294 101427 2
S 131955925 294 101419 2
S 131977924 294 101425 2
S 131999922 294 101420 2
S 132021921 294 101424 2
S 132043920 294 101425 2
S 132065918 293 101417 2
S 132087917 294 101427 2
S 132109916 293 101411 2
S 132131914 294 101423 2
S 132153913 294 101419 2
S 132175911 293 101422 2
S 132197910 293 101414 2
S 132219909 294 101424 2
S 132241907 294 101421 2
S 132263906 294 101421 2
S 132285905 293 101420 2
S 132307903 294 101431 2
S 132329902 294 101423 2
S 132351900 293 101415 2
S 132373899 294 101420 2
S 132395898 294 101419 2
S 132417896 294 101425 2
S 132439895 293 101429 2
S 132461894 294 101421 2
S 132483892 293 101419 2
S 132505891 294 101422 2
S 132527889 294 101425 2
S 132549888 294 101430 2
S 132571887 294 101427 2
S 132593885 294 101428 2
S 132615884 294 101430 2
S 132637883 294 101416 2
S 132659881 294 101415 2
S 132681880 294 101422 2
S 132703878 294 101421 2
S 132725877 294 101423 2
S 132747876 294 101422 2
S 132769874 293 101417 2
S 132791873 294 101416 2
S 132813872 293 101415 2
S 132835870 293 101411 2
S 132857869 294 101428 2
S 132879867 294 101426 2
S 132901866 294 101425 2
S 132923865 294 101423 2
S 132945863 294 101435 2
S 132967862 294 101431 2
S 132989861 294 101422 2
S 133011859 293 101418 2
S 133033858 293 101417 2
S 133055856 294 101422 2
S 133077855 293 101425 2
S 133099854 293 101424 2
S 133121852 294 101426 2
S 133143851 293 101419 2
S 133165850 293 101425 2
S 133187848 293 101423 2
S 133209847 293 101424 2
S 133231845 293 101422 2
S 133253844 294 101425 2
S 133275843 293 101422 2
S 133297841 293 101417 2
S 133319840 294 101422 2
S 133341839 294 101421 2
S 133363837 293 101415 2
S 133385836 293 101416 2
S 133407834 293 101414 2
S 133429833 293 101419 2
S 133451832 293 101420 2
S 133473830 294 101423 2
S 133495829 294 101419 2
S 133517828 294 101428 2
S 133539826 294 101423 2
S 133561825 294 101423 2
S 133583823 294 101430 2
S 133605822 294 101422 2
S 133627821 294 101423 2
S 133649819 293 101425 2
S 133671818 294 101424 2
S 133693817 293 101417 2
S 133715815 294 101428 2
S 133737814 294 101425 2
S 133759812 294 101423 2
S 133781811 293 101425 2
S 133803810 293 101423 2
S 133825808 293 101422 2
S 133847807 294 101422 2
S 133869806 294 101418 2
S 133891804 293 101420 2
S 133913803 294 101420 2
S 133935801 293 101413 2
S 133957800 294 101418 2
S 133979799 294 101422 2
S 134001797 293 101424 2
S 134023796 293 101414 2
S 134045795 293 101418 2
S 134067793 293 101414 2
S 134089792 293 101418 2
S 134111790 293 101415 2
S 134133789 294 101424 2
S 134155788 293 101414 2
S 134177786 294 101419 2
S 134199785 294 101424 2
S 134221784 294 101423 2
S 134243782 293 101418 2
S 134265781 293 101422 2
S 134287779 294 101425 2
S 134309778 294 101425 2
S 134331777 294 101422 2
S 134353775 294 101421 2
S 134375774 294 101429 2
S 134397773 294 101422 2
S 134419771 294 101428 2
S 134441770 293 101418 2
S 134463768 293 101422 2
S 134485767 293 101425 2
S 134507766 294 101423 2
S 134529764 293 101422 2
S 134551763 294 101423 2
S 134573762 294 101421 2
S 134595760 293 101425 2
S 134617759 293 101425 2
S 134639757 293 101426 2
S 134661756 294 101430 2
S 134683755 293 101419 2
S 134705753 293 101419 2
S 134727752 293 101422 2
S 134749751 294 101423 2
S 134771749 293 101413 2
S 134793748 294 101425 2
S 134815746 294 101428 2
S 134837745 294 101423 2
S 134859744 294 101423 2
S 134881742 293 101416 2
S 134903741 294 101423 2
S 134925740 294 101417 2
S 134947738 293 101419 2
S 134969737 293 101416 2
S 134991735 294 101419 2
S 135013734 293 101416 2
S 135035733 294 101423 2
S 135057731 294 101424 2
S 135079730 294 101427 2
S 135101729 293 101420 2
S 135123727 294 101433 2
S 135145726 294 101424 2
S 135167724 293 101425 2
S 135189723 293 101415 2
S 135211722 294 101421 2
S 135233720 293 101423 2
S 135255719 294 101420 2
S 135277718 294 101419 2
S 135299716 294 101425 2
S 135321715 293 101417 2
S 135343713 293 101417 2
S 135365712 293 101425 2
S 135387711 294 101425 2
S 135409709 294 101426 2
S 135431708 294 101424 2
S 135453707 294 101422 2
S 135475705 293 101414 2
S 135497704 293 101422 2
S 135519702 294 101426 2
S 135541701 294 101413 2
S 135563700 294 101427 2
S 135585698 293 101419 2
S 135607697 294 101425 2
S 135629696 293 101418 2
S 135651694 294 101422 2
S 135673693 293 101423 2
S 135695691 294 101426 2
S 135717690 294 101422 2
S 135739689 294 101421 2
S 135761687 294 101421 2
S 135783686 294 101420 2
S 135805685 294 101422 2
S 135827683 294 101420 2
S 135849682 294 101419 2
S 135871680 294 101428 2
S 135893679 294 101431 2
S 135915678 294 101434 2
S 135937676 294 101424 2
S 135959675 294 101425 2
S 135981674 294 101428 2
S 136003672 293 101421 2
S 136025671 293 101417 2
S 136047669 294 101418 2
S 136069668 293 101418 2
S 136091667 294 101431 2
S 136113665 294 101420 2
S 136135664 294 101421 2
S 136157663 294 101429 2
S 136179661 293 101416 2
S 136201660 293 101419 2
S 136223658 293 101424 2
S 136245657 294 101414 2
S 136267656 294 101417 2
S 136289654 294 101428 2
S 136311653 294 101420 2
S 136333652 294 101428 2
S 136355650 294 101426 2
S 136377649 294 101432 2
S 136399647 294 101424 2
S 136421646 293 101415 2
S 136443645 294 101425 2
S 136465643 294 101423 2
S 136487642 293 101422 2
S 136509641 294 101425 2
S 136531639 294 101426 2
S 136553638 294 101422 2
S 136575636 294 101423 2
S 136597635 294 101425 2
S 136619634 294 101421 2
S 136641632 293 101416 2
S 136663631 294 101425 2
S 136685630 294 101423 2
S 136707628 294 101422 2
S 136729627 294 101423 2
S 136751625 293 101417 2
S 136773624 294 101422 2
S 136795623 294 101423 2
S 136817621 294 101425 2
S 136839620 294 101425 2
S 136861619 294 101425 2
S 136883617 294 101425 2
S 136905616 294 101423 2
S 136927614 294 101427 2
S 136949613 294 101426 2
S 136971612 294 101425 2
S 136993610 294 101434 2
S 137015609 294 101428 2
S 137037608 294 101425 2
S 137059606 294 101428 2
S 137081605 294 101428 2
S 137103603 294 101429 2
S 137125602 294 101427 2
S 137147601 293 101425 2
S 137169599 294 101421 2
S 137191598 294 101423 2
S 137213597 294 101420 2
S 137235595 294 101425 2
S 137257594 294 101431 2
S 137279592 293 101425 2
S 137301591 294 101430 2
S 137323590 293 101428 2
S 137345588 294 101424 2
S 137367587 294 101434 2
S 137389586 294 101431 2
S 137411584 293 101418 2
S 137433583 293 101425 2
S 137455581 294 101418 2
S 137477580 293 101417 2
S 137499579 294 101431 2
S 137521577 293 101421 2
S 137543576 294 101423 2
S 137565575 293 101419 2
S 137587573 293 101428 2
S 137609572 294 101422 2
S 137631570 294 101424 2
S 137653569 293 101415 2
S 137675568 293 101413 2
S 137697566 293 101413 2
S 137719565 293 101423 2
S 137741564 294 101428 2
S 137763562 293 101418 2
S 137785561 294 101418 2
S 137807559 293 101426 2
S 137829558 294 101416 2
S 137851557 294 101428 2
S 137873555 293 101417 2
S 137895554 293 101416 2
S 137917553 294 101428 2
S 137939551 293 101428 2
S 137961550 293 101428 2
S 137983548 294 101434 2
S 138005547 293 101425 2
S 138027546 294 101425 2
S 138049544 294 101428 2
S 138071543 293 101428 2
S 138093542 293 101422 2
S 138115540 293 101419 2
S 138137539 294 101419 2
S 138159537 293 101419 2
S 138181536 293 101425 2
S 138203535 294 101423 2
S 138225533 294 101419 2
S 138247532 294 101421 2
S 138269531 293 101426 2
S 138291529 294 101425 2
S 138313528 293 101426 2
S 138335526 294 101426 2
S 138357525 293 101423 2
S 138379524 294 101422 2
S 138401522 293 101422 2
S 138423521 293 101423 2
S 138445520 294 101420 2
S 138467518 293 101422 2
S 138489517 294 101422 2
S 138511515 294 101417 2
S 138533514 294 101421 2
S 138555513 293 101421 2
S 138577511 293 101419 2
S 138599510 294 101424 2
S 138621509 294 101426 2
S 138643507 293 101427 2
S 138665506 294 101427 2
S 138687504 294 101426 2
S 138709503 293 101421 2
S 138731502 293 101423 2
S 138753500 294 101428 2
S 138775499 293 101416 2
S 138797498 293 101422 2
S 138819496 293 101419 2
S 138841495 293 101417 2
S 138863493 293 101422 2
S 138885492 294 101425 2
S 138907491 293 101421 2
S 138929489 294 101426 2
S 138951488 293 101420 2
S 138973487 294 101431 2
S 138995485 293 101416 2
S 139017484 293 101426 2
S 139039482 294 101426 2
S 139061481 293 101423 2
S 139083480 293 101416 2
S 139105478 294 101426 2
S 139127477 294 101423 2
S 139149476 294 101422 2
S 139171474 294 101439 2
S 139193473 294 101430 2
S 139215471 293 101422 2
S 139237470 293 101427 2
S 139259469 293 101428 2
S 139281467 294 101431 2
S 139303466 293 101422 2
S 139325465 294 101427 2
S 139347463 293 101425 2
S 139369462 294 101428 2
S 139391460 294 101428 2
S 139413459 293 101420 2
S 139435458 293 101428 2
S 139457456 294 101422 2
S 139479455 294 101423 2
S 139501454 294 101430 2
S 139523452 293 101419 2
S 139545451 294 101427 2
S 139567449 293 101419 2
S 139589448 293 101417 2
S 139611447 294 101430 2
S 139633445 294 101423 2
S 139655444 293 101419 2
S 139677443 293 101421 2
S 139699441 294 101416 2
S 139721440 293 101411 2
S 139743438 293 101412 2
S 139765437 294 101418 2
S 139787436 293 101416 2
S 139809434 294 101428 2
S 139831433 293 101421 2
S 139853432 293 101425 2
S 139875430 294 101421 2
S 139897429 294 101426 2
S 139919427 293 101422 2
S 139941426 294 101433 2
S 139963425 293 101421 2
S 139985423 293 101420 2
S 140007422 294 101430 2
S 140029421 294 101428 2
S 140051419 294 101425 2
S 140073418 293 101418 2
S 140095416 293 101420 2
S 140117415 293 101414 2
S 140139414 294 101423 2
S 140161412 293 101426 2
S 140183411 294 101426 2
S 140205410 294 101424 2
S 140227408 293 101422 2
S 140249407 294 101425 2
S 140271405 294 101420 2
S 140293404 294 101425 2
S 140315403 294 101420 2
S 140337401 294 101433 2
S 140359400 293 101426 2
S 140381399 293 101417 2
S 140403397 293 101420 2
S 140425396 294 101426 2
S 140447394 293 101414 2
S 140469393 293 101422 2
S 140491392 294 101427 2
S 140513390 293 101425 2
S 140535389 294 101426 2
S 140557388 294 101426 2
S 140579386 293 101426 2
S 140601385 293 101414 2
S 140623383 293 101419 2
S 140645382 294 101423 2
S 140667381 293 101417 2
S 140689379 293 101423 2
S 140711378 293 101427 2
S 140733377 294 101428 2
S 140755375 294 101428 2
S 140777374 294 101424 2
S 140799372 294 101428 2
S 140821371 293 101414 2
S 140843370 294 101422 2
S 140865368 293 101419 2
S 140887367 293 101424 2
S 140909366 294 101425 2
S 140931364 293 101422 2
S 140953363 294 101427 2
S 140975361 294 101423 2
S 140997360 293 101416 2
S 141019359 294 101419 2
S 141041357 294 101419 2
S 141063356 294 101422 2
S 141085355 294 101418 2
S 141107353 293 101418 2
S 141129352 293 101414 2
S 141151350 294 101425 2
S 141173349 293 101414 2
S 141195348 293 101417 2
S 141217346 293 101416 2
S 141239345 293 101419 2
S 141261344 294 101421 2
S 141283342 293 101425 2
S 141305341 294 101425 2
S 141327339 293 101422 2
S 141349338 293 101415 2
S 141371337 294 101425 2
S 141393335 293 101417 2
S 141415334 293 101419 2
S 141437333 293 101426 2
S 141459331 294 101417 2
S 141481330 294 101426 2
S 141503328 294 101422 2
S 141525327 293 101426 2
S 141547326 294 101426 2
S 141569324 294 101424 2
S 141591323 294 101427 2
S 141613322 293 101423 2
S 141635320 294 101421 2
S 141657319 294 101422 2
S 141679317 294 101427 2
S 141701316 293 101422 2
S 141723315 294 101424 2
S 141745313 294 101428 2
S 141767312 294 101430 2
S 141789311 294 101417 2
S 141811309 294 101423 2
S 141833308 294 101432 2
S 141855306 293 101415 2
S 141877305 294 101421 2
S 141899304 294 101420 2
S 141921302 293 101416 2
S 141943301 294 101419 2
S 141965300 293 101419 2
S 141987298 294 101423 2
S 142009297 294 101430 2
S 142031295 294 101416 2
S 142053294 293 101416 2
S 142075293 294 101429 2
S 142097291 294 101427 2
S 142119290 293 101419 2
S 142141289 294 101417 2
S 142163287 294 101421 2
S 142185286 294 101425 2
S 142207284 294 101427 2
S 142229283 294 101434 2
S 142251282 294 101434 2
S 142273280 294 101432 2
S 142295279 294 101424 2
S 142317278 294 101425 2
S 142339276 294 101417 2
S 142361275 294 101427 2
S 142383273 294 101433 2
S 142405272 294 101428 2
S 142427271 293 101429 2
S 142449269 294 101422 2
S 142471268 294 101434 2
S 142493267 294 101430 2
S 142515265 294 101431 2
S 142537264 294 101430 2
S 142559262 294 101424 2
S 142581261 294 101428 2
S 142603260 294 101423 2
S 142625258 294 101423 2
S 142647257 294 101428 2
S 142669256 294 101417 2
S 142691254 294 101422 2
S 142713253 294 101425 2
S 142735251 294 101420 2
S 142757250 293 101415 2
S 142779249 293 101414 2
S 142801247 294 101416 2
S 142823246 293 101422 2
S 142845245 294 101428 2
S 142867243 294 101417 2
S 142889242 293 101423 2
S 142911240 293 101413 2
S 142933239 294 101425 2
S 142955238 294 101419 2
S 142977236 294 101425 2
S 142999235 293 101421 2
S 143021234 294 101424 2
S 143043232 293 101416 2
S 143065231 294 101414 2
S 143087229 294 101415 2
S 143109228 294 101423 2
S 143131227 294 101414 2
S 143153225 294 101424 2
S 143175224 294 101415 2
S 143197223 293 101422 2
S 143219221 294 101426 2
S 143241220 294 101422 2
S 143263218 294 101422 2
S 143285217 294 101423 2
S 143307216 294 101421 2
S 143329214 294 101421 2
S 143351213 294 101418 2
S 143373212 294 101424 2
S 143395210 294 101421 2
S 143417209 294 101417 2
S 143439207 294 101420 2
S 143461206 294 101422 2
S 143483205 294 101416 2
S 143505203 293 101416 2
S 143527202 294 101415 2
S 143549201 294 101419 2
S 143571199 294 101415 2
S 143593198 294 101417 2
S 143615196 294 101418 2
S 143637195 294 101422 2
S 143659194 294 101420 2
S 143681192 294 101418 2
S 143703191 294 101417 2
S 143725190 293 101422 2
S 143747188 294 101417 2
S 143769187 293 101417 2
S 143791185 294 101425 2
S 143813184 293 101416 2
S 143835183 294 101419 2
S 143857181 293 101417 2
S 143879180 293 101414 2
S 143901179 294 101420 2
S 143923177 294 101425 2
S 143945176 294 101427 2
S 143967174 294 101423 2
S 143989173 294 101424 2
S 144011172 294 101425 2
S 144033170 293 101417 2
S 144055169 294 101423 2
S 144077168 294 101424 2
S 144099166 294 101419 2
S 144121165 294 101425 2
S 144143163 294 101425 2
S 144165162 294 101423 2
S 144187161 294 101424 2
S 144209159 294 101422 2
S 144231158 294 101426 2
S 144253157 293 101416 2
S 144275155 294 101425 2
S 144297154 293 101421 2
S 144319152 294 101419 2
S 144341151 294 101423 2
S 144363150 294 101425 2
S 144385148 294 101426 2
S 144407147 294 101424 2
S 144429146 294 101425 2
S 144451144 294 101418 2
S 144473143 294 101428 2
S 144495141 294 101426 2
S 144517140 294 101423 2
S 144539139 293 101422 2
S 144561137 294 101425 2
S 144583136 294 101429 2
S 144605135 294 101417 2
S 144627133 294 101425 2
S 144649132 294 101426 2
S 144671130 294 101426 2
S 144693129 294 101420 2
S 144715128 294 101414 2
S 144737126 294 101426 2
S 144759125 294 101425 2
S 144781124 294 101417 2
S 144803122 294 101423 2
S 144825121 294 101423 2
S 144847119 293 101417 2
S 144869118 293 101421 2
S 144891117 294 101424 2
S 144913115 294 101425 2
S 144935114 294 101419 2
S 144957113 293 101424 2
S 144979111 294 101427 2
S 145001111 294 101433 2
S 145023108 294 101430 2
S 145045107 294 101425 2
S 145067106 294 101425 2
S 145089104 294 101421 2
S 145111103 294 101420 2
S 145133102 294 101420 2
S 145155100 294 101419 2
S 145177099 293 101415 2
S 145199097 294 101422 2
S 145221096 293 101423 2
S 145243095 294 101416 2
S 145265093 294 101419 2
S 145287092 293 101422 2
S 145309091 294 101425 2
S 145331089 294 101426 2
S 145353088 294 101422 2
S 145375086 294 101425 2
S 145397085 293 101422 2
S 145419084 294 101428 2
S 145441082 294 101421 2
S 145463081 293 101420 2
S 145485080 293 101424 2
S 145507078 293 101423 2
S 145529077 294 101423 2
S 145551075 294 101428 2
S 145573074 294 101422 2
S 145595073 293 101423 2
S 145617071 294 101417 2
S 145639070 294 101419 2
S 145661069 294 101425 2
S 145683067 294 101419 2
S 145705066 293 101422 2
S 145727064 294 101424 2
S 145749063 293 101419 2
S 145771062 294 101421 2
S 145793060 293 101419 2
S 145815059 293 101419 2
S 145837058 294 101422 2
S 145859056 293 101411 2
S 145881055 294 101424 2
S 145903053 293 101414 2
S 145925052 293 101414 2
S 145947051 294 101418 2
S 145969049 293 101420 2
S 145991048 293 101417 2
S 146013047 294 101417 2
S 146035045 293 101418 2
S 146057044 294 101423 2
S 146079042 293 101419 2
S 146101041 293 101419 2
S 146123040 294 101422 2
S 146145038 293 101411 2
S 146167037 293 101422 2
S 146189036 293 101411 2
S 146211034 293 101408 2
S 146233033 293 101412 2
S 146255031 293 101410 2
S 146277030 294 101419 2
S 146299029 293 101415 2
S 146321027 294 101420 2
S 146343026 294 101424 2
S 146365025 294 101425 2
S 146387023 294 101424 2
S 146409022 294 101417 2
S 146431020 294 101418 2
S 146453019 293 101415 2
S 146475018 294 101421 2
S 146497016 294 101422 2
S 146519015 293 101417 2
S 146541014 294 101431 2
S 146563012 294 101423 2
S 146585011 294 101420 2
S 146607009 293 101418 2
S 146629008 293 101411 2
S 146651007 293 101419 2
S 146673005 294 101423 2
S 146695004 294 101429 2
S 146717003 294 101421 2
S 146739001 293 101416 2
S 146761000 294 101421 2
S 146782998 294 101422 2
S 146804997 294 101425 2
S 146826996 293 101420 2
S 146848994 294 101426 2
S 146870993 294 101422 2
S 146892992 294 101422 2
S 146914990 294 101422 2
S 146936989 294 101425 2
S 146958987 294 101417 2
S 146980986 294 101422 2
S 147002985 294 101419 2
S 147024983 293 101419 2
S 147046982 294 101423 2
S 147068981 294 101425 2
S 147090979 294 101428 2
S 147112978 294 101425 2
S 147134976 294 101427 2
S 147156975 294 101425 2
S 147178974 294 101430 2
S 147200972 294 101428 2
S 147222971 294 101430 2
S 147244970 294 101424 2
S 147266968 293 101417 2
S 147288967 293 101418 2
S 147310965 294 101422 2
S 147332964 294 101422 2
S 147354963 294 101425 2
S 147376961 294 101428 2
S 147398960 294 101425 2
S 147420959 294 101426 2
S 147442957 294 101428 2
S 147464956 294 101419 2
S 147486954 294 101424 2
S 147508953 293 101421 2
S 147530952 294 101420 2
S 147552950 294 101424 2
S 147574949 294 101420 2
S 147596948 294 101413 2
S 147618946 294 101420 2
S 147640945 294 101423 2
S 147662943 294 101421 2
S 147684942 294 101422 2
S 147706941 294 101420 2
S 147728939 294 101419 2
S 147750938 294 101419 2
S 147772937 294 101426 2
S 147794935 294 101418 2
S 147816934 294 101421 2
S 147838932 294 101425 2
S 147860931 294 101423 2
S 147882930 294 101423 2
S 147904928 294 101414 2
S 147926927 294 101419 2
S 147948926 294 101420 2
S 147970924 294 101420 2
S 147992923 294 101423 2
S 148014921 294 101417 2
S 148036920 294 101426 2
S 148058919 294 101426 2
S 148080917 294 101427 2
S 148102916 294 101422 2
S 148124915 294 101422 2
S 148146913 294 101423 2
S 148168912 294 101423 2
S 148190910 294 101417 2
S 148212909 294 101423 2
S 148234908 294 101420 2
S 148256906 294 101421 2
S 148278905 294 101423 2
S 148300904 294 101430 2
S 148322902 294 101425 2
S 148344901 294 101424 2
S 148366899 294 101425 2
S 148388898 294 101428 2
S 148410897 294 101432 2
S 148432895 294 101426 2
S 148454894 294 101424 2
S 148476893 294 101422 2
S 148498891 294 101421 2
S 148520890 294 101425 2
S 148542888 294 101423 2
S 148564887 294 101417 2
S 148586886 294 101420 2
S 148608884 294 101422 2
S 148630883 294 101423 2
S 148652882 294 101425 2
S 148674880 294 101423 2
S 148696879 294 101422 2
S 148718877 294 101417 2
S 148740876 294 101418 2
S 148762875 294 101429 2
S 148784873 294 101425 2
S 148806872 294 101416 2
S 148828871 294 101416 2
S 148850869 294 101420 2
S 148872868 294 101413 2
S 148894866 294 101426 2
S 148916865 294 101420 2
S 148938864 294 101421 2
S 148960862 294 101414 2
S 148982861 294 101414 2
S 149004860 294 101417 2
S 149026858 294 101414 2
S 149048857 294 101417 2
S 149070855 294 101421 2
S 149092854 294 101423 2
S 149114853 294 101423 2
S 149136851 294 101421 2
S 149158850 294 101422 2
S 149180849 294 101423 2
S 149202847 294 101419 2
S 149224846 294 101427 2
S 149246844 294 101421 2
S 149268843 294 101429 2
S 149290842 294 101427 2
S 149312840 294 101424 2
S 149334839 294 101426 2
S 149356838 294 101425 2
S 149378836 294 101429 2
S 149400835 294 101422 2
S 149422833 294 101420 2
S 149444832 294 101427 2
S 149466831 294 101423 2
S 149488829 294 101423 2
S 149510828 294 101430 2
S 149532827 294 101422 2
S 149554825 294 101425 2
S 149576824 294 101423 2
S 149598822 294 101424 2
S 149620821 294 101428 2
S 149642820 294 101424 2
S 149664818 294 101422 2
S 149686817 294 101420 2
S 149708816 294 101426 2
S 149730814 294 101421 2
S 149752813 294 101427 2
S 149774811 294 101422 2
S 149796810 294 101425 2
S 149818809 294 101421 2
S 149840807 294 101421 2
S 149862806 294 101426 2
S 149884805 294 101430 2
S 149906803 294 101432 2
S 149928802 294 101420 2
S 149950800 294 101430 2
S 149972799 294 101424 2
S 149994798 294 101421 2
S 150016796 294 101419 2
S 150038795 294 101424 2
S 150060794 294 101425 2
S 150082792 294 101418 2
S 150104791 294 101418 2
S 150126789 294 101422 2
S 150148788 294 101425 2
S 150170787 294 101425 2
S 150192785 294 101428 2
S 150214784 294 101428 2
S 150236783 294 101425 2
