# capture_start_utc=2026-09-02T15:03:51Z
S 171546966 245 100536 2
S 171557966 245 100538 2
S 171568965 245 100537 2
S 171579964 245 100537 2
S 171590964 245 100540 2
S 171601963 245 100533 2
S 171612962 245 100539 2
S 171623961 245 100542 2
S 171634961 245 100544 2
S 171645960 245 100546 2
S 171656959 245 100538 2
S 171667959 245 100535 2
S 171678958 245 100540 2
S 171689957 245 100543 2
[[DEBUG]] Starting [[SENSOR TASK]]
[SELFTEST] compensate: T=150 (exp 150)  P=69964 (exp 69964)  -> PASS
#BMP180 v1 fw=2.0.0 temp_ms=1000
[[DEBUG]] BMP180 registered on /dev/bmp180-0
S 57685 245 100546 0
S 62685 245 100546 0
S 67684 245 100546 0
S 72684 245 100543 0
S 77684 245 100546 0
S 82683 245 100540 0
S 87683 245 100549 0
S 92683 245 100543 0
S 97683 245 100546 0
S 102682 245 100555 0
S 107682 245 100549 0
S 112682 245 100546 0
S 117681 245 100546 0
S 122681 245 100552 0
S 127681 245 100546 0
S 132680 245 100552 0
S 137680 245 100546 0
S 142680 245 100546 0
S 147679 245 100546 0
S 152679 245 100546 0
S 157679 245 100549 0
S 162678 245 100546 0
S 167678 245 100549 0
S 172678 245 100546 0
S 177678 245 100552 0
S 182677 245 100549 0
S 187677 245 100546 0
S 192677 245 100546 0
S 197676 245 100546 0
S 202676 245 100546 0
S 207676 245 100549 0
S 212675 245 100546 0
S 217675 245 100546 0
S 222675 245 100546 0
S 227674 245 100546 0
S 232674 245 100552 0
S 237674 245 100555 0
S 242673 245 100549 0
S 247673 245 100549 0
S 252673 245 100555 0
S 257673 245 100552 0
S 262672 245 100549 0
S 267672 245 100546 0
S 272672 245 100549 0
S 277671 245 100549 0
S 282671 245 100546 0
S 287671 245 100535 0
S 292670 245 100540 0
S 297670 245 100549 0
S 302670 245 100552 0
S 307669 245 100552 0
S 312669 245 100546 0
S 317669 245 100546 0
S 322668 245 100546 0
S 327668 245 100549 0
S 332668 245 100546 0
S 337668 245 100549 0
S 342667 245 100546 0
S 347667 245 100555 0
S 352667 245 100546 0
S 357666 245 100546 0
S 362666 245 100552 0
S 367666 245 100555 0
S 372665 245 100540 0
S 377665 245 100549 0
S 382665 245 100546 0
S 387664 245 100552 0
S 392664 245 100552 0
S 397664 245 100552 0
S 402663 245 100558 0
S 407663 245 100552 0
S 412663 245 100552 0
S 417663 245 100552 0
S 422662 245 100549 0
S 427662 245 100549 0
S 432662 245 100561 0
S 437661 245 100546 0
S 442661 245 100552 0
S 447661 245 100549 0
S 452660 245 100555 0
S 457660 245 100546 0
S 462660 245 100549 0
S 467659 245 100546 0
S 472659 245 100546 0
S 477659 245 100546 0
S 482658 245 100546 0
S 487658 245 100552 0
S 492658 245 100546 0
S 497658 245 100546 0
S 502657 245 100546 0
S 507657 245 100546 0
S 512657 245 100555 0
S 517656 245 100552 0
S 522656 245 100546 0
S 527656 245 100549 0
S 532655 245 100552 0
S 537655 245 100549 0
S 542655 245 100552 0
S 547654 245 100549 0
S 552654 245 100546 0
S 557654 245 100546 0
S 562653 245 100546 0
S 567653 245 100537 0
S 572653 245 100537 0
S 577653 245 100543 0
S 582652 245 100546 0
S 587652 245 100549 0
S 592652 245 100543 0
S 597651 245 100546 0
S 602651 245 100543 0
S 607651 245 100546 0
S 612650 245 100537 0
S 617650 245 100546 0
S 622650 245 100546 0
S 627649 245 100540 0
S 632649 245 100537 0
S 637649 245 100555 0
S 642648 245 100549 0
S 647648 245 100552 0
S 652648 245 100552 0
S 657648 245 100546 0
S 662647 245 100552 0
S 667647 245 100540 0
S 672647 245 100552 0
S 677646 245 100549 0
S 682646 245 100552 0
S 687646 245 100546 0
S 692645 245 100546 0
S 697645 245 100535 0
S 702645 245 100552 0
S 707644 245 100552 0
S 712644 245 100549 0
S 717644 245 100546 0
S 722643 245 100549 0
S 727643 245 100552 0
S 732643 245 100546 0
S 737643 245 100558 0
S 742642 245 100552 0
S 747642 245 100546 0
S 752642 245 100558 0
S 757641 245 100552 0
S 762641 245 100552 0
S 767641 245 100552 0
S 772640 245 100552 0
S 777640 245 100549 0
S 782640 245 100552 0
S 787639 245 100552 0
S 792639 245 100549 0
S 797639 245 100552 0
S 802638 245 100555 0
S 807638 245 100546 0
S 812638 245 100549 0
S 817638 245 100555 0
S 822637 245 100555 0
S 827637 245 100546 0
S 832637 245 100540 0
S 837636 245 100555 0
S 842636 245 100552 0
S 847636 245 100546 0
S 852635 245 100552 0
S 857635 245 100552 0
S 862635 245 100552 0
S 867634 245 100552 0
S 872634 245 100552 0
S 877634 245 100552 0
S 882633 245 100546 0
S 887633 245 100558 0
S 892633 245 100546 0
S 897633 245 100549 0
S 902632 245 100552 0
S 907632 245 100552 0
S 912632 245 100546 0
S 917631 245 100549 0
S 922631 245 100555 0
S 927631 245 100549 0
S 932630 245 100546 0
S 937630 245 100552 0
S 942630 245 100555 0
S 947629 245 100549 0
S 952629 245 100549 0
S 957629 245 100555 0
S 962628 245 100552 0
S 967628 245 100558 0
S 972628 245 100552 0
S 977628 245 100549 0
S 982627 245 100552 0
S 987627 245 100549 0
S 992627 245 100549 0
S 997626 245 100546 0
S 1002626 245 100546 0
S 1007625 245 100549 0
S 1012625 245 100552 0
S 1017625 245 100540 0
S 1022624 245 100546 0
S 1027624 245 100540 0
S 1037624 245 100537 0
S 1042623 245 100543 0
S 1047623 245 100532 0
S 1052622 245 100534 0
S 1057622 245 100532 0
S 1062622 245 100534 0
S 1067621 245 100526 0
S 1072621 245 100534 0
S 1077621 245 100537 0
S 1082620 245 100532 0
S 1087620 245 100537 0
S 1092620 245 100543 0
S 1097620 245 100532 0
S 1102619 245 100532 0
S 1107619 245 100532 0
S 1112619 245 100532 0
S 1117618 245 100534 0
S 1122618 245 100534 0
S 1127618 245 100537 0
S 1132617 245 100526 0
S 1137617 245 100543 0
S 1142617 245 100532 0
S 1147616 245 100532 0
S 1152616 245 100532 0
S 1157616 245 100543 0
S 1162615 245 100532 0
S 1167615 245 100532 0
S 1172615 245 100534 0
S 1177615 245 100523 0
S 1182614 245 100532 0
S 1187614 245 100534 0
S 1192614 245 100532 0
S 1197613 245 100534 0
S 1202613 245 100532 0
S 1207613 245 100540 0
S 1212612 245 100537 0
S 1217612 245 100534 0
S 1222612 245 100532 0
S 1227611 245 100534 0
S 1232611 245 100543 0
S 1237611 245 100532 0
S 1242610 245 100532 0
S 1247610 245 100534 0
S 1252610 245 100532 0
S 1257610 245 100534 0
S 1262609 245 100532 0
S 1267609 245 100537 0
S 1272609 245 100532 0
S 1277608 245 100532 0
S 1282608 245 100526 0
S 1287608 245 100540 0
S 1292607 245 100537 0
S 1297607 245 100532 0
S 1302607 245 100532 0
S 1307606 245 100526 0
S 1312606 245 100534 0
S 1317606 245 100534 0
S 1322605 245 100532 0
S 1327605 245 100537 0
S 1332605 245 100529 0
S 1337605 245 100534 0
S 1342604 245 100532 0
S 1347604 245 100532 0
S 1352604 245 100532 0
S 1357603 245 100534 0
S 1362603 245 100526 0
S 1367603 245 100532 0
S 1372602 245 100534 0
S 1377602 245 100532 0
S 1382602 245 100534 0
S 1387601 245 100534 0
S 1392601 245 100526 0
S 1397601 245 100532 0
S 1402600 245 100537 0
S 1407600 245 100532 0
S 1412600 245 100526 0
S 1417600 245 100532 0
S 1422599 245 100537 0
S 1427599 245 100543 0
S 1432599 245 100534 0
S 1437598 245 100546 0
S 1442598 245 100540 0
S 1447598 245 100537 0
S 1452597 245 100537 0
S 1457597 245 100540 0
S 1462597 245 100526 0
S 1467596 245 100532 0
S 1472596 245 100537 0
S 1477596 245 100532 0
S 1482595 245 100532 0
S 1487595 245 100537 0
S 1492595 245 100532 0
S 1497595 245 100532 0
S 1502594 245 100532 0
S 1507594 245 100532 0
S 1512594 245 100534 0
S 1517593 245 100543 0
S 1522593 245 100534 0
S 1527593 245 100534 0
S 1532592 245 100532 0
S 1537592 245 100532 0
S 1542592 245 100532 0
S 1547591 245 100532 0
S 1552591 245 100532 0
S 1557591 245 100532 0
S 1562590 245 100537 0
S 1567590 245 100532 0
S 1572590 245 100543 0
S 1577590 245 100526 0
S 1582589 245 100532 0
S 1587589 245 100532 0
S 1592589 245 100523 0
S 1597588 245 100534 0
S 1602588 245 100532 0
S 1607588 245 100534 0
S 1612587 245 100532 0
S 1617587 245 100534 0
S 1622587 245 100534 0
S 1627586 245 100537 0
S 1632586 245 100534 0
S 1637586 245 100532 0
S 1642585 245 100532 0
S 1647585 245 100534 0
S 1652585 245 100532 0
S 1657585 245 100532 0
S 1662584 245 100537 0
S 1667584 245 100532 0
S 1672584 245 100534 0
S 1677583 245 100532 0
S 1682583 245 100534 0
S 1687583 245 100534 0
S 1692582 245 100532 0
S 1697582 245 100532 0
S 1702582 245 100532 0
S 1707581 245 100532 0
S 1712581 245 100546 0
S 1717581 245 100532 0
S 1722580 245 100537 0
S 1727580 245 100540 0
S 1732580 245 100534 0
S 1737580 245 100534 0
S 1742579 245 100534 0
S 1747579 245 100543 0
S 1752579 245 100532 0
S 1757578 245 100540 0
S 1762578 245 100540 0
S 1767578 245 100537 0
S 1772577 245 100552 0
S 1777577 245 100537 0
S 1782577 245 100537 0
S 1787576 245 100532 0
S 1792576 245 100540 0
S 1797576 245 100537 0
S 1802575 245 100543 0
S 1807575 245 100543 0
S 1812575 245 100543 0
S 1817575 245 100543 0
S 1822574 245 100537 0
S 1827574 245 100540 0
S 1832574 245 100543 0
S 1837573 245 100537 0
S 1842573 245 100546 0
S 1847573 245 100540 0
S 1852572 245 100532 0
S 1857572 245 100537 0
S 1862572 245 100537 0
S 1867571 245 100540 0
S 1872571 245 100540 0
S 1877571 245 100546 0
S 1882570 245 100546 0
S 1887570 245 100543 0
S 1892570 245 100537 0
S 1897570 245 100543 0
S 1902569 245 100532 0
S 1907569 245 100532 0
S 1912569 245 100532 0
S 1917568 245 100540 0
S 1922568 245 100540 0
S 1927568 245 100540 0
S 1932567 245 100540 0
S 1937567 245 100540 0
S 1942567 245 100534 0
S 1947566 245 100523 0
S 1952566 245 100532 0
S 1957566 245 100534 0
S 1962565 245 100532 0
S 1967565 245 100532 0
S 1972565 245 100534 0
S 1977565 245 100534 0
S 1982564 245 100532 0
S 1987564 245 100532 0
S 1992564 245 100534 0
S 1997563 245 100532 0
S 2002563 245 100534 0
S 2007563 245 100532 0
S 2012562 245 100532 0
S 2017562 245 100537 0
S 2022562 245 100532 0
S 2027561 245 100537 0
S 2032561 245 100537 0
S 2042561 245 100537 0
S 2047560 245 100540 0
S 2052560 245 100534 0
S 2057560 245 100532 0
S 2062559 245 100532 0
S 2067559 245 100534 0
S 2072559 245 100532 0
S 2077558 245 100537 0
S 2082558 245 100540 0
S 2087558 245 100534 0
S 2092557 245 100532 0
S 2097557 245 100537 0
S 2102557 245 100532 0
S 2107556 245 100532 0
S 2112556 245 100534 0
S 2117556 245 100523 0
S 2122555 245 100534 0
S 2127555 245 100532 0
S 2132555 245 100537 0
S 2137555 245 100537 0
S 2142554 245 100537 0
S 2147554 245 100534 0
S 2152554 245 100534 0
S 2157553 245 100537 0
S 2162553 245 100534 0
S 2167553 245 100532 0
S 2172552 245 100532 0
S 2177552 245 100532 0
S 2182552 245 100532 0
S 2187551 245 100532 0
S 2192551 245 100532 0
S 2197551 245 100534 0
S 2202550 245 100534 0
S 2207550 245 100534 0
S 2212550 245 100532 0
S 2217550 245 100546 0
S 2222549 245 100534 0
S 2227549 245 100534 0
S 2232549 245 100532 0
S 2237548 245 100534 0
S 2242548 245 100537 0
S 2247548 245 100537 0
S 2252547 245 100540 0
S 2257547 245 100543 0
S 2262547 245 100540 0
S 2267546 245 100537 0
S 2272546 245 100540 0
S 2277546 245 100537 0
S 2282545 245 100532 0
S 2287545 245 100534 0
S 2292545 245 100537 0
S 2297545 245 100534 0
S 2302544 245 100532 0
S 2307544 245 100534 0
S 2312544 245 100532 0
S 2317543 245 100534 0
S 2322543 245 100523 0
S 2327543 245 100532 0
S 2332542 245 100534 0
S 2337542 245 100526 0
S 2342542 245 100532 0
S 2347541 245 100534 0
S 2352541 245 100534 0
S 2357541 245 100532 0
S 2362540 245 100537 0
S 2367540 245 100532 0
S 2372540 245 100532 0
S 2377540 245 100534 0
S 2382539 245 100532 0
S 2387539 245 100537 0
S 2392539 245 100532 0
S 2397538 245 100540 0
S 2402538 245 100532 0
S 2407538 245 100537 0
S 2412537 245 100537 0
S 2417537 245 100534 0
S 2422537 245 100537 0
S 2427536 245 100537 0
S 2432536 245 100537 0
S 2437536 245 100543 0
S 2442535 245 100534 0
S 2447535 245 100534 0
S 2452535 245 100534 0
S 2457535 245 100534 0
S 2462534 245 100537 0
S 2467534 245 100534 0
S 2472534 245 100534 0
S 2477533 245 100537 0
S 2482533 245 100537 0
S 2487533 245 100537 0
S 2492532 245 100526 0
S 2497532 245 100532 0
S 2502532 245 100534 0
S 2507531 245 100532 0
S 2512531 245 100534 0
S 2517531 245 100534 0
S 2522530 245 100532 0
S 2527530 245 100534 0
S 2532530 245 100534 0
S 2537530 245 100532 0
S 2542529 245 100532 0
S 2547529 245 100534 0
S 2552529 245 100526 0
S 2557528 245 100532 0
S 2562528 245 100534 0
S 2595526 245 100532 1
S 2602526 245 100524 1
S 2609526 245 100532 1
S 2616525 245 100537 1
S 2623525 245 100534 1
S 2630524 245 100532 1
S 2637524 245 100530 1
S 2644523 245 100536 1
S 2651523 245 100532 1
S 2658522 245 100523 1
S 2665522 245 100529 1
S 2672522 245 100529 1
S 2679521 245 100529 1
S 2686521 245 100530 1
S 2693520 245 100530 1
S 2700520 245 100524 1
S 2707519 245 100532 1
S 2714519 245 100533 1
S 2721519 245 100536 1
S 2728518 245 100536 1
S 2735518 245 100539 1
S 2742517 245 100540 1
S 2749517 245 100534 1
S 2756516 245 100533 1
S 2763516 245 100534 1
S 2770515 245 100537 1
S 2777515 245 100537 1
S 2784515 245 100534 1
S 2791514 245 100536 1
S 2798514 245 100532 1
S 2805513 245 100529 1
S 2812513 245 100533 1
S 2819512 245 100529 1
S 2826512 245 100536 1
S 2833512 245 100532 1
S 2840511 245 100534 1
S 2847511 245 100533 1
S 2854510 245 100529 1
S 2861510 245 100530 1
S 2868509 245 100536 1
S 2875509 245 100532 1
S 2882508 245 100533 1
S 2889508 245 100532 1
S 2896508 245 100532 1
S 2903507 245 100534 1
S 2910507 245 100536 1
S 2917506 245 100526 1
S 2924506 245 100534 1
S 2931505 245 100533 1
S 2938505 245 100534 1
S 2945505 245 100532 1
S 2952504 245 100534 1
S 2959504 245 100537 1
S 2966503 245 100532 1
S 2973503 245 100534 1
S 2980502 245 100532 1
S 2987502 245 100536 1
S 2994501 245 100530 1
S 3001502 245 100536 1
S 3008501 245 100532 1
S 3015500 245 100532 1
S 3022500 245 100526 1
S 3029499 245 100532 1
S 3036499 245 100524 1
S 3043498 245 100532 1
S 3055498 245 100537 1
S 3062497 245 100539 1
S 3069497 245 100542 1
S 3076496 245 100540 1
S 3083496 245 100537 1
S 3090495 245 100534 1
S 3097495 245 100543 1
S 3104495 245 100537 1
S 3111494 245 100536 1
S 3118494 245 100534 1
S 3125493 245 100526 1
S 3132493 245 100536 1
S 3139492 245 100534 1
S 3146492 245 100534 1
S 3153492 245 100534 1
S 3160491 245 100536 1
S 3167491 245 100539 1
S 3174490 245 100534 1
S 3181490 245 100540 1
S 3188489 245 100536 1
S 3195489 245 100537 1
S 3202488 245 100546 1
S 3209488 245 100540 1
S 3216488 245 100532 1
S 3223487 245 100527 1
S 3230487 245 100530 1
S 3237486 245 100527 1
S 3244486 245 100537 1
S 3251485 245 100536 1
S 3258485 245 100534 1
S 3265485 245 100534 1
S 3272484 245 100536 1
S 3279484 245 100539 1
S 3286483 245 100546 1
S 3293483 245 100537 1
S 3300482 245 100534 1
S 3307482 245 100537 1
S 3314481 245 100537 1
S 3321481 245 100540 1
S 3328481 245 100539 1
S 3335480 245 100534 1
S 3342480 245 100537 1
S 3349479 245 100534 1
S 3356479 245 100539 1
S 3363478 245 100532 1
S 3370478 245 100536 1
S 3377478 245 100536 1
S 3384477 245 100532 1
S 3391477 245 100534 1
S 3398476 245 100540 1
S 3405476 245 100530 1
S 3412475 245 100536 1
S 3419475 245 100534 1
S 3426474 245 100537 1
S 3433474 245 100545 1
S 3440474 245 100537 1
S 3447473 245 100536 1
S 3454473 245 100534 1
S 3461472 245 100534 1
S 3468472 245 100532 1
S 3475471 245 100532 1
S 3482471 245 100536 1
S 3489471 245 100537 1
S 3496470 245 100532 1
S 3503470 245 100536 1
S 3510469 245 100537 1
S 3517469 245 100537 1
S 3524468 245 100530 1
S 3531468 245 100534 1
S 3538467 245 100532 1
S 3545467 245 100529 1
S 3552467 245 100532 1
S 3559466 245 100534 1
S 3566466 245 100529 1
S 3573465 245 100536 1
S 3580465 245 100539 1
S 3587464 245 100529 1
S 3594464 245 100534 1
S 3601464 245 100539 1
S 3608463 245 100529 1
S 3615463 245 100534 1
S 3622462 245 100537 1
S 3629462 245 100536 1
S 3636461 245 100539 1
S 3643461 245 100539 1
S 3650460 245 100534 1
S 3657460 245 100536 1
S 3664460 245 100537 1
S 3671459 245 100539 1
S 3678459 245 100540 1
S 3685458 245 100536 1
S 3692458 245 100536 1
S 3699457 245 100540 1
S 3706457 245 100540 1
S 3713457 245 100537 1
S 3720456 245 100534 1
S 3727456 245 100539 1
S 3734455 245 100534 1
S 3741455 245 100536 1
S 3748454 245 100533 1
S 3755454 245 100534 1
S 3762453 245 100537 1
S 3769453 245 100529 1
S 3776453 245 100527 1
S 3783452 245 100534 1
S 3790452 245 100536 1
S 3797451 245 100536 1
S 3804451 245 100530 1
S 3811450 245 100537 1
S 3818450 245 100536 1
S 3825450 245 100542 1
S 3832449 245 100533 1
S 3839449 245 100534 1
S 3846448 245 100533 1
S 3853448 245 100534 1
S 3860447 245 100526 1
S 3867447 245 100534 1
S 3874446 245 100537 1
S 3881446 245 100536 1
S 3888446 245 100527 1
S 3895445 245 100527 1
S 3902445 245 100537 1
S 3909444 245 100536 1
S 3916444 245 100542 1
S 3923443 245 100532 1
S 3930443 245 100534 1
S 3937443 245 100537 1
S 3944442 245 100532 1
S 3951442 245 100539 1
S 3958441 245 100536 1
S 3965441 245 100536 1
S 3972440 245 100534 1
S 3979440 245 100537 1
S 3986439 245 100533 1
S 3993439 245 100532 1
S 4000437 245 100527 1
S 4007438 245 100532 1
S 4014438 245 100537 1
S 4021437 245 100537 1
S 4028437 245 100536 1
S 4035436 245 100536 1
S 4042436 245 100534 1
S 4049436 245 100545 1
S 4061435 245 100537 1
S 4068434 245 100537 1
S 4075434 245 100537 1
S 4082433 245 100534 1
S 4089433 245 100536 1
S 4096433 245 100539 1
S 4103432 245 100536 1
S 4110432 245 100537 1
S 4117431 245 100537 1
S 4124431 245 100533 1
S 4131430 245 100534 1
S 4138430 245 100537 1
S 4145430 245 100533 1
S 4152429 245 100534 1
S 4159429 245 100534 1
S 4166428 245 100536 1
S 4173428 245 100534 1
S 4180427 245 100533 1
S 4187427 245 100536 1
S 4194426 245 100532 1
S 4201426 245 100532 1
S 4208426 245 100536 1
S 4215425 245 100534 1
S 4222425 245 100534 1
S 4229424 245 100539 1
S 4236424 245 100532 1
S 4243423 245 100537 1
S 4250423 245 100534 1
S 4257423 245 100536 1
S 4264422 245 100534 1
S 4271422 245 100537 1
S 4278421 245 100529 1
S 4285421 245 100533 1
S 4292420 245 100532 1
S 4299420 245 100536 1
S 4306419 245 100529 1
S 4313419 245 100532 1
S 4320419 245 100527 1
S 4327418 245 100533 1
S 4334418 245 100534 1
S 4341417 245 100529 1
S 4348417 245 100532 1
S 4355416 245 100527 1
S 4362416 245 100534 1
S 4369416 245 100539 1
S 4376415 245 100527 1
S 4383415 245 100532 1
S 4390414 245 100527 1
S 4397414 245 100527 1
S 4404413 245 100533 1
S 4411413 245 100537 1
S 4418412 245 100534 1
S 4425412 245 100534 1
S 4432412 245 100534 1
S 4439411 245 100521 1
S 4446411 245 100534 1
S 4453410 245 100533 1
S 4460410 245 100533 1
S 4467409 245 100530 1
S 4474409 245 100533 1
S 4481409 245 100534 1
S 4488408 245 100532 1
S 4495408 245 100530 1
S 4502407 245 100526 1
S 4509407 245 100529 1
S 4516406 245 100530 1
S 4523406 245 100532 1
S 4530405 245 100529 1
S 4537405 245 100530 1
S 4544405 245 100530 1
S 4551404 245 100527 1
S 4558404 245 100529 1
S 4565403 245 100532 1
S 4572403 245 100532 1
S 4579402 245 100527 1
S 4586402 245 100527 1
S 4593402 245 100534 1
S 4600401 245 100536 1
S 4607401 245 100524 1
S 4614400 245 100533 1
S 4621400 245 100533 1
S 4628399 245 100530 1
S 4635399 245 100532 1
S 4642398 245 100534 1
S 4649398 245 100532 1
S 4656398 245 100526 1
S 4663397 245 100527 1
S 4670397 245 100527 1
S 4677396 245 100533 1
S 4684396 245 100534 1
S 4691395 245 100534 1
S 4698395 245 100534 1
S 4705395 245 100529 1
S 4712394 245 100532 1
S 4719394 245 100533 1
S 4726393 245 100530 1
S 4733393 245 100534 1
S 4740392 245 100534 1
S 4747392 245 100532 1
S 4754391 245 100534 1
S 4761391 245 100537 1
S 4768391 245 100532 1
S 4775390 245 100526 1
S 4782390 245 100532 1
S 4789389 245 100532 1
S 4796389 245 100532 1
S 4803388 245 100532 1
S 4810388 245 100529 1
S 4817388 245 100530 1
S 4824387 245 100529 1
S 4831387 245 100530 1
S 4838386 245 100532 1
S 4845386 245 100534 1
S 4852385 245 100529 1
S 4859385 245 100529 1
S 4866384 245 100527 1
S 4873384 245 100524 1
S 4880384 245 100529 1
S 4887383 245 100536 1
S 4894383 245 100536 1
S 4901382 245 100537 1
S 4908382 245 100534 1
S 4915381 245 100529 1
S 4922381 245 100530 1
S 4929381 245 100530 1
S 4936380 245 100533 1
S 4943380 245 100534 1
S 4950379 245 100532 1
S 4957379 245 100523 1
S 4964378 245 100532 1
S 4971378 245 100527 1
S 4978377 245 100534 1
S 4985377 245 100537 1
S 4992377 245 100532 1
S 4999376 245 100526 1
S 5006376 245 100532 1
S 5013375 245 100536 1
S 5020375 245 100536 1
S 5027374 245 100533 1
S 5034374 245 100533 1
S 5041374 245 100536 1
S 5048373 245 100533 1
S 5055373 245 100532 1
S 5067372 245 100536 1
S 5074371 245 100533 1
S 5081371 245 100537 1
S 5088371 245 100536 1
S 5095370 245 100534 1
S 5102370 245 100532 1
S 5109369 245 100532 1
S 5116369 245 100536 1
S 5123368 245 100533 1
S 5130368 245 100534 1
S 5137368 245 100537 1
S 5144367 245 100532 1
S 5151367 245 100534 1
S 5158366 245 100534 1
S 5165366 245 100537 1
S 5172365 245 100536 1
S 5179365 245 100533 1
S 5186364 245 100532 1
S 5193364 245 100534 1
S 5200364 245 100534 1
S 5207363 245 100534 1
S 5214363 245 100534 1
S 5221362 245 100539 1
S 5228362 245 100537 1
S 5235361 245 100537 1
S 5242361 245 100539 1
S 5249361 245 100532 1
S 5256360 245 100540 1
S 5263360 245 100537 1
S 5270359 245 100537 1
S 5277359 245 100536 1
S 5284358 245 100534 1
S 5291358 245 100534 1
S 5298357 245 100534 1
S 5305357 245 100533 1
S 5312357 245 100534 1
S 5319356 245 100545 1
S 5326356 245 100543 1
S 5333355 245 100539 1
S 5340355 245 100542 1
S 5347354 245 100540 1
S 5354354 245 100537 1
S 5361354 245 100546 1
S 5368353 245 100540 1
S 5375353 245 100534 1
S 5382352 245 100532 1
S 5389352 245 100536 1
S 5396351 245 100536 1
S 5403351 245 100536 1
S 5410350 245 100534 1
S 5417350 245 100533 1
S 5424350 245 100534 1
S 5431349 245 100537 1
S 5438349 245 100533 1
S 5445348 245 100530 1
S 5452348 245 100532 1
S 5459347 245 100536 1
S 5466347 245 100534 1
S 5473347 245 100532 1
S 5480346 245 100539 1
S 5487346 245 100534 1
S 5494345 245 100537 1
S 5501345 245 100532 1
S 5508344 245 100534 1
S 5515344 245 100532 1
S 5522343 245 100539 1
S 5529343 245 100536 1
S 5536343 245 100534 1
S 5543342 245 100534 1
S 5550342 245 100534 1
S 5557341 245 100534 1
S 5564341 245 100539 1
S 5571340 245 100534 1
S 5578340 245 100527 1
S 5585340 245 100536 1
S 5592339 245 100532 1
S 5599339 245 100534 1
S 5606338 245 100534 1
S 5613338 245 100536 1
S 5620337 245 100536 1
S 5627337 245 100533 1
S 5634336 245 100536 1
S 5641336 245 100527 1
S 5648336 245 100534 1
S 5655335 245 100537 1
S 5662335 245 100532 1
S 5669334 245 100536 1
S 5676334 245 100534 1
S 5683333 245 100534 1
S 5690333 245 100534 1
S 5697333 245 100534 1
S 5704332 245 100537 1
S 5711332 245 100539 1
S 5718331 245 100536 1
S 5725331 245 100534 1
S 5732330 245 100533 1
S 5739330 245 100534 1
S 5746329 245 100532 1
S 5753329 245 100537 1
S 5760329 245 100534 1
S 5767328 245 100534 1
S 5774328 245 100534 1
S 5781327 245 100536 1
S 5788327 245 100536 1
S 5795326 245 100533 1
S 5802326 245 100532 1
S 5809326 245 100534 1
S 5816325 245 100534 1
S 5823325 245 100530 1
S 5830324 245 100532 1
S 5837324 245 100539 1
S 5844323 245 100532 1
S 5851323 245 100536 1
S 5858322 245 100539 1
S 5865322 245 100534 1
S 5872322 245 100532 1
S 5879321 245 100529 1
S 5886321 245 100537 1
S 5893320 245 100527 1
S 5900320 245 100536 1
S 5907319 245 100530 1
S 5914319 245 100532 1
S 5921319 245 100536 1
S 5928318 245 100539 1
S 5935318 245 100534 1
S 5942317 245 100537 1
S 5949317 245 100542 1
S 5956316 245 100539 1
S 5963316 245 100532 1
S 5970315 245 100539 1
S 5977315 245 100539 1
S 5984315 245 100536 1
S 5991314 245 100537 1
S 5998314 245 100534 1
S 6005313 245 100534 1
S 6012313 245 100536 1
S 6019312 245 100536 1
S 6026312 245 100533 1
S 6033312 245 100533 1
S 6040311 245 100532 1
S 6047311 245 100536 1
S 6054310 245 100532 1
S 6061310 245 100534 1
S 6073309 245 100542 1
S 6080309 245 100543 1
S 6087308 245 100546 1
S 6094308 245 100546 1
S 6101307 245 100540 1
S 6108307 245 100542 1
S 6159304 245 100538 2
S 6170303 245 100540 2
S 6181302 245 100540 2
S 6192302 245 100535 2
S 6203301 245 100540 2
S 6214300 245 100547 2
S 6225300 245 100540 2
S 6236299 245 100543 2
S 6247298 245 100535 2
S 6258297 245 100535 2
S 6269297 245 100540 2
S 6280296 245 100543 2
S 6291295 245 100543 2
S 6302295 245 100541 2
S 6313294 245 100541 2
S 6324293 245 100543 2
S 6335293 245 100540 2
S 6346292 245 100543 2
S 6357291 245 100543 2
S 6368291 245 100534 2
S 6379290 245 100540 2
S 6390289 245 100541 2
S 6401289 245 100536 2
S 6412288 245 100533 2
S 6423287 245 100534 2
S 6434286 245 100530 2
S 6445286 245 100534 2
S 6456285 245 100535 2
S 6467284 245 100537 2
S 6478284 245 100539 2
S 6489283 245 100532 2
S 6500282 245 100537 2
S 6511282 245 100537 2
S 6522281 245 100532 2
S 6533280 245 100535 2
S 6544280 245 100534 2
S 6555279 245 100535 2
S 6566278 245 100534 2
S 6577278 245 100535 2
S 6588277 245 100532 2
S 6599276 245 100531 2
S 6610275 245 100530 2
S 6621275 245 100532 2
S 6632274 245 100529 2
S 6643273 245 100532 2
S 6654273 245 100532 2
S 6665272 245 100535 2
S 6676271 245 100536 2
S 6687271 245 100535 2
S 6698270 245 100534 2
S 6709269 245 100535 2
S 6720269 245 100534 2
S 6731268 245 100535 2
S 6742267 245 100540 2
S 6753267 245 100536 2
S 6764266 245 100538 2
S 6775265 245 100540 2
S 6786264 245 100541 2
S 6797264 245 100539 2
S 6808263 245 100536 2
S 6819262 245 100533 2
S 6830262 245 100532 2
S 6841261 245 100532 2
S 6852260 245 100532 2
S 6863260 245 100535 2
S 6874259 245 100535 2
S 6885258 245 100535 2
S 6896258 245 100536 2
S 6907257 245 100536 2
S 6918256 245 100536 2
S 6929256 245 100535 2
S 6940255 245 100532 2
S 6951254 245 100535 2
S 6962253 245 100533 2
S 6973253 245 100532 2
S 6984252 245 100532 2
S 6995251 245 100530 2
S 7006251 245 100529 2
S 7017250 245 100528 2
S 7028249 245 100532 2
S 7039249 245 100529 2
S 7050248 245 100529 2
S 7061247 245 100530 2
S 7072247 245 100530 2
S 7088246 245 100537 2
S 7099245 245 100537 2
S 7110244 245 100537 2
S 7121244 245 100538 2
S 7132243 245 100538 2
S 7143242 245 100541 2
S 7154241 245 100540 2
S 7165241 245 100537 2
S 7176240 245 100537 2
S 7187239 245 100537 2
S 7198239 245 100539 2
S 7209238 245 100537 2
S 7220237 245 100536 2
S 7231237 245 100537 2
S 7242236 245 100534 2
S 7253235 245 100542 2
S 7264235 245 100537 2
S 7275234 245 100537 2
S 7286233 245 100537 2
S 7297233 245 100540 2
S 7308232 245 100540 2
S 7319231 245 100540 2
S 7330230 245 100538 2
S 7341230 245 100539 2
S 7352229 245 100538 2
S 7363228 245 100537 2
S 7374228 245 100537 2
S 7385227 245 100538 2
S 7396226 245 100539 2
S 7407226 245 100539 2
S 7418225 245 100539 2
S 7429224 245 100540 2
S 7440224 245 100537 2
S 7451223 245 100538 2
S 7462222 245 100537 2
S 7473222 245 100538 2
S 7484221 245 100537 2
S 7495220 245 100544 2
S 7506219 245 100541 2
S 7517219 245 100545 2
S 7528218 245 100543 2
S 7539217 245 100545 2
S 7550217 245 100535 2
S 7561216 245 100535 2
S 7572215 245 100543 2
S 7583215 245 100541 2
S 7594214 245 100542 2
S 7605213 245 100539 2
S 7616213 245 100543 2
S 7627212 245 100544 2
S 7638211 245 100539 2
S 7649211 245 100539 2
S 7660210 245 100537 2
S 7671209 245 100537 2
S 7682208 245 100540 2
S 7693208 245 100537 2
S 7704207 245 100538 2
S 7715206 245 100535 2
S 7726206 245 100542 2
S 7737205 245 100537 2
S 7748204 245 100539 2
S 7759204 245 100540 2
S 7770203 245 100540 2
S 7781202 245 100544 2
S 7792202 245 100538 2
S 7803201 245 100542 2
S 7814200 245 100541 2
S 7825200 245 100540 2
S 7836199 245 100535 2
S 7847198 245 100541 2
S 7858197 245 100540 2
S 7869197 245 100535 2
S 7880196 245 100536 2
S 7891195 245 100537 2
S 7902195 245 100538 2
S 7913194 245 100540 2
S 7924193 245 100536 2
S 7935193 245 100537 2
S 7946192 245 100536 2
S 7957191 245 100536 2
S 7968191 245 100535 2
S 7979190 245 100540 2
S 7990189 245 100536 2
S 8001187 245 100538 2
S 8012188 245 100537 2
S 8023187 245 100540 2
S 8034186 245 100537 2
S 8045186 245 100540 2
S 8056185 245 100537 2
S 8067184 245 100533 2
S 8078184 245 100535 2
S 8094183 245 100537 2
S 8105182 245 100534 2
S 8116181 245 100534 2
S 8127181 245 100537 2
S 8138180 245 100538 2
S 8149179 245 100538 2
S 8160179 245 100536 2
S 8171178 245 100536 2
S 8182177 245 100537 2
S 8193177 245 100537 2
S 8204176 245 100540 2
S 8215175 245 100535 2
S 8226174 245 100535 2
S 8237174 245 100539 2
S 8248173 245 100535 2
S 8259172 245 100535 2
S 8270172 245 100533 2
S 8281171 245 100537 2
S 8292170 245 100538 2
S 8303170 245 100538 2
S 8314169 245 100536 2
S 8325168 245 100535 2
S 8336168 245 100535 2
S 8347167 245 100532 2
S 8358166 245 100536 2
S 8369166 245 100538 2
S 8380165 245 100536 2
S 8391164 245 100535 2
S 8402163 245 100538 2
S 8413163 245 100537 2
S 8424162 245 100537 2
S 8435161 245 100532 2
S 8446161 245 100536 2
S 8457160 245 100540 2
S 8468159 245 100538 2
S 8479159 245 100541 2
S 8490158 245 100536 2
S 8501157 245 100538 2
S 8512157 245 100540 2
S 8523156 245 100540 2
S 8534155 245 100541 2
S 8545155 245 100540 2
S 8556154 245 100537 2
S 8567153 245 100536 2
S 8578152 245 100535 2
S 8589152 245 100535 2
S 8600151 245 100533 2
S 8611150 245 100536 2
S 8622150 245 100536 2
S 8633149 245 100532 2
S 8644148 245 100536 2
S 8655148 245 100537 2
S 8666147 245 100535 2
S 8677146 245 100536 2
S 8688146 245 100535 2
S 8699145 245 100535 2
S 8710144 245 100538 2
S 8721144 245 100535 2
S 8732143 245 100540 2
S 8743142 245 100535 2
S 8754141 245 100539 2
S 8765141 245 100535 2
S 8776140 245 100536 2
S 8787139 245 100540 2
S 8798139 245 100543 2
S 8809138 245 100535 2
S 8820137 245 100537 2
S 8831137 245 100538 2
S 8842136 245 100538 2
S 8853135 245 100536 2
S 8864135 245 100537 2
S 8875134 245 100535 2
S 8886133 245 100540 2
S 8897133 245 100535 2
S 8908132 245 100539 2
S 8919131 245 100539 2
S 8930130 245 100537 2
S 8941130 245 100537 2
S 8952129 245 100539 2
S 8963128 245 100536 2
S 8974128 245 100533 2
S 8985127 245 100536 2
S 8996126 245 100534 2
S 9007126 245 100535 2
S 9018125 245 100534 2
S 9029124 245 100535 2
S 9040124 245 100538 2
S 9051123 245 100536 2
S 9062122 245 100535 2
S 9073122 245 100534 2
S 9084121 245 100534 2
S 9100120 245 100534 2
S 9111119 245 100537 2
S 9122118 245 100537 2
S 9133118 245 100533 2
S 9144117 245 100540 2
S 9155116 245 100543 2
S 9166116 245 100535 2
S 9177115 245 100534 2
S 9188114 245 100535 2
S 9199114 245 100540 2
S 9210113 245 100536 2
S 9221112 245 100534 2
S 9232112 245 100534 2
S 9243111 245 100535 2
S 9254110 245 100538 2
S 9265110 245 100538 2
S 9276109 245 100535 2
S 9287108 245 100535 2
S 9298107 245 100539 2
S 9309107 245 100541 2
S 9320106 245 100538 2
S 9331105 245 100537 2
S 9342105 245 100537 2
S 9353104 245 100539 2
S 9364103 245 100540 2
S 9375103 245 100537 2
S 9386102 245 100536 2
S 9397101 245 100538 2
S 9408101 245 100542 2
S 9419100 245 100539 2
S 9430099 245 100540 2
S 9441099 245 100537 2
S 9452098 245 100540 2
S 9463097 245 100535 2
S 9474096 245 100542 2
S 9485096 245 100542 2
S 9496095 245 100543 2
S 9507094 245 100543 2
S 9518094 245 100542 2
S 9529093 245 100537 2
S 9540092 245 100539 2
S 9551092 245 100537 2
S 9562091 245 100535 2
S 9573090 245 100535 2
S 9584090 245 100534 2
S 9595089 245 100540 2
S 9606088 245 100533 2
S 9617088 245 100535 2
S 9628087 245 100535 2
S 9639086 245 100536 2
S 9650085 245 100533 2
S 9661085 245 100538 2
S 9672084 245 100536 2
S 9683083 245 100540 2
S 9694083 245 100533 2
S 9705082 245 100532 2
S 9716081 245 100537 2
S 9727081 245 100535 2
S 9738080 245 100533 2
S 9749079 245 100535 2
S 9760079 245 100534 2
S 9771078 245 100540 2
S 9782077 245 100542 2
S 9793077 245 100539 2
S 9804076 245 100538 2
S 9815075 245 100537 2
S 9826074 245 100537 2
S 9837074 245 100541 2
S 9848073 245 100541 2
S 9859072 245 100537 2
S 9870072 245 100539 2
S 9881071 245 100537 2
S 9892070 245 100537 2
S 9903070 245 100538 2
S 9914069 245 100539 2
S 9925068 245 100535 2
S 9936068 245 100540 2
S 9947067 245 100543 2
S 9958066 245 100538 2
S 9969066 245 100540 2
S 9980065 245 100543 2
S 9991064 245 100540 2
S 10002064 245 100540 2
S 10013063 245 100534 2
S 10024062 245 100537 2
S 10035061 245 100536 2
S 10046061 245 100532 2
S 10057060 245 100535 2
S 10068059 245 100534 2
S 10079059 245 100531 2
S 10090058 245 100529 2
S 10106057 245 100541 2
S 10117056 245 100536 2
S 10128056 245 100537 2
S 10139055 245 100537 2
S 10150054 245 100539 2
S 10161054 245 100536 2
S 10172053 245 100536 2
S 10183052 245 100535 2
S 10194051 245 100538 2
S 10205051 245 100538 2
S 10216050 245 100537 2
S 10227049 245 100532 2
S 10238049 245 100535 2
S 10249048 245 100534 2
S 10260047 245 100532 2
S 10271047 245 100537 2
S 10282046 245 100538 2
S 10293045 245 100536 2
S 10304045 245 100537 2
S 10315044 245 100536 2
S 10326043 245 100532 2
S 10337043 245 100532 2
S 10348042 245 100535 2
S 10359041 245 100535 2
S 10370040 245 100532 2
S 10381040 245 100534 2
S 10392039 245 100532 2
S 10403038 245 100536 2
S 10414038 245 100537 2
S 10425037 245 100533 2
S 10436036 245 100530 2
S 10447036 245 100534 2
S 10458035 245 100539 2
S 10469034 245 100535 2
S 10480034 245 100537 2
S 10491033 245 100535 2
S 10502032 245 100540 2
S 10513032 245 100535 2
S 10524031 245 100534 2
S 10535030 245 100539 2
S 10546029 245 100536 2
S 10557029 245 100532 2
S 10568028 245 100533 2
S 10579027 245 100537 2
S 10590027 245 100534 2
S 10601026 245 100537 2
S 10612025 245 100537 2
S 10623025 245 100540 2
S 10634024 245 100535 2
S 10645023 245 100534 2
S 10656023 245 100534 2
S 10667022 245 100535 2
S 10678021 245 100534 2
S 10689021 245 100535 2
S 10700020 245 100530 2
S 10711019 245 100531 2
S 10722018 245 100538 2
S 10733018 245 100535 2
S 10744017 245 100537 2
S 10755016 245 100532 2
S 10766016 245 100530 2
S 10777015 245 100533 2
S 10788014 245 100541 2
S 10799014 245 100533 2
S 10810013 245 100540 2
S 10821012 245 100535 2
S 10832012 245 100539 2
S 10843011 245 100537 2
S 10854010 245 100535 2
S 10865010 245 100535 2
S 10876009 245 100538 2
S 10887008 245 100537 2
S 10898007 245 100541 2
S 10909007 245 100536 2
S 10920006 245 100540 2
S 10931005 245 100536 2
S 10942005 245 100540 2
S 10953004 245 100529 2
S 10964003 245 100532 2
S 10975003 245 100532 2
S 10986002 245 100532 2
S 10997001 245 100537 2
S 11008001 245 100540 2
S 11019000 245 100540 2
S 11029999 245 100535 2
S 11040999 245 100532 2
S 11051998 245 100532 2
S 11062997 245 100535 2
S 11073996 245 100535 2
S 11084996 245 100540 2
S 11095995 245 100535 2
S 11111994 245 100538 2
S 11122993 245 100537 2
S 11133993 245 100535 2
S 11144992 245 100535 2
S 11155991 245 100535 2
S 11166991 245 100542 2
S 11177990 245 100539 2
S 11188989 245 100539 2
S 11199989 245 100538 2
S 11210988 245 100540 2
S 11221987 245 100540 2
S 11232987 245 100537 2
S 11243986 245 100536 2
S 11254985 245 100535 2
S 11265984 245 100540 2
S 11276984 245 100536 2
S 11287983 245 100537 2
S 11298982 245 100535 2
S 11309982 245 100535 2
S 11320981 245 100532 2
S 11331980 245 100536 2
S 11342980 245 100536 2
S 11353979 245 100537 2
S 11364978 245 100537 2
S 11375978 245 100537 2
S 11386977 245 100537 2
S 11397976 245 100543 2
S 11408976 245 100537 2
S 11419975 245 100534 2
S 11430974 245 100530 2
S 11441973 245 100533 2
S 11452973 245 100536 2
S 11463972 245 100533 2
S 11474971 245 100536 2
S 11485971 245 100535 2
S 11496970 245 100537 2
S 11507969 245 100536 2
S 11518969 245 100535 2
S 11529968 245 100535 2
S 11540967 245 100534 2
S 11551967 245 100537 2
S 11562966 245 100535 2
S 11573965 245 100532 2
S 11584965 245 100535 2
S 11595964 245 100531 2
S 11606963 245 100535 2
S 11617962 245 100532 2
S 11628962 245 100538 2
S 11639961 245 100537 2
S 11650960 245 100535 2
S 11661960 245 100536 2
S 11672959 245 100533 2
S 11759954 245 100527 3
S 11778952 245 100530 3
S 11797951 245 100532 3
S 11816950 245 100536 3
S 11835949 245 100535 3
S 11854948 245 100541 3
S 11873946 245 100536 3
S 11892945 245 100534 3
S 11911944 245 100534 3
S 11930943 245 100539 3
S 11949942 245 100534 3
S 11968941 245 100537 3
S 11987939 245 100537 3
S 12006938 245 100534 3
S 12025937 245 100536 3
S 12044936 245 100535 3
S 12063935 245 100536 3
S 12082933 245 100539 3
S 12101932 245 100533 3
S 12124931 245 100543 3
S 12143930 245 100539 3
S 12162928 245 100540 3
S 12181927 245 100542 3
S 12200926 245 100540 3
S 12219925 245 100541 3
S 12238924 245 100543 3
S 12257922 245 100541 3
S 12276921 245 100539 3
S 12295920 245 100535 3
S 12314919 245 100538 3
S 12333918 245 100540 3
S 12352917 245 100545 3
S 12371915 245 100542 3
S 12390914 245 100540 3
S 12409913 245 100541 3
S 12428912 245 100544 3
S 12447911 245 100542 3
S 12466909 245 100541 3
S 12485908 245 100543 3
S 12504907 245 100544 3
S 12523906 245 100543 3
S 12542905 245 100543 3
S 12561903 245 100540 3
S 12580902 245 100541 3
S 12599901 245 100547 3
S 12618900 245 100542 3
S 12637899 245 100540 3
S 12656898 245 100542 3
S 12675896 245 100542 3
S 12694895 245 100545 3
S 12713894 245 100543 3
S 12732893 245 100535 3
S 12751892 245 100538 3
S 12770890 245 100538 3
S 12789889 245 100542 3
S 12808888 245 100540 3
S 12827887 245 100538 3
S 12846886 245 100535 3
S 12865884 245 100541 3
S 12884883 245 100542 3
S 12903882 245 100538 3
S 12922881 245 100538 3
S 12941880 245 100532 3
S 12960879 245 100539 3
S 12979877 245 100537 3
S 12998876 245 100539 3
S 13017875 245 100540 3
S 13036874 245 100538 3
S 13055873 245 100542 3
S 13074871 245 100540 3
S 13093870 245 100540 3
S 13112869 245 100536 3
S 13135868 245 100539 3
S 13154866 245 100541 3
S 13173865 245 100537 3
S 13192864 245 100541 3
S 13211863 245 100539 3
S 13230862 245 100540 3
S 13249860 245 100542 3
S 13268859 245 100544 3
S 13287858 245 100539 3
S 13306857 245 100535 3
S 13325856 245 100538 3
S 13344855 245 100539 3
S 13363853 245 100538 3
S 13382852 245 100537 3
S 13401851 245 100535 3
S 13420850 245 100542 3
S 13439849 245 100542 3
S 13458847 245 100538 3
S 13477846 245 100542 3
S 13496845 245 100539 3
S 13515844 245 100540 3
S 13534843 245 100543 3
S 13553841 245 100543 3
S 13572840 245 100542 3
S 13591839 245 100538 3
S 13610838 245 100536 3
S 13629837 245 100538 3
S 13648836 245 100540 3
S 13667834 245 100534 3
S 13686833 245 100535 3
S 13705832 245 100533 3
S 13724831 245 100536 3
S 13743830 245 100540 3
S 13762828 245 100540 3
S 13781827 245 100536 3
S 13800826 245 100535 3
S 13819825 245 100534 3
S 13838824 245 100529 3
S 13857822 245 100534 3
S 13876821 245 100535 3
S 13895820 245 100536 3
S 13914819 245 100532 3
S 13933818 245 100532 3
S 13952817 245 100536 3
S 13971815 245 100534 3
S 13990814 245 100538 3
S 14009813 245 100539 3
S 14028812 245 100537 3
S 14047811 245 100538 3
S 14066809 245 100539 3
S 14085808 245 100539 3
S 14104807 245 100537 3
S 14123806 245 100537 3
S 14146804 245 100536 3
S 14165803 245 100539 3
S 14184802 245 100537 3
S 14203801 245 100538 3
S 14222800 245 100534 3
S 14241798 245 100539 3
S 14260797 245 100532 3
S 14279796 245 100536 3
S 14298795 245 100535 3
S 14317794 245 100536 3
S 14336793 245 100535 3
S 14355791 245 100536 3
S 14374790 245 100535 3
S 14393789 245 100529 3
S 14412788 245 100536 3
S 14431787 245 100537 3
S 14450785 245 100539 3
S 14469784 245 100535 3
S 14488783 245 100534 3
S 14507782 245 100539 3
S 14526781 245 100538 3
S 14545779 245 100539 3
S 14564778 245 100537 3
S 14583777 245 100538 3
S 14602776 245 100538 3
S 14621775 245 100538 3
S 14640774 245 100538 3
S 14659772 245 100536 3
S 14678771 245 100541 3
S 14697770 245 100539 3
S 14716769 245 100535 3
S 14735768 245 100535 3
S 14754766 245 100536 3
S 14773765 245 100530 3
S 14792764 245 100532 3
S 14811763 245 100537 3
S 14830762 245 100537 3
S 14849760 245 100536 3
S 14868759 245 100537 3
S 14887758 245 100534 3
S 14906757 245 100535 3
S 14925756 245 100539 3
S 14944755 245 100537 3
S 14963753 245 100537 3
S 14982752 245 100536 3
S 15001752 245 100533 3
S 15020750 245 100536 3
S 15039749 245 100538 3
S 15058747 245 100536 3
S 15077746 245 100536 3
S 15096745 245 100539 3
S 15115744 245 100541 3
S 15134743 245 100537 3
S 15157741 245 100533 3
S 15176740 245 100538 3
S 15195739 245 100535 3
S 15214738 245 100543 3
S 15233736 245 100542 3
S 15252735 245 100539 3
S 15271734 245 100540 3
S 15290733 245 100543 3
S 15309732 245 100540 3
S 15328731 245 100544 3
S 15347729 245 100543 3
S 15366728 245 100546 3
S 15385727 245 100541 3
S 15404726 245 100539 3
S 15423725 245 100541 3
S 15442723 245 100542 3
S 15461722 245 100545 3
S 15480721 245 100540 3
S 15499720 245 100541 3
S 15518719 245 100542 3
S 15537717 245 100543 3
S 15556716 245 100541 3
S 15575715 245 100542 3
S 15594714 245 100546 3
S 15613713 245 100545 3
S 15632712 245 100541 3
S 15651710 245 100543 3
S 15670709 245 100540 3
S 15689708 245 100542 3
S 15708707 245 100541 3
S 15727706 245 100537 3
S 15746704 245 100538 3
S 15765703 245 100543 3
S 15784702 245 100542 3
S 15803701 245 100539 3
S 15822700 245 100540 3
S 15841698 245 100542 3
S 15860697 245 100540 3
S 15879696 245 100543 3
S 15898695 245 100542 3
S 15917694 245 100540 3
S 15936693 245 100542 3
S 15955691 245 100544 3
S 15974690 245 100543 3
S 15993689 245 100543 3
S 16012688 245 100541 3
S 16031687 245 100543 3
S 16050685 245 100543 3
S 16069684 245 100542 3
S 16088683 245 100543 3
S 16107682 245 100541 3
S 16126681 245 100542 3
S 16145679 245 100542 3
S 16168678 245 100548 3
S 16187677 245 100544 3
S 16206676 245 100545 3
S 16225674 245 100542 3
S 16244673 245 100541 3
S 16263672 245 100544 3
S 16282671 245 100542 3
S 16301670 245 100546 3
S 16320669 245 100541 3
S 16339667 245 100544 3
S 16358666 245 100540 3
S 16377665 245 100544 3
S 16396664 245 100543 3
S 16415663 245 100545 3
S 16434661 245 100543 3
S 16453660 245 100543 3
S 16472659 245 100543 3
S 16491658 245 100543 3
S 16510657 245 100543 3
S 16529655 245 100540 3
S 16548654 245 100542 3
S 16567653 245 100543 3
S 16586652 245 100540 3
S 16605651 245 100543 3
S 16624650 245 100544 3
S 16643648 245 100543 3
S 16662647 245 100543 3
S 16681646 245 100543 3
S 16700645 245 100542 3
S 16719644 245 100545 3
S 16738642 245 100545 3
S 16757641 245 100545 3
S 16776640 245 100549 3
S 16795639 245 100548 3
S 16814638 245 100547 3
S 16833636 245 100547 3
S 16852635 245 100542 3
S 16871634 245 100544 3
S 16890633 245 100544 3
S 16909632 245 100543 3
S 16928631 245 100545 3
S 16947629 245 100544 3
S 16966628 245 100544 3
S 16985627 245 100541 3
S 17004626 245 100543 3
S 17023625 245 100546 3
S 17042623 245 100545 3
S 17061622 245 100543 3
S 17080621 245 100544 3
S 17099620 245 100541 3
S 17118619 245 100542 3
S 17137617 245 100541 3
S 17156616 245 100539 3
S 17179615 245 100540 3
S 17198614 245 100542 3
S 17217612 245 100541 3
S 17236611 245 100539 3
S 17255610 245 100541 3
S 17274609 245 100538 3
S 17293608 245 100535 3
S 17312607 245 100535 3
S 17331605 245 100535 3
S 17350604 245 100540 3
S 17369603 245 100541 3
S 17388602 245 100539 3
S 17407601 245 100542 3
S 17426599 245 100541 3
S 17445598 245 100538 3
S 17464597 245 100540 3
S 17483596 245 100540 3
S 17502595 245 100537 3
S 17521593 245 100536 3
S 17540592 245 100540 3
S 17559591 245 100539 3
S 17578590 245 100536 3
S 17597589 245 100537 3
S 17616588 245 100536 3
S 17635586 245 100536 3
S 17654585 245 100537 3
S 17673584 245 100538 3
S 17692583 245 100538 3
S 17711582 245 100536 3
S 17730580 245 100541 3
S 17749579 245 100538 3
S 17768578 245 100537 3
S 17787577 245 100535 3
S 17806576 245 100538 3
S 17825574 245 100539 3
S 17844573 245 100540 3
S 17863572 245 100542 3
S 17882571 245 100542 3
S 17901570 245 100542 3
S 17920569 245 100542 3
S 17939567 245 100544 3
S 17958566 245 100540 3
S 17977565 245 100539 3
S 17996564 245 100539 3
S 18015563 245 100537 3
S 18034561 245 100535 3
S 18053560 245 100540 3
S 18072559 245 100539 3
S 18091558 245 100537 3
S 18110557 245 100537 3
S 18129555 245 100539 3
S 18148554 245 100537 3
S 18167553 245 100536 3
S 18190552 245 100540 3
S 18209550 245 100541 3
S 18228549 245 100539 3
S 18247548 245 100539 3
S 18266547 245 100536 3
S 18285546 245 100540 3
S 18304545 245 100537 3
S 18323543 245 100534 3
S 18342542 245 100536 3
S 18361541 245 100539 3
S 18380540 245 100536 3
S 18399539 245 100535 3
S 18418537 245 100532 3
S 18437536 245 100539 3
S 18456535 245 100535 3
S 18475534 245 100536 3
S 18494533 245 100538 3
S 18513531 245 100533 3
S 18532530 245 100537 3
S 18551529 245 100538 3
S 18570528 245 100538 3
S 18589527 245 100539 3
S 18608526 245 100539 3
S 18627524 245 100538 3
S 18646523 245 100538 3
S 18665522 245 100541 3
S 18684521 245 100541 3
S 18703520 245 100543 3
S 18722518 245 100538 3
S 18741517 245 100538 3
S 18760516 245 100535 3
S 18779515 245 100539 3
S 18798514 245 100539 3
S 18817512 245 100537 3
S 18836511 245 100538 3
S 18855510 245 100537 3
S 18874509 245 100537 3
S 18893508 245 100538 3
S 18912507 245 100537 3
S 18931505 245 100533 3
S 18950504 245 100534 3
S 18969503 245 100536 3
S 18988502 245 100536 3
S 19007501 245 100536 3
S 19026499 245 100533 3
S 19045498 245 100534 3
S 19064497 245 100535 3
S 19083496 245 100535 3
S 19102495 245 100533 3
S 19121493 245 100537 3
S 19140492 245 100536 3
S 19159491 245 100537 3
S 19178490 245 100535 3
S 19201488 246 100542 3
S 19220487 246 100544 3
S 19239486 246 100543 3
S 19258485 246 100546 3
S 19277484 246 100539 3
S 19296483 246 100543 3
S 19315481 246 100546 3
S 19334480 246 100546 3
S 19353479 246 100547 3
S 19372478 246 100544 3
S 19391477 246 100543 3
S 19410475 246 100543 3
S 19429474 246 100545 3
S 19448473 246 100544 3
S 19467472 246 100545 3
S 19486471 246 100546 3
S 19505469 246 100543 3
S 19524468 246 100540 3
S 19543467 246 100541 3
S 19562466 246 100545 3
S 19581465 246 100545 3
S 19600464 246 100546 3
S 19619462 246 100543 3
S 19638461 246 100543 3
S 19657460 246 100543 3
S 19676459 246 100545 3
S 19695458 246 100542 3
S 19714456 246 100545 3
S 19733455 246 100541 3
S 19752454 246 100543 3
S 19771453 246 100541 3
S 19790452 246 100542 3
S 19809450 246 100546 3
S 19828449 246 100549 3
S 19847448 246 100547 3
S 19866447 246 100548 3
S 19885446 246 100547 3
S 19904445 246 100548 3
S 19923443 246 100550 3
S 19942442 246 100546 3
S 19961441 246 100545 3
S 19980440 246 100549 3
S 19999439 246 100547 3
S 20018437 246 100549 3
S 20037436 246 100547 3
S 20056435 246 100548 3
S 20075434 246 100550 3
S 20094433 246 100546 3
S 20113431 246 100550 3
S 20132430 246 100550 3
S 20151429 246 100556 3
S 20170428 246 100548 3
S 20189427 246 100558 3
S 20212425 245 100555 3
S 20231424 245 100551 3
S 20250423 245 100550 3
S 20269422 245 100550 3
S 20288421 245 100546 3
S 20307419 245 100546 3
S 20326418 245 100543 3
S 20345417 245 100544 3
S 20364416 245 100547 3
S 20383415 245 100545 3
S 20402413 245 100543 3
S 20421412 245 100545 3
S 20440411 245 100543 3
S 20459410 245 100545 3
S 20478409 245 100548 3
S 20497407 245 100549 3
S 20516406 245 100551 3
S 20535405 245 100548 3
S 20554404 245 100549 3
S 20573403 245 100549 3
S 20592402 245 100544 3
S 20611400 245 100536 3
S 20630399 245 100543 3
S 20649398 245 100544 3
S 20668397 245 100541 3
S 20687396 245 100540 3
S 20706394 245 100540 3
S 20725393 245 100544 3
S 20744392 245 100542 3
S 20763391 245 100542 3
S 20782390 245 100542 3
S 20801388 245 100547 3
S 20820387 245 100546 3
S 20839386 245 100551 3
S 20858385 245 100551 3
S 20877384 245 100551 3
S 20896383 245 100539 3
S 20915381 245 100539 3
S 20934380 245 100540 3
S 20953379 245 100540 3
S 20972378 245 100543 3
S 20991377 245 100543 3
S 21010375 245 100545 3
S 21029374 245 100547 3
S 21048373 245 100548 3
S 21067372 245 100546 3
S 21086371 245 100549 3
S 21105369 245 100546 3
S 21124368 245 100552 3
S 21143367 245 100551 3
S 21162366 245 100548 3
S 21181365 245 100549 3
S 21200364 245 100547 3
S 21223362 245 100547 3
S 21242361 245 100544 3
S 21261360 245 100543 3
S 21280359 245 100542 3
S 21310357 245 100546 2
S 21321356 245 100539 2
S 21332355 245 100549 2
S 21343355 245 100546 2
S 21354354 245 100543 2
S 21365353 245 100541 2
S 21376353 245 100544 2
S 21387352 245 100546 2
S 21398351 245 100543 2
S 21409350 245 100545 2
S 21420350 245 100546 2
S 21431349 245 100545 2
S 21442348 245 100542 2
S 21453348 245 100539 2
S 21464347 245 100545 2
S 21475346 245 100544 2
S 21486346 245 100543 2
S 21497345 245 100544 2
S 21508344 245 100546 2
S 21519344 245 100545 2
S 21530343 245 100546 2
S 21541342 245 100540 2
S 21552342 245 100539 2
S 21563341 245 100543 2
S 21574340 245 100538 2
S 21585339 245 100541 2
S 21596339 245 100540 2
S 21607338 245 100543 2
S 21618337 245 100538 2
S 21629337 245 100542 2
S 21640336 245 100541 2
S 21651335 245 100537 2
S 21662335 245 100543 2
S 21673334 245 100542 2
S 21684333 245 100539 2
S 21695333 245 100546 2
S 21706332 245 100543 2
S 21717331 245 100543 2
S 21728331 245 100540 2
S 21739330 245 100544 2
S 21750329 245 100543 2
S 21761328 245 100544 2
S 21772328 245 100547 2
S 21783327 245 100543 2
S 21794326 245 100548 2
S 21805326 245 100539 2
S 21816325 245 100537 2
S 21827324 245 100542 2
S 21838324 245 100537 2
S 21849323 245 100540 2
S 21860322 245 100539 2
S 21871322 245 100544 2
S 21882321 245 100538 2
S 21893320 245 100538 2
S 21904320 245 100537 2
S 21915319 245 100541 2
S 21926318 245 100535 2
S 21937317 245 100543 2
S 21948317 245 100539 2
S 21959316 245 100535 2
S 21970315 245 100540 2
S 21981315 245 100543 2
S 21992314 245 100540 2
S 22003313 245 100543 2
S 22014313 245 100541 2
S 22025312 245 100543 2
S 22036311 245 100540 2
S 22047311 245 100540 2
S 22058310 245 100542 2
S 22069309 245 100543 2
S 22080309 245 100544 2
S 22091308 245 100538 2
S 22102307 245 100540 2
S 22113306 245 100543 2
S 22124306 245 100543 2
S 22135305 245 100542 2
S 22146304 245 100539 2
S 22157304 245 100545 2
S 22168303 245 100541 2
S 22179302 245 100540 2
S 22190302 245 100540 2
S 22201301 245 100544 2
S 22212300 245 100540 2
S 22228299 245 100547 2
S 22239299 245 100546 2
S 22250298 245 100549 2
S 22261297 245 100549 2
S 22272297 245 100545 2
S 22283296 245 100549 2
S 22294295 245 100543 2
S 22305294 245 100548 2
S 22316294 245 100543 2
S 22327293 245 100549 2
S 22338292 245 100546 2
S 22349292 245 100546 2
S 22360291 245 100542 2
S 22371290 245 100543 2
S 22382290 245 100545 2
S 22393289 245 100548 2
S 22404288 245 100546 2
S 22415288 245 100548 2
S 22426287 245 100547 2
S 22437286 245 100543 2
S 22448286 245 100548 2
S 22459285 245 100548 2
S 22470284 245 100545 2
S 22481283 245 100544 2
S 22492283 245 100546 2
S 22503282 245 100542 2
S 22514281 245 100544 2
S 22525281 245 100541 2
S 22536280 245 100540 2
S 22547279 245 100547 2
S 22558279 245 100545 2
S 22569278 245 100543 2
S 22580277 245 100549 2
S 22591277 245 100552 2
S 22602276 245 100551 2
S 22613275 245 100543 2
S 22624275 245 100549 2
S 22635274 245 100550 2
S 22646273 245 100541 2
S 22657272 245 100549 2
S 22668272 245 100547 2
S 22679271 245 100546 2
S 22690270 245 100543 2
S 22701270 245 100549 2
S 22712269 245 100547 2
S 22723268 245 100546 2
S 22734268 245 100549 2
S 22745267 245 100543 2
S 22756266 245 100548 2
S 22767266 245 100547 2
S 22778265 245 100549 2
S 22789264 245 100549 2
S 22800264 245 100551 2
S 22811263 245 100549 2
S 22822262 245 100550 2
S 22833261 245 100556 2
S 22844261 245 100551 2
S 22855260 245 100546 2
S 22866259 245 100549 2
S 22877259 245 100546 2
S 22888258 245 100551 2
S 22899257 245 100549 2
S 22910257 245 100549 2
S 22921256 245 100549 2
S 22932255 245 100547 2
S 22943255 245 100548 2
S 22954254 245 100545 2
S 22965253 245 100549 2
S 22976253 245 100548 2
S 22987252 245 100548 2
S 22998251 245 100543 2
S 23009250 245 100546 2
S 23020250 245 100547 2
S 23031249 245 100543 2
S 23042248 245 100542 2
S 23053248 245 100543 2
S 23064247 245 100543 2
S 23075246 245 100547 2
S 23086246 245 100547 2
S 23097245 245 100546 2
S 23108244 245 100546 2
S 23119244 245 100543 2
S 23130243 245 100550 2
S 23141242 245 100546 2
S 23152242 245 100548 2
S 23163241 245 100547 2
S 23174240 245 100545 2
S 23185239 245 100551 2
S 23196239 245 100546 2
S 23207238 245 100544 2
S 23218237 245 100549 2
S 23234236 245 100544 2
S 23245236 245 100548 2
S 23256235 245 100545 2
S 23267234 245 100538 2
S 23278234 245 100542 2
S 23289233 245 100540 2
S 23300232 245 100544 2
S 23311232 245 100542 2
S 23322231 245 100542 2
S 23333230 245 100542 2
S 23344230 245 100543 2
S 23355229 245 100543 2
S 23366228 245 100541 2
S 23377227 245 100546 2
S 23388227 245 100544 2
S 23399226 245 100546 2
S 23410225 245 100547 2
S 23421225 245 100543 2
S 23432224 245 100543 2
S 23443223 245 100546 2
S 23454223 245 100544 2
S 23465222 245 100547 2
S 23476221 245 100543 2
S 23487221 245 100543 2
S 23498220 245 100542 2
S 23509219 245 100544 2
S 23520219 245 100542 2
S 23531218 245 100546 2
S 23542217 245 100543 2
S 23553216 245 100543 2
S 23564216 245 100546 2
S 23575215 245 100543 2
S 23586214 245 100543 2
S 23597214 245 100543 2
S 23608213 245 100543 2
S 23619212 245 100541 2
S 23630212 245 100540 2
S 23641211 245 100541 2
S 23652210 245 100545 2
S 23663210 245 100541 2
S 23674209 245 100544 2
S 23685208 245 100546 2
S 23696208 245 100543 2
S 23707207 245 100543 2
S 23718206 245 100546 2
S 23729205 245 100544 2
S 23740205 245 100546 2
S 23751204 245 100548 2
S 23762203 245 100543 2
S 23773203 245 100548 2
S 23784202 245 100546 2
S 23795201 245 100544 2
S 23806201 245 100546 2
S 23817200 245 100545 2
S 23828199 245 100547 2
S 23839199 245 100540 2
S 23850198 245 100541 2
S 23861197 245 100546 2
S 23872197 245 100544 2
S 23883196 245 100543 2
S 23894195 245 100546 2
S 23905194 245 100548 2
S 23916194 245 100545 2
S 23927193 245 100548 2
S 23938192 245 100542 2
S 23949192 245 100544 2
S 23960191 245 100548 2
S 23971190 245 100548 2
S 23982190 245 100542 2
S 23993189 245 100543 2
S 24004188 245 100551 2
S 24015188 245 100545 2
S 24026187 245 100543 2
S 24037186 245 100550 2
S 24048186 245 100543 2
S 24059185 245 100540 2
S 24070184 245 100547 2
S 24081183 245 100550 2
S 24092183 245 100547 2
S 24103182 245 100543 2
S 24114181 245 100550 2
S 24125181 245 100546 2
S 24136180 245 100547 2
S 24147179 245 100548 2
S 24158179 245 100544 2
S 24169178 245 100544 2
S 24180177 245 100543 2
S 24191177 245 100541 2
S 24202176 245 100546 2
S 24213175 245 100542 2
S 24224175 245 100548 2
S 24240174 245 100546 2
S 24251173 245 100551 2
S 24262172 245 100548 2
S 24273171 245 100543 2
S 24284171 245 100546 2
S 24295170 245 100549 2
S 24306169 245 100550 2
S 24317169 245 100549 2
S 24328168 245 100549 2
S 24339167 245 100548 2
S 24350167 245 100546 2
S 24361166 245 100547 2
S 24372165 245 100546 2
S 24383165 245 100545 2
S 24394164 245 100550 2
S 24405163 245 100545 2
S 24416163 245 100542 2
S 24427162 245 100545 2
S 24438161 245 100545 2
S 24449160 245 100543 2
S 24460160 245 100540 2
S 24471159 245 100542 2
S 24482158 245 100542 2
S 24493158 245 100548 2
S 24504157 245 100543 2
S 24515156 245 100546 2
S 24526156 245 100546 2
S 24537155 245 100543 2
S 24548154 245 100541 2
S 24559154 245 100544 2
S 24570153 245 100542 2
S 24581152 245 100539 2
S 24592152 245 100546 2
S 24603151 245 100539 2
S 24614150 245 100544 2
S 24625149 245 100543 2
S 24636149 245 100541 2
S 24647148 245 100539 2
S 24658147 245 100544 2
S 24669147 245 100542 2
S 24680146 245 100541 2
S 24691145 245 100543 2
S 24702145 245 100541 2
S 24713144 245 100545 2
S 24724143 245 100545 2
S 24735143 245 100541 2
S 24746142 245 100543 2
S 24757141 245 100540 2
S 24768141 245 100543 2
S 24779140 245 100542 2
S 24790139 245 100543 2
S 24801138 245 100543 2
S 24812138 245 100541 2
S 24823137 245 100541 2
S 24834136 245 100541 2
S 24845136 245 100543 2
S 24856135 245 100543 2
S 24867134 245 100544 2
S 24878134 245 100538 2
S 24889133 245 100537 2
S 24900132 245 100542 2
S 24911132 245 100544 2
S 24922131 245 100544 2
S 24933130 245 100542 2
S 24944130 245 100541 2
S 24955129 245 100544 2
S 24966128 245 100536 2
S 24977127 245 100540 2
S 24988127 245 100540 2
S 24999126 245 100545 2
S 25010125 245 100540 2
S 25021125 245 100543 2
S 25032124 245 100544 2
S 25043123 245 100540 2
S 25054123 245 100542 2
S 25065122 245 100545 2
S 25076121 245 100546 2
S 25087121 245 100541 2
S 25098120 245 100542 2
S 25109119 245 100541 2
S 25120119 245 100540 2
S 25131118 245 100545 2
S 25142117 245 100540 2
S 25153116 245 100540 2
S 25164116 245 100540 2
S 25175115 245 100541 2
S 25186114 245 100539 2
S 25197114 245 100541 2
S 25208113 245 100540 2
S 25219112 245 100543 2
S 25230112 245 100542 2
S 25246111 245 100540 2
S 25257110 245 100541 2
S 25268109 245 100543 2
S 25279109 245 100540 2
S 25290108 245 100543 2
S 25301107 245 100543 2
S 25312107 245 100542 2
S 25323106 245 100543 2
S 25334105 245 100548 2
S 25345104 245 100543 2
S 25356104 245 100543 2
S 25367103 245 100546 2
S 25378102 245 100544 2
S 25389102 245 100548 2
S 25400101 245 100544 2
S 25411100 245 100546 2
S 25422100 245 100545 2
S 25433099 245 100535 2
S 25444098 245 100540 2
S 25455098 245 100538 2
S 25466097 245 100538 2
S 25477096 245 100546 2
S 25488096 245 100551 2
S 25499095 245 100544 2
S 25510094 245 100548 2
S 25521093 245 100545 2
S 25532093 245 100541 2
S 25543092 245 100540 2
S 25554091 245 100541 2
S 25565091 245 100548 2
S 25576090 245 100543 2
S 25587089 245 100541 2
S 25598089 245 100540 2
S 25609088 245 100539 2
S 25620087 245 100537 2
S 25631087 245 100535 2
S 25642086 245 100535 2
S 25653085 245 100536 2
S 25664085 245 100540 2
S 25675084 245 100540 2
S 25686083 245 100542 2
S 25697082 245 100540 2
S 25708082 245 100537 2
S 25719081 245 100540 2
S 25730080 245 100538 2
S 25741080 245 100539 2
S 25752079 245 100540 2
S 25763078 245 100541 2
S 25774078 245 100542 2
S 25785077 245 100545 2
S 25796076 245 100543 2
S 25807076 245 100542 2
S 25818075 245 100543 2
S 25829074 245 100540 2
S 25840074 245 100542 2
S 25851073 245 100543 2
S 25862072 245 100540 2
S 25873071 245 100546 2
S 25884071 245 100544 2
S 25895070 245 100546 2
S 25906069 245 100543 2
S 25917069 245 100543 2
S 25928068 245 100545 2
S 25939067 245 100543 2
S 25950067 245 100548 2
S 25961066 245 100541 2
S 25972065 245 100540 2
S 25983065 245 100540 2
S 25994064 245 100542 2
S 26005063 245 100535 2
S 26016063 245 100536 2
S 26027062 245 100539 2
S 26038061 245 100546 2
S 26049060 245 100540 2
S 26060060 245 100540 2
S 26071059 245 100540 2
S 26082058 245 100541 2
S 26093058 245 100541 2
S 26104057 245 100544 2
S 26115056 245 100541 2
S 26126056 245 100542 2
S 26137055 245 100540 2
S 26148054 245 100539 2
S 26159054 245 100542 2
S 26170053 245 100540 2
S 26181052 245 100546 2
S 26192052 245 100548 2
S 26203051 245 100546 2
S 26214050 245 100543 2
S 26225049 245 100546 2
S 26236049 245 100546 2
S 26252048 245 100537 2
S 26263047 245 100535 2
S 26274046 245 100534 2
S 26285046 245 100534 2
S 26296045 245 100533 2
S 26307044 245 100534 2
S 26318044 245 100537 2
S 26329043 245 100538 2
S 26340042 245 100538 2
S 26351042 245 100541 2
S 26362041 245 100538 2
S 26373040 245 100532 2
S 26384040 245 100534 2
S 26395039 245 100536 2
S 26406038 245 100537 2
S 26417037 245 100532 2
S 26428037 245 100532 2
S 26439036 245 100533 2
S 26450035 245 100537 2
S 26461035 245 100535 2
S 26472034 245 100531 2
S 26483033 245 100537 2
S 26494033 245 100538 2
S 26505032 245 100534 2
S 26516031 245 100537 2
S 26527031 245 100535 2
S 26538030 245 100536 2
S 26549029 245 100534 2
S 26560029 245 100539 2
S 26571028 245 100538 2
S 26582027 245 100540 2
S 26593026 245 100534 2
S 26604026 245 100540 2
S 26615025 245 100534 2
S 26626024 245 100535 2
S 26637024 245 100534 2
S 26648023 245 100535 2
S 26659022 245 100537 2
S 26670022 245 100534 2
S 26681021 245 100532 2
S 26692020 245 100531 2
S 26703020 245 100537 2
S 26714019 245 100535 2
S 26725018 245 100537 2
S 26736018 245 100533 2
S 26747017 245 100534 2
S 26758016 245 100532 2
S 26769015 245 100537 2
S 26780015 245 100534 2
S 26791014 245 100536 2
S 26802013 245 100537 2
S 26813013 245 100532 2
S 26824012 245 100534 2
S 26835011 245 100535 2
S 26846011 245 100534 2
S 26857010 245 100536 2
S 26868009 245 100536 2
S 26879009 245 100537 2
S 26890008 245 100537 2
S 26901007 245 100535 2
S 26912007 245 100534 2
S 26923006 245 100536 2
S 26934005 245 100532 2
S 26945004 245 100532 2
S 26956004 245 100537 2
S 26967003 245 100537 2
S 26978002 245 100536 2
S 26989002 245 100534 2
S 27000001 245 100536 2
S 27011000 245 100533 2
S 27022000 245 100537 2
S 27032999 245 100540 2
S 27043998 245 100536 2
S 27054998 245 100532 2
S 27065997 245 100533 2
S 27076996 245 100535 2
S 27087996 245 100535 2
S 27098995 245 100534 2
S 27109994 245 100531 2
S 27120993 245 100536 2
S 27131993 245 100534 2
S 27142992 245 100540 2
S 27153991 245 100540 2
S 27164991 245 100535 2
S 27175990 245 100537 2
S 27186989 245 100534 2
S 27197989 245 100536 2
S 27208988 245 100537 2
S 27219987 245 100536 2
S 27230987 245 100533 2
S 27241986 245 100536 2
S 27257985 245 100544 2
S 27268984 245 100544 2
S 27279984 245 100541 2
S 27290983 245 100540 2
S 27301982 245 100544 2
S 27312981 245 100542 2
S 27323981 245 100550 2
S 27334980 245 100546 2
S 27345979 245 100543 2
S 27356979 245 100544 2
S 27367978 245 100541 2
S 27378977 245 100539 2
S 27389977 245 100543 2
S 27400976 245 100542 2
S 27411975 245 100543 2
S 27422975 245 100545 2
S 27433974 245 100543 2
S 27444973 245 100545 2
S 27455973 245 100543 2
S 27466972 245 100543 2
S 27477971 245 100543 2
S 27488970 245 100546 2
S 27499970 245 100549 2
S 27510969 245 100541 2
S 27521968 245 100543 2
S 27532968 245 100543 2
S 27543967 245 100537 2
S 27554966 245 100543 2
S 27565966 245 100537 2
S 27576965 245 100543 2
S 27587964 245 100537 2
S 27598964 245 100538 2
S 27609963 245 100543 2
S 27620962 245 100540 2
S 27631962 245 100537 2
S 27642961 245 100540 2
S 27653960 245 100540 2
S 27664959 245 100539 2
S 27675959 245 100543 2
S 27686958 245 100543 2
S 27697957 245 100539 2
S 27708957 245 100539 2
S 27719956 245 100540 2
S 27730955 245 100534 2
S 27741955 245 100534 2
S 27752954 245 100537 2
S 27763953 245 100538 2
S 27774953 245 100540 2
S 27785952 245 100537 2
S 27796951 245 100540 2
S 27807951 245 100540 2
S 27818950 245 100538 2
S 27829949 245 100536 2
S 27840948 245 100540 2
S 27851948 245 100539 2
S 27862947 245 100540 2
S 27873946 245 100544 2
S 27884946 245 100541 2
S 27895945 245 100541 2
S 27906944 245 100539 2
S 27917944 245 100540 2
S 27928943 245 100537 2
S 27939942 245 100537 2
S 27950942 245 100542 2
S 27961941 245 100537 2
S 27972940 245 100540 2
S 27983940 245 100540 2
S 27994939 245 100539 2
S 28005938 245 100539 2
S 28016937 245 100540 2
S 28027937 245 100542 2
S 28038936 245 100538 2
S 28049935 245 100541 2
S 28060935 245 100541 2
S 28071934 245 100538 2
S 28082933 245 100539 2
S 28093933 245 100543 2
S 28104932 245 100542 2
S 28115931 245 100544 2
S 28126931 245 100543 2
S 28137930 245 100542 2
S 28148929 245 100540 2
S 28159929 245 100539 2
S 28170928 245 100539 2
S 28181927 245 100538 2
S 28192926 245 100540 2
S 28203926 245 100538 2
S 28214925 245 100539 2
S 28225924 245 100540 2
S 28236924 245 100537 2
S 28247923 245 100536 2
S 28263922 245 100542 2
S 28274921 245 100542 2
S 28285921 245 100540 2
S 28296920 245 100543 2
S 28307919 245 100543 2
S 28318919 245 100545 2
S 28329918 245 100540 2
S 28340917 245 100544 2
S 28351917 245 100543 2
S 28362916 245 100540 2
S 28373915 245 100542 2
S 28384914 245 100540 2
S 28395914 245 100544 2
S 28406913 245 100542 2
S 28417912 245 100548 2
S 28428912 245 100540 2
S 28439911 245 100543 2
S 28450910 245 100542 2
S 28461910 245 100540 2
S 28472909 245 100547 2
S 28483908 245 100545 2
S 28494908 245 100547 2
S 28505907 245 100543 2
S 28516906 245 100545 2
S 28527906 245 100539 2
S 28538905 245 100539 2
S 28549904 245 100543 2
S 28560903 245 100541 2
S 28571903 245 100539 2
S 28582902 245 100540 2
S 28593901 245 100544 2
S 28604901 245 100539 2
S 28615900 245 100543 2
S 28626899 245 100546 2
S 28637899 245 100541 2
S 28648898 245 100545 2
S 28659897 245 100540 2
S 28670897 245 100541 2
S 28681896 245 100539 2
S 28692895 245 100540 2
S 28703895 245 100540 2
S 28714894 245 100543 2
S 28725893 245 100542 2
S 28736892 245 100543 2
S 28747892 245 100539 2
S 28758891 245 100541 2
S 28769890 245 100537 2
S 28780890 245 100542 2
S 28791889 245 100540 2
S 28802888 245 100537 2
S 28813888 245 100540 2
S 28824887 245 100540 2
S 28835886 245 100538 2
S 28846886 245 100538 2
S 28857885 245 100539 2
S 28868884 245 100537 2
S 28879884 245 100539 2
S 28890883 245 100540 2
S 28901882 245 100535 2
S 28912881 245 100535 2
S 28923881 245 100540 2
S 28934880 245 100537 2
S 28945879 245 100537 2
S 28956879 245 100541 2
S 28967878 245 100538 2
S 28978877 245 100540 2
S 28989877 245 100543 2
S 29000874 245 100542 2
S 29011875 245 100548 2
S 29022875 245 100543 2
S 29033874 245 100542 2
S 29044873 245 100545 2
S 29055873 245 100540 2
S 29066872 245 100542 2
S 29077871 245 100545 2
S 29088870 245 100545 2
S 29099870 245 100541 2
S 29110869 245 100543 2
S 29121868 245 100540 2
S 29132868 245 100543 2
S 29143867 245 100540 2
S 29154866 245 100543 2
S 29165866 245 100542 2
S 29176865 245 100542 2
S 29187864 245 100544 2
S 29198864 245 100543 2
S 29209863 245 100549 2
S 29220862 245 100546 2
S 29231862 245 100546 2
S 29242861 245 100543 2
S 29253860 245 100541 2
S 29269859 245 100543 2
S 29280858 245 100539 2
S 29291858 245 100537 2
S 29302857 245 100543 2
S 29313856 245 100542 2
S 29324856 245 100543 2
S 29335855 245 100546 2
S 29346854 245 100545 2
S 29357854 245 100545 2
S 29368853 245 100546 2
S 29379852 245 100540 2
S 29390852 245 100542 2
S 29401851 245 100543 2
S 29412850 245 100543 2
S 29423850 245 100542 2
S 29434849 245 100542 2
S 29445848 245 100543 2
S 29456847 245 100546 2
S 29467847 245 100543 2
S 29478846 245 100537 2
S 29489845 245 100545 2
S 29500845 245 100544 2
S 29511844 245 100543 2
S 29522843 245 100546 2
S 29533843 245 100543 2
S 29544842 245 100537 2
S 29555841 245 100536 2
S 29566841 245 100533 2
S 29577840 245 100540 2
S 29588839 245 100537 2
S 29599839 245 100538 2
S 29610838 245 100537 2
S 29621837 245 100537 2
S 29632836 245 100537 2
S 29643836 245 100538 2
S 29654835 245 100537 2
S 29665834 245 100537 2
S 29676834 245 100535 2
S 29687833 245 100535 2
S 29698832 245 100538 2
S 29709832 245 100541 2
S 29720831 245 100540 2
S 29731830 245 100537 2
S 29742830 245 100538 2
S 29753829 245 100540 2
S 29764828 245 100543 2
S 29775828 245 100535 2
S 29786827 245 100540 2
S 29797826 245 100538 2
S 29808825 245 100537 2
S 29819825 245 100543 2
S 29830824 245 100542 2
S 29841823 245 100540 2
S 29852823 245 100535 2
S 29863822 245 100541 2
S 29874821 245 100539 2
S 29885821 245 100539 2
S 29896820 245 100542 2
S 29907819 245 100541 2
S 29918819 245 100542 2
S 29929818 245 100542 2
S 29940817 245 100542 2
S 29951817 245 100542 2
S 29962816 245 100543 2
S 29973815 245 100543 2
S 29984814 245 100544 2
S 29995814 245 100543 2
S 30006813 245 100543 2
S 30017812 245 100543 2
S 30028812 245 100543 2
S 30039811 245 100543 2
S 30050810 245 100540 2
S 30061810 245 100538 2
S 30072809 245 100540 2
S 30083808 245 100540 2
S 30094808 245 100540 2
S 30105807 245 100546 2
S 30116806 245 100543 2
S 30127806 245 100541 2
S 30138805 245 100541 2
S 30149804 245 100542 2
S 30160803 245 100543 2
S 30171803 245 100543 2
S 30182802 245 100543 2
S 30193801 245 100546 2
S 30204801 245 100543 2
S 30215800 245 100546 2
S 30226799 245 100546 2
S 30237799 245 100548 2
S 30248798 245 100547 2
S 30259797 245 100551 2
S 30275796 245 100546 2
S 30286796 245 100546 2
S 30297795 245 100546 2
S 30308794 245 100546 2
S 30319794 245 100551 2
S 30330793 245 100544 2
S 30341792 245 100544 2
S 30352791 245 100542 2
S 30363791 245 100538 2
S 30374790 245 100539 2
S 30385789 245 100538 2
S 30396789 245 100538 2
S 30407788 245 100541 2
S 30418787 245 100542 2
S 30429787 245 100536 2
S 30440786 245 100537 2
S 30451785 245 100540 2
S 30462785 245 100541 2
S 30473784 245 100539 2
S 30484783 245 100534 2
S 30495783 245 100533 2
S 30506782 245 100537 2
S 30517781 245 100542 2
S 30528780 245 100546 2
S 30539780 245 100538 2
S 30550779 245 100537 2
S 30561778 245 100536 2
S 30572778 245 100535 2
S 30583777 245 100537 2
S 30594776 245 100537 2
S 30605776 245 100538 2
S 30616775 245 100534 2
S 30627774 245 100537 2
S 30638774 245 100538 2
S 30649773 245 100541 2
S 30660772 245 100541 2
S 30671772 245 100537 2
S 30682771 245 100544 2
S 30693770 245 100539 2
S 30704769 245 100541 2
S 30715769 245 100541 2
S 30726768 245 100540 2
S 30737767 245 100541 2
S 30748767 245 100546 2
S 30759766 245 100544 2
S 30770765 245 100544 2
S 30781765 245 100544 2
S 30792764 245 100546 2
S 30803763 245 100543 2
S 30814763 245 100545 2
S 30825762 245 100540 2
S 30836761 245 100545 2
S 30847761 245 100542 2
S 30858760 245 100544 2
S 30869759 245 100546 2
S 30880758 245 100543 2
S 30891758 245 100542 2
S 30902757 245 100548 2
S 30913756 245 100543 2
S 30924756 245 100540 2
S 30935755 245 100546 2
S 30946754 245 100540 2
S 30957754 245 100543 2
S 30968753 245 100542 2
S 30979752 245 100540 2
S 30990752 245 100539 2
S 31001752 245 100543 2
S 31012750 245 100540 2
S 31023750 245 100546 2
S 31034749 245 100537 2
S 31045748 245 100536 2
S 31056747 245 100537 2
S 31067747 245 100533 2
S 31078746 245 100537 2
S 31089745 245 100534 2
S 31100745 245 100537 2
S 31111744 245 100540 2
S 31122743 245 100538 2
S 31133743 245 100539 2
S 31144742 245 100542 2
S 31155741 245 100538 2
S 31166741 245 100540 2
S 31177740 245 100539 2
S 31188739 245 100542 2
S 31199739 245 100537 2
S 31210738 245 100540 2
S 31221737 245 100536 2
S 31232736 245 100543 2
S 31243736 245 100540 2
S 31254735 245 100540 2
S 31265734 245 100538 2
S 31281733 245 100541 2
S 31292733 245 100541 2
S 31303732 245 100539 2
S 31314731 245 100544 2
S 31325731 245 100540 2
S 31336730 245 100537 2
S 31347729 245 100538 2
S 31358729 245 100544 2
S 31369728 245 100544 2
S 31380727 245 100538 2
S 31391727 245 100545 2
S 31402726 245 100546 2
S 31413725 245 100546 2
S 31424724 245 100540 2
S 31435724 245 100539 2
S 31446723 245 100540 2
S 31457722 245 100541 2
S 31468722 245 100541 2
S 31479721 245 100539 2
S 31490720 245 100542 2
S 31501720 245 100543 2
S 31512719 245 100539 2
S 31523718 245 100537 2
S 31534718 245 100540 2
S 31545717 245 100542 2
S 31556716 245 100540 2
S 31567716 245 100543 2
S 31578715 245 100540 2
S 31589714 245 100537 2
S 31600713 245 100539 2
S 31611713 245 100541 2
S 31622712 245 100541 2
S 31633711 245 100540 2
S 31644711 245 100540 2
S 31655710 245 100543 2
S 31666709 245 100541 2
S 31677709 245 100543 2
S 31688708 245 100542 2
S 31699707 245 100542 2
S 31710707 245 100547 2
S 31721706 245 100539 2
S 31732705 245 100540 2
S 31743705 245 100541 2
S 31754704 245 100543 2
S 31765703 245 100544 2
S 31776702 245 100543 2
S 31787702 245 100543 2
S 31798701 245 100541 2
S 31809700 245 100545 2
S 31820700 245 100544 2
S 31831699 245 100541 2
S 31842698 245 100543 2
S 31853698 245 100543 2
S 31864697 245 100543 2
S 31875696 245 100544 2
S 31886696 245 100543 2
S 31897695 245 100543 2
S 31908694 245 100543 2
S 31919694 245 100542 2
S 31930693 245 100540 2
S 31941692 245 100540 2
S 31952691 245 100546 2
S 31963691 245 100545 2
S 31974690 245 100548 2
S 31985689 245 100546 2
S 31996689 245 100545 2
S 32007688 245 100548 2
S 32018687 245 100548 2
S 32029687 245 100546 2
S 32040686 245 100543 2
S 32051685 245 100544 2
S 32062685 245 100550 2
S 32073684 245 100543 2
S 32084683 245 100546 2
S 32095683 245 100542 2
S 32106682 245 100543 2
S 32117681 245 100540 2
S 32128680 245 100542 2
S 32139680 245 100541 2
S 32150679 245 100544 2
S 32161678 245 100540 2
S 32172678 245 100538 2
S 32183677 245 100538 2
S 32194676 245 100542 2
S 32205676 245 100543 2
S 32216675 245 100543 2
S 32227674 245 100543 2
S 32238674 245 100540 2
S 32249673 245 100543 2
S 32260672 245 100540 2
S 32271672 245 100540 2
S 32287671 245 100544 2
S 32298670 245 100548 2
S 32309669 245 100545 2
S 32320668 245 100546 2
S 32331668 245 100546 2
S 32342667 245 100550 2
S 32353666 245 100545 2
S 32364666 245 100548 2
S 32375665 245 100547 2
S 32386664 245 100542 2
S 32397664 245 100546 2
S 32408663 245 100545 2
S 32419662 245 100543 2
S 32430662 245 100549 2
S 32441661 245 100550 2
S 32452660 245 100549 2
S 32463660 245 100555 2
S 32474659 245 100549 2
S 32485658 245 100548 2
S 32496657 245 100547 2
S 32507657 245 100549 2
S 32518656 245 100551 2
S 32529655 245 100553 2
S 32540655 245 100548 2
S 32551654 245 100548 2
S 32562653 245 100548 2
S 32573653 245 100545 2
S 32584652 245 100541 2
S 32595651 245 100544 2
S 32606651 245 100544 2
S 32617650 245 100545 2
S 32628649 245 100543 2
S 32639649 245 100544 2
S 32650648 245 100544 2
S 32661647 245 100540 2
S 32672646 245 100546 2
S 32683646 245 100541 2
S 32694645 245 100546 2
S 32705644 245 100546 2
S 32716644 245 100544 2
S 32727643 245 100543 2
S 32738642 245 100541 2
S 32749642 245 100543 2
S 32760641 245 100543 2
S 32771640 245 100543 2
S 32782640 245 100548 2
S 32793639 245 100543 2
S 32804638 245 100545 2
S 32815638 245 100545 2
S 32826637 245 100546 2
S 32837636 245 100544 2
S 32848635 245 100545 2
S 32859635 245 100545 2
S 32870634 245 100544 2
S 32881633 245 100546 2
S 32892633 245 100548 2
S 32903632 245 100550 2
S 32914631 245 100551 2
S 32925631 245 100544 2
S 32936630 245 100546 2
S 32947629 245 100548 2
S 32958629 245 100548 2
S 32969628 245 100548 2
S 32980627 245 100546 2
S 32991627 245 100549 2
S 33002626 245 100540 2
S 33013625 245 100544 2
S 33024624 245 100547 2
S 33035624 245 100546 2
S 33046623 245 100547 2
S 33057622 245 100544 2
S 33068622 245 100550 2
S 33079621 245 100544 2
S 33090620 245 100544 2
S 33101620 245 100545 2
S 33112619 245 100540 2
S 33123618 245 100545 2
S 33134618 245 100546 2
S 33145617 245 100546 2
S 33156616 245 100546 2
S 33167616 245 100543 2
S 33178615 245 100546 2
S 33189614 245 100543 2
S 33200613 245 100542 2
S 33211613 245 100542 2
S 33222612 245 100544 2
S 33233611 245 100544 2
S 33244611 245 100541 2
S 33255610 245 100547 2
S 33266609 245 100543 2
S 33277609 245 100539 2
S 33293608 245 100548 2
S 33304607 245 100546 2
S 33315606 245 100546 2
S 33326606 245 100546 2
S 33337605 245 100543 2
S 33348604 245 100548 2
S 33359604 245 100548 2
S 33370603 245 100543 2
S 33381602 245 100545 2
S 33392601 245 100548 2
S 33403601 245 100546 2
S 33414600 245 100546 2
S 33425599 245 100545 2
S 33436599 245 100541 2
S 33447598 245 100544 2
S 33458597 245 100539 2
S 33469597 245 100541 2
S 33480596 245 100540 2
S 33491595 245 100540 2
S 33502595 245 100545 2
S 33513594 245 100540 2
S 33524593 245 100543 2
S 33535593 245 100544 2
S 33546592 245 100543 2
S 33557591 245 100542 2
S 33568590 245 100545 2
S 33579590 245 100548 2
S 33590589 245 100544 2
S 33601588 245 100542 2
S 33612588 245 100541 2
S 33623587 245 100541 2
S 33634586 245 100543 2
S 33645586 245 100542 2
S 33656585 245 100543 2
S 33667584 245 100537 2
S 33678584 245 100539 2
S 33689583 245 100540 2
S 33700582 245 100537 2
S 33711582 245 100539 2
S 33722581 245 100538 2
S 33733580 245 100537 2
S 33744579 245 100538 2
S 33755579 245 100539 2
S 33766578 245 100542 2
S 33777577 245 100543 2
S 33788577 245 100534 2
S 33799576 245 100541 2
S 33810575 245 100542 2
S 33821575 245 100542 2
S 33832574 245 100534 2
S 33843573 245 100543 2
S 33854573 245 100547 2
S 33865572 245 100544 2
S 33876571 245 100540 2
S 33887571 245 100541 2
S 33898570 245 100543 2
S 33909569 245 100544 2
S 33920568 245 100543 2
S 33931568 245 100545 2
S 33942567 245 100548 2
S 33953566 245 100544 2
S 33964566 245 100542 2
S 33975565 245 100542 2
S 33986564 245 100546 2
S 33997564 245 100547 2
S 34008563 245 100546 2
S 34019562 245 100543 2
S 34030562 245 100536 2
S 34041561 245 100543 2
S 34052560 245 100546 2
S 34063560 245 100543 2
S 34074559 245 100544 2
S 34085558 245 100538 2
S 34096557 245 100537 2
S 34107557 245 100540 2
S 34118556 245 100546 2
S 34129555 245 100544 2
S 34140555 245 100545 2
S 34151554 245 100545 2
S 34162553 245 100544 2
S 34173553 245 100541 2
S 34184552 245 100544 2
S 34195551 245 100543 2
S 34206551 245 100542 2
S 34217550 245 100541 2
S 34228549 245 100538 2
S 34239549 245 100536 2
S 34250548 245 100540 2
S 34261547 245 100544 2
S 34272546 245 100545 2
S 34283546 245 100545 2
S 34299545 244 100538 2
S 34310544 244 100540 2
S 34321543 244 100541 2
S 34332543 244 100538 2
S 34343542 244 100540 2
S 34354541 244 100537 2
S 34365541 244 100537 2
S 34376540 244 100540 2
S 34387539 244 100543 2
S 34398539 244 100538 2
S 34409538 244 100539 2
S 34420537 244 100541 2
S 34431537 244 100540 2
S 34442536 244 100538 2
S 34453535 244 100541 2
S 34464534 244 100542 2
S 34475534 244 100540 2
S 34486533 244 100540 2
S 34497532 244 100538 2
S 34508532 244 100541 2
S 34519531 244 100540 2
S 34530530 244 100545 2
S 34541530 244 100544 2
S 34552529 244 100547 2
S 34563528 244 100549 2
S 34574528 244 100551 2
S 34585527 244 100544 2
S 34596526 244 100543 2
S 34607526 244 100541 2
S 34618525 244 100545 2
S 34629524 244 100548 2
S 34640523 244 100540 2
S 34651523 244 100548 2
S 34662522 244 100544 2
S 34673521 244 100542 2
S 34684521 244 100546 2
S 34695520 244 100545 2
S 34706519 244 100543 2
S 34717519 244 100543 2
S 34728518 244 100544 2
S 34739517 244 100537 2
S 34750517 244 100540 2
S 34761516 244 100540 2
S 34772515 244 100540 2
S 34783515 244 100542 2
S 34794514 244 100540 2
S 34805513 244 100541 2
S 34816512 244 100539 2
S 34827512 244 100539 2
S 34838511 244 100536 2
S 34849510 244 100537 2
S 34860510 244 100539 2
S 34871509 244 100540 2
S 34882508 244 100537 2
S 34893508 244 100539 2
S 34904507 244 100540 2
S 34915506 244 100541 2
S 34926506 244 100536 2
S 34937505 244 100537 2
S 34948504 244 100534 2
S 34959504 244 100538 2
S 34970503 244 100535 2
S 34981502 244 100538 2
S 34992501 244 100537 2
S 35003501 244 100538 2
S 35014500 244 100534 2
S 35025499 244 100536 2
S 35036499 244 100533 2
S 35047498 244 100532 2
S 35058497 244 100536 2
S 35069497 244 100537 2
S 35080496 244 100539 2
S 35091495 244 100537 2
S 35102495 244 100540 2
S 35113494 244 100540 2
S 35124493 244 100537 2
S 35135493 244 100537 2
S 35146492 244 100537 2
S 35157491 244 100543 2
S 35168490 244 100545 2
S 35179490 244 100540 2
S 35190489 244 100543 2
S 35201488 244 100538 2
S 35212488 244 100539 2
S 35223487 244 100540 2
S 35234486 244 100545 2
S 35245486 244 100542 2
S 35256485 244 100538 2
S 35267484 244 100539 2
S 35278484 244 100539 2
S 35289483 244 100542 2
S 35305482 244 100540 2
S 35316481 244 100544 2
S 35327481 244 100546 2
S 35338480 244 100541 2
S 35349479 244 100541 2
S 35360478 244 100540 2
S 35371478 244 100540 2
S 35382477 244 100542 2
S 35393476 244 100539 2
S 35404476 244 100542 2
S 35415475 244 100543 2
S 35426474 244 100543 2
S 35437474 244 100540 2
S 35448473 244 100543 2
S 35459472 244 100540 2
S 35470472 244 100540 2
S 35481471 244 100544 2
S 35492470 244 100545 2
S 35503470 244 100544 2
S 35514469 244 100541 2
S 35525468 244 100540 2
S 35536467 244 100538 2
S 35547467 244 100540 2
S 35558466 244 100540 2
S 35569465 244 100540 2
S 35580465 244 100543 2
S 35591464 244 100543 2
S 35602463 244 100542 2
S 35613463 244 100542 2
S 35624462 244 100542 2
S 35635461 244 100543 2
S 35646461 244 100545 2
S 35657460 244 100543 2
S 35668459 244 100542 2
S 35679459 244 100544 2
S 35690458 244 100549 2
S 35701457 244 100545 2
S 35712456 244 100548 2
S 35723456 244 100545 2
S 35734455 244 100549 2
S 35745454 244 100545 2
S 35756454 244 100544 2
S 35767453 244 100550 2
S 35778452 244 100545 2
S 35789452 244 100543 2
S 35800451 244 100538 2
S 35811450 244 100537 2
S 35822450 244 100538 2
S 35833449 244 100540 2
S 35844448 244 100534 2
S 35855448 244 100538 2
S 35866447 244 100540 2
S 35877446 244 100538 2
S 35888445 244 100539 2
S 35899445 244 100540 2
S 35910444 244 100539 2
S 35921443 244 100536 2
S 35932443 244 100537 2
S 35943442 244 100539 2
S 35954441 244 100540 2
S 35965441 244 100538 2
S 35976440 244 100539 2
S 35987439 244 100540 2
S 35998439 244 100545 2
S 36009438 244 100543 2
S 36020437 244 100548 2
S 36031437 244 100545 2
S 36042436 244 100547 2
S 36053435 244 100540 2
S 36064434 244 100544 2
S 36075434 244 100543 2
S 36086433 244 100545 2
S 36097432 244 100540 2
S 36108432 244 100539 2
S 36119431 244 100542 2
S 36130430 244 100543 2
S 36141430 244 100539 2
S 36152429 244 100542 2
S 36163428 244 100540 2
S 36174428 244 100541 2
S 36185427 244 100542 2
S 36196426 244 100545 2
S 36207426 244 100540 2
S 36218425 244 100541 2
S 36229424 244 100539 2
S 36240423 244 100540 2
S 36251423 244 100540 2
S 36262422 244 100538 2
S 36273421 244 100542 2
S 36284421 244 100541 2
S 36295420 244 100540 2
S 36311419 244 100544 2
S 36322418 244 100541 2
S 36333418 244 100543 2
S 36344417 244 100544 2
S 36355416 244 100548 2
S 36366416 244 100543 2
S 36377415 244 100544 2
S 36388414 244 100543 2
S 36399414 244 100540 2
S 36410413 244 100540 2
S 36421412 244 100542 2
S 36432411 244 100543 2
S 36443411 244 100547 2
S 36454410 244 100540 2
S 36465409 244 100541 2
S 36476409 244 100540 2
S 36487408 244 100544 2
S 36498407 244 100543 2
S 36509407 244 100545 2
S 36520406 244 100545 2
S 36531405 244 100546 2
S 36542405 244 100545 2
S 36553404 244 100545 2
S 36564403 244 100543 2
S 36575403 244 100543 2
S 36586402 244 100540 2
S 36597401 244 100539 2
S 36608400 244 100540 2
S 36619400 244 100544 2
S 36630399 244 100545 2
S 36641398 244 100541 2
S 36652398 244 100537 2
S 36663397 244 100543 2
S 36674396 244 100547 2
S 36685396 244 100542 2
S 36696395 244 100543 2
S 36707394 244 100543 2
S 36718394 244 100547 2
S 36729393 244 100551 2
S 36740392 244 100545 2
S 36751392 244 100544 2
S 36762391 244 100542 2
S 36773390 244 100543 2
S 36784389 244 100548 2
S 36795389 244 100545 2
S 36806388 244 100543 2
S 36817387 244 100540 2
S 36828387 244 100541 2
S 36839386 244 100543 2
S 36850385 244 100541 2
S 36861385 244 100540 2
S 36872384 244 100538 2
S 36883383 244 100537 2
S 36894383 244 100538 2
S 36905382 244 100543 2
S 36916381 244 100540 2
S 36927381 244 100543 2
S 36938380 244 100542 2
S 36949379 244 100540 2
S 36960378 244 100537 2
S 36971378 244 100539 2
S 36982377 244 100538 2
S 36993376 244 100541 2
S 37004376 244 100541 2
S 37015375 244 100543 2
S 37026374 244 100540 2
S 37037374 244 100542 2
S 37048373 244 100541 2
S 37059372 244 100539 2
S 37070372 244 100540 2
S 37081371 244 100535 2
S 37092370 244 100540 2
S 37103370 244 100543 2
S 37114369 244 100542 2
S 37125368 244 100538 2
S 37136367 244 100544 2
S 37147367 244 100544 2
S 37158366 244 100539 2
S 37169365 244 100536 2
S 37180365 244 100539 2
S 37191364 244 100538 2
S 37202363 244 100534 2
S 37213363 244 100541 2
S 37224362 244 100535 2
S 37235361 244 100540 2
S 37246361 244 100539 2
S 37257360 244 100540 2
S 37268359 244 100544 2
S 37279359 244 100539 2
S 37290358 244 100533 2
S 37301357 244 100536 2
S 37317356 244 100538 2
S 37328355 244 100542 2
S 37339355 244 100539 2
S 37350354 244 100542 2
S 37361353 244 100541 2
S 37372353 244 100534 2
S 37383352 244 100537 2
S 37394351 244 100536 2
S 37405351 244 100541 2
S 37416350 244 100533 2
S 37427349 244 100539 2
S 37438349 244 100537 2
S 37449348 244 100538 2
S 37460347 244 100540 2
S 37471347 244 100540 2
S 37482346 244 100536 2
S 37493345 244 100535 2
S 37504344 244 100543 2
S 37515344 244 100539 2
S 37526343 244 100542 2
S 37537342 244 100540 2
S 37548342 244 100543 2
S 37559341 244 100540 2
S 37570340 244 100537 2
S 37581340 244 100534 2
S 37592339 244 100535 2
S 37603338 244 100540 2
S 37614338 244 100537 2
S 37625337 244 100540 2
S 37636336 244 100537 2
S 37647336 244 100545 2
S 37658335 244 100540 2
S 37669334 244 100539 2
S 37680333 244 100540 2
S 37691333 244 100539 2
S 37702332 244 100540 2
S 37713331 244 100537 2
S 37724331 244 100541 2
S 37735330 244 100541 2
S 37746329 244 100542 2
S 37757329 244 100542 2
S 37768328 244 100540 2
S 37779327 244 100543 2
S 37790327 244 100543 2
S 37801326 244 100538 2
S 37812325 244 100540 2
S 37823325 244 100536 2
S 37834324 244 100544 2
S 37845323 244 100536 2
S 37856322 244 100537 2
S 37867322 244 100540 2
S 37878321 244 100543 2
S 37889320 244 100542 2
S 37900320 244 100541 2
S 37911319 244 100539 2
S 37922318 244 100534 2
S 37933318 244 100543 2
S 37944317 244 100540 2
S 37955316 244 100539 2
S 37966316 244 100534 2
S 37977315 244 100541 2
S 37988314 244 100538 2
S 37999314 244 100543 2
S 38010313 244 100543 2
S 38021312 244 100541 2
S 38032311 244 100543 2
S 38043311 244 100541 2
S 38054310 244 100548 2
S 38065309 244 100543 2
S 38076309 244 100546 2
S 38087308 244 100542 2
S 38098307 244 100545 2
S 38109307 244 100540 2
S 38120306 244 100542 2
S 38131305 244 100546 2
S 38142305 244 100545 2
S 38153304 244 100542 2
S 38164303 244 100539 2
S 38175303 244 100543 2
S 38186302 244 100543 2
S 38197301 244 100542 2
S 38208300 244 100541 2
S 38219300 244 100541 2
S 38230299 244 100536 2
S 38241298 244 100537 2
S 38252298 244 100538 2
S 38263297 244 100536 2
S 38274296 244 100540 2
S 38285296 244 100539 2
S 38296295 244 100537 2
S 38307294 244 100545 2
S 38323293 244 100540 2
S 38334293 244 100536 2
S 38345292 244 100540 2
S 38356291 244 100540 2
S 38367291 244 100540 2
S 38378290 244 100540 2
S 38389289 244 100542 2
S 38400288 244 100537 2
S 38411288 244 100539 2
S 38422287 244 100540 2
S 38433286 244 100540 2
S 38444286 244 100541 2
S 38455285 244 100538 2
S 38466284 244 100537 2
S 38477284 244 100535 2
S 38488283 244 100538 2
S 38499282 244 100534 2
S 38510282 244 100540 2
S 38521281 244 100537 2
S 38532280 244 100538 2
S 38543280 244 100535 2
S 38554279 244 100537 2
S 38565278 244 100538 2
S 38576277 244 100539 2
S 38587277 244 100541 2
S 38598276 244 100539 2
S 38609275 244 100539 2
S 38620275 244 100538 2
S 38631274 244 100540 2
S 38642273 244 100537 2
S 38653273 244 100542 2
S 38664272 244 100540 2
S 38675271 244 100543 2
S 38686271 244 100537 2
S 38697270 244 100540 2
S 38708269 244 100537 2
S 38719269 244 100537 2
S 38730268 244 100535 2
S 38741267 244 100537 2
S 38752266 244 100537 2
S 38763266 244 100537 2
S 38774265 244 100538 2
S 38785264 244 100537 2
S 38796264 244 100537 2
S 38807263 244 100535 2
S 38818262 244 100540 2
S 38829262 244 100543 2
S 38840261 244 100540 2
S 38851260 244 100541 2
S 38862260 244 100537 2
S 38873259 244 100540 2
S 38884258 244 100541 2
S 38895258 244 100539 2
S 38906257 244 100537 2
S 38917256 244 100539 2
S 38928255 244 100535 2
S 38939255 244 100537 2
S 38950254 244 100540 2
S 38961253 244 100537 2
S 38972253 244 100536 2
S 38983252 244 100538 2
S 38994251 244 100533 2
S 39005251 244 100541 2
S 39016250 244 100540 2
S 39027249 244 100540 2
S 39038249 244 100538 2
S 39049248 244 100538 2
S 39060247 244 100539 2
S 39071247 244 100543 2
S 39082246 244 100540 2
S 39093245 244 100540 2
S 39104244 244 100537 2
S 39115244 244 100540 2
S 39126243 244 100537 2
S 39137242 244 100540 2
S 39148242 244 100534 2
S 39159241 244 100536 2
S 39170240 244 100537 2
S 39181240 244 100534 2
S 39192239 244 100537 2
S 39203238 244 100537 2
S 39214238 244 100536 2
S 39225237 244 100536 2
S 39236236 244 100537 2
S 39247236 244 100538 2
S 39258235 244 100537 2
S 39269234 244 100540 2
S 39280233 244 100537 2
S 39291233 244 100536 2
S 39302232 244 100540 2
S 39313231 244 100536 2
S 39329230 244 100541 2
S 39340230 244 100544 2
S 39351229 244 100543 2
S 39362228 244 100540 2
S 39373228 244 100537 2
S 39384227 244 100540 2
S 39395226 244 100540 2
S 39406226 244 100540 2
S 39417225 244 100542 2
S 39428224 244 100542 2
S 39439224 244 100548 2
S 39450223 244 100548 2
S 39461222 244 100545 2
S 39472221 244 100535 2
S 39483221 244 100540 2
S 39494220 244 100539 2
S 39505219 244 100544 2
S 39516219 244 100543 2
S 39527218 244 100540 2
S 39538217 244 100545 2
S 39549217 244 100541 2
S 39560216 244 100539 2
S 39571215 244 100541 2
S 39582215 244 100540 2
S 39593214 244 100543 2
S 39604213 244 100542 2
S 39615213 244 100539 2
S 39626212 244 100538 2
S 39637211 244 100541 2
S 39648210 244 100537 2
S 39659210 244 100537 2
S 39670209 244 100540 2
S 39681208 244 100540 2
S 39692208 244 100536 2
S 39703207 244 100539 2
S 39714206 244 100540 2
S 39725206 244 100537 2
S 39736205 244 100532 2
S 39747204 244 100535 2
S 39758204 244 100535 2
S 39769203 244 100532 2
S 39780202 244 100536 2
S 39791202 244 100535 2
S 39802201 244 100538 2
S 39813200 244 100540 2
S 39824199 244 100537 2
S 39835199 244 100543 2
S 39846198 244 100537 2
S 39857197 244 100538 2
S 39868197 244 100537 2
S 39879196 244 100537 2
S 39890195 244 100532 2
S 39901195 244 100535 2
S 39912194 244 100543 2
S 39923193 244 100540 2
S 39934193 244 100544 2
S 39945192 244 100534 2
S 39956191 244 100538 2
S 39967191 244 100540 2
S 39978190 244 100537 2
S 39989189 244 100537 2
S 40000188 244 100532 2
S 40011188 244 100532 2
S 40022187 244 100538 2
S 40033186 244 100542 2
S 40044186 244 100535 2
S 40055185 244 100538 2
S 40066184 244 100540 2
S 40077184 244 100538 2
S 40088183 244 100539 2
S 40099182 244 100536 2
S 40110182 244 100539 2
S 40121181 244 100537 2
S 40132180 244 100537 2
S 40143180 244 100537 2
S 40154179 244 100542 2
S 40165178 244 100538 2
S 40176177 244 100539 2
S 40187177 244 100543 2
S 40198176 244 100537 2
S 40209175 244 100539 2
S 40220175 244 100537 2
S 40231174 244 100532 2
S 40242173 244 100534 2
S 40253173 244 100540 2
S 40264172 244 100542 2
S 40275171 244 100539 2
S 40286171 244 100544 2
S 40297170 244 100539 2
S 40308169 244 100539 2
S 40319169 244 100536 2
S 40335168 244 100538 2
S 40346167 244 100537 2
S 40357166 244 100537 2
S 40368165 244 100537 2
S 40379165 244 100537 2
S 40390164 244 100541 2
S 40401163 244 100537 2
S 40412163 244 100544 2
S 40423162 244 100537 2
S 40434161 244 100534 2
S 40445161 244 100540 2
S 40456160 244 100543 2
S 40467159 244 100540 2
S 40478159 244 100541 2
S 40489158 244 100537 2
S 40500157 244 100537 2
S 40511157 244 100536 2
S 40522156 244 100537 2
S 40533155 244 100536 2
S 40544154 244 100538 2
S 40555154 244 100536 2
S 40566153 244 100537 2
S 40577152 244 100538 2
S 40588152 244 100535 2
S 40599151 244 100530 2
S 40610150 244 100538 2
S 40621150 244 100537 2
S 40632149 244 100536 2
S 40643148 244 100542 2
S 40654148 244 100539 2
S 40665147 244 100540 2
S 40676146 244 100539 2
S 40687146 244 100536 2
S 40698145 244 100531 2
S 40709144 244 100537 2
S 40720143 244 100537 2
S 40731143 244 100539 2
S 40742142 244 100533 2
S 40753141 244 100538 2
S 40764141 244 100534 2
S 40775140 244 100532 2
S 40786139 244 100532 2
S 40797139 244 100537 2
S 40808138 244 100529 2
S 40819137 244 100537 2
S 40830137 244 100539 2
S 40841136 244 100539 2
S 40852135 244 100537 2
S 40863135 244 100535 2
S 40874134 244 100537 2
S 40885133 244 100536 2
S 40896132 244 100537 2
S 40907132 244 100537 2
S 40918131 244 100531 2
S 40929130 244 100531 2
S 40940130 244 100535 2
S 40951129 244 100541 2
S 40962128 244 100540 2
S 40973128 244 100534 2
S 40984127 244 100541 2
S 40995126 244 100538 2
S 41006126 244 100534 2
S 41017125 244 100528 2
S 41028124 244 100534 2
S 41039124 244 100536 2
S 41050123 244 100543 2
S 41061122 244 100537 2
S 41072121 244 100540 2
S 41083121 244 100538 2
S 41094120 244 100539 2
S 41105119 244 100536 2
S 41116119 244 100535 2
S 41127118 244 100537 2
S 41138117 244 100538 2
S 41149117 244 100537 2
S 41160116 244 100537 2
S 41171115 244 100533 2
S 41182115 244 100533 2
S 41193114 244 100536 2
S 41204113 244 100534 2
S 41215113 244 100534 2
S 41226112 244 100533 2
S 41237111 244 100534 2
S 41248110 244 100532 2
S 41259110 244 100534 2
S 41270109 244 100533 2
S 41281108 244 100533 2
S 41292108 244 100531 2
S 41303107 244 100534 2
S 41314106 244 100537 2
S 41325106 244 100540 2
S 41341105 244 100535 2
S 41352104 244 100534 2
S 41363103 244 100531 2
S 41374103 244 100532 2
S 41385102 244 100539 2
S 41396101 244 100531 2
S 41407101 244 100537 2
S 41418100 244 100537 2
S 41429099 244 100540 2
S 41440098 244 100534 2
S 41451098 244 100537 2
S 41462097 244 100531 2
S 41473096 244 100537 2
S 41484096 244 100531 2
S 41495095 244 100534 2
S 41506094 244 100537 2
S 41517094 244 100534 2
S 41528093 244 100534 2
S 41539092 244 100534 2
S 41550092 244 100533 2
S 41561091 244 100534 2
S 41572090 244 100538 2
S 41583090 244 100534 2
S 41594089 244 100535 2
S 41605088 244 100530 2
S 41616087 244 100532 2
S 41627087 244 100537 2
S 41638086 244 100533 2
S 41649085 244 100534 2
S 41660085 244 100533 2
S 41671084 244 100534 2
S 41682083 244 100534 2
S 41693083 244 100526 2
S 41704082 244 100534 2
S 41715081 244 100531 2
S 41726081 244 100532 2
S 41737080 244 100536 2
S 41748079 244 100533 2
S 41759079 244 100537 2
S 41770078 244 100537 2
S 41781077 244 100529 2
S 41792076 244 100536 2
S 41803076 244 100540 2
S 41814075 244 100537 2
S 41825074 244 100533 2
S 41836074 244 100533 2
S 41847073 244 100533 2
S 41858072 244 100534 2
S 41869072 244 100534 2
S 41880071 244 100534 2
S 41891070 244 100533 2
S 41902070 244 100531 2
S 41913069 244 100529 2
S 41924068 244 100524 2
S 41935068 244 100537 2
S 41946067 244 100535 2
S 41957066 244 100538 2
S 41968065 244 100536 2
S 41979065 244 100537 2
S 41990064 244 100537 2
S 42001062 244 100539 2
S 42012063 244 100537 2
S 42023062 244 100537 2
S 42034061 244 100531 2
S 42045061 244 100539 2
S 42056060 244 100537 2
S 42067059 244 100541 2
S 42078059 244 100535 2
S 42089058 244 100537 2
S 42100057 244 100539 2
S 42111057 244 100538 2
S 42122056 244 100532 2
S 42133055 244 100534 2
S 42144054 244 100533 2
S 42155054 244 100538 2
S 42166053 244 100538 2
S 42177052 244 100536 2
S 42188052 244 100540 2
S 42199051 244 100541 2
S 42210050 244 100540 2
S 42221050 244 100531 2
S 42232049 244 100530 2
S 42243048 244 100537 2
S 42254048 244 100536 2
S 42265047 244 100532 2
S 42276046 244 100535 2
S 42287046 244 100534 2
S 42298045 244 100535 2
S 42309044 244 100531 2
S 42320043 244 100537 2
S 42331043 244 100533 2
S 42347042 244 100540 2
S 42358041 244 100540 2
S 42369040 244 100540 2
S 42380040 244 100539 2
S 42391039 244 100542 2
S 42402038 244 100536 2
S 42413038 244 100534 2
S 42424037 244 100536 2
S 42435036 244 100534 2
S 42446036 244 100536 2
S 42457035 244 100537 2
S 42468034 244 100540 2
S 42479034 244 100538 2
S 42490033 244 100534 2
S 42501032 244 100534 2
S 42512031 244 100533 2
S 42523031 244 100537 2
S 42534030 244 100539 2
S 42545029 244 100536 2
S 42556029 244 100541 2
S 42567028 244 100531 2
S 42578027 244 100534 2
S 42589027 244 100537 2
S 42600026 244 100535 2
S 42611025 244 100537 2
S 42622025 244 100534 2
S 42633024 244 100534 2
S 42644023 244 100540 2
S 42655023 244 100543 2
S 42666022 244 100537 2
S 42677021 244 100539 2
S 42688020 244 100537 2
S 42699020 244 100537 2
S 42710019 244 100545 2
S 42721018 244 100540 2
S 42732018 244 100537 2
S 42743017 244 100540 2
S 42754016 244 100538 2
S 42765016 244 100534 2
S 42776015 244 100540 2
S 42787014 244 100540 2
S 42798014 244 100540 2
S 42809013 244 100540 2
S 42820012 244 100542 2
S 42831012 244 100542 2
S 42842011 244 100540 2
S 42853010 244 100539 2
S 42864009 244 100540 2
S 42875009 244 100534 2
S 42886008 244 100537 2
S 42897007 244 100538 2
S 42908007 244 100536 2
S 42919006 244 100544 2
S 42930005 244 100542 2
S 42941005 244 100537 2
S 42952004 244 100542 2
S 42963003 244 100538 2
S 42974003 244 100537 2
S 42985002 244 100543 2
S 42996001 244 100540 2
S 43007001 244 100538 2
S 43018000 244 100536 2
S 43028999 244 100536 2
S 43039998 244 100539 2
S 43050998 244 100538 2
S 43061997 244 100543 2
S 43072996 244 100538 2
S 43083996 244 100539 2
S 43094995 244 100543 2
S 43105994 244 100543 2
S 43116994 244 100540 2
S 43127993 244 100546 2
S 43138992 244 100545 2
S 43149992 244 100545 2
S 43160991 244 100543 2
S 43171990 244 100538 2
S 43182990 244 100542 2
S 43193989 244 100539 2
S 43204988 244 100536 2
S 43215987 244 100536 2
S 43226987 244 100535 2
S 43237986 244 100537 2
S 43248985 244 100540 2
S 43259985 244 100537 2
S 43270984 244 100538 2
S 43281983 244 100540 2
S 43292983 244 100538 2
S 43303982 244 100542 2
S 43314981 244 100540 2
S 43325981 244 100540 2
S 43336980 244 100541 2
S 43352979 244 100548 2
S 43363978 244 100545 2
S 43374978 244 100548 2
S 43385977 244 100547 2
S 43396976 244 100545 2
S 43407975 244 100547 2
S 43418975 244 100548 2
S 43429974 244 100546 2
S 43440973 244 100548 2
S 43451973 244 100547 2
S 43462972 244 100548 2
S 43473971 244 100546 2
S 43484971 244 100545 2
S 43495970 244 100545 2
S 43506969 244 100548 2
S 43517969 244 100543 2
S 43528968 244 100550 2
S 43539967 244 100547 2
S 43550967 244 100545 2
S 43561966 244 100544 2
S 43572965 244 100543 2
S 43583964 244 100544 2
S 43594964 244 100545 2
S 43605963 244 100545 2
S 43616962 244 100547 2
S 43627962 244 100543 2
S 43638961 244 100544 2
S 43649960 244 100543 2
S 43660960 244 100545 2
S 43671959 244 100542 2
S 43682958 244 100547 2
S 43693958 244 100546 2
S 43704957 244 100548 2
S 43715956 244 100543 2
S 43726956 244 100545 2
S 43737955 244 100543 2
S 43748954 244 100543 2
S 43759953 244 100540 2
S 43770953 244 100543 2
S 43781952 244 100544 2
S 43792951 244 100543 2
S 43803951 244 100543 2
S 43814950 244 100543 2
S 43825949 244 100543 2
S 43836949 244 100543 2
S 43847948 244 100545 2
S 43858947 244 100542 2
S 43869947 244 100547 2
S 43880946 244 100549 2
S 43891945 244 100545 2
S 43902945 244 100546 2
S 43913944 244 100540 2
S 43924943 244 100545 2
S 43935942 244 100548 2
S 43946942 244 100545 2
S 43957941 244 100551 2
S 43968940 244 100547 2
S 43979940 244 100547 2
S 43990939 244 100547 2
S 44001939 244 100546 2
S 44012938 244 100550 2
S 44023937 244 100548 2
S 44034936 244 100551 2
S 44045936 244 100555 2
S 44056935 244 100548 2
S 44067934 244 100551 2
S 44078934 244 100545 2
S 44089933 244 100540 2
S 44100932 244 100541 2
S 44111931 244 100539 2
S 44122931 244 100546 2
S 44133930 244 100547 2
S 44144929 244 100544 2
S 44155929 244 100545 2
S 44166928 244 100546 2
S 44177927 244 100545 2
S 44188927 244 100545 2
S 44199926 244 100543 2
S 44210925 244 100547 2
S 44221925 244 100545 2
S 44232924 244 100545 2
S 44243923 244 100546 2
S 44254923 244 100551 2
S 44265922 244 100546 2
S 44276921 244 100543 2
S 44287920 244 100550 2
S 44298920 244 100544 2
S 44309919 244 100546 2
S 44320918 244 100543 2
S 44331918 244 100546 2
S 44342917 244 100544 2
S 44358916 244 100545 2
S 44369915 244 100551 2
S 44380915 244 100543 2
S 44391914 244 100543 2
S 44402913 244 100544 2
S 44413913 244 100545 2
S 44424912 244 100540 2
S 44435911 244 100542 2
S 44446911 244 100546 2
S 44457910 244 100543 2
S 44468909 244 100542 2
S 44479908 244 100540 2
S 44490908 244 100537 2
S 44501907 244 100540 2
S 44512906 244 100537 2
S 44523906 244 100539 2
S 44534905 244 100539 2
S 44545904 244 100538 2
S 44556904 244 100538 2
S 44567903 244 100535 2
S 44578902 244 100540 2
S 44589902 244 100539 2
S 44600901 244 100541 2
S 44611900 244 100540 2
S 44622900 244 100539 2
S 44633899 244 100535 2
S 44644898 244 100542 2
S 44655897 244 100538 2
S 44666897 244 100543 2
S 44677896 244 100537 2
S 44688895 244 100541 2
S 44699895 244 100533 2
S 44710894 244 100542 2
S 44721893 244 100540 2
S 44732893 244 100541 2
S 44743892 244 100540 2
S 44754891 244 100535 2
S 44765891 244 100538 2
S 44776890 244 100534 2
S 44787889 244 100538 2
S 44798889 244 100538 2
S 44809888 244 100536 2
S 44820887 244 100537 2
S 44831886 244 100542 2
S 44842886 244 100537 2
S 44853885 244 100536 2
S 44864884 244 100537 2
S 44875884 244 100536 2
S 44886883 244 100538 2
S 44897882 244 100539 2
S 44908882 244 100543 2
S 44919881 244 100538 2
S 44930880 244 100537 2
S 44941880 244 100539 2
S 44952879 244 100542 2
S 44963878 244 100537 2
S 44974878 244 100537 2
S 44985877 244 100534 2
S 44996876 244 100542 2
S 45007875 244 100542 2
S 45018875 244 100541 2
S 45029874 244 100539 2
S 45040873 244 100540 2
S 45051873 244 100536 2
S 45062872 244 100542 2
S 45073871 244 100539 2
S 45084871 244 100540 2
S 45095870 244 100536 2
S 45106869 244 100541 2
S 45117869 244 100542 2
S 45128868 244 100542 2
S 45139867 244 100540 2
S 45150867 244 100543 2
S 45161866 244 100540 2
S 45172865 244 100534 2
S 45183864 244 100537 2
S 45194864 244 100537 2
S 45205863 244 100534 2
S 45216862 244 100535 2
S 45227862 244 100532 2
S 45238861 244 100529 2
S 45249860 244 100531 2
S 45260860 244 100531 2
S 45271859 244 100541 2
S 45282858 244 100538 2
S 45293858 244 100537 2
S 45304857 244 100534 2
S 45315856 244 100534 2
S 45326856 244 100541 2
S 45337855 244 100535 2
S 45348854 244 100537 2
S 45364853 244 100543 2
S 45375852 244 100543 2
S 45386852 244 100540 2
S 45397851 244 100537 2
S 45408850 244 100537 2
S 45419850 244 100539 2
S 45430849 244 100539 2
S 45441848 244 100540 2
S 45452848 244 100540 2
S 45463847 244 100540 2
S 45474846 244 100540 2
S 45485846 244 100543 2
S 45496845 244 100541 2
S 45507844 244 100537 2
S 45518844 244 100536 2
S 45529843 244 100541 2
S 45540842 244 100539 2
S 45551841 244 100540 2
S 45562841 244 100544 2
S 45573840 244 100542 2
S 45584839 244 100545 2
S 45595839 244 100545 2
S 45606838 244 100540 2
S 45617837 244 100543 2
S 45628837 244 100543 2
S 45639836 244 100536 2
S 45650835 244 100542 2
S 45661835 244 100541 2
S 45672834 244 100539 2
S 45683833 244 100545 2
S 45694833 244 100540 2
S 45705832 244 100538 2
S 45716831 244 100542 2
S 45727830 244 100545 2
S 45738830 244 100543 2
S 45749829 244 100542 2
S 45760828 244 100543 2
S 45771828 244 100543 2
S 45782827 244 100549 2
S 45793826 244 100546 2
S 45804826 244 100547 2
S 45815825 244 100546 2
S 45826824 244 100545 2
S 45837824 244 100545 2
S 45848823 244 100544 2
S 45859822 244 100540 2
S 45870822 244 100547 2
S 45881821 244 100544 2
S 45892820 244 100543 2
S 45903819 244 100545 2
S 45914819 244 100543 2
S 45925818 244 100543 2
S 45936817 244 100542 2
S 45947817 244 100545 2
S 45958816 244 100543 2
S 45969815 244 100545 2
S 45980815 244 100541 2
S 45991814 244 100540 2
S 46002813 244 100539 2
S 46013813 244 100540 2
S 46024812 244 100542 2
S 46035811 244 100540 2
S 46046811 244 100543 2
S 46057810 244 100545 2
S 46068809 244 100541 2
S 46079808 244 100546 2
S 46090808 244 100540 2
S 46101807 244 100540 2
S 46112806 244 100544 2
S 46123806 244 100543 2
S 46134805 244 100543 2
S 46145804 244 100541 2
S 46156804 244 100538 2
S 46167803 244 100537 2
S 46178802 244 100544 2
S 46189802 244 100544 2
S 46200801 244 100543 2
S 46211800 244 100542 2
S 46222800 244 100541 2
S 46233799 244 100540 2
S 46244798 244 100540 2
S 46255797 244 100542 2
S 46266797 244 100544 2
S 46277796 244 100543 2
S 46288795 244 100540 2
S 46299795 244 100539 2
S 46310794 244 100538 2
S 46321793 244 100542 2
S 46332793 244 100537 2
S 46343792 244 100537 2
S 46354791 244 100540 2
S 46370790 244 100545 2
S 46381790 244 100547 2
S 46392789 244 100540 2
S 46403788 244 100548 2
S 46414788 244 100545 2
S 46425787 244 100548 2
S 46436786 244 100548 2
S 46447785 244 100546 2
S 46458785 244 100544 2
S 46469784 244 100542 2
S 46480783 244 100539 2
S 46491783 244 100540 2
S 46502782 244 100548 2
S 46513781 244 100549 2
S 46524781 244 100540 2
S 46535780 244 100544 2
S 46546779 244 100541 2
S 46557779 244 100540 2
S 46568778 244 100536 2
S 46579777 244 100539 2
S 46590777 244 100535 2
S 46601776 244 100536 2
S 46612775 244 100542 2
S 46623774 244 100536 2
S 46634774 244 100539 2
S 46645773 244 100539 2
S 46656772 244 100543 2
S 46667772 244 100542 2
S 46678771 244 100543 2
S 46689770 244 100538 2
S 46700770 244 100541 2
S 46711769 244 100543 2
S 46722768 244 100544 2
S 46733768 244 100546 2
S 46744767 244 100547 2
S 46755766 244 100547 2
S 46766766 244 100547 2
S 46777765 244 100545 2
S 46788764 244 100540 2
S 46799763 244 100549 2
S 46810763 244 100549 2
S 46821762 244 100543 2
S 46832761 244 100546 2
S 46843761 244 100541 2
S 46854760 244 100548 2
S 46865759 244 100544 2
S 46876759 244 100547 2
S 46887758 244 100546 2
S 46898757 244 100547 2
S 46909757 244 100551 2
S 46920756 244 100550 2
S 46931755 244 100543 2
S 46942755 244 100541 2
S 46953754 244 100542 2
S 46964753 244 100543 2
S 46975752 244 100540 2
S 46986752 244 100537 2
S 46997751 244 100544 2
S 47008750 244 100545 2
S 47019750 244 100543 2
S 47030749 244 100544 2
S 47041748 244 100545 2
S 47052748 244 100542 2
S 47063747 244 100542 2
S 47074746 244 100537 2
S 47085746 244 100538 2
S 47096745 244 100537 2
S 47107744 244 100539 2
S 47118744 244 100544 2
S 47129743 244 100542 2
S 47140742 244 100546 2
S 47151741 244 100548 2
S 47162741 244 100550 2
S 47173740 244 100540 2
S 47184739 244 100542 2
S 47195739 244 100542 2
S 47206738 244 100543 2
S 47217737 244 100545 2
S 47228737 244 100542 2
S 47239736 244 100545 2
S 47250735 244 100547 2
S 47261735 244 100545 2
S 47272734 244 100548 2
S 47283733 244 100543 2
S 47294733 244 100545 2
S 47305732 244 100547 2
S 47316731 244 100548 2
S 47327730 244 100548 2
S 47338730 244 100548 2
S 47349729 244 100545 2
S 47360728 244 100548 2
S 47376727 244 100545 2
S 47387727 244 100543 2
S 47398726 244 100542 2
S 47409725 244 100543 2
S 47420725 244 100541 2
S 47431724 244 100540 2
S 47442723 244 100538 2
S 47453723 244 100544 2
S 47464722 244 100540 2
S 47475721 244 100543 2
S 47486721 244 100540 2
S 47497720 244 100539 2
S 47508719 244 100541 2
S 47519718 244 100544 2
S 47530718 244 100543 2
S 47541717 244 100545 2
S 47552716 244 100543 2
S 47563716 244 100544 2
S 47574715 244 100537 2
S 47585714 244 100543 2
S 47596714 244 100540 2
S 47607713 244 100539 2
S 47618712 244 100539 2
S 47629712 244 100543 2
S 47640711 244 100542 2
S 47651710 244 100543 2
S 47662710 244 100544 2
S 47673709 244 100544 2
S 47684708 244 100548 2
S 47695707 244 100542 2
S 47706707 244 100545 2
S 47717706 244 100543 2
S 47728705 244 100545 2
S 47739705 244 100540 2
S 47750704 244 100543 2
S 47761703 244 100541 2
S 47772703 244 100544 2
S 47783702 244 100545 2
S 47794701 244 100545 2
S 47805701 244 100539 2
S 47816700 244 100544 2
S 47827699 244 100545 2
S 47838699 244 100548 2
S 47849698 244 100538 2
S 47860697 244 100542 2
S 47871696 244 100540 2
S 47882696 244 100543 2
S 47893695 244 100539 2
S 47904694 244 100540 2
S 47915694 244 100540 2
S 47926693 244 100538 2
S 47937692 244 100540 2
S 47948692 244 100538 2
S 47959691 244 100537 2
S 47970690 244 100540 2
S 47981690 244 100543 2
S 47992689 244 100537 2
S 48003688 244 100536 2
S 48014688 244 100540 2
S 48025687 244 100543 2
S 48036686 244 100539 2
S 48047685 244 100534 2
S 48058685 244 100534 2
S 48069684 244 100535 2
S 48080683 244 100540 2
S 48091683 244 100533 2
S 48102682 244 100539 2
S 48113681 244 100538 2
S 48124681 244 100536 2
S 48135680 244 100529 2
S 48146679 244 100535 2
S 48157679 244 100537 2
S 48168678 244 100536 2
S 48179677 244 100539 2
S 48190677 244 100537 2
S 48201676 244 100536 2
S 48212675 244 100538 2
S 48223674 244 100539 2
S 48234674 244 100534 2
S 48245673 244 100536 2
S 48256672 244 100538 2
S 48267672 244 100543 2
S 48278671 244 100537 2
S 48289670 244 100537 2
S 48300670 244 100537 2
S 48311669 244 100540 2
S 48322668 244 100537 2
S 48333668 244 100538 2
S 48344667 244 100541 2
S 48355666 244 100541 2
S 48366666 244 100545 2
S 48382665 244 100545 2
S 48393664 244 100545 2
S 48404663 244 100548 2
S 48415662 244 100546 2
S 48426662 244 100546 2
S 48437661 244 100541 2
S 48448660 244 100540 2
S 48459660 244 100544 2
S 48470659 244 100540 2
S 48481658 244 100544 2
S 48492658 244 100540 2
S 48503657 244 100542 2
S 48514656 244 100545 2
S 48525656 244 100540 2
S 48536655 244 100541 2
S 48547654 244 100543 2
S 48558654 244 100541 2
S 48569653 244 100539 2
S 48580652 244 100537 2
S 48591651 244 100544 2
S 48602651 244 100539 2
S 48613650 244 100537 2
S 48624649 244 100537 2
S 48635649 244 100540 2
S 48646648 244 100537 2
S 48657647 244 100537 2
S 48668647 244 100536 2
S 48679646 244 100534 2
S 48690645 244 100541 2
S 48701645 244 100541 2
S 48712644 244 100537 2
S 48723643 244 100537 2
S 48734643 244 100540 2
S 48745642 244 100538 2
S 48756641 244 100539 2
S 48767640 244 100537 2
S 48778640 244 100539 2
S 48789639 244 100540 2
S 48800638 244 100538 2
S 48811638 244 100537 2
S 48822637 244 100540 2
S 48833636 244 100536 2
S 48844636 244 100539 2
S 48855635 244 100537 2
S 48866634 244 100540 2
S 48877634 244 100534 2
S 48888633 244 100539 2
S 48899632 244 100537 2
S 48910632 244 100540 2
S 48921631 244 100541 2
S 48932630 244 100537 2
S 48943629 244 100535 2
S 48954629 244 100537 2
S 48965628 244 100537 2
S 48976627 244 100531 2
S 48987627 244 100533 2
S 48998626 244 100532 2
S 49009625 244 100534 2
S 49020625 244 100530 2
S 49031624 244 100537 2
S 49042623 244 100540 2
S 49053623 244 100538 2
S 49064622 244 100534 2
S 49075621 244 100534 2
S 49086621 244 100537 2
S 49097620 244 100535 2
S 49108619 244 100536 2
S 49119618 244 100535 2
S 49130618 244 100534 2
S 49141617 244 100533 2
S 49152616 244 100541 2
S 49163616 244 100535 2
S 49174615 244 100537 2
S 49185614 244 100537 2
S 49196614 244 100533 2
S 49207613 244 100538 2
S 49218612 244 100537 2
S 49229612 244 100538 2
S 49240611 244 100534 2
S 49251610 244 100535 2
S 49262610 244 100529 2
S 49273609 244 100534 2
S 49284608 244 100536 2
S 49295607 244 100537 2
S 49306607 244 100539 2
S 49317606 244 100532 2
S 49328605 244 100536 2
S 49339605 244 100537 2
S 49350604 244 100543 2
S 49361603 244 100537 2
S 49372603 244 100538 2
S 49388602 244 100542 2
S 49399601 244 100540 2
S 49410600 244 100540 2
S 49421600 244 100540 2
S 49432599 244 100538 2
S 49443598 244 100537 2
S 49454598 244 100538 2
S 49465597 244 100539 2
S 49476596 244 100539 2
S 49487595 244 100532 2
S 49498595 244 100537 2
S 49509594 244 100538 2
S 49520593 244 100542 2
S 49531593 244 100535 2
S 49542592 244 100534 2
S 49553591 244 100532 2
S 49564591 244 100532 2
S 49575590 244 100537 2
S 49586589 244 100534 2
S 49597589 244 100537 2
S 49608588 244 100534 2
S 49619587 244 100538 2
S 49630587 244 100534 2
S 49641586 244 100537 2
S 49652585 244 100540 2
S 49663584 244 100537 2
S 49674584 244 100539 2
S 49685583 244 100535 2
S 49696582 244 100538 2
S 49707582 244 100545 2
S 49718581 244 100540 2
S 49729580 244 100540 2
S 49740580 244 100542 2
S 49751579 244 100536 2
S 49762578 244 100535 2
S 49773578 244 100537 2
S 49784577 244 100538 2
S 49795576 244 100537 2
S 49806576 244 100535 2
S 49817575 244 100541 2
S 49828574 244 100535 2
S 49839573 244 100536 2
S 49850573 244 100540 2
S 49861572 244 100538 2
S 49872571 244 100540 2
S 49883571 244 100535 2
S 49894570 244 100537 2
S 49905569 244 100536 2
S 49916569 244 100535 2
S 49927568 244 100537 2
S 49938567 244 100535 2
S 49949567 244 100537 2
S 49960566 244 100543 2
S 49971565 244 100540 2
S 49982565 244 100538 2
S 49993564 244 100540 2
S 50004563 244 100543 2
S 50015562 244 100543 2
S 50026562 244 100539 2
S 50037561 244 100540 2
S 50048560 244 100540 2
S 50059560 244 100538 2
S 50070559 244 100538 2
S 50081558 244 100534 2
S 50092558 244 100538 2
S 50103557 244 100540 2
S 50114556 244 100538 2
S 50125556 244 100540 2
S 50136555 244 100537 2
S 50147554 244 100536 2
S 50158554 244 100539 2
S 50169553 244 100542 2
S 50180552 244 100538 2
S 50191551 244 100535 2
S 50202551 244 100543 2
S 50213550 244 100543 2
S 50224549 244 100544 2
S 50235549 244 100538 2
S 50246548 244 100541 2
S 50257547 244 100541 2
S 50268547 244 100544 2
S 50279546 244 100544 2
S 50290545 244 100545 2
S 50301545 244 100548 2
S 50312544 244 100546 2
S 50323543 244 100540 2
S 50334543 244 100544 2
S 50345542 244 100543 2
S 50356541 244 100543 2
S 50367540 244 100543 2
S 50378540 244 100540 2
S 50394539 245 100544 2
S 50405538 245 100548 2
S 50416537 245 100541 2
S 50427537 245 100545 2
S 50438536 245 100546 2
S 50449535 245 100540 2
S 50460535 245 100548 2
S 50471534 245 100540 2
S 50482533 245 100543 2
S 50493533 245 100544 2
S 50504532 245 100546 2
S 50515531 245 100543 2
S 50526531 245 100543 2
S 50537530 245 100544 2
S 50548529 245 100545 2
S 50559528 245 100534 2
S 50570528 245 100537 2
S 50581527 245 100546 2
S 50592526 245 100546 2
S 50603526 245 100546 2
S 50614525 245 100547 2
S 50625524 245 100543 2
S 50636524 245 100546 2
S 50647523 245 100545 2
S 50658522 245 100542 2
S 50669522 245 100545 2
S 50680521 245 100540 2
S 50691520 245 100537 2
S 50702520 245 100541 2
S 50713519 245 100539 2
S 50724518 245 100540 2
S 50735517 245 100540 2
S 50746517 245 100543 2
S 50757516 245 100541 2
S 50768515 245 100544 2
S 50779515 245 100545 2
S 50790514 245 100542 2
S 50801513 245 100545 2
S 50812513 245 100543 2
S 50823512 245 100543 2
S 50834511 245 100542 2
S 50845511 245 100537 2
S 50856510 245 100543 2
S 50867509 245 100541 2
S 50878509 245 100544 2
S 50889508 245 100543 2
S 50900507 245 100540 2
S 50911506 245 100540 2
S 50922506 245 100540 2
S 50933505 245 100543 2
S 50944504 245 100540 2
S 50955504 245 100543 2
S 50966503 245 100542 2
S 50977502 245 100543 2
S 50988502 245 100543 2
S 50999501 245 100540 2
S 51010500 245 100546 2
S 51021500 245 100543 2
S 51032499 245 100545 2
S 51043498 245 100542 2
S 51054498 245 100546 2
S 51065497 245 100539 2
S 51076496 245 100538 2
S 51087495 245 100537 2
S 51098495 245 100536 2
S 51109494 245 100537 2
S 51120493 245 100538 2
S 51131493 245 100540 2
S 51142492 245 100543 2
S 51153491 245 100544 2
S 51164491 245 100543 2
S 51175490 245 100547 2
S 51186489 245 100548 2
S 51197489 245 100551 2
S 51208488 245 100544 2
S 51219487 245 100543 2
S 51230487 245 100541 2
S 51241486 245 100540 2
S 51252485 245 100542 2
S 51263484 245 100540 2
S 51274484 245 100541 2
S 51285483 245 100544 2
S 51296482 245 100544 2
S 51307482 245 100548 2
S 51318481 245 100543 2
S 51329480 245 100545 2
S 51340480 245 100542 2
S 51351479 245 100546 2
S 51362478 245 100546 2
S 51373478 245 100546 2
S 51384477 245 100543 2
S 51400476 245 100551 2
S 51411475 245 100546 2
S 51422475 245 100541 2
S 51433474 245 100548 2
S 51444473 245 100546 2
S 51455472 245 100546 2
S 51466472 245 100551 2
S 51477471 245 100548 2
S 51488470 245 100544 2
S 51499470 245 100546 2
S 51510469 245 100548 2
S 51521468 245 100546 2
S 51532468 245 100549 2
S 51543467 245 100551 2
S 51554466 245 100546 2
S 51565466 245 100548 2
S 51576465 245 100551 2
S 51587464 245 100548 2
S 51598464 245 100551 2
S 51609463 245 100548 2
S 51620462 245 100550 2
S 51631461 245 100548 2
S 51642461 245 100551 2
S 51653460 245 100551 2
S 51664459 245 100549 2
S 51675459 245 100549 2
S 51686458 245 100546 2
S 51697457 245 100549 2
S 51708457 245 100551 2
S 51719456 245 100543 2
S 51730455 245 100543 2
S 51741455 245 100549 2
S 51752454 245 100552 2
S 51763453 245 100546 2
S 51774453 245 100548 2
S 51785452 245 100548 2
S 51796451 245 100543 2
S 51807450 245 100546 2
S 51818450 245 100542 2
S 51829449 245 100546 2
S 51840448 245 100547 2
S 51851448 245 100543 2
S 51862447 245 100546 2
S 51873446 245 100548 2
S 51884446 245 100546 2
S 51895445 245 100548 2
S 51906444 245 100546 2
S 51917444 245 100547 2
S 51928443 245 100546 2
S 51939442 245 100547 2
S 51950442 245 100550 2
S 51961441 245 100546 2
S 51972440 245 100547 2
S 51983439 245 100546 2
S 51994439 245 100543 2
S 52005438 245 100543 2
S 52016437 245 100546 2
S 52027437 245 100548 2
S 52038436 245 100546 2
S 52049435 245 100543 2
S 52060435 245 100545 2
S 52071434 245 100550 2
S 52082433 245 100546 2
S 52093433 245 100546 2
S 52104432 245 100546 2
S 52115431 245 100553 2
S 52126431 245 100554 2
S 52137430 245 100551 2
S 52148429 245 100547 2
S 52159428 245 100549 2
S 52170428 245 100548 2
S 52181427 245 100546 2
S 52192426 245 100551 2
S 52203426 245 100546 2
S 52214425 245 100547 2
S 52225424 245 100546 2
S 52236424 245 100553 2
S 52247423 245 100546 2
S 52258422 245 100550 2
S 52269422 245 100548 2
S 52280421 245 100549 2
S 52291420 245 100551 2
S 52302420 245 100547 2
S 52313419 245 100548 2
S 52324418 245 100547 2
S 52335417 245 100546 2
S 52346417 245 100542 2
S 52357416 245 100548 2
S 52368415 245 100548 2
S 52379415 245 100552 2
S 52390414 245 100551 2
S 52406413 244 100545 2
S 52417412 244 100542 2
S 52428412 244 100543 2
S 52439411 244 100545 2
S 52450410 244 100542 2
S 52461410 244 100540 2
S 52472409 244 100543 2
S 52483408 244 100541 2
S 52494408 244 100541 2
S 52505407 244 100543 2
S 52516406 244 100545 2
S 52527405 244 100548 2
S 52538405 244 100545 2
S 52549404 244 100543 2
S 52560403 244 100543 2
S 52571403 244 100546 2
S 52582402 244 100545 2
S 52593401 244 100542 2
S 52604401 244 100543 2
S 52615400 244 100541 2
S 52626399 244 100545 2
S 52637399 244 100538 2
S 52648398 244 100537 2
S 52659397 244 100540 2
S 52670397 244 100542 2
S 52681396 244 100542 2
S 52692395 244 100542 2
S 52703394 244 100544 2
S 52714394 244 100543 2
S 52725393 244 100543 2
S 52736392 244 100540 2
S 52747392 244 100541 2
S 52758391 244 100543 2
S 52769390 244 100541 2
S 52780390 244 100542 2
S 52791389 244 100538 2
S 52802388 244 100540 2
S 52813388 244 100544 2
S 52824387 244 100541 2
S 52835386 244 100542 2
S 52846386 244 100540 2
S 52857385 244 100540 2
S 52868384 244 100543 2
S 52879383 244 100541 2
S 52890383 244 100544 2
S 52901382 244 100543 2
S 52912381 244 100537 2
S 52923381 244 100538 2
S 52934380 244 100545 2
S 52945379 244 100544 2
S 52956379 244 100542 2
S 52967378 244 100540 2
S 52978377 244 100542 2
S 52989377 244 100540 2
S 53000374 244 100537 2
S 53011375 244 100544 2
S 53022375 244 100540 2
S 53033374 244 100545 2
S 53044373 244 100543 2
S 53055372 244 100539 2
S 53066372 244 100540 2
S 53077371 244 100545 2
S 53088370 244 100543 2
S 53099370 244 100543 2
S 53110369 244 100540 2
S 53121368 244 100537 2
S 53132368 244 100541 2
S 53143367 244 100540 2
S 53154366 244 100538 2
S 53165366 244 100541 2
S 53176365 244 100540 2
S 53187364 244 100540 2
S 53198364 244 100543 2
S 53209363 244 100543 2
S 53220362 244 100538 2
S 53231361 244 100542 2
S 53242361 244 100539 2
S 53253360 244 100539 2
S 53264359 244 100540 2
S 53275359 244 100538 2
S 53286358 244 100540 2
S 53297357 244 100537 2
S 53308357 244 100538 2
S 53319356 244 100540 2
S 53330355 244 100543 2
S 53341355 244 100537 2
S 53352354 244 100544 2
S 53363353 244 100537 2
S 53374353 244 100539 2
S 53385352 244 100537 2
S 53396351 244 100537 2
S 53412350 245 100549 2
S 53423349 245 100548 2
S 53434349 245 100543 2
S 53445348 245 100544 2
S 53456347 245 100546 2
S 53467347 245 100545 2
S 53478346 245 100546 2
S 53489345 245 100546 2
S 53500345 245 100543 2
S 53511344 245 100541 2
S 53522343 245 100547 2
S 53533343 245 100544 2
S 53544342 245 100546 2
S 53555341 245 100543 2
S 53566341 245 100544 2
S 53577340 245 100546 2
S 53588339 245 100542 2
S 53599338 245 100546 2
S 53610338 245 100541 2
S 53621337 245 100541 2
S 53632336 245 100541 2
S 53643336 245 100540 2
S 53654335 245 100541 2
S 53665334 245 100540 2
S 53676334 245 100546 2
S 53687333 245 100546 2
S 53698332 245 100548 2
S 53709332 245 100543 2
S 53720331 245 100541 2
S 53731330 245 100541 2
S 53742330 245 100540 2
S 53753329 245 100541 2
S 53764328 245 100543 2
S 53775327 245 100539 2
S 53786327 245 100542 2
S 53797326 245 100544 2
S 53808325 245 100546 2
S 53819325 245 100543 2
S 53830324 245 100541 2
S 53841323 245 100548 2
S 53852323 245 100542 2
S 53863322 245 100543 2
S 53874321 245 100548 2
S 53885321 245 100546 2
S 53896320 245 100545 2
S 53907319 245 100542 2
S 53918319 245 100543 2
S 53929318 245 100548 2
S 53940317 245 100540 2
S 53951316 245 100540 2
S 53962316 245 100542 2
S 53973315 245 100543 2
S 53984314 245 100537 2
S 53995314 245 100539 2
S 54006313 245 100535 2
S 54017312 245 100541 2
S 54028312 245 100535 2
S 54039311 245 100536 2
S 54050310 245 100541 2
S 54061310 245 100544 2
S 54072309 245 100541 2
S 54083308 245 100540 2
S 54094308 245 100542 2
S 54105307 245 100543 2
S 54116306 245 100538 2
S 54127305 245 100539 2
S 54138305 245 100540 2
S 54149304 245 100537 2
S 54160303 245 100540 2
S 54171303 245 100543 2
S 54182302 245 100541 2
S 54193301 245 100540 2
S 54204301 245 100543 2
S 54215300 245 100541 2
S 54226299 245 100543 2
S 54237299 245 100543 2
S 54248298 245 100540 2
S 54259297 245 100543 2
S 54270297 245 100537 2
S 54281296 245 100540 2
S 54292295 245 100540 2
S 54303294 245 100535 2
S 54314294 245 100541 2
S 54325293 245 100543 2
S 54336292 245 100540 2
S 54347292 245 100540 2
S 54358291 245 100541 2
S 54369290 245 100540 2
S 54380290 245 100537 2
S 54391289 245 100543 2
S 54402288 245 100537 2
S 54418287 245 100539 2
S 54429287 245 100540 2
S 54440286 245 100535 2
S 54451285 245 100538 2
S 54462285 245 100538 2
S 54473284 245 100540 2
S 54484283 245 100535 2
S 54495282 245 100540 2
S 54506282 245 100538 2
S 54517281 245 100537 2
S 54528280 245 100536 2
S 54539280 245 100537 2
S 54550279 245 100533 2
S 54561278 245 100537 2
S 54572278 245 100540 2
S 54583277 245 100537 2
S 54594276 245 100534 2
S 54605276 245 100534 2
S 54616275 245 100540 2
S 54627274 245 100537 2
S 54638274 245 100536 2
S 54649273 245 100544 2
S 54660272 245 100543 2
S 54671271 245 100537 2
S 54682271 245 100534 2
S 54693270 245 100534 2
S 54704269 245 100538 2
S 54715269 245 100540 2
S 54726268 245 100538 2
S 54737267 245 100535 2
S 54748267 245 100536 2
S 54759266 245 100537 2
S 54770265 245 100542 2
S 54781265 245 100535 2
S 54792264 245 100538 2
S 54803263 245 100539 2
S 54814263 245 100533 2
S 54825262 245 100540 2
S 54836261 245 100542 2
S 54847260 245 100543 2
S 54858260 245 100538 2
S 54869259 245 100539 2
S 54880258 245 100540 2
S 54891258 245 100543 2
S 54902257 245 100538 2
S 54913256 245 100541 2
S 54924256 245 100543 2
S 54935255 245 100534 2
S 54946254 245 100540 2
S 54957254 245 100538 2
S 54968253 245 100538 2
S 54979252 245 100539 2
S 54990252 245 100543 2
S 55001252 245 100537 2
S 55012250 245 100536 2
S 55023249 245 100540 2
S 55034249 245 100540 2
S 55045248 245 100543 2
S 55056247 245 100541 2
S 55067247 245 100540 2
S 55078246 245 100537 2
S 55089245 245 100533 2
S 55100245 245 100536 2
S 55111244 245 100539 2
S 55122243 245 100537 2
S 55133243 245 100534 2
S 55144242 245 100535 2
S 55155241 245 100539 2
S 55166241 245 100544 2
S 55177240 245 100535 2
S 55188239 245 100534 2
S 55199238 245 100537 2
S 55210238 245 100540 2
S 55221237 245 100537 2
S 55232236 245 100536 2
S 55243236 245 100537 2
S 55254235 245 100534 2
S 55265234 245 100534 2
S 55276234 245 100540 2
S 55287233 245 100537 2
S 55298232 245 100531 2
S 55309232 245 100534 2
S 55320231 245 100536 2
S 55331230 245 100537 2
S 55342230 245 100535 2
S 55353229 245 100531 2
S 55364228 245 100532 2
S 55375227 245 100534 2
S 55386227 245 100534 2
S 55397226 245 100538 2
S 55408225 245 100532 2
S 55424224 245 100537 2
S 55435224 245 100537 2
S 55446223 245 100532 2
S 55457222 245 100534 2
S 55468222 245 100533 2
S 55479221 245 100539 2
S 55490220 245 100536 2
S 55501220 245 100540 2
S 55512219 245 100534 2
S 55523218 245 100532 2
S 55534218 245 100527 2
S 55545217 245 100533 2
S 55556216 245 100532 2
S 55567215 245 100534 2
S 55578215 245 100534 2
S 55589214 245 100531 2
S 55600213 245 100532 2
S 55611213 245 100529 2
S 55622212 245 100529 2
S 55633211 245 100534 2
S 55644211 245 100533 2
S 55655210 245 100529 2
S 55666209 245 100529 2
S 55677209 245 100533 2
S 55688208 245 100538 2
S 55699207 245 100538 2
S 55710207 245 100536 2
S 55721206 245 100536 2
S 55732205 245 100534 2
S 55743204 245 100534 2
S 55754204 245 100532 2
S 55765203 245 100534 2
S 55776202 245 100536 2
S 55787202 245 100532 2
S 55798201 245 100541 2
S 55809200 245 100533 2
S 55820200 245 100534 2
S 55831199 245 100533 2
S 55842198 245 100534 2
S 55853198 245 100536 2
S 55864197 245 100539 2
S 55875196 245 100537 2
S 55886196 245 100537 2
S 55897195 245 100530 2
S 55908194 245 100534 2
S 55919193 245 100536 2
S 55930193 245 100538 2
S 55941192 245 100534 2
S 55952191 245 100540 2
S 55963191 245 100542 2
S 55974190 245 100538 2
S 55985189 245 100535 2
S 55996189 245 100540 2
S 56007188 245 100545 2
S 56018187 245 100541 2
S 56029187 245 100537 2
S 56040186 245 100535 2
S 56051185 245 100535 2
S 56062185 245 100537 2
S 56073184 245 100537 2
S 56084183 245 100538 2
S 56095182 245 100540 2
S 56106182 245 100534 2
S 56117181 245 100534 2
S 56128180 245 100536 2
S 56139180 245 100539 2
S 56150179 245 100537 2
S 56161178 245 100538 2
S 56172178 245 100542 2
S 56183177 245 100540 2
S 56194176 245 100539 2
S 56205176 245 100537 2
S 56216175 245 100541 2
S 56227174 245 100543 2
S 56238174 245 100539 2
S 56249173 245 100537 2
S 56260172 245 100540 2
S 56271171 245 100539 2
S 56282171 245 100542 2
S 56293170 245 100540 2
S 56304169 245 100540 2
S 56315169 245 100536 2
S 56326168 245 100538 2
S 56337167 245 100537 2
S 56348167 245 100539 2
S 56359166 245 100539 2
S 56370165 245 100537 2
S 56381165 245 100538 2
S 56392164 245 100533 2
S 56403163 245 100542 2
S 56414163 245 100540 2
S 56430162 245 100540 2
S 56441161 245 100539 2
S 56452160 245 100537 2
S 56463159 245 100537 2
S 56474159 245 100537 2
S 56485158 245 100540 2
S 56496157 245 100541 2
S 56507157 245 100531 2
S 56518156 245 100540 2
S 56529155 245 100543 2
S 56540155 245 100540 2
S 56551154 245 100543 2
S 56562153 245 100536 2
S 56573153 245 100539 2
S 56584152 245 100540 2
S 56595151 245 100539 2
S 56606151 245 100540 2
S 56617150 245 100540 2
S 56628149 245 100539 2
S 56639148 245 100538 2
S 56650148 245 100539 2
S 56661147 245 100534 2
S 56672146 245 100539 2
S 56683146 245 100538 2
S 56694145 245 100531 2
S 56705144 245 100534 2
S 56716144 245 100537 2
S 56727143 245 100538 2
S 56738142 245 100534 2
S 56749142 245 100541 2
S 56760141 245 100536 2
S 56771140 245 100537 2
S 56782140 245 100538 2
S 56793139 245 100533 2
S 56804138 245 100529 2
S 56815137 245 100533 2
S 56826137 245 100539 2
S 56837136 245 100537 2
S 56848135 245 100534 2
S 56859135 245 100537 2
S 56870134 245 100534 2
S 56881133 245 100534 2
S 56892133 245 100534 2
S 56903132 245 100534 2
S 56914131 245 100534 2
S 56925131 245 100534 2
S 56936130 245 100531 2
S 56947129 245 100532 2
S 56958129 245 100539 2
S 56969128 245 100540 2
S 56980127 245 100537 2
S 56991126 245 100537 2
S 57002127 245 100532 2
S 57013125 245 100534 2
S 57024124 245 100535 2
S 57035124 245 100535 2
S 57046123 245 100536 2
S 57057122 245 100538 2
S 57068122 245 100538 2
S 57079121 245 100534 2
S 57090120 245 100535 2
S 57101120 245 100539 2
S 57112119 245 100536 2
S 57123118 245 100533 2
S 57134118 245 100532 2
S 57145117 245 100534 2
S 57156116 245 100530 2
S 57167115 245 100535 2
S 57178115 245 100532 2
S 57189114 245 100531 2
S 57200113 245 100530 2
S 57211113 245 100534 2
S 57222112 245 100535 2
S 57233111 245 100532 2
S 57244111 245 100529 2
S 57255110 245 100529 2
S 57266109 245 100528 2
S 57277109 245 100534 2
S 57288108 245 100533 2
S 57299107 245 100535 2
S 57310107 245 100537 2
S 57321106 245 100537 2
S 57332105 245 100538 2
S 57343104 245 100543 2
S 57354104 245 100537 2
S 57365103 245 100538 2
S 57376102 245 100536 2
S 57387102 245 100532 2
S 57398101 245 100534 2
S 57409100 245 100534 2
S 57420100 245 100533 2
S 57436099 245 100531 2
S 57447098 245 100536 2
S 57458097 245 100534 2
S 57469097 245 100535 2
S 57480096 245 100538 2
S 57491095 245 100531 2
S 57502095 245 100535 2
S 57513094 245 100533 2
S 57524093 245 100535 2
S 57535092 245 100532 2
S 57546092 245 100533 2
S 57557091 245 100534 2
S 57568090 245 100532 2
S 57579090 245 100537 2
S 57590089 245 100538 2
S 57601088 245 100537 2
S 57612088 245 100534 2
S 57623087 245 100540 2
S 57634086 245 100534 2
S 57645086 245 100530 2
S 57656085 245 100531 2
S 57667084 245 100532 2
S 57678084 245 100534 2
S 57689083 245 100532 2
S 57700082 245 100535 2
S 57711081 245 100533 2
S 57722081 245 100536 2
S 57733080 245 100532 2
S 57744079 245 100537 2
S 57755079 245 100533 2
S 57766078 245 100533 2
S 57777077 245 100538 2
S 57788077 245 100534 2
S 57799076 245 100532 2
S 57810075 245 100533 2
S 57821075 245 100533 2
S 57832074 245 100539 2
S 57843073 245 100530 2
S 57854073 245 100533 2
S 57865072 245 100532 2
S 57876071 245 100534 2
S 57887070 245 100534 2
S 57898070 245 100536 2
S 57909069 245 100535 2
S 57920068 245 100534 2
S 57931068 245 100532 2
S 57942067 245 100534 2
S 57953066 245 100532 2
S 57964066 245 100540 2
S 57975065 245 100536 2
S 57986064 245 100537 2
S 57997064 245 100540 2
S 58008063 245 100538 2
S 58019062 245 100540 2
S 58030062 245 100541 2
S 58041061 245 100537 2
S 58052060 245 100537 2
S 58063059 245 100537 2
S 58074059 245 100541 2
S 58085058 245 100536 2
S 58096057 245 100534 2
S 58107057 245 100534 2
S 58118056 245 100534 2
S 58129055 245 100534 2
S 58140055 245 100537 2
S 58151054 245 100539 2
S 58162053 245 100534 2
S 58173053 245 100532 2
S 58184052 245 100530 2
S 58195051 245 100533 2
S 58206051 245 100537 2
S 58217050 245 100538 2
S 58228049 245 100537 2
S 58239048 245 100540 2
S 58250048 245 100540 2
S 58261047 245 100539 2
S 58272046 245 100534 2
S 58283046 245 100538 2
S 58294045 245 100536 2
S 58305044 245 100540 2
S 58316044 245 100536 2
S 58327043 245 100532 2
S 58338042 245 100539 2
S 58349042 245 100541 2
S 58360041 245 100540 2
S 58371040 245 100541 2
S 58382040 245 100539 2
S 58393039 245 100540 2
S 58404038 245 100540 2
S 58415037 245 100538 2
S 58426037 245 100540 2
S 58442036 245 100541 2
S 58453035 245 100543 2
S 58464034 245 100548 2
S 58475034 245 100539 2
S 58486033 245 100542 2
S 58497032 245 100542 2
S 58508032 245 100540 2
S 58519031 245 100540 2
S 58530030 245 100540 2
S 58541030 245 100543 2
S 58552029 245 100537 2
S 58563028 245 100541 2
S 58574028 245 100537 2
S 58585027 245 100540 2
S 58596026 245 100540 2
S 58607025 245 100537 2
S 58618025 245 100533 2
S 58629024 245 100536 2
S 58640023 245 100536 2
S 58651023 245 100537 2
S 58662022 245 100537 2
S 58673021 245 100535 2
S 58684021 245 100537 2
S 58695020 245 100535 2
S 58706019 245 100534 2
S 58717019 245 100535 2
S 58728018 245 100539 2
S 58739017 245 100534 2
S 58750017 245 100537 2
S 58761016 245 100533 2
S 58772015 245 100540 2
S 58783014 245 100536 2
S 58794014 245 100537 2
S 58805013 245 100541 2
S 58816012 245 100540 2
S 58827012 245 100539 2
S 58838011 245 100536 2
S 58849010 245 100536 2
S 58860010 245 100532 2
S 58871009 245 100534 2
S 58882008 245 100533 2
S 58893008 245 100535 2
S 58904007 245 100533 2
S 58915006 245 100539 2
S 58926006 245 100540 2
S 58937005 245 100544 2
S 58948004 245 100540 2
S 58959003 245 100541 2
S 58970003 245 100540 2
S 58981002 245 100534 2
S 58992001 245 100535 2
S 59003001 245 100534 2
S 59014000 245 100534 2
S 59024999 245 100535 2
S 59035999 245 100537 2
S 59046998 245 100540 2
S 59057997 245 100535 2
S 59068997 245 100540 2
S 59079996 245 100540 2
S 59090995 245 100537 2
S 59101995 245 100538 2
S 59112994 245 100533 2
S 59123993 245 100537 2
S 59134992 245 100537 2
S 59145992 245 100533 2
S 59156991 245 100538 2
S 59167990 245 100543 2
S 59178990 245 100540 2
S 59189989 245 100537 2
S 59200988 245 100538 2
S 59211988 245 100538 2
S 59222987 245 100538 2
S 59233986 245 100540 2
S 59244986 245 100536 2
S 59255985 245 100543 2
S 59266984 245 100536 2
S 59277984 245 100539 2
S 59288983 245 100540 2
S 59299982 245 100543 2
S 59310981 245 100540 2
S 59321981 245 100546 2
S 59332980 245 100539 2
S 59343979 245 100543 2
S 59354979 245 100539 2
S 59365978 245 100542 2
S 59376977 245 100538 2
S 59387977 245 100539 2
S 59398976 245 100541 2
S 59409975 245 100539 2
S 59420975 245 100541 2
S 59431974 245 100538 2
S 59447973 244 100539 2
S 59458972 244 100539 2
S 59469972 244 100536 2
S 59480971 244 100537 2
S 59491970 244 100533 2
S 59502969 244 100537 2
S 59513969 244 100532 2
S 59524968 244 100537 2
S 59535967 244 100533 2
S 59546967 244 100535 2
S 59557966 244 100536 2
S 59568965 244 100533 2
S 59579965 244 100532 2
S 59590964 244 100534 2
S 59601963 244 100534 2
S 59612963 244 100536 2
S 59623962 244 100536 2
S 59634961 244 100527 2
S 59645961 244 100526 2
S 59656960 244 100536 2
S 59667959 244 100530 2
S 59678958 244 100534 2
S 59689958 244 100539 2
S 59700957 244 100534 2
S 59711956 244 100533 2
S 59722956 244 100529 2
S 59733955 244 100536 2
S 59744954 244 100536 2
S 59755954 244 100534 2
S 59766953 244 100533 2
S 59777952 244 100537 2
S 59788952 244 100538 2
S 59799951 244 100538 2
S 59810950 244 100537 2
S 59821950 244 100530 2
S 59832949 244 100539 2
S 59843948 244 100534 2
S 59854947 244 100536 2
S 59865947 244 100531 2
S 59876946 244 100535 2
S 59887945 244 100540 2
S 59898945 244 100535 2
S 59909944 244 100540 2
S 59920943 244 100538 2
S 59931943 244 100538 2
S 59942942 244 100534 2
S 59953941 244 100533 2
S 59964941 244 100534 2
S 59975940 244 100532 2
S 59986939 244 100538 2
S 59997939 244 100538 2
S 60008938 244 100535 2
S 60019937 244 100533 2
S 60030936 244 100534 2
S 60041936 244 100537 2
S 60052935 244 100535 2
S 60063934 244 100537 2
S 60074934 244 100536 2
S 60085933 244 100535 2
S 60096932 244 100534 2
S 60107932 244 100532 2
S 60118931 244 100531 2
S 60129930 244 100532 2
S 60140930 244 100535 2
S 60151929 244 100534 2
S 60162928 244 100539 2
S 60173928 244 100534 2
S 60184927 244 100537 2
S 60195926 244 100534 2
S 60206925 244 100533 2
S 60217925 244 100532 2
S 60228924 244 100534 2
S 60239923 244 100530 2
S 60250923 244 100533 2
S 60261922 244 100535 2
S 60272921 244 100540 2
S 60283921 244 100532 2
S 60294920 244 100538 2
S 60305919 244 100531 2
S 60316919 244 100531 2
S 60327918 244 100534 2
S 60338917 244 100541 2
S 60349917 244 100535 2
S 60360916 244 100529 2
S 60371915 244 100536 2
S 60382914 244 100535 2
S 60393914 244 100534 2
S 60404913 244 100533 2
S 60415912 244 100535 2
S 60426912 244 100535 2
S 60437911 244 100529 2
S 60453910 245 100537 2
S 60464909 245 100540 2
S 60475909 245 100536 2
S 60486908 245 100537 2
S 60497907 245 100534 2
S 60508907 245 100538 2
S 60519906 245 100531 2
S 60530905 245 100532 2
S 60541905 245 100534 2
S 60552904 245 100538 2
S 60563903 245 100534 2
S 60574902 245 100533 2
S 60585902 245 100537 2
S 60596901 245 100535 2
S 60607900 245 100537 2
S 60618900 245 100540 2
S 60629899 245 100542 2
S 60640898 245 100544 2
S 60651898 245 100543 2
S 60662897 245 100538 2
S 60673896 245 100543 2
S 60684896 245 100543 2
S 60695895 245 100540 2
S 60706894 245 100539 2
S 60717894 245 100537 2
S 60728893 245 100537 2
S 60739892 245 100534 2
S 60750891 245 100532 2
S 60761891 245 100542 2
S 60772890 245 100540 2
S 60783889 245 100540 2
S 60794889 245 100540 2
S 60805888 245 100538 2
S 60816887 245 100540 2
S 60827887 245 100540 2
S 60838886 245 100539 2
S 60849885 245 100542 2
S 60860885 245 100541 2
S 60871884 245 100542 2
S 60882883 245 100540 2
S 60893883 245 100542 2
S 60904882 245 100538 2
S 60915881 245 100536 2
S 60926880 245 100534 2
S 60937880 245 100540 2
S 60948879 245 100534 2
S 60959878 245 100536 2
S 60970878 245 100540 2
S 60981877 245 100540 2
S 60992876 245 100542 2
S 61003876 245 100542 2
S 61014875 245 100540 2
S 61025874 245 100537 2
S 61036874 245 100532 2
S 61047873 245 100539 2
S 61058872 245 100540 2
S 61069872 245 100538 2
S 61080871 245 100533 2
S 61091870 245 100536 2
S 61102869 245 100538 2
S 61113869 245 100540 2
S 61124868 245 100534 2
S 61135867 245 100530 2
S 61146867 245 100534 2
S 61157866 245 100534 2
S 61168865 245 100526 2
S 61179865 245 100528 2
S 61190864 245 100531 2
S 61201863 245 100534 2
S 61212863 245 100533 2
S 61223862 245 100535 2
S 61234861 245 100537 2
S 61245861 245 100537 2
S 61256860 245 100534 2
S 61267859 245 100535 2
S 61278858 245 100534 2
S 61289858 245 100539 2
S 61300857 245 100540 2
S 61311856 245 100536 2
S 61322856 245 100534 2
S 61333855 245 100536 2
S 61344854 245 100534 2
S 61355854 245 100543 2
S 61366853 245 100535 2
S 61377852 245 100533 2
S 61388852 245 100533 2
S 61399851 245 100538 2
S 61410850 245 100533 2
S 61421850 245 100534 2
S 61432849 245 100532 2
S 61443848 245 100534 2
S 61459847 245 100544 2
S 61470846 245 100540 2
S 61481846 245 100537 2
S 61492845 245 100539 2
S 61503844 245 100537 2
S 61514844 245 100543 2
S 61525843 245 100534 2
S 61536842 245 100536 2
S 61547842 245 100539 2
S 61558841 245 100539 2
S 61569840 245 100536 2
S 61580840 245 100535 2
S 61591839 245 100539 2
S 61602838 245 100542 2
S 61613838 245 100544 2
S 61624837 245 100541 2
S 61635836 245 100543 2
S 61646835 245 100540 2
S 61657835 245 100538 2
S 61668834 245 100539 2
S 61679833 245 100535 2
S 61690833 245 100542 2
S 61701832 245 100536 2
S 61712831 245 100534 2
S 61723831 245 100542 2
S 61734830 245 100538 2
S 61745829 245 100535 2
S 61756829 245 100535 2
S 61767828 245 100535 2
S 61778827 245 100533 2
S 61789827 245 100540 2
S 61800826 245 100540 2
S 61811825 245 100538 2
S 61822824 245 100535 2
S 61833824 245 100535 2
S 61844823 245 100538 2
S 61855822 245 100537 2
S 61866822 245 100536 2
S 61877821 245 100537 2
S 61888820 245 100532 2
S 61899820 245 100539 2
S 61910819 245 100534 2
S 61921818 245 100535 2
S 61932818 245 100539 2
S 61943817 245 100542 2
S 61954816 245 100540 2
S 61965816 245 100540 2
S 61976815 245 100545 2
S 61987814 245 100543 2
S 61998813 245 100545 2
S 62009813 245 100546 2
S 62020812 245 100544 2
S 62031811 245 100539 2
S 62042811 245 100543 2
S 62053810 245 100543 2
S 62064809 245 100541 2
S 62075809 245 100534 2
S 62086808 245 100535 2
S 62097807 245 100537 2
S 62108807 245 100539 2
S 62119806 245 100536 2
S 62130805 245 100544 2
S 62141805 245 100546 2
S 62152804 245 100545 2
S 62163803 245 100546 2
S 62174802 245 100541 2
S 62185802 245 100540 2
S 62196801 245 100539 2
S 62207800 245 100543 2
S 62218800 245 100541 2
S 62229799 245 100537 2
S 62240798 245 100540 2
S 62251798 245 100537 2
S 62262797 245 100537 2
S 62273796 245 100538 2
S 62284796 245 100541 2
S 62295795 245 100538 2
S 62306794 245 100536 2
S 62317794 245 100534 2
S 62328793 245 100534 2
S 62339792 245 100535 2
S 62350791 245 100540 2
S 62361791 245 100538 2
S 62372790 245 100541 2
S 62383789 245 100543 2
S 62394789 245 100537 2
S 62405788 245 100538 2
S 62416787 245 100537 2
S 62427787 245 100534 2
S 62438786 245 100543 2
S 62449785 245 100540 2
S 62465784 245 100548 2
S 62476784 245 100537 2
S 62487783 245 100545 2
S 62498782 245 100541 2
S 62509782 245 100542 2
S 62520781 245 100543 2
S 62531780 245 100538 2
S 62542779 245 100544 2
S 62553779 245 100544 2
S 62564778 245 100543 2
S 62575777 245 100543 2
S 62586777 245 100541 2
S 62597776 245 100540 2
S 62608775 245 100539 2
S 62619775 245 100543 2
S 62630774 245 100541 2
S 62641773 245 100541 2
S 62652773 245 100544 2
S 62663772 245 100537 2
S 62674771 245 100541 2
S 62685771 245 100535 2
S 62696770 245 100541 2
S 62707769 245 100546 2
S 62718768 245 100540 2
S 62729768 245 100540 2
S 62740767 245 100537 2
S 62751766 245 100540 2
S 62762766 245 100539 2
S 62773765 245 100537 2
S 62784764 245 100540 2
S 62795764 245 100543 2
S 62806763 245 100537 2
S 62817762 245 100540 2
S 62828762 245 100540 2
S 62839761 245 100540 2
S 62850760 245 100541 2
S 62861760 245 100544 2
S 62872759 245 100543 2
S 62883758 245 100540 2
S 62894757 245 100534 2
S 62905757 245 100534 2
S 62916756 245 100534 2
S 62927755 245 100534 2
S 62938755 245 100533 2
S 62949754 245 100537 2
S 62960753 245 100541 2
S 62971753 245 100539 2
S 62982752 245 100541 2
S 62993751 245 100537 2
S 63004751 245 100541 2
S 63015750 245 100532 2
S 63026749 245 100534 2
S 63037749 245 100539 2
S 63048748 245 100540 2
S 63059747 245 100542 2
S 63070746 245 100539 2
S 63081746 245 100543 2
S 63092745 245 100542 2
S 63103744 245 100538 2
S 63114744 245 100540 2
S 63125743 245 100540 2
S 63136742 245 100540 2
S 63147742 245 100542 2
S 63158741 245 100540 2
S 63169740 245 100543 2
S 63180740 245 100542 2
S 63191739 245 100542 2
S 63202738 245 100541 2
S 63213738 245 100537 2
S 63224737 245 100536 2
S 63235736 245 100539 2
S 63246735 245 100541 2
S 63257735 245 100539 2
S 63268734 245 100537 2
S 63279733 245 100540 2
S 63290733 245 100540 2
S 63301732 245 100538 2
S 63312731 245 100540 2
S 63323731 245 100542 2
S 63334730 245 100543 2
S 63345729 245 100542 2
S 63356729 245 100538 2
S 63367728 245 100542 2
S 63378727 245 100540 2
S 63389727 245 100543 2
S 63400726 245 100543 2
S 63411725 245 100539 2
S 63422724 245 100541 2
S 63433724 245 100538 2
S 63444723 245 100540 2
S 63455722 245 100538 2
S 63471721 244 100541 2
S 63482721 244 100540 2
S 63493720 244 100539 2
S 63504719 244 100539 2
S 63515719 244 100540 2
S 63526718 244 100541 2
S 63537717 244 100537 2
S 63548717 244 100540 2
S 63559716 244 100539 2
S 63570715 244 100538 2
S 63581715 244 100542 2
S 63592714 244 100537 2
S 63603713 244 100543 2
S 63614712 244 100542 2
S 63625712 244 100540 2
S 63636711 244 100540 2
S 63647710 244 100543 2
S 63658710 244 100543 2
S 63669709 244 100540 2
S 63680708 244 100541 2
S 63691708 244 100538 2
S 63702707 244 100540 2
S 63713706 244 100543 2
S 63724706 244 100545 2
S 63735705 244 100540 2
S 63746704 244 100543 2
S 63757704 244 100537 2
S 63768703 244 100542 2
S 63779702 244 100540 2
S 63790701 244 100540 2
S 63801701 244 100540 2
S 63812700 244 100542 2
S 63823699 244 100537 2
S 63834699 244 100532 2
S 63845698 244 100536 2
S 63856697 244 100537 2
S 63867697 244 100537 2
S 63878696 244 100538 2
S 63889695 244 100533 2
S 63900695 244 100538 2
S 63911694 244 100539 2
S 63922693 244 100537 2
S 63933693 244 100539 2
S 63944692 244 100539 2
S 63955691 244 100541 2
S 63966690 244 100543 2
S 63977690 244 100537 2
S 63988689 244 100539 2
S 63999688 244 100537 2
S 64010688 244 100536 2
S 64021687 244 100541 2
S 64032686 244 100540 2
S 64043686 244 100537 2
S 64054685 244 100534 2
S 64065684 244 100537 2
S 64076684 244 100537 2
S 64087683 244 100534 2
S 64098682 244 100540 2
S 64109682 244 100538 2
S 64120681 244 100539 2
S 64131680 244 100540 2
S 64142679 244 100539 2
S 64153679 244 100542 2
S 64164678 244 100540 2
S 64175677 244 100537 2
S 64186677 244 100543 2
S 64197676 244 100534 2
S 64208675 244 100537 2
S 64219675 244 100537 2
S 64230674 244 100534 2
S 64241673 244 100532 2
S 64252673 244 100534 2
S 64263672 244 100528 2
S 64274671 244 100531 2
S 64285671 244 100535 2
S 64296670 244 100538 2
S 64307669 244 100543 2
S 64318668 244 100548 2
S 64329668 244 100539 2
S 64340667 244 100536 2
S 64351666 244 100537 2
S 64362666 244 100537 2
S 64373665 244 100534 2
S 64384664 244 100537 2
S 64395664 244 100534 2
S 64406663 244 100536 2
S 64417662 244 100542 2
S 64428662 244 100543 2
S 64439661 244 100540 2
S 64450660 244 100544 2
S 64461660 244 100546 2
S 64477659 245 100546 2
S 64488658 245 100543 2
S 64499657 245 100543 2
S 64510656 245 100540 2
S 64521656 245 100542 2
S 64532655 245 100540 2
S 64543654 245 100544 2
S 64554654 245 100543 2
S 64565653 245 100538 2
S 64576652 245 100541 2
S 64587652 245 100540 2
S 64598651 245 100544 2
S 64609650 245 100543 2
S 64620650 245 100545 2
S 64631649 245 100550 2
S 64642648 245 100548 2
S 64653648 245 100548 2
S 64664647 245 100551 2
S 64675646 245 100548 2
S 64686645 245 100546 2
S 64697645 245 100544 2
S 64708644 245 100540 2
S 64719643 245 100540 2
S 64730643 245 100548 2
S 64741642 245 100545 2
S 64752641 245 100543 2
S 64763641 245 100543 2
S 64774640 245 100548 2
S 64785639 245 100543 2
S 64796639 245 100538 2
S 64807638 245 100541 2
S 64818637 245 100543 2
S 64829637 245 100536 2
S 64840636 245 100537 2
S 64851635 245 100540 2
S 64862634 245 100541 2
S 64873634 245 100539 2
S 64884633 245 100538 2
S 64895632 245 100537 2
S 64906632 245 100538 2
S 64917631 245 100538 2
S 64928630 245 100537 2
S 64939630 245 100534 2
S 64950629 245 100536 2
S 64961628 245 100540 2
S 64972628 245 100536 2
S 64983627 245 100540 2
S 64994626 245 100544 2
S 65005626 245 100543 2
S 65016625 245 100539 2
S 65027624 245 100540 2
S 65038623 245 100537 2
S 65049623 245 100538 2
S 65060622 245 100539 2
S 65071621 245 100538 2
S 65082621 245 100540 2
S 65093620 245 100540 2
S 65104619 245 100543 2
S 65115619 245 100538 2
S 65126618 245 100540 2
S 65137617 245 100539 2
S 65148617 245 100539 2
S 65159616 245 100537 2
S 65170615 245 100538 2
S 65181615 245 100540 2
S 65192614 245 100540 2
S 65203613 245 100535 2
S 65214612 245 100538 2
S 65225612 245 100537 2
S 65236611 245 100540 2
S 65247610 245 100541 2
S 65258610 245 100544 2
S 65269609 245 100540 2
S 65280608 245 100542 2
S 65291608 245 100542 2
S 65302607 245 100543 2
S 65313606 245 100542 2
S 65324606 245 100541 2
S 65335605 245 100546 2
S 65346604 245 100543 2
S 65357604 245 100543 2
S 65368603 245 100544 2
S 65379602 245 100547 2
S 65390601 245 100541 2
S 65401601 245 100540 2
S 65412600 245 100541 2
S 65423599 245 100544 2
S 65434599 245 100547 2
S 65445598 245 100543 2
S 65456597 245 100550 2
S 65467597 245 100547 2
S 65483596 245 100546 2
S 65494595 245 100546 2
S 65505594 245 100547 2
S 65516594 245 100548 2
S 65527593 245 100542 2
S 65538592 245 100543 2
S 65549592 245 100546 2
S 65560591 245 100546 2
S 65571590 245 100546 2
S 65582589 245 100547 2
S 65593589 245 100549 2
S 65604588 245 100545 2
S 65615587 245 100545 2
S 65626587 245 100548 2
S 65637586 245 100547 2
S 65648585 245 100545 2
S 65659585 245 100544 2
S 65670584 245 100543 2
S 65681583 245 100543 2
S 65692583 245 100547 2
S 65703582 245 100542 2
S 65714581 245 100542 2
S 65725581 245 100540 2
S 65736580 245 100542 2
S 65747579 245 100540 2
S 65758578 245 100546 2
S 65769578 245 100544 2
S 65780577 245 100548 2
S 65791576 245 100549 2
S 65802576 245 100546 2
S 65813575 245 100551 2
S 65824574 245 100548 2
S 65835574 245 100546 2
S 65846573 245 100548 2
S 65857572 245 100545 2
S 65868572 245 100547 2
S 65879571 245 100545 2
S 65890570 245 100543 2
S 65901570 245 100543 2
S 65912569 245 100544 2
S 65923568 245 100542 2
S 65934567 245 100544 2
S 65945567 245 100541 2
S 65956566 245 100545 2
S 65967565 245 100546 2
S 65978565 245 100543 2
S 65989564 245 100547 2
S 66000562 245 100546 2
S 66011563 245 100545 2
S 66022562 245 100546 2
S 66033561 245 100548 2
S 66044561 245 100543 2
S 66055560 245 100545 2
S 66066559 245 100544 2
S 66077559 245 100546 2
S 66088558 245 100543 2
S 66099557 245 100540 2
S 66110556 245 100538 2
S 66121556 245 100539 2
S 66132555 245 100542 2
S 66143554 245 100544 2
S 66154554 245 100545 2
S 66165553 245 100543 2
S 66176552 245 100543 2
S 66187552 245 100538 2
S 66198551 245 100543 2
S 66209550 245 100542 2
S 66220550 245 100543 2
S 66231549 245 100544 2
S 66242548 245 100544 2
S 66253548 245 100541 2
S 66264547 245 100544 2
S 66275546 245 100543 2
S 66286545 245 100537 2
S 66297545 245 100540 2
S 66308544 245 100540 2
S 66319543 245 100537 2
S 66330543 245 100536 2
S 66341542 245 100540 2
S 66352541 245 100537 2
S 66363541 245 100543 2
S 66374540 245 100542 2
S 66385539 245 100544 2
S 66396539 245 100545 2
S 66407538 245 100545 2
S 66418537 245 100540 2
S 66429537 245 100540 2
S 66440536 245 100540 2
S 66451535 245 100542 2
S 66462534 245 100540 2
S 66473534 245 100540 2
S 66489533 245 100551 2
S 66500532 245 100544 2
S 66511531 245 100543 2
S 66522531 245 100540 2
S 66533530 245 100546 2
S 66544529 245 100546 2
S 66555529 245 100538 2
S 66566528 245 100538 2
S 66577527 245 100543 2
S 66588527 245 100538 2
S 66599526 245 100540 2
S 66610525 245 100542 2
S 66621525 245 100541 2
S 66632524 245 100540 2
S 66643523 245 100540 2
S 66654522 245 100543 2
S 66665522 245 100542 2
S 66676521 245 100538 2
S 66687520 245 100545 2
S 66698520 245 100543 2
S 66709519 245 100543 2
S 66720518 245 100541 2
S 66731518 245 100544 2
S 66742517 245 100540 2
S 66753516 245 100540 2
S 66764516 245 100542 2
S 66775515 245 100539 2
S 66786514 245 100541 2
S 66797514 245 100536 2
S 66808513 245 100538 2
S 66819512 245 100540 2
S 66830511 245 100535 2
S 66841511 245 100544 2
S 66852510 245 100546 2
S 66863509 245 100540 2
S 66874509 245 100543 2
S 66885508 245 100544 2
S 66896507 245 100545 2
S 66907507 245 100544 2
S 66918506 245 100549 2
S 66929505 245 100546 2
S 66940505 245 100544 2
S 66951504 245 100546 2
S 66962503 245 100543 2
S 66973503 245 100543 2
S 66984502 245 100543 2
S 66995501 245 100545 2
S 67006500 245 100546 2
S 67017500 245 100546 2
S 67028499 245 100546 2
S 67039498 245 100545 2
S 67050498 245 100550 2
S 67061497 245 100545 2
S 67072496 245 100542 2
S 67083496 245 100547 2
S 67094495 245 100545 2
S 67105494 245 100550 2
S 67116494 245 100546 2
S 67127493 245 100550 2
S 67138492 245 100554 2
S 67149492 245 100551 2
S 67160491 245 100550 2
S 67171490 245 100547 2
S 67182489 245 100550 2
S 67193489 245 100546 2
S 67204488 245 100545 2
S 67215487 245 100546 2
S 67226487 245 100544 2
S 67237486 245 100546 2
S 67248485 245 100546 2
S 67259485 245 100546 2
S 67270484 245 100548 2
S 67281483 245 100547 2
S 67292483 245 100547 2
S 67303482 245 100543 2
S 67314481 245 100544 2
S 67325481 245 100541 2
S 67336480 245 100546 2
S 67347479 245 100543 2
S 67358478 245 100539 2
S 67369478 245 100543 2
S 67380477 245 100545 2
S 67391476 245 100547 2
S 67402476 245 100546 2
S 67413475 245 100543 2
S 67424474 245 100537 2
S 67435474 245 100543 2
S 67446473 245 100545 2
S 67457472 245 100547 2
S 67468472 245 100546 2
S 67479471 245 100546 2
S 67495470 245 100543 2
S 67506469 245 100542 2
S 67517469 245 100543 2
S 67528468 245 100544 2
S 67539467 245 100546 2
S 67550466 245 100543 2
S 67561466 245 100546 2
S 67572465 245 100543 2
S 67583464 245 100541 2
S 67594464 245 100544 2
S 67605463 245 100539 2
S 67616462 245 100541 2
S 67627462 245 100542 2
S 67638461 245 100540 2
S 67649460 245 100545 2
S 67660460 245 100542 2
S 67671459 245 100543 2
S 67682458 245 100546 2
S 67693458 245 100548 2
S 67704457 245 100547 2
S 67715456 245 100546 2
S 67726455 245 100547 2
S 67737455 245 100548 2
S 67748454 245 100546 2
S 67759453 245 100545 2
S 67770453 245 100546 2
S 67781452 245 100540 2
S 67792451 245 100544 2
S 67803451 245 100542 2
S 67814450 245 100545 2
S 67825449 245 100545 2
S 67836449 245 100544 2
S 67847448 245 100544 2
S 67858447 245 100543 2
S 67869447 245 100544 2
S 67880446 245 100541 2
S 67891445 245 100545 2
S 67902444 245 100543 2
S 67913444 245 100543 2
S 67924443 245 100545 2
S 67935442 245 100543 2
S 67946442 245 100546 2
S 67957441 245 100546 2
S 67968440 245 100540 2
S 67979440 245 100542 2
S 67990439 245 100544 2
S 68001439 245 100543 2
S 68012438 245 100544 2
S 68023437 245 100545 2
S 68034436 245 100546 2
S 68045436 245 100545 2
S 68056435 245 100546 2
S 68067434 245 100546 2
S 68078433 245 100542 2
S 68089433 245 100543 2
S 68100432 245 100548 2
S 68111431 245 100543 2
S 68122431 245 100548 2
S 68133430 245 100547 2
S 68144429 245 100548 2
S 68155429 245 100546 2
S 68166428 245 100548 2
S 68177427 245 100541 2
S 68188427 245 100544 2
S 68199426 245 100548 2
S 68210425 245 100544 2
S 68221425 245 100537 2
S 68232424 245 100549 2
S 68243423 245 100546 2
S 68254422 245 100543 2
S 68265422 245 100547 2
S 68276421 245 100546 2
S 68287420 245 100547 2
S 68298420 245 100548 2
S 68309419 245 100547 2
S 68320418 245 100548 2
S 68331418 245 100541 2
S 68342417 245 100551 2
S 68353416 245 100546 2
S 68364416 245 100547 2
S 68375415 245 100548 2
S 68386414 245 100548 2
S 68397414 245 100544 2
S 68408413 245 100546 2
S 68419412 245 100545 2
S 68430411 245 100547 2
S 68441411 245 100542 2
S 68452410 245 100540 2
S 68463409 245 100548 2
S 68474409 245 100544 2
S 68485408 245 100540 2
S 68501407 245 100541 2
S 68512406 245 100543 2
S 68523406 245 100543 2
S 68534405 245 100546 2
S 68545404 245 100544 2
S 68556404 245 100544 2
S 68567403 245 100543 2
S 68578402 245 100545 2
S 68589402 245 100545 2
S 68600401 245 100541 2
S 68611400 245 100541 2
S 68622399 245 100542 2
S 68633399 245 100540 2
S 68644398 245 100539 2
S 68655397 245 100539 2
S 68666397 245 100537 2
S 68677396 245 100539 2
S 68688395 245 100540 2
S 68699395 245 100545 2
S 68710394 245 100544 2
S 68721393 245 100539 2
S 68732393 245 100540 2
S 68743392 245 100540 2
S 68754391 245 100544 2
S 68765391 245 100540 2
S 68776390 245 100539 2
S 68787389 245 100542 2
S 68798388 245 100541 2
S 68809388 245 100537 2
S 68820387 245 100545 2
S 68831386 245 100542 2
S 68842386 245 100543 2
S 68853385 245 100543 2
S 68864384 245 100542 2
S 68875384 245 100543 2
S 68886383 245 100541 2
S 68897382 245 100543 2
S 68908382 245 100540 2
S 68919381 245 100543 2
S 68930380 245 100549 2
S 68941380 245 100539 2
S 68952379 245 100543 2
S 68963378 245 100541 2
S 68974377 245 100545 2
S 68985377 245 100546 2
S 68996376 245 100544 2
S 69007375 245 100543 2
S 69018375 245 100541 2
S 69029374 245 100543 2
S 69040373 245 100543 2
S 69051373 245 100543 2
S 69062372 245 100543 2
S 69073371 245 100544 2
S 69084371 245 100550 2
S 69095370 245 100546 2
S 69106369 245 100544 2
S 69117369 245 100543 2
S 69128368 245 100547 2
S 69139367 245 100546 2
S 69150366 245 100542 2
S 69161366 245 100544 2
S 69172365 245 100540 2
S 69183364 245 100546 2
S 69194364 245 100545 2
S 69205363 245 100543 2
S 69216362 245 100543 2
S 69227362 245 100540 2
S 69238361 245 100542 2
S 69249360 245 100540 2
S 69260360 245 100543 2
S 69271359 245 100540 2
S 69282358 245 100539 2
S 69293358 245 100540 2
S 69304357 245 100537 2
S 69315356 245 100537 2
S 69326355 245 100539 2
S 69337355 245 100543 2
S 69348354 245 100543 2
S 69359353 245 100545 2
S 69370353 245 100545 2
S 69381352 245 100543 2
S 69392351 245 100543 2
S 69403351 245 100540 2
S 69414350 245 100541 2
S 69425349 245 100542 2
S 69436349 245 100540 2
S 69447348 245 100546 2
S 69458347 245 100547 2
S 69469347 245 100543 2
S 69480346 245 100544 2
S 69491345 245 100548 2
S 69507344 245 100546 2
S 69518343 245 100546 2
S 69529343 245 100544 2
S 69540342 245 100553 2
S 69551341 245 100553 2
S 69562341 245 100548 2
S 69573340 245 100548 2
S 69584339 245 100548 2
S 69595339 245 100551 2
S 69606338 245 100548 2
S 69617337 245 100551 2
S 69628337 245 100548 2
S 69639336 245 100546 2
S 69650335 245 100546 2
S 69661335 245 100542 2
S 69672334 245 100541 2
S 69683333 245 100541 2
S 69694332 245 100543 2
S 69705332 245 100544 2
S 69716331 245 100547 2
S 69727330 245 100544 2
S 69738330 245 100544 2
S 69749329 245 100547 2
S 69760328 245 100546 2
S 69771328 245 100543 2
S 69782327 245 100543 2
S 69793326 245 100543 2
S 69804326 245 100543 2
S 69815325 245 100540 2
S 69826324 245 100541 2
S 69837324 245 100538 2
S 69848323 245 100543 2
S 69859322 245 100548 2
S 69870321 245 100541 2
S 69881321 245 100546 2
S 69892320 245 100542 2
S 69903319 245 100545 2
S 69914319 245 100543 2
S 69925318 245 100546 2
S 69936317 245 100545 2
S 69947317 245 100545 2
S 69958316 245 100545 2
S 69969315 245 100541 2
S 69980315 245 100541 2
S 69991314 245 100543 2
S 70002313 245 100539 2
S 70013313 245 100544 2
S 70024312 245 100544 2
S 70035311 245 100542 2
S 70046310 245 100543 2
S 70057310 245 100542 2
S 70068309 245 100546 2
S 70079308 245 100540 2
S 70090308 245 100544 2
S 70101307 245 100543 2
S 70112306 245 100542 2
S 70123306 245 100542 2
S 70134305 245 100543 2
S 70145304 245 100541 2
S 70156304 245 100542 2
S 70167303 245 100543 2
S 70178302 245 100543 2
S 70189302 245 100541 2
S 70200301 245 100546 2
S 70211300 245 100546 2
S 70222299 245 100544 2
S 70233299 245 100543 2
S 70244298 245 100541 2
S 70255297 245 100542 2
S 70266297 245 100543 2
S 70277296 245 100541 2
S 70288295 245 100543 2
S 70299295 245 100542 2
S 70310294 245 100537 2
S 70321293 245 100544 2
S 70332293 245 100543 2
S 70343292 245 100535 2
S 70354291 245 100540 2
S 70365291 245 100540 2
S 70376290 245 100540 2
S 70387289 245 100542 2
S 70398288 245 100543 2
S 70409288 245 100540 2
S 70420287 245 100540 2
S 70431286 245 100540 2
S 70442286 245 100540 2
S 70453285 245 100542 2
S 70464284 245 100541 2
S 70475284 245 100542 2
S 70486283 245 100540 2
S 70497282 245 100543 2
S 70513281 245 100543 2
S 70524281 245 100545 2
S 70535280 245 100543 2
S 70546279 245 100548 2
S 70557279 245 100547 2
S 70568278 245 100546 2
S 70579277 245 100545 2
S 70590276 245 100542 2
S 70601276 245 100545 2
S 70612275 245 100544 2
S 70623274 245 100541 2
S 70634274 245 100543 2
S 70645273 245 100539 2
S 70656272 245 100541 2
S 70667272 245 100540 2
S 70678271 245 100539 2
S 70689270 245 100541 2
S 70700270 245 100543 2
S 70711269 245 100537 2
S 70722268 245 100539 2
S 70733268 245 100543 2
S 70744267 245 100542 2
S 70755266 245 100541 2
S 70766265 245 100544 2
S 70777265 245 100546 2
S 70788264 245 100540 2
S 70799263 245 100539 2
S 70810263 245 100538 2
S 70821262 245 100535 2
S 70832261 245 100540 2
S 70843261 245 100541 2
S 70854260 245 100540 2
S 70865259 245 100541 2
S 70876259 245 100541 2
S 70887258 245 100540 2
S 70898257 245 100542 2
S 70909257 245 100548 2
S 70920256 245 100543 2
S 70931255 245 100544 2
S 70942254 245 100545 2
S 70953254 245 100546 2
S 70964253 245 100543 2
S 70975252 245 100539 2
S 70986252 245 100539 2
S 70997251 245 100544 2
S 71008250 245 100543 2
S 71019250 245 100546 2
S 71030249 245 100545 2
S 71041248 245 100545 2
S 71052248 245 100546 2
S 71063247 245 100543 2
S 71074246 245 100542 2
S 71085246 245 100540 2
S 71096245 245 100544 2
S 71107244 245 100543 2
S 71118243 245 100543 2
S 71129243 245 100541 2
S 71140242 245 100542 2
S 71151241 245 100541 2
S 71162241 245 100537 2
S 71173240 245 100540 2
S 71184239 245 100538 2
S 71195239 245 100537 2
S 71206238 245 100541 2
S 71217237 245 100541 2
S 71228237 245 100546 2
S 71239236 245 100544 2
S 71250235 245 100545 2
S 71261235 245 100544 2
S 71272234 245 100548 2
S 71283233 245 100547 2
S 71294232 245 100543 2
S 71305232 245 100544 2
S 71316231 245 100545 2
S 71327230 245 100541 2
S 71338230 245 100542 2
S 71349229 245 100540 2
S 71360228 245 100545 2
S 71371228 245 100539 2
S 71382227 245 100544 2
S 71393226 245 100543 2
S 71404226 245 100543 2
S 71415225 245 100543 2
S 71426224 245 100541 2
S 71437224 245 100549 2
S 71448223 245 100546 2
S 71459222 245 100545 2
S 71470221 245 100539 2
S 71481221 245 100545 2
S 71492220 245 100543 2
S 71503219 245 100542 2
S 71519218 245 100548 2
S 71530218 245 100549 2
S 71541217 245 100544 2
S 71552216 245 100543 2
S 71563216 245 100542 2
S 71574215 245 100543 2
S 71585214 245 100537 2
S 71596214 245 100538 2
S 71607213 245 100538 2
S 71618212 245 100538 2
S 71629212 245 100536 2
S 71640211 245 100537 2
S 71651210 245 100543 2
S 71662209 245 100542 2
S 71673209 245 100543 2
S 71684208 245 100539 2
S 71695207 245 100538 2
S 71706207 245 100543 2
S 71717206 245 100543 2
S 71728205 245 100539 2
S 71739205 245 100542 2
S 71750204 245 100540 2
S 71761203 245 100538 2
S 71772203 245 100543 2
S 71783202 245 100543 2
S 71794201 245 100545 2
S 71805201 245 100546 2
S 71816200 245 100548 2
S 71827199 245 100551 2
S 71838198 245 100547 2
S 71849198 245 100548 2
S 71860197 245 100546 2
S 71871196 245 100554 2
S 71882196 245 100548 2
S 71893195 245 100540 2
S 71904194 245 100540 2
S 71915194 245 100538 2
S 71926193 245 100543 2
S 71937192 245 100536 2
S 71948192 245 100540 2
S 71959191 245 100541 2
S 71970190 245 100545 2
S 71981190 245 100541 2
S 71992189 245 100544 2
S 72003188 245 100541 2
S 72014187 245 100543 2
S 72025187 245 100542 2
S 72036186 245 100545 2
S 72047185 245 100541 2
S 72058185 245 100539 2
S 72069184 245 100542 2
S 72080183 245 100538 2
S 72091183 245 100543 2
S 72102182 245 100540 2
S 72113181 245 100537 2
S 72124181 245 100534 2
S 72135180 245 100535 2
S 72146179 245 100540 2
S 72157179 245 100538 2
S 72168178 245 100544 2
S 72179177 245 100544 2
S 72190176 245 100542 2
S 72201176 245 100540 2
S 72212175 245 100543 2
S 72223174 245 100546 2
S 72234174 245 100543 2
S 72245173 245 100547 2
S 72256172 245 100541 2
S 72267172 245 100543 2
S 72278171 245 100540 2
S 72289170 245 100540 2
S 72300170 245 100540 2
S 72311169 245 100543 2
S 72322168 245 100543 2
S 72333168 245 100539 2
S 72344167 245 100544 2
S 72355166 245 100543 2
S 72366165 245 100549 2
S 72377165 245 100544 2
S 72388164 245 100546 2
S 72399163 245 100544 2
S 72410163 245 100546 2
S 72421162 245 100542 2
S 72432161 245 100547 2
S 72443161 245 100540 2
S 72454160 245 100547 2
S 72465159 245 100545 2
S 72476159 245 100549 2
S 72487158 245 100543 2
S 72498157 245 100547 2
S 72509157 245 100547 2
S 72525156 244 100543 2
S 72536155 244 100547 2
S 72547154 244 100545 2
S 72558153 244 100547 2
S 72569153 244 100546 2
S 72580152 244 100540 2
S 72591151 244 100545 2
S 72602151 244 100545 2
S 72613150 244 100541 2
S 72624149 244 100540 2
S 72635149 244 100540 2
S 72646148 244 100545 2
S 72657147 244 100540 2
S 72668147 244 100542 2
S 72679146 244 100540 2
S 72690145 244 100543 2
S 72701145 244 100542 2
S 72712144 244 100539 2
S 72723143 244 100539 2
S 72734142 244 100543 2
S 72745142 244 100541 2
S 72756141 244 100540 2
S 72767140 244 100537 2
S 72778140 244 100537 2
S 72789139 244 100543 2
S 72800138 244 100545 2
S 72811138 244 100543 2
S 72822137 244 100543 2
S 72833136 244 100543 2
S 72844136 244 100543 2
S 72855135 244 100538 2
S 72866134 244 100537 2
S 72877134 244 100540 2
S 72888133 244 100539 2
S 72899132 244 100542 2
S 72910131 244 100542 2
S 72921131 244 100542 2
S 72932130 244 100542 2
S 72943129 244 100538 2
S 72954129 244 100543 2
S 72965128 244 100541 2
S 72976127 244 100539 2
S 72987127 244 100540 2
S 72998126 244 100533 2
S 73009125 244 100537 2
S 73020125 244 100542 2
S 73031124 244 100543 2
S 73042123 244 100537 2
S 73053123 244 100541 2
S 73064122 244 100542 2
S 73075121 244 100539 2
S 73086120 244 100535 2
S 73097120 244 100537 2
S 73108119 244 100537 2
S 73119118 244 100537 2
S 73130118 244 100543 2
S 73141117 244 100542 2
S 73152116 244 100544 2
S 73163116 244 100540 2
S 73174115 244 100537 2
S 73185114 244 100538 2
S 73196114 244 100537 2
S 73207113 244 100539 2
S 73218112 244 100544 2
S 73229112 244 100541 2
S 73240111 244 100546 2
S 73251110 244 100544 2
S 73262109 244 100541 2
S 73273109 244 100543 2
S 73284108 244 100541 2
S 73295107 244 100543 2
S 73306107 244 100539 2
S 73317106 244 100540 2
S 73328105 244 100537 2
S 73339105 244 100538 2
S 73350104 244 100539 2
S 73361103 244 100539 2
S 73372103 244 100545 2
S 73383102 244 100538 2
S 73394101 244 100543 2
S 73405101 244 100537 2
S 73416100 244 100542 2
S 73427099 244 100538 2
S 73438098 244 100534 2
S 73449098 244 100532 2
S 73460097 244 100537 2
S 73471096 244 100532 2
S 73482096 244 100534 2
S 73493095 244 100534 2
S 73504094 244 100537 2
S 73515094 244 100532 2
S 73531093 245 100537 2
S 73542092 245 100538 2
S 73553091 245 100543 2
S 73564091 245 100539 2
S 73575090 245 100539 2
S 73586089 245 100536 2
S 73597089 245 100540 2
S 73608088 245 100537 2
S 73619087 245 100540 2
S 73630086 245 100542 2
S 73641086 245 100538 2
S 73652085 245 100543 2
S 73663084 245 100539 2
S 73674084 245 100542 2
S 73685083 245 100543 2
S 73696082 245 100538 2
S 73707082 245 100540 2
S 73718081 245 100540 2
S 73729080 245 100540 2
S 73740080 245 100542 2
S 73751079 245 100538 2
S 73762078 245 100536 2
S 73773078 245 100540 2
S 73784077 245 100543 2
S 73795076 245 100539 2
S 73806075 245 100544 2
S 73817075 245 100548 2
S 73828074 245 100549 2
S 73839073 245 100543 2
S 73850073 245 100540 2
S 73861072 245 100540 2
S 73872071 245 100543 2
S 73883071 245 100544 2
S 73894070 245 100545 2
S 73905069 245 100549 2
S 73916069 245 100543 2
S 73927068 245 100542 2
S 73938067 245 100540 2
S 73949067 245 100543 2
S 73960066 245 100538 2
S 73971065 245 100540 2
S 73982064 245 100541 2
S 73993064 245 100541 2
S 74004063 245 100540 2
S 74015062 245 100538 2
S 74026062 245 100540 2
S 74037061 245 100545 2
S 74048060 245 100541 2
S 74059060 245 100546 2
S 74070059 245 100534 2
S 74081058 245 100543 2
S 74092058 245 100540 2
S 74103057 245 100540 2
S 74114056 245 100543 2
S 74125056 245 100545 2
S 74136055 245 100537 2
S 74147054 245 100542 2
S 74158053 245 100543 2
S 74169053 245 100543 2
S 74180052 245 100543 2
S 74191051 245 100543 2
S 74202051 245 100542 2
S 74213050 245 100540 2
S 74224049 245 100541 2
S 74235049 245 100540 2
S 74246048 245 100542 2
S 74257047 245 100537 2
S 74268047 245 100538 2
S 74279046 245 100537 2
S 74290045 245 100542 2
S 74301045 245 100542 2
S 74312044 245 100539 2
S 74323043 245 100540 2
S 74334042 245 100545 2
S 74345042 245 100539 2
S 74356041 245 100537 2
S 74367040 245 100543 2
S 74378040 245 100540 2
S 74389039 245 100542 2
S 74400038 245 100540 2
S 74411038 245 100542 2
S 74422037 245 100534 2
S 74433036 245 100534 2
S 74444036 245 100534 2
S 74455035 245 100543 2
S 74466034 245 100539 2
S 74477034 245 100540 2
S 74488033 245 100538 2
S 74499032 245 100543 2
S 74510031 245 100537 2
S 74521031 245 100538 2
S 74537030 245 100543 2
S 74548029 245 100538 2
S 74559028 245 100540 2
S 74570028 245 100532 2
S 74581027 245 100544 2
S 74592026 245 100540 2
S 74603026 245 100537 2
S 74614025 245 100535 2
S 74625024 245 100534 2
S 74636024 245 100538 2
S 74647023 245 100540 2
S 74658022 245 100539 2
S 74669022 245 100543 2
S 74680021 245 100542 2
S 74691020 245 100542 2
S 74702019 245 100538 2
S 74713019 245 100542 2
S 74724018 245 100541 2
S 74735017 245 100540 2
S 74746017 245 100540 2
S 74757016 245 100540 2
S 74768015 245 100546 2
S 74779015 245 100534 2
S 74790014 245 100540 2
S 74801013 245 100538 2
S 74812013 245 100540 2
S 74823012 245 100545 2
S 74834011 245 100546 2
S 74845011 245 100541 2
S 74856010 245 100537 2
S 74867009 245 100532 2
S 74878008 245 100537 2
S 74889008 245 100534 2
S 74900007 245 100542 2
S 74911006 245 100536 2
S 74922006 245 100539 2
S 74933005 245 100540 2
S 74944004 245 100542 2
S 74955004 245 100540 2
S 74966003 245 100538 2
S 74977002 245 100546 2
S 74988002 245 100540 2
S 74999001 245 100540 2
S 75010000 245 100541 2
S 75021000 245 100536 2
S 75031999 245 100542 2
S 75042998 245 100542 2
S 75053997 245 100548 2
S 75064997 245 100543 2
S 75075996 245 100546 2
S 75086995 245 100546 2
S 75097995 245 100545 2
S 75108994 245 100543 2
S 75119993 245 100538 2
S 75130993 245 100541 2
S 75141992 245 100545 2
S 75152991 245 100538 2
S 75163991 245 100541 2
S 75174990 245 100542 2
S 75185989 245 100547 2
S 75196989 245 100552 2
S 75207988 245 100545 2
S 75218987 245 100548 2
S 75229986 245 100548 2
S 75240986 245 100542 2
S 75251985 245 100539 2
S 75262984 245 100540 2
S 75273984 245 100543 2
S 75284983 245 100541 2
S 75295982 245 100543 2
S 75306982 245 100542 2
S 75317981 245 100538 2
S 75328980 245 100542 2
S 75339980 245 100541 2
S 75350979 245 100543 2
S 75361978 245 100542 2
S 75372978 245 100546 2
S 75383977 245 100544 2
S 75394976 245 100548 2
S 75405975 245 100544 2
S 75416975 245 100546 2
S 75427974 245 100543 2
S 75438973 245 100545 2
S 75449973 245 100538 2
S 75460972 245 100543 2
S 75471971 245 100543 2
S 75482971 245 100546 2
S 75493970 245 100540 2
S 75504969 245 100544 2
S 75515969 245 100543 2
S 75526968 245 100538 2
S 75542967 244 100537 2
S 75553966 244 100539 2
S 75564966 244 100539 2
S 75575965 244 100537 2
S 75586964 244 100537 2
S 75597963 244 100537 2
S 75608963 244 100537 2
S 75619962 244 100534 2
S 75630961 244 100536 2
S 75641961 244 100534 2
S 75652960 244 100537 2
S 75663959 244 100531 2
S 75674959 244 100534 2
S 75685958 244 100534 2
S 75696957 244 100536 2
S 75707957 244 100533 2
S 75718956 244 100531 2
S 75729955 244 100531 2
S 75740955 244 100536 2
S 75751954 244 100536 2
S 75762953 244 100534 2
S 75773952 244 100534 2
S 75784952 244 100534 2
S 75795951 244 100533 2
S 75806950 244 100534 2
S 75817950 244 100537 2
S 75828949 244 100536 2
S 75839948 244 100530 2
S 75850948 244 100540 2
S 75861947 244 100534 2
S 75872946 244 100530 2
S 75883946 244 100531 2
S 75894945 244 100535 2
S 75905944 244 100535 2
S 75916944 244 100537 2
S 75927943 244 100532 2
S 75938942 244 100534 2
S 75949941 244 100537 2
S 75960941 244 100534 2
S 75971940 244 100537 2
S 75982939 244 100543 2
S 75993939 244 100539 2
S 76004938 244 100536 2
S 76015937 244 100536 2
S 76026937 244 100538 2
S 76037936 244 100540 2
S 76048935 244 100543 2
S 76059935 244 100543 2
S 76070934 244 100539 2
S 76081933 244 100541 2
S 76092933 244 100539 2
S 76103932 244 100543 2
S 76114931 244 100540 2
S 76125930 244 100543 2
S 76136930 244 100547 2
S 76147929 244 100546 2
S 76158928 244 100543 2
S 76169928 244 100541 2
S 76180927 244 100536 2
S 76191926 244 100540 2
S 76202926 244 100537 2
S 76213925 244 100549 2
S 76224924 244 100543 2
S 76235924 244 100545 2
S 76246923 244 100540 2
S 76257922 244 100543 2
S 76268922 244 100538 2
S 76279921 244 100536 2
S 76290920 244 100537 2
S 76301919 244 100538 2
S 76312919 244 100537 2
S 76323918 244 100539 2
S 76334917 244 100532 2
S 76345917 244 100540 2
S 76356916 244 100537 2
S 76367915 244 100536 2
S 76378915 244 100539 2
S 76389914 244 100540 2
S 76400913 244 100540 2
S 76411913 244 100537 2
S 76422912 244 100543 2
S 76433911 244 100539 2
S 76444911 244 100539 2
S 76455910 244 100540 2
S 76466909 244 100538 2
S 76477908 244 100538 2
S 76488908 244 100539 2
S 76499907 244 100543 2
S 76510906 244 100536 2
S 76521906 244 100537 2
S 76532905 244 100543 2
S 76548904 244 100540 2
S 76559903 244 100540 2
S 76570903 244 100538 2
S 76581902 244 100542 2
S 76592901 244 100543 2
S 76603901 244 100538 2
S 76614900 244 100541 2
S 76625899 244 100536 2
S 76636899 244 100543 2
S 76647898 244 100542 2
S 76658897 244 100539 2
S 76669896 244 100542 2
S 76680896 244 100544 2
S 76691895 244 100541 2
S 76702894 244 100542 2
S 76713894 244 100540 2
S 76724893 244 100539 2
S 76735892 244 100539 2
S 76746892 244 100536 2
S 76757891 244 100537 2
S 76768890 244 100537 2
S 76779890 244 100537 2
S 76790889 244 100540 2
S 76801888 244 100533 2
S 76812888 244 100537 2
S 76823887 244 100537 2
S 76834886 244 100538 2
S 76845885 244 100540 2
S 76856885 244 100537 2
S 76867884 244 100536 2
S 76878883 244 100538 2
S 76889883 244 100540 2
S 76900882 244 100543 2
S 76911881 244 100543 2
S 76922881 244 100543 2
S 76933880 244 100543 2
S 76944879 244 100549 2
S 76955879 244 100543 2
S 76966878 244 100541 2
S 76977877 244 100543 2
S 76988877 244 100546 2
S 76999876 244 100545 2
S 77010875 244 100543 2
S 77021874 244 100545 2
S 77032874 244 100543 2
S 77043873 244 100542 2
S 77054872 244 100543 2
S 77065872 244 100543 2
S 77076871 244 100545 2
S 77087870 244 100540 2
S 77098870 244 100542 2
S 77109869 244 100542 2
S 77120868 244 100541 2
S 77131868 244 100540 2
S 77142867 244 100543 2
S 77153866 244 100538 2
S 77164866 244 100539 2
S 77175865 244 100541 2
S 77186864 244 100540 2
S 77197863 244 100540 2
S 77208863 244 100542 2
S 77219862 244 100545 2
S 77230861 244 100543 2
S 77241861 244 100538 2
S 77252860 244 100543 2
S 77263859 244 100543 2
S 77274859 244 100540 2
S 77285858 244 100544 2
S 77296857 244 100548 2
S 77307857 244 100539 2
S 77318856 244 100538 2
S 77329855 244 100539 2
S 77340855 244 100542 2
S 77351854 244 100540 2
S 77362853 244 100546 2
S 77373852 244 100540 2
S 77384852 244 100538 2
S 77395851 244 100537 2
S 77406850 244 100537 2
S 77417850 244 100542 2
S 77428849 244 100539 2
S 77439848 244 100539 2
S 77450848 244 100535 2
S 77461847 244 100540 2
S 77472846 244 100543 2
S 77483846 244 100543 2
S 77494845 244 100540 2
S 77505844 244 100544 2
S 77516844 244 100543 2
S 77527843 244 100541 2
S 77538842 244 100537 2
S 77554841 244 100548 2
S 77565840 244 100546 2
S 77576840 244 100546 2
S 77587839 244 100545 2
S 77598838 244 100544 2
S 77609838 244 100551 2
S 77620837 244 100545 2
S 77631836 244 100536 2
S 77642836 244 100540 2
S 77653835 244 100543 2
S 77664834 244 100541 2
S 77675834 244 100540 2
S 77686833 244 100539 2
S 77697832 244 100541 2
S 77708832 244 100540 2
S 77719831 244 100543 2
S 77730830 244 100541 2
S 77741829 244 100541 2
S 77752829 244 100541 2
S 77763828 244 100540 2
S 77774827 244 100537 2
S 77785827 244 100541 2
S 77796826 244 100535 2
S 77807825 244 100536 2
S 77818825 244 100535 2
S 77829824 244 100534 2
S 77840823 244 100539 2
S 77851823 244 100534 2
S 77862822 244 100543 2
S 77873821 244 100538 2
S 77884821 244 100536 2
S 77895820 244 100541 2
S 77906819 244 100542 2
S 77917818 244 100538 2
S 77928818 244 100533 2
S 77939817 244 100539 2
S 77950816 244 100537 2
S 77961816 244 100536 2
S 77972815 244 100540 2
S 77983814 244 100539 2
S 77994814 244 100532 2
S 78005813 244 100537 2
S 78016812 244 100538 2
S 78027812 244 100536 2
S 78038811 244 100537 2
S 78049810 244 100538 2
S 78060810 244 100534 2
S 78071809 244 100538 2
S 78082808 244 100539 2
S 78093807 244 100538 2
S 78104807 244 100537 2
S 78115806 244 100537 2
S 78126805 244 100537 2
S 78137805 244 100539 2
S 78148804 244 100543 2
S 78159803 244 100540 2
S 78170803 244 100539 2
S 78181802 244 100538 2
S 78192801 244 100535 2
S 78203801 244 100534 2
S 78214800 244 100539 2
S 78225799 244 100541 2
S 78236799 244 100540 2
S 78247798 244 100540 2
S 78258797 244 100538 2
S 78269796 244 100538 2
S 78280796 244 100536 2
S 78291795 244 100537 2
S 78302794 244 100542 2
S 78313794 244 100539 2
S 78324793 244 100543 2
S 78335792 244 100543 2
S 78346792 244 100537 2
S 78357791 244 100540 2
S 78368790 244 100539 2
S 78379790 244 100540 2
S 78390789 244 100543 2
S 78401788 244 100542 2
S 78412788 244 100540 2
S 78423787 244 100542 2
S 78434786 244 100544 2
S 78445785 244 100542 2
S 78456785 244 100540 2
S 78467784 244 100540 2
S 78478783 244 100542 2
S 78489783 244 100544 2
S 78500782 244 100541 2
S 78511781 244 100538 2
S 78522781 244 100541 2
S 78533780 244 100537 2
S 78544779 244 100537 2
S 78560778 244 100543 2
S 78571778 244 100539 2
S 78582777 244 100538 2
S 78593776 244 100539 2
S 78604776 244 100539 2
S 78615775 244 100537 2
S 78626774 244 100541 2
S 78637773 244 100540 2
S 78648773 244 100541 2
S 78659772 244 100539 2
S 78670771 244 100539 2
S 78681771 244 100541 2
S 78692770 244 100538 2
S 78703769 244 100535 2
S 78714769 244 100540 2
S 78725768 244 100537 2
S 78736767 244 100537 2
S 78747767 244 100535 2
S 78758766 244 100536 2
S 78769765 244 100534 2
S 78780765 244 100532 2
S 78791764 244 100532 2
S 78802763 244 100537 2
S 78813762 244 100539 2
S 78824762 244 100536 2
S 78835761 244 100541 2
S 78846760 244 100534 2
S 78857760 244 100538 2
S 78868759 244 100537 2
S 78879758 244 100536 2
S 78890758 244 100535 2
S 78901757 244 100536 2
S 78912756 244 100536 2
S 78923756 244 100537 2
S 78934755 244 100536 2
S 78945754 244 100538 2
S 78956754 244 100537 2
S 78967753 244 100535 2
S 78978752 244 100543 2
S 78989751 244 100543 2
S 79000749 244 100537 2
S 79011750 244 100543 2
S 79022749 244 100540 2
S 79033749 244 100538 2
S 79044748 244 100541 2
S 79055747 244 100542 2
S 79066747 244 100539 2
S 79077746 244 100543 2
S 79088745 244 100542 2
S 79099745 244 100545 2
S 79110744 244 100543 2
S 79121743 244 100541 2
S 79132743 244 100543 2
S 79143742 244 100537 2
S 79154741 244 100538 2
S 79165740 244 100541 2
S 79176740 244 100540 2
S 79187739 244 100536 2
S 79198738 244 100537 2
S 79209738 244 100540 2
S 79220737 244 100542 2
S 79231736 244 100537 2
S 79242736 244 100536 2
S 79253735 244 100539 2
S 79264734 244 100536 2
S 79275734 244 100537 2
S 79286733 244 100540 2
S 79297732 244 100537 2
S 79308732 244 100537 2
S 79319731 244 100535 2
S 79330730 244 100537 2
S 79341729 244 100537 2
S 79352729 244 100538 2
S 79363728 244 100542 2
S 79374727 244 100538 2
S 79385727 244 100541 2
S 79396726 244 100538 2
S 79407725 244 100537 2
S 79418725 244 100538 2
S 79429724 244 100537 2
S 79440723 244 100540 2
S 79451723 244 100538 2
S 79462722 244 100537 2
S 79473721 244 100532 2
S 79484721 244 100536 2
S 79495720 244 100537 2
S 79506719 244 100540 2
S 79517718 244 100534 2
S 79528718 244 100537 2
S 79539717 244 100534 2
S 79550716 244 100537 2
S 79566715 245 100537 2
S 79577715 245 100542 2
S 79588714 245 100539 2
S 79599713 245 100540 2
S 79610713 245 100540 2
S 79621712 245 100537 2
S 79632711 245 100540 2
S 79643711 245 100535 2
S 79654710 245 100534 2
S 79665709 245 100540 2
S 79676709 245 100540 2
S 79687708 245 100537 2
S 79698707 245 100543 2
S 79709706 245 100540 2
S 79720706 245 100540 2
S 79731705 245 100538 2
S 79742704 245 100537 2
S 79753704 245 100537 2
S 79764703 245 100537 2
S 79775702 245 100544 2
S 79786702 245 100541 2
S 79797701 245 100543 2
S 79808700 245 100546 2
S 79819700 245 100545 2
S 79830699 245 100546 2
S 79841698 245 100543 2
S 79852698 245 100545 2
S 79863697 245 100547 2
S 79874696 245 100543 2
S 79885695 245 100543 2
S 79896695 245 100542 2
S 79907694 245 100546 2
S 79918693 245 100543 2
S 79929693 245 100543 2
S 79940692 245 100543 2
S 79951691 245 100548 2
S 79962691 245 100544 2
S 79973690 245 100542 2
S 79984689 245 100545 2
S 79995689 245 100540 2
S 80006688 245 100543 2
S 80017687 245 100540 2
S 80028687 245 100546 2
S 80039686 245 100549 2
S 80050685 245 100546 2
S 80061684 245 100543 2
S 80072684 245 100544 2
S 80083683 245 100547 2
S 80094682 245 100550 2
S 80105682 245 100546 2
S 80116681 245 100546 2
S 80127680 245 100543 2
S 80138680 245 100544 2
S 80149679 245 100543 2
S 80160678 245 100543 2
S 80171678 245 100546 2
S 80182677 245 100541 2
S 80193676 245 100546 2
S 80204676 245 100543 2
S 80215675 245 100546 2
S 80226674 245 100547 2
S 80237673 245 100544 2
S 80248673 245 100543 2
S 80259672 245 100545 2
S 80270671 245 100541 2
S 80281671 245 100544 2
S 80292670 245 100546 2
S 80303669 245 100549 2
S 80314669 245 100546 2
S 80325668 245 100547 2
S 80336667 245 100543 2
S 80347667 245 100546 2
S 80358666 245 100547 2
S 80369665 245 100546 2
S 80380665 245 100547 2
S 80391664 245 100547 2
S 80402663 245 100546 2
S 80413662 245 100550 2
S 80424662 245 100548 2
S 80435661 245 100547 2
S 80446660 245 100544 2
S 80457660 245 100548 2
S 80468659 245 100546 2
S 80479658 245 100551 2
S 80490658 245 100546 2
S 80501657 245 100551 2
S 80512656 245 100548 2
S 80523656 245 100548 2
S 80534655 245 100545 2
S 80545654 245 100547 2
S 80556654 245 100549 2
S 80572653 244 100541 2
S 80583652 244 100542 2
S 80594651 244 100543 2
S 80605650 244 100541 2
S 80616650 244 100544 2
S 80627649 244 100545 2
S 80638648 244 100540 2
S 80649648 244 100537 2
S 80660647 244 100540 2
S 80671646 244 100540 2
S 80682646 244 100548 2
S 80693645 244 100543 2
S 80704644 244 100547 2
S 80715644 244 100545 2
S 80726643 244 100543 2
S 80737642 244 100543 2
S 80748642 244 100540 2
S 80759641 244 100543 2
S 80770640 244 100539 2
S 80781639 244 100543 2
S 80792639 244 100543 2
S 80803638 244 100546 2
S 80814637 244 100542 2
S 80825637 244 100543 2
S 80836636 244 100544 2
S 80847635 244 100543 2
S 80858635 244 100540 2
S 80869634 244 100540 2
S 80880633 244 100545 2
S 80891633 244 100544 2
S 80902632 244 100543 2
S 80913631 244 100543 2
S 80924631 244 100545 2
S 80935630 244 100545 2
S 80946629 244 100545 2
S 80957628 244 100545 2
S 80968628 244 100541 2
S 80979627 244 100543 2
S 80990626 244 100548 2
S 81001627 244 100541 2
S 81012625 244 100547 2
S 81023624 244 100543 2
S 81034624 244 100544 2
S 81045623 244 100543 2
S 81056622 244 100545 2
S 81067622 244 100541 2
S 81078621 244 100544 2
S 81089620 244 100545 2
S 81100620 244 100543 2
S 81111619 244 100540 2
S 81122618 244 100543 2
S 81133617 244 100543 2
S 81144617 244 100543 2
S 81155616 244 100543 2
S 81166615 244 100541 2
S 81177615 244 100544 2
S 81188614 244 100545 2
S 81199613 244 100539 2
S 81210613 244 100542 2
S 81221612 244 100540 2
S 81232611 244 100543 2
S 81243611 244 100545 2
S 81254610 244 100544 2
S 81265609 244 100544 2
S 81276609 244 100543 2
S 81287608 244 100545 2
S 81298607 244 100545 2
S 81309606 244 100544 2
S 81320606 244 100543 2
S 81331605 244 100542 2
S 81342604 244 100540 2
S 81353604 244 100541 2
S 81364603 244 100540 2
S 81375602 244 100542 2
S 81386602 244 100547 2
S 81397601 244 100542 2
S 81408600 244 100540 2
S 81419600 244 100540 2
S 81430599 244 100542 2
S 81441598 244 100545 2
S 81452598 244 100540 2
S 81463597 244 100545 2
S 81474596 244 100538 2
S 81485595 244 100543 2
S 81496595 244 100541 2
S 81507594 244 100543 2
S 81518593 244 100543 2
S 81529593 244 100539 2
S 81540592 244 100544 2
S 81551591 244 100539 2
S 81562591 244 100540 2
S 81578590 244 100545 2
S 81589589 244 100545 2
S 81600588 244 100538 2
S 81611588 244 100540 2
S 81622587 244 100542 2
S 81633586 244 100541 2
S 81644586 244 100535 2
S 81655585 244 100539 2
S 81666584 244 100540 2
S 81677583 244 100536 2
S 81688583 244 100540 2
S 81699582 244 100530 2
S 81710581 244 100543 2
S 81721581 244 100543 2
S 81732580 244 100546 2
S 81743579 244 100543 2
S 81754579 244 100540 2
S 81765578 244 100535 2
S 81776577 244 100537 2
S 81787577 244 100541 2
S 81798576 244 100538 2
S 81809575 244 100540 2
S 81820575 244 100538 2
S 81831574 244 100538 2
S 81842573 244 100540 2
S 81853572 244 100540 2
S 81864572 244 100543 2
S 81875571 244 100541 2
S 81886570 244 100536 2
S 81897570 244 100537 2
S 81908569 244 100538 2
S 81919568 244 100536 2
S 81930568 244 100535 2
S 81941567 244 100541 2
S 81952566 244 100542 2
S 81963566 244 100544 2
S 81974565 244 100540 2
S 81985564 244 100544 2
S 81996564 244 100538 2
S 82007563 244 100536 2
S 82018562 244 100537 2
S 82029561 244 100541 2
S 82040561 244 100536 2
S 82051560 244 100545 2
S 82062559 244 100540 2
S 82073559 244 100537 2
S 82084558 244 100543 2
S 82095557 244 100541 2
S 82106557 244 100541 2
S 82117556 244 100537 2
S 82128555 244 100544 2
S 82139555 244 100543 2
S 82150554 244 100540 2
S 82161553 244 100538 2
S 82172553 244 100536 2
S 82183552 244 100537 2
S 82194551 244 100534 2
S 82205550 244 100537 2
S 82216550 244 100535 2
S 82227549 244 100534 2
S 82238548 244 100529 2
S 82249548 244 100538 2
S 82260547 244 100536 2
S 82271546 244 100534 2
S 82282546 244 100534 2
S 82293545 244 100534 2
S 82304544 244 100531 2
S 82315544 244 100533 2
S 82326543 244 100537 2
S 82337542 244 100535 2
S 82348542 244 100535 2
S 82359541 244 100537 2
S 82370540 244 100540 2
S 82381539 244 100539 2
S 82392539 244 100533 2
S 82403538 244 100536 2
S 82414537 244 100540 2
S 82425537 244 100544 2
S 82436536 244 100543 2
S 82447535 244 100540 2
S 82458535 244 100537 2
S 82469534 244 100539 2
S 82480533 244 100541 2
S 82491533 244 100541 2
S 82502532 244 100539 2
S 82513531 244 100541 2
S 82524531 244 100540 2
S 82535530 244 100540 2
S 82546529 244 100540 2
S 82557528 244 100541 2
S 82568528 244 100542 2
S 82584527 244 100538 2
S 82595526 244 100542 2
S 82606525 244 100540 2
S 82617525 244 100539 2
S 82628524 244 100542 2
S 82639523 244 100541 2
S 82650523 244 100538 2
S 82661522 244 100543 2
S 82672521 244 100543 2
S 82683521 244 100546 2
S 82694520 244 100537 2
S 82705519 244 100541 2
S 82716519 244 100537 2
S 82727518 244 100537 2
S 82738517 244 100544 2
S 82749516 244 100542 2
S 82760516 244 100540 2
S 82771515 244 100540 2
S 82782514 244 100537 2
S 82793514 244 100539 2
S 82804513 244 100541 2
S 82815512 244 100540 2
S 82826512 244 100538 2
S 82837511 244 100537 2
S 82848510 244 100534 2
S 82859510 244 100539 2
S 82870509 244 100538 2
S 82881508 244 100540 2
S 82892508 244 100539 2
S 82903507 244 100535 2
S 82914506 244 100543 2
S 82925505 244 100540 2
S 82936505 244 100538 2
S 82947504 244 100540 2
S 82958503 244 100539 2
S 82969503 244 100542 2
S 82980502 244 100542 2
S 82991501 244 100541 2
S 83002501 244 100541 2
S 83013500 244 100540 2
S 83024499 244 100543 2
S 83035499 244 100541 2
S 83046498 244 100543 2
S 83057497 244 100537 2
S 83068497 244 100545 2
S 83079496 244 100541 2
S 83090495 244 100545 2
S 83101494 244 100540 2
S 83112494 244 100537 2
S 83123493 244 100540 2
S 83134492 244 100540 2
S 83145492 244 100538 2
S 83156491 244 100540 2
S 83167490 244 100541 2
S 83178490 244 100540 2
S 83189489 244 100540 2
S 83200488 244 100537 2
S 83211488 244 100544 2
S 83222487 244 100540 2
S 83233486 244 100536 2
S 83244486 244 100540 2
S 83255485 244 100537 2
S 83266484 244 100537 2
S 83277483 244 100541 2
S 83288483 244 100537 2
S 83299482 244 100537 2
S 83310481 244 100534 2
S 83321481 244 100539 2
S 83332480 244 100538 2
S 83343479 244 100536 2
S 83354479 244 100539 2
S 83365478 244 100538 2
S 83376477 244 100540 2
S 83387477 244 100537 2
S 83398476 244 100540 2
S 83409475 244 100539 2
S 83420475 244 100540 2
S 83431474 244 100536 2
S 83442473 244 100538 2
S 83453472 244 100534 2
S 83464472 244 100535 2
S 83475471 244 100537 2
S 83486470 244 100534 2
S 83497470 244 100534 2
S 83508469 244 100534 2
S 83519468 244 100535 2
S 83530468 244 100535 2
S 83541467 244 100533 2
S 83552466 244 100533 2
S 83563466 244 100540 2
S 83574465 244 100540 2
S 83590464 244 100537 2
S 83601463 244 100540 2
S 83612463 244 100543 2
S 83623462 244 100543 2
S 83634461 244 100538 2
S 83645460 244 100540 2
S 83656460 244 100537 2
S 83667459 244 100540 2
S 83678458 244 100537 2
S 83689458 244 100534 2
S 83700457 244 100535 2
S 83711456 244 100536 2
S 83722456 244 100537 2
S 83733455 244 100535 2
S 83744454 244 100536 2
S 83755454 244 100532 2
S 83766453 244 100536 2
S 83777452 244 100536 2
S 83788452 244 100537 2
S 83799451 244 100537 2
S 83810450 244 100535 2
S 83821449 244 100537 2
S 83832449 244 100534 2
S 83843448 244 100537 2
S 83854447 244 100540 2
S 83865447 244 100540 2
S 83876446 244 100537 2
S 83887445 244 100539 2
S 83898445 244 100540 2
S 83909444 244 100537 2
S 83920443 244 100541 2
S 83931443 244 100540 2
S 83942442 244 100536 2
S 83953441 244 100540 2
S 83964441 244 100534 2
S 83975440 244 100537 2
S 83986439 244 100536 2
S 83997438 244 100542 2
S 84008438 244 100540 2
S 84019437 244 100534 2
S 84030436 244 100542 2
S 84041436 244 100540 2
S 84052435 244 100537 2
S 84063434 244 100542 2
S 84074434 244 100539 2
S 84085433 244 100542 2
S 84096432 244 100539 2
S 84107432 244 100542 2
S 84118431 244 100544 2
S 84129430 244 100543 2
S 84140430 244 100540 2
S 84151429 244 100540 2
S 84162428 244 100545 2
S 84173427 244 100548 2
S 84184427 244 100547 2
S 84195426 244 100543 2
S 84206425 244 100543 2
S 84217425 244 100540 2
S 84228424 244 100540 2
S 84239423 244 100542 2
S 84250423 244 100543 2
S 84261422 244 100545 2
S 84272421 244 100544 2
S 84283421 244 100543 2
S 84294420 244 100544 2
S 84305419 244 100545 2
S 84316419 244 100542 2
S 84327418 244 100543 2
S 84338417 244 100543 2
S 84349416 244 100543 2
S 84360416 244 100545 2
S 84371415 244 100543 2
S 84382414 244 100545 2
S 84393414 244 100549 2
S 84404413 244 100543 2
S 84415412 244 100535 2
S 84426412 244 100534 2
S 84437411 244 100543 2
S 84448410 244 100537 2
S 84459410 244 100540 2
S 84470409 244 100538 2
S 84481408 244 100537 2
S 84492408 244 100543 2
S 84503407 244 100545 2
S 84514406 244 100548 2
S 84525405 244 100545 2
S 84536405 244 100551 2
S 84547404 244 100553 2
S 84558403 244 100548 2
S 84569403 244 100548 2
S 84580402 244 100549 2
S 84596401 244 100554 2
S 84607400 244 100548 2
S 84618400 244 100554 2
S 84629399 244 100549 2
S 84640398 244 100548 2
S 84651398 244 100546 2
S 84662397 244 100547 2
S 84673396 244 100545 2
S 84684396 244 100540 2
S 84695395 244 100541 2
S 84706394 244 100539 2
S 84717393 244 100540 2
S 84728393 244 100541 2
S 84739392 244 100543 2
S 84750391 244 100543 2
S 84761391 244 100540 2
S 84772390 244 100543 2
S 84783389 244 100543 2
S 84794389 244 100540 2
S 84805388 244 100541 2
S 84816387 244 100542 2
S 84827387 244 100544 2
S 84838386 244 100544 2
S 84849385 244 100542 2
S 84860385 244 100543 2
S 84871384 244 100546 2
S 84882383 244 100548 2
S 84893382 244 100548 2
S 84904382 244 100546 2
S 84915381 244 100551 2
S 84926380 244 100543 2
S 84937380 244 100547 2
S 84948379 244 100543 2
S 84959378 244 100545 2
S 84970378 244 100546 2
S 84981377 244 100544 2
S 84992376 244 100543 2
S 85003376 244 100540 2
S 85014375 244 100543 2
S 85025374 244 100547 2
S 85036374 244 100540 2
S 85047373 244 100539 2
S 85058372 244 100544 2
S 85069371 244 100541 2
S 85080371 244 100540 2
S 85091370 244 100543 2
S 85102369 244 100542 2
S 85113369 244 100543 2
S 85124368 244 100542 2
S 85135367 244 100541 2
S 85146367 244 100539 2
S 85157366 244 100539 2
S 85168365 244 100545 2
S 85179365 244 100537 2
S 85190364 244 100536 2
S 85201363 244 100540 2
S 85212363 244 100540 2
S 85223362 244 100543 2
S 85234361 244 100537 2
S 85245360 244 100541 2
S 85256360 244 100537 2
S 85267359 244 100534 2
S 85278358 244 100536 2
S 85289358 244 100543 2
S 85300357 244 100543 2
S 85311356 244 100540 2
S 85322356 244 100538 2
S 85333355 244 100539 2
S 85344354 244 100540 2
S 85355354 244 100541 2
S 85366353 244 100536 2
S 85377352 244 100536 2
S 85388352 244 100542 2
S 85399351 244 100541 2
S 85410350 244 100537 2
S 85421349 244 100543 2
S 85432349 244 100543 2
S 85443348 244 100540 2
S 85454347 244 100543 2
S 85465347 244 100543 2
S 85476346 244 100548 2
S 85487345 244 100543 2
S 85498345 244 100539 2
S 85509344 244 100547 2
S 85520343 244 100541 2
S 85531343 244 100541 2
S 85542342 244 100537 2
S 85553341 244 100537 2
S 85564341 244 100535 2
S 85575340 244 100540 2
S 85586339 244 100534 2
S 85602338 244 100539 2
S 85613337 244 100544 2
S 85624337 244 100541 2
S 85635336 244 100540 2
S 85646335 244 100540 2
S 85657335 244 100543 2
S 85668334 244 100531 2
S 85679333 244 100528 2
S 85690333 244 100536 2
S 85701332 244 100539 2
S 85712331 244 100537 2
S 85723331 244 100538 2
S 85734330 244 100537 2
S 85745329 244 100537 2
S 85756329 244 100539 2
S 85767328 244 100543 2
S 85778327 244 100542 2
S 85789326 244 100537 2
S 85800326 244 100541 2
S 85811325 244 100540 2
S 85822324 244 100543 2
S 85833324 244 100542 2
S 85844323 244 100542 2
S 85855322 244 100539 2
S 85866322 244 100545 2
S 85877321 244 100548 2
S 85888320 244 100551 2
S 85899320 244 100548 2
S 85910319 244 100545 2
S 85921318 244 100545 2
S 85932318 244 100543 2
S 85943317 244 100545 2
S 85954316 244 100548 2
S 85965315 244 100540 2
S 85976315 244 100545 2
S 85987314 244 100542 2
S 85998313 244 100543 2
S 86009313 244 100542 2
S 86020312 244 100541 2
S 86031311 244 100540 2
S 86042311 244 100541 2
S 86053310 244 100543 2
S 86064309 244 100542 2
S 86075309 244 100540 2
S 86086308 244 100541 2
S 86097307 244 100545 2
S 86108307 244 100545 2
S 86119306 244 100540 2
S 86130305 244 100538 2
S 86141304 244 100544 2
S 86152304 244 100539 2
S 86163303 244 100545 2
S 86174302 244 100539 2
S 86185302 244 100539 2
S 86196301 244 100541 2
S 86207300 244 100540 2
S 86218300 244 100539 2
S 86229299 244 100543 2
S 86240298 244 100540 2
S 86251298 244 100541 2
S 86262297 244 100544 2
S 86273296 244 100544 2
S 86284296 244 100547 2
S 86295295 244 100539 2
S 86306294 244 100545 2
S 86317293 244 100543 2
S 86328293 244 100544 2
S 86339292 244 100546 2
S 86350291 244 100543 2
S 86361291 244 100543 2
S 86372290 244 100544 2
S 86383289 244 100545 2
S 86394289 244 100541 2
S 86405288 244 100543 2
S 86416287 244 100541 2
S 86427287 244 100545 2
S 86438286 244 100547 2
S 86449285 244 100542 2
S 86460285 244 100548 2
S 86471284 244 100545 2
S 86482283 244 100543 2
S 86493282 244 100544 2
S 86504282 244 100542 2
S 86515281 244 100541 2
S 86526280 244 100543 2
S 86537280 244 100548 2
S 86548279 244 100547 2
S 86559278 244 100544 2
S 86570278 244 100545 2
S 86581277 244 100543 2
S 86592276 244 100548 2
S 86608275 244 100549 2
S 86619275 244 100547 2
S 86630274 244 100546 2
S 86641273 244 100542 2
S 86652273 244 100543 2
S 86663272 244 100545 2
S 86674271 244 100543 2
S 86685270 244 100545 2
S 86696270 244 100543 2
S 86707269 244 100545 2
S 86718268 244 100545 2
S 86729268 244 100540 2
S 86740267 244 100540 2
S 86751266 244 100538 2
S 86762266 244 100540 2
S 86773265 244 100541 2
S 86784264 244 100537 2
S 86795264 244 100544 2
S 86806263 244 100543 2
S 86817262 244 100543 2
S 86828262 244 100544 2
S 86839261 244 100538 2
S 86850260 244 100547 2
S 86861259 244 100540 2
S 86872259 244 100537 2
S 86883258 244 100537 2
S 86894257 244 100542 2
S 86905257 244 100534 2
S 86916256 244 100537 2
S 86927255 244 100539 2
S 86938255 244 100536 2
S 86949254 244 100535 2
S 86960253 244 100539 2
S 86971253 244 100543 2
S 86982252 244 100543 2
S 86993251 244 100544 2
S 87004251 244 100541 2
S 87015250 244 100541 2
S 87026249 244 100541 2
S 87037248 244 100545 2
S 87048248 244 100538 2
S 87059247 244 100534 2
S 87070246 244 100539 2
S 87081246 244 100545 2
S 87092245 244 100548 2
S 87103244 244 100543 2
S 87114244 244 100543 2
S 87125243 244 100543 2
S 87136242 244 100546 2
S 87147242 244 100540 2
S 87158241 244 100542 2
S 87169240 244 100543 2
S 87180240 244 100544 2
S 87191239 244 100540 2
S 87202238 244 100542 2
S 87213237 244 100545 2
S 87224237 244 100542 2
S 87235236 244 100544 2
S 87246235 244 100544 2
S 87257235 244 100538 2
S 87268234 244 100533 2
S 87279233 244 100536 2
S 87290233 244 100537 2
S 87301232 244 100544 2
S 87312231 244 100542 2
S 87323231 244 100545 2
S 87334230 244 100547 2
S 87345229 244 100538 2
S 87356229 244 100544 2
S 87367228 244 100543 2
S 87378227 244 100542 2
S 87389226 244 100545 2
S 87400226 244 100545 2
S 87411225 244 100548 2
S 87422224 244 100543 2
S 87433224 244 100542 2
S 87444223 244 100548 2
S 87455222 244 100543 2
S 87466222 244 100545 2
S 87477221 244 100542 2
S 87488220 244 100543 2
S 87499220 244 100541 2
S 87510219 244 100546 2
S 87521218 244 100552 2
S 87532218 244 100546 2
S 87543217 244 100534 2
S 87554216 244 100542 2
S 87565215 244 100543 2
S 87576215 244 100541 2
S 87587214 244 100540 2
S 87598213 244 100544 2
S 87614212 244 100543 2
S 87625212 244 100543 2
S 87636211 244 100540 2
S 87647210 244 100537 2
S 87658210 244 100543 2
S 87669209 244 100533 2
S 87680208 244 100540 2
S 87691208 244 100540 2
S 87702207 244 100546 2
S 87713206 244 100543 2
S 87724206 244 100544 2
S 87735205 244 100545 2
S 87746204 244 100545 2
S 87757203 244 100544 2
S 87768203 244 100545 2
S 87779202 244 100542 2
S 87790201 244 100547 2
S 87801201 244 100542 2
S 87812200 244 100537 2
S 87823199 244 100540 2
S 87834199 244 100538 2
S 87845198 244 100545 2
S 87856197 244 100548 2
S 87867197 244 100543 2
S 87878196 244 100542 2
S 87889195 244 100542 2
S 87900195 244 100539 2
S 87911194 244 100539 2
S 87922193 244 100541 2
S 87933192 244 100542 2
S 87944192 244 100538 2
S 87955191 244 100545 2
S 87966190 244 100539 2
S 87977190 244 100543 2
S 87988189 244 100540 2
S 87999188 244 100537 2
S 88010188 244 100531 2
S 88021187 244 100535 2
S 88032186 244 100544 2
S 88043186 244 100545 2
S 88054185 244 100545 2
S 88065184 244 100540 2
S 88076184 244 100545 2
S 88087183 244 100543 2
S 88098182 244 100543 2
S 88109181 244 100537 2
S 88120181 244 100542 2
S 88131180 244 100538 2
S 88142179 244 100534 2
S 88153179 244 100545 2
S 88164178 244 100540 2
S 88175177 244 100543 2
S 88186177 244 100542 2
S 88197176 244 100543 2
S 88208175 244 100543 2
S 88219175 244 100543 2
S 88230174 244 100540 2
S 88241173 244 100538 2
S 88252173 244 100545 2
S 88263172 244 100540 2
S 88274171 244 100531 2
S 88285170 244 100537 2
S 88296170 244 100541 2
S 88307169 244 100538 2
S 88318168 244 100541 2
S 88329168 244 100543 2
S 88340167 244 100537 2
S 88351166 244 100534 2
S 88362166 244 100534 2
S 88373165 244 100540 2
S 88384164 244 100539 2
S 88395164 244 100541 2
S 88406163 244 100534 2
S 88417162 244 100537 2
S 88428162 244 100535 2
S 88439161 244 100535 2
S 88450160 244 100536 2
S 88461159 244 100537 2
S 88472159 244 100540 2
S 88483158 244 100537 2
S 88494157 244 100534 2
S 88505157 244 100537 2
S 88516156 244 100536 2
S 88527155 244 100534 2
S 88538155 244 100540 2
S 88549154 244 100538 2
S 88560153 244 100539 2
S 88571153 244 100540 2
S 88582152 244 100543 2
S 88593151 244 100541 2
S 88604151 244 100535 2
S 88620150 244 100543 2
S 88631149 244 100542 2
S 88642148 244 100543 2
S 88653147 244 100540 2
S 88664147 244 100540 2
S 88675146 244 100538 2
S 88686145 244 100542 2
S 88697145 244 100543 2
S 88708144 244 100537 2
S 88719143 244 100537 2
S 88730143 244 100542 2
S 88741142 244 100540 2
S 88752141 244 100543 2
S 88763141 244 100543 2
S 88774140 244 100540 2
S 88785139 244 100541 2
S 88796139 244 100538 2
S 88807138 244 100538 2
S 88818137 244 100539 2
S 88829136 244 100540 2
S 88840136 244 100540 2
S 88851135 244 100542 2
S 88862134 244 100538 2
S 88873134 244 100538 2
S 88884133 244 100540 2
S 88895132 244 100541 2
S 88906132 244 100538 2
S 88917131 244 100539 2
S 88928130 244 100539 2
S 88939130 244 100542 2
S 88950129 244 100541 2
S 88961128 244 100538 2
S 88972128 244 100544 2
S 88983127 244 100540 2
S 88994126 244 100540 2
S 89005125 244 100543 2
S 89016125 244 100538 2
S 89027124 244 100537 2
S 89038123 244 100539 2
S 89049123 244 100536 2
S 89060122 244 100540 2
S 89071121 244 100541 2
S 89082121 244 100540 2
S 89093120 244 100535 2
S 89104119 244 100534 2
S 89115119 244 100538 2
S 89126118 244 100543 2
S 89137117 244 100538 2
S 89148117 244 100537 2
S 89159116 244 100535 2
S 89170115 244 100539 2
S 89181114 244 100540 2
S 89192114 244 100540 2
S 89203113 244 100532 2
S 89214112 244 100535 2
S 89225112 244 100538 2
S 89236111 244 100537 2
S 89247110 244 100539 2
S 89258110 244 100543 2
S 89269109 244 100543 2
S 89280108 244 100537 2
S 89291108 244 100537 2
S 89302107 244 100541 2
S 89313106 244 100540 2
S 89324106 244 100537 2
S 89335105 244 100537 2
S 89346104 244 100535 2
S 89357103 244 100535 2
S 89368103 244 100535 2
S 89379102 244 100541 2
S 89390101 244 100538 2
S 89401101 244 100539 2
S 89412100 244 100535 2
S 89423099 244 100532 2
S 89434099 244 100529 2
S 89445098 244 100534 2
S 89456097 244 100536 2
S 89467097 244 100533 2
S 89478096 244 100539 2
S 89489095 244 100542 2
S 89500095 244 100538 2
S 89511094 244 100543 2
S 89522093 244 100538 2
S 89533092 244 100535 2
S 89544092 244 100534 2
S 89555091 244 100537 2
S 89566090 244 100534 2
S 89577090 244 100535 2
S 89588089 244 100536 2
S 89599088 244 100533 2
S 89610088 244 100535 2
S 89626087 244 100541 2
S 89637086 244 100540 2
S 89648085 244 100538 2
S 89659085 244 100537 2
S 89670084 244 100537 2
S 89681083 244 100542 2
S 89692083 244 100540 2
S 89703082 244 100541 2
S 89714081 244 100540 2
S 89725080 244 100539 2
S 89736080 244 100538 2
S 89747079 244 100537 2
S 89758078 244 100543 2
S 89769078 244 100540 2
S 89780077 244 100543 2
S 89791076 244 100542 2
S 89802076 244 100543 2
S 89813075 244 100544 2
S 89824074 244 100541 2
S 89835074 244 100538 2
S 89846073 244 100538 2
S 89857072 244 100543 2
S 89868072 244 100544 2
S 89879071 244 100543 2
S 89890070 244 100543 2
S 89901069 244 100542 2
S 89912069 244 100543 2
S 89923068 244 100541 2
S 89934067 244 100542 2
S 89945067 244 100537 2
S 89956066 244 100540 2
S 89967065 244 100537 2
S 89978065 244 100538 2
S 89989064 244 100536 2
S 90000063 244 100535 2
S 90011063 244 100539 2
S 90022062 244 100541 2
S 90033061 244 100537 2
S 90044061 244 100537 2
S 90055060 244 100540 2
S 90066059 244 100540 2
S 90077058 244 100537 2
S 90088058 244 100538 2
S 90099057 244 100540 2
S 90110056 244 100540 2
S 90121056 244 100543 2
S 90132055 244 100539 2
S 90143054 244 100539 2
S 90154054 244 100540 2
S 90165053 244 100542 2
S 90176052 244 100540 2
S 90187052 244 100538 2
S 90198051 244 100545 2
S 90209050 244 100540 2
S 90220050 244 100546 2
S 90231049 244 100543 2
S 90242048 244 100539 2
S 90253047 244 100538 2
S 90264047 244 100539 2
S 90275046 244 100540 2
S 90286045 244 100538 2
S 90297045 244 100536 2
S 90308044 244 100540 2
S 90319043 244 100542 2
S 90330043 244 100542 2
S 90341042 244 100539 2
S 90352041 244 100543 2
S 90363041 244 100540 2
S 90374040 244 100539 2
S 90385039 244 100545 2
S 90396039 244 100545 2
S 90407038 244 100543 2
S 90418037 244 100540 2
S 90429036 244 100536 2
S 90440036 244 100540 2
S 90451035 244 100540 2
S 90462034 244 100541 2
S 90473034 244 100544 2
S 90484033 244 100537 2
S 90495032 244 100540 2
S 90506032 244 100540 2
S 90517031 244 100542 2
S 90528030 244 100534 2
S 90539030 244 100533 2
S 90550029 244 100539 2
S 90561028 244 100537 2
S 90572028 244 100536 2
S 90583027 244 100537 2
S 90594026 244 100543 2
S 90605025 244 100538 2
S 90616025 244 100541 2
S 90632024 245 100546 2
S 90643023 245 100544 2
S 90654022 245 100540 2
S 90665022 245 100541 2
S 90676021 245 100536 2
S 90687020 245 100536 2
S 90698020 245 100540 2
S 90709019 245 100545 2
S 90720018 245 100543 2
S 90731018 245 100544 2
S 90742017 245 100542 2
S 90753016 245 100542 2
S 90764016 245 100546 2
S 90775015 245 100541 2
S 90786014 245 100539 2
S 90797013 245 100537 2
S 90808013 245 100541 2
S 90819012 245 100540 2
S 90830011 245 100540 2
S 90841011 245 100545 2
S 90852010 245 100534 2
S 90863009 245 100541 2
S 90874009 245 100541 2
S 90885008 245 100539 2
S 90896007 245 100534 2
S 90907007 245 100537 2
S 90918006 245 100537 2
S 90929005 245 100538 2
S 90940005 245 100538 2
S 90951004 245 100542 2
S 90962003 245 100538 2
S 90973002 245 100539 2
S 90984002 245 100540 2
S 90995001 245 100538 2
S 91006000 245 100536 2
S 91017000 245 100541 2
S 91027999 245 100541 2
S 91038998 245 100540 2
S 91049998 245 100536 2
S 91060997 245 100537 2
S 91071996 245 100542 2
S 91082996 245 100534 2
S 91093995 245 100539 2
S 91104994 245 100537 2
S 91115994 245 100540 2
S 91126993 245 100539 2
S 91137992 245 100540 2
S 91148991 245 100540 2
S 91159991 245 100538 2
S 91170990 245 100538 2
S 91181989 245 100541 2
S 91192989 245 100540 2
S 91203988 245 100537 2
S 91214987 245 100535 2
S 91225987 245 100537 2
S 91236986 245 100540 2
S 91247985 245 100536 2
S 91258985 245 100538 2
S 91269984 245 100536 2
S 91280983 245 100540 2
S 91291983 245 100533 2
S 91302982 245 100540 2
S 91313981 245 100541 2
S 91324980 245 100540 2
S 91335980 245 100543 2
S 91346979 245 100542 2
S 91357978 245 100543 2
S 91368978 245 100541 2
S 91379977 245 100537 2
S 91390976 245 100540 2
S 91401976 245 100540 2
S 91412975 245 100535 2
S 91423974 245 100538 2
S 91434974 245 100537 2
S 91445973 245 100534 2
S 91456972 245 100539 2
S 91467972 245 100534 2
S 91478971 245 100540 2
S 91489970 245 100537 2
S 91500969 245 100531 2
S 91511969 245 100531 2
S 91522968 245 100532 2
S 91533967 245 100530 2
S 91544967 245 100538 2
S 91555966 245 100537 2
S 91566965 245 100532 2
S 91577965 245 100535 2
S 91588964 245 100534 2
S 91599963 245 100534 2
S 91610963 245 100535 2
S 91621962 245 100534 2
S 91637961 245 100540 2
S 91648960 245 100537 2
S 91659960 245 100534 2
S 91670959 245 100534 2
S 91681958 245 100538 2
S 91692957 245 100530 2
S 91703957 245 100532 2
S 91714956 245 100532 2
S 91725955 245 100534 2
S 91736955 245 100536 2
S 91747954 245 100535 2
S 91758953 245 100534 2
S 91769953 245 100532 2
S 91780952 245 100531 2
S 91791951 245 100528 2
S 91802951 245 100532 2
S 91813950 245 100535 2
S 91824949 245 100532 2
S 91835949 245 100535 2
S 91846948 245 100537 2
S 91857947 245 100537 2
S 91868946 245 100537 2
S 91879946 245 100535 2
S 91890945 245 100535 2
S 91901944 245 100535 2
S 91912944 245 100536 2
S 91923943 245 100536 2
S 91934942 245 100538 2
S 91945942 245 100537 2
S 91956941 245 100536 2
S 91967940 245 100535 2
S 91978940 245 100539 2
S 91989939 245 100540 2
S 92000937 245 100534 2
S 92011938 245 100536 2
S 92022937 245 100533 2
S 92033936 245 100537 2
S 92044935 245 100536 2
S 92055935 245 100532 2
S 92066934 245 100534 2
S 92077933 245 100537 2
S 92088933 245 100542 2
S 92099932 245 100535 2
S 92110931 245 100534 2
S 92121931 245 100536 2
S 92132930 245 100537 2
S 92143929 245 100536 2
S 92154929 245 100536 2
S 92165928 245 100538 2
S 92176927 245 100538 2
S 92187927 245 100537 2
S 92198926 245 100537 2
S 92209925 245 100537 2
S 92220924 245 100538 2
S 92231924 245 100532 2
S 92242923 245 100537 2
S 92253922 245 100538 2
S 92264922 245 100534 2
S 92275921 245 100535 2
S 92286920 245 100534 2
S 92297920 245 100536 2
S 92308919 245 100534 2
S 92319918 245 100537 2
S 92330918 245 100537 2
S 92341917 245 100535 2
S 92352916 245 100533 2
S 92363916 245 100534 2
S 92374915 245 100534 2
S 92385914 245 100537 2
S 92396913 245 100531 2
S 92407913 245 100534 2
S 92418912 245 100536 2
S 92429911 245 100535 2
S 92440911 245 100540 2
S 92451910 245 100539 2
S 92462909 245 100537 2
S 92473909 245 100537 2
S 92484908 245 100539 2
S 92495907 245 100541 2
S 92506907 245 100540 2
S 92517906 245 100532 2
S 92528905 245 100534 2
S 92539905 245 100533 2
S 92550904 245 100539 2
S 92561903 245 100535 2
S 92572902 245 100536 2
S 92583902 245 100539 2
S 92594901 245 100535 2
S 92605900 245 100536 2
S 92616900 245 100539 2
S 92627899 245 100540 2
S 92643898 245 100541 2
S 92654897 245 100544 2
S 92665897 245 100545 2
S 92676896 245 100541 2
S 92687895 245 100545 2
S 92698895 245 100543 2
S 92709894 245 100540 2
S 92720893 245 100537 2
S 92731893 245 100535 2
S 92742892 245 100536 2
S 92753891 245 100545 2
S 92764890 245 100543 2
S 92775890 245 100537 2
S 92786889 245 100543 2
S 92797888 245 100537 2
S 92808888 245 100541 2
S 92819887 245 100536 2
S 92830886 245 100545 2
S 92841886 245 100541 2
S 92852885 245 100539 2
S 92863884 245 100539 2
S 92874884 245 100544 2
S 92885883 245 100543 2
S 92896882 245 100545 2
S 92907882 245 100536 2
S 92918881 245 100542 2
S 92929880 245 100540 2
S 92940879 245 100543 2
S 92951879 245 100536 2
S 92962878 245 100544 2
S 92973877 245 100543 2
S 92984877 245 100538 2
S 92995876 245 100536 2
S 93006875 245 100539 2
S 93017875 245 100544 2
S 93028874 245 100541 2
S 93039873 245 100532 2
S 93050873 245 100539 2
S 93061872 245 100542 2
S 93072871 245 100541 2
S 93083871 245 100535 2
S 93094870 245 100540 2
S 93105869 245 100537 2
S 93116868 245 100535 2
S 93127868 245 100540 2
S 93138867 245 100537 2
S 93149866 245 100534 2
S 93160866 245 100537 2
S 93171865 245 100540 2
S 93182864 245 100542 2
S 93193864 245 100546 2
S 93204863 245 100543 2
S 93215862 245 100540 2
S 93226862 245 100539 2
S 93237861 245 100540 2
S 93248860 245 100538 2
S 93259860 245 100541 2
S 93270859 245 100541 2
S 93281858 245 100541 2
S 93292857 245 100541 2
S 93303857 245 100546 2
S 93314856 245 100541 2
S 93325855 245 100545 2
S 93336855 245 100541 2
S 93347854 245 100540 2
S 93358853 245 100538 2
S 93369853 245 100539 2
S 93380852 245 100540 2
S 93391851 245 100539 2
S 93402851 245 100539 2
S 93413850 245 100542 2
S 93424849 245 100537 2
S 93435849 245 100540 2
S 93446848 245 100538 2
S 93457847 245 100537 2
S 93468846 245 100540 2
S 93479846 245 100537 2
S 93490845 245 100542 2
S 93501844 245 100540 2
S 93512844 245 100540 2
S 93523843 245 100537 2
S 93534842 245 100540 2
S 93545842 245 100537 2
S 93556841 245 100537 2
S 93567840 245 100543 2
S 93578840 245 100545 2
S 93589839 245 100540 2
S 93600838 245 100540 2
S 93611838 245 100543 2
S 93622837 245 100540 2
S 93633836 245 100544 2
S 93649835 244 100534 2
S 93660834 244 100535 2
S 93671834 244 100540 2
S 93682833 244 100540 2
S 93693832 244 100540 2
S 93704832 244 100544 2
S 93715831 244 100543 2
S 93726830 244 100540 2
S 93737830 244 100540 2
S 93748829 244 100534 2
S 93759828 244 100536 2
S 93770828 244 100537 2
S 93781827 244 100536 2
S 93792826 244 100540 2
S 93803826 244 100540 2
S 93814825 244 100537 2
S 93825824 244 100539 2
S 93836823 244 100536 2
S 93847823 244 100536 2
S 93858822 244 100535 2
S 93869821 244 100534 2
S 93880821 244 100532 2
S 93891820 244 100535 2
S 93902819 244 100536 2
S 93913819 244 100540 2
S 93924818 244 100535 2
S 93935817 244 100538 2
S 93946817 244 100541 2
S 93957816 244 100540 2
S 93968815 244 100539 2
S 93979815 244 100539 2
S 93990814 244 100539 2
S 94001814 244 100539 2
S 94012812 244 100542 2
S 94023812 244 100541 2
S 94034811 244 100538 2
S 94045810 244 100538 2
S 94056810 244 100541 2
S 94067809 244 100539 2
S 94078808 244 100539 2
S 94089808 244 100540 2
S 94100807 244 100542 2
S 94111806 244 100537 2
S 94122806 244 100536 2
S 94133805 244 100536 2
S 94144804 244 100537 2
S 94155804 244 100539 2
S 94166803 244 100533 2
S 94177802 244 100532 2
S 94188801 244 100531 2
S 94199801 244 100533 2
S 94210800 244 100535 2
S 94221799 244 100534 2
S 94232799 244 100532 2
S 94243798 244 100533 2
S 94254797 244 100532 2
S 94265797 244 100530 2
S 94276796 244 100537 2
S 94287795 244 100539 2
S 94298795 244 100539 2
S 94309794 244 100539 2
S 94320793 244 100538 2
S 94331793 244 100541 2
S 94342792 244 100544 2
S 94353791 244 100543 2
S 94364790 244 100543 2
S 94375790 244 100537 2
S 94386789 244 100539 2
S 94397788 244 100539 2
S 94408788 244 100540 2
S 94419787 244 100540 2
S 94430786 244 100540 2
S 94441786 244 100538 2
S 94452785 244 100542 2
S 94463784 244 100545 2
S 94474784 244 100543 2
S 94485783 244 100540 2
S 94496782 244 100540 2
S 94507782 244 100543 2
S 94518781 244 100543 2
S 94529780 244 100540 2
S 94540779 244 100546 2
S 94551779 244 100543 2
S 94562778 244 100539 2
S 94573777 244 100541 2
S 94584777 244 100543 2
S 94595776 244 100535 2
S 94606775 244 100539 2
S 94617775 244 100531 2
S 94628774 244 100540 2
S 94639773 244 100540 2
S 94655772 244 100545 2
S 94666772 244 100540 2
S 94677771 244 100540 2
S 94688770 244 100540 2
S 94699770 244 100538 2
S 94710769 244 100534 2
S 94721768 244 100540 2
S 94732767 244 100543 2
S 94743767 244 100540 2
S 94754766 244 100544 2
S 94765765 244 100542 2
S 94776765 244 100541 2
S 94787764 244 100540 2
S 94798763 244 100540 2
S 94809763 244 100545 2
S 94820762 244 100541 2
S 94831761 244 100539 2
S 94842761 244 100536 2
S 94853760 244 100532 2
S 94864759 244 100541 2
S 94875759 244 100537 2
S 94886758 244 100541 2
S 94897757 244 100537 2
S 94908756 244 100540 2
S 94919756 244 100544 2
S 94930755 244 100544 2
S 94941754 244 100540 2
S 94952754 244 100538 2
S 94963753 244 100542 2
S 94974752 244 100541 2
S 94985752 244 100542 2
S 94996751 244 100538 2
S 95007750 244 100541 2
S 95018750 244 100542 2
S 95029749 244 100543 2
S 95040748 244 100543 2
S 95051748 244 100542 2
S 95062747 244 100545 2
S 95073746 244 100537 2
S 95084745 244 100543 2
S 95095745 244 100542 2
S 95106744 244 100541 2
S 95117743 244 100543 2
S 95128743 244 100543 2
S 95139742 244 100536 2
S 95150741 244 100540 2
S 95161741 244 100542 2
S 95172740 244 100540 2
S 95183739 244 100541 2
S 95194739 244 100539 2
S 95205738 244 100543 2
S 95216737 244 100541 2
S 95227737 244 100537 2
S 95238736 244 100543 2
S 95249735 244 100537 2
S 95260734 244 100540 2
S 95271734 244 100541 2
S 95282733 244 100540 2
S 95293732 244 100543 2
S 95304732 244 100537 2
S 95315731 244 100537 2
S 95326730 244 100542 2
S 95337730 244 100541 2
S 95348729 244 100541 2
S 95359728 244 100544 2
S 95370728 244 100542 2
S 95381727 244 100543 2
S 95392726 244 100546 2
S 95403726 244 100548 2
S 95414725 244 100549 2
S 95425724 244 100543 2
S 95436723 244 100542 2
S 95447723 244 100545 2
S 95458722 244 100544 2
S 95469721 244 100543 2
S 95480721 244 100546 2
S 95491720 244 100543 2
S 95502719 244 100548 2
S 95513719 244 100547 2
S 95524718 244 100543 2
S 95535717 244 100546 2
S 95546717 244 100543 2
S 95557716 244 100540 2
S 95568715 244 100549 2
S 95579715 244 100545 2
S 95590714 244 100543 2
S 95601713 244 100543 2
S 95612712 244 100543 2
S 95623712 244 100542 2
S 95634711 244 100543 2
S 95645710 244 100545 2
S 95661709 244 100543 2
S 95672709 244 100537 2
S 95683708 244 100537 2
S 95694707 244 100538 2
S 95705707 244 100537 2
S 95716706 244 100539 2
S 95727705 244 100541 2
S 95738705 244 100539 2
S 95749704 244 100538 2
S 95760703 244 100537 2
S 95771703 244 100540 2
S 95782702 244 100543 2
S 95793701 244 100540 2
S 95804700 244 100534 2
S 95815700 244 100534 2
S 95826699 244 100537 2
S 95837698 244 100534 2
S 95848698 244 100531 2
S 95859697 244 100529 2
S 95870696 244 100533 2
S 95881696 244 100534 2
S 95892695 244 100536 2
S 95903694 244 100534 2
S 95914694 244 100536 2
S 95925693 244 100536 2
S 95936692 244 100533 2
S 95947692 244 100533 2
S 95958691 244 100537 2
S 95969690 244 100534 2
S 95980689 244 100531 2
S 95991689 244 100538 2
S 96002688 244 100531 2
S 96013687 244 100534 2
S 96024687 244 100538 2
S 96035686 244 100534 2
S 96046685 244 100538 2
S 96057685 244 100539 2
S 96068684 244 100534 2
S 96079683 244 100535 2
S 96090683 244 100531 2
S 96101682 244 100534 2
S 96112681 244 100534 2
S 96123681 244 100539 2
S 96134680 244 100536 2
S 96145679 244 100537 2
S 96156678 244 100540 2
S 96167678 244 100538 2
S 96178677 244 100537 2
S 96189676 244 100537 2
S 96200676 244 100539 2
S 96211675 244 100536 2
S 96222674 244 100535 2
S 96233674 244 100540 2
S 96244673 244 100534 2
S 96255672 244 100540 2
S 96266672 244 100534 2
S 96277671 244 100537 2
S 96288670 244 100534 2
S 96299670 244 100537 2
S 96310669 244 100534 2
S 96321668 244 100537 2
S 96332667 244 100534 2
S 96343667 244 100537 2
S 96354666 244 100540 2
S 96365665 244 100535 2
S 96376665 244 100540 2
S 96387664 244 100531 2
S 96398663 244 100536 2
S 96409663 244 100536 2
S 96420662 244 100536 2
S 96431661 244 100540 2
S 96442661 244 100541 2
S 96453660 244 100537 2
S 96464659 244 100537 2
S 96475659 244 100536 2
S 96486658 244 100537 2
S 96497657 244 100538 2
S 96508656 244 100538 2
S 96519656 244 100541 2
S 96530655 244 100539 2
S 96541654 244 100538 2
S 96552654 244 100537 2
S 96563653 244 100543 2
S 96574652 244 100541 2
S 96585652 244 100538 2
S 96596651 244 100539 2
S 96607650 244 100537 2
S 96618650 244 100542 2
S 96629649 244 100539 2
S 96640648 244 100539 2
S 96651648 244 100538 2
S 96667647 244 100529 2
S 96678646 244 100529 2
S 96689645 244 100528 2
S 96700644 244 100526 2
S 96711644 244 100525 2
S 96722643 244 100523 2
S 96733642 244 100530 2
S 96744642 244 100527 2
S 96755641 244 100532 2
S 96766640 244 100534 2
S 96777640 244 100534 2
S 96788639 244 100529 2
S 96799638 244 100529 2
S 96810638 244 100534 2
S 96821637 244 100536 2
S 96832636 244 100532 2
S 96843636 244 100531 2
S 96854635 244 100536 2
S 96865634 244 100537 2
S 96876633 244 100540 2
S 96887633 244 100536 2
S 96898632 244 100534 2
S 96909631 244 100537 2
S 96920631 244 100535 2
S 96931630 244 100536 2
S 96942629 244 100534 2
S 96953629 244 100537 2
S 96964628 244 100534 2
S 96975627 244 100537 2
S 96986627 244 100537 2
S 96997626 244 100539 2
S 97008625 244 100541 2
S 97019625 244 100537 2
S 97030624 244 100539 2
S 97041623 244 100537 2
S 97052622 244 100537 2
S 97063622 244 100538 2
S 97074621 244 100534 2
S 97085620 244 100537 2
S 97096620 244 100537 2
S 97107619 244 100536 2
S 97118618 244 100536 2
S 97129618 244 100537 2
S 97140617 244 100542 2
S 97151616 244 100534 2
S 97162616 244 100537 2
S 97173615 244 100531 2
S 97184614 244 100540 2
S 97195614 244 100538 2
S 97206613 244 100543 2
S 97217612 244 100534 2
S 97228611 244 100537 2
S 97239611 244 100537 2
S 97250610 244 100537 2
S 97261609 244 100537 2
S 97272609 244 100539 2
S 97283608 244 100540 2
S 97294607 244 100540 2
S 97305607 244 100544 2
S 97316606 244 100542 2
S 97327605 244 100536 2
S 97338605 244 100540 2
S 97349604 244 100540 2
S 97360603 244 100539 2
S 97371603 244 100538 2
S 97382602 244 100541 2
S 97393601 244 100544 2
S 97404600 244 100541 2
S 97415600 244 100541 2
S 97426599 244 100542 2
S 97437598 244 100542 2
S 97448598 244 100544 2
S 97459597 244 100542 2
S 97470596 244 100544 2
S 97481596 244 100546 2
S 97492595 244 100543 2
S 97503594 244 100542 2
S 97514594 244 100542 2
S 97525593 244 100540 2
S 97536592 244 100537 2
S 97547592 244 100540 2
S 97558591 244 100545 2
S 97569590 244 100542 2
S 97580589 244 100538 2
S 97591589 244 100539 2
S 97602588 244 100540 2
S 97613587 244 100539 2
S 97624587 244 100544 2
S 97635586 244 100541 2
S 97646585 244 100542 2
S 97657585 244 100542 2
S 97673584 244 100538 2
S 97684583 244 100536 2
S 97695582 244 100539 2
S 97706582 244 100540 2
S 97717581 244 100534 2
S 97728580 244 100539 2
S 97739580 244 100537 2
S 97750579 244 100537 2
S 97761578 244 100540 2
S 97772577 244 100538 2
S 97783577 244 100536 2
S 97794576 244 100537 2
S 97805575 244 100540 2
S 97816575 244 100538 2
S 97827574 244 100542 2
S 97838573 244 100540 2
S 97849573 244 100536 2
S 97860572 244 100537 2
S 97871571 244 100537 2
S 97882571 244 100539 2
S 97893570 244 100537 2
S 97904569 244 100537 2
S 97915569 244 100539 2
S 97926568 244 100542 2
S 97937567 244 100540 2
S 97948566 244 100546 2
S 97959566 244 100540 2
S 97970565 244 100540 2
S 97981564 244 100539 2
S 97992564 244 100543 2
S 98003563 244 100545 2
S 98014562 244 100534 2
S 98025562 244 100540 2
S 98036561 244 100543 2
S 98047560 244 100539 2
S 98058560 244 100538 2
S 98069559 244 100541 2
S 98080558 244 100544 2
S 98091558 244 100543 2
S 98102557 244 100544 2
S 98113556 244 100539 2
S 98124555 244 100539 2
S 98135555 244 100540 2
S 98146554 244 100539 2
S 98157553 244 100538 2
S 98168553 244 100539 2
S 98179552 244 100539 2
S 98190551 244 100536 2
S 98201551 244 100540 2
S 98212550 244 100537 2
S 98223549 244 100540 2
S 98234549 244 100535 2
S 98245548 244 100537 2
S 98256547 244 100538 2
S 98267547 244 100540 2
S 98278546 244 100536 2
S 98289545 244 100540 2
S 98300544 244 100538 2
S 98311544 244 100538 2
S 98322543 244 100541 2
S 98333542 244 100542 2
S 98344542 244 100537 2
S 98355541 244 100542 2
S 98366540 244 100540 2
S 98377540 244 100544 2
S 98388539 244 100539 2
S 98399538 244 100537 2
S 98410538 244 100540 2
S 98421537 244 100543 2
S 98432536 244 100537 2
S 98443536 244 100539 2
S 98454535 244 100539 2
S 98465534 244 100536 2
S 98476533 244 100534 2
S 98487533 244 100536 2
S 98498532 244 100540 2
S 98509531 244 100538 2
S 98520531 244 100540 2
S 98531530 244 100540 2
S 98542529 244 100534 2
S 98553529 244 100533 2
S 98564528 244 100538 2
S 98575527 244 100536 2
S 98586527 244 100537 2
S 98597526 244 100538 2
S 98608525 244 100537 2
S 98619525 244 100540 2
S 98630524 244 100538 2
S 98641523 244 100537 2
S 98652522 244 100535 2
S 98663522 244 100537 2
S 98679521 244 100534 2
S 98690520 244 100531 2
S 98701519 244 100536 2
S 98712519 244 100533 2
S 98723518 244 100532 2
S 98734517 244 100534 2
S 98745517 244 100533 2
S 98756516 244 100536 2
S 98767515 244 100538 2
S 98778515 244 100539 2
S 98789514 244 100533 2
S 98800513 244 100539 2
S 98811513 244 100533 2
S 98822512 244 100535 2
S 98833511 244 100533 2
S 98844510 244 100534 2
S 98855510 244 100528 2
S 98866509 244 100532 2
S 98877508 244 100535 2
S 98888508 244 100535 2
S 98899507 244 100537 2
S 98910506 244 100538 2
S 98921506 244 100537 2
S 98932505 244 100537 2
S 98943504 244 100537 2
S 98954504 244 100540 2
S 98965503 244 100538 2
S 98976502 244 100535 2
S 98987502 244 100535 2
S 98998501 244 100532 2
S 99009500 244 100539 2
S 99020499 244 100535 2
S 99031499 244 100538 2
S 99042498 244 100534 2
S 99053497 244 100530 2
S 99064497 244 100531 2
S 99075496 244 100534 2
S 99086495 244 100540 2
S 99097495 244 100535 2
S 99108494 244 100532 2
S 99119493 244 100534 2
S 99130493 244 100535 2
S 99141492 244 100533 2
S 99152491 244 100534 2
S 99163491 244 100534 2
S 99174490 244 100534 2
S 99185489 244 100534 2
S 99196488 244 100531 2
S 99207488 244 100534 2
S 99218487 244 100539 2
S 99229486 244 100537 2
S 99240486 244 100536 2
S 99251485 244 100537 2
S 99262484 244 100533 2
S 99273484 244 100538 2
S 99284483 244 100536 2
S 99295482 244 100539 2
S 99306482 244 100544 2
S 99317481 244 100544 2
S 99328480 244 100542 2
S 99339480 244 100535 2
S 99350479 244 100538 2
S 99361478 244 100542 2
S 99372477 244 100540 2
S 99383477 244 100540 2
S 99394476 244 100533 2
S 99405475 244 100537 2
S 99416475 244 100538 2
S 99427474 244 100538 2
S 99438473 244 100534 2
S 99449473 244 100539 2
S 99460472 244 100532 2
S 99471471 244 100538 2
S 99482471 244 100532 2
S 99493470 244 100537 2
S 99504469 244 100532 2
S 99515469 244 100540 2
S 99526468 244 100535 2
S 99537467 244 100539 2
S 99548466 244 100539 2
S 99559466 244 100540 2
S 99570465 244 100541 2
S 99581464 244 100541 2
S 99592464 244 100540 2
S 99603463 244 100542 2
S 99614462 244 100541 2
S 99625462 244 100542 2
S 99636461 244 100540 2
S 99647460 244 100542 2
S 99658460 244 100544 2
S 99669459 244 100542 2
S 99685458 244 100544 2
S 99696457 244 100540 2
S 99707457 244 100542 2
S 99718456 244 100543 2
S 99729455 244 100541 2
S 99740454 244 100538 2
S 99751454 244 100541 2
S 99762453 244 100543 2
S 99773452 244 100541 2
S 99784452 244 100537 2
S 99795451 244 100540 2
S 99806450 244 100537 2
S 99817450 244 100540 2
S 99828449 244 100540 2
S 99839448 244 100541 2
S 99850448 244 100542 2
S 99861447 244 100542 2
S 99872446 244 100539 2
S 99883446 244 100540 2
S 99894445 244 100542 2
S 99905444 244 100542 2
S 99916443 244 100542 2
S 99927443 244 100538 2
S 99938442 244 100546 2
S 99949441 244 100540 2
S 99960441 244 100545 2
S 99971440 244 100543 2
S 99982439 244 100545 2
S 99993439 244 100542 2
S 100004438 244 100543 2
S 100015437 244 100543 2
S 100026437 244 100542 2
S 100037436 244 100543 2
S 100048435 244 100545 2
S 100059435 244 100544 2
S 100070434 244 100541 2
S 100081433 244 100541 2
S 100092432 244 100539 2
S 100103432 244 100537 2
S 100114431 244 100535 2
S 100125430 244 100537 2
S 100136430 244 100542 2
S 100147429 244 100541 2
S 100158428 244 100545 2
S 100169428 244 100541 2
S 100180427 244 100541 2
S 100191426 244 100547 2
S 100202426 244 100540 2
S 100213425 244 100545 2
S 100224424 244 100541 2
S 100235424 244 100542 2
S 100246423 244 100542 2
S 100257422 244 100542 2
S 100268421 244 100542 2
S 100279421 244 100548 2
S 100290420 244 100542 2
S 100301419 244 100540 2
S 100312419 244 100542 2
S 100323418 244 100541 2
S 100334417 244 100541 2
S 100345417 244 100545 2
S 100356416 244 100542 2
S 100367415 244 100542 2
S 100378415 244 100540 2
S 100389414 244 100540 2
S 100400413 244 100544 2
S 100411413 244 100542 2
S 100422412 244 100542 2
S 100433411 244 100545 2
S 100444410 244 100546 2
S 100455410 244 100546 2
S 100466409 244 100543 2
S 100477408 244 100545 2
S 100488408 244 100545 2
S 100499407 244 100542 2
S 100510406 244 100542 2
S 100521406 244 100547 2
S 100532405 244 100546 2
S 100543404 244 100545 2
S 100554404 244 100548 2
S 100565403 244 100545 2
S 100576402 244 100547 2
S 100587402 244 100546 2
S 100598401 244 100542 2
S 100609400 244 100542 2
S 100620399 244 100542 2
S 100631399 244 100545 2
S 100642398 244 100544 2
S 100653397 244 100544 2
S 100664397 244 100547 2
S 100675396 244 100542 2
S 100691395 243 100539 2
S 100702394 243 100541 2
S 100713394 243 100538 2
S 100724393 243 100536 2
S 100735392 243 100541 2
S 100746392 243 100537 2
S 100757391 243 100535 2
S 100768390 243 100544 2
S 100779390 243 100540 2
S 100790389 243 100542 2
S 100801388 243 100538 2
S 100812387 243 100539 2
S 100823387 243 100538 2
S 100834386 243 100539 2
S 100845385 243 100540 2
S 100856385 243 100537 2
S 100867384 243 100537 2
S 100878383 243 100535 2
S 100889383 243 100529 2
S 100900382 243 100537 2
S 100911381 243 100537 2
S 100922381 243 100537 2
S 100933380 243 100539 2
S 100944379 243 100539 2
S 100955379 243 100537 2
S 100966378 243 100539 2
S 100977377 243 100537 2
S 100988376 243 100539 2
S 100999376 243 100537 2
S 101010375 243 100537 2
S 101021374 243 100542 2
S 101032374 243 100537 2
S 101043373 243 100539 2
S 101054372 243 100545 2
S 101065372 243 100542 2
S 101076371 243 100537 2
S 101087370 243 100533 2
S 101098370 243 100539 2
S 101109369 243 100539 2
S 101120368 243 100539 2
S 101131368 243 100538 2
S 101142367 243 100542 2
S 101153366 243 100544 2
S 101164365 243 100542 2
S 101175365 243 100540 2
S 101186364 243 100540 2
S 101197363 243 100537 2
S 101208363 243 100541 2
S 101219362 243 100540 2
S 101230361 243 100539 2
S 101241361 243 100540 2
S 101252360 243 100541 2
S 101263359 243 100541 2
S 101274359 243 100537 2
S 101285358 243 100538 2
S 101296357 243 100535 2
S 101307357 243 100542 2
S 101318356 243 100538 2
S 101329355 243 100541 2
S 101340354 243 100542 2
S 101351354 243 100540 2
S 101362353 243 100542 2
S 101373352 243 100540 2
S 101384352 243 100534 2
S 101395351 243 100536 2
S 101406350 243 100539 2
S 101417350 243 100537 2
S 101428349 243 100541 2
S 101439348 243 100539 2
S 101450348 243 100539 2
S 101461347 243 100541 2
S 101472346 243 100536 2
S 101483346 243 100542 2
S 101494345 243 100542 2
S 101505344 243 100545 2
S 101516343 243 100539 2
S 101527343 243 100539 2
S 101538342 243 100537 2
S 101549341 243 100539 2
S 101560341 243 100536 2
S 101571340 243 100539 2
S 101582339 243 100539 2
S 101593339 243 100541 2
S 101604338 243 100541 2
S 101615337 243 100537 2
S 101626337 243 100539 2
S 101637336 243 100539 2
S 101648335 243 100534 2
S 101659335 243 100536 2
S 101670334 243 100540 2
S 101681333 243 100537 2
S 101697332 243 100534 2
S 101708331 243 100528 2
S 101719331 243 100528 2
S 101730330 243 100531 2
S 101741329 243 100531 2
S 101752329 243 100531 2
S 101763328 243 100532 2
S 101774327 243 100532 2
S 101785327 243 100528 2
S 101796326 243 100528 2
S 101807325 243 100525 2
S 101818325 243 100532 2
S 101829324 243 100528 2
S 101840323 243 100531 2
S 101851323 243 100531 2
S 101862322 243 100535 2
S 101873321 243 100532 2
S 101884320 243 100531 2
S 101895320 243 100531 2
S 101906319 243 100530 2
S 101917318 243 100531 2
S 101928318 243 100534 2
S 101939317 243 100534 2
S 101950316 243 100531 2
S 101961316 243 100534 2
S 101972315 243 100536 2
S 101983314 243 100535 2
S 101994314 243 100534 2
S 102005313 243 100532 2
S 102016312 243 100534 2
S 102027312 243 100532 2
S 102038311 243 100530 2
S 102049310 243 100526 2
S 102060309 243 100524 2
S 102071309 243 100525 2
S 102082308 243 100533 2
S 102093307 243 100534 2
S 102104307 243 100536 2
S 102115306 243 100532 2
S 102126305 243 100534 2
S 102137305 243 100531 2
S 102148304 243 100529 2
S 102159303 243 100528 2
S 102170303 243 100527 2
S 102181302 243 100530 2
S 102192301 243 100532 2
S 102203301 243 100536 2
S 102214300 243 100533 2
S 102225299 243 100530 2
S 102236298 243 100527 2
S 102247298 243 100532 2
S 102258297 243 100532 2
S 102269296 243 100529 2
S 102280296 243 100528 2
S 102291295 243 100529 2
S 102302294 243 100534 2
S 102313294 243 100527 2
S 102324293 243 100527 2
S 102335292 243 100530 2
S 102346292 243 100531 2
S 102357291 243 100531 2
S 102368290 243 100534 2
S 102379290 243 100536 2
S 102390289 243 100529 2
S 102401288 243 100531 2
S 102412287 243 100535 2
S 102423287 243 100532 2
S 102434286 243 100534 2
S 102445285 243 100533 2
S 102456285 243 100534 2
S 102467284 243 100536 2
S 102478283 243 100534 2
S 102489283 243 100535 2
S 102500282 243 100534 2
S 102511281 243 100536 2
S 102522281 243 100535 2
S 102533280 243 100534 2
S 102544279 243 100531 2
S 102555279 243 100533 2
S 102566278 243 100533 2
S 102577277 243 100534 2
S 102588276 243 100527 2
S 102599276 243 100530 2
S 102610275 243 100535 2
S 102621274 243 100530 2
S 102632274 243 100532 2
S 102643273 243 100529 2
S 102654272 243 100532 2
S 102665272 243 100539 2
S 102676271 243 100532 2
S 102687270 243 100530 2
S 102703269 243 100537 2
S 102714269 243 100537 2
S 102725268 243 100535 2
S 102736267 243 100536 2
S 102747267 243 100534 2
S 102758266 243 100533 2
S 102769265 243 100533 2
S 102780264 243 100539 2
S 102791264 243 100538 2
S 102802263 243 100537 2
S 102813262 243 100537 2
S 102824262 243 100536 2
S 102835261 243 100539 2
S 102846260 243 100539 2
S 102857260 243 100537 2
S 102868259 243 100539 2
S 102879258 243 100537 2
S 102890258 243 100539 2
S 102901257 243 100537 2
S 102912256 243 100535 2
S 102923256 243 100540 2
S 102934255 243 100534 2
S 102945254 243 100537 2
S 102956253 243 100540 2
S 102967253 243 100542 2
S 102978252 243 100537 2
S 102989251 243 100537 2
S 103000249 243 100538 2
S 103011250 243 100532 2
S 103022249 243 100530 2
S 103033249 243 100538 2
S 103044248 243 100537 2
S 103055247 243 100538 2
S 103066247 243 100535 2
S 103077246 243 100532 2
S 103088245 243 100534 2
S 103099245 243 100537 2
S 103110244 243 100537 2
S 103121243 243 100542 2
S 103132242 243 100535 2
S 103143242 243 100536 2
S 103154241 243 100535 2
S 103165240 243 100538 2
S 103176240 243 100537 2
S 103187239 243 100535 2
S 103198238 243 100537 2
S 103209238 243 100535 2
S 103220237 243 100537 2
S 103231236 243 100542 2
S 103242236 243 100543 2
S 103253235 243 100536 2
S 103264234 243 100542 2
S 103275234 243 100542 2
S 103286233 243 100542 2
S 103297232 243 100539 2
S 103308231 243 100539 2
S 103319231 243 100542 2
S 103330230 243 100540 2
S 103341229 243 100538 2
S 103352229 243 100536 2
S 103363228 243 100535 2
S 103374227 243 100539 2
S 103385227 243 100534 2
S 103396226 243 100538 2
S 103407225 243 100537 2
S 103418225 243 100539 2
S 103429224 243 100537 2
S 103440223 243 100537 2
S 103451223 243 100537 2
S 103462222 243 100539 2
S 103473221 243 100541 2
S 103484220 243 100542 2
S 103495220 243 100542 2
S 103506219 243 100538 2
S 103517218 243 100538 2
S 103528218 243 100537 2
S 103539217 243 100538 2
S 103550216 243 100539 2
S 103561216 243 100534 2
S 103572215 243 100533 2
S 103583214 243 100537 2
S 103594214 243 100539 2
S 103605213 243 100541 2
S 103616212 243 100542 2
S 103627212 243 100539 2
S 103638211 243 100539 2
S 103649210 243 100538 2
S 103660209 243 100537 2
S 103671209 243 100537 2
S 103682208 243 100537 2
S 103693207 243 100537 2
S 103709206 243 100538 2
S 103720206 243 100542 2
S 103731205 243 100538 2
S 103742204 243 100539 2
S 103753204 243 100534 2
S 103764203 243 100540 2
S 103775202 243 100539 2
S 103786202 243 100535 2
S 103797201 243 100534 2
S 103808200 243 100543 2
S 103819200 243 100534 2
S 103830199 243 100537 2
S 103841198 243 100533 2
S 103852197 243 100535 2
S 103863197 243 100536 2
S 103874196 243 100537 2
S 103885195 243 100537 2
S 103896195 243 100537 2
S 103907194 243 100537 2
S 103918193 243 100537 2
S 103929193 243 100534 2
S 103940192 243 100537 2
S 103951191 243 100534 2
S 103962191 243 100533 2
S 103973190 243 100532 2
S 103984189 243 100535 2
S 103995189 243 100534 2
S 104006188 243 100535 2
S 104017187 243 100539 2
S 104028186 243 100535 2
S 104039186 243 100538 2
S 104050185 243 100534 2
S 104061184 243 100536 2
S 104072184 243 100539 2
S 104083183 243 100537 2
S 104094182 243 100539 2
S 104105182 243 100537 2
S 104116181 243 100535 2
S 104127180 243 100537 2
S 104138180 243 100536 2
S 104149179 243 100536 2
S 104160178 243 100539 2
S 104171178 243 100532 2
S 104182177 243 100534 2
S 104193176 243 100537 2
S 104204175 243 100539 2
S 104215175 243 100537 2
S 104226174 243 100535 2
S 104237173 243 100542 2
S 104248173 243 100534 2
S 104259172 243 100534 2
S 104270171 243 100537 2
S 104281171 243 100533 2
S 104292170 243 100533 2
S 104303169 243 100535 2
S 104314169 243 100538 2
S 104325168 243 100537 2
S 104336167 243 100537 2
S 104347167 243 100534 2
S 104358166 243 100534 2
S 104369165 243 100536 2
S 104380164 243 100535 2
S 104391164 243 100537 2
S 104402163 243 100539 2
S 104413162 243 100536 2
S 104424162 243 100537 2
S 104435161 243 100535 2
S 104446160 243 100539 2
S 104457160 243 100542 2
S 104468159 243 100537 2
S 104479158 243 100535 2
S 104490158 243 100537 2
S 104501157 243 100534 2
S 104512156 243 100533 2
S 104523156 243 100537 2
S 104534155 243 100534 2
S 104545154 243 100537 2
S 104556153 243 100534 2
S 104567153 243 100531 2
S 104578152 243 100532 2
S 104589151 243 100531 2
S 104600151 243 100534 2
S 104611150 243 100532 2
S 104622149 243 100536 2
S 104633149 243 100534 2
S 104644148 243 100539 2
S 104655147 243 100536 2
S 104666147 243 100535 2
S 104677146 243 100539 2
S 104688145 243 100534 2
S 104699145 243 100534 2
S 104715144 243 100539 2
S 104726143 243 100538 2
S 104737142 243 100535 2
S 104748141 243 100539 2
S 104759141 243 100537 2
S 104770140 243 100540 2
S 104781139 243 100534 2
S 104792139 243 100536 2
S 104803138 243 100535 2
S 104814137 243 100539 2
S 104825137 243 100533 2
S 104836136 243 100532 2
S 104847135 243 100533 2
S 104858135 243 100536 2
S 104869134 243 100531 2
S 104880133 243 100530 2
S 104891133 243 100534 2
S 104902132 243 100537 2
S 104913131 243 100537 2
S 104924130 243 100534 2
S 104935130 243 100532 2
S 104946129 243 100534 2
S 104957128 243 100535 2
S 104968128 243 100534 2
S 104979127 243 100537 2
S 104990126 243 100533 2
S 105001124 243 100534 2
S 105012125 243 100533 2
S 105023124 243 100532 2
S 105034124 243 100531 2
S 105045123 243 100533 2
S 105056122 243 100535 2
S 105067122 243 100531 2
S 105078121 243 100536 2
S 105089120 243 100536 2
S 105100119 243 100536 2
S 105111119 243 100533 2
S 105122118 243 100528 2
S 105133117 243 100530 2
S 105144117 243 100532 2
S 105155116 243 100539 2
S 105166115 243 100538 2
S 105177115 243 100537 2
S 105188114 243 100537 2
S 105199113 243 100537 2
S 105210113 243 100533 2
S 105221112 243 100539 2
S 105232111 243 100537 2
S 105243111 243 100537 2
S 105254110 243 100531 2
S 105265109 243 100535 2
S 105276108 243 100544 2
S 105287108 243 100543 2
S 105298107 243 100534 2
S 105309106 243 100536 2
S 105320106 243 100539 2
S 105331105 243 100537 2
S 105342104 243 100537 2
S 105353104 243 100537 2
S 105364103 243 100539 2
S 105375102 243 100537 2
S 105386102 243 100539 2
S 105397101 243 100539 2
S 105408100 243 100539 2
S 105419100 243 100541 2
S 105430099 243 100541 2
S 105441098 243 100544 2
S 105452097 243 100543 2
S 105463097 243 100539 2
S 105474096 243 100539 2
S 105485095 243 100539 2
S 105496095 243 100539 2
S 105507094 243 100540 2
S 105518093 243 100539 2
S 105529093 243 100545 2
S 105540092 243 100543 2
S 105551091 243 100539 2
S 105562091 243 100539 2
S 105573090 243 100538 2
S 105584089 243 100541 2
S 105595089 243 100539 2
S 105606088 243 100539 2
S 105617087 243 100542 2
S 105628086 243 100542 2
S 105639086 243 100539 2
S 105650085 243 100539 2
S 105661084 243 100537 2
S 105672084 243 100539 2
S 105683083 243 100541 2
S 105694082 243 100539 2
S 105705082 243 100537 2
S 105721081 243 100536 2
S 105732080 243 100536 2
S 105743079 243 100538 2
S 105754079 243 100538 2
S 105765078 243 100536 2
S 105776077 243 100536 2
S 105787077 243 100535 2
S 105798076 243 100531 2
S 105809075 243 100533 2
S 105820074 243 100539 2
S 105831074 243 100532 2
S 105842073 243 100534 2
S 105853072 243 100534 2
S 105864072 243 100537 2
S 105875071 243 100531 2
S 105886070 243 100536 2
S 105897070 243 100534 2
S 105908069 243 100533 2
S 105919068 243 100532 2
S 105930068 243 100532 2
S 105941067 243 100533 2
S 105952066 243 100532 2
S 105963066 243 100528 2
S 105974065 243 100534 2
S 105985064 243 100533 2
S 105996063 243 100534 2
S 106007063 243 100534 2
S 106018062 243 100532 2
S 106029061 243 100533 2
S 106040061 243 100535 2
S 106051060 243 100534 2
S 106062059 243 100532 2
S 106073059 243 100532 2
S 106084058 243 100531 2
S 106095057 243 100529 2
S 106106057 243 100529 2
S 106117056 243 100531 2
S 106128055 243 100532 2
S 106139055 243 100532 2
S 106150054 243 100533 2
S 106161053 243 100536 2
S 106172052 243 100536 2
S 106183052 243 100539 2
S 106194051 243 100536 2
S 106205050 243 100537 2
S 106216050 243 100539 2
S 106227049 243 100536 2
S 106238048 243 100531 2
S 106249048 243 100533 2
S 106260047 243 100530 2
S 106271046 243 100534 2
S 106282046 243 100532 2
S 106293045 243 100531 2
S 106304044 243 100535 2
S 106315044 243 100532 2
S 106326043 243 100527 2
S 106337042 243 100529 2
S 106348041 243 100531 2
S 106359041 243 100534 2
S 106370040 243 100531 2
S 106381039 243 100534 2
S 106392039 243 100534 2
S 106403038 243 100531 2
S 106414037 243 100532 2
S 106425037 243 100532 2
S 106436036 243 100537 2
S 106447035 243 100535 2
S 106458035 243 100536 2
S 106469034 243 100537 2
S 106480033 243 100539 2
S 106491033 243 100540 2
S 106502032 243 100536 2
S 106513031 243 100537 2
S 106524030 243 100536 2
S 106535030 243 100531 2
S 106546029 243 100536 2
S 106557028 243 100531 2
S 106568028 243 100531 2
S 106579027 243 100531 2
S 106590026 243 100531 2
S 106601026 243 100532 2
S 106612025 243 100534 2
S 106623024 243 100533 2
S 106634024 243 100534 2
S 106645023 243 100534 2
S 106656022 243 100536 2
S 106667022 243 100534 2
S 106678021 243 100536 2
S 106689020 243 100530 2
S 106700019 243 100531 2
S 106711019 243 100532 2
S 106727018 243 100539 2
S 106738017 243 100538 2
S 106749016 243 100535 2
S 106760016 243 100536 2
S 106771015 243 100536 2
S 106782014 243 100538 2
S 106793014 243 100536 2
S 106804013 243 100537 2
S 106815012 243 100534 2
S 106826012 243 100539 2
S 106837011 243 100538 2
S 106848010 243 100539 2
S 106859010 243 100538 2
S 106870009 243 100537 2
S 106881008 243 100529 2
S 106892007 243 100534 2
S 106903007 243 100534 2
S 106914006 243 100534 2
S 106925005 243 100537 2
S 106936005 243 100535 2
S 106947004 243 100536 2
S 106958003 243 100538 2
S 106969003 243 100540 2
S 106980002 243 100540 2
S 106991001 243 100539 2
S 107002001 243 100538 2
S 107013000 243 100536 2
S 107023999 243 100537 2
S 107034999 243 100536 2
S 107045998 243 100537 2
S 107056997 243 100535 2
S 107067996 243 100537 2
S 107078996 243 100534 2
S 107089995 243 100539 2
S 107100994 243 100535 2
S 107111994 243 100535 2
S 107122993 243 100534 2
S 107133992 243 100539 2
S 107144992 243 100537 2
S 107155991 243 100535 2
S 107166990 243 100535 2
S 107177990 243 100537 2
S 107188989 243 100537 2
S 107199988 243 100537 2
S 107210988 243 100538 2
S 107221987 243 100537 2
S 107232986 243 100535 2
S 107243985 243 100539 2
S 107254985 243 100536 2
S 107265984 243 100535 2
S 107276983 243 100537 2
S 107287983 243 100538 2
S 107298982 243 100536 2
S 107309981 243 100537 2
S 107320981 243 100539 2
S 107331980 243 100539 2
S 107342979 243 100539 2
S 107353979 243 100542 2
S 107364978 243 100536 2
S 107375977 243 100537 2
S 107386977 243 100540 2
S 107397976 243 100538 2
S 107408975 243 100536 2
S 107419974 243 100537 2
S 107430974 243 100543 2
S 107441973 243 100537 2
S 107452972 243 100536 2
S 107463972 243 100537 2
S 107474971 243 100539 2
S 107485970 243 100534 2
S 107496970 243 100537 2
S 107507969 243 100536 2
S 107518968 243 100536 2
S 107529968 243 100537 2
S 107540967 243 100532 2
S 107551966 243 100536 2
S 107562966 243 100531 2
S 107573965 243 100534 2
S 107584964 243 100532 2
S 107595963 243 100529 2
S 107606963 243 100536 2
S 107617962 243 100532 2
S 107628961 243 100534 2
S 107639961 243 100533 2
S 107650960 243 100538 2
S 107661959 243 100536 2
S 107672959 243 100539 2
S 107683958 243 100538 2
S 107694957 243 100537 2
S 107705957 243 100536 2
S 107716956 243 100537 2
S 107732955 243 100538 2
S 107743954 243 100535 2
S 107754954 243 100537 2
S 107765953 243 100540 2
S 107776952 243 100536 2
S 107787951 243 100538 2
S 107798951 243 100537 2
S 107809950 243 100534 2
S 107820949 243 100534 2
S 107831949 243 100534 2
S 107842948 243 100535 2
S 107853947 243 100537 2
S 107864947 243 100539 2
S 107875946 243 100536 2
S 107886945 243 100535 2
S 107897945 243 100532 2
S 107908944 243 100532 2
S 107919943 243 100534 2
S 107930943 243 100534 2
S 107941942 243 100534 2
S 107952941 243 100528 2
S 107963940 243 100538 2
S 107974940 243 100534 2
S 107985939 243 100536 2
S 107996938 243 100534 2
S 108007938 243 100539 2
S 108018937 243 100537 2
S 108029936 243 100535 2
S 108040936 243 100537 2
S 108051935 243 100539 2
S 108062934 243 100537 2
S 108073934 243 100537 2
S 108084933 243 100534 2
S 108095932 243 100534 2
S 108106932 243 100535 2
S 108117931 243 100536 2
S 108128930 243 100536 2
S 108139929 243 100535 2
S 108150929 243 100537 2
S 108161928 243 100534 2
S 108172927 243 100539 2
S 108183927 243 100537 2
S 108194926 243 100537 2
S 108205925 243 100536 2
S 108216925 243 100539 2
S 108227924 243 100539 2
S 108238923 243 100536 2
S 108249923 243 100534 2
S 108260922 243 100537 2
S 108271921 243 100537 2
S 108282921 243 100537 2
S 108293920 243 100539 2
S 108304919 243 100541 2
S 108315918 243 100536 2
S 108326918 243 100534 2
S 108337917 243 100538 2
S 108348916 243 100537 2
S 108359916 243 100537 2
S 108370915 243 100537 2
S 108381914 243 100532 2
S 108392914 243 100532 2
S 108403913 243 100534 2
S 108414912 243 100534 2
S 108425912 243 100539 2
S 108436911 243 100534 2
S 108447910 243 100535 2
S 108458910 243 100539 2
S 108469909 243 100539 2
S 108480908 243 100541 2
S 108491907 243 100539 2
S 108502907 243 100539 2
S 108513906 243 100537 2
S 108524905 243 100541 2
S 108535905 243 100537 2
S 108546904 243 100539 2
S 108557903 243 100539 2
S 108568903 243 100538 2
S 108579902 243 100538 2
S 108590901 243 100537 2
S 108601901 243 100538 2
S 108612900 243 100537 2
S 108623899 243 100535 2
S 108634899 243 100537 2
S 108645898 243 100534 2
S 108656897 243 100536 2
S 108667896 243 100534 2
S 108678896 243 100540 2
S 108689895 243 100535 2
S 108700894 243 100534 2
S 108711894 243 100532 2
S 108722893 243 100533 2
S 108738892 243 100532 2
S 108749891 243 100533 2
S 108760891 243 100531 2
S 108771890 243 100533 2
S 108782889 243 100531 2
S 108793889 243 100536 2
S 108804888 243 100536 2
S 108815887 243 100534 2
S 108826887 243 100532 2
S 108837886 243 100533 2
S 108848885 243 100536 2
S 108859884 243 100533 2
S 108870884 243 100525 2
S 108881883 243 100531 2
S 108892882 243 100532 2
S 108903882 243 100533 2
S 108914881 243 100536 2
S 108925880 243 100535 2
S 108936880 243 100534 2
S 108947879 243 100531 2
S 108958878 243 100532 2
S 108969878 243 100533 2
S 108980877 243 100534 2
S 108991876 243 100534 2
S 109002876 243 100535 2
S 109013875 243 100534 2
S 109024874 243 100533 2
S 109035873 243 100534 2
S 109046873 243 100531 2
S 109057872 243 100536 2
S 109068871 243 100534 2
S 109079871 243 100537 2
S 109090870 243 100534 2
S 109101869 243 100535 2
S 109112869 243 100534 2
S 109123868 243 100533 2
S 109134867 243 100530 2
S 109145867 243 100537 2
S 109156866 243 100537 2
S 109167865 243 100531 2
S 109178865 243 100530 2
S 109189864 243 100530 2
S 109200863 243 100530 2
S 109211862 243 100534 2
S 109222862 243 100534 2
S 109233861 243 100534 2
S 109244860 243 100529 2
S 109255860 243 100534 2
S 109266859 243 100535 2
S 109277858 243 100534 2
S 109288858 243 100532 2
S 109299857 243 100535 2
S 109310856 243 100534 2
S 109321856 243 100533 2
S 109332855 243 100536 2
S 109343854 243 100536 2
S 109354854 243 100532 2
S 109365853 243 100531 2
S 109376852 243 100531 2
S 109387851 243 100533 2
S 109398851 243 100531 2
S 109409850 243 100535 2
S 109420849 243 100534 2
S 109431849 243 100528 2
S 109442848 243 100531 2
S 109453847 243 100532 2
S 109464847 243 100533 2
S 109475846 243 100533 2
S 109486845 243 100531 2
S 109497845 243 100535 2
S 109508844 243 100531 2
S 109519843 243 100528 2
S 109530843 243 100533 2
S 109541842 243 100535 2
S 109552841 243 100533 2
S 109563840 243 100532 2
S 109574840 243 100530 2
S 109585839 243 100532 2
S 109596838 243 100533 2
S 109607838 243 100533 2
S 109618837 243 100535 2
S 109629836 243 100532 2
S 109640836 243 100533 2
S 109651835 243 100534 2
S 109662834 243 100530 2
S 109673834 243 100532 2
S 109684833 243 100531 2
S 109695832 243 100529 2
S 109706832 243 100534 2
S 109717831 243 100534 2
S 109728830 243 100532 2
S 109744829 243 100543 2
S 109755828 243 100542 2
S 109766828 243 100539 2
S 109777827 243 100537 2
S 109788826 243 100541 2
S 109799826 243 100540 2
S 109810825 243 100539 2
S 109821824 243 100540 2
S 109832824 243 100543 2
S 109843823 243 100541 2
S 109854822 243 100544 2
S 109865822 243 100542 2
S 109876821 243 100543 2
S 109887820 243 100543 2
S 109898820 243 100545 2
S 109909819 243 100539 2
S 109920818 243 100540 2
S 109931817 243 100537 2
S 109942817 243 100538 2
S 109953816 243 100541 2
S 109964815 243 100538 2
S 109975815 243 100539 2
S 109986814 243 100537 2
S 109997813 243 100537 2
S 110008813 243 100531 2
S 110019812 243 100539 2
S 110030811 243 100537 2
S 110041811 243 100539 2
S 110052810 243 100543 2
S 110063809 243 100538 2
S 110074809 243 100538 2
S 110085808 243 100536 2
S 110096807 243 100539 2
S 110107806 243 100540 2
S 110118806 243 100537 2
S 110129805 243 100538 2
S 110140804 243 100537 2
S 110151804 243 100534 2
S 110162803 243 100535 2
S 110173802 243 100531 2
S 110184802 243 100531 2
S 110195801 243 100535 2
S 110206800 243 100534 2
S 110217800 243 100535 2
S 110228799 243 100534 2
S 110239798 243 100540 2
S 110250798 243 100537 2
S 110261797 243 100541 2
S 110272796 243 100539 2
S 110283795 243 100535 2
S 110294795 243 100542 2
S 110305794 243 100542 2
S 110316793 243 100538 2
S 110327793 243 100537 2
S 110338792 243 100536 2
S 110349791 243 100539 2
S 110360791 243 100538 2
S 110371790 243 100538 2
S 110382789 243 100537 2
S 110393789 243 100538 2
S 110404788 243 100540 2
S 110415787 243 100539 2
S 110426787 243 100540 2
S 110437786 243 100544 2
S 110448785 243 100544 2
S 110459784 243 100539 2
S 110470784 243 100539 2
S 110481783 243 100541 2
S 110492782 243 100542 2
S 110503782 243 100539 2
S 110514781 243 100539 2
S 110525780 243 100538 2
S 110536780 243 100543 2
S 110547779 243 100538 2
S 110558778 243 100539 2
S 110569778 243 100539 2
S 110580777 243 100538 2
S 110591776 243 100539 2
S 110602776 243 100537 2
S 110613775 243 100542 2
S 110624774 243 100542 2
S 110635773 243 100541 2
S 110646773 243 100539 2
S 110657772 243 100537 2
S 110668771 243 100537 2
S 110679771 243 100539 2
S 110690770 243 100536 2
S 110701769 243 100538 2
S 110712769 243 100538 2
S 110723768 243 100537 2
S 110734767 243 100537 2
S 110750766 243 100528 2
S 110761766 243 100536 2
S 110772765 243 100536 2
S 110783764 243 100535 2
S 110794764 243 100533 2
S 110805763 243 100531 2
S 110816762 243 100532 2
S 110827761 243 100526 2
S 110838761 243 100531 2
S 110849760 243 100528 2
S 110860759 243 100532 2
S 110871759 243 100530 2
S 110882758 243 100531 2
S 110893757 243 100535 2
S 110904757 243 100539 2
S 110915756 243 100538 2
S 110926755 243 100533 2
S 110937755 243 100534 2
S 110948754 243 100533 2
S 110959753 243 100534 2
S 110970753 243 100531 2
S 110981752 243 100531 2
S 110992751 243 100528 2
S 111003750 243 100528 2
S 111014750 243 100531 2
S 111025749 243 100535 2
S 111036748 243 100531 2
S 111047748 243 100534 2
S 111058747 243 100534 2
S 111069746 243 100533 2
S 111080746 243 100528 2
S 111091745 243 100530 2
S 111102744 243 100532 2
S 111113744 243 100530 2
S 111124743 243 100528 2
S 111135742 243 100533 2
S 111146742 243 100528 2
S 111157741 243 100534 2
S 111168740 243 100531 2
S 111179739 243 100525 2
S 111190739 243 100531 2
S 111201738 243 100530 2
S 111212737 243 100526 2
S 111223737 243 100531 2
S 111234736 243 100531 2
S 111245735 243 100531 2
S 111256735 243 100530 2
S 111267734 243 100530 2
S 111278733 243 100529 2
S 111289733 243 100529 2
S 111300732 243 100528 2
S 111311731 243 100531 2
S 111322731 243 100530 2
S 111333730 243 100530 2
S 111344729 243 100532 2
S 111355728 243 100533 2
S 111366728 243 100531 2
S 111377727 243 100530 2
S 111388726 243 100529 2
S 111399726 243 100531 2
S 111410725 243 100534 2
S 111421724 243 100531 2
S 111432724 243 100535 2
S 111443723 243 100531 2
S 111454722 243 100534 2
S 111465722 243 100538 2
S 111476721 243 100535 2
S 111487720 243 100537 2
S 111498720 243 100535 2
S 111509719 243 100533 2
S 111520718 243 100531 2
S 111531717 243 100533 2
S 111542717 243 100531 2
S 111553716 243 100531 2
S 111564715 243 100528 2
S 111575715 243 100529 2
S 111586714 243 100531 2
S 111597713 243 100529 2
S 111608713 243 100530 2
S 111619712 243 100534 2
S 111630711 243 100533 2
S 111641711 243 100531 2
S 111652710 243 100531 2
S 111663709 243 100526 2
S 111674709 243 100531 2
S 111685708 243 100530 2
S 111696707 243 100530 2
S 111707706 243 100533 2
S 111718706 243 100535 2
S 111729705 243 100531 2
S 111740704 243 100529 2
S 111756703 243 100540 2
S 111767703 243 100540 2
S 111778702 243 100542 2
S 111789701 243 100540 2
S 111800701 243 100539 2
S 111811700 243 100538 2
S 111822699 243 100541 2
S 111833699 243 100543 2
S 111844698 243 100539 2
S 111855697 243 100539 2
S 111866697 243 100541 2
S 111877696 243 100539 2
S 111888695 243 100541 2
S 111899694 243 100539 2
S 111910694 243 100542 2
S 111921693 243 100539 2
S 111932692 243 100540 2
S 111943692 243 100543 2
S 111954691 243 100541 2
S 111965690 243 100542 2
S 111976690 243 100540 2
S 111987689 243 100540 2
S 111998688 243 100542 2
S 112009688 243 100539 2
S 112020687 243 100545 2
S 112031686 243 100548 2
S 112042686 243 100545 2
S 112053685 243 100539 2
S 112064684 243 100542 2
S 112075683 243 100542 2
S 112086683 243 100540 2
S 112097682 243 100543 2
S 112108681 243 100541 2
S 112119681 243 100539 2
S 112130680 243 100539 2
S 112141679 243 100539 2
S 112152679 243 100537 2
S 112163678 243 100538 2
S 112174677 243 100541 2
S 112185677 243 100540 2
S 112196676 243 100541 2
S 112207675 243 100537 2
S 112218675 243 100543 2
S 112229674 243 100537 2
S 112240673 243 100537 2
S 112251672 243 100537 2
S 112262672 243 100539 2
S 112273671 243 100539 2
S 112284670 243 100539 2
S 112295670 243 100537 2
S 112306669 243 100543 2
S 112317668 243 100542 2
S 112328668 243 100539 2
S 112339667 243 100540 2
S 112350666 243 100538 2
S 112361666 243 100537 2
S 112372665 243 100539 2
S 112383664 243 100542 2
S 112394664 243 100539 2
S 112405663 243 100538 2
S 112416662 243 100540 2
S 112427661 243 100537 2
S 112438661 243 100538 2
S 112449660 243 100538 2
S 112460659 243 100542 2
S 112471659 243 100542 2
S 112482658 243 100542 2
S 112493657 243 100542 2
S 112504657 243 100538 2
S 112515656 243 100540 2
S 112526655 243 100538 2
S 112537655 243 100539 2
S 112548654 243 100537 2
S 112559653 243 100543 2
S 112570653 243 100540 2
S 112581652 243 100538 2
S 112592651 243 100540 2
S 112603650 243 100543 2
S 112614650 243 100542 2
S 112625649 243 100545 2
S 112636648 243 100538 2
S 112647648 243 100541 2
S 112658647 243 100544 2
S 112669646 243 100545 2
S 112680646 243 100546 2
S 112691645 243 100541 2
S 112702644 243 100539 2
S 112713644 243 100539 2
S 112724643 243 100544 2
S 112735642 243 100541 2
S 112746642 243 100539 2
S 112762641 243 100542 2
S 112773640 243 100545 2
S 112784639 243 100539 2
S 112795638 243 100542 2
S 112806638 243 100540 2
S 112817637 243 100541 2
S 112828636 243 100540 2
S 112839636 243 100536 2
S 112850635 243 100539 2
S 112861634 243 100542 2
S 112872634 243 100539 2
S 112883633 243 100541 2
S 112894632 243 100536 2
S 112905632 243 100537 2
S 112916631 243 100538 2
S 112927630 243 100540 2
S 112938630 243 100537 2
S 112949629 243 100540 2
S 112960628 243 100542 2
S 112971627 243 100545 2
S 112982627 243 100539 2
S 112993626 243 100545 2
S 113004625 243 100538 2
S 113015625 243 100545 2
S 113026624 243 100544 2
S 113037623 243 100535 2
S 113048623 243 100545 2
S 113059622 243 100538 2
S 113070621 243 100538 2
S 113081621 243 100540 2
S 113092620 243 100542 2
S 113103619 243 100539 2
S 113114619 243 100538 2
S 113125618 243 100542 2
S 113136617 243 100542 2
S 113147616 243 100542 2
S 113158616 243 100540 2
S 113169615 243 100536 2
S 113180614 243 100536 2
S 113191614 243 100541 2
S 113202613 243 100538 2
S 113213612 243 100539 2
S 113224612 243 100540 2
S 113235611 243 100539 2
S 113246610 243 100531 2
S 113257610 243 100534 2
S 113268609 243 100537 2
S 113279608 243 100535 2
S 113290608 243 100539 2
S 113301607 243 100542 2
S 113312606 243 100539 2
S 113323605 243 100538 2
S 113334605 243 100541 2
S 113345604 243 100539 2
S 113356603 243 100542 2
S 113367603 243 100542 2
S 113378602 243 100542 2
S 113389601 243 100543 2
S 113400601 243 100542 2
S 113411600 243 100538 2
S 113422599 243 100538 2
S 113433599 243 100535 2
S 113444598 243 100538 2
S 113455597 243 100539 2
S 113466597 243 100538 2
S 113477596 243 100531 2
S 113488595 243 100534 2
S 113499594 243 100541 2
S 113510594 243 100534 2
S 113521593 243 100542 2
S 113532592 243 100536 2
S 113543592 243 100539 2
S 113554591 243 100536 2
S 113565590 243 100537 2
S 113576590 243 100538 2
S 113587589 243 100539 2
S 113598588 243 100536 2
S 113609588 243 100539 2
S 113620587 243 100536 2
S 113631586 243 100532 2
S 113642586 243 100539 2
S 113653585 243 100536 2
S 113664584 243 100536 2
S 113675583 243 100538 2
S 113686583 243 100538 2
S 113697582 243 100534 2
S 113708581 243 100534 2
S 113719581 243 100540 2
S 113730580 243 100538 2
S 113741579 243 100538 2
S 113752579 243 100537 2
S 113768578 243 100538 2
S 113779577 243 100533 2
S 113790576 243 100537 2
S 113801576 243 100536 2
S 113812575 243 100536 2
S 113823574 243 100536 2
S 113834574 243 100544 2
S 113845573 243 100541 2
S 113856572 243 100534 2
S 113867571 243 100534 2
S 113878571 243 100541 2
S 113889570 243 100534 2
S 113900569 243 100540 2
S 113911569 243 100540 2
S 113922568 243 100539 2
S 113933567 243 100536 2
S 113944567 243 100537 2
S 113955566 243 100539 2
S 113966565 243 100538 2
S 113977565 243 100536 2
S 113988564 243 100539 2
S 113999563 243 100538 2
S 114010563 243 100536 2
S 114021562 243 100540 2
S 114032561 243 100541 2
S 114043560 243 100539 2
S 114054560 243 100545 2
S 114065559 243 100535 2
S 114076558 243 100536 2
S 114087558 243 100536 2
S 114098557 243 100536 2
S 114109556 243 100531 2
S 114120556 243 100530 2
S 114131555 243 100534 2
S 114142554 243 100538 2
S 114153554 243 100535 2
S 114164553 243 100531 2
S 114175552 243 100535 2
S 114186552 243 100534 2
S 114197551 243 100534 2
S 114208550 243 100537 2
S 114219549 243 100536 2
S 114230549 243 100535 2
S 114241548 243 100537 2
S 114252547 243 100538 2
S 114263547 243 100534 2
S 114274546 243 100536 2
S 114285545 243 100532 2
S 114296545 243 100536 2
S 114307544 243 100535 2
S 114318543 243 100536 2
S 114329543 243 100536 2
S 114340542 243 100536 2
S 114351541 243 100534 2
S 114362541 243 100535 2
S 114373540 243 100535 2
S 114384539 243 100537 2
S 114395538 243 100539 2
S 114406538 243 100538 2
S 114417537 243 100533 2
S 114428536 243 100536 2
S 114439536 243 100536 2
S 114450535 243 100542 2
S 114461534 243 100535 2
S 114472534 243 100537 2
S 114483533 243 100540 2
S 114494532 243 100536 2
S 114505532 243 100538 2
S 114516531 243 100537 2
S 114527530 243 100545 2
S 114538530 243 100541 2
S 114549529 243 100540 2
S 114560528 243 100534 2
S 114571527 243 100539 2
S 114582527 243 100536 2
S 114593526 243 100536 2
S 114604525 243 100539 2
S 114615525 243 100536 2
S 114626524 243 100535 2
S 114637523 243 100539 2
S 114648523 243 100540 2
S 114659522 243 100538 2
S 114670521 243 100539 2
S 114681521 243 100537 2
S 114692520 243 100534 2
S 114703519 243 100538 2
S 114714519 243 100540 2
S 114725518 243 100535 2
S 114736517 243 100533 2
S 114747516 243 100536 2
S 114758516 243 100536 2
S 114774515 243 100536 2
S 114785514 243 100534 2
S 114796513 243 100537 2
S 114807513 243 100539 2
S 114818512 243 100538 2
S 114829511 243 100534 2
S 114840511 243 100535 2
S 114851510 243 100538 2
S 114862509 243 100536 2
S 114873509 243 100542 2
S 114884508 243 100537 2
S 114895507 243 100539 2
S 114906507 243 100535 2
S 114917506 243 100537 2
S 114928505 243 100534 2
S 114939504 243 100533 2
S 114950504 243 100534 2
S 114961503 243 100534 2
S 114972502 243 100536 2
S 114983502 243 100535 2
S 114994501 243 100535 2
S 115005500 243 100540 2
S 115016500 243 100539 2
S 115027499 243 100537 2
S 115038498 243 100537 2
S 115049498 243 100536 2
S 115060497 243 100536 2
S 115071496 243 100540 2
S 115082496 243 100533 2
S 115093495 243 100540 2
S 115104494 243 100537 2
S 115115493 243 100536 2
S 115126493 243 100536 2
S 115137492 243 100535 2
S 115148491 243 100535 2
S 115159491 243 100536 2
S 115170490 243 100536 2
S 115181489 243 100535 2
S 115192489 243 100540 2
S 115203488 243 100539 2
S 115214487 243 100534 2
S 115225487 243 100531 2
S 115236486 243 100535 2
S 115247485 243 100534 2
S 115258485 243 100538 2
S 115269484 243 100536 2
S 115280483 243 100535 2
S 115291482 243 100531 2
S 115302482 243 100536 2
S 115313481 243 100536 2
S 115324480 243 100539 2
S 115335480 243 100541 2
S 115346479 243 100539 2
S 115357478 243 100537 2
S 115368478 243 100544 2
S 115379477 243 100539 2
S 115390476 243 100539 2
S 115401476 243 100539 2
S 115412475 243 100545 2
S 115423474 243 100538 2
S 115434474 243 100542 2
S 115445473 243 100538 2
S 115456472 243 100542 2
S 115467471 243 100543 2
S 115478471 243 100542 2
S 115489470 243 100538 2
S 115500469 243 100539 2
S 115511469 243 100536 2
S 115522468 243 100537 2
S 115533467 243 100540 2
S 115544467 243 100537 2
S 115555466 243 100534 2
S 115566465 243 100531 2
S 115577465 243 100531 2
S 115588464 243 100531 2
S 115599463 243 100531 2
S 115610463 243 100534 2
S 115621462 243 100534 2
S 115632461 243 100531 2
S 115643460 243 100536 2
S 115654460 243 100534 2
S 115665459 243 100536 2
S 115676458 243 100539 2
S 115687458 243 100537 2
S 115698457 243 100534 2
S 115709456 243 100539 2
S 115720456 243 100541 2
S 115731455 243 100542 2
S 115742454 243 100541 2
S 115753454 243 100540 2
S 115764453 243 100539 2
S 115780452 243 100536 2
S 115791451 243 100534 2
S 115802451 243 100533 2
S 115813450 243 100536 2
S 115824449 243 100531 2
S 115835448 243 100533 2
S 115846448 243 100533 2
S 115857447 243 100538 2
S 115868446 243 100538 2
S 115879446 243 100531 2
S 115890445 243 100533 2
S 115901444 243 100531 2
S 115912444 243 100534 2
S 115923443 243 100531 2
S 115934442 243 100534 2
S 115945442 243 100530 2
S 115956441 243 100533 2
S 115967440 243 100536 2
S 115978440 243 100532 2
S 115989439 243 100534 2
S 116000437 243 100533 2
S 116011437 243 100534 2
S 116022437 243 100531 2
S 116033436 243 100534 2
S 116044435 243 100532 2
S 116055435 243 100534 2
S 116066434 243 100531 2
S 116077433 243 100530 2
S 116088433 243 100534 2
S 116099432 243 100534 2
S 116110431 243 100533 2
S 116121431 243 100532 2
S 116132430 243 100537 2
S 116143429 243 100536 2
S 116154429 243 100536 2
S 116165428 243 100532 2
S 116176427 243 100533 2
S 116187426 243 100530 2
S 116198426 243 100530 2
S 116209425 243 100535 2
S 116220424 243 100534 2
S 116231424 243 100532 2
S 116242423 243 100530 2
S 116253422 243 100534 2
S 116264422 243 100528 2
S 116275421 243 100533 2
S 116286420 243 100534 2
S 116297420 243 100534 2
S 116308419 243 100534 2
S 116319418 243 100535 2
S 116330418 243 100536 2
S 116341417 243 100535 2
S 116352416 243 100534 2
S 116363415 243 100534 2
S 116374415 243 100534 2
S 116385414 243 100531 2
S 116396413 243 100531 2
S 116407413 243 100531 2
S 116418412 243 100528 2
S 116429411 243 100536 2
S 116440411 243 100534 2
S 116451410 243 100534 2
S 116462409 243 100534 2
S 116473409 243 100534 2
S 116484408 243 100531 2
S 116495407 243 100530 2
S 116506407 243 100529 2
S 116517406 243 100533 2
S 116528405 243 100533 2
S 116539404 243 100531 2
S 116550404 243 100529 2
S 116561403 243 100531 2
S 116572402 243 100531 2
S 116583402 243 100531 2
S 116594401 243 100533 2
S 116605400 243 100531 2
S 116616400 243 100530 2
S 116627399 243 100531 2
S 116638398 243 100532 2
S 116649398 243 100534 2
S 116660397 243 100530 2
S 116671396 243 100529 2
S 116682396 243 100529 2
S 116693395 243 100529 2
S 116704394 243 100535 2
S 116715393 243 100533 2
S 116726393 243 100528 2
S 116737392 243 100534 2
S 116748391 243 100531 2
S 116759391 243 100532 2
S 116770390 243 100536 2
S 116786389 243 100540 2
S 116797388 243 100536 2
S 116808388 243 100536 2
S 116819387 243 100538 2
S 116830386 243 100539 2
S 116841386 243 100539 2
S 116852385 243 100538 2
S 116863384 243 100542 2
S 116874384 243 100536 2
S 116885383 243 100535 2
S 116896382 243 100539 2
S 116907381 243 100537 2
S 116918381 243 100538 2
S 116929380 243 100539 2
S 116940379 243 100538 2
S 116951379 243 100538 2
S 116962378 243 100536 2
S 116973377 243 100535 2
S 116984377 243 100537 2
S 116995376 243 100539 2
S 117006375 243 100537 2
S 117017375 243 100538 2
S 117028374 243 100539 2
S 117039373 243 100538 2
S 117050373 243 100541 2
S 117061372 243 100539 2
S 117072371 243 100538 2
S 117083370 243 100538 2
S 117094370 243 100542 2
S 117105369 243 100537 2
S 117116368 243 100537 2
S 117127368 243 100543 2
S 117138367 243 100543 2
S 117149366 243 100545 2
S 117160366 243 100545 2
S 117171365 243 100540 2
S 117182364 243 100539 2
S 117193364 243 100538 2
S 117204363 243 100539 2
S 117215362 243 100541 2
S 117226362 243 100540 2
S 117237361 243 100542 2
S 117248360 243 100538 2
S 117259359 243 100542 2
S 117270359 243 100539 2
S 117281358 243 100545 2
S 117292357 243 100540 2
S 117303357 243 100539 2
S 117314356 243 100542 2
S 117325355 243 100539 2
S 117336355 243 100544 2
S 117347354 243 100539 2
S 117358353 243 100542 2
S 117369353 243 100542 2
S 117380352 243 100540 2
S 117391351 243 100536 2
S 117402351 243 100542 2
S 117413350 243 100539 2
S 117424349 243 100538 2
S 117435348 243 100542 2
S 117446348 243 100541 2
S 117457347 243 100541 2
S 117468346 243 100542 2
S 117479346 243 100542 2
S 117490345 243 100544 2
S 117501344 243 100541 2
S 117512344 243 100546 2
S 117523343 243 100544 2
S 117534342 243 100539 2
S 117545342 243 100538 2
S 117556341 243 100541 2
S 117567340 243 100541 2
S 117578340 243 100543 2
S 117589339 243 100544 2
S 117600338 243 100536 2
S 117611337 243 100537 2
S 117622337 243 100539 2
S 117633336 243 100545 2
S 117644335 243 100538 2
S 117655335 243 100545 2
S 117666334 243 100543 2
S 117677333 243 100541 2
S 117688333 243 100545 2
S 117699332 243 100539 2
S 117710331 243 100544 2
S 117721331 243 100542 2
S 117732330 243 100544 2
S 117743329 243 100544 2
S 117754329 243 100547 2
S 117765328 243 100547 2
S 117776327 243 100539 2
S 117792326 243 100545 2
S 117803325 243 100536 2
S 117814325 243 100539 2
S 117825324 243 100539 2
S 117836323 243 100536 2
S 117847323 243 100538 2
S 117858322 243 100536 2
S 117869321 243 100535 2
S 117880321 243 100535 2
S 117891320 243 100534 2
S 117902319 243 100539 2
S 117913319 243 100539 2
S 117924318 243 100537 2
S 117935317 243 100536 2
S 117946317 243 100535 2
S 117957316 243 100536 2
S 117968315 243 100536 2
S 117979314 243 100534 2
S 117990314 243 100533 2
S 118001314 243 100537 2
S 118012312 243 100536 2
S 118023312 243 100534 2
S 118034311 243 100537 2
S 118045310 243 100541 2
S 118056310 243 100534 2
S 118067309 243 100539 2
S 118078308 243 100537 2
S 118089308 243 100537 2
S 118100307 243 100536 2
S 118111306 243 100539 2
S 118122306 243 100537 2
S 118133305 243 100540 2
S 118144304 243 100544 2
S 118155303 243 100544 2
S 118166303 243 100539 2
S 118177302 243 100541 2
S 118188301 243 100539 2
S 118199301 243 100540 2
S 118210300 243 100539 2
S 118221299 243 100541 2
S 118232299 243 100544 2
S 118243298 243 100543 2
S 118254297 243 100541 2
S 118265297 243 100545 2
S 118276296 243 100545 2
S 118287295 243 100541 2
S 118298295 243 100539 2
S 118309294 243 100537 2
S 118320293 243 100542 2
S 118331292 243 100540 2
S 118342292 243 100537 2
S 118353291 243 100539 2
S 118364290 243 100538 2
S 118375290 243 100536 2
S 118386289 243 100540 2
S 118397288 243 100545 2
S 118408288 243 100542 2
S 118419287 243 100542 2
S 118430286 243 100542 2
S 118441286 243 100538 2
S 118452285 243 100544 2
S 118463284 243 100545 2
S 118474284 243 100539 2
S 118485283 243 100544 2
S 118496282 243 100542 2
S 118507281 243 100536 2
S 118518281 243 100539 2
S 118529280 243 100531 2
S 118540279 243 100538 2
S 118551279 243 100538 2
S 118562278 243 100536 2
S 118573277 243 100536 2
S 118584277 243 100536 2
S 118595276 243 100533 2
S 118606275 243 100538 2
S 118617275 243 100534 2
S 118628274 243 100539 2
S 118639273 243 100542 2
S 118650273 243 100538 2
S 118661272 243 100543 2
S 118672271 243 100539 2
S 118683270 243 100542 2
S 118694270 243 100539 2
S 118705269 243 100542 2
S 118716268 243 100544 2
S 118727268 243 100547 2
S 118738267 243 100542 2
S 118749266 243 100539 2
S 118760266 243 100546 2
S 118771265 243 100548 2
S 118782264 243 100545 2
S 118798263 242 100536 2
S 118809263 242 100535 2
S 118820262 242 100541 2
S 118831261 242 100536 2
S 118842261 242 100536 2
S 118853260 242 100536 2
S 118864259 242 100536 2
S 118875258 242 100543 2
S 118886258 242 100538 2
S 118897257 242 100536 2
S 118908256 242 100540 2
S 118919256 242 100542 2
S 118930255 242 100536 2
S 118941254 242 100538 2
S 118952254 242 100535 2
S 118963253 242 100536 2
S 118974252 242 100533 2
S 118985252 242 100537 2
S 118996251 242 100533 2
S 119007250 242 100536 2
S 119018250 242 100536 2
S 119029249 242 100533 2
S 119040248 242 100540 2
S 119051247 242 100537 2
S 119062247 242 100532 2
S 119073246 242 100540 2
S 119084245 242 100538 2
S 119095245 242 100537 2
S 119106244 242 100528 2
S 119117243 242 100533 2
S 119128243 242 100534 2
S 119139242 242 100530 2
S 119150241 242 100533 2
S 119161241 242 100538 2
S 119172240 242 100535 2
S 119183239 242 100540 2
S 119194239 242 100539 2
S 119205238 242 100536 2
S 119216237 242 100536 2
S 119227236 242 100539 2
S 119238236 242 100539 2
S 119249235 242 100536 2
S 119260234 242 100531 2
S 119271234 242 100533 2
S 119282233 242 100533 2
S 119293232 242 100542 2
S 119304232 242 100540 2
S 119315231 242 100544 2
S 119326230 242 100537 2
S 119337230 242 100536 2
S 119348229 242 100536 2
S 119359228 242 100534 2
S 119370228 242 100536 2
S 119381227 242 100540 2
S 119392226 242 100543 2
S 119403225 242 100539 2
S 119414225 242 100533 2
S 119425224 242 100536 2
S 119436223 242 100533 2
S 119447223 242 100535 2
S 119458222 242 100539 2
S 119469221 242 100537 2
S 119480221 242 100545 2
S 119491220 242 100541 2
S 119502219 242 100541 2
S 119513219 242 100538 2
S 119524218 242 100539 2
S 119535217 242 100539 2
S 119546217 242 100537 2
S 119557216 242 100539 2
S 119568215 242 100539 2
S 119579214 242 100539 2
S 119590214 242 100540 2
S 119601213 242 100533 2
S 119612212 242 100539 2
S 119623212 242 100542 2
S 119634211 242 100542 2
S 119645210 242 100537 2
S 119656210 242 100536 2
S 119667209 242 100539 2
S 119678208 242 100537 2
S 119689208 242 100538 2
S 119700207 242 100537 2
S 119711206 242 100535 2
S 119722206 242 100535 2
S 119733205 242 100538 2
S 119744204 242 100536 2
S 119755203 242 100535 2
S 119766203 242 100534 2
S 119777202 242 100540 2
S 119788201 242 100541 2
S 119804200 242 100541 2
S 119815200 242 100542 2
S 119826199 242 100542 2
S 119837198 242 100548 2
S 119848198 242 100540 2
S 119859197 242 100542 2
S 119870196 242 100541 2
S 119881196 242 100537 2
S 119892195 242 100542 2
S 119903194 242 100542 2
S 119914194 242 100539 2
S 119925193 242 100540 2
S 119936192 242 100541 2
S 119947191 242 100542 2
S 119958191 242 100541 2
S 119969190 242 100542 2
S 119980189 242 100542 2
S 119991189 242 100543 2
S 120002189 242 100545 2
S 120013187 242 100542 2
S 120024187 242 100540 2
S 120035186 242 100541 2
S 120046185 242 100540 2
S 120057185 242 100539 2
S 120068184 242 100542 2
S 120079183 242 100541 2
S 120090183 242 100542 2
S 120101182 242 100542 2
S 120112181 242 100542 2
S 120123180 242 100538 2
S 120134180 242 100547 2
S 120145179 242 100541 2
S 120156178 242 100546 2
S 120167178 242 100542 2
S 120178177 242 100542 2
S 120189176 242 100547 2
S 120200176 242 100544 2
S 120211175 242 100543 2
S 120222174 242 100544 2
S 120233174 242 100543 2
S 120244173 242 100537 2
S 120255172 242 100542 2
S 120266172 242 100542 2
S 120277171 242 100542 2
S 120288170 242 100541 2
S 120299169 242 100540 2
S 120310169 242 100539 2
S 120321168 242 100536 2
S 120332167 242 100539 2
S 120343167 242 100539 2
S 120354166 242 100541 2
S 120365165 242 100541 2
S 120376165 242 100539 2
S 120387164 242 100541 2
S 120398163 242 100537 2
S 120409163 242 100543 2
S 120420162 242 100544 2
S 120431161 242 100542 2
S 120442161 242 100542 2
S 120453160 242 100541 2
S 120464159 242 100546 2
S 120475158 242 100545 2
S 120486158 242 100540 2
S 120497157 242 100543 2
S 120508156 242 100545 2
S 120519156 242 100548 2
S 120530155 242 100542 2
S 120541154 242 100542 2
S 120552154 242 100545 2
S 120563153 242 100545 2
S 120574152 242 100542 2
S 120585152 242 100541 2
S 120596151 242 100544 2
S 120607150 242 100539 2
S 120618150 242 100538 2
S 120629149 242 100543 2
S 120640148 242 100539 2
S 120651147 242 100545 2
S 120662147 242 100543 2
S 120673146 242 100542 2
S 120684145 242 100545 2
S 120695145 242 100542 2
S 120706144 242 100542 2
S 120717143 242 100545 2
S 120728143 242 100538 2
S 120739142 242 100538 2
S 120750141 242 100535 2
S 120761141 242 100542 2
S 120772140 242 100537 2
S 120783139 242 100542 2
S 120794139 242 100540 2
S 120810138 242 100540 2
S 120821137 242 100539 2
S 120832136 242 100538 2
S 120843135 242 100538 2
S 120854135 242 100536 2
S 120865134 242 100540 2
S 120876133 242 100536 2
S 120887133 242 100535 2
S 120898132 242 100539 2
S 120909131 242 100531 2
S 120920131 242 100535 2
S 120931130 242 100535 2
S 120942129 242 100537 2
S 120953129 242 100539 2
S 120964128 242 100538 2
S 120975127 242 100538 2
S 120986127 242 100536 2
S 120997126 242 100539 2
S 121008125 242 100539 2
S 121019124 242 100539 2
S 121030124 242 100537 2
S 121041123 242 100540 2
S 121052122 242 100539 2
S 121063122 242 100542 2
S 121074121 242 100538 2
S 121085120 242 100544 2
S 121096120 242 100539 2
S 121107119 242 100545 2
S 121118118 242 100539 2
S 121129118 242 100539 2
S 121140117 242 100538 2
S 121151116 242 100539 2
S 121162116 242 100539 2
S 121173115 242 100534 2
S 121184114 242 100537 2
S 121195113 242 100535 2
S 121206113 242 100539 2
S 121217112 242 100537 2
S 121228111 242 100538 2
S 121239111 242 100529 2
S 121250110 242 100536 2
S 121261109 242 100534 2
S 121272109 242 100533 2
S 121283108 242 100531 2
S 121294107 242 100536 2
S 121305107 242 100533 2
S 121316106 242 100539 2
S 121327105 242 100531 2
S 121338105 242 100533 2
S 121349104 242 100536 2
S 121360103 242 100536 2
S 121371102 242 100537 2
S 121382102 242 100533 2
S 121393101 242 100539 2
S 121404100 242 100533 2
S 121415100 242 100536 2
S 121426099 242 100539 2
S 121437098 242 100536 2
S 121448098 242 100535 2
S 121459097 242 100535 2
S 121470096 242 100531 2
S 121481096 242 100533 2
S 121492095 242 100531 2
S 121503094 242 100536 2
S 121514094 242 100532 2
S 121525093 242 100539 2
S 121536092 242 100543 2
S 121547091 242 100543 2
S 121558091 242 100545 2
S 121569090 242 100539 2
S 121580089 242 100540 2
S 121591089 242 100536 2
S 121602088 242 100540 2
S 121613087 242 100540 2
S 121624087 242 100540 2
S 121635086 242 100537 2
S 121646085 242 100539 2
S 121657085 242 100539 2
S 121668084 242 100542 2
S 121679083 242 100538 2
S 121690083 242 100537 2
S 121701082 242 100537 2
S 121712081 242 100535 2
S 121723080 242 100536 2
S 121734080 242 100533 2
S 121745079 242 100536 2
S 121756078 242 100537 2
S 121767078 242 100541 2
S 121778077 242 100538 2
S 121789076 242 100539 2
S 121800076 242 100533 2
S 121816075 242 100530 2
S 121827074 242 100531 2
S 121838073 242 100533 2
S 121849073 242 100533 2
S 121860072 242 100532 2
S 121871071 242 100529 2
S 121882071 242 100535 2
S 121893070 242 100533 2
S 121904069 242 100533 2
S 121915068 242 100531 2
S 121926068 242 100539 2
S 121937067 242 100531 2
S 121948066 242 100530 2
S 121959066 242 100532 2
S 121970065 242 100532 2
S 121981064 242 100531 2
S 121992064 242 100532 2
S 122003063 242 100534 2
S 122014062 242 100533 2
S 122025062 242 100534 2
S 122036061 242 100533 2
S 122047060 242 100529 2
S 122058060 242 100528 2
S 122069059 242 100528 2
S 122080058 242 100528 2
S 122091057 242 100527 2
S 122102057 242 100530 2
S 122113056 242 100533 2
S 122124055 242 100531 2
S 122135055 242 100532 2
S 122146054 242 100533 2
S 122157053 242 100531 2
S 122168053 242 100530 2
S 122179052 242 100523 2
S 122190051 242 100533 2
S 122201051 242 100527 2
S 122212050 242 100529 2
S 122223049 242 100524 2
S 122234049 242 100528 2
S 122245048 242 100527 2
S 122256047 242 100528 2
S 122267046 242 100531 2
S 122278046 242 100530 2
S 122289045 242 100531 2
S 122300044 242 100529 2
S 122311044 242 100527 2
S 122322043 242 100530 2
S 122333042 242 100531 2
S 122344042 242 100532 2
S 122355041 242 100529 2
S 122366040 242 100531 2
S 122377040 242 100528 2
S 122388039 242 100528 2
S 122399038 242 100531 2
S 122410038 242 100526 2
S 122421037 242 100525 2
S 122432036 242 100528 2
S 122443035 242 100530 2
S 122454035 242 100531 2
S 122465034 242 100530 2
S 122476033 242 100533 2
S 122487033 242 100533 2
S 122498032 242 100526 2
S 122509031 242 100530 2
S 122520031 242 100525 2
S 122531030 242 100531 2
S 122542029 242 100528 2
S 122553029 242 100530 2
S 122564028 242 100527 2
S 122575027 242 100525 2
S 122586027 242 100520 2
S 122597026 242 100526 2
S 122608025 242 100526 2
S 122619024 242 100527 2
S 122630024 242 100532 2
S 122641023 242 100528 2
S 122652022 242 100522 2
S 122663022 242 100534 2
S 122674021 242 100530 2
S 122685020 242 100525 2
S 122696020 242 100524 2
S 122707019 242 100525 2
S 122718018 242 100522 2
S 122729018 242 100527 2
S 122740017 242 100528 2
S 122751016 242 100533 2
S 122762016 242 100531 2
S 122773015 242 100529 2
S 122784014 242 100525 2
S 122795013 242 100528 2
S 122806013 242 100534 2
S 122822012 242 100541 2
S 122833011 242 100536 2
S 122844010 242 100541 2
S 122855010 242 100535 2
S 122866009 242 100536 2
S 122877008 242 100538 2
S 122888008 242 100539 2
S 122899007 242 100536 2
S 122910006 242 100533 2
S 122921006 242 100533 2
S 122932005 242 100536 2
S 122943004 242 100541 2
S 122954004 242 100541 2
S 122965003 242 100539 2
S 122976002 242 100538 2
S 122987001 242 100544 2
S 122998001 242 100538 2
S 123009000 242 100539 2
S 123019999 242 100536 2
S 123030999 242 100539 2
S 123041998 242 100532 2
S 123052997 242 100537 2
S 123063997 242 100539 2
S 123074996 242 100542 2
S 123085995 242 100542 2
S 123096995 242 100541 2
S 123107994 242 100538 2
S 123118993 242 100539 2
S 123129993 242 100539 2
S 123140992 242 100539 2
S 123151991 242 100542 2
S 123162990 242 100542 2
S 123173990 242 100538 2
S 123184989 242 100540 2
S 123195988 242 100542 2
S 123206988 242 100539 2
S 123217987 242 100540 2
S 123228986 242 100538 2
S 123239986 242 100539 2
S 123250985 242 100533 2
S 123261984 242 100532 2
S 123272984 242 100534 2
S 123283983 242 100541 2
S 123294982 242 100541 2
S 123305982 242 100541 2
S 123316981 242 100539 2
S 123327980 242 100542 2
S 123338979 242 100539 2
S 123349979 242 100539 2
S 123360978 242 100530 2
S 123371977 242 100536 2
S 123382977 242 100533 2
S 123393976 242 100536 2
S 123404975 242 100537 2
S 123415975 242 100534 2
S 123426974 242 100533 2
S 123437973 242 100532 2
S 123448973 242 100539 2
S 123459972 242 100539 2
S 123470971 242 100532 2
S 123481971 242 100537 2
S 123492970 242 100540 2
S 123503969 242 100536 2
S 123514968 242 100528 2
S 123525968 242 100533 2
S 123536967 242 100533 2
S 123547966 242 100539 2
S 123558966 242 100536 2
S 123569965 242 100538 2
S 123580964 242 100537 2
S 123591964 242 100539 2
S 123602963 242 100539 2
S 123613962 242 100538 2
S 123624962 242 100534 2
S 123635961 242 100536 2
S 123646960 242 100536 2
S 123657960 242 100533 2
S 123668959 242 100536 2
S 123679958 242 100537 2
S 123690957 242 100533 2
S 123701957 242 100539 2
S 123712956 242 100534 2
S 123723955 242 100539 2
S 123734955 242 100533 2
S 123745954 242 100533 2
S 123756953 242 100533 2
S 123767953 242 100535 2
S 123778952 242 100532 2
S 123789951 242 100535 2
S 123800951 242 100530 2
S 123811950 242 100533 2
S 123827949 242 100534 2
S 123838948 242 100539 2
S 123849948 242 100532 2
S 123860947 242 100534 2
S 123871946 242 100540 2
S 123882945 242 100535 2
S 123893945 242 100536 2
S 123904944 242 100533 2
S 123915943 242 100538 2
S 123926943 242 100528 2
S 123937942 242 100534 2
S 123948941 242 100532 2
S 123959941 242 100533 2
S 123970940 242 100539 2
S 123981939 242 100536 2
S 123992939 242 100533 2
S 124003938 242 100536 2
S 124014937 242 100533 2
S 124025937 242 100533 2
S 124036936 242 100535 2
S 124047935 242 100532 2
S 124058934 242 100529 2
S 124069934 242 100531 2
S 124080933 242 100527 2
S 124091932 242 100531 2
S 124102932 242 100535 2
S 124113931 242 100528 2
S 124124930 242 100535 2
S 124135930 242 100533 2
S 124146929 242 100535 2
S 124157928 242 100533 2
S 124168928 242 100532 2
S 124179927 242 100529 2
S 124190926 242 100528 2
S 124201926 242 100531 2
S 124212925 242 100530 2
S 124223924 242 100529 2
S 124234923 242 100532 2
S 124245923 242 100531 2
S 124256922 242 100533 2
S 124267921 242 100535 2
S 124278921 242 100531 2
S 124289920 242 100525 2
S 124300919 242 100534 2
S 124311919 242 100536 2
S 124322918 242 100531 2
S 124333917 242 100532 2
S 124344917 242 100531 2
S 124355916 242 100531 2
S 124366915 242 100528 2
S 124377915 242 100528 2
S 124388914 242 100532 2
S 124399913 242 100531 2
S 124410912 242 100529 2
S 124421912 242 100532 2
S 124432911 242 100534 2
S 124443910 242 100536 2
S 124454910 242 100535 2
S 124465909 242 100534 2
S 124476908 242 100527 2
S 124487908 242 100531 2
S 124498907 242 100536 2
S 124509906 242 100532 2
S 124520906 242 100536 2
S 124531905 242 100533 2
S 124542904 242 100533 2
S 124553904 242 100531 2
S 124564903 242 100533 2
S 124575902 242 100535 2
S 124586901 242 100537 2
S 124597901 242 100531 2
S 124608900 242 100531 2
S 124619899 242 100527 2
S 124630899 242 100531 2
S 124641898 242 100531 2
S 124652897 242 100531 2
S 124663897 242 100529 2
S 124674896 242 100528 2
S 124685895 242 100531 2
S 124696895 242 100536 2
S 124707894 242 100529 2
S 124718893 242 100533 2
S 124729893 242 100533 2
S 124740892 242 100536 2
S 124751891 242 100533 2
S 124762890 242 100532 2
S 124773890 242 100531 2
S 124784889 242 100532 2
S 124795888 242 100531 2
S 124806888 242 100531 2
S 124817887 242 100531 2
S 124833886 242 100536 2
S 124844885 242 100536 2
S 124855885 242 100533 2
S 124866884 242 100534 2
S 124877883 242 100532 2
S 124888883 242 100529 2
S 124899882 242 100531 2
S 124910881 242 100535 2
S 124921881 242 100529 2
S 124932880 242 100526 2
S 124943879 242 100536 2
S 124954878 242 100525 2
S 124965878 242 100533 2
S 124976877 242 100535 2
S 124987876 242 100531 2
S 124998876 242 100535 2
S 125009875 242 100533 2
S 125020874 242 100526 2
S 125031874 242 100529 2
S 125042873 242 100536 2
S 125053872 242 100539 2
S 125064872 242 100530 2
S 125075871 242 100528 2
S 125086870 242 100529 2
S 125097870 242 100531 2
S 125108869 242 100531 2
S 125119868 242 100530 2
S 125130867 242 100531 2
S 125141867 242 100534 2
S 125152866 242 100531 2
S 125163865 242 100531 2
S 125174865 242 100531 2
S 125185864 242 100530 2
S 125196863 242 100531 2
S 125207863 242 100535 2
S 125218862 242 100532 2
S 125229861 242 100536 2
S 125240861 242 100540 2
S 125251860 242 100540 2
S 125262859 242 100544 2
S 125273859 242 100537 2
S 125284858 242 100531 2
S 125295857 242 100534 2
S 125306856 242 100536 2
S 125317856 242 100533 2
S 125328855 242 100531 2
S 125339854 242 100529 2
S 125350854 242 100533 2
S 125361853 242 100532 2
S 125372852 242 100530 2
S 125383852 242 100532 2
S 125394851 242 100531 2
S 125405850 242 100531 2
S 125416850 242 100531 2
S 125427849 242 100530 2
S 125438848 242 100533 2
S 125449848 242 100533 2
S 125460847 242 100530 2
S 125471846 242 100530 2
S 125482845 242 100529 2
S 125493845 242 100531 2
S 125504844 242 100531 2
S 125515843 242 100533 2
S 125526843 242 100531 2
S 125537842 242 100531 2
S 125548841 242 100533 2
S 125559841 242 100533 2
S 125570840 242 100532 2
S 125581839 242 100533 2
S 125592839 242 100536 2
S 125603838 242 100534 2
S 125614837 242 100531 2
S 125625837 242 100528 2
S 125636836 242 100533 2
S 125647835 242 100536 2
S 125658834 242 100536 2
S 125669834 242 100532 2
S 125680833 242 100538 2
S 125691832 242 100533 2
S 125702832 242 100529 2
S 125713831 242 100533 2
S 125724830 242 100537 2
S 125735830 242 100533 2
S 125746829 242 100536 2
S 125757828 242 100533 2
S 125768828 242 100532 2
S 125779827 242 100533 2
S 125790826 242 100533 2
S 125801826 242 100533 2
S 125812825 242 100532 2
S 125823824 242 100533 2
S 125839823 242 100533 2
S 125850822 242 100537 2
S 125861822 242 100536 2
S 125872821 242 100533 2
S 125883820 242 100537 2
S 125894820 242 100536 2
S 125905819 242 100536 2
S 125916818 242 100536 2
S 125927818 242 100539 2
S 125938817 242 100538 2
S 125949816 242 100537 2
S 125960816 242 100531 2
S 125971815 242 100534 2
S 125982814 242 100534 2
S 125993814 242 100535 2
S 126004813 242 100535 2
S 126015812 242 100533 2
S 126026811 242 100533 2
S 126037811 242 100529 2
S 126048810 242 100537 2
S 126059809 242 100536 2
S 126070809 242 100533 2
S 126081808 242 100539 2
S 126092807 242 100535 2
S 126103807 242 100531 2
S 126114806 242 100530 2
S 126125805 242 100533 2
S 126136805 242 100533 2
S 126147804 242 100532 2
S 126158803 242 100537 2
S 126169803 242 100536 2
S 126180802 242 100539 2
S 126191801 242 100540 2
S 126202800 242 100533 2
S 126213800 242 100535 2
S 126224799 242 100536 2
S 126235798 242 100539 2
S 126246798 242 100533 2
S 126257797 242 100532 2
S 126268796 242 100531 2
S 126279796 242 100531 2
S 126290795 242 100534 2
S 126301794 242 100528 2
S 126312794 242 100534 2
S 126323793 242 100536 2
S 126334792 242 100530 2
S 126345792 242 100535 2
S 126356791 242 100536 2
S 126367790 242 100531 2
S 126378789 242 100533 2
S 126389789 242 100531 2
S 126400788 242 100536 2
S 126411787 242 100534 2
S 126422787 242 100528 2
S 126433786 242 100535 2
S 126444785 242 100535 2
S 126455785 242 100536 2
S 126466784 242 100530 2
S 126477783 242 100531 2
S 126488783 242 100526 2
S 126499782 242 100536 2
S 126510781 242 100532 2
S 126521781 242 100531 2
S 126532780 242 100531 2
S 126543779 242 100535 2
S 126554778 242 100531 2
S 126565778 242 100536 2
S 126576777 242 100532 2
S 126587776 242 100532 2
S 126598776 242 100535 2
S 126609775 242 100528 2
S 126620774 242 100533 2
S 126631774 242 100533 2
S 126642773 242 100531 2
S 126653772 242 100532 2
S 126664772 242 100539 2
S 126675771 242 100536 2
S 126686770 242 100530 2
S 126697770 242 100533 2
S 126708769 242 100536 2
S 126719768 242 100536 2
S 126730767 242 100536 2
S 126741767 242 100537 2
S 126752766 242 100536 2
S 126763765 242 100537 2
S 126774765 242 100533 2
S 126785764 242 100532 2
S 126796763 242 100533 2
S 126807763 242 100528 2
S 126818762 242 100527 2
S 126829761 242 100531 2
S 126845760 243 100537 2
S 126856760 243 100536 2
S 126867759 243 100536 2
S 126878758 243 100536 2
S 126889758 243 100531 2
S 126900757 243 100535 2
S 126911756 243 100538 2
S 126922755 243 100534 2
S 126933755 243 100533 2
S 126944754 243 100538 2
S 126955753 243 100539 2
S 126966753 243 100536 2
S 126977752 243 100538 2
S 126988751 243 100533 2
S 126999751 243 100536 2
S 127010750 243 100537 2
S 127021749 243 100536 2
S 127032749 243 100540 2
S 127043748 243 100539 2
S 127054747 243 100536 2
S 127065747 243 100540 2
S 127076746 243 100539 2
S 127087745 243 100536 2
S 127098744 243 100532 2
S 127109744 243 100536 2
S 127120743 243 100539 2
S 127131742 243 100534 2
S 127142742 243 100536 2
S 127153741 243 100536 2
S 127164740 243 100539 2
S 127175740 243 100539 2
S 127186739 243 100538 2
S 127197738 243 100534 2
S 127208738 243 100539 2
S 127219737 243 100534 2
S 127230736 243 100538 2
S 127241736 243 100541 2
S 127252735 243 100534 2
S 127263734 243 100540 2
S 127274733 243 100534 2
S 127285733 243 100533 2
S 127296732 243 100537 2
S 127307731 243 100535 2
S 127318731 243 100536 2
S 127329730 243 100534 2
S 127340729 243 100538 2
S 127351729 243 100536 2
S 127362728 243 100532 2
S 127373727 243 100533 2
S 127384727 243 100534 2
S 127395726 243 100534 2
S 127406725 243 100536 2
S 127417725 243 100531 2
S 127428724 243 100534 2
S 127439723 243 100534 2
S 127450722 243 100531 2
S 127461722 243 100534 2
S 127472721 243 100531 2
S 127483720 243 100533 2
S 127494720 243 100533 2
S 127505719 243 100536 2
S 127516718 243 100534 2
S 127527718 243 100530 2
S 127538717 243 100532 2
S 127549716 243 100534 2
S 127560716 243 100529 2
S 127571715 243 100531 2
S 127582714 243 100536 2
S 127593714 243 100529 2
S 127604713 243 100531 2
S 127615712 243 100532 2
S 127626711 243 100534 2
S 127637711 243 100534 2
S 127648710 243 100531 2
S 127659709 243 100533 2
S 127670709 243 100528 2
S 127681708 243 100532 2
S 127692707 243 100524 2
S 127703707 243 100530 2
S 127714706 243 100529 2
S 127725705 243 100536 2
S 127736705 243 100528 2
S 127747704 243 100534 2
S 127758703 243 100532 2
S 127769703 243 100528 2
S 127780702 243 100529 2
S 127791701 243 100531 2
S 127802700 243 100531 2
S 127813700 243 100533 2
S 127824699 243 100531 2
S 127835698 243 100531 2
S 127851697 243 100535 2
S 127862697 243 100538 2
S 127873696 243 100534 2
S 127884695 243 100533 2
S 127895695 243 100536 2
S 127906694 243 100539 2
S 127917693 243 100534 2
S 127928693 243 100534 2
S 127939692 243 100536 2
S 127950691 243 100536 2
S 127961691 243 100539 2
S 127972690 243 100531 2
S 127983689 243 100536 2
S 127994688 243 100535 2
S 128005688 243 100538 2
S 128016687 243 100533 2
S 128027686 243 100531 2
S 128038686 243 100531 2
S 128049685 243 100531 2
S 128060684 243 100534 2
S 128071684 243 100531 2
S 128082683 243 100542 2
S 128093682 243 100536 2
S 128104682 243 100536 2
S 128115681 243 100539 2
S 128126680 243 100538 2
S 128137680 243 100538 2
S 128148679 243 100536 2
S 128159678 243 100531 2
S 128170677 243 100533 2
S 128181677 243 100536 2
S 128192676 243 100534 2
S 128203675 243 100538 2
S 128214675 243 100536 2
S 128225674 243 100538 2
S 128236673 243 100539 2
S 128247673 243 100535 2
S 128258672 243 100536 2
S 128269671 243 100541 2
S 128280671 243 100540 2
S 128291670 243 100545 2
S 128302669 243 100536 2
S 128313669 243 100536 2
S 128324668 243 100536 2
S 128335667 243 100536 2
S 128346666 243 100542 2
S 128357666 243 100536 2
S 128368665 243 100540 2
S 128379664 243 100539 2
S 128390664 243 100540 2
S 128401663 243 100536 2
S 128412662 243 100539 2
S 128423662 243 100536 2
S 128434661 243 100534 2
S 128445660 243 100538 2
S 128456660 243 100539 2
S 128467659 243 100539 2
S 128478658 243 100538 2
S 128489658 243 100538 2
S 128500657 243 100539 2
S 128511656 243 100542 2
S 128522655 243 100541 2
S 128533655 243 100535 2
S 128544654 243 100539 2
S 128555653 243 100536 2
S 128566653 243 100542 2
S 128577652 243 100534 2
S 128588651 243 100536 2
S 128599651 243 100535 2
S 128610650 243 100539 2
S 128621649 243 100537 2
S 128632649 243 100536 2
S 128643648 243 100536 2
S 128654647 243 100535 2
S 128665647 243 100535 2
S 128676646 243 100534 2
S 128687645 243 100537 2
S 128698644 243 100539 2
S 128709644 243 100536 2
S 128720643 243 100536 2
S 128731642 243 100536 2
S 128742642 243 100539 2
S 128753641 243 100538 2
S 128764640 243 100539 2
S 128775640 243 100536 2
S 128786639 243 100539 2
S 128797638 243 100540 2
S 128808638 243 100539 2
S 128819637 243 100537 2
S 128830636 243 100531 2
S 128841636 243 100535 2
S 128857635 243 100538 2
S 128868634 243 100534 2
S 128879633 243 100532 2
S 128890632 243 100533 2
S 128901632 243 100528 2
S 128912631 243 100534 2
S 128923630 243 100534 2
S 128934630 243 100532 2
S 128945629 243 100535 2
S 128956628 243 100536 2
S 128967628 243 100532 2
S 128978627 243 100534 2
S 128989626 243 100532 2
S 129000624 243 100534 2
S 129011625 243 100531 2
S 129022624 243 100539 2
S 129033624 243 100529 2
S 129044623 243 100533 2
S 129055622 243 100532 2
S 129066621 243 100531 2
S 129077621 243 100528 2
S 129088620 243 100532 2
S 129099619 243 100537 2
S 129110619 243 100536 2
S 129121618 243 100541 2
S 129132617 243 100538 2
S 129143617 243 100533 2
S 129154616 243 100531 2
S 129165615 243 100532 2
S 129176615 243 100536 2
S 129187614 243 100536 2
S 129198613 243 100537 2
S 129209613 243 100539 2
S 129220612 243 100538 2
S 129231611 243 100536 2
S 129242610 243 100539 2
S 129253610 243 100537 2
S 129264609 243 100532 2
S 129275608 243 100534 2
S 129286608 243 100538 2
S 129297607 243 100536 2
S 129308606 243 100534 2
S 129319606 243 100534 2
S 129330605 243 100536 2
S 129341604 243 100536 2
S 129352604 243 100534 2
S 129363603 243 100534 2
S 129374602 243 100544 2
S 129385602 243 100542 2
S 129396601 243 100534 2
S 129407600 243 100536 2
S 129418599 243 100539 2
S 129429599 243 100538 2
S 129440598 243 100539 2
S 129451597 243 100536 2
S 129462597 243 100538 2
S 129473596 243 100531 2
S 129484595 243 100536 2
S 129495595 243 100536 2
S 129506594 243 100539 2
S 129517593 243 100534 2
S 129528593 243 100534 2
S 129539592 243 100534 2
S 129550591 243 100533 2
S 129561591 243 100532 2
S 129572590 243 100531 2
S 129583589 243 100529 2
S 129594588 243 100529 2
S 129605588 243 100528 2
S 129616587 243 100535 2
S 129627586 243 100537 2
S 129638586 243 100534 2
S 129649585 243 100534 2
S 129660584 243 100540 2
S 129671584 243 100536 2
S 129682583 243 100534 2
S 129693582 243 100534 2
S 129704582 243 100536 2
S 129715581 243 100534 2
S 129726580 243 100534 2
S 129737580 243 100531 2
S 129748579 243 100540 2
S 129759578 243 100536 2
S 129770577 243 100536 2
S 129781577 243 100533 2
S 129792576 243 100534 2
S 129803575 243 100536 2
S 129814575 243 100540 2
S 129825574 243 100537 2
S 129836573 243 100534 2
S 129847573 243 100536 2
S 129863572 243 100540 2
S 129874571 243 100544 2
S 129885570 243 100541 2
S 129896570 243 100543 2
S 129907569 243 100538 2
S 129918568 243 100542 2
S 129929568 243 100536 2
S 129940567 243 100538 2
S 129951566 243 100542 2
S 129962565 243 100539 2
S 129973565 243 100544 2
S 129984564 243 100539 2
S 129995563 243 100540 2
S 130006563 243 100539 2
S 130017562 243 100539 2
S 130028561 243 100536 2
S 130039561 243 100537 2
S 130050560 243 100540 2
S 130061559 243 100542 2
S 130072559 243 100540 2
S 130083558 243 100538 2
S 130094557 243 100536 2
S 130105557 243 100536 2
S 130116556 243 100539 2
S 130127555 243 100537 2
S 130138554 243 100541 2
S 130149554 243 100539 2
S 130160553 243 100545 2
S 130171552 243 100546 2
S 130182552 243 100542 2
S 130193551 243 100539 2
S 130204550 243 100542 2
S 130215550 243 100540 2
S 130226549 243 100534 2
S 130237548 243 100536 2
S 130248548 243 100539 2
S 130259547 243 100535 2
S 130270546 243 100538 2
S 130281546 243 100540 2
S 130292545 243 100538 2
S 130303544 243 100543 2
S 130314543 243 100542 2
S 130325543 243 100539 2
S 130336542 243 100539 2
S 130347541 243 100542 2
S 130358541 243 100537 2
S 130369540 243 100542 2
S 130380539 243 100540 2
S 130391539 243 100539 2
S 130402538 243 100536 2
S 130413537 243 100536 2
S 130424537 243 100542 2
S 130435536 243 100536 2
S 130446535 243 100539 2
S 130457535 243 100537 2
S 130468534 243 100540 2
S 130479533 243 100539 2
S 130490532 243 100539 2
S 130501532 243 100539 2
S 130512531 243 100542 2
S 130523530 243 100540 2
S 130534530 243 100535 2
S 130545529 243 100539 2
S 130556528 243 100536 2
S 130567528 243 100539 2
S 130578527 243 100538 2
S 130589526 243 100542 2
S 130600526 243 100536 2
S 130611525 243 100531 2
S 130622524 243 100533 2
S 130633524 243 100538 2
S 130644523 243 100538 2
S 130655522 243 100536 2
S 130666521 243 100539 2
S 130677521 243 100537 2
S 130688520 243 100535 2
S 130699519 243 100539 2
S 130710519 243 100540 2
S 130721518 243 100540 2
S 130732517 243 100539 2
S 130743517 243 100542 2
S 130754516 243 100539 2
S 130765515 243 100539 2
S 130776515 243 100536 2
S 130787514 243 100537 2
S 130798513 243 100533 2
S 130809513 243 100536 2
S 130820512 243 100541 2
S 130831511 243 100543 2
S 130842510 243 100543 2
S 130853510 243 100540 2
S 130869509 243 100541 2
S 130880508 243 100538 2
S 130891507 243 100539 2
S 130902507 243 100541 2
S 130913506 243 100539 2
S 130924505 243 100543 2
S 130935505 243 100542 2
S 130946504 243 100541 2
S 130957503 243 100544 2
S 130968503 243 100542 2
S 130979502 243 100543 2
S 130990501 243 100536 2
S 131001501 243 100540 2
S 131012500 243 100538 2
S 131023499 243 100540 2
S 131034498 243 100542 2
S 131045498 243 100542 2
S 131056497 243 100545 2
S 131067496 243 100544 2
S 131078496 243 100541 2
S 131089495 243 100542 2
S 131100494 243 100540 2
S 131111494 243 100545 2
S 131122493 243 100540 2
S 131133492 243 100540 2
S 131144492 243 100542 2
S 131155491 243 100541 2
S 131166490 243 100542 2
S 131177490 243 100542 2
S 131188489 243 100540 2
S 131199488 243 100545 2
S 131210487 243 100548 2
S 131221487 243 100547 2
S 131232486 243 100539 2
S 131243485 243 100536 2
S 131254485 243 100540 2
S 131265484 243 100542 2
S 131276483 243 100542 2
S 131287483 243 100539 2
S 131298482 243 100537 2
S 131309481 243 100532 2
S 131320481 243 100536 2
S 131331480 243 100536 2
S 131342479 243 100537 2
S 131353479 243 100537 2
S 131364478 243 100536 2
S 131375477 243 100534 2
S 131386476 243 100539 2
S 131397476 243 100536 2
S 131408475 243 100538 2
S 131419474 243 100540 2
S 131430474 243 100542 2
S 131441473 243 100539 2
S 131452472 243 100537 2
S 131463472 243 100541 2
S 131474471 243 100542 2
S 131485470 243 100541 2
S 131496470 243 100540 2
S 131507469 243 100534 2
S 131518468 243 100539 2
S 131529468 243 100542 2
S 131540467 243 100538 2
S 131551466 243 100539 2
S 131562465 243 100536 2
S 131573465 243 100541 2
S 131584464 243 100534 2
S 131595463 243 100538 2
S 131606463 243 100537 2
S 131617462 243 100542 2
S 131628461 243 100539 2
S 131639461 243 100537 2
S 131650460 243 100544 2
S 131661459 243 100534 2
S 131672459 243 100539 2
S 131683458 243 100538 2
S 131694457 243 100545 2
S 131705457 243 100541 2
S 131716456 243 100537 2
S 131727455 243 100542 2
S 131738454 243 100547 2
S 131749454 243 100545 2
S 131760453 243 100543 2
S 131771452 243 100541 2
S 131782452 243 100540 2
S 131793451 243 100546 2
S 131804450 243 100543 2
S 131815450 243 100544 2
S 131826449 243 100541 2
S 131837448 243 100541 2
S 131848448 243 100539 2
S 131859447 243 100540 2
S 131875446 243 100541 2
S 131886445 243 100544 2
S 131897445 243 100540 2
S 131908444 243 100542 2
S 131919443 243 100536 2
S 131930442 243 100539 2
S 131941442 243 100541 2
S 131952441 243 100539 2
S 131963440 243 100542 2
S 131974440 243 100542 2
S 131985439 243 100543 2
S 131996438 243 100545 2
S 132007438 243 100543 2
S 132018437 243 100542 2
S 132029436 243 100538 2
S 132040436 243 100536 2
S 132051435 243 100537 2
S 132062434 243 100540 2
S 132073434 243 100537 2
S 132084433 243 100544 2
S 132095432 243 100544 2
S 132106431 243 100539 2
S 132117431 243 100540 2
S 132128430 243 100542 2
S 132139429 243 100542 2
S 132150429 243 100545 2
S 132161428 243 100541 2
S 132172427 243 100549 2
S 132183427 243 100542 2
S 132194426 243 100541 2
S 132205425 243 100540 2
S 132216425 243 100537 2
S 132227424 243 100538 2
S 132238423 243 100542 2
S 132249423 243 100540 2
S 132260422 243 100540 2
S 132271421 243 100539 2
S 132282420 243 100540 2
S 132293420 243 100540 2
S 132304419 243 100542 2
S 132315418 243 100538 2
S 132326418 243 100539 2
S 132337417 243 100546 2
S 132348416 243 100542 2
S 132359416 243 100542 2
S 132370415 243 100542 2
S 132381414 243 100542 2
S 132392414 243 100536 2
S 132403413 243 100539 2
S 132414412 243 100542 2
S 132425412 243 100542 2
S 132436411 243 100540 2
S 132447410 243 100538 2
S 132458409 243 100539 2
S 132469409 243 100540 2
S 132480408 243 100540 2
S 132491407 243 100544 2
S 132502407 243 100539 2
S 132513406 243 100539 2
S 132524405 243 100535 2
S 132535405 243 100538 2
S 132546404 243 100539 2
S 132557403 243 100541 2
S 132568403 243 100539 2
S 132579402 243 100542 2
S 132590401 243 100535 2
S 132601401 243 100537 2
S 132612400 243 100534 2
S 132623399 243 100536 2
S 132634398 243 100540 2
S 132645398 243 100537 2
S 132656397 243 100539 2
S 132667396 243 100534 2
S 132678396 243 100538 2
S 132689395 243 100534 2
S 132700394 243 100536 2
S 132711394 243 100535 2
S 132722393 243 100536 2
S 132733392 243 100539 2
S 132744392 243 100536 2
S 132755391 243 100535 2
S 132766390 243 100533 2
S 132777390 243 100539 2
S 132788389 243 100537 2
S 132799388 243 100535 2
S 132810387 243 100539 2
S 132821387 243 100533 2
S 132832386 243 100539 2
S 132843385 243 100545 2
S 132854385 243 100542 2
S 132865384 243 100543 2
S 132881383 243 100545 2
S 132892382 243 100543 2
S 132903382 243 100542 2
S 132914381 243 100535 2
S 132925380 243 100539 2
S 132936380 243 100543 2
S 132947379 243 100539 2
S 132958378 243 100543 2
S 132969378 243 100538 2
S 132980377 243 100539 2
S 132991376 243 100537 2
S 133002375 243 100536 2
S 133013375 243 100539 2
S 133024374 243 100536 2
S 133035373 243 100543 2
S 133046373 243 100544 2
S 133057372 243 100538 2
S 133068371 243 100539 2
S 133079371 243 100542 2
S 133090370 243 100542 2
S 133101369 243 100539 2
S 133112369 243 100539 2
S 133123368 243 100542 2
S 133134367 243 100536 2
S 133145367 243 100539 2
S 133156366 243 100542 2
S 133167365 243 100540 2
S 133178364 243 100537 2
S 133189364 243 100536 2
S 133200363 243 100537 2
S 133211362 243 100539 2
S 133222362 243 100538 2
S 133233361 243 100536 2
S 133244360 243 100537 2
S 133255360 243 100534 2
S 133266359 243 100546 2
S 133277358 243 100546 2
S 133288358 243 100537 2
S 133299357 243 100541 2
S 133310356 243 100539 2
S 133321356 243 100547 2
S 133332355 243 100539 2
S 133343354 243 100536 2
S 133354353 243 100536 2
S 133365353 243 100534 2
S 133376352 243 100540 2
S 133387351 243 100536 2
S 133398351 243 100536 2
S 133409350 243 100538 2
S 133420349 243 100540 2
S 133431349 243 100537 2
S 133442348 243 100539 2
S 133453347 243 100539 2
S 133464347 243 100540 2
S 133475346 243 100540 2
S 133486345 243 100542 2
S 133497345 243 100536 2
S 133508344 243 100539 2
S 133519343 243 100539 2
S 133530342 243 100534 2
S 133541342 243 100536 2
S 133552341 243 100536 2
S 133563340 243 100536 2
S 133574340 243 100539 2
S 133585339 243 100539 2
S 133596338 243 100538 2
S 133607338 243 100539 2
S 133618337 243 100539 2
S 133629336 243 100539 2
S 133640336 243 100531 2
S 133651335 243 100532 2
S 133662334 243 100531 2
S 133673334 243 100531 2
S 133684333 243 100534 2
S 133695332 243 100531 2
S 133706331 243 100536 2
S 133717331 243 100534 2
S 133728330 243 100536 2
S 133739329 243 100531 2
S 133750329 243 100532 2
S 133761328 243 100534 2
S 133772327 243 100530 2
S 133783327 243 100537 2
S 133794326 243 100535 2
S 133805325 243 100537 2
S 133816325 243 100532 2
S 133827324 243 100534 2
S 133838323 243 100533 2
S 133849323 243 100534 2
S 133860322 243 100534 2
S 133871321 243 100533 2
S 133887320 243 100534 2
S 133898319 243 100534 2
S 133909319 243 100530 2
S 133920318 243 100537 2
S 133931317 243 100530 2
S 133942317 243 100537 2
S 133953316 243 100539 2
S 133964315 243 100534 2
S 133975315 243 100534 2
S 133986314 243 100527 2
S 133997313 243 100533 2
S 134008313 243 100536 2
S 134019312 243 100534 2
S 134030311 243 100536 2
S 134041311 243 100534 2
S 134052310 243 100534 2
S 134063309 243 100538 2
S 134074308 243 100534 2
S 134085308 243 100534 2
S 134096307 243 100537 2
S 134107306 243 100536 2
S 134118306 243 100533 2
S 134129305 243 100534 2
S 134140304 243 100533 2
S 134151304 243 100539 2
S 134162303 243 100534 2
S 134173302 243 100535 2
S 134184302 243 100531 2
S 134195301 243 100538 2
S 134206300 243 100534 2
S 134217300 243 100531 2
S 134228299 243 100528 2
S 134239298 243 100528 2
S 134250297 243 100531 2
S 134261297 243 100532 2
S 134272296 243 100531 2
S 134283295 243 100530 2
S 134294295 243 100530 2
S 134305294 243 100532 2
S 134316293 243 100530 2
S 134327293 243 100532 2
S 134338292 243 100534 2
S 134349291 243 100528 2
S 134360291 243 100531 2
S 134371290 243 100532 2
S 134382289 243 100533 2
S 134393289 243 100534 2
S 134404288 243 100535 2
S 134415287 243 100536 2
S 134426286 243 100534 2
S 134437286 243 100531 2
S 134448285 243 100533 2
S 134459284 243 100534 2
S 134470284 243 100532 2
S 134481283 243 100530 2
S 134492282 243 100529 2
S 134503282 243 100529 2
S 134514281 243 100531 2
S 134525280 243 100530 2
S 134536280 243 100531 2
S 134547279 243 100532 2
S 134558278 243 100531 2
S 134569278 243 100530 2
S 134580277 243 100532 2
S 134591276 243 100528 2
S 134602275 243 100527 2
S 134613275 243 100527 2
S 134624274 243 100528 2
S 134635273 243 100531 2
S 134646273 243 100526 2
S 134657272 243 100528 2
S 134668271 243 100529 2
S 134679271 243 100526 2
S 134690270 243 100529 2
S 134701269 243 100528 2
S 134712269 243 100531 2
S 134723268 243 100530 2
S 134734267 243 100532 2
S 134745267 243 100531 2
S 134756266 243 100527 2
S 134767265 243 100531 2
S 134778264 243 100531 2
S 134789264 243 100531 2
S 134800263 243 100536 2
S 134811262 243 100535 2
S 134822262 243 100532 2
S 134833261 243 100527 2
S 134844260 243 100529 2
S 134855260 243 100524 2
S 134866259 243 100531 2
S 134877258 243 100533 2
S 134893257 243 100535 2
S 134904257 243 100534 2
S 134915256 243 100535 2
S 134926255 243 100536 2
S 134937255 243 100530 2
S 134948254 243 100532 2
S 134959253 243 100534 2
S 134970252 243 100534 2
S 134981252 243 100536 2
S 134992251 243 100534 2
S 135003250 243 100530 2
S 135014250 243 100539 2
S 135025249 243 100528 2
S 135036248 243 100530 2
S 135047248 243 100534 2
S 135058247 243 100533 2
S 135069246 243 100530 2
S 135080246 243 100531 2
S 135091245 243 100531 2
S 135102244 243 100534 2
S 135113244 243 100529 2
S 135124243 243 100531 2
S 135135242 243 100531 2
S 135146241 243 100534 2
S 135157241 243 100540 2
S 135168240 243 100539 2
S 135179239 243 100536 2
S 135190239 243 100538 2
S 135201238 243 100534 2
S 135212237 243 100536 2
S 135223237 243 100534 2
S 135234236 243 100539 2
S 135245235 243 100539 2
S 135256235 243 100534 2
S 135267234 243 100533 2
S 135278233 243 100533 2
S 135289233 243 100532 2
S 135300232 243 100533 2
S 135311231 243 100532 2
S 135322230 243 100533 2
S 135333230 243 100530 2
S 135344229 243 100528 2
S 135355228 243 100532 2
S 135366228 243 100532 2
S 135377227 243 100533 2
S 135388226 243 100531 2
S 135399226 243 100536 2
S 135410225 243 100528 2
S 135421224 243 100530 2
S 135432224 243 100531 2
S 135443223 243 100534 2
S 135454222 243 100536 2
S 135465222 243 100532 2
S 135476221 243 100531 2
S 135487220 243 100534 2
S 135498219 243 100531 2
S 135509219 243 100532 2
S 135520218 243 100532 2
S 135531217 243 100535 2
S 135542217 243 100534 2
S 135553216 243 100533 2
S 135564215 243 100535 2
S 135575215 243 100538 2
S 135586214 243 100537 2
S 135597213 243 100536 2
S 135608213 243 100533 2
S 135619212 243 100530 2
S 135630211 243 100531 2
S 135641211 243 100531 2
S 135652210 243 100531 2
S 135663209 243 100536 2
S 135674208 243 100535 2
S 135685208 243 100537 2
S 135696207 243 100532 2
S 135707206 243 100534 2
S 135718206 243 100534 2
S 135729205 243 100532 2
S 135740204 243 100531 2
S 135751204 243 100531 2
S 135762203 243 100533 2
S 135773202 243 100535 2
S 135784202 243 100527 2
S 135795201 243 100535 2
S 135806200 243 100533 2
S 135817200 243 100534 2
S 135828199 243 100530 2
S 135839198 243 100531 2
S 135850197 243 100531 2
S 135861197 243 100531 2
S 135872196 243 100532 2
S 135883195 243 100531 2
S 135899194 243 100530 2
S 135910194 243 100532 2
S 135921193 243 100536 2
S 135932192 243 100536 2
S 135943192 243 100534 2
S 135954191 243 100533 2
S 135965190 243 100529 2
S 135976190 243 100533 2
S 135987189 243 100530 2
S 135998188 243 100528 2
S 136009188 243 100528 2
S 136020187 243 100530 2
S 136031186 243 100528 2
S 136042185 243 100534 2
S 136053185 243 100532 2
S 136064184 243 100532 2
S 136075183 243 100531 2
S 136086183 243 100531 2
S 136097182 243 100532 2
S 136108181 243 100534 2
S 136119181 243 100531 2
S 136130180 243 100531 2
S 136141179 243 100533 2
S 136152179 243 100531 2
S 136163178 243 100534 2
S 136174177 243 100533 2
S 136185177 243 100534 2
S 136196176 243 100530 2
S 136207175 243 100530 2
S 136218174 243 100529 2
S 136229174 243 100531 2
S 136240173 243 100526 2
S 136251172 243 100533 2
S 136262172 243 100528 2
S 136273171 243 100531 2
S 136284170 243 100533 2
S 136295170 243 100534 2
S 136306169 243 100536 2
S 136317168 243 100537 2
S 136328168 243 100532 2
S 136339167 243 100533 2
S 136350166 243 100527 2
S 136361166 243 100529 2
S 136372165 243 100532 2
S 136383164 243 100529 2
S 136394163 243 100531 2
S 136405163 243 100527 2
S 136416162 243 100528 2
S 136427161 243 100525 2
S 136438161 243 100528 2
S 136449160 243 100528 2
S 136460159 243 100531 2
S 136471159 243 100528 2
S 136482158 243 100529 2
S 136493157 243 100525 2
S 136504157 243 100526 2
S 136515156 243 100526 2
S 136526155 243 100523 2
S 136537155 243 100525 2
S 136548154 243 100527 2
S 136559153 243 100524 2
S 136570152 243 100524 2
S 136581152 243 100527 2
S 136592151 243 100523 2
S 136603150 243 100522 2
S 136614150 243 100525 2
S 136625149 243 100522 2
S 136636148 243 100524 2
S 136647148 243 100524 2
S 136658147 243 100527 2
S 136669146 243 100526 2
S 136680146 243 100528 2
S 136691145 243 100528 2
S 136702144 243 100528 2
S 136713144 243 100528 2
S 136724143 243 100525 2
S 136735142 243 100528 2
S 136746141 243 100531 2
S 136757141 243 100534 2
S 136768140 243 100529 2
S 136779139 243 100532 2
S 136790139 243 100526 2
S 136801138 243 100528 2
S 136812137 243 100526 2
S 136823137 243 100530 2
S 136834136 243 100531 2
S 136845135 243 100528 2
S 136856135 243 100529 2
S 136867134 243 100530 2
S 136878133 243 100528 2
S 136889133 243 100528 2
S 136905132 243 100534 2
S 136916131 243 100529 2
S 136927130 243 100531 2
S 136938129 243 100531 2
S 136949129 243 100528 2
S 136960128 243 100533 2
S 136971127 243 100527 2
S 136982127 243 100526 2
S 136993126 243 100529 2
S 137004125 243 100529 2
S 137015125 243 100525 2
S 137026124 243 100527 2
S 137037123 243 100527 2
S 137048123 243 100524 2
S 137059122 243 100523 2
S 137070121 243 100528 2
S 137081121 243 100529 2
S 137092120 243 100532 2
S 137103119 243 100528 2
S 137114118 243 100527 2
S 137125118 243 100530 2
S 137136117 243 100528 2
S 137147116 243 100531 2
S 137158116 243 100533 2
S 137169115 243 100533 2
S 137180114 243 100531 2
S 137191114 243 100531 2
S 137202113 243 100528 2
S 137213112 243 100531 2
S 137224112 243 100531 2
S 137235111 243 100531 2
S 137246110 243 100532 2
S 137257110 243 100527 2
S 137268109 243 100534 2
S 137279108 243 100535 2
S 137290107 243 100535 2
S 137301107 243 100534 2
S 137312106 243 100527 2
S 137323105 243 100531 2
S 137334105 243 100528 2
S 137345104 243 100530 2
S 137356103 243 100531 2
S 137367103 243 100533 2
S 137378102 243 100529 2
S 137389101 243 100529 2
S 137400101 243 100531 2
S 137411100 243 100529 2
S 137422099 243 100531 2
S 137433099 243 100531 2
S 137444098 243 100531 2
S 137455097 243 100528 2
S 137466096 243 100529 2
S 137477096 243 100531 2
S 137488095 243 100535 2
S 137499094 243 100534 2
S 137510094 243 100531 2
S 137521093 243 100528 2
S 137532092 243 100534 2
S 137543092 243 100531 2
S 137554091 243 100531 2
S 137565090 243 100532 2
S 137576090 243 100530 2
S 137587089 243 100531 2
S 137598088 243 100531 2
S 137609088 243 100531 2
S 137620087 243 100531 2
S 137631086 243 100530 2
S 137642085 243 100531 2
S 137653085 243 100532 2
S 137664084 243 100530 2
S 137675083 243 100531 2
S 137686083 243 100531 2
S 137697082 243 100536 2
S 137708081 243 100530 2
S 137719081 243 100536 2
S 137730080 243 100534 2
S 137741079 243 100531 2
S 137752079 243 100532 2
S 137763078 243 100538 2
S 137774077 243 100534 2
S 137785077 243 100535 2
S 137796076 243 100533 2
S 137807075 243 100531 2
S 137818074 243 100535 2
S 137829074 243 100531 2
S 137840073 243 100529 2
S 137851072 243 100531 2
S 137862072 243 100532 2
S 137873071 243 100530 2
S 137884070 243 100531 2
S 137895070 243 100528 2
S 137911069 243 100531 2
S 137922068 243 100528 2
S 137933067 243 100536 2
S 137944067 243 100530 2
S 137955066 243 100531 2
S 137966065 243 100533 2
S 137977065 243 100531 2
S 137988064 243 100528 2
S 137999063 243 100531 2
S 138010062 243 100532 2
S 138021062 243 100537 2
S 138032061 243 100528 2
S 138043060 243 100531 2
S 138054060 243 100531 2
S 138065059 243 100533 2
S 138076058 243 100534 2
S 138087058 243 100536 2
S 138098057 243 100533 2
S 138109056 243 100530 2
S 138120056 243 100533 2
S 138131055 243 100528 2
S 138142054 243 100533 2
S 138153054 243 100531 2
S 138164053 243 100532 2
S 138175052 243 100531 2
S 138186051 243 100536 2
S 138197051 243 100534 2
S 138208050 243 100531 2
S 138219049 243 100531 2
S 138230049 243 100529 2
S 138241048 243 100532 2
S 138252047 243 100532 2
S 138263047 243 100531 2
S 138274046 243 100536 2
S 138285045 243 100532 2
S 138296045 243 100533 2
S 138307044 243 100535 2
S 138318043 243 100534 2
S 138329043 243 100534 2
S 138340042 243 100531 2
S 138351041 243 100535 2
S 138362040 243 100531 2
S 138373040 243 100528 2
S 138384039 243 100531 2
S 138395038 243 100534 2
S 138406038 243 100536 2
S 138417037 243 100535 2
S 138428036 243 100535 2
S 138439036 243 100531 2
S 138450035 243 100530 2
S 138461034 243 100531 2
S 138472034 243 100534 2
S 138483033 243 100529 2
S 138494032 243 100528 2
S 138505032 243 100531 2
S 138516031 243 100532 2
S 138527030 243 100528 2
S 138538029 243 100530 2
S 138549029 243 100531 2
S 138560028 243 100534 2
S 138571027 243 100533 2
S 138582027 243 100537 2
S 138593026 243 100536 2
S 138604025 243 100536 2
S 138615025 243 100537 2
S 138626024 243 100537 2
S 138637023 243 100536 2
S 138648023 243 100535 2
S 138659022 243 100539 2
S 138670021 243 100534 2
S 138681021 243 100537 2
S 138692020 243 100537 2
S 138703019 243 100534 2
S 138714018 243 100535 2
S 138725018 243 100531 2
S 138736017 243 100536 2
S 138747016 243 100533 2
S 138758016 243 100530 2
S 138769015 243 100531 2
S 138780014 243 100529 2
S 138791014 243 100528 2
S 138802013 243 100531 2
S 138813012 243 100534 2
S 138824012 243 100533 2
S 138835011 243 100534 2
S 138846010 243 100534 2
S 138857010 243 100535 2
S 138868009 243 100534 2
S 138879008 243 100535 2
S 138890007 243 100531 2
S 138901007 243 100531 2
S 138917006 243 100531 2
S 138928005 243 100527 2
S 138939004 243 100534 2
S 138950004 243 100527 2
S 138961003 243 100530 2
S 138972002 243 100531 2
S 138983002 243 100528 2
S 138994001 243 100531 2
S 139005000 243 100526 2
S 139016000 243 100529 2
S 139026999 243 100525 2
S 139037998 243 100531 2
S 139048998 243 100528 2
S 139059997 243 100537 2
S 139070996 243 100534 2
S 139081995 243 100531 2
S 139092995 243 100533 2
S 139103994 243 100537 2
S 139114993 243 100533 2
S 139125993 243 100532 2
S 139136992 243 100528 2
S 139147991 243 100535 2
S 139158991 243 100529 2
S 139169990 243 100528 2
S 139180989 243 100529 2
S 139191989 243 100531 2
S 139202988 243 100527 2
S 139213987 243 100528 2
S 139224987 243 100532 2
S 139235986 243 100531 2
S 139246985 243 100530 2
S 139257984 243 100534 2
S 139268984 243 100531 2
S 139279983 243 100528 2
S 139290982 243 100528 2
S 139301982 243 100531 2
S 139312981 243 100527 2
S 139323980 243 100531 2
S 139334980 243 100526 2
S 139345979 243 100528 2
S 139356978 243 100531 2
S 139367978 243 100530 2
S 139378977 243 100528 2
S 139389976 243 100530 2
S 139400976 243 100530 2
S 139411975 243 100533 2
S 139422974 243 100531 2
S 139433973 243 100528 2
S 139444973 243 100528 2
S 139455972 243 100528 2
S 139466971 243 100531 2
S 139477971 243 100528 2
S 139488970 243 100532 2
S 139499969 243 100531 2
S 139510969 243 100528 2
S 139521968 243 100524 2
S 139532967 243 100529 2
S 139543967 243 100524 2
S 139554966 243 100531 2
S 139565965 243 100528 2
S 139576965 243 100528 2
S 139587964 243 100529 2
S 139598963 243 100533 2
S 139609962 243 100530 2
S 139620962 243 100531 2
S 139631961 243 100531 2
S 139642960 243 100531 2
S 139653960 243 100534 2
S 139664959 243 100530 2
S 139675958 243 100528 2
S 139686958 243 100531 2
S 139697957 243 100530 2
S 139708956 243 100536 2
S 139719956 243 100530 2
S 139730955 243 100533 2
S 139741954 243 100531 2
S 139752954 243 100534 2
S 139763953 243 100534 2
S 139774952 243 100531 2
S 139785951 243 100536 2
S 139796951 243 100534 2
S 139807950 243 100537 2
S 139818949 243 100539 2
S 139829949 243 100537 2
S 139840948 243 100531 2
S 139851947 243 100534 2
S 139862947 243 100533 2
S 139873946 243 100533 2
S 139884945 243 100533 2
S 139895945 243 100531 2
S 139906944 243 100534 2
S 139922943 243 100533 2
S 139933942 243 100536 2
S 139944942 243 100538 2
S 139955941 243 100536 2
S 139966940 243 100537 2
S 139977939 243 100534 2
S 139988939 243 100534 2
S 139999938 243 100531 2
S 140010937 243 100535 2
S 140021937 243 100529 2
S 140032936 243 100537 2
S 140043935 243 100531 2
S 140054935 243 100536 2
S 140065934 243 100536 2
S 140076933 243 100532 2
S 140087933 243 100534 2
S 140098932 243 100534 2
S 140109931 243 100534 2
S 140120931 243 100536 2
S 140131930 243 100534 2
S 140142929 243 100534 2
S 140153928 243 100536 2
S 140164928 243 100536 2
S 140175927 243 100533 2
S 140186926 243 100535 2
S 140197926 243 100531 2
S 140208925 243 100531 2
S 140219924 243 100535 2
S 140230924 243 100533 2
S 140241923 243 100532 2
S 140252922 243 100536 2
S 140263922 243 100536 2
S 140274921 243 100537 2
S 140285920 243 100536 2
S 140296920 243 100534 2
S 140307919 243 100534 2
S 140318918 243 100534 2
S 140329917 243 100532 2
S 140340917 243 100531 2
S 140351916 243 100533 2
S 140362915 243 100534 2
S 140373915 243 100535 2
S 140384914 243 100534 2
S 140395913 243 100535 2
S 140406913 243 100530 2
S 140417912 243 100531 2
S 140428911 243 100532 2
S 140439911 243 100533 2
S 140450910 243 100534 2
S 140461909 243 100539 2
S 140472909 243 100535 2
S 140483908 243 100539 2
S 140494907 243 100531 2
S 140505906 243 100534 2
S 140516906 243 100534 2
S 140527905 243 100529 2
S 140538904 243 100529 2
S 140549904 243 100530 2
S 140560903 243 100528 2
S 140571902 243 100526 2
S 140582902 243 100527 2
S 140593901 243 100531 2
S 140604900 243 100531 2
S 140615900 243 100534 2
S 140626899 243 100534 2
S 140637898 243 100530 2
S 140648898 243 100530 2
S 140659897 243 100527 2
S 140670896 243 100526 2
S 140681895 243 100531 2
S 140692895 243 100529 2
S 140703894 243 100531 2
S 140714893 243 100529 2
S 140725893 243 100531 2
S 140736892 243 100529 2
S 140747891 243 100525 2
S 140758891 243 100531 2
S 140769890 243 100531 2
S 140780889 243 100528 2
S 140791889 243 100529 2
S 140802888 243 100530 2
S 140813887 243 100531 2
S 140824887 243 100534 2
S 140835886 243 100531 2
S 140846885 243 100528 2
S 140857884 243 100531 2
S 140868884 243 100527 2
S 140879883 243 100529 2
S 140890882 243 100534 2
S 140901882 243 100531 2
S 140912881 243 100528 2
S 140928880 243 100534 2
S 140939879 243 100531 2
S 140950879 243 100532 2
S 140961878 243 100531 2
S 140972877 243 100535 2
S 140983877 243 100525 2
S 140994876 243 100533 2
S 141005875 243 100539 2
S 141016875 243 100530 2
S 141027874 243 100532 2
S 141038873 243 100534 2
S 141049872 243 100528 2
S 141060872 243 100528 2
S 141071871 243 100529 2
S 141082870 243 100531 2
S 141093870 243 100528 2
S 141104869 243 100529 2
S 141115868 243 100530 2
S 141126868 243 100523 2
S 141137867 243 100529 2
S 141148866 243 100529 2
S 141159866 243 100531 2
S 141170865 243 100530 2
S 141181864 243 100535 2
S 141192864 243 100531 2
S 141203863 243 100532 2
S 141214862 243 100531 2
S 141225861 243 100528 2
S 141236861 243 100531 2
S 141247860 243 100528 2
S 141258859 243 100528 2
S 141269859 243 100528 2
S 141280858 243 100528 2
S 141291857 243 100528 2
S 141302857 243 100526 2
S 141313856 243 100525 2
S 141324855 243 100528 2
S 141335855 243 100531 2
S 141346854 243 100528 2
S 141357853 243 100525 2
S 141368853 243 100527 2
S 141379852 243 100528 2
S 141390851 243 100531 2
S 141401850 243 100527 2
S 141412850 243 100528 2
S 141423849 243 100527 2
S 141434848 243 100529 2
S 141445848 243 100529 2
S 141456847 243 100531 2
S 141467846 243 100528 2
S 141478846 243 100529 2
S 141489845 243 100529 2
S 141500844 243 100528 2
S 141511844 243 100531 2
S 141522843 243 100529 2
S 141533842 243 100530 2
S 141544842 243 100528 2
S 141555841 243 100529 2
S 141566840 243 100528 2
S 141577839 243 100531 2
S 141588839 243 100529 2
S 141599838 243 100529 2
S 141610837 243 100528 2
S 141621837 243 100525 2
S 141632836 243 100525 2
S 141643835 243 100527 2
S 141654835 243 100528 2
S 141665834 243 100528 2
S 141676833 243 100528 2
S 141687833 243 100528 2
S 141698832 243 100527 2
S 141709831 243 100530 2
S 141720831 243 100524 2
S 141731830 243 100528 2
S 141742829 243 100528 2
S 141753828 243 100529 2
S 141764828 243 100533 2
S 141775827 243 100526 2
S 141786826 243 100529 2
S 141797826 243 100528 2
S 141808825 243 100528 2
S 141819824 243 100524 2
S 141830824 243 100529 2
S 141841823 243 100528 2
S 141852822 243 100530 2
S 141863822 243 100525 2
S 141874821 243 100528 2
S 141885820 243 100524 2
S 141896820 243 100531 2
S 141907819 243 100526 2
S 141918818 243 100528 2
S 141934817 243 100535 2
S 141945816 243 100535 2
S 141956816 243 100530 2
S 141967815 243 100532 2
S 141978814 243 100536 2
S 141989814 243 100531 2
S 142000811 243 100531 2
S 142011812 243 100531 2
S 142022812 243 100531 2
S 142033811 243 100528 2
S 142044810 243 100532 2
S 142055810 243 100532 2
S 142066809 243 100532 2
S 142077808 243 100534 2
S 142088808 243 100531 2
S 142099807 243 100535 2
S 142110806 243 100537 2
S 142121805 243 100537 2
S 142132805 243 100539 2
S 142143804 243 100538 2
S 142154803 243 100538 2
S 142165803 243 100535 2
S 142176802 243 100534 2
S 142187801 243 100536 2
S 142198801 243 100534 2
S 142209800 243 100536 2
S 142220799 243 100534 2
S 142231799 243 100534 2
S 142242798 243 100534 2
S 142253797 243 100539 2
S 142264797 243 100531 2
S 142275796 243 100529 2
S 142286795 243 100534 2
S 142297794 243 100535 2
S 142308794 243 100534 2
S 142319793 243 100535 2
S 142330792 243 100536 2
S 142341792 243 100535 2
S 142352791 243 100532 2
S 142363790 243 100530 2
S 142374790 243 100535 2
S 142385789 243 100534 2
S 142396788 243 100533 2
S 142407788 243 100536 2
S 142418787 243 100532 2
S 142429786 243 100537 2
S 142440786 243 100534 2
S 142451785 243 100534 2
S 142462784 243 100534 2
S 142473783 243 100532 2
S 142484783 243 100536 2
S 142495782 243 100536 2
S 142506781 243 100534 2
S 142517781 243 100536 2
S 142528780 243 100534 2
S 142539779 243 100531 2
S 142550779 243 100532 2
S 142561778 243 100534 2
S 142572777 243 100534 2
S 142583777 243 100532 2
S 142594776 243 100532 2
S 142605775 243 100536 2
S 142616775 243 100536 2
S 142627774 243 100535 2
S 142638773 243 100534 2
S 142649772 243 100533 2
S 142660772 243 100532 2
S 142671771 243 100537 2
S 142682770 243 100533 2
S 142693770 243 100536 2
S 142704769 243 100533 2
S 142715768 243 100532 2
S 142726768 243 100536 2
S 142737767 243 100536 2
S 142748766 243 100535 2
S 142759766 243 100533 2
S 142770765 243 100533 2
S 142781764 243 100533 2
S 142792764 243 100535 2
S 142803763 243 100535 2
S 142814762 243 100529 2
S 142825761 243 100533 2
S 142836761 243 100530 2
S 142847760 243 100533 2
S 142858759 243 100532 2
S 142869759 243 100532 2
S 142880758 243 100531 2
S 142891757 243 100535 2
S 142902757 243 100534 2
S 142913756 243 100532 2
S 142924755 243 100536 2
S 142940754 243 100540 2
S 142951754 243 100539 2
S 142962753 243 100538 2
S 142973752 243 100537 2
S 142984752 243 100536 2
S 142995751 243 100536 2
S 143006750 243 100536 2
S 143017749 243 100536 2
S 143028749 243 100535 2
S 143039748 243 100534 2
S 143050747 243 100538 2
S 143061747 243 100539 2
S 143072746 243 100541 2
S 143083745 243 100539 2
S 143094745 243 100536 2
S 143105744 243 100536 2
S 143116743 243 100538 2
S 143127743 243 100542 2
S 143138742 243 100533 2
S 143149741 243 100539 2
S 143160741 243 100537 2
S 143171740 243 100540 2
S 143182739 243 100536 2
S 143193738 243 100538 2
S 143204738 243 100535 2
S 143215737 243 100537 2
S 143226736 243 100542 2
S 143237736 243 100537 2
S 143248735 243 100536 2
S 143259734 243 100538 2
S 143270734 243 100541 2
S 143281733 243 100539 2
S 143292732 243 100533 2
S 143303732 243 100535 2
S 143314731 243 100540 2
S 143325730 243 100536 2
S 143336730 243 100533 2
S 143347729 243 100536 2
S 143358728 243 100535 2
S 143369727 243 100532 2
S 143380727 243 100534 2
S 143391726 243 100534 2
S 143402725 243 100534 2
S 143413725 243 100537 2
S 143424724 243 100531 2
S 143435723 243 100533 2
S 143446723 243 100537 2
S 143457722 243 100528 2
S 143468721 243 100534 2
S 143479721 243 100534 2
S 143490720 243 100535 2
S 143501719 243 100540 2
S 143512719 243 100535 2
S 143523718 243 100532 2
S 143534717 243 100536 2
S 143545716 243 100532 2
S 143556716 243 100533 2
S 143567715 243 100533 2
S 143578714 243 100529 2
S 143589714 243 100532 2
S 143600713 243 100535 2
S 143611712 243 100534 2
S 143622712 243 100533 2
S 143633711 243 100535 2
S 143644710 243 100535 2
S 143655710 243 100532 2
S 143666709 243 100533 2
S 143677708 243 100530 2
S 143688708 243 100534 2
S 143699707 243 100529 2
S 143710706 243 100528 2
S 143721705 243 100530 2
S 143732705 243 100536 2
S 143743704 243 100532 2
S 143754703 243 100536 2
S 143765703 243 100533 2
S 143776702 243 100533 2
S 143787701 243 100534 2
S 143798701 243 100530 2
S 143809700 243 100533 2
S 143820699 243 100539 2
S 143831699 243 100533 2
S 143842698 243 100532 2
S 143853697 243 100530 2
S 143864697 243 100534 2
S 143875696 243 100534 2
S 143886695 243 100532 2
S 143897694 243 100535 2
S 143908694 243 100534 2
S 143919693 243 100536 2
S 143930692 243 100535 2
S 143946691 243 100542 2
S 143957691 243 100543 2
S 143968690 243 100539 2
S 143979689 243 100540 2
S 143990689 243 100542 2
S 144001689 243 100543 2
S 144012687 243 100537 2
S 144023687 243 100547 2
S 144034686 243 100545 2
S 144045685 243 100539 2
S 144056685 243 100539 2
S 144067684 243 100542 2
S 144078683 243 100542 2
S 144089682 243 100539 2
S 144100682 243 100542 2
S 144111681 243 100539 2
S 144122680 243 100541 2
S 144133680 243 100539 2
S 144144679 243 100539 2
S 144155678 243 100540 2
S 144166678 243 100539 2
S 144177677 243 100539 2
S 144188676 243 100537 2
S 144199676 243 100544 2
S 144210675 243 100539 2
S 144221674 243 100536 2
S 144232674 243 100536 2
S 144243673 243 100536 2
S 144254672 243 100536 2
S 144265671 243 100541 2
S 144276671 243 100536 2
S 144287670 243 100536 2
S 144298669 243 100542 2
S 144309669 243 100536 2
S 144320668 243 100535 2
S 144331667 243 100531 2
S 144342667 243 100529 2
S 144353666 243 100535 2
S 144364665 243 100534 2
S 144375665 243 100533 2
S 144386664 243 100539 2
S 144397663 243 100534 2
S 144408663 243 100531 2
S 144419662 243 100536 2
S 144430661 243 100534 2
S 144441660 243 100535 2
S 144452660 243 100536 2
S 144463659 243 100532 2
S 144474658 243 100536 2
S 144485658 243 100533 2
S 144496657 243 100536 2
S 144507656 243 100532 2
S 144518656 243 100532 2
S 144529655 243 100537 2
S 144540654 243 100536 2
S 144551654 243 100537 2
S 144562653 243 100537 2
S 144573652 243 100534 2
S 144584652 243 100533 2
S 144595651 243 100536 2
S 144606650 243 100531 2
S 144617649 243 100530 2
S 144628649 243 100534 2
S 144639648 243 100532 2
S 144650647 243 100534 2
S 144661647 243 100534 2
S 144672646 243 100531 2
S 144683645 243 100535 2
S 144694645 243 100531 2
S 144705644 243 100531 2
S 144716643 243 100535 2
S 144727643 243 100530 2
S 144738642 243 100536 2
S 144749641 243 100534 2
S 144760641 243 100531 2
S 144771640 243 100530 2
S 144782639 243 100534 2
S 144793638 243 100536 2
S 144804638 243 100534 2
S 144815637 243 100537 2
S 144826636 243 100534 2
S 144837636 243 100538 2
S 144848635 243 100534 2
S 144859634 243 100535 2
S 144870634 243 100534 2
S 144881633 243 100539 2
S 144892632 243 100533 2
S 144903632 243 100533 2
S 144914631 243 100539 2
S 144925630 243 100539 2
S 144936630 243 100538 2
S 144952629 243 100540 2
S 144963628 243 100536 2
S 144974627 243 100538 2
S 144985626 243 100539 2
S 144996626 243 100541 2
S 145007625 243 100536 2
S 145018624 243 100535 2
S 145029624 243 100536 2
S 145040623 243 100539 2
S 145051622 243 100540 2
S 145062622 243 100535 2
S 145073621 243 100534 2
S 145084620 243 100537 2
S 145095620 243 100538 2
S 145106619 243 100534 2
S 145117618 243 100532 2
S 145128618 243 100537 2
S 145139617 243 100536 2
S 145150616 243 100534 2
S 145161615 243 100533 2
S 145172615 243 100534 2
S 145183614 243 100534 2
S 145194613 243 100533 2
S 145205613 243 100538 2
S 145216612 243 100536 2
S 145227611 243 100539 2
S 145238611 243 100531 2
S 145249610 243 100532 2
S 145260609 243 100534 2
S 145271609 243 100537 2
S 145282608 243 100536 2
S 145293607 243 100534 2
S 145304607 243 100541 2
S 145315606 243 100539 2
S 145326605 243 100536 2
S 145337604 243 100536 2
S 145348604 243 100534 2
S 145359603 243 100534 2
S 145370602 243 100536 2
S 145381602 243 100536 2
S 145392601 243 100534 2
S 145403600 243 100534 2
S 145414600 243 100530 2
S 145425599 243 100534 2
S 145436598 243 100532 2
S 145447598 243 100536 2
S 145458597 243 100532 2
S 145469596 243 100532 2
S 145480596 243 100532 2
S 145491595 243 100536 2
S 145502594 243 100536 2
S 145513593 243 100536 2
S 145524593 243 100539 2
S 145535592 243 100536 2
S 145546591 243 100532 2
S 145557591 243 100534 2
S 145568590 243 100531 2
S 145579589 243 100531 2
S 145590589 243 100533 2
S 145601588 243 100536 2
S 145612587 243 100538 2
S 145623587 243 100537 2
S 145634586 243 100534 2
S 145645585 243 100536 2
S 145656585 243 100537 2
S 145667584 243 100533 2
S 145678583 243 100537 2
S 145689582 243 100537 2
S 145700582 243 100534 2
S 145711581 243 100536 2
S 145722580 243 100531 2
S 145733580 243 100534 2
S 145744579 243 100534 2
S 145755578 243 100531 2
S 145766578 243 100534 2
S 145777577 243 100534 2
S 145788576 243 100535 2
S 145799576 243 100532 2
S 145810575 243 100534 2
S 145821574 243 100538 2
S 145832574 243 100539 2
S 145843573 243 100540 2
S 145854572 243 100531 2
S 145865571 243 100534 2
S 145876571 243 100536 2
S 145887570 243 100539 2
S 145898569 243 100539 2
S 145909569 243 100536 2
S 145920568 243 100540 2
S 145931567 243 100534 2
S 145942567 243 100538 2
S 145958566 243 100542 2
S 145969565 243 100548 2
S 145980564 243 100539 2
S 145991564 243 100543 2
S 146002563 243 100541 2
S 146013562 243 100537 2
S 146024562 243 100536 2
S 146035561 243 100538 2
S 146046560 243 100539 2
S 146057559 243 100538 2
S 146068559 243 100542 2
S 146079558 243 100541 2
S 146090557 243 100542 2
S 146101557 243 100542 2
S 146112556 243 100542 2
S 146123555 243 100531 2
S 146134555 243 100537 2
S 146145554 243 100542 2
S 146156553 243 100542 2
S 146167553 243 100544 2
S 146178552 243 100539 2
S 146189551 243 100533 2
S 146200551 243 100535 2
S 146211550 243 100538 2
S 146222549 243 100539 2
S 146233548 243 100537 2
S 146244548 243 100541 2
S 146255547 243 100538 2
S 146266546 243 100535 2
S 146277546 243 100535 2
S 146288545 243 100537 2
S 146299544 243 100536 2
S 146310544 243 100539 2
S 146321543 243 100541 2
S 146332542 243 100542 2
S 146343542 243 100536 2
S 146354541 243 100532 2
S 146365540 243 100537 2
S 146376540 243 100536 2
S 146387539 243 100536 2
S 146398538 243 100536 2
S 146409537 243 100536 2
S 146420537 243 100544 2
S 146431536 243 100544 2
S 146442535 243 100541 2
S 146453535 243 100537 2
S 146464534 243 100537 2
S 146475533 243 100537 2
S 146486533 243 100534 2
S 146497532 243 100533 2
S 146508531 243 100539 2
S 146519531 243 100540 2
S 146530530 243 100538 2
S 146541529 243 100536 2
S 146552529 243 100534 2
S 146563528 243 100532 2
S 146574527 243 100536 2
S 146585526 243 100536 2
S 146596526 243 100533 2
S 146607525 243 100539 2
S 146618524 243 100541 2
S 146629524 243 100541 2
S 146640523 243 100538 2
S 146651522 243 100539 2
S 146662522 243 100536 2
S 146673521 243 100536 2
S 146684520 243 100535 2
S 146695520 243 100542 2
S 146706519 243 100545 2
S 146717518 243 100538 2
S 146728518 243 100536 2
S 146739517 243 100538 2
S 146750516 243 100548 2
S 146761515 243 100542 2
S 146772515 243 100539 2
S 146783514 243 100536 2
S 146794513 243 100536 2
S 146805513 243 100535 2
S 146816512 243 100540 2
S 146827511 243 100542 2
S 146838511 243 100544 2
S 146849510 243 100542 2
S 146860509 243 100542 2
S 146871509 243 100539 2
S 146882508 243 100535 2
S 146893507 243 100538 2
S 146904507 243 100543 2
S 146915506 243 100539 2
S 146926505 243 100541 2
S 146937504 243 100542 2
S 146948504 243 100539 2
S 146964503 243 100544 2
S 146975502 243 100536 2
S 146986501 243 100534 2
S 146997501 243 100531 2
S 147008500 243 100540 2
S 147019499 243 100539 2
S 147030499 243 100535 2
S 147041498 243 100537 2
S 147052497 243 100539 2
S 147063497 243 100534 2
S 147074496 243 100534 2
S 147085495 243 100535 2
S 147096495 243 100537 2
S 147107494 243 100536 2
S 147118493 243 100534 2
S 147129492 243 100538 2
S 147140492 243 100536 2
S 147151491 243 100530 2
S 147162490 243 100539 2
S 147173490 243 100536 2
S 147184489 243 100535 2
S 147195488 243 100536 2
S 147206488 243 100537 2
S 147217487 243 100538 2
S 147228486 243 100542 2
S 147239486 243 100534 2
S 147250485 243 100532 2
S 147261484 243 100537 2
S 147272484 243 100539 2
S 147283483 243 100540 2
S 147294482 243 100532 2
S 147305481 243 100540 2
S 147316481 243 100541 2
S 147327480 243 100533 2
S 147338479 243 100536 2
S 147349479 243 100536 2
S 147360478 243 100533 2
S 147371477 243 100535 2
S 147382477 243 100538 2
S 147393476 243 100535 2
S 147404475 243 100538 2
S 147415475 243 100534 2
S 147426474 243 100539 2
S 147437473 243 100540 2
S 147448473 243 100541 2
S 147459472 243 100536 2
S 147470471 243 100537 2
S 147481470 243 100538 2
S 147492470 243 100535 2
S 147503469 243 100536 2
S 147514468 243 100534 2
S 147525468 243 100533 2
S 147536467 243 100535 2
S 147547466 243 100530 2
S 147558466 243 100532 2
S 147569465 243 100529 2
S 147580464 243 100527 2
S 147591464 243 100534 2
S 147602463 243 100530 2
S 147613462 243 100527 2
S 147624462 243 100526 2
S 147635461 243 100528 2
S 147646460 243 100528 2
S 147657459 243 100532 2
S 147668459 243 100531 2
S 147679458 243 100528 2
S 147690457 243 100531 2
S 147701457 243 100527 2
S 147712456 243 100528 2
S 147723455 243 100532 2
S 147734455 243 100530 2
S 147745454 243 100529 2
S 147756453 243 100528 2
S 147767453 243 100531 2
S 147778452 243 100529 2
S 147789451 243 100530 2
S 147800451 243 100532 2
S 147811450 243 100531 2
S 147822449 243 100532 2
S 147833448 243 100531 2
S 147844448 243 100528 2
S 147855447 243 100531 2
S 147866446 243 100534 2
S 147877446 243 100535 2
S 147888445 243 100533 2
S 147899444 243 100529 2
S 147910444 243 100531 2
S 147921443 243 100536 2
S 147932442 243 100536 2
S 147943442 243 100533 2
S 147954441 243 100535 2
S 147970440 243 100531 2
S 147981439 243 100529 2
S 147992439 243 100525 2
S 148003438 243 100524 2
S 148014437 243 100528 2
S 148025436 243 100528 2
S 148036436 243 100529 2
S 148047435 243 100524 2
S 148058434 243 100525 2
S 148069434 243 100527 2
S 148080433 243 100527 2
S 148091432 243 100531 2
S 148102432 243 100526 2
S 148113431 243 100530 2
S 148124430 243 100526 2
S 148135430 243 100526 2
S 148146429 243 100528 2
S 148157428 243 100529 2
S 148168428 243 100531 2
S 148179427 243 100525 2
S 148190426 243 100525 2
S 148201425 243 100531 2
S 148212425 243 100529 2
S 148223424 243 100526 2
S 148234423 243 100530 2
S 148245423 243 100531 2
S 148256422 243 100526 2
S 148267421 243 100534 2
S 148278421 243 100530 2
S 148289420 243 100527 2
S 148300419 243 100528 2
S 148311419 243 100527 2
S 148322418 243 100525 2
S 148333417 243 100528 2
S 148344417 243 100529 2
S 148355416 243 100528 2
S 148366415 243 100525 2
S 148377414 243 100528 2
S 148388414 243 100526 2
S 148399413 243 100530 2
S 148410412 243 100531 2
S 148421412 243 100530 2
S 148432411 243 100525 2
S 148443410 243 100525 2
S 148454410 243 100524 2
S 148465409 243 100528 2
S 148476408 243 100528 2
S 148487408 243 100530 2
S 148498407 243 100526 2
S 148509406 243 100528 2
S 148520406 243 100535 2
S 148531405 243 100531 2
S 148542404 243 100531 2
S 148553403 243 100531 2
S 148564403 243 100531 2
S 148575402 243 100530 2
S 148586401 243 100525 2
S 148597401 243 100525 2
S 148608400 243 100531 2
S 148619399 243 100529 2
S 148630399 243 100531 2
S 148641398 243 100533 2
S 148652397 243 100528 2
S 148663397 243 100526 2
S 148674396 243 100536 2
S 148685395 243 100529 2
S 148696395 243 100529 2
S 148707394 243 100528 2
S 148718393 243 100530 2
S 148729392 243 100528 2
S 148740392 243 100524 2
S 148751391 243 100528 2
S 148762390 243 100529 2
S 148773390 243 100527 2
S 148784389 243 100527 2
S 148795388 243 100528 2
S 148806388 243 100531 2
S 148817387 243 100530 2
S 148828386 243 100533 2
S 148839386 243 100528 2
S 148850385 243 100526 2
S 148861384 243 100531 2
S 148872384 243 100530 2
S 148883383 243 100527 2
S 148894382 243 100526 2
S 148905381 243 100533 2
S 148916381 243 100530 2
S 148927380 243 100530 2
S 148938379 243 100530 2
S 148949379 243 100528 2
S 148960378 243 100532 2
S 148976377 243 100539 2
S 148987376 243 100537 2
S 148998376 243 100533 2
S 149009375 243 100533 2
S 149020374 243 100533 2
S 149031374 243 100529 2
S 149042373 243 100534 2
S 149053372 243 100532 2
S 149064372 243 100536 2
S 149075371 243 100536 2
S 149086370 243 100535 2
S 149097369 243 100534 2
S 149108369 243 100536 2
S 149119368 243 100532 2
S 149130367 243 100531 2
S 149141367 243 100537 2
S 149152366 243 100533 2
S 149163365 243 100535 2
S 149174365 243 100534 2
S 149185364 243 100536 2
S 149196363 243 100537 2
S 149207363 243 100536 2
S 149218362 243 100534 2
S 149229361 243 100532 2
S 149240361 243 100538 2
S 149251360 243 100536 2
S 149262359 243 100536 2
S 149273358 243 100538 2
S 149284358 243 100534 2
S 149295357 243 100538 2
S 149306356 243 100531 2
S 149317356 243 100534 2
S 149328355 243 100534 2
S 149339354 243 100539 2
S 149350354 243 100535 2
S 149361353 243 100535 2
S 149372352 243 100537 2
S 149383352 243 100536 2
S 149394351 243 100536 2
S 149405350 243 100534 2
S 149416350 243 100534 2
S 149427349 243 100531 2
S 149438348 243 100534 2
S 149449347 243 100533 2
S 149460347 243 100533 2
S 149471346 243 100539 2
S 149482345 243 100531 2
S 149493345 243 100530 2
S 149504344 243 100532 2
S 149515343 243 100534 2
S 149526343 243 100532 2
S 149537342 243 100534 2
S 149548341 243 100536 2
S 149559341 243 100531 2
S 149570340 243 100536 2
S 149581339 243 100531 2
S 149592339 243 100536 2
S 149603338 243 100536 2
S 149614337 243 100531 2
S 149625336 243 100534 2
S 149636336 243 100533 2
S 149647335 243 100533 2
S 149658334 243 100534 2
S 149669334 243 100529 2
S 149680333 243 100533 2
S 149691332 243 100531 2
S 149702332 243 100528 2
S 149713331 243 100534 2
S 149724330 243 100533 2
S 149735330 243 100531 2
S 149746329 243 100532 2
S 149757328 243 100536 2
S 149768328 243 100536 2
S 149779327 243 100542 2
S 149790326 243 100539 2
S 149801325 243 100533 2
S 149812325 243 100536 2
S 149823324 243 100539 2
S 149834323 243 100538 2
S 149845323 243 100539 2
S 149856322 243 100538 2
S 149867321 243 100538 2
S 149878321 243 100536 2
S 149889320 243 100543 2
S 149900319 243 100544 2
S 149911319 243 100541 2
S 149922318 243 100544 2
S 149933317 243 100536 2
S 149944317 243 100536 2
