# capture_start_utc=2026-08-31T10:07:55Z

S 512690 290 100339 0
S 517690 290 100339 0
S 522689 290 100336 0
S 527689 290 100334 0
S 532689 290 100334 0
S 537688 290 100339 0
S 542688 290 100334 0
S 547688 290 100345 0
S 552687 290 100334 0
S 557687 290 100334 0
S 562687 290 100331 0
S 567686 290 100339 0
S 572686 290 100336 0
S 577686 290 100334 0
S 582685 290 100334 0
S 587685 290 100339 0
S 592685 290 100334 0
S 597685 290 100339 0
S 602684 290 100334 0
S 607684 290 100334 0
S 612684 290 100339 0
S 617683 290 100334 0
S 622683 290 100331 0
S 627683 290 100334 0
S 632682 290 100345 0
S 637682 290 100345 0
S 642682 290 100339 0
S 647681 290 100331 0
S 652681 290 100334 0
S 657681 290 100325ü[[DEBUG]] Starting [[SENSOR TASK]]
[SELFTEST] compensate: T=150 (exp 150)  P=69964 (exp 69964)  -> PASS
#BMP180 v1 fw=1.5.0 temp_ms=1000
[[DEBUG]] BMP180 registered on /dev/bmp180-0
S 57718 291 100360 0
S 62718 291 100345 0
S 67718 291 100351 0
S 72717 291 100351 0
S 77717 291 100354 0
S 82717 291 100345 0
S 87716 291 100348 0
S 92716 291 100351 0
S 97716 291 100363 0
S 102715 291 100348 0
S 107715 291 100354 0
S 112715 291 100354 0
S 117715 291 100354 0
S 122714 291 100360 0
S 127714 291 100360 0
S 132714 291 100351 0
S 137713 291 100360 0
S 142713 291 100354 0
S 147713 291 100357 0
S 152712 291 100354 0
S 157712 291 100357 0
S 162712 291 100360 0
S 167711 291 100357 0
S 172711 291 100354 0
S 177711 291 100366 0
S 182710 291 100366 0
S 187710 291 100354 0
S 192710 291 100357 0
S 197710 291 100354 0
S 202709 291 100357 0
S 207709 291 100354 0
S 212709 291 100351 0
S 217708 291 100348 0
S 222708 291 100351 0
S 227708 291 100351 0
S 232707 291 100348 0
S 237707 291 100354 0
S 242707 291 100360 0
S 247706 291 100357 0
S 252706 291 100351 0
S 257706 291 100351 0
S 262705 291 100354 0
S 267705 291 100348 0
S 272705 291 100348 0
S 277705 291 100354 0
S 282704 291 100342 0
S 287704 291 100345 0
S 292704 291 100354 0
S 297703 291 100354 0
S 302703 291 100354 0
S 307703 291 100348 0
S 312702 291 100360 0
S 317702 291 100348 0
S 322702 291 100351 0
S 327701 291 100351 0
S 332701 291 100348 0
S 337701 291 100348 0
S 342700 291 100342 0
S 347700 291 100342 0
S 352700 291 100345 0
S 357700 291 100354 0
S 362699 291 100342 0
S 367699 291 100351 0
S 372699 291 100348 0
S 377698 291 100354 0
S 382698 291 100351 0
S 387698 291 100354 0
S 392697 291 100354 0
S 397697 291 100360 0
S 402697 291 100354 0
S 407696 291 100351 0
S 412696 291 100345 0
S 417696 291 100351 0
S 422695 291 100351 0
S 427695 291 100360 0
S 432695 291 100354 0
S 437695 291 100354 0
S 442694 291 100342 0
S 447694 291 100345 0
S 452694 291 100351 0
S 457693 291 100351 0
S 462693 291 100348 0
S 467693 291 100342 0
S 472692 291 100342 0
S 477692 291 100342 0
S 482692 291 100336 0
S 487691 291 100336 0
S 492691 291 100342 0
S 497691 291 100351 0
S 502690 291 100351 0
S 507690 291 100345 0
S 512690 291 100351 0
S 517690 291 100345 0
S 522689 291 100357 0
S 527689 291 100336 0
S 532689 291 100348 0
S 537688 291 100351 0
S 542688 291 100354 0
S 547688 291 100354 0
S 552687 291 100351 0
S 557687 291 100354 0
S 562687 291 100348 0
S 567686 291 100354 0
S 572686 291 100345 0
S 577686 291 100354 0
S 582685 291 100345 0
S 587685 291 100342 0
S 592685 291 100342 0
S 597685 291 100348 0
S 602684 291 100342 0
S 607684 291 100348 0
S 612684 291 100336 0
S 617683 291 100345 0
S 622683 291 100339 0
S 627683 291 100345 0
S 632682 291 100345 0
S 637682 291 100342 0
S 642682 291 100342 0
S 647681 291 100342 0
S 652681 291 100351 0
S 657681 291 100342 0
S 662680 291 100351 0
S 667680 291 100351 0
S 672680 291 100348 0
S 677680 291 100351 0
S 682679 291 100351 0
S 687679 291 100348 0
S 692679 291 100348 0
S 697678 291 100354 0
S 702678 291 100348 0
S 707678 291 100345 0
S 712677 291 100351 0
S 717677 291 100348 0
S 722677 291 100342 0
S 727676 291 100342 0
S 732676 291 100345 0
S 737676 291 100345 0
S 742675 291 100351 0
S 747675 291 100354 0
S 752675 291 100342 0
S 757675 291 100342 0
S 762674 291 100342 0
S 767674 291 100342 0
S 772674 291 100342 0
S 777673 291 100351 0
S 782673 291 100357 0
S 787673 291 100342 0
S 792672 291 100354 0
S 797672 291 100342 0
S 802672 291 100348 0
S 807671 291 100342 0
S 812671 291 100351 0
S 817671 291 100342 0
S 822670 291 100351 0
S 827670 291 100342 0
S 832670 291 100351 0
S 837670 291 100345 0
S 842669 291 100345 0
S 847669 291 100342 0
S 852669 291 100345 0
S 857668 291 100348 0
S 862668 291 100354 0
S 867668 291 100345 0
S 872667 291 100342 0
S 877667 291 100345 0
S 882667 291 100342 0
S 887666 291 100342 0
S 892666 291 100342 0
S 897666 291 100342 0
S 902665 291 100342 0
S 907665 291 100336 0
S 912665 291 100342 0
S 917665 291 100331 0
S 922664 291 100336 0
S 927664 291 100345 0
S 932664 291 100345 0
S 937663 291 100336 0
S 942663 291 100342 0
S 947663 291 100342 0
S 952662 291 100342 0
S 957662 291 100342 0
S 962662 291 100345 0
S 967661 291 100348 0
S 972661 291 100342 0
S 977661 291 100342 0
S 982660 291 100336 0
S 987660 291 100336 0
S 992660 291 100345 0
S 997660 291 100342 0
S 1002659 291 100342 0
S 1007659 291 100342 0
S 1012659 291 100345 0
S 1017658 291 100342 0
S 1022658 291 100334 0
S 1027658 291 100336 0
S 1037657 291 100354 0
S 1042657 291 100354 0
S 1047656 291 100360 0
S 1052656 291 100354 0
S 1057656 291 100354 0
S 1062655 291 100354 0
S 1067655 291 100354 0
S 1072655 291 100348 0
S 1077655 291 100348 0
S 1082654 291 100354 0
S 1087654 291 100345 0
S 1092654 291 100348 0
S 1097653 291 100342 0
S 1102653 291 100354 0
S 1107653 291 100354 0
S 1112652 291 100348 0
S 1117652 291 100345 0
S 1122652 291 100342 0
S 1127651 291 100354 0
S 1132651 291 100348 0
S 1137651 291 100342 0
S 1142650 291 100351 0
S 1147650 291 100354 0
S 1152650 291 100357 0
S 1157650 291 100357 0
S 1162649 291 100354 0
S 1167649 291 100354 0
S 1172649 291 100348 0
S 1177648 291 100354 0
S 1182648 291 100354 0
S 1187648 291 100354 0
S 1192647 291 100363 0
S 1197647 291 100354 0
S 1202647 291 100360 0
S 1207646 291 100354 0
S 1212646 291 100354 0
S 1217646 291 100348 0
S 1222645 291 100354 0
S 1227645 291 100354 0
S 1232645 291 100354 0
S 1237645 291 100363 0
S 1242644 291 100354 0
S 1247644 291 100357 0
S 1252644 291 100351 0
S 1257643 291 100357 0
S 1262643 291 100354 0
S 1267643 291 100348 0
S 1272642 291 100342 0
S 1277642 291 100357 0
S 1282642 291 100354 0
S 1287641 291 100357 0
S 1292641 291 100366 0
S 1297641 291 100360 0
S 1302640 291 100354 0
S 1307640 291 100363 0
S 1312640 291 100357 0
S 1317640 291 100363 0
S 1322639 291 100354 0
S 1327639 291 100366 0
S 1332639 291 100354 0
S 1337638 291 100357 0
S 1342638 291 100354 0
S 1347638 291 100357 0
S 1352637 291 100354 0
S 1357637 291 100354 0
S 1362637 291 100354 0
S 1367636 291 100354 0
S 1372636 291 100357 0
S 1377636 291 100345 0
S 1382635 291 100354 0
S 1387635 291 100348 0
S 1392635 291 100354 0
S 1397635 291 100357 0
S 1402634 291 100357 0
S 1407634 291 100354 0
S 1412634 291 100351 0
S 1417633 291 100357 0
S 1422633 291 100363 0
S 1427633 291 100357 0
S 1432632 291 100354 0
S 1437632 291 100354 0
S 1442632 291 100354 0
S 1447631 291 100360 0
S 1452631 291 100357 0
S 1457631 291 100354 0
S 1462630 291 100354 0
S 1467630 291 100354 0
S 1472630 291 100354 0
S 1477630 291 100360 0
S 1482629 291 100357 0
S 1487629 291 100348 0
S 1492629 291 100357 0
S 1497628 291 100357 0
S 1502628 291 100354 0
S 1507628 291 100348 0
S 1512627 291 100348 0
S 1517627 291 100354 0
S 1522627 291 100348 0
S 1527626 291 100342 0
S 1532626 291 100357 0
S 1537626 291 100357 0
S 1542625 291 100348 0
S 1547625 291 100348 0
S 1552625 291 100354 0
S 1557625 291 100342 0
S 1562624 291 100363 0
S 1567624 291 100345 0
S 1572624 291 100354 0
S 1577623 291 100348 0
S 1582623 291 100354 0
S 1587623 291 100348 0
S 1592622 291 100351 0
S 1597622 291 100348 0
S 1602622 291 100348 0
S 1607621 291 100354 0
S 1612621 291 100354 0
S 1617621 291 100354 0
S 1622620 291 100351 0
S 1627620 291 100354 0
S 1632620 291 100348 0
S 1637620 291 100354 0
S 1642619 291 100348 0
S 1647619 291 100354 0
S 1652619 291 100354 0
S 1657618 291 100354 0
S 1662618 291 100354 0
S 1667618 291 100354 0
S 1672617 291 100342 0
S 1677617 291 100351 0
S 1682617 291 100342 0
S 1687616 291 100354 0
S 1692616 291 100348 0
S 1697616 291 100354 0
S 1702615 291 100348 0
S 1707615 291 100342 0
S 1712615 291 100345 0
S 1717615 291 100345 0
S 1722614 291 100345 0
S 1727614 291 100342 0
S 1732614 291 100345 0
S 1737613 291 100354 0
S 1742613 291 100348 0
S 1747613 291 100342 0
S 1752612 291 100342 0
S 1757612 291 100354 0
S 1762612 291 100342 0
S 1767611 291 100345 0
S 1772611 291 100348 0
S 1777611 291 100348 0
S 1782610 291 100348 0
S 1787610 291 100348 0
S 1792610 291 100348 0
S 1797610 291 100342 0
S 1802609 291 100348 0
S 1807609 291 100351 0
S 1812609 291 100345 0
S 1817608 291 100354 0
S 1822608 291 100342 0
S 1827608 291 100354 0
S 1832607 291 100351 0
S 1837607 291 100348 0
S 1842607 291 100354 0
S 1847606 291 100345 0
S 1852606 291 100354 0
S 1857606 291 100339 0
S 1862605 291 100348 0
S 1867605 291 100354 0
S 1872605 291 100348 0
S 1877605 291 100345 0
S 1882604 291 100348 0
S 1887604 291 100348 0
S 1892604 291 100357 0
S 1897603 291 100342 0
S 1902603 291 100345 0
S 1907603 291 100339 0
S 1912602 291 100348 0
S 1917602 291 100348 0
S 1922602 291 100354 0
S 1927601 291 100348 0
S 1932601 291 100345 0
S 1937601 291 100348 0
S 1942600 291 100354 0
S 1947600 291 100345 0
S 1952600 291 100354 0
S 1957600 291 100348 0
S 1962599 291 100345 0
S 1967599 291 100345 0
S 1972599 291 100351 0
S 1977598 291 100342 0
S 1982598 291 100354 0
S 1987598 291 100348 0
S 1992597 291 100345 0
S 1997597 291 100348 0
S 2002597 291 100342 0
S 2007596 291 100342 0
S 2012596 291 100348 0
S 2017596 291 100348 0
S 2022595 291 100354 0
S 2027595 291 100342 0
S 2032595 291 100342 0
S 2042594 292 100354 0
S 2047594 292 100357 0
S 2052594 292 100363 0
S 2057593 292 100354 0
S 2062593 292 100360 0
S 2067593 292 100354 0
S 2072592 292 100360 0
S 2077592 292 100354 0
S 2082592 292 100354 0
S 2087591 292 100360 0
S 2092591 292 100351 0
S 2097591 292 100360 0
S 2102590 292 100348 0
S 2107590 292 100348 0
S 2112590 292 100351 0
S 2117590 292 100354 0
S 2122589 292 100354 0
S 2127589 292 100360 0
S 2132589 292 100354 0
S 2137588 292 100348 0
S 2142588 292 100348 0
S 2147588 292 100357 0
S 2152587 292 100360 0
S 2157587 292 100357 0
S 2162587 292 100360 0
S 2167586 292 100360 0
S 2172586 292 100354 0
S 2177586 292 100354 0
S 2182585 292 100348 0
S 2187585 292 100357 0
S 2192585 292 100354 0
S 2197585 292 100354 0
S 2202584 292 100354 0
S 2207584 292 100354 0
S 2212584 292 100357 0
S 2217583 292 100360 0
S 2222583 292 100369 0
S 2227583 292 100372 0
S 2232582 292 100354 0
S 2237582 292 100360 0
S 2242582 292 100348 0
S 2247581 292 100354 0
S 2252581 292 100351 0
S 2257581 292 100348 0
S 2262580 292 100354 0
S 2267580 292 100348 0
S 2272580 292 100354 0
S 2277580 292 100348 0
S 2282579 292 100351 0
S 2287579 292 100357 0
S 2292579 292 100354 0
S 2297578 292 100360 0
S 2302578 292 100351 0
S 2307578 292 100348 0
S 2312577 292 100354 0
S 2317577 292 100360 0
S 2322577 292 100360 0
S 2327576 292 100345 0
S 2332576 292 100348 0
S 2337576 292 100363 0
S 2342575 292 100360 0
S 2347575 292 100354 0
S 2352575 292 100354 0
S 2357575 292 100360 0
S 2362574 292 100360 0
S 2367574 292 100360 0
S 2372574 292 100357 0
S 2377573 292 100360 0
S 2382573 292 100360 0
S 2387573 292 100363 0
S 2392572 292 100363 0
S 2397572 292 100360 0
S 2402572 292 100354 0
S 2407571 292 100357 0
S 2412571 292 100357 0
S 2417571 292 100348 0
S 2422570 292 100351 0
S 2427570 292 100351 0
S 2432570 292 100351 0
S 2437570 292 100354 0
S 2442569 292 100354 0
S 2447569 292 100351 0
S 2452569 292 100360 0
S 2457568 292 100360 0
S 2462568 292 100354 0
S 2467568 292 100354 0
S 2472567 292 100354 0
S 2477567 292 100360 0
S 2482567 292 100360 0
S 2487566 292 100360 0
S 2492566 292 100354 0
S 2497566 292 100354 0
S 2502565 292 100354 0
S 2507565 292 100360 0
S 2512565 292 100354 0
S 2517565 292 100354 0
S 2522564 292 100348 0
S 2527564 292 100357 0
S 2532564 292 100348 0
S 2537563 292 100360 0
S 2542563 292 100351 0
S 2547563 292 100354 0
S 2552562 292 100348 0
S 2557562 292 100351 0
S 2562562 292 100354 0
S 2595560 292 100354 1
S 2602559 292 100355 1
S 2609559 292 100354 1
S 2616558 292 100352 1
S 2623558 292 100357 1
S 2630557 292 100355 1
S 2637557 292 100355 1
S 2644557 292 100352 1
S 2651556 292 100354 1
S 2658556 292 100348 1
S 2665555 292 100352 1
S 2672555 292 100354 1
S 2679554 292 100351 1
S 2686554 292 100352 1
S 2693554 292 100355 1
S 2700553 292 100355 1
S 2707553 292 100355 1
S 2714552 292 100351 1
S 2721552 292 100357 1
S 2728551 292 100355 1
S 2735551 292 100358 1
S 2742550 292 100349 1
S 2749550 292 100352 1
S 2756550 292 100357 1
S 2763549 292 100349 1
S 2770549 292 100354 1
S 2777548 292 100355 1
S 2784548 292 100348 1
S 2791547 292 100358 1
S 2798547 292 100355 1
S 2805547 292 100358 1
S 2812546 292 100355 1
S 2819546 292 100355 1
S 2826545 292 100352 1
S 2833545 292 100361 1
S 2840544 292 100357 1
S 2847544 292 100355 1
S 2854543 292 100355 1
S 2861543 292 100352 1
S 2868543 292 100361 1
S 2875542 292 100355 1
S 2882542 292 100352 1
S 2889541 292 100348 1
S 2896541 292 100357 1
S 2903540 292 100354 1
S 2910540 292 100349 1
S 2917540 292 100351 1
S 2924539 292 100348 1
S 2931539 292 100349 1
S 2938538 292 100355 1
S 2945538 292 100349 1
S 2952537 292 100351 1
S 2959537 292 100352 1
S 2966536 292 100349 1
S 2973536 292 100348 1
S 2980536 292 100352 1
S 2987535 292 100351 1
S 2994535 292 100355 1
S 3001535 292 100352 1
S 3008534 292 100355 1
S 3015533 292 100349 1
S 3022533 292 100352 1
S 3029533 292 100354 1
S 3036532 292 100352 1
S 3043532 292 100354 1
S 3055531 292 100363 1
S 3062530 292 100354 1
S 3069530 292 100355 1
S 3076530 292 100358 1
S 3083529 292 100349 1
S 3090529 292 100351 1
S 3097528 292 100357 1
S 3104528 292 100360 1
S 3111527 292 100358 1
S 3118527 292 100355 1
S 3125527 292 100355 1
S 3132526 292 100355 1
S 3139526 292 100352 1
S 3146525 292 100358 1
S 3153525 292 100360 1
S 3160524 292 100357 1
S 3167524 292 100358 1
S 3174523 292 100357 1
S 3181523 292 100357 1
S 3188523 292 100352 1
S 3195522 292 100357 1
S 3202522 292 100355 1
S 3209521 292 100358 1
S 3216521 292 100357 1
S 3223520 292 100354 1
S 3230520 292 100354 1
S 3237520 292 100357 1
S 3244519 292 100357 1
S 3251519 292 100354 1
S 3258518 292 100360 1
S 3265518 292 100358 1
S 3272517 292 100360 1
S 3279517 292 100358 1
S 3286516 292 100354 1
S 3293516 292 100360 1
S 3300516 292 100352 1
S 3307515 292 100357 1
S 3314515 292 100357 1
S 3321514 292 100355 1
S 3328514 292 100357 1
S 3335513 292 100355 1
S 3342513 292 100361 1
S 3349513 292 100355 1
S 3356512 292 100357 1
S 3363512 292 100352 1
S 3370511 292 100357 1
S 3377511 292 100363 1
S 3384510 292 100352 1
S 3391510 292 100355 1
S 3398509 292 100354 1
S 3405509 292 100357 1
S 3412509 292 100357 1
S 3419508 292 100357 1
S 3426508 292 100357 1
S 3433507 292 100361 1
S 3440507 292 100357 1
S 3447506 292 100360 1
S 3454506 292 100363 1
S 3461506 292 100357 1
S 3468505 292 100363 1
S 3475505 292 100369 1
S 3482504 292 100361 1
S 3489504 292 100358 1
S 3496503 292 100358 1
S 3503503 292 100355 1
S 3510502 292 100357 1
S 3517502 292 100360 1
S 3524502 292 100358 1
S 3531501 292 100360 1
S 3538501 292 100361 1
S 3545500 292 100354 1
S 3552500 292 100357 1
S 3559499 292 100360 1
S 3566499 292 100357 1
S 3573499 292 100363 1
S 3580498 292 100358 1
S 3587498 292 100363 1
S 3594497 292 100358 1
S 3601497 292 100358 1
S 3608496 292 100363 1
S 3615496 292 100357 1
S 3622495 292 100357 1
S 3629495 292 100360 1
S 3636495 292 100352 1
S 3643494 292 100357 1
S 3650494 292 100357 1
S 3657493 292 100360 1
S 3664493 292 100358 1
S 3671492 292 100360 1
S 3678492 292 100363 1
S 3685492 292 100357 1
S 3692491 292 100357 1
S 3699491 292 100360 1
S 3706490 292 100358 1
S 3713490 292 100358 1
S 3720489 292 100355 1
S 3727489 292 100363 1
S 3734488 292 100360 1
S 3741488 292 100357 1
S 3748488 292 100357 1
S 3755487 292 100357 1
S 3762487 292 100355 1
S 3769486 292 100351 1
S 3776486 292 100355 1
S 3783485 292 100354 1
S 3790485 292 100354 1
S 3797485 292 100352 1
S 3804484 292 100355 1
S 3811484 292 100357 1
S 3818483 292 100358 1
S 3825483 292 100361 1
S 3832482 292 100360 1
S 3839482 292 100357 1
S 3846481 292 100355 1
S 3853481 292 100355 1
S 3860481 292 100349 1
S 3867480 292 100351 1
S 3874480 292 100357 1
S 3881479 292 100355 1
S 3888479 292 100352 1
S 3895478 292 100354 1
S 3902478 292 100360 1
S 3909478 292 100357 1
S 3916477 292 100357 1
S 3923477 292 100357 1
S 3930476 292 100352 1
S 3937476 292 100352 1
S 3944475 292 100355 1
S 3951475 292 100357 1
S 3958474 292 100355 1
S 3965474 292 100357 1
S 3972474 292 100357 1
S 3979473 292 100355 1
S 3986473 292 100354 1
S 3993472 292 100355 1
S 4000473 292 100354 1
S 4007471 292 100352 1
S 4014471 292 100352 1
S 4021471 292 100358 1
S 4028470 292 100352 1
S 4035470 292 100352 1
S 4042469 292 100352 1
S 4049469 292 100349 1
S 4061468 292 100354 1
S 4068468 292 100355 1
S 4075467 292 100354 1
S 4082467 292 100357 1
S 4089466 292 100357 1
S 4096466 292 100361 1
S 4103465 292 100354 1
S 4110465 292 100357 1
S 4117465 292 100361 1
S 4124464 292 100352 1
S 4131464 292 100357 1
S 4138463 292 100351 1
S 4145463 292 100354 1
S 4152462 292 100351 1
S 4159462 292 100354 1
S 4166461 292 100355 1
S 4173461 292 100354 1
S 4180461 292 100355 1
S 4187460 292 100346 1
S 4194460 292 100345 1
S 4201459 292 100357 1
S 4208459 292 100357 1
S 4215458 292 100358 1
S 4222458 292 100349 1
S 4229458 292 100357 1
S 4236457 292 100357 1
S 4243457 292 100355 1
S 4250456 292 100354 1
S 4257456 292 100357 1
S 4264455 292 100352 1
S 4271455 292 100357 1
S 4278454 292 100355 1
S 4285454 292 100355 1
S 4292454 292 100354 1
S 4299453 292 100352 1
S 4306453 292 100351 1
S 4313452 292 100360 1
S 4320452 292 100357 1
S 4327451 292 100354 1
S 4334451 292 100357 1
S 4341451 292 100358 1
S 4348450 292 100354 1
S 4355450 292 100360 1
S 4362449 292 100355 1
S 4369449 292 100357 1
S 4376448 292 100357 1
S 4383448 292 100358 1
S 4390447 292 100357 1
S 4397447 292 100358 1
S 4404447 292 100349 1
S 4411446 292 100357 1
S 4418446 292 100357 1
S 4425445 292 100361 1
S 4432445 292 100348 1
S 4439444 292 100354 1
S 4446444 292 100352 1
S 4453444 292 100348 1
S 4460443 292 100352 1
S 4467443 292 100354 1
S 4474442 292 100355 1
S 4481442 292 100357 1
S 4488441 292 100357 1
S 4495441 292 100357 1
S 4502440 292 100363 1
S 4509440 292 100354 1
S 4516440 292 100357 1
S 4523439 292 100355 1
S 4530439 292 100351 1
S 4537438 292 100351 1
S 4544438 292 100354 1
S 4551437 292 100355 1
S 4558437 292 100355 1
S 4565437 292 100357 1
S 4572436 292 100355 1
S 4579436 292 100352 1
S 4586435 292 100348 1
S 4593435 292 100355 1
S 4600434 292 100357 1
S 4607434 292 100355 1
S 4614433 292 100355 1
S 4621433 292 100355 1
S 4628433 292 100352 1
S 4635432 292 100357 1
S 4642432 292 100355 1
S 4649431 292 100352 1
S 4656431 292 100358 1
S 4663430 292 100355 1
S 4670430 292 100357 1
S 4677430 292 100360 1
S 4684429 292 100349 1
S 4691429 292 100358 1
S 4698428 292 100355 1
S 4705428 292 100352 1
S 4712427 292 100357 1
S 4719427 292 100352 1
S 4726426 292 100363 1
S 4733426 292 100358 1
S 4740426 292 100351 1
S 4747425 292 100354 1
S 4754425 292 100360 1
S 4761424 292 100361 1
S 4768424 292 100361 1
S 4775423 292 100360 1
S 4782423 292 100354 1
S 4789423 292 100355 1
S 4796422 292 100358 1
S 4803422 292 100352 1
S 4810421 292 100358 1
S 4817421 292 100352 1
S 4824420 292 100357 1
S 4831420 292 100357 1
S 4838419 292 100357 1
S 4845419 292 100352 1
S 4852419 292 100357 1
S 4859418 292 100355 1
S 4866418 292 100355 1
S 4873417 292 100361 1
S 4880417 292 100357 1
S 4887416 292 100360 1
S 4894416 292 100357 1
S 4901416 292 100355 1
S 4908415 292 100354 1
S 4915415 292 100355 1
S 4922414 292 100355 1
S 4929414 292 100355 1
S 4936413 292 100360 1
S 4943413 292 100357 1
S 4950412 292 100357 1
S 4957412 292 100355 1
S 4964412 292 100358 1
S 4971411 292 100357 1
S 4978411 292 100358 1
S 4985410 292 100357 1
S 4992410 292 100357 1
S 4999409 292 100357 1
S 5006409 292 100357 1
S 5013409 292 100361 1
S 5020408 292 100357 1
S 5027408 292 100357 1
S 5034407 292 100361 1
S 5041407 292 100361 1
S 5048406 292 100366 1
S 5055406 292 100363 1
S 5067405 292 100369 1
S 5074405 292 100373 1
S 5081404 292 100363 1
S 5088404 292 100367 1
S 5095403 292 100367 1
S 5102403 292 100366 1
S 5109403 292 100369 1
S 5116402 292 100369 1
S 5123402 292 100367 1
S 5130401 292 100369 1
S 5137401 292 100367 1
S 5144400 292 100367 1
S 5151400 292 100373 1
S 5158399 292 100369 1
S 5165399 292 100372 1
S 5172399 292 100367 1
S 5179398 292 100364 1
S 5186398 292 100366 1
S 5193397 292 100366 1
S 5200397 292 100367 1
S 5207396 292 100366 1
S 5214396 292 100367 1
S 5221396 292 100364 1
S 5228395 292 100369 1
S 5235395 292 100364 1
S 5242394 292 100361 1
S 5249394 292 100360 1
S 5256393 292 100364 1
S 5263393 292 100363 1
S 5270392 292 100366 1
S 5277392 292 100364 1
S 5284392 292 100364 1
S 5291391 292 100364 1
S 5298391 292 100364 1
S 5305390 292 100364 1
S 5312390 292 100360 1
S 5319389 292 100361 1
S 5326389 292 100363 1
S 5333389 292 100361 1
S 5340388 292 100363 1
S 5347388 292 100360 1
S 5354387 292 100360 1
S 5361387 292 100360 1
S 5368386 292 100363 1
S 5375386 292 100363 1
S 5382385 292 100357 1
S 5389385 292 100360 1
S 5396385 292 100358 1
S 5403384 292 100360 1
S 5410384 292 100358 1
S 5417383 292 100364 1
S 5424383 292 100363 1
S 5431382 292 100363 1
S 5438382 292 100366 1
S 5445382 292 100360 1
S 5452381 292 100363 1
S 5459381 292 100364 1
S 5466380 292 100363 1
S 5473380 292 100360 1
S 5480379 292 100363 1
S 5487379 292 100361 1
S 5494378 292 100358 1
S 5501378 292 100363 1
S 5508378 292 100366 1
S 5515377 292 100363 1
S 5522377 292 100363 1
S 5529376 292 100357 1
S 5536376 292 100363 1
S 5543375 292 100360 1
S 5550375 292 100357 1
S 5557375 292 100360 1
S 5564374 292 100357 1
S 5571374 292 100363 1
S 5578373 292 100363 1
S 5585373 292 100361 1
S 5592372 292 100363 1
S 5599372 292 100363 1
S 5606371 292 100361 1
S 5613371 292 100358 1
S 5620371 292 100363 1
S 5627370 292 100361 1
S 5634370 292 100360 1
S 5641369 292 100357 1
S 5648369 292 100358 1
S 5655368 292 100366 1
S 5662368 292 100363 1
S 5669368 292 100364 1
S 5676367 292 100361 1
S 5683367 292 100363 1
S 5690366 292 100367 1
S 5697366 292 100361 1
S 5704365 292 100360 1
S 5711365 292 100364 1
S 5718364 292 100363 1
S 5725364 292 100363 1
S 5732364 292 100361 1
S 5739363 292 100360 1
S 5746363 292 100360 1
S 5753362 292 100364 1
S 5760362 292 100363 1
S 5767361 292 100358 1
S 5774361 292 100358 1
S 5781361 292 100363 1
S 5788360 292 100364 1
S 5795360 292 100360 1
S 5802359 292 100361 1
S 5809359 292 100355 1
S 5816358 292 100358 1
S 5823358 292 100360 1
S 5830357 292 100361 1
S 5837357 292 100361 1
S 5844357 292 100361 1
S 5851356 292 100357 1
S 5858356 292 100364 1
S 5865355 292 100361 1
S 5872355 292 100363 1
S 5879354 292 100363 1
S 5886354 292 100364 1
S 5893354 292 100354 1
S 5900353 292 100361 1
S 5907353 292 100361 1
S 5914352 292 100370 1
S 5921352 292 100360 1
S 5928351 292 100363 1
S 5935351 292 100363 1
S 5942350 292 100364 1
S 5949350 292 100358 1
S 5956350 292 100361 1
S 5963349 292 100363 1
S 5970349 292 100357 1
S 5977348 292 100355 1
S 5984348 292 100363 1
S 5991347 292 100361 1
S 5998347 292 100369 1
S 6005347 292 100366 1
S 6012346 292 100363 1
S 6019346 292 100360 1
S 6026345 292 100361 1
S 6033345 292 100369 1
S 6040344 292 100366 1
S 6047344 292 100366 1
S 6054343 292 100366 1
S 6061343 292 100364 1
S 6073342 292 100366 1
S 6080342 292 100364 1
S 6087341 292 100366 1
S 6094341 292 100366 1
S 6101341 292 100363 1
S 6108340 292 100364 1
S 6159337 292 100367 2
S 6170336 292 100365 2
S 6181336 292 100361 2
S 6192335 292 100364 2
S 6203334 292 100366 2
S 6214333 292 100362 2
S 6225333 292 100362 2
S 6236332 292 100364 2
S 6247331 292 100366 2
S 6258331 292 100361 2
S 6269330 292 100360 2
S 6280329 292 100361 2
S 6291329 292 100361 2
S 6302328 292 100361 2
S 6313327 292 100364 2
S 6324327 292 100365 2
S 6335326 292 100363 2
S 6346325 292 100367 2
S 6357325 292 100362 2
S 6368324 292 100360 2
S 6379323 292 100365 2
S 6390322 292 100360 2
S 6401322 292 100358 2
S 6412321 292 100362 2
S 6423320 292 100363 2
S 6434320 292 100359 2
S 6445319 292 100358 2
S 6456318 292 100352 2
S 6467318 292 100356 2
S 6478317 292 100358 2
S 6489316 292 100361 2
S 6500316 292 100361 2
S 6511315 292 100360 2
S 6522314 292 100357 2
S 6533314 292 100358 2
S 6544313 292 100361 2
S 6555312 292 100360 2
S 6566311 292 100359 2
S 6577311 292 100359 2
S 6588310 292 100360 2
S 6599309 292 100360 2
S 6610309 292 100358 2
S 6621308 292 100361 2
S 6632307 292 100357 2
S 6643307 292 100358 2
S 6654306 292 100360 2
S 6665305 292 100361 2
S 6676305 292 100358 2
S 6687304 292 100358 2
S 6698303 292 100357 2
S 6709303 292 100362 2
S 6720302 292 100360 2
S 6731301 292 100364 2
S 6742300 292 100361 2
S 6753300 292 100361 2
S 6764299 292 100364 2
S 6775298 292 100360 2
S 6786298 292 100354 2
S 6797297 292 100358 2
S 6808296 292 100358 2
S 6819296 292 100358 2
S 6830295 292 100361 2
S 6841294 292 100359 2
S 6852294 292 100358 2
S 6863293 292 100358 2
S 6874292 292 100358 2
S 6885292 292 100356 2
S 6896291 292 100360 2
S 6907290 292 100359 2
S 6918289 292 100358 2
S 6929289 292 100355 2
S 6940288 292 100355 2
S 6951287 292 100356 2
S 6962287 292 100357 2
S 6973286 292 100361 2
S 6984285 292 100358 2
S 6995285 292 100357 2
S 7006284 292 100361 2
S 7017283 292 100361 2
S 7028283 292 100361 2
S 7039282 292 100359 2
S 7050281 292 100359 2
S 7061281 292 100361 2
S 7072280 292 100359 2
S 7088279 292 100363 2
S 7099278 292 100362 2
S 7110277 292 100364 2
S 7121277 292 100361 2
S 7132276 292 100360 2
S 7143275 292 100354 2
S 7154275 292 100361 2
S 7165274 292 100361 2
S 7176273 292 100357 2
S 7187273 292 100360 2
S 7198272 292 100360 2
S 7209271 292 100361 2
S 7220271 292 100358 2
S 7231270 292 100360 2
S 7242269 292 100360 2
S 7253269 292 100361 2
S 7264268 292 100363 2
S 7275267 292 100361 2
S 7286266 292 100361 2
S 7297266 292 100358 2
S 7308265 292 100361 2
S 7319264 292 100358 2
S 7330264 292 100357 2
S 7341263 292 100362 2
S 7352262 292 100358 2
S 7363262 292 100361 2
S 7374261 292 100358 2
S 7385260 292 100362 2
S 7396260 292 100362 2
S 7407259 292 100361 2
S 7418258 292 100361 2
S 7429258 292 100361 2
S 7440257 292 100362 2
S 7451256 292 100359 2
S 7462255 292 100359 2
S 7473255 292 100355 2
S 7484254 292 100356 2
S 7495253 292 100360 2
S 7506253 292 100357 2
S 7517252 292 100358 2
S 7528251 292 100360 2
S 7539251 292 100361 2
S 7550250 292 100362 2
S 7561249 292 100358 2
S 7572249 292 100361 2
S 7583248 292 100360 2
S 7594247 292 100351 2
S 7605247 292 100357 2
S 7616246 292 100358 2
S 7627245 292 100358 2
S 7638244 292 100358 2
S 7649244 292 100361 2
S 7660243 292 100356 2
S 7671242 292 100357 2
S 7682242 292 100362 2
S 7693241 292 100362 2
S 7704240 292 100360 2
S 7715240 292 100361 2
S 7726239 292 100359 2
S 7737238 292 100360 2
S 7748238 292 100364 2
S 7759237 292 100359 2
S 7770236 292 100361 2
S 7781236 292 100362 2
S 7792235 292 100364 2
S 7803234 292 100364 2
S 7814233 292 100361 2
S 7825233 292 100359 2
S 7836232 292 100364 2
S 7847231 292 100363 2
S 7858231 292 100361 2
S 7869230 292 100364 2
S 7880229 292 100361 2
S 7891229 292 100365 2
S 7902228 292 100359 2
S 7913227 292 100356 2
S 7924227 292 100361 2
S 7935226 292 100358 2
S 7946225 292 100357 2
S 7957225 292 100364 2
S 7968224 292 100361 2
S 7979223 292 100356 2
S 7990222 292 100362 2
S 8001223 292 100358 2
S 8012221 292 100353 2
S 8023220 292 100361 2
S 8034220 292 100358 2
S 8045219 292 100358 2
S 8056218 292 100357 2
S 8067218 292 100361 2
S 8078217 292 100360 2
S 8094216 292 100368 2
S 8105215 292 100367 2
S 8116215 292 100360 2
S 8127214 292 100368 2
S 8138213 292 100364 2
S 8149213 292 100360 2
S 8160212 292 100362 2
S 8171211 292 100364 2
S 8182210 292 100364 2
S 8193210 292 100361 2
S 8204209 292 100363 2
S 8215208 292 100365 2
S 8226208 292 100364 2
S 8237207 292 100363 2
S 8248206 292 100366 2
S 8259206 292 100363 2
S 8270205 292 100367 2
S 8281204 292 100365 2
S 8292204 292 100361 2
S 8303203 292 100359 2
S 8314202 292 100366 2
S 8325202 292 100355 2
S 8336201 292 100359 2
S 8347200 292 100355 2
S 8358199 292 100358 2
S 8369199 292 100359 2
S 8380198 292 100358 2
S 8391197 292 100362 2
S 8402197 292 100364 2
S 8413196 292 100361 2
S 8424195 292 100361 2
S 8435195 292 100361 2
S 8446194 292 100366 2
S 8457193 292 100364 2
S 8468193 292 100366 2
S 8479192 292 100364 2
S 8490191 292 100364 2
S 8501191 292 100358 2
S 8512190 292 100364 2
S 8523189 292 100364 2
S 8534188 292 100361 2
S 8545188 292 100364 2
S 8556187 292 100363 2
S 8567186 292 100363 2
S 8578186 292 100364 2
S 8589185 292 100359 2
S 8600184 292 100359 2
S 8611184 292 100361 2
S 8622183 292 100360 2
S 8633182 292 100357 2
S 8644182 292 100359 2
S 8655181 292 100358 2
S 8666180 292 100359 2
S 8677180 292 100359 2
S 8688179 292 100358 2
S 8699178 292 100363 2
S 8710177 292 100361 2
S 8721177 292 100355 2
S 8732176 292 100361 2
S 8743175 292 100355 2
S 8754175 292 100361 2
S 8765174 292 100360 2
S 8776173 292 100360 2
S 8787173 292 100359 2
S 8798172 292 100361 2
S 8809171 292 100358 2
S 8820171 292 100361 2
S 8831170 292 100361 2
S 8842169 292 100358 2
S 8853169 292 100363 2
S 8864168 292 100364 2
S 8875167 292 100359 2
S 8886166 292 100364 2
S 8897166 292 100364 2
S 8908165 292 100361 2
S 8919164 292 100360 2
S 8930164 292 100361 2
S 8941163 292 100366 2
S 8952162 292 100364 2
S 8963162 292 100361 2
S 8974161 292 100361 2
S 8985160 292 100361 2
S 8996160 292 100364 2
S 9007159 292 100367 2
S 9018158 292 100368 2
S 9029158 292 100367 2
S 9040157 292 100364 2
S 9051156 292 100361 2
S 9062155 292 100368 2
S 9073155 292 100361 2
S 9084154 292 100361 2
S 9100153 292 100364 2
S 9111152 292 100369 2
S 9122152 292 100367 2
S 9133151 292 100363 2
S 9144150 292 100362 2
S 9155150 292 100366 2
S 9166149 292 100360 2
S 9177148 292 100360 2
S 9188148 292 100363 2
S 9199147 292 100361 2
S 9210146 292 100359 2
S 9221146 292 100364 2
S 9232145 292 100364 2
S 9243144 292 100361 2
S 9254143 292 100359 2
S 9265143 292 100363 2
S 9276142 292 100364 2
S 9287141 292 100361 2
S 9298141 292 100361 2
S 9309140 292 100361 2
S 9320139 292 100365 2
S 9331139 292 100361 2
S 9342138 292 100363 2
S 9353137 292 100358 2
S 9364137 292 100357 2
S 9375136 292 100360 2
S 9386135 292 100360 2
S 9397135 292 100362 2
S 9408134 292 100359 2
S 9419133 292 100361 2
S 9430132 292 100358 2
S 9441132 292 100363 2
S 9452131 292 100359 2
S 9463130 292 100358 2
S 9474130 292 100364 2
S 9485129 292 100364 2
S 9496128 292 100359 2
S 9507128 292 100358 2
S 9518127 292 100361 2
S 9529126 292 100361 2
S 9540126 292 100359 2
S 9551125 292 100361 2
S 9562124 292 100359 2
S 9573124 292 100360 2
S 9584123 292 100359 2
S 9595122 292 100362 2
S 9606121 292 100358 2
S 9617121 292 100363 2
S 9628120 292 100362 2
S 9639119 292 100361 2
S 9650119 292 100356 2
S 9661118 292 100359 2
S 9672117 292 100355 2
S 9683117 292 100355 2
S 9694116 292 100362 2
S 9705115 292 100361 2
S 9716115 292 100358 2
S 9727114 292 100361 2
S 9738113 292 100365 2
S 9749113 292 100364 2
S 9760112 292 100362 2
S 9771111 292 100359 2
S 9782110 292 100362 2
S 9793110 292 100357 2
S 9804109 292 100357 2
S 9815108 292 100363 2
S 9826108 292 100361 2
S 9837107 292 100364 2
S 9848106 292 100359 2
S 9859106 292 100359 2
S 9870105 292 100360 2
S 9881104 292 100361 2
S 9892104 292 100359 2
S 9903103 292 100362 2
S 9914102 292 100361 2
S 9925102 292 100365 2
S 9936101 292 100363 2
S 9947100 292 100361 2
S 9958099 292 100355 2
S 9969099 292 100361 2
S 9980098 292 100355 2
S 9991097 292 100358 2
S 10002098 292 100361 2
S 10013096 292 100358 2
S 10024095 292 100360 2
S 10035095 292 100359 2
S 10046094 292 100358 2
S 10057093 292 100361 2
S 10068093 292 100359 2
S 10079092 292 100360 2
S 10090091 292 100360 2
S 10106090 293 100369 2
S 10117090 293 100365 2
S 10128089 293 100367 2
S 10139088 293 100370 2
S 10150087 293 100366 2
S 10161087 293 100370 2
S 10172086 293 100369 2
S 10183085 293 100368 2
S 10194085 293 100364 2
S 10205084 293 100361 2
S 10216083 293 100362 2
S 10227083 293 100367 2
S 10238082 293 100364 2
S 10249081 293 100366 2
S 10260081 293 100364 2
S 10271080 293 100359 2
S 10282079 293 100368 2
S 10293079 293 100366 2
S 10304078 293 100358 2
S 10315077 293 100364 2
S 10326076 293 100361 2
S 10337076 293 100360 2
S 10348075 293 100361 2
S 10359074 293 100361 2
S 10370074 293 100359 2
S 10381073 293 100363 2
S 10392072 293 100361 2
S 10403072 293 100358 2
S 10414071 293 100359 2
S 10425070 293 100361 2
S 10436070 293 100362 2
S 10447069 293 100363 2
S 10458068 293 100363 2
S 10469068 293 100360 2
S 10480067 293 100364 2
S 10491066 293 100367 2
S 10502065 293 100365 2
S 10513065 293 100366 2
S 10524064 293 100367 2
S 10535063 293 100363 2
S 10546063 293 100358 2
S 10557062 293 100359 2
S 10568061 293 100363 2
S 10579061 293 100359 2
S 10590060 293 100364 2
S 10601059 293 100360 2
S 10612059 293 100361 2
S 10623058 293 100362 2
S 10634057 293 100361 2
S 10645057 293 100363 2
S 10656056 293 100359 2
S 10667055 293 100361 2
S 10678054 293 100361 2
S 10689054 293 100363 2
S 10700053 293 100364 2
S 10711052 293 100367 2
S 10722052 293 100364 2
S 10733051 293 100364 2
S 10744050 293 100363 2
S 10755050 293 100361 2
S 10766049 293 100363 2
S 10777048 293 100361 2
S 10788048 293 100360 2
S 10799047 293 100359 2
S 10810046 293 100359 2
S 10821046 293 100361 2
S 10832045 293 100362 2
S 10843044 293 100363 2
S 10854043 293 100358 2
S 10865043 293 100360 2
S 10876042 293 100358 2
S 10887041 293 100361 2
S 10898041 293 100358 2
S 10909040 293 100357 2
S 10920039 293 100359 2
S 10931039 293 100364 2
S 10942038 293 100361 2
S 10953037 293 100359 2
S 10964037 293 100365 2
S 10975036 293 100369 2
S 10986035 293 100361 2
S 10997035 293 100362 2
S 11008034 293 100359 2
S 11019033 293 100358 2
S 11030032 293 100361 2
S 11041032 293 100362 2
S 11052031 293 100364 2
S 11063030 293 100358 2
S 11074030 293 100363 2
S 11085029 293 100364 2
S 11096028 293 100361 2
S 11112027 293 100368 2
S 11123027 293 100372 2
S 11134026 293 100367 2
S 11145025 293 100362 2
S 11156025 293 100368 2
S 11167024 293 100367 2
S 11178023 293 100367 2
S 11189023 293 100369 2
S 11200022 293 100366 2
S 11211021 293 100370 2
S 11222020 293 100367 2
S 11233020 293 100370 2
S 11244019 293 100367 2
S 11255018 293 100369 2
S 11266018 293 100369 2
S 11277017 293 100365 2
S 11288016 293 100367 2
S 11299016 293 100364 2
S 11310015 293 100366 2
S 11321014 293 100363 2
S 11332014 293 100363 2
S 11343013 293 100367 2
S 11354012 293 100366 2
S 11365012 293 100365 2
S 11376011 293 100363 2
S 11387010 293 100367 2
S 11398009 293 100361 2
S 11409009 293 100367 2
S 11420008 293 100362 2
S 11431007 293 100368 2
S 11442007 293 100367 2
S 11453006 293 100367 2
S 11464005 293 100367 2
S 11475005 293 100370 2
S 11486004 293 100361 2
S 11497003 293 100369 2
S 11508003 293 100367 2
S 11519002 293 100367 2
S 11530001 293 100362 2
S 11541001 293 100364 2
S 11552000 293 100363 2
S 11562999 293 100361 2
S 11573998 293 100364 2
S 11584998 293 100367 2
S 11595997 293 100367 2
S 11606996 293 100364 2
S 11617996 293 100365 2
S 11628995 293 100365 2
S 11639994 293 100367 2
S 11650994 293 100367 2
S 11661993 293 100364 2
S 11672992 293 100366 2
S 11759987 293 100360 3
S 11778986 293 100361 3
S 11797984 293 100358 3
S 11816983 293 100361 3
S 11835982 293 100362 3
S 11854981 293 100364 3
S 11873980 293 100365 3
S 11892979 293 100362 3
S 11911977 293 100364 3
S 11930976 293 100362 3
S 11949975 293 100362 3
S 11968974 293 100362 3
S 11987973 293 100361 3
S 12006971 293 100361 3
S 12025970 293 100359 3
S 12044969 293 100360 3
S 12063968 293 100358 3
S 12082967 293 100356 3
S 12101965 293 100360 3
S 12124964 293 100365 3
S 12143963 293 100368 3
S 12162962 293 100365 3
S 12181960 293 100363 3
S 12200959 293 100364 3
S 12219958 293 100363 3
S 12238957 293 100363 3
S 12257956 293 100363 3
S 12276955 293 100366 3
S 12295953 293 100361 3
S 12314952 293 100367 3
S 12333951 293 100364 3
S 12352950 293 100361 3
S 12371949 293 100361 3
S 12390947 293 100360 3
S 12409946 293 100363 3
S 12428945 293 100366 3
S 12447944 293 100358 3
S 12466943 293 100361 3
S 12485941 293 100361 3
S 12504940 293 100361 3
S 12523939 293 100361 3
S 12542938 293 100358 3
S 12561937 293 100363 3
S 12580936 293 100360 3
S 12599934 293 100360 3
S 12618933 293 100360 3
S 12637932 293 100364 3
S 12656931 293 100361 3
S 12675930 293 100361 3
S 12694928 293 100358 3
S 12713927 293 100360 3
S 12732926 293 100360 3
S 12751925 293 100361 3
S 12770924 293 100360 3
S 12789922 293 100359 3
S 12808921 293 100358 3
S 12827920 293 100357 3
S 12846919 293 100358 3
S 12865918 293 100357 3
S 12884917 293 100357 3
S 12903915 293 100358 3
S 12922914 293 100363 3
S 12941913 293 100356 3
S 12960912 293 100358 3
S 12979911 293 100360 3
S 12998909 293 100361 3
S 13017908 293 100356 3
S 13036907 293 100357 3
S 13055906 293 100360 3
S 13074905 293 100353 3
S 13093903 293 100356 3
S 13112902 293 100357 3
S 13135901 293 100356 3
S 13154900 293 100357 3
S 13173898 293 100358 3
S 13192897 293 100354 3
S 13211896 293 100354 3
S 13230895 293 100353 3
S 13249894 293 100358 3
S 13268893 293 100357 3
S 13287891 293 100358 3
S 13306890 293 100361 3
S 13325889 293 100359 3
S 13344888 293 100354 3
S 13363887 293 100357 3
S 13382885 293 100354 3
S 13401884 293 100355 3
S 13420883 293 100357 3
S 13439882 293 100357 3
S 13458881 293 100358 3
S 13477879 293 100358 3
S 13496878 293 100354 3
S 13515877 293 100351 3
S 13534876 293 100354 3
S 13553875 293 100352 3
S 13572874 293 100350 3
S 13591872 293 100351 3
S 13610871 293 100350 3
S 13629870 293 100350 3
S 13648869 293 100350 3
S 13667868 293 100351 3
S 13686866 293 100353 3
S 13705865 293 100352 3
S 13724864 293 100354 3
S 13743863 293 100351 3
S 13762862 293 100350 3
S 13781860 293 100353 3
S 13800859 293 100351 3
S 13819858 293 100349 3
S 13838857 293 100348 3
S 13857856 293 100349 3
S 13876855 293 100350 3
S 13895853 293 100351 3
S 13914852 293 100350 3
S 13933851 293 100351 3
S 13952850 293 100351 3
S 13971849 293 100352 3
S 13990847 293 100354 3
S 14009846 293 100353 3
S 14028845 293 100351 3
S 14047844 293 100352 3
S 14066843 293 100350 3
S 14085841 293 100349 3
S 14104840 293 100354 3
S 14123839 293 100354 3
S 14146838 293 100365 3
S 14165836 293 100365 3
S 14184835 293 100361 3
S 14203834 293 100362 3
S 14222833 293 100362 3
S 14241832 293 100361 3
S 14260831 293 100363 3
S 14279829 293 100360 3
S 14298828 293 100361 3
S 14317827 293 100361 3
S 14336826 293 100362 3
S 14355825 293 100357 3
S 14374823 293 100360 3
S 14393822 293 100359 3
S 14412821 293 100356 3
S 14431820 293 100362 3
S 14450819 293 100355 3
S 14469817 293 100357 3
S 14488816 293 100358 3
S 14507815 293 100360 3
S 14526814 293 100360 3
S 14545813 293 100357 3
S 14564812 293 100358 3
S 14583810 293 100357 3
S 14602809 293 100360 3
S 14621808 293 100357 3
S 14640807 293 100357 3
S 14659806 293 100360 3
S 14678804 293 100358 3
S 14697803 293 100358 3
S 14716802 293 100360 3
S 14735801 293 100360 3
S 14754800 293 100356 3
S 14773798 293 100359 3
S 14792797 293 100358 3
S 14811796 293 100358 3
S 14830795 293 100356 3
S 14849794 293 100359 3
S 14868793 293 100358 3
S 14887791 293 100359 3
S 14906790 293 100355 3
S 14925789 293 100357 3
S 14944788 293 100357 3
S 14963787 293 100361 3
S 14982785 293 100357 3
S 15001785 293 100355 3
S 15020783 293 100359 3
S 15039782 293 100358 3
S 15058781 293 100356 3
S 15077779 293 100356 3
S 15096778 293 100356 3
S 15115777 293 100355 3
S 15134776 293 100355 3
S 15157774 293 100360 3
S 15176773 293 100359 3
S 15195772 293 100357 3
S 15214771 293 100357 3
S 15233770 293 100356 3
S 15252769 293 100357 3
S 15271767 293 100355 3
S 15290766 293 100358 3
S 15309765 293 100357 3
S 15328764 293 100355 3
S 15347763 293 100357 3
S 15366761 293 100358 3
S 15385760 293 100356 3
S 15404759 293 100353 3
S 15423758 293 100355 3
S 15442757 293 100356 3
S 15461755 293 100357 3
S 15480754 293 100354 3
S 15499753 293 100352 3
S 15518752 293 100355 3
S 15537751 293 100355 3
S 15556750 293 100357 3
S 15575748 293 100355 3
S 15594747 293 100356 3
S 15613746 293 100356 3
S 15632745 293 100357 3
S 15651744 293 100352 3
S 15670742 293 100353 3
S 15689741 293 100355 3
S 15708740 293 100355 3
S 15727739 293 100356 3
S 15746738 293 100354 3
S 15765736 293 100354 3
S 15784735 293 100354 3
S 15803734 293 100354 3
S 15822733 293 100355 3
S 15841732 293 100356 3
S 15860731 293 100355 3
S 15879729 293 100351 3
S 15898728 293 100357 3
S 15917727 293 100354 3
S 15936726 293 100355 3
S 15955725 293 100358 3
S 15974723 293 100359 3
S 15993722 293 100353 3
S 16012721 293 100353 3
S 16031720 293 100354 3
S 16050719 293 100354 3
S 16069717 293 100351 3
S 16088716 293 100353 3
S 16107715 293 100355 3
S 16126714 293 100355 3
S 16145713 293 100357 3
S 16168711 293 100360 3
S 16187710 293 100359 3
S 16206709 293 100360 3
S 16225708 293 100358 3
S 16244707 293 100359 3
S 16263705 293 100358 3
S 16282704 293 100356 3
S 16301703 293 100360 3
S 16320702 293 100356 3
S 16339701 293 100353 3
S 16358699 293 100359 3
S 16377698 293 100356 3
S 16396697 293 100357 3
S 16415696 293 100357 3
S 16434695 293 100356 3
S 16453693 293 100354 3
S 16472692 293 100353 3
S 16491691 293 100353 3
S 16510690 293 100356 3
S 16529689 293 100355 3
S 16548688 293 100356 3
S 16567686 293 100357 3
S 16586685 293 100358 3
S 16605684 293 100356 3
S 16624683 293 100359 3
S 16643682 293 100357 3
S 16662680 293 100358 3
S 16681679 293 100353 3
S 16700678 293 100358 3
S 16719677 293 100361 3
S 16738676 293 100356 3
S 16757674 293 100354 3
S 16776673 293 100353 3
S 16795672 293 100358 3
S 16814671 293 100355 3
S 16833670 293 100356 3
S 16852669 293 100354 3
S 16871667 293 100354 3
S 16890666 293 100351 3
S 16909665 293 100352 3
S 16928664 293 100358 3
S 16947663 293 100351 3
S 16966661 293 100353 3
S 16985660 293 100355 3
S 17004659 293 100352 3
S 17023658 293 100352 3
S 17042657 293 100355 3
S 17061655 293 100353 3
S 17080654 293 100356 3
S 17099653 293 100354 3
S 17118652 293 100354 3
S 17137651 293 100358 3
S 17156650 293 100357 3
S 17179648 293 100360 3
S 17198647 293 100358 3
S 17217646 293 100355 3
S 17236645 293 100351 3
S 17255643 293 100353 3
S 17274642 293 100355 3
S 17293641 293 100355 3
S 17312640 293 100355 3
S 17331639 293 100354 3
S 17350637 293 100356 3
S 17369636 293 100356 3
S 17388635 293 100352 3
S 17407634 293 100351 3
S 17426633 293 100351 3
S 17445631 293 100350 3
S 17464630 293 100352 3
S 17483629 293 100349 3
S 17502628 293 100356 3
S 17521627 293 100356 3
S 17540626 293 100355 3
S 17559624 293 100357 3
S 17578623 293 100358 3
S 17597622 293 100354 3
S 17616621 293 100357 3
S 17635620 293 100357 3
S 17654618 293 100351 3
S 17673617 293 100359 3
S 17692616 293 100352 3
S 17711615 293 100354 3
S 17730614 293 100357 3
S 17749612 293 100358 3
S 17768611 293 100363 3
S 17787610 293 100355 3
S 17806609 293 100356 3
S 17825608 293 100352 3
S 17844607 293 100354 3
S 17863605 293 100355 3
S 17882604 293 100358 3
S 17901603 293 100360 3
S 17920602 293 100363 3
S 17939601 293 100359 3
S 17958599 293 100359 3
S 17977598 293 100358 3
S 17996597 293 100357 3
S 18015596 293 100359 3
S 18034595 293 100361 3
S 18053593 293 100356 3
S 18072592 293 100356 3
S 18091591 293 100359 3
S 18110590 293 100355 3
S 18129589 293 100357 3
S 18148588 293 100360 3
S 18167586 293 100363 3
S 18190585 293 100359 3
S 18209584 293 100363 3
S 18228583 293 100359 3
S 18247581 293 100361 3
S 18266580 293 100360 3
S 18285579 293 100360 3
S 18304578 293 100355 3
S 18323577 293 100360 3
S 18342575 293 100354 3
S 18361574 293 100355 3
S 18380573 293 100350 3
S 18399572 293 100356 3
S 18418571 293 100357 3
S 18437569 293 100357 3
S 18456568 293 100360 3
S 18475567 293 100360 3
S 18494566 293 100358 3
S 18513565 293 100359 3
S 18532564 293 100355 3
S 18551562 293 100357 3
S 18570561 293 100355 3
S 18589560 293 100355 3
S 18608559 293 100347 3
S 18627558 293 100355 3
S 18646556 293 100355 3
S 18665555 293 100355 3
S 18684554 293 100354 3
S 18703553 293 100349 3
S 18722552 293 100352 3
S 18741550 293 100350 3
S 18760549 293 100354 3
S 18779548 293 100352 3
S 18798547 293 100352 3
S 18817546 293 100348 3
S 18836545 293 100348 3
S 18855543 293 100350 3
S 18874542 293 100350 3
S 18893541 293 100354 3
S 18912540 293 100350 3
S 18931539 293 100352 3
S 18950537 293 100355 3
S 18969536 293 100354 3
S 18988535 293 100356 3
S 19007534 293 100352 3
S 19026533 293 100352 3
S 19045531 293 100347 3
S 19064530 293 100348 3
S 19083529 293 100354 3
S 19102528 293 100352 3
S 19121527 293 100350 3
S 19140526 293 100353 3
S 19159524 293 100350 3
S 19178523 293 100357 3
S 19201522 293 100363 3
S 19220521 293 100358 3
S 19239519 293 100361 3
S 19258518 293 100355 3
S 19277517 293 100356 3
S 19296516 293 100358 3
S 19315515 293 100358 3
S 19334513 293 100358 3
S 19353512 293 100355 3
S 19372511 293 100355 3
S 19391510 293 100358 3
S 19410509 293 100355 3
S 19429507 293 100354 3
S 19448506 293 100354 3
S 19467505 293 100357 3
S 19486504 293 100354 3
S 19505503 293 100360 3
S 19524502 293 100358 3
S 19543500 293 100361 3
S 19562499 293 100359 3
S 19581498 293 100362 3
S 19600497 293 100358 3
S 19619496 293 100357 3
S 19638494 293 100357 3
S 19657493 293 100355 3
S 19676492 293 100361 3
S 19695491 293 100358 3
S 19714490 293 100357 3
S 19733488 293 100361 3
S 19752487 293 100356 3
S 19771486 293 100357 3
S 19790485 293 100358 3
S 19809484 293 100356 3
S 19828483 293 100354 3
S 19847481 293 100361 3
S 19866480 293 100360 3
S 19885479 293 100357 3
S 19904478 293 100358 3
S 19923477 293 100357 3
S 19942475 293 100355 3
S 19961474 293 100354 3
S 19980473 293 100359 3
S 19999472 293 100354 3
S 20018471 293 100355 3
S 20037469 293 100357 3
S 20056468 293 100352 3
S 20075467 293 100356 3
S 20094466 293 100355 3
S 20113465 293 100355 3
S 20132464 293 100354 3
S 20151462 293 100353 3
S 20170461 293 100350 3
S 20189460 293 100351 3
S 20212458 293 100351 3
S 20231457 293 100350 3
S 20250456 293 100348 3
S 20269455 293 100350 3
S 20288454 293 100350 3
S 20307453 293 100349 3
S 20326451 293 100345 3
S 20345450 293 100347 3
S 20364449 293 100352 3
S 20383448 293 100350 3
S 20402447 293 100356 3
S 20421445 293 100351 3
S 20440444 293 100352 3
S 20459443 293 100350 3
S 20478442 293 100351 3
S 20497441 293 100347 3
S 20516440 293 100347 3
S 20535438 293 100354 3
S 20554437 293 100351 3
S 20573436 293 100350 3
S 20592435 293 100350 3
S 20611434 293 100351 3
S 20630432 293 100350 3
S 20649431 293 100352 3
S 20668430 293 100353 3
S 20687429 293 100352 3
S 20706428 293 100354 3
S 20725426 293 100351 3
S 20744425 293 100352 3
S 20763424 293 100350 3
S 20782423 293 100350 3
S 20801422 293 100351 3
S 20820421 293 100351 3
S 20839419 293 100354 3
S 20858418 293 100344 3
S 20877417 293 100350 3
S 20896416 293 100350 3
S 20915415 293 100352 3
S 20934413 293 100352 3
S 20953412 293 100351 3
S 20972411 293 100352 3
S 20991410 293 100351 3
S 21010409 293 100350 3
S 21029407 293 100354 3
S 21048406 293 100350 3
S 21067405 293 100349 3
S 21086404 293 100349 3
S 21105403 293 100350 3
S 21124402 293 100347 3
S 21143400 293 100351 3
S 21162399 293 100343 3
S 21181398 293 100352 3
S 21200397 293 100349 3
S 21223395 293 100351 3
S 21242394 293 100351 3
S 21261393 293 100351 3
S 21280392 293 100350 3
S 21343388 293 100347 2
S 21354387 293 100344 2
S 21365386 293 100350 2
S 21376386 293 100351 2
S 21387385 293 100344 2
S 21398384 293 100345 2
S 21409384 293 100350 2
S 21420383 293 100350 2
S 21431382 293 100353 2
S 21442382 293 100350 2
S 21453381 293 100352 2
S 21464380 293 100352 2
S 21475380 293 100350 2
S 21486379 293 100350 2
S 21497378 293 100352 2
S 21508378 293 100347 2
S 21519377 293 100347 2
S 21530376 293 100353 2
S 21541375 293 100350 2
S 21552375 293 100354 2
S 21563374 293 100353 2
S 21574373 293 100352 2
S 21585373 293 100350 2
S 21596372 293 100351 2
S 21607371 293 100353 2
S 21618371 293 100355 2
S 21629370 293 100355 2
S 21640369 293 100352 2
S 21651369 293 100354 2
S 21662368 293 100353 2
S 21673367 293 100352 2
S 21684367 293 100347 2
S 21695366 293 100355 2
S 21706365 293 100352 2
S 21717364 293 100355 2
S 21728364 293 100361 2
S 21739363 293 100358 2
S 21750362 293 100351 2
S 21761362 293 100353 2
S 21772361 293 100354 2
S 21783360 293 100355 2
S 21794360 293 100352 2
S 21805359 293 100349 2
S 21816358 293 100349 2
S 21827358 293 100350 2
S 21838357 293 100352 2
S 21849356 293 100352 2
S 21860356 293 100352 2
S 21871355 293 100350 2
S 21882354 293 100353 2
S 21893353 293 100350 2
S 21904353 293 100351 2
S 21915352 293 100352 2
S 21926351 293 100349 2
S 21937351 293 100353 2
S 21948350 293 100352 2
S 21959349 293 100350 2
S 21970349 293 100350 2
S 21981348 293 100350 2
S 21992347 293 100347 2
S 22003347 293 100351 2
S 22014346 293 100351 2
S 22025345 293 100351 2
S 22036345 293 100354 2
S 22047344 293 100355 2
S 22058343 293 100355 2
S 22069342 293 100352 2
S 22080342 293 100352 2
S 22091341 293 100353 2
S 22102340 293 100352 2
S 22113340 293 100350 2
S 22124339 293 100352 2
S 22135338 293 100355 2
S 22146338 293 100353 2
S 22157337 293 100354 2
S 22168336 293 100351 2
S 22179336 293 100352 2
S 22190335 293 100352 2
S 22201334 293 100351 2
S 22212334 293 100350 2
S 22228333 293 100352 2
S 22239332 293 100351 2
S 22250331 293 100351 2
S 22261330 293 100351 2
S 22272330 293 100349 2
S 22283329 293 100351 2
S 22294328 293 100352 2
S 22305328 293 100351 2
S 22316327 293 100352 2
S 22327326 293 100350 2
S 22338326 293 100351 2
S 22349325 293 100351 2
S 22360324 293 100350 2
S 22371324 293 100355 2
S 22382323 293 100352 2
S 22393322 293 100357 2
S 22404322 293 100352 2
S 22415321 293 100352 2
S 22426320 293 100354 2
S 22437319 293 100355 2
S 22448319 293 100355 2
S 22459318 293 100358 2
S 22470317 293 100354 2
S 22481317 293 100358 2
S 22492316 293 100357 2
S 22503315 293 100357 2
S 22514315 293 100358 2
S 22525314 293 100351 2
S 22536313 293 100356 2
S 22547313 293 100353 2
S 22558312 293 100352 2
S 22569311 293 100350 2
S 22580311 293 100360 2
S 22591310 293 100356 2
S 22602309 293 100356 2
S 22613308 293 100355 2
S 22624308 293 100355 2
S 22635307 293 100353 2
S 22646306 293 100352 2
S 22657306 293 100350 2
S 22668305 293 100352 2
S 22679304 293 100354 2
S 22690304 293 100353 2
S 22701303 293 100350 2
S 22712302 293 100355 2
S 22723302 293 100354 2
S 22734301 293 100353 2
S 22745300 293 100354 2
S 22756300 293 100347 2
S 22767299 293 100354 2
S 22778298 293 100348 2
S 22789297 293 100354 2
S 22800297 293 100355 2
S 22811296 293 100358 2
S 22822295 293 100352 2
S 22833295 293 100352 2
S 22844294 293 100352 2
S 22855293 293 100352 2
S 22866293 293 100355 2
S 22877292 293 100351 2
S 22888291 293 100349 2
S 22899291 293 100350 2
S 22910290 293 100354 2
S 22921289 293 100354 2
S 22932289 293 100348 2
S 22943288 293 100353 2
S 22954287 293 100353 2
S 22965286 293 100354 2
S 22976286 293 100350 2
S 22987285 293 100351 2
S 22998284 293 100355 2
S 23009284 293 100354 2
S 23020283 293 100355 2
S 23031282 293 100352 2
S 23042282 293 100352 2
S 23053281 293 100354 2
S 23064280 293 100355 2
S 23075280 293 100351 2
S 23086279 293 100354 2
S 23097278 293 100354 2
S 23108278 293 100350 2
S 23119277 293 100358 2
S 23130276 293 100353 2
S 23141275 293 100355 2
S 23152275 293 100352 2
S 23163274 293 100355 2
S 23174273 293 100354 2
S 23185273 293 100355 2
S 23196272 293 100355 2
S 23207271 293 100352 2
S 23218271 293 100353 2
S 23234270 293 100357 2
S 23245269 293 100355 2
S 23256268 293 100355 2
S 23267268 293 100355 2
S 23278267 293 100353 2
S 23289266 293 100355 2
S 23300266 293 100351 2
S 23311265 293 100352 2
S 23322264 293 100353 2
S 23333263 293 100356 2
S 23344263 293 100355 2
S 23355262 293 100354 2
S 23366261 293 100353 2
S 23377261 293 100352 2
S 23388260 293 100350 2
S 23399259 293 100349 2
S 23410259 293 100347 2
S 23421258 293 100353 2
S 23432257 293 100349 2
S 23443257 293 100352 2
S 23454256 293 100355 2
S 23465255 293 100353 2
S 23476255 293 100352 2
S 23487254 293 100350 2
S 23498253 293 100351 2
S 23509252 293 100352 2
S 23520252 293 100352 2
S 23531251 293 100352 2
S 23542250 293 100351 2
S 23553250 293 100351 2
S 23564249 293 100354 2
S 23575248 293 100352 2
S 23586248 293 100350 2
S 23597247 293 100352 2
S 23608246 293 100354 2
S 23619246 293 100353 2
S 23630245 293 100356 2
S 23641244 293 100354 2
S 23652244 293 100355 2
S 23663243 293 100352 2
S 23674242 293 100354 2
S 23685241 293 100356 2
S 23696241 293 100357 2
S 23707240 293 100355 2
S 23718239 293 100355 2
S 23729239 293 100353 2
S 23740238 293 100355 2
S 23751237 293 100352 2
S 23762237 293 100350 2
S 23773236 293 100347 2
S 23784235 293 100354 2
S 23795235 293 100351 2
S 23806234 293 100350 2
S 23817233 293 100352 2
S 23828233 293 100350 2
S 23839232 293 100348 2
S 23850231 293 100352 2
S 23861230 293 100355 2
S 23872230 293 100350 2
S 23883229 293 100351 2
S 23894228 293 100353 2
S 23905228 293 100355 2
S 23916227 293 100352 2
S 23927226 293 100354 2
S 23938226 293 100350 2
S 23949225 293 100349 2
S 23960224 293 100349 2
S 23971224 293 100350 2
S 23982223 293 100350 2
S 23993222 293 100352 2
S 24004222 293 100352 2
S 24015221 293 100350 2
S 24026220 293 100350 2
S 24037219 293 100348 2
S 24048219 293 100349 2
S 24059218 293 100349 2
S 24070217 293 100352 2
S 24081217 293 100350 2
S 24092216 293 100352 2
S 24103215 293 100357 2
S 24114215 293 100358 2
S 24125214 293 100355 2
S 24136213 293 100356 2
S 24147213 293 100354 2
S 24158212 293 100354 2
S 24169211 293 100361 2
S 24180211 293 100363 2
S 24191210 293 100359 2
S 24202209 293 100360 2
S 24213208 293 100355 2
S 24224208 293 100357 2
S 24240207 293 100359 2
S 24251206 293 100355 2
S 24262205 293 100358 2
S 24273205 293 100353 2
S 24284204 293 100355 2
S 24295203 293 100355 2
S 24306203 293 100354 2
S 24317202 293 100356 2
S 24328201 293 100355 2
S 24339201 293 100347 2
S 24350200 293 100351 2
S 24361199 293 100355 2
S 24372199 293 100354 2
S 24383198 293 100349 2
S 24394197 293 100352 2
S 24405196 293 100354 2
S 24416196 293 100357 2
S 24427195 293 100352 2
S 24438194 293 100352 2
S 24449194 293 100353 2
S 24460193 293 100352 2
S 24471192 293 100353 2
S 24482192 293 100358 2
S 24493191 293 100355 2
S 24504190 293 100350 2
S 24515190 293 100353 2
S 24526189 293 100352 2
S 24537188 293 100354 2
S 24548188 293 100355 2
S 24559187 293 100352 2
S 24570186 293 100352 2
S 24581185 293 100350 2
S 24592185 293 100350 2
S 24603184 293 100352 2
S 24614183 293 100355 2
S 24625183 293 100353 2
S 24636182 293 100352 2
S 24647181 293 100354 2
S 24658181 293 100351 2
S 24669180 293 100351 2
S 24680179 293 100356 2
S 24691179 293 100355 2
S 24702178 293 100353 2
S 24713177 293 100352 2
S 24724177 293 100352 2
S 24735176 293 100352 2
S 24746175 293 100349 2
S 24757174 293 100350 2
S 24768174 293 100350 2
S 24779173 293 100350 2
S 24790172 293 100352 2
S 24801172 293 100354 2
S 24812171 293 100350 2
S 24823170 293 100351 2
S 24834170 293 100356 2
S 24845169 293 100358 2
S 24856168 293 100354 2
S 24867168 293 100351 2
S 24878167 293 100352 2
S 24889166 293 100352 2
S 24900166 293 100352 2
S 24911165 293 100352 2
S 24922164 293 100355 2
S 24933163 293 100348 2
S 24944163 293 100352 2
S 24955162 293 100351 2
S 24966161 293 100351 2
S 24977161 293 100350 2
S 24988160 293 100352 2
S 24999159 293 100352 2
S 25010159 293 100348 2
S 25021158 293 100351 2
S 25032157 293 100347 2
S 25043157 293 100350 2
S 25054156 293 100354 2
S 25065155 293 100350 2
S 25076155 293 100352 2
S 25087154 293 100352 2
S 25098153 293 100354 2
S 25109152 293 100354 2
S 25120152 293 100354 2
S 25131151 293 100355 2
S 25142150 293 100355 2
S 25153150 293 100352 2
S 25164149 293 100352 2
S 25175148 293 100355 2
S 25186148 293 100354 2
S 25197147 293 100355 2
S 25208146 293 100355 2
S 25219146 293 100355 2
S 25230145 293 100358 2
S 25246144 293 100367 2
S 25257143 293 100360 2
S 25268143 293 100360 2
S 25279142 293 100364 2
S 25290141 293 100364 2
S 25301140 293 100364 2
S 25312140 293 100360 2
S 25323139 293 100361 2
S 25334138 293 100361 2
S 25345138 293 100358 2
S 25356137 293 100361 2
S 25367136 293 100362 2
S 25378136 293 100363 2
S 25389135 293 100361 2
S 25400134 293 100357 2
S 25411134 293 100358 2
S 25422133 293 100365 2
S 25433132 293 100358 2
S 25444132 293 100359 2
S 25455131 293 100358 2
S 25466130 293 100357 2
S 25477129 293 100364 2
S 25488129 293 100359 2
S 25499128 293 100365 2
S 25510127 293 100360 2
S 25521127 293 100356 2
S 25532126 293 100355 2
S 25543125 293 100358 2
S 25554125 293 100358 2
S 25565124 293 100356 2
S 25576123 293 100354 2
S 25587123 293 100350 2
S 25598122 293 100355 2
S 25609121 293 100355 2
S 25620121 293 100361 2
S 25631120 293 100361 2
S 25642119 293 100358 2
S 25653118 293 100357 2
S 25664118 293 100360 2
S 25675117 293 100361 2
S 25686116 293 100361 2
S 25697116 293 100358 2
S 25708115 293 100355 2
S 25719114 293 100358 2
S 25730114 293 100356 2
S 25741113 293 100361 2
S 25752112 293 100363 2
S 25763112 293 100361 2
S 25774111 293 100364 2
S 25785110 293 100356 2
S 25796110 293 100356 2
S 25807109 293 100360 2
S 25818108 293 100358 2
S 25829107 293 100358 2
S 25840107 293 100358 2
S 25851106 293 100358 2
S 25862105 293 100353 2
S 25873105 293 100355 2
S 25884104 293 100355 2
S 25895103 293 100358 2
S 25906103 293 100355 2
S 25917102 293 100350 2
S 25928101 293 100356 2
S 25939101 293 100358 2
S 25950100 293 100350 2
S 25961099 293 100355 2
S 25972099 293 100357 2
S 25983098 293 100360 2
S 25994097 293 100355 2
S 26005096 293 100354 2
S 26016096 293 100358 2
S 26027095 293 100356 2
S 26038094 293 100358 2
S 26049094 293 100352 2
S 26060093 293 100357 2
S 26071092 293 100358 2
S 26082092 293 100355 2
S 26093091 293 100361 2
S 26104090 293 100350 2
S 26115090 293 100354 2
S 26126089 293 100361 2
S 26137088 293 100358 2
S 26148088 293 100355 2
S 26159087 293 100363 2
S 26170086 293 100364 2
S 26181085 293 100362 2
S 26192085 293 100364 2
S 26203084 293 100360 2
S 26214083 293 100360 2
S 26225083 293 100360 2
S 26236082 293 100359 2
S 26252081 293 100363 2
S 26263080 293 100363 2
S 26274080 293 100365 2
S 26285079 293 100361 2
S 26296078 293 100363 2
S 26307078 293 100367 2
S 26318077 293 100366 2
S 26329076 293 100370 2
S 26340076 293 100363 2
S 26351075 293 100368 2
S 26362074 293 100368 2
S 26373073 293 100363 2
S 26384073 293 100362 2
S 26395072 293 100359 2
S 26406071 293 100363 2
S 26417071 293 100366 2
S 26428070 293 100364 2
S 26439069 293 100364 2
S 26450069 293 100364 2
S 26461068 293 100368 2
S 26472067 293 100361 2
S 26483067 293 100363 2
S 26494066 293 100364 2
S 26505065 293 100361 2
S 26516065 293 100359 2
S 26527064 293 100364 2
S 26538063 293 100362 2
S 26549062 293 100368 2
S 26560062 293 100364 2
S 26571061 293 100361 2
S 26582060 293 100362 2
S 26593060 293 100364 2
S 26604059 293 100367 2
S 26615058 293 100369 2
S 26626058 293 100368 2
S 26637057 293 100364 2
S 26648056 293 100361 2
S 26659056 293 100361 2
S 26670055 293 100361 2
S 26681054 293 100364 2
S 26692054 293 100360 2
S 26703053 293 100361 2
S 26714052 293 100359 2
S 26725051 293 100364 2
S 26736051 293 100364 2
S 26747050 293 100361 2
S 26758049 293 100361 2
S 26769049 293 100363 2
S 26780048 293 100361 2
S 26791047 293 100366 2
S 26802047 293 100361 2
S 26813046 293 100367 2
S 26824045 293 100362 2
S 26835045 293 100366 2
S 26846044 293 100359 2
S 26857043 293 100358 2
S 26868043 293 100363 2
S 26879042 293 100361 2
S 26890041 293 100361 2
S 26901040 293 100360 2
S 26912040 293 100358 2
S 26923039 293 100363 2
S 26934038 293 100364 2
S 26945038 293 100362 2
S 26956037 293 100366 2
S 26967036 293 100365 2
S 26978036 293 100358 2
S 26989035 293 100363 2
S 27000034 293 100359 2
S 27011034 293 100362 2
S 27022033 293 100355 2
S 27033032 293 100361 2
S 27044032 293 100358 2
S 27055031 293 100359 2
S 27066030 293 100357 2
S 27077029 293 100364 2
S 27088029 293 100367 2
S 27099028 293 100358 2
S 27110027 293 100359 2
S 27121027 293 100364 2
S 27132026 293 100363 2
S 27143025 293 100361 2
S 27154025 293 100356 2
S 27165024 293 100363 2
S 27176023 293 100361 2
S 27187023 293 100364 2
S 27198022 293 100364 2
S 27209021 293 100362 2
S 27220021 293 100361 2
S 27231020 293 100361 2
S 27242019 293 100358 2
S 27258018 293 100353 2
S 27269017 293 100353 2
S 27280017 293 100351 2
S 27291016 293 100359 2
S 27302015 293 100351 2
S 27313015 293 100352 2
S 27324014 293 100351 2
S 27335013 293 100353 2
S 27346013 293 100354 2
S 27357012 293 100355 2
S 27368011 293 100347 2
S 27379011 293 100345 2
S 27390010 293 100347 2
S 27401009 293 100353 2
S 27412009 293 100350 2
S 27423008 293 100349 2
S 27434007 293 100347 2
S 27445006 293 100351 2
S 27456006 293 100350 2
S 27467005 293 100349 2
S 27478004 293 100350 2
S 27489004 293 100350 2
S 27500003 293 100351 2
S 27511002 293 100351 2
S 27522002 293 100357 2
S 27533001 293 100350 2
S 27544000 293 100347 2
S 27555000 293 100348 2
S 27565999 293 100351 2
S 27576998 293 100351 2
S 27587998 293 100349 2
S 27598997 293 100352 2
S 27609996 293 100352 2
S 27620995 293 100352 2
S 27631995 293 100354 2
S 27642994 293 100351 2
S 27653993 293 100352 2
S 27664993 293 100355 2
S 27675992 293 100352 2
S 27686991 293 100354 2
S 27697991 293 100356 2
S 27708990 293 100354 2
S 27719989 293 100350 2
S 27730989 293 100350 2
S 27741988 293 100350 2
S 27752987 293 100347 2
S 27763987 293 100348 2
S 27774986 293 100349 2
S 27785985 293 100354 2
S 27796984 293 100352 2
S 27807984 293 100356 2
S 27818983 293 100355 2
S 27829982 293 100353 2
S 27840982 293 100352 2
S 27851981 293 100354 2
S 27862980 293 100353 2
S 27873980 293 100349 2
S 27884979 293 100352 2
S 27895978 293 100352 2
S 27906978 293 100351 2
S 27917977 293 100358 2
S 27928976 293 100351 2
S 27939976 293 100356 2
S 27950975 293 100353 2
S 27961974 293 100355 2
S 27972973 293 100351 2
S 27983973 293 100350 2
S 27994972 293 100351 2
S 28005971 293 100348 2
S 28016971 293 100351 2
S 28027970 293 100344 2
S 28038969 293 100350 2
S 28049969 293 100346 2
S 28060968 293 100351 2
S 28071967 293 100349 2
S 28082967 293 100352 2
S 28093966 293 100350 2
S 28104965 293 100352 2
S 28115965 293 100348 2
S 28126964 293 100348 2
S 28137963 293 100350 2
S 28148962 293 100355 2
S 28159962 293 100352 2
S 28170961 293 100357 2
S 28181960 293 100355 2
S 28192960 293 100353 2
S 28203959 293 100356 2
S 28214958 293 100352 2
S 28225958 293 100355 2
S 28236957 293 100352 2
S 28247956 293 100355 2
S 28263955 293 100353 2
S 28274955 293 100356 2
S 28285954 293 100356 2
S 28296953 293 100353 2
S 28307953 293 100361 2
S 28318952 293 100355 2
S 28329951 293 100358 2
S 28340950 293 100356 2
S 28351950 293 100352 2
S 28362949 293 100357 2
S 28373948 293 100359 2
S 28384948 293 100359 2
S 28395947 293 100354 2
S 28406946 293 100356 2
S 28417946 293 100351 2
S 28428945 293 100355 2
S 28439944 293 100352 2
S 28450944 293 100350 2
S 28461943 293 100349 2
S 28472942 293 100359 2
S 28483942 293 100359 2
S 28494941 293 100353 2
S 28505940 293 100349 2
S 28516939 293 100352 2
S 28527939 293 100349 2
S 28538938 293 100348 2
S 28549937 293 100355 2
S 28560937 293 100352 2
S 28571936 293 100350 2
S 28582935 293 100353 2
S 28593935 293 100351 2
S 28604934 293 100350 2
S 28615933 293 100355 2
S 28626933 293 100349 2
S 28637932 293 100348 2
S 28648931 293 100350 2
S 28659931 293 100350 2
S 28670930 293 100354 2
S 28681929 293 100350 2
S 28692928 293 100352 2
S 28703928 293 100355 2
S 28714927 293 100361 2
S 28725926 293 100362 2
S 28736926 293 100359 2
S 28747925 293 100354 2
S 28758924 293 100355 2
S 28769924 293 100357 2
S 28780923 293 100358 2
S 28791922 293 100351 2
S 28802922 293 100354 2
S 28813921 293 100354 2
S 28824920 293 100353 2
S 28835920 293 100355 2
S 28846919 293 100355 2
S 28857918 293 100353 2
S 28868917 293 100350 2
S 28879917 293 100354 2
S 28890916 293 100357 2
S 28901915 293 100355 2
S 28912915 293 100352 2
S 28923914 293 100354 2
S 28934913 293 100358 2
S 28945913 293 100352 2
S 28956912 293 100355 2
S 28967911 293 100355 2
S 28978911 293 100359 2
S 28989910 293 100357 2
S 29000910 293 100354 2
S 29011909 293 100359 2
S 29022908 293 100358 2
S 29033907 293 100357 2
S 29044906 293 100359 2
S 29055906 293 100356 2
S 29066905 293 100356 2
S 29077904 293 100356 2
S 29088904 293 100357 2
S 29099903 293 100361 2
S 29110902 293 100357 2
S 29121902 293 100355 2
S 29132901 293 100355 2
S 29143900 293 100359 2
S 29154900 293 100353 2
S 29165899 293 100355 2
S 29176898 293 100350 2
S 29187898 293 100354 2
S 29198897 293 100355 2
S 29209896 293 100354 2
S 29220895 293 100358 2
S 29231895 293 100352 2
S 29242894 293 100361 2
S 29253893 293 100356 2
S 29269892 293 100361 2
S 29280892 293 100360 2
S 29291891 293 100355 2
S 29302890 293 100352 2
S 29313890 293 100358 2
S 29324889 293 100358 2
S 29335888 293 100359 2
S 29346888 293 100356 2
S 29357887 293 100356 2
S 29368886 293 100355 2
S 29379886 293 100356 2
S 29390885 293 100357 2
S 29401884 293 100359 2
S 29412883 293 100352 2
S 29423883 293 100356 2
S 29434882 293 100352 2
S 29445881 293 100354 2
S 29456881 293 100357 2
S 29467880 293 100357 2
S 29478879 293 100353 2
S 29489879 293 100357 2
S 29500878 293 100358 2
S 29511877 293 100355 2
S 29522877 293 100358 2
S 29533876 293 100362 2
S 29544875 293 100353 2
S 29555875 293 100353 2
S 29566874 293 100352 2
S 29577873 293 100361 2
S 29588872 293 100356 2
S 29599872 293 100351 2
S 29610871 293 100358 2
S 29621870 293 100353 2
S 29632870 293 100358 2
S 29643869 293 100355 2
S 29654868 293 100359 2
S 29665868 293 100360 2
S 29676867 293 100358 2
S 29687866 293 100354 2
S 29698866 293 100357 2
S 29709865 293 100354 2
S 29720864 293 100355 2
S 29731864 293 100361 2
S 29742863 293 100358 2
S 29753862 293 100359 2
S 29764861 293 100357 2
S 29775861 293 100352 2
S 29786860 293 100353 2
S 29797859 293 100361 2
S 29808859 293 100354 2
S 29819858 293 100358 2
S 29830857 293 100354 2
S 29841857 293 100351 2
S 29852856 293 100351 2
S 29863855 293 100356 2
S 29874855 293 100350 2
S 29885854 293 100357 2
S 29896853 293 100352 2
S 29907853 293 100354 2
S 29918852 293 100353 2
S 29929851 293 100351 2
S 29940850 293 100352 2
S 29951850 293 100351 2
S 29962849 293 100353 2
S 29973848 293 100357 2
S 29984848 293 100355 2
S 29995847 293 100352 2
S 30006846 293 100354 2
S 30017846 293 100350 2
S 30028845 293 100355 2
S 30039844 293 100355 2
S 30050844 293 100355 2
S 30061843 293 100352 2
S 30072842 293 100351 2
S 30083842 293 100355 2
S 30094841 293 100356 2
S 30105840 293 100350 2
S 30116839 293 100352 2
S 30127839 293 100357 2
S 30138838 293 100352 2
S 30149837 293 100352 2
S 30160837 293 100356 2
S 30171836 293 100352 2
S 30182835 293 100356 2
S 30193835 293 100359 2
S 30204834 293 100358 2
S 30215833 293 100350 2
S 30226833 293 100355 2
S 30237832 293 100350 2
S 30248831 293 100352 2
S 30259831 293 100357 2
S 30275830 293 100352 2
S 30286829 293 100352 2
S 30297828 293 100350 2
S 30308827 293 100352 2
S 30319827 293 100352 2
S 30330826 293 100352 2
S 30341825 293 100351 2
S 30352825 293 100355 2
S 30363824 293 100357 2
S 30374823 293 100347 2
S 30385823 293 100345 2
S 30396822 293 100347 2
S 30407821 293 100351 2
S 30418821 293 100352 2
S 30429820 293 100355 2
S 30440819 293 100355 2
S 30451819 293 100350 2
S 30462818 293 100351 2
S 30473817 293 100350 2
S 30484816 293 100345 2
S 30495816 293 100356 2
S 30506815 293 100351 2
S 30517814 293 100352 2
S 30528814 293 100352 2
S 30539813 293 100350 2
S 30550812 293 100355 2
S 30561812 293 100352 2
S 30572811 293 100355 2
S 30583810 293 100347 2
S 30594810 293 100351 2
S 30605809 293 100350 2
S 30616808 293 100351 2
S 30627808 293 100350 2
S 30638807 293 100353 2
S 30649806 293 100355 2
S 30660805 293 100352 2
S 30671805 293 100350 2
S 30682804 293 100352 2
S 30693803 293 100352 2
S 30704803 293 100352 2
S 30715802 293 100351 2
S 30726801 293 100355 2
S 30737801 293 100352 2
S 30748800 293 100352 2
S 30759799 293 100350 2
S 30770799 293 100355 2
S 30781798 293 100357 2
S 30792797 293 100352 2
S 30803797 293 100356 2
S 30814796 293 100355 2
S 30825795 293 100352 2
S 30836794 293 100355 2
S 30847794 293 100347 2
S 30858793 293 100355 2
S 30869792 293 100354 2
S 30880792 293 100349 2
S 30891791 293 100351 2
S 30902790 293 100348 2
S 30913790 293 100348 2
S 30924789 293 100353 2
S 30935788 293 100350 2
S 30946788 293 100354 2
S 30957787 293 100348 2
S 30968786 293 100351 2
S 30979786 293 100352 2
S 30990785 293 100354 2
S 31001785 293 100351 2
S 31012783 293 100351 2
S 31023783 293 100359 2
S 31034782 293 100352 2
S 31045781 293 100350 2
S 31056781 293 100355 2
S 31067780 293 100355 2
S 31078779 293 100355 2
S 31089779 293 100350 2
S 31100778 293 100350 2
S 31111777 293 100349 2
S 31122777 293 100352 2
S 31133776 293 100356 2
S 31144775 293 100352 2
S 31155775 293 100351 2
S 31166774 293 100350 2
S 31177773 293 100350 2
S 31188772 293 100352 2
S 31199772 293 100350 2
S 31210771 293 100354 2
S 31221770 293 100357 2
S 31232770 293 100352 2
S 31243769 293 100353 2
S 31254768 293 100352 2
S 31265768 293 100354 2
S 31281767 293 100363 2
S 31292766 293 100360 2
S 31303765 293 100361 2
S 31314765 293 100356 2
S 31325764 293 100357 2
S 31336763 293 100358 2
S 31347763 293 100360 2
S 31358762 293 100355 2
S 31369761 293 100358 2
S 31380760 293 100359 2
S 31391760 293 100357 2
S 31402759 293 100360 2
S 31413758 293 100357 2
S 31424758 293 100358 2
S 31435757 293 100360 2
S 31446756 293 100358 2
S 31457756 293 100357 2
S 31468755 293 100358 2
S 31479754 293 100361 2
S 31490754 293 100361 2
S 31501753 293 100360 2
S 31512752 293 100357 2
S 31523752 293 100360 2
S 31534751 293 100361 2
S 31545750 293 100357 2
S 31556749 293 100357 2
S 31567749 293 100358 2
S 31578748 293 100357 2
S 31589747 293 100355 2
S 31600747 293 100357 2
S 31611746 293 100357 2
S 31622745 293 100357 2
S 31633745 293 100355 2
S 31644744 293 100359 2
S 31655743 293 100357 2
S 31666743 293 100360 2
S 31677742 293 100355 2
S 31688741 293 100357 2
S 31699741 293 100361 2
S 31710740 293 100359 2
S 31721739 293 100361 2
S 31732738 293 100356 2
S 31743738 293 100356 2
S 31754737 293 100360 2
S 31765736 293 100361 2
S 31776736 293 100359 2
S 31787735 293 100353 2
S 31798734 293 100354 2
S 31809734 293 100355 2
S 31820733 293 100358 2
S 31831732 293 100362 2
S 31842732 293 100360 2
S 31853731 293 100356 2
S 31864730 293 100360 2
S 31875730 293 100358 2
S 31886729 293 100361 2
S 31897728 293 100360 2
S 31908727 293 100361 2
S 31919727 293 100358 2
S 31930726 293 100358 2
S 31941725 293 100357 2
S 31952725 293 100357 2
S 31963724 293 100360 2
S 31974723 293 100359 2
S 31985723 293 100357 2
S 31996722 293 100359 2
S 32007721 293 100355 2
S 32018721 293 100356 2
S 32029720 293 100356 2
S 32040719 293 100358 2
S 32051719 293 100358 2
S 32062718 293 100358 2
S 32073717 293 100360 2
S 32084716 293 100360 2
S 32095716 293 100358 2
S 32106715 293 100358 2
S 32117714 293 100358 2
S 32128714 293 100356 2
S 32139713 293 100360 2
S 32150712 293 100361 2
S 32161712 293 100359 2
S 32172711 293 100360 2
S 32183710 293 100359 2
S 32194710 293 100359 2
S 32205709 293 100358 2
S 32216708 293 100355 2
S 32227708 293 100357 2
S 32238707 293 100357 2
S 32249706 293 100360 2
S 32260705 293 100358 2
S 32271705 293 100358 2
S 32287704 293 100359 2
S 32298703 293 100360 2
S 32309702 293 100355 2
S 32320702 293 100358 2
S 32331701 293 100357 2
S 32342700 293 100355 2
S 32353700 293 100355 2
S 32364699 293 100357 2
S 32375698 293 100359 2
S 32386698 293 100361 2
S 32397697 293 100361 2
S 32408696 293 100360 2
S 32419696 293 100356 2
S 32430695 293 100357 2
S 32441694 293 100358 2
S 32452693 293 100358 2
S 32463693 293 100356 2
S 32474692 293 100360 2
S 32485691 293 100355 2
S 32496691 293 100358 2
S 32507690 293 100362 2
S 32518689 293 100351 2
S 32529689 293 100359 2
S 32540688 293 100357 2
S 32551687 293 100355 2
S 32562687 293 100353 2
S 32573686 293 100355 2
S 32584685 293 100358 2
S 32595685 293 100358 2
S 32606684 293 100358 2
S 32617683 293 100355 2
S 32628682 293 100356 2
S 32639682 293 100360 2
S 32650681 293 100357 2
S 32661680 293 100356 2
S 32672680 293 100357 2
S 32683679 293 100356 2
S 32694678 293 100355 2
S 32705678 293 100357 2
S 32716677 293 100358 2
S 32727676 293 100358 2
S 32738676 293 100355 2
S 32749675 293 100354 2
S 32760674 293 100356 2
S 32771674 293 100356 2
S 32782673 293 100355 2
S 32793672 293 100358 2
S 32804671 293 100356 2
S 32815671 293 100360 2
S 32826670 293 100364 2
S 32837669 293 100362 2
S 32848669 293 100360 2
S 32859668 293 100362 2
S 32870667 293 100355 2
S 32881667 293 100353 2
S 32892666 293 100361 2
S 32903665 293 100365 2
S 32914665 293 100357 2
S 32925664 293 100361 2
S 32936663 293 100365 2
S 32947663 293 100358 2
S 32958662 293 100356 2
S 32969661 293 100355 2
S 32980660 293 100353 2
S 32991660 293 100357 2
S 33002659 293 100358 2
S 33013658 293 100357 2
S 33024658 293 100356 2
S 33035657 293 100358 2
S 33046656 293 100361 2
S 33057656 293 100360 2
S 33068655 293 100364 2
S 33079654 293 100363 2
S 33090654 293 100362 2
S 33101653 293 100359 2
S 33112652 293 100360 2
S 33123652 293 100358 2
S 33134651 293 100356 2
S 33145650 293 100356 2
S 33156649 293 100356 2
S 33167649 293 100360 2
S 33178648 293 100353 2
S 33189647 293 100357 2
S 33200647 293 100350 2
S 33211646 293 100357 2
S 33222645 293 100351 2
S 33233645 293 100357 2
S 33244644 293 100361 2
S 33255643 293 100357 2
S 33266643 293 100357 2
S 33277642 293 100359 2
S 33293641 293 100358 2
S 33304640 293 100352 2
S 33315640 293 100352 2
S 33326639 293 100350 2
S 33337638 293 100352 2
S 33348637 293 100355 2
S 33359637 293 100352 2
S 33370636 293 100358 2
S 33381635 293 100360 2
S 33392635 293 100356 2
S 33403634 293 100354 2
S 33414633 293 100352 2
S 33425633 293 100356 2
S 33436632 293 100358 2
S 33447631 293 100355 2
S 33458631 293 100352 2
S 33469630 293 100352 2
S 33480629 293 100355 2
S 33491629 293 100352 2
S 33502628 293 100353 2
S 33513627 293 100354 2
S 33524626 293 100349 2
S 33535626 293 100355 2
S 33546625 293 100350 2
S 33557624 293 100348 2
S 33568624 293 100349 2
S 33579623 293 100349 2
S 33590622 293 100352 2
S 33601622 293 100348 2
S 33612621 293 100350 2
S 33623620 293 100350 2
S 33634620 293 100350 2
S 33645619 293 100350 2
S 33656618 293 100352 2
S 33667618 293 100351 2
S 33678617 293 100352 2
S 33689616 293 100352 2
S 33700615 293 100350 2
S 33711615 293 100352 2
S 33722614 293 100354 2
S 33733613 293 100349 2
S 33744613 293 100355 2
S 33755612 293 100352 2
S 33766611 293 100350 2
S 33777611 293 100349 2
S 33788610 293 100351 2
S 33799609 293 100351 2
S 33810609 293 100353 2
S 33821608 293 100354 2
S 33832607 293 100352 2
S 33843607 293 100348 2
S 33854606 293 100347 2
S 33865605 293 100349 2
S 33876604 293 100351 2
S 33887604 293 100353 2
S 33898603 293 100353 2
S 33909602 293 100348 2
S 33920602 293 100353 2
S 33931601 293 100353 2
S 33942600 293 100357 2
S 33953600 293 100350 2
S 33964599 293 100348 2
S 33975598 293 100352 2
S 33986598 293 100349 2
S 33997597 293 100352 2
S 34008596 293 100350 2
S 34019596 293 100350 2
S 34030595 293 100352 2
S 34041594 293 100350 2
S 34052593 293 100350 2
S 34063593 293 100354 2
S 34074592 293 100355 2
S 34085591 293 100349 2
S 34096591 293 100352 2
S 34107590 293 100353 2
S 34118589 293 100350 2
S 34129589 293 100352 2
S 34140588 293 100353 2
S 34151587 293 100354 2
S 34162587 293 100355 2
S 34173586 293 100353 2
S 34184585 293 100351 2
S 34195585 293 100355 2
S 34206584 293 100352 2
S 34217583 293 100355 2
S 34228582 293 100353 2
S 34239582 293 100351 2
S 34250581 293 100352 2
S 34261580 293 100348 2
S 34272580 293 100349 2
S 34283579 293 100350 2
S 34299578 293 100350 2
S 34310577 293 100349 2
S 34321577 293 100354 2
S 34332576 293 100350 2
S 34343575 293 100350 2
S 34354575 293 100347 2
S 34365574 293 100349 2
S 34376573 293 100346 2
S 34387573 293 100347 2
S 34398572 293 100350 2
S 34409571 293 100351 2
S 34420570 293 100351 2
S 34431570 293 100347 2
S 34442569 293 100348 2
S 34453568 293 100348 2
S 34464568 293 100349 2
S 34475567 293 100349 2
S 34486566 293 100354 2
S 34497566 293 100350 2
S 34508565 293 100349 2
S 34519564 293 100350 2
S 34530564 293 100348 2
S 34541563 293 100349 2
S 34552562 293 100352 2
S 34563562 293 100348 2
S 34574561 293 100352 2
S 34585560 293 100345 2
S 34596559 293 100348 2
S 34607559 293 100347 2
S 34618558 293 100347 2
S 34629557 293 100350 2
S 34640557 293 100349 2
S 34651556 293 100348 2
S 34662555 293 100347 2
S 34673555 293 100349 2
S 34684554 293 100350 2
S 34695553 293 100347 2
S 34706553 293 100349 2
S 34717552 293 100350 2
S 34728551 293 100347 2
S 34739551 293 100350 2
S 34750550 293 100347 2
S 34761549 293 100348 2
S 34772548 293 100344 2
S 34783548 293 100344 2
S 34794547 293 100347 2
S 34805546 293 100346 2
S 34816546 293 100349 2
S 34827545 293 100347 2
S 34838544 293 100355 2
S 34849544 293 100352 2
S 34860543 293 100352 2
S 34871542 293 100347 2
S 34882542 293 100349 2
S 34893541 293 100347 2
S 34904540 293 100347 2
S 34915540 293 100347 2
S 34926539 293 100351 2
S 34937538 293 100349 2
S 34948537 293 100352 2
S 34959537 293 100351 2
S 34970536 293 100351 2
S 34981535 293 100355 2
S 34992535 293 100355 2
S 35003534 293 100348 2
S 35014533 293 100348 2
S 35025533 293 100350 2
S 35036532 293 100353 2
S 35047531 293 100352 2
S 35058531 293 100347 2
S 35069530 293 100347 2
S 35080529 293 100352 2
S 35091529 293 100348 2
S 35102528 293 100349 2
S 35113527 293 100348 2
S 35124526 293 100350 2
S 35135526 293 100350 2
S 35146525 293 100347 2
S 35157524 293 100348 2
S 35168524 293 100350 2
S 35179523 293 100348 2
S 35190522 293 100350 2
S 35201522 293 100349 2
S 35212521 293 100350 2
S 35223520 293 100347 2
S 35234520 293 100345 2
S 35245519 293 100349 2
S 35256518 293 100351 2
S 35267518 293 100349 2
S 35278517 293 100354 2
S 35289516 293 100352 2
S 35305515 293 100351 2
S 35316514 293 100348 2
S 35327514 293 100347 2
S 35338513 293 100354 2
S 35349512 293 100347 2
S 35360512 293 100352 2
S 35371511 293 100350 2
S 35382510 293 100352 2
S 35393510 293 100353 2
S 35404509 293 100349 2
S 35415508 293 100350 2
S 35426508 293 100348 2
S 35437507 293 100350 2
S 35448506 293 100350 2
S 35459506 293 100347 2
S 35470505 293 100351 2
S 35481504 293 100347 2
S 35492503 293 100353 2
S 35503503 293 100354 2
S 35514502 293 100350 2
S 35525501 293 100351 2
S 35536501 293 100353 2
S 35547500 293 100351 2
S 35558499 293 100353 2
S 35569499 293 100347 2
S 35580498 293 100349 2
S 35591497 293 100350 2
S 35602497 293 100353 2
S 35613496 293 100350 2
S 35624495 293 100347 2
S 35635495 293 100350 2
S 35646494 293 100352 2
S 35657493 293 100350 2
S 35668492 293 100350 2
S 35679492 293 100347 2
S 35690491 293 100356 2
S 35701490 293 100354 2
S 35712490 293 100349 2
S 35723489 293 100350 2
S 35734488 293 100346 2
S 35745488 293 100348 2
S 35756487 293 100350 2
S 35767486 293 100350 2
S 35778486 293 100348 2
S 35789485 293 100350 2
S 35800484 293 100355 2
S 35811484 293 100349 2
S 35822483 293 100352 2
S 35833482 293 100350 2
S 35844481 293 100351 2
S 35855481 293 100352 2
S 35866480 293 100347 2
S 35877479 293 100351 2
S 35888479 293 100350 2
S 35899478 293 100352 2
S 35910477 293 100350 2
S 35921477 293 100350 2
S 35932476 293 100352 2
S 35943475 293 100352 2
S 35954475 293 100349 2
S 35965474 293 100353 2
S 35976473 293 100354 2
S 35987473 293 100348 2
S 35998472 293 100352 2
S 36009471 293 100351 2
S 36020470 293 100351 2
S 36031470 293 100353 2
S 36042469 293 100348 2
S 36053468 293 100355 2
S 36064468 293 100354 2
S 36075467 293 100354 2
S 36086466 293 100351 2
S 36097466 293 100351 2
S 36108465 293 100352 2
S 36119464 293 100352 2
S 36130464 293 100352 2
S 36141463 293 100355 2
S 36152462 293 100350 2
S 36163462 293 100352 2
S 36174461 293 100352 2
S 36185460 293 100347 2
S 36196459 293 100353 2
S 36207459 293 100350 2
S 36218458 293 100355 2
S 36229457 293 100354 2
S 36240457 293 100355 2
S 36251456 293 100349 2
S 36262455 293 100350 2
S 36273455 293 100351 2
S 36284454 293 100348 2
S 36295453 293 100350 2
S 36311452 293 100357 2
S 36322452 293 100355 2
S 36333451 293 100356 2
S 36344450 293 100354 2
S 36355450 293 100355 2
S 36366449 293 100357 2
S 36377448 293 100357 2
S 36388447 293 100361 2
S 36399447 293 100359 2
S 36410446 293 100356 2
S 36421445 293 100357 2
S 36432445 293 100358 2
S 36443444 293 100353 2
S 36454443 293 100356 2
S 36465443 293 100358 2
S 36476442 293 100358 2
S 36487441 293 100358 2
S 36498441 293 100355 2
S 36509440 293 100355 2
S 36520439 293 100353 2
S 36531439 293 100353 2
S 36542438 293 100357 2
S 36553437 293 100356 2
S 36564436 293 100356 2
S 36575436 293 100356 2
S 36586435 293 100358 2
S 36597434 293 100355 2
S 36608434 293 100356 2
S 36619433 293 100349 2
S 36630432 293 100350 2
S 36641432 293 100353 2
S 36652431 293 100352 2
S 36663430 293 100358 2
S 36674430 293 100357 2
S 36685429 293 100353 2
S 36696428 293 100350 2
S 36707428 293 100353 2
S 36718427 293 100358 2
S 36729426 293 100356 2
S 36740425 293 100355 2
S 36751425 293 100360 2
S 36762424 293 100358 2
S 36773423 293 100357 2
S 36784423 293 100360 2
S 36795422 293 100353 2
S 36806421 293 100351 2
S 36817421 293 100353 2
S 36828420 293 100349 2
S 36839419 293 100353 2
S 36850419 293 100354 2
S 36861418 293 100355 2
S 36872417 293 100353 2
S 36883417 293 100353 2
S 36894416 293 100349 2
S 36905415 293 100347 2
S 36916414 293 100351 2
S 36927414 293 100348 2
S 36938413 293 100352 2
S 36949412 293 100355 2
S 36960412 293 100347 2
S 36971411 293 100349 2
S 36982410 293 100349 2
S 36993410 293 100350 2
S 37004409 293 100349 2
S 37015408 293 100355 2
S 37026408 293 100353 2
S 37037407 293 100353 2
S 37048406 293 100350 2
S 37059406 293 100355 2
S 37070405 293 100355 2
S 37081404 293 100348 2
S 37092403 293 100347 2
S 37103403 293 100354 2
S 37114402 293 100351 2
S 37125401 293 100353 2
S 37136401 293 100353 2
S 37147400 293 100350 2
S 37158399 293 100351 2
S 37169399 293 100354 2
S 37180398 293 100349 2
S 37191397 293 100352 2
S 37202397 293 100354 2
S 37213396 293 100353 2
S 37224395 293 100352 2
S 37235395 293 100351 2
S 37246394 293 100353 2
S 37257393 293 100353 2
S 37268392 293 100350 2
S 37279392 293 100353 2
S 37290391 293 100350 2
S 37301390 293 100353 2
S 37317389 293 100363 2
S 37328389 293 100353 2
S 37339388 293 100361 2
S 37350387 293 100361 2
S 37361387 293 100355 2
S 37372386 293 100354 2
S 37383385 293 100356 2
S 37394385 293 100357 2
S 37405384 293 100353 2
S 37416383 293 100355 2
S 37427383 293 100356 2
S 37438382 293 100355 2
S 37449381 293 100353 2
S 37460380 293 100358 2
S 37471380 293 100355 2
S 37482379 293 100353 2
S 37493378 293 100353 2
S 37504378 293 100353 2
S 37515377 293 100355 2
S 37526376 293 100352 2
S 37537376 293 100355 2
S 37548375 293 100353 2
S 37559374 293 100354 2
S 37570374 293 100355 2
S 37581373 293 100355 2
S 37592372 293 100357 2
S 37603372 293 100355 2
S 37614371 293 100358 2
S 37625370 293 100354 2
S 37636369 293 100355 2
S 37647369 293 100357 2
S 37658368 293 100353 2
S 37669367 293 100356 2
S 37680367 293 100355 2
S 37691366 293 100358 2
S 37702365 293 100353 2
S 37713365 293 100357 2
S 37724364 293 100354 2
S 37735363 293 100356 2
S 37746363 293 100356 2
S 37757362 293 100353 2
S 37768361 293 100352 2
S 37779361 293 100355 2
S 37790360 293 100349 2
S 37801359 293 100354 2
S 37812358 293 100353 2
S 37823358 293 100356 2
S 37834357 293 100355 2
S 37845356 293 100352 2
S 37856356 293 100352 2
S 37867355 293 100349 2
S 37878354 293 100353 2
S 37889354 293 100354 2
S 37900353 293 100357 2
S 37911352 293 100353 2
S 37922352 293 100356 2
S 37933351 293 100356 2
S 37944350 293 100355 2
S 37955350 293 100355 2
S 37966349 293 100357 2
S 37977348 293 100353 2
S 37988347 293 100354 2
S 37999347 293 100357 2
S 38010346 293 100355 2
S 38021345 293 100355 2
S 38032345 293 100353 2
S 38043344 293 100351 2
S 38054343 293 100350 2
S 38065343 293 100350 2
S 38076342 293 100353 2
S 38087341 293 100355 2
S 38098341 293 100353 2
S 38109340 293 100353 2
S 38120339 293 100356 2
S 38131339 293 100355 2
S 38142338 293 100357 2
S 38153337 293 100352 2
S 38164336 293 100351 2
S 38175336 293 100355 2
S 38186335 293 100347 2
S 38197334 293 100354 2
S 38208334 293 100352 2
S 38219333 293 100353 2
S 38230332 293 100353 2
S 38241332 293 100354 2
S 38252331 293 100350 2
S 38263330 293 100352 2
S 38274330 293 100356 2
S 38285329 293 100352 2
S 38296328 293 100355 2
S 38307328 293 100350 2
S 38323327 293 100355 2
S 38334326 293 100353 2
S 38345325 293 100353 2
S 38356324 293 100359 2
S 38367324 293 100361 2
S 38378323 293 100361 2
S 38389322 293 100355 2
S 38400322 293 100357 2
S 38411321 293 100353 2
S 38422320 293 100358 2
S 38433320 293 100356 2
S 38444319 293 100356 2
S 38455318 293 100355 2
S 38466318 293 100358 2
S 38477317 293 100356 2
S 38488316 293 100355 2
S 38499316 293 100356 2
S 38510315 293 100357 2
S 38521314 293 100355 2
S 38532313 293 100355 2
S 38543313 293 100357 2
S 38554312 293 100353 2
S 38565311 293 100353 2
S 38576311 293 100350 2
S 38587310 293 100355 2
S 38598309 293 100350 2
S 38609309 293 100357 2
S 38620308 293 100358 2
S 38631307 293 100358 2
S 38642307 293 100356 2
S 38653306 293 100355 2
S 38664305 293 100358 2
S 38675305 293 100359 2
S 38686304 293 100355 2
S 38697303 293 100359 2
S 38708302 293 100357 2
S 38719302 293 100353 2
S 38730301 293 100353 2
S 38741300 293 100354 2
S 38752300 293 100358 2
S 38763299 293 100353 2
S 38774298 293 100355 2
S 38785298 293 100349 2
S 38796297 293 100353 2
S 38807296 293 100356 2
S 38818296 293 100351 2
S 38829295 293 100357 2
S 38840294 293 100353 2
S 38851294 293 100355 2
S 38862293 293 100358 2
S 38873292 293 100355 2
S 38884291 293 100355 2
S 38895291 293 100350 2
S 38906290 293 100350 2
S 38917289 293 100354 2
S 38928289 293 100352 2
S 38939288 293 100354 2
S 38950287 293 100351 2
S 38961287 293 100351 2
S 38972286 293 100358 2
S 38983285 293 100355 2
S 38994285 293 100357 2
S 39005284 293 100351 2
S 39016283 293 100357 2
S 39027283 293 100350 2
S 39038282 293 100355 2
S 39049281 293 100352 2
S 39060280 293 100353 2
S 39071280 293 100354 2
S 39082279 293 100356 2
S 39093278 293 100358 2
S 39104278 293 100355 2
S 39115277 293 100352 2
S 39126276 293 100356 2
S 39137276 293 100357 2
S 39148275 293 100355 2
S 39159274 293 100355 2
S 39170274 293 100353 2
S 39181273 293 100353 2
S 39192272 293 100352 2
S 39203272 293 100358 2
S 39214271 293 100355 2
S 39225270 293 100350 2
S 39236269 293 100354 2
S 39247269 293 100352 2
S 39258268 293 100353 2
S 39269267 293 100352 2
S 39280267 293 100353 2
S 39291266 293 100350 2
S 39302265 293 100344 2
S 39313265 293 100347 2
S 39329264 293 100355 2
S 39340263 293 100355 2
S 39351262 293 100356 2
S 39362262 293 100355 2
S 39373261 293 100352 2
S 39384260 293 100354 2
S 39395260 293 100353 2
S 39406259 293 100356 2
S 39417258 293 100351 2
S 39428257 293 100353 2
S 39439257 293 100351 2
S 39450256 293 100352 2
S 39461255 293 100353 2
S 39472255 293 100357 2
S 39483254 293 100354 2
S 39494253 293 100347 2
S 39505253 293 100353 2
S 39516252 293 100355 2
S 39527251 293 100351 2
S 39538251 293 100350 2
S 39549250 293 100352 2
S 39560249 293 100352 2
S 39571249 293 100350 2
S 39582248 293 100350 2
S 39593247 293 100354 2
S 39604246 293 100349 2
S 39615246 293 100355 2
S 39626245 293 100351 2
S 39637244 293 100353 2
S 39648244 293 100353 2
S 39659243 293 100354 2
S 39670242 293 100355 2
S 39681242 293 100359 2
S 39692241 293 100353 2
S 39703240 293 100354 2
S 39714240 293 100355 2
S 39725239 293 100350 2
S 39736238 293 100353 2
S 39747238 293 100352 2
S 39758237 293 100350 2
S 39769236 293 100353 2
S 39780235 293 100351 2
S 39791235 293 100351 2
S 39802234 293 100355 2
S 39813233 293 100352 2
S 39824233 293 100355 2
S 39835232 293 100351 2
S 39846231 293 100355 2
S 39857231 293 100354 2
S 39868230 293 100353 2
S 39879229 293 100356 2
S 39890229 293 100354 2
S 39901228 293 100354 2
S 39912227 293 100355 2
S 39923227 293 100353 2
S 39934226 293 100354 2
S 39945225 293 100358 2
S 39956224 293 100355 2
S 39967224 293 100355 2
S 39978223 293 100353 2
S 39989222 293 100351 2
S 40000222 293 100353 2
S 40011221 293 100353 2
S 40022220 293 100354 2
S 40033220 293 100354 2
S 40044219 293 100357 2
S 40055218 293 100358 2
S 40066218 293 100358 2
S 40077217 293 100357 2
S 40088216 293 100352 2
S 40099216 293 100355 2
S 40110215 293 100351 2
S 40121214 293 100353 2
S 40132213 293 100351 2
S 40143213 293 100351 2
S 40154212 293 100352 2
S 40165211 293 100351 2
S 40176211 293 100355 2
S 40187210 293 100354 2
S 40198209 293 100357 2
S 40209209 293 100351 2
S 40220208 293 100353 2
S 40231207 293 100350 2
S 40242207 293 100353 2
S 40253206 293 100353 2
S 40264205 293 100353 2
S 40275205 293 100355 2
S 40286204 293 100354 2
S 40297203 293 100350 2
S 40308202 293 100355 2
S 40319202 293 100355 2
S 40335201 293 100363 2
S 40346200 293 100356 2
S 40357199 293 100358 2
S 40368199 293 100361 2
S 40379198 293 100360 2
S 40390197 293 100361 2
S 40401197 293 100353 2
S 40412196 293 100355 2
S 40423195 293 100354 2
S 40434195 293 100355 2
S 40445194 293 100358 2
S 40456193 293 100356 2
S 40467193 293 100359 2
S 40478192 293 100354 2
S 40489191 293 100363 2
S 40500190 293 100358 2
S 40511190 293 100355 2
S 40522189 293 100355 2
S 40533188 293 100360 2
S 40544188 293 100355 2
S 40555187 293 100358 2
S 40566186 293 100359 2
S 40577186 293 100355 2
S 40588185 293 100357 2
S 40599184 293 100355 2
S 40610184 293 100357 2
S 40621183 293 100358 2
S 40632182 293 100355 2
S 40643182 293 100355 2
S 40654181 293 100351 2
S 40665180 293 100359 2
S 40676179 293 100359 2
S 40687179 293 100362 2
S 40698178 293 100359 2
S 40709177 293 100357 2
S 40720177 293 100359 2
S 40731176 293 100360 2
S 40742175 293 100358 2
S 40753175 293 100359 2
S 40764174 293 100359 2
S 40775173 293 100362 2
S 40786173 293 100363 2
S 40797172 293 100363 2
S 40808171 293 100362 2
S 40819171 293 100363 2
S 40830170 293 100368 2
S 40841169 293 100363 2
S 40852168 293 100362 2
S 40863168 293 100358 2
S 40874167 293 100358 2
S 40885166 293 100364 2
S 40896166 293 100358 2
S 40907165 293 100359 2
S 40918164 293 100362 2
S 40929164 293 100359 2
S 40940163 293 100364 2
S 40951162 293 100361 2
S 40962162 293 100362 2
S 40973161 293 100358 2
S 40984160 293 100364 2
S 40995160 293 100361 2
S 41006159 293 100361 2
S 41017158 293 100359 2
S 41028157 293 100362 2
S 41039157 293 100361 2
S 41050156 293 100357 2
S 41061155 293 100356 2
S 41072155 293 100356 2
S 41083154 293 100357 2
S 41094153 293 100354 2
S 41105153 293 100358 2
S 41116152 293 100358 2
S 41127151 293 100358 2
S 41138151 293 100358 2
S 41149150 293 100361 2
S 41160149 293 100359 2
S 41171149 293 100361 2
S 41182148 293 100359 2
S 41193147 293 100361 2
S 41204146 293 100360 2
S 41215146 293 100356 2
S 41226145 293 100361 2
S 41237144 293 100359 2
S 41248144 293 100359 2
S 41259143 293 100365 2
S 41270142 293 100356 2
S 41281142 293 100358 2
S 41292141 293 100358 2
S 41303140 293 100362 2
S 41314140 293 100359 2
S 41325139 293 100358 2
S 41341138 293 100355 2
S 41352137 293 100355 2
S 41363137 293 100355 2
S 41374136 293 100354 2
S 41385135 293 100353 2
S 41396134 293 100354 2
S 41407134 293 100357 2
S 41418133 293 100355 2
S 41429132 293 100356 2
S 41440132 293 100350 2
S 41451131 293 100354 2
S 41462130 293 100353 2
S 41473130 293 100355 2
S 41484129 293 100354 2
S 41495128 293 100351 2
S 41506128 293 100351 2
S 41517127 293 100354 2
S 41528126 293 100358 2
S 41539126 293 100353 2
S 41550125 293 100355 2
S 41561124 293 100358 2
S 41572123 293 100353 2
S 41583123 293 100353 2
S 41594122 293 100357 2
S 41605121 293 100358 2
S 41616121 293 100357 2
S 41627120 293 100354 2
S 41638119 293 100354 2
S 41649119 293 100357 2
S 41660118 293 100358 2
S 41671117 293 100361 2
S 41682117 293 100357 2
S 41693116 293 100355 2
S 41704115 293 100355 2
S 41715115 293 100351 2
S 41726114 293 100356 2
S 41737113 293 100361 2
S 41748112 293 100357 2
S 41759112 293 100357 2
S 41770111 293 100355 2
S 41781110 293 100359 2
S 41792110 293 100358 2
S 41803109 293 100357 2
S 41814108 293 100357 2
S 41825108 293 100361 2
S 41836107 293 100355 2
S 41847106 293 100351 2
S 41858106 293 100351 2
S 41869105 293 100359 2
S 41880104 293 100351 2
S 41891104 293 100355 2
S 41902103 293 100358 2
S 41913102 293 100355 2
S 41924101 293 100358 2
S 41935101 293 100353 2
S 41946100 293 100355 2
S 41957099 293 100353 2
S 41968099 293 100354 2
S 41979098 293 100357 2
S 41990097 293 100355 2
S 42001097 293 100355 2
S 42012096 293 100357 2
S 42023095 293 100352 2
S 42034095 293 100357 2
S 42045094 293 100355 2
S 42056093 293 100358 2
S 42067093 293 100354 2
S 42078092 293 100354 2
S 42089091 293 100355 2
S 42100090 293 100354 2
S 42111090 293 100352 2
S 42122089 293 100354 2
S 42133088 293 100354 2
S 42144088 293 100353 2
S 42155087 293 100355 2
S 42166086 293 100355 2
S 42177086 293 100359 2
S 42188085 293 100357 2
S 42199084 293 100358 2
S 42210084 293 100354 2
S 42221083 293 100357 2
S 42232082 293 100348 2
S 42243082 293 100355 2
S 42254081 293 100355 2
S 42265080 293 100359 2
S 42276079 293 100355 2
S 42287079 293 100352 2
S 42298078 293 100354 2
S 42309077 293 100350 2
S 42320077 293 100354 2
S 42331076 293 100357 2
S 42347075 293 100360 2
S 42358074 293 100363 2
S 42369074 293 100365 2
S 42380073 293 100365 2
S 42391072 293 100367 2
S 42402072 293 100364 2
S 42413071 293 100369 2
S 42424070 293 100361 2
S 42435070 293 100364 2
S 42446069 293 100363 2
S 42457068 293 100362 2
S 42468067 293 100361 2
S 42479067 293 100363 2
S 42490066 293 100361 2
S 42501065 293 100358 2
S 42512065 293 100361 2
S 42523064 293 100364 2
S 42534063 293 100361 2
S 42545063 293 100361 2
S 42556062 293 100360 2
S 42567061 293 100361 2
S 42578061 293 100358 2
S 42589060 293 100360 2
S 42600059 293 100358 2
S 42611059 293 100361 2
S 42622058 293 100362 2
S 42633057 293 100366 2
S 42644056 293 100361 2
S 42655056 293 100369 2
S 42666055 293 100366 2
S 42677054 293 100371 2
S 42688054 293 100355 2
S 42699053 293 100356 2
S 42710052 293 100361 2
S 42721052 293 100356 2
S 42732051 293 100355 2
S 42743050 293 100354 2
S 42754050 293 100357 2
S 42765049 293 100358 2
S 42776048 293 100356 2
S 42787048 293 100356 2
S 42798047 293 100356 2
S 42809046 293 100357 2
S 42820045 293 100357 2
S 42831045 293 100356 2
S 42842044 293 100356 2
S 42853043 293 100358 2
S 42864043 293 100356 2
S 42875042 293 100356 2
S 42886041 293 100353 2
S 42897041 293 100354 2
S 42908040 293 100353 2
S 42919039 293 100357 2
S 42930039 293 100351 2
S 42941038 293 100356 2
S 42952037 293 100348 2
S 42963037 293 100351 2
S 42974036 293 100353 2
S 42985035 293 100353 2
S 42996034 293 100354 2
S 43007034 293 100353 2
S 43018033 293 100356 2
S 43029032 293 100353 2
S 43040032 293 100355 2
S 43051031 293 100356 2
S 43062030 293 100355 2
S 43073030 293 100357 2
S 43084029 293 100353 2
S 43095028 293 100352 2
S 43106028 293 100353 2
S 43117027 293 100354 2
S 43128026 293 100358 2
S 43139026 293 100359 2
S 43150025 293 100360 2
S 43161024 293 100354 2
S 43172023 293 100355 2
S 43183023 293 100361 2
S 43194022 293 100360 2
S 43205021 293 100361 2
S 43216021 293 100361 2
S 43227020 293 100358 2
S 43238019 293 100358 2
S 43249019 293 100357 2
S 43260018 293 100357 2
S 43271017 293 100356 2
S 43282017 293 100358 2
S 43293016 293 100358 2
S 43304015 293 100358 2
S 43315015 293 100360 2
S 43326014 293 100359 2
S 43337013 293 100358 2
S 43353012 293 100358 2
S 43364011 293 100359 2
S 43375011 293 100356 2
S 43386010 293 100358 2
S 43397009 293 100353 2
S 43408009 293 100357 2
S 43419008 293 100356 2
S 43430007 293 100356 2
S 43441007 293 100359 2
S 43452006 293 100363 2
S 43463005 293 100360 2
S 43474005 293 100359 2
S 43485004 293 100362 2
S 43496003 293 100364 2
S 43507003 293 100359 2
S 43518002 293 100364 2
S 43529001 293 100361 2
S 43540000 293 100367 2
S 43551000 293 100364 2
S 43561999 293 100367 2
S 43572998 293 100363 2
S 43583998 293 100364 2
S 43594997 293 100363 2
S 43605996 293 100363 2
S 43616996 293 100363 2
S 43627995 293 100362 2
S 43638994 293 100362 2
S 43649994 293 100358 2
S 43660993 293 100364 2
S 43671992 293 100360 2
S 43682992 293 100361 2
S 43693991 293 100358 2
S 43704990 293 100359 2
S 43715989 293 100359 2
S 43726989 293 100364 2
S 43737988 293 100360 2
S 43748987 293 100363 2
S 43759987 293 100361 2
S 43770986 293 100365 2
S 43781985 293 100357 2
S 43792985 293 100363 2
S 43803984 293 100367 2
S 43814983 293 100365 2
S 43825983 293 100364 2
S 43836982 293 100364 2
S 43847981 293 100364 2
S 43858981 293 100363 2
S 43869980 293 100364 2
S 43880979 293 100369 2
S 43891978 293 100361 2
S 43902978 293 100364 2
S 43913977 293 100360 2
S 43924976 293 100364 2
S 43935976 293 100364 2
S 43946975 293 100365 2
S 43957974 293 100362 2
S 43968974 293 100363 2
S 43979973 293 100361 2
S 43990972 293 100361 2
S 44001972 293 100359 2
S 44012971 293 100362 2
S 44023970 293 100363 2
S 44034970 293 100361 2
S 44045969 293 100361 2
S 44056968 293 100361 2
S 44067967 293 100365 2
S 44078967 293 100366 2
S 44089966 293 100364 2
S 44100965 293 100363 2
S 44111965 293 100362 2
S 44122964 293 100364 2
S 44133963 293 100361 2
S 44144963 293 100363 2
S 44155962 293 100365 2
S 44166961 293 100363 2
S 44177961 293 100367 2
S 44188960 293 100360 2
S 44199959 293 100363 2
S 44210959 293 100364 2
S 44221958 293 100363 2
S 44232957 293 100363 2
S 44243956 293 100362 2
S 44254956 293 100366 2
S 44265955 293 100360 2
S 44276954 293 100360 2
S 44287954 293 100364 2
S 44298953 293 100360 2
S 44309952 293 100357 2
S 44320952 293 100362 2
S 44331951 293 100356 2
S 44342950 293 100362 2
S 44358949 293 100356 2
S 44369949 293 100361 2
S 44380948 293 100353 2
S 44391947 293 100352 2
S 44402947 293 100352 2
S 44413946 293 100357 2
S 44424945 293 100356 2
S 44435944 293 100351 2
S 44446944 293 100355 2
S 44457943 293 100353 2
S 44468942 293 100351 2
S 44479942 293 100356 2
S 44490941 293 100353 2
S 44501940 293 100352 2
S 44512940 293 100358 2
S 44523939 293 100356 2
S 44534938 293 100353 2
S 44545938 293 100357 2
S 44556937 293 100355 2
S 44567936 293 100353 2
S 44578936 293 100355 2
S 44589935 293 100358 2
S 44600934 293 100347 2
S 44611933 293 100353 2
S 44622933 293 100355 2
S 44633932 293 100353 2
S 44644931 293 100350 2
S 44655931 293 100353 2
S 44666930 293 100356 2
S 44677929 293 100351 2
S 44688929 293 100350 2
S 44699928 293 100347 2
S 44710927 293 100347 2
S 44721927 293 100353 2
S 44732926 293 100351 2
S 44743925 293 100350 2
S 44754925 293 100353 2
S 44765924 293 100351 2
S 44776923 293 100349 2
S 44787922 293 100353 2
S 44798922 293 100353 2
S 44809921 293 100349 2
S 44820920 293 100352 2
S 44831920 293 100354 2
S 44842919 293 100353 2
S 44853918 293 100353 2
S 44864918 293 100352 2
S 44875917 293 100353 2
S 44886916 293 100350 2
S 44897916 293 100352 2
S 44908915 293 100353 2
S 44919914 293 100352 2
S 44930914 293 100348 2
S 44941913 293 100350 2
S 44952912 293 100352 2
S 44963911 293 100355 2
S 44974911 293 100353 2
S 44985910 293 100356 2
S 44996909 293 100352 2
S 45007909 293 100353 2
S 45018908 293 100350 2
S 45029907 293 100355 2
S 45040907 293 100351 2
S 45051906 293 100353 2
S 45062905 293 100349 2
S 45073905 293 100344 2
S 45084904 293 100351 2
S 45095903 293 100352 2
S 45106903 293 100353 2
S 45117902 293 100348 2
S 45128901 293 100350 2
S 45139900 293 100352 2
S 45150900 293 100353 2
S 45161899 293 100348 2
S 45172898 293 100350 2
S 45183898 293 100351 2
S 45194897 293 100351 2
S 45205896 293 100353 2
S 45216896 293 100355 2
S 45227895 293 100354 2
S 45238894 293 100353 2
S 45249894 293 100352 2
S 45260893 293 100356 2
S 45271892 293 100353 2
S 45282892 293 100361 2
S 45293891 293 100355 2
S 45304890 293 100352 2
S 45315889 293 100356 2
S 45326889 293 100356 2
S 45337888 293 100350 2
S 45348887 293 100357 2
S 45364886 293 100357 2
S 45375886 293 100355 2
S 45386885 293 100351 2
S 45397884 293 100353 2
S 45408884 293 100353 2
S 45419883 293 100350 2
S 45430882 293 100352 2
S 45441882 293 100349 2
S 45452881 293 100351 2
S 45463880 293 100353 2
S 45474880 293 100355 2
S 45485879 293 100353 2
S 45496878 293 100354 2
S 45507877 293 100353 2
S 45518877 293 100352 2
S 45529876 293 100357 2
S 45540875 293 100355 2
S 45551875 293 100355 2
S 45562874 293 100349 2
S 45573873 293 100351 2
S 45584873 293 100353 2
S 45595872 293 100353 2
S 45606871 293 100353 2
S 45617871 293 100355 2
S 45628870 293 100351 2
S 45639869 293 100353 2
S 45650869 293 100347 2
S 45661868 293 100347 2
S 45672867 293 100349 2
S 45683866 293 100352 2
S 45694866 293 100356 2
S 45705865 293 100355 2
S 45716864 293 100354 2
S 45727864 293 100351 2
S 45738863 293 100347 2
S 45749862 293 100355 2
S 45760862 293 100355 2
S 45771861 293 100353 2
S 45782860 293 100356 2
S 45793860 293 100355 2
S 45804859 293 100350 2
S 45815858 293 100352 2
S 45826858 293 100357 2
S 45837857 293 100353 2
S 45848856 293 100355 2
S 45859855 293 100351 2
S 45870855 293 100355 2
S 45881854 293 100355 2
S 45892853 293 100348 2
S 45903853 293 100347 2
S 45914852 293 100350 2
S 45925851 293 100350 2
S 45936851 293 100350 2
S 45947850 293 100355 2
S 45958849 293 100359 2
S 45969849 293 100355 2
S 45980848 293 100348 2
S 45991847 293 100355 2
S 46002847 293 100353 2
S 46013846 293 100353 2
S 46024845 293 100356 2
S 46035844 293 100353 2
S 46046844 293 100359 2
S 46057843 293 100361 2
S 46068842 293 100353 2
S 46079842 293 100359 2
S 46090841 293 100353 2
S 46101840 293 100361 2
S 46112840 293 100357 2
S 46123839 293 100352 2
S 46134838 293 100358 2
S 46145838 293 100355 2
S 46156837 293 100358 2
S 46167836 293 100358 2
S 46178836 293 100355 2
S 46189835 293 100355 2
S 46200834 293 100355 2
S 46211833 293 100354 2
S 46222833 293 100355 2
S 46233832 293 100356 2
S 46244831 293 100356 2
S 46255831 293 100354 2
S 46266830 293 100349 2
S 46277829 293 100353 2
S 46288829 293 100353 2
S 46299828 293 100355 2
S 46310827 293 100354 2
S 46321827 293 100350 2
S 46332826 293 100350 2
S 46343825 293 100353 2
S 46354825 293 100353 2
S 46370824 293 100361 2
S 46381823 293 100360 2
S 46392822 293 100362 2
S 46403821 293 100361 2
S 46414821 293 100360 2
S 46425820 293 100358 2
S 46436819 293 100360 2
S 46447819 293 100356 2
S 46458818 293 100358 2
S 46469817 293 100359 2
S 46480817 293 100356 2
S 46491816 293 100358 2
S 46502815 293 100358 2
S 46513815 293 100361 2
S 46524814 293 100360 2
S 46535813 293 100358 2
S 46546813 293 100362 2
S 46557812 293 100357 2
S 46568811 293 100359 2
S 46579810 293 100358 2
S 46590810 293 100359 2
S 46601809 293 100359 2
S 46612808 293 100364 2
S 46623808 293 100357 2
S 46634807 293 100357 2
S 46645806 293 100357 2
S 46656806 293 100362 2
S 46667805 293 100359 2
S 46678804 293 100360 2
S 46689804 293 100358 2
S 46700803 293 100356 2
S 46711802 293 100353 2
S 46722802 293 100357 2
S 46733801 293 100356 2
S 46744800 293 100354 2
S 46755799 293 100364 2
S 46766799 293 100358 2
S 46777798 293 100358 2
S 46788797 293 100360 2
S 46799797 293 100356 2
S 46810796 293 100355 2
S 46821795 293 100359 2
S 46832795 293 100357 2
S 46843794 293 100358 2
S 46854793 293 100363 2
S 46865793 293 100359 2
S 46876792 293 100358 2
S 46887791 293 100363 2
S 46898791 293 100356 2
S 46909790 293 100358 2
S 46920789 293 100361 2
S 46931788 293 100361 2
S 46942788 293 100356 2
S 46953787 293 100358 2
S 46964786 293 100357 2
S 46975786 293 100356 2
S 46986785 293 100358 2
S 46997784 293 100357 2
S 47008784 293 100356 2
S 47019783 293 100356 2
S 47030782 293 100356 2
S 47041782 293 100363 2
S 47052781 293 100358 2
S 47063780 293 100364 2
S 47074780 293 100366 2
S 47085779 293 100359 2
S 47096778 293 100358 2
S 47107777 293 100363 2
S 47118777 293 100358 2
S 47129776 293 100358 2
S 47140775 293 100364 2
S 47151775 293 100361 2
S 47162774 293 100360 2
S 47173773 293 100361 2
S 47184773 293 100357 2
S 47195772 293 100361 2
S 47206771 293 100364 2
S 47217771 293 100366 2
S 47228770 293 100364 2
S 47239769 293 100356 2
S 47250769 293 100357 2
S 47261768 293 100359 2
S 47272767 293 100361 2
S 47283766 293 100361 2
S 47294766 293 100362 2
S 47305765 293 100359 2
S 47316764 293 100358 2
S 47327764 293 100355 2
S 47338763 293 100361 2
S 47349762 293 100357 2
S 47360762 293 100360 2
S 47376761 293 100368 2
S 47387760 293 100367 2
S 47398759 293 100370 2
S 47409759 293 100367 2
S 47420758 293 100362 2
S 47431757 293 100365 2
S 47442757 293 100364 2
S 47453756 293 100366 2
S 47464755 293 100373 2
S 47475754 293 100373 2
S 47486754 293 100369 2
S 47497753 293 100370 2
S 47508752 293 100366 2
S 47519752 293 100365 2
S 47530751 293 100365 2
S 47541750 293 100360 2
S 47552750 293 100361 2
S 47563749 293 100360 2
S 47574748 293 100364 2
S 47585748 293 100364 2
S 47596747 293 100364 2
S 47607746 293 100359 2
S 47618746 293 100362 2
S 47629745 293 100367 2
S 47640744 293 100362 2
S 47651743 293 100370 2
S 47662743 293 100361 2
S 47673742 293 100361 2
S 47684741 293 100361 2
S 47695741 293 100365 2
S 47706740 293 100362 2
S 47717739 293 100364 2
S 47728739 293 100363 2
S 47739738 293 100364 2
S 47750737 293 100361 2
S 47761737 293 100367 2
S 47772736 293 100368 2
S 47783735 293 100366 2
S 47794735 293 100367 2
S 47805734 293 100363 2
S 47816733 293 100365 2
S 47827732 293 100364 2
S 47838732 293 100361 2
S 47849731 293 100363 2
S 47860730 293 100364 2
S 47871730 293 100357 2
S 47882729 293 100362 2
S 47893728 293 100360 2
S 47904728 293 100359 2
S 47915727 293 100362 2
S 47926726 293 100364 2
S 47937726 293 100365 2
S 47948725 293 100364 2
S 47959724 293 100365 2
S 47970724 293 100367 2
S 47981723 293 100361 2
S 47992722 293 100361 2
S 48003721 293 100365 2
S 48014721 293 100366 2
S 48025720 293 100367 2
S 48036719 293 100364 2
S 48047719 293 100361 2
S 48058718 293 100364 2
S 48069717 293 100367 2
S 48080717 293 100360 2
S 48091716 293 100361 2
S 48102715 293 100363 2
S 48113715 293 100363 2
S 48124714 293 100361 2
S 48135713 293 100361 2
S 48146713 293 100364 2
S 48157712 293 100364 2
S 48168711 293 100361 2
S 48179710 293 100358 2
S 48190710 293 100361 2
S 48201709 293 100361 2
S 48212708 293 100366 2
S 48223708 293 100361 2
S 48234707 293 100359 2
S 48245706 293 100363 2
S 48256706 293 100362 2
S 48267705 293 100363 2
S 48278704 293 100362 2
S 48289704 293 100361 2
S 48300703 293 100359 2
S 48311702 293 100361 2
S 48322702 293 100362 2
S 48333701 293 100360 2
S 48344700 293 100358 2
S 48355699 293 100362 2
S 48366699 293 100359 2
S 48382698 293 100359 2
S 48393697 293 100356 2
S 48404696 293 100355 2
S 48415696 293 100356 2
S 48426695 293 100356 2
S 48437694 293 100358 2
S 48448694 293 100355 2
S 48459693 293 100358 2
S 48470692 293 100359 2
S 48481692 293 100356 2
S 48492691 293 100358 2
S 48503690 293 100356 2
S 48514690 293 100359 2
S 48525689 293 100356 2
S 48536688 293 100349 2
S 48547687 293 100357 2
S 48558687 293 100358 2
S 48569686 293 100359 2
S 48580685 293 100358 2
S 48591685 293 100355 2
S 48602684 293 100364 2
S 48613683 293 100357 2
S 48624683 293 100356 2
S 48635682 293 100357 2
S 48646681 293 100359 2
S 48657681 293 100356 2
S 48668680 293 100353 2
S 48679679 293 100355 2
S 48690679 293 100362 2
S 48701678 293 100361 2
S 48712677 293 100361 2
S 48723676 293 100358 2
S 48734676 293 100357 2
S 48745675 293 100358 2
S 48756674 293 100358 2
S 48767674 293 100357 2
S 48778673 293 100358 2
S 48789672 293 100353 2
S 48800672 293 100357 2
S 48811671 293 100353 2
S 48822670 293 100358 2
S 48833670 293 100354 2
S 48844669 293 100357 2
S 48855668 293 100361 2
S 48866668 293 100358 2
S 48877667 293 100361 2
S 48888666 293 100360 2
S 48899665 293 100358 2
S 48910665 293 100357 2
S 48921664 293 100361 2
S 48932663 293 100354 2
S 48943663 293 100357 2
S 48954662 293 100356 2
S 48965661 293 100356 2
S 48976661 293 100359 2
S 48987660 293 100359 2
S 48998659 293 100357 2
S 49009659 293 100357 2
S 49020658 293 100356 2
S 49031657 293 100356 2
S 49042657 293 100358 2
S 49053656 293 100360 2
S 49064655 293 100361 2
S 49075654 293 100357 2
S 49086654 293 100359 2
S 49097653 293 100358 2
S 49108652 293 100361 2
S 49119652 293 100359 2
S 49130651 293 100359 2
S 49141650 293 100363 2
S 49152650 293 100361 2
S 49163649 293 100355 2
S 49174648 293 100356 2
S 49185648 293 100358 2
S 49196647 293 100361 2
S 49207646 293 100361 2
S 49218646 293 100361 2
S 49229645 293 100359 2
S 49240644 293 100359 2
S 49251643 293 100357 2
S 49262643 293 100362 2
S 49273642 293 100361 2
S 49284641 293 100360 2
S 49295641 293 100358 2
S 49306640 293 100361 2
S 49317639 293 100361 2
S 49328639 293 100358 2
S 49339638 293 100361 2
S 49350637 293 100359 2
S 49361637 293 100360 2
S 49372636 293 100360 2
S 49388635 293 100354 2
S 49399634 293 100353 2
S 49410634 293 100359 2
S 49421633 293 100356 2
S 49432632 293 100357 2
S 49443631 293 100363 2
S 49454631 293 100358 2
S 49465630 293 100361 2
S 49476629 293 100358 2
S 49487629 293 100353 2
S 49498628 293 100354 2
S 49509627 293 100359 2
S 49520627 293 100357 2
S 49531626 293 100365 2
S 49542625 293 100362 2
S 49553625 293 100357 2
S 49564624 293 100356 2
S 49575623 293 100363 2
S 49586623 293 100361 2
S 49597622 293 100359 2
S 49608621 293 100365 2
S 49619620 293 100358 2
S 49630620 293 100357 2
S 49641619 293 100358 2
S 49652618 293 100362 2
S 49663618 293 100363 2
S 49674617 293 100364 2
S 49685616 293 100361 2
S 49696616 293 100360 2
S 49707615 293 100357 2
S 49718614 293 100353 2
S 49729614 293 100355 2
S 49740613 293 100359 2
S 49751612 293 100358 2
S 49762612 293 100359 2
S 49773611 293 100358 2
S 49784610 293 100358 2
S 49795609 293 100356 2
S 49806609 293 100354 2
S 49817608 293 100350 2
S 49828607 293 100354 2
S 49839607 293 100358 2
S 49850606 293 100356 2
S 49861605 293 100361 2
S 49872605 293 100360 2
S 49883604 293 100358 2
S 49894603 293 100356 2
S 49905603 293 100358 2
S 49916602 293 100361 2
S 49927601 293 100358 2
S 49938601 293 100360 2
S 49949600 293 100358 2
S 49960599 293 100352 2
S 49971598 293 100356 2
S 49982598 293 100352 2
S 49993597 293 100354 2
S 50004596 293 100354 2
S 50015596 293 100357 2
S 50026595 293 100357 2
S 50037594 293 100360 2
S 50048594 293 100353 2
S 50059593 293 100354 2
S 50070592 293 100353 2
S 50081592 293 100355 2
S 50092591 293 100354 2
S 50103590 293 100355 2
S 50114590 293 100351 2
S 50125589 293 100347 2
S 50136588 293 100352 2
S 50147587 293 100353 2
S 50158587 293 100347 2
S 50169586 293 100350 2
S 50180585 293 100355 2
S 50191585 293 100356 2
S 50202584 293 100354 2
S 50213583 293 100354 2
S 50224583 293 100354 2
S 50235582 293 100348 2
S 50246581 293 100347 2
S 50257581 293 100352 2
S 50268580 293 100353 2
S 50279579 293 100347 2
S 50290579 293 100352 2
S 50301578 293 100358 2
S 50312577 293 100361 2
S 50323576 293 100353 2
S 50334576 293 100359 2
S 50345575 293 100354 2
S 50356574 293 100358 2
S 50367574 293 100352 2
S 50378573 293 100353 2
S 50394572 293 100365 2
S 50405571 293 100361 2
S 50416571 293 100359 2
S 50427570 293 100361 2
S 50438569 293 100362 2
S 50449569 293 100359 2
S 50460568 293 100359 2
S 50471567 293 100359 2
S 50482567 293 100358 2
S 50493566 293 100362 2
S 50504565 293 100359 2
S 50515564 293 100360 2
S 50526564 293 100360 2
S 50537563 293 100360 2
S 50548562 293 100360 2
S 50559562 293 100358 2
S 50570561 293 100360 2
S 50581560 293 100359 2
S 50592560 293 100362 2
S 50603559 293 100364 2
S 50614558 293 100358 2
S 50625558 293 100364 2
S 50636557 293 100364 2
S 50647556 293 100359 2
S 50658556 293 100361 2
S 50669555 293 100361 2
S 50680554 293 100357 2
S 50691553 293 100359 2
S 50702553 293 100359 2
S 50713552 293 100361 2
S 50724551 293 100357 2
S 50735551 293 100361 2
S 50746550 293 100360 2
S 50757549 293 100362 2
S 50768549 293 100355 2
S 50779548 293 100358 2
S 50790547 293 100364 2
S 50801547 293 100361 2
S 50812546 293 100363 2
S 50823545 293 100361 2
S 50834545 293 100361 2
S 50845544 293 100361 2
S 50856543 293 100362 2
S 50867542 293 100363 2
S 50878542 293 100358 2
S 50889541 293 100365 2
S 50900540 293 100360 2
S 50911540 293 100358 2
S 50922539 293 100362 2
S 50933538 293 100358 2
S 50944538 293 100358 2
S 50955537 293 100361 2
S 50966536 293 100363 2
S 50977536 293 100362 2
S 50988535 293 100365 2
S 50999534 293 100358 2
S 51010534 293 100365 2
S 51021533 293 100364 2
S 51032532 293 100359 2
S 51043531 293 100356 2
S 51054531 293 100363 2
S 51065530 293 100366 2
S 51076529 293 100366 2
S 51087529 293 100360 2
S 51098528 293 100355 2
S 51109527 293 100358 2
S 51120527 293 100358 2
S 51131526 293 100361 2
S 51142525 293 100360 2
S 51153525 293 100359 2
S 51164524 293 100359 2
S 51175523 293 100358 2
S 51186523 293 100358 2
S 51197522 293 100360 2
S 51208521 293 100362 2
S 51219520 293 100364 2
S 51230520 293 100356 2
S 51241519 293 100362 2
S 51252518 293 100358 2
S 51263518 293 100358 2
S 51274517 293 100363 2
S 51285516 293 100359 2
S 51296516 293 100360 2
S 51307515 293 100360 2
S 51318514 293 100360 2
S 51329514 293 100359 2
S 51340513 293 100362 2
S 51351512 293 100358 2
S 51362512 293 100361 2
S 51373511 293 100361 2
S 51384510 293 100363 2
S 51400509 293 100361 2
S 51411508 293 100361 2
S 51422508 293 100360 2
S 51433507 293 100358 2
S 51444506 293 100361 2
S 51455506 293 100358 2
S 51466505 293 100359 2
S 51477504 293 100353 2
S 51488504 293 100358 2
S 51499503 293 100358 2
S 51510502 293 100358 2
S 51521502 293 100356 2
S 51532501 293 100361 2
S 51543500 293 100358 2
S 51554500 293 100361 2
S 51565499 293 100358 2
S 51576498 293 100355 2
S 51587497 293 100357 2
S 51598497 293 100358 2
S 51609496 293 100358 2
S 51620495 293 100355 2
S 51631495 293 100356 2
S 51642494 293 100352 2
S 51653493 293 100351 2
S 51664493 293 100352 2
S 51675492 293 100356 2
S 51686491 293 100353 2
S 51697491 293 100350 2
S 51708490 293 100359 2
S 51719489 293 100358 2
S 51730489 293 100354 2
S 51741488 293 100358 2
S 51752487 293 100353 2
S 51763486 293 100356 2
S 51774486 293 100359 2
S 51785485 293 100358 2
S 51796484 293 100356 2
S 51807484 293 100356 2
S 51818483 293 100360 2
S 51829482 293 100360 2
S 51840482 293 100356 2
S 51851481 293 100357 2
S 51862480 293 100358 2
S 51873480 293 100356 2
S 51884479 293 100353 2
S 51895478 293 100354 2
S 51906478 293 100359 2
S 51917477 293 100356 2
S 51928476 293 100356 2
S 51939475 293 100353 2
S 51950475 293 100356 2
S 51961474 293 100353 2
S 51972473 293 100356 2
S 51983473 293 100356 2
S 51994472 293 100353 2
S 52005471 293 100355 2
S 52016471 293 100353 2
S 52027470 293 100359 2
S 52038469 293 100357 2
S 52049469 293 100360 2
S 52060468 293 100356 2
S 52071467 293 100358 2
S 52082467 293 100358 2
S 52093466 293 100358 2
S 52104465 293 100360 2
S 52115464 293 100357 2
S 52126464 293 100356 2
S 52137463 293 100358 2
S 52148462 293 100357 2
S 52159462 293 100358 2
S 52170461 293 100359 2
S 52181460 293 100358 2
S 52192460 293 100363 2
S 52203459 293 100362 2
S 52214458 293 100359 2
S 52225458 293 100356 2
S 52236457 293 100357 2
S 52247456 293 100359 2
S 52258456 293 100358 2
S 52269455 293 100358 2
S 52280454 293 100356 2
S 52291453 293 100357 2
S 52302453 293 100356 2
S 52313452 293 100353 2
S 52324451 293 100354 2
S 52335451 293 100356 2
S 52346450 293 100358 2
S 52357449 293 100357 2
S 52368449 293 100357 2
S 52379448 293 100356 2
S 52390447 293 100356 2
S 52406446 293 100356 2
S 52417446 293 100359 2
S 52428445 293 100361 2
S 52439444 293 100364 2
S 52450444 293 100362 2
S 52461443 293 100362 2
S 52472442 293 100364 2
S 52483441 293 100361 2
S 52494441 293 100361 2
S 52505440 293 100359 2
S 52516439 293 100361 2
S 52527439 293 100365 2
S 52538438 293 100362 2
S 52549437 293 100365 2
S 52560437 293 100363 2
S 52571436 293 100358 2
S 52582435 293 100351 2
S 52593435 293 100354 2
S 52604434 293 100356 2
S 52615433 293 100356 2
S 52626433 293 100361 2
S 52637432 293 100355 2
S 52648431 293 100356 2
S 52659430 293 100361 2
S 52670430 293 100365 2
S 52681429 293 100361 2
S 52692428 293 100357 2
S 52703428 293 100352 2
S 52714427 293 100358 2
S 52725426 293 100356 2
S 52736426 293 100361 2
S 52747425 293 100356 2
S 52758424 293 100360 2
S 52769424 293 100357 2
S 52780423 293 100361 2
S 52791422 293 100356 2
S 52802422 293 100356 2
S 52813421 293 100361 2
S 52824420 293 100361 2
S 52835419 293 100360 2
S 52846419 293 100361 2
S 52857418 293 100361 2
S 52868417 293 100355 2
S 52879417 293 100358 2
S 52890416 293 100361 2
S 52901415 293 100358 2
S 52912415 293 100354 2
S 52923414 293 100358 2
S 52934413 293 100355 2
S 52945413 293 100354 2
S 52956412 293 100358 2
S 52967411 293 100359 2
S 52978411 293 100358 2
S 52989410 293 100357 2
S 53000410 293 100358 2
S 53011408 293 100359 2
S 53022408 293 100359 2
S 53033407 293 100353 2
S 53044406 293 100357 2
S 53055406 293 100359 2
S 53066405 293 100358 2
S 53077404 293 100359 2
S 53088404 293 100356 2
S 53099403 293 100352 2
S 53110402 293 100354 2
S 53121402 293 100356 2
S 53132401 293 100358 2
S 53143400 293 100355 2
S 53154400 293 100356 2
S 53165399 293 100356 2
S 53176398 293 100360 2
S 53187397 293 100360 2
S 53198397 293 100361 2
S 53209396 293 100361 2
S 53220395 293 100356 2
S 53231395 293 100361 2
S 53242394 293 100359 2
S 53253393 293 100358 2
S 53264393 293 100358 2
S 53275392 293 100358 2
S 53286391 293 100356 2
S 53297391 293 100359 2
S 53308390 293 100358 2
S 53319389 293 100355 2
S 53330389 293 100360 2
S 53341388 293 100360 2
S 53352387 293 100361 2
S 53363386 293 100361 2
S 53374386 293 100355 2
S 53385385 293 100358 2
S 53396384 293 100358 2
S 53412383 293 100356 2
S 53423383 293 100356 2
S 53434382 293 100360 2
S 53445381 293 100359 2
S 53456381 293 100358 2
S 53467380 293 100359 2
S 53478379 293 100358 2
S 53489379 293 100356 2
S 53500378 293 100356 2
S 53511377 293 100358 2
S 53522377 293 100358 2
S 53533376 293 100353 2
S 53544375 293 100358 2
S 53555374 293 100358 2
S 53566374 293 100358 2
S 53577373 293 100359 2
S 53588372 293 100363 2
S 53599372 293 100360 2
S 53610371 293 100360 2
S 53621370 293 100360 2
S 53632370 293 100364 2
S 53643369 293 100361 2
S 53654368 293 100358 2
S 53665368 293 100361 2
S 53676367 293 100362 2
S 53687366 293 100361 2
S 53698366 293 100358 2
S 53709365 293 100361 2
S 53720364 293 100356 2
S 53731363 293 100361 2
S 53742363 293 100363 2
S 53753362 293 100357 2
S 53764361 293 100363 2
S 53775361 293 100360 2
S 53786360 293 100358 2
S 53797359 293 100359 2
S 53808359 293 100358 2
S 53819358 293 100358 2
S 53830357 293 100363 2
S 53841357 293 100359 2
S 53852356 293 100360 2
S 53863355 293 100357 2
S 53874355 293 100356 2
S 53885354 293 100358 2
S 53896353 293 100357 2
S 53907352 293 100358 2
S 53918352 293 100356 2
S 53929351 293 100351 2
S 53940350 293 100355 2
S 53951350 293 100358 2
S 53962349 293 100354 2
S 53973348 293 100358 2
S 53984348 293 100354 2
S 53995347 293 100356 2
S 54006346 293 100356 2
S 54017346 293 100358 2
S 54028345 293 100358 2
S 54039344 293 100358 2
S 54050344 293 100356 2
S 54061343 293 100360 2
S 54072342 293 100356 2
S 54083341 293 100356 2
S 54094341 293 100356 2
S 54105340 293 100361 2
S 54116339 293 100350 2
S 54127339 293 100358 2
S 54138338 293 100358 2
S 54149337 293 100354 2
S 54160337 293 100356 2
S 54171336 293 100359 2
S 54182335 293 100363 2
S 54193335 293 100358 2
S 54204334 293 100361 2
S 54215333 293 100356 2
S 54226333 293 100358 2
S 54237332 293 100358 2
S 54248331 293 100358 2
S 54259330 293 100358 2
S 54270330 293 100360 2
S 54281329 293 100357 2
S 54292328 293 100354 2
S 54303328 293 100356 2
S 54314327 293 100355 2
S 54325326 293 100355 2
S 54336326 293 100358 2
S 54347325 293 100353 2
S 54358324 293 100357 2
S 54369324 293 100353 2
S 54380323 293 100350 2
S 54391322 293 100361 2
S 54402322 293 100354 2
S 54418321 293 100356 2
S 54429320 293 100355 2
S 54440319 293 100358 2
S 54451318 293 100356 2
S 54462318 293 100353 2
S 54473317 293 100357 2
S 54484316 293 100354 2
S 54495316 293 100354 2
S 54506315 293 100349 2
S 54517314 293 100350 2
S 54528314 293 100353 2
S 54539313 293 100351 2
S 54550312 293 100353 2
S 54561312 293 100354 2
S 54572311 293 100354 2
S 54583310 293 100353 2
S 54594310 293 100344 2
S 54605309 293 100350 2
S 54616308 293 100352 2
S 54627307 293 100349 2
S 54638307 293 100353 2
S 54649306 293 100353 2
S 54660305 293 100353 2
S 54671305 293 100353 2
S 54682304 293 100353 2
S 54693303 293 100347 2
S 54704303 293 100345 2
S 54715302 293 100353 2
S 54726301 293 100353 2
S 54737301 293 100352 2
S 54748300 293 100350 2
S 54759299 293 100345 2
S 54770299 293 100347 2
S 54781298 293 100351 2
S 54792297 293 100354 2
S 54803296 293 100352 2
S 54814296 293 100348 2
S 54825295 293 100349 2
S 54836294 293 100349 2
S 54847294 293 100348 2
S 54858293 293 100352 2
S 54869292 293 100348 2
S 54880292 293 100353 2
S 54891291 293 100355 2
S 54902290 293 100357 2
S 54913290 293 100352 2
S 54924289 293 100349 2
S 54935288 293 100352 2
S 54946288 293 100350 2
S 54957287 293 100351 2
S 54968286 293 100351 2
S 54979285 293 100352 2
S 54990285 293 100353 2
S 55001285 293 100353 2
S 55012283 293 100353 2
S 55023283 293 100354 2
S 55034282 293 100356 2
S 55045281 293 100354 2
S 55056281 293 100356 2
S 55067280 293 100351 2
S 55078279 293 100347 2
S 55089279 293 100352 2
S 55100278 293 100351 2
S 55111277 293 100350 2
S 55122277 293 100352 2
S 55133276 293 100355 2
S 55144275 293 100358 2
S 55155274 293 100351 2
S 55166274 293 100353 2
S 55177273 293 100358 2
S 55188272 293 100356 2
S 55199272 293 100355 2
S 55210271 293 100356 2
S 55221270 293 100353 2
S 55232270 293 100355 2
S 55243269 293 100350 2
S 55254268 293 100353 2
S 55265268 293 100356 2
S 55276267 293 100350 2
S 55287266 293 100355 2
S 55298266 293 100356 2
S 55309265 293 100355 2
S 55320264 293 100356 2
S 55331263 293 100356 2
S 55342263 293 100358 2
S 55353262 293 100355 2
S 55364261 293 100353 2
S 55375261 293 100355 2
S 55386260 293 100351 2
S 55397259 293 100356 2
S 55408259 293 100356 2
S 55424258 293 100362 2
S 55435257 293 100364 2
S 55446256 293 100362 2
S 55457256 293 100358 2
S 55468255 293 100359 2
S 55479254 293 100357 2
S 55490254 293 100361 2
S 55501253 293 100359 2
S 55512252 293 100362 2
S 55523251 293 100360 2
S 55534251 293 100362 2
S 55545250 293 100361 2
S 55556249 293 100360 2
S 55567249 293 100364 2
S 55578248 293 100358 2
S 55589247 293 100358 2
S 55600247 293 100361 2
S 55611246 293 100358 2
S 55622245 293 100361 2
S 55633245 293 100360 2
S 55644244 293 100362 2
S 55655243 293 100359 2
S 55666243 293 100362 2
S 55677242 293 100356 2
S 55688241 293 100356 2
S 55699240 293 100354 2
S 55710240 293 100355 2
S 55721239 293 100358 2
S 55732238 293 100355 2
S 55743238 293 100360 2
S 55754237 293 100361 2
S 55765236 293 100356 2
S 55776236 293 100359 2
S 55787235 293 100361 2
S 55798234 293 100364 2
S 55809234 293 100365 2
S 55820233 293 100360 2
S 55831232 293 100362 2
S 55842232 293 100361 2
S 55853231 293 100360 2
S 55864230 293 100361 2
S 55875229 293 100356 2
S 55886229 293 100361 2
S 55897228 293 100358 2
S 55908227 293 100358 2
S 55919227 293 100361 2
S 55930226 293 100359 2
S 55941225 293 100359 2
S 55952225 293 100361 2
S 55963224 293 100367 2
S 55974223 293 100361 2
S 55985223 293 100359 2
S 55996222 293 100361 2
S 56007221 293 100361 2
S 56018221 293 100356 2
S 56029220 293 100355 2
S 56040219 293 100360 2
S 56051218 293 100356 2
S 56062218 293 100360 2
S 56073217 293 100359 2
S 56084216 293 100361 2
S 56095216 293 100359 2
S 56106215 293 100358 2
S 56117214 293 100357 2
S 56128214 293 100355 2
S 56139213 293 100356 2
S 56150212 293 100357 2
S 56161212 293 100350 2
S 56172211 293 100356 2
S 56183210 293 100361 2
S 56194210 293 100362 2
S 56205209 293 100358 2
S 56216208 293 100358 2
S 56227207 293 100359 2
S 56238207 293 100358 2
S 56249206 293 100358 2
S 56260205 293 100358 2
S 56271205 293 100357 2
S 56282204 293 100356 2
S 56293203 293 100352 2
S 56304203 293 100357 2
S 56315202 293 100362 2
S 56326201 293 100360 2
S 56337201 293 100359 2
S 56348200 293 100358 2
S 56359199 293 100356 2
S 56370199 293 100354 2
S 56381198 293 100352 2
S 56392197 293 100354 2
S 56403196 293 100361 2
S 56414196 293 100358 2
S 56430195 294 100361 2
S 56441194 294 100361 2
S 56452193 294 100361 2
S 56463193 294 100361 2
S 56474192 294 100356 2
S 56485191 294 100358 2
S 56496191 294 100358 2
S 56507190 294 100360 2
S 56518189 294 100363 2
S 56529189 294 100361 2
S 56540188 294 100364 2
S 56551187 294 100358 2
S 56562187 294 100361 2
S 56573186 294 100359 2
S 56584185 294 100362 2
S 56595184 294 100360 2
S 56606184 294 100358 2
S 56617183 294 100360 2
S 56628182 294 100365 2
S 56639182 294 100356 2
S 56650181 294 100358 2
S 56661180 294 100356 2
S 56672180 294 100360 2
S 56683179 294 100358 2
S 56694178 294 100356 2
S 56705178 294 100351 2
S 56716177 294 100356 2
S 56727176 294 100356 2
S 56738176 294 100354 2
S 56749175 294 100356 2
S 56760174 294 100361 2
S 56771173 294 100356 2
S 56782173 294 100356 2
S 56793172 294 100356 2
S 56804171 294 100356 2
S 56815171 294 100358 2
S 56826170 294 100357 2
S 56837169 294 100363 2
S 56848169 294 100361 2
S 56859168 294 100358 2
S 56870167 294 100355 2
S 56881167 294 100360 2
S 56892166 294 100360 2
S 56903165 294 100357 2
S 56914165 294 100356 2
S 56925164 294 100356 2
S 56936163 294 100358 2
S 56947162 294 100357 2
S 56958162 294 100356 2
S 56969161 294 100354 2
S 56980160 294 100355 2
S 56991160 294 100359 2
S 57002160 294 100353 2
S 57013158 294 100358 2
S 57024158 294 100359 2
S 57035157 294 100357 2
S 57046156 294 100350 2
S 57057156 294 100356 2
S 57068155 294 100358 2
S 57079154 294 100361 2
S 57090154 294 100356 2
S 57101153 294 100353 2
S 57112152 294 100357 2
S 57123151 294 100356 2
S 57134151 294 100358 2
S 57145150 294 100355 2
S 57156149 294 100356 2
S 57167149 294 100356 2
S 57178148 294 100360 2
S 57189147 294 100350 2
S 57200147 294 100353 2
S 57211146 294 100353 2
S 57222145 294 100354 2
S 57233145 294 100356 2
S 57244144 294 100361 2
S 57255143 294 100358 2
S 57266143 294 100360 2
S 57277142 294 100356 2
S 57288141 294 100360 2
S 57299140 294 100357 2
S 57310140 294 100358 2
S 57321139 294 100357 2
S 57332138 294 100357 2
S 57343138 294 100354 2
S 57354137 294 100355 2
S 57365136 294 100358 2
S 57376136 294 100353 2
S 57387135 294 100356 2
S 57398134 294 100359 2
S 57409134 294 100358 2
S 57420133 294 100361 2
S 57436132 294 100367 2
S 57447131 294 100363 2
S 57458131 294 100362 2
S 57469130 294 100358 2
S 57480129 294 100360 2
S 57491128 294 100358 2
S 57502128 294 100360 2
S 57513127 294 100361 2
S 57524126 294 100362 2
S 57535126 294 100359 2
S 57546125 294 100358 2
S 57557124 294 100364 2
S 57568124 294 100362 2
S 57579123 294 100359 2
S 57590122 294 100361 2
S 57601122 294 100358 2
S 57612121 294 100356 2
S 57623120 294 100359 2
S 57634120 294 100360 2
S 57645119 294 100363 2
S 57656118 294 100362 2
S 57667117 294 100364 2
S 57678117 294 100364 2
S 57689116 294 100364 2
S 57700115 294 100362 2
S 57711115 294 100363 2
S 57722114 294 100366 2
S 57733113 294 100367 2
S 57744113 294 100363 2
S 57755112 294 100365 2
S 57766111 294 100366 2
S 57777111 294 100358 2
S 57788110 294 100363 2
S 57799109 294 100361 2
S 57810109 294 100361 2
S 57821108 294 100363 2
S 57832107 294 100362 2
S 57843106 294 100364 2
S 57854106 294 100360 2
S 57865105 294 100359 2
S 57876104 294 100359 2
S 57887104 294 100356 2
S 57898103 294 100354 2
S 57909102 294 100355 2
S 57920102 294 100356 2
S 57931101 294 100358 2
S 57942100 294 100358 2
S 57953100 294 100361 2
S 57964099 294 100354 2
S 57975098 294 100353 2
S 57986098 294 100358 2
S 57997097 294 100357 2
S 58008096 294 100354 2
S 58019095 294 100356 2
S 58030095 294 100362 2
S 58041094 294 100361 2
S 58052093 294 100361 2
S 58063093 294 100361 2
S 58074092 294 100364 2
S 58085091 294 100363 2
S 58096091 294 100367 2
S 58107090 294 100364 2
S 58118089 294 100356 2
S 58129089 294 100364 2
S 58140088 294 100362 2
S 58151087 294 100361 2
S 58162087 294 100356 2
S 58173086 294 100358 2
S 58184085 294 100367 2
S 58195084 294 100365 2
S 58206084 294 100363 2
S 58217083 294 100364 2
S 58228082 294 100362 2
S 58239082 294 100368 2
S 58250081 294 100367 2
S 58261080 294 100364 2
S 58272080 294 100362 2
S 58283079 294 100364 2
S 58294078 294 100364 2
S 58305078 294 100353 2
S 58316077 294 100361 2
S 58327076 294 100362 2
S 58338076 294 100367 2
S 58349075 294 100362 2
S 58360074 294 100360 2
S 58371073 294 100362 2
S 58382073 294 100361 2
S 58393072 294 100358 2
S 58404071 294 100354 2
S 58415071 294 100357 2
S 58426070 294 100359 2
S 58442069 294 100366 2
S 58453068 294 100365 2
S 58464068 294 100367 2
S 58475067 294 100362 2
S 58486066 294 100370 2
S 58497066 294 100367 2
S 58508065 294 100367 2
S 58519064 294 100367 2
S 58530064 294 100364 2
S 58541063 294 100364 2
S 58552062 294 100367 2
S 58563061 294 100372 2
S 58574061 294 100366 2
S 58585060 294 100364 2
S 58596059 294 100367 2
S 58607059 294 100362 2
S 58618058 294 100362 2
S 58629057 294 100361 2
S 58640057 294 100364 2
S 58651056 294 100365 2
S 58662055 294 100363 2
S 58673055 294 100356 2
S 58684054 294 100361 2
S 58695053 294 100358 2
S 58706053 294 100355 2
S 58717052 294 100363 2
S 58728051 294 100357 2
S 58739050 294 100361 2
S 58750050 294 100358 2
S 58761049 294 100362 2
S 58772048 294 100361 2
S 58783048 294 100361 2
S 58794047 294 100359 2
S 58805046 294 100364 2
S 58816046 294 100364 2
S 58827045 294 100361 2
S 58838044 294 100365 2
S 58849044 294 100363 2
S 58860043 294 100366 2
S 58871042 294 100366 2
S 58882042 294 100364 2
S 58893041 294 100358 2
S 58904040 294 100359 2
S 58915039 294 100362 2
S 58926039 294 100362 2
S 58937038 294 100363 2
S 58948037 294 100365 2
S 58959037 294 100361 2
S 58970036 294 100362 2
S 58981035 294 100362 2
S 58992035 294 100363 2
S 59003034 294 100364 2
S 59014033 294 100367 2
S 59025033 294 100365 2
S 59036032 294 100363 2
S 59047031 294 100362 2
S 59058031 294 100359 2
S 59069030 294 100364 2
S 59080029 294 100360 2
S 59091028 294 100363 2
S 59102028 294 100361 2
S 59113027 294 100363 2
S 59124026 294 100361 2
S 59135026 294 100364 2
S 59146025 294 100360 2
S 59157024 294 100359 2
S 59168024 294 100358 2
S 59179023 294 100359 2
S 59190022 294 100355 2
S 59201022 294 100359 2
S 59212021 294 100363 2
S 59223020 294 100361 2
S 59234020 294 100361 2
S 59245019 294 100361 2
S 59256018 294 100360 2
S 59267017 294 100359 2
S 59278017 294 100361 2
S 59289016 294 100365 2
S 59300015 294 100366 2
S 59311015 294 100362 2
S 59322014 294 100364 2
S 59333013 294 100362 2
S 59344013 294 100367 2
S 59355012 294 100361 2
S 59366011 294 100365 2
S 59377011 294 100362 2
S 59388010 294 100364 2
S 59399009 294 100360 2
S 59410009 294 100362 2
S 59421008 294 100361 2
S 59432007 294 100362 2
S 59448006 294 100363 2
S 59459005 294 100363 2
S 59470005 294 100356 2
S 59481004 294 100360 2
S 59492003 294 100357 2
S 59503003 294 100361 2
S 59514002 294 100361 2
S 59525001 294 100361 2
S 59536001 294 100358 2
S 59547000 294 100361 2
S 59557999 294 100361 2
S 59568999 294 100362 2
S 59579998 294 100362 2
S 59590997 294 100365 2
S 59601997 294 100358 2
S 59612996 294 100362 2
S 59623995 294 100361 2
S 59634994 294 100356 2
S 59645994 294 100364 2
S 59656993 294 100359 2
S 59667992 294 100358 2
S 59678992 294 100359 2
S 59689991 294 100359 2
S 59700990 294 100360 2
S 59711990 294 100361 2
S 59722989 294 100356 2
S 59733988 294 100363 2
S 59744988 294 100363 2
S 59755987 294 100364 2
S 59766986 294 100363 2
S 59777986 294 100361 2
S 59788985 294 100356 2
S 59799984 294 100358 2
S 59810983 294 100358 2
S 59821983 294 100353 2
S 59832982 294 100356 2
S 59843981 294 100353 2
S 59854981 294 100356 2
S 59865980 294 100354 2
S 59876979 294 100356 2
S 59887979 294 100356 2
S 59898978 294 100358 2
S 59909977 294 100356 2
S 59920977 294 100356 2
S 59931976 294 100354 2
S 59942975 294 100356 2
S 59953975 294 100355 2
S 59964974 294 100356 2
S 59975973 294 100353 2
S 59986972 294 100352 2
S 59997972 294 100359 2
S 60008971 294 100356 2
S 60019970 294 100359 2
S 60030970 294 100358 2
S 60041969 294 100354 2
S 60052968 294 100356 2
S 60063968 294 100359 2
S 60074967 294 100357 2
S 60085966 294 100356 2
S 60096966 294 100354 2
S 60107965 294 100356 2
S 60118964 294 100361 2
S 60129964 294 100361 2
S 60140963 294 100357 2
S 60151962 294 100358 2
S 60162961 294 100360 2
S 60173961 294 100358 2
S 60184960 294 100358 2
S 60195959 294 100357 2
S 60206959 294 100356 2
S 60217958 294 100358 2
S 60228957 294 100360 2
S 60239957 294 100358 2
S 60250956 294 100357 2
S 60261955 294 100354 2
S 60272955 294 100357 2
S 60283954 294 100350 2
S 60294953 294 100354 2
S 60305953 294 100353 2
S 60316952 294 100355 2
S 60327951 294 100345 2
S 60338950 294 100350 2
S 60349950 294 100352 2
S 60360949 294 100352 2
S 60371948 294 100353 2
S 60382948 294 100350 2
S 60393947 294 100355 2
S 60404946 294 100356 2
S 60415946 294 100355 2
S 60426945 294 100353 2
S 60437944 294 100358 2
S 60453943 294 100355 2
S 60464943 294 100360 2
S 60475942 294 100356 2
S 60486941 294 100360 2
S 60497941 294 100356 2
S 60508940 294 100356 2
S 60519939 294 100361 2
S 60530938 294 100356 2
S 60541938 294 100354 2
S 60552937 294 100358 2
S 60563936 294 100356 2
S 60574936 294 100357 2
S 60585935 294 100362 2
S 60596934 294 100353 2
S 60607934 294 100359 2
S 60618933 294 100356 2
S 60629932 294 100354 2
S 60640932 294 100357 2
S 60651931 294 100360 2
S 60662930 294 100361 2
S 60673930 294 100359 2
S 60684929 294 100358 2
S 60695928 294 100358 2
S 60706927 294 100358 2
S 60717927 294 100353 2
S 60728926 294 100356 2
S 60739925 294 100361 2
S 60750925 294 100353 2
S 60761924 294 100356 2
S 60772923 294 100359 2
S 60783923 294 100353 2
S 60794922 294 100356 2
S 60805921 294 100350 2
S 60816921 294 100356 2
S 60827920 294 100351 2
S 60838919 294 100354 2
S 60849919 294 100359 2
S 60860918 294 100362 2
S 60871917 294 100362 2
S 60882916 294 100365 2
S 60893916 294 100366 2
S 60904915 294 100366 2
S 60915914 294 100364 2
S 60926914 294 100357 2
S 60937913 294 100362 2
S 60948912 294 100364 2
S 60959912 294 100363 2
S 60970911 294 100361 2
S 60981910 294 100363 2
S 60992910 294 100362 2
S 61003909 294 100361 2
S 61014908 294 100358 2
S 61025908 294 100361 2
S 61036907 294 100358 2
S 61047906 294 100358 2
S 61058905 294 100350 2
S 61069905 294 100350 2
S 61080904 294 100358 2
S 61091903 294 100357 2
S 61102903 294 100354 2
S 61113902 294 100360 2
S 61124901 294 100361 2
S 61135901 294 100358 2
S 61146900 294 100356 2
S 61157899 294 100364 2
S 61168899 294 100361 2
S 61179898 294 100358 2
S 61190897 294 100355 2
S 61201897 294 100363 2
S 61212896 294 100355 2
S 61223895 294 100355 2
S 61234894 294 100359 2
S 61245894 294 100364 2
S 61256893 294 100365 2
S 61267892 294 100361 2
S 61278892 294 100358 2
S 61289891 294 100356 2
S 61300890 294 100358 2
S 61311890 294 100356 2
S 61322889 294 100357 2
S 61333888 294 100352 2
S 61344888 294 100356 2
S 61355887 294 100359 2
S 61366886 294 100355 2
S 61377886 294 100358 2
S 61388885 294 100356 2
S 61399884 294 100355 2
S 61410883 294 100356 2
S 61421883 294 100356 2
S 61432882 294 100358 2
S 61443881 294 100355 2
S 61459880 294 100362 2
S 61470880 294 100353 2
S 61481879 294 100355 2
S 61492878 294 100360 2
S 61503878 294 100364 2
S 61514877 294 100364 2
S 61525876 294 100363 2
S 61536876 294 100359 2
S 61547875 294 100358 2
S 61558874 294 100358 2
S 61569874 294 100365 2
S 61580873 294 100361 2
S 61591872 294 100358 2
S 61602871 294 100364 2
S 61613871 294 100352 2
S 61624870 294 100357 2
S 61635869 294 100353 2
S 61646869 294 100362 2
S 61657868 294 100360 2
S 61668867 294 100357 2
S 61679867 294 100356 2
S 61690866 294 100361 2
S 61701865 294 100352 2
S 61712865 294 100355 2
S 61723864 294 100355 2
S 61734863 294 100359 2
S 61745863 294 100357 2
S 61756862 294 100356 2
S 61767861 294 100359 2
S 61778860 294 100357 2
S 61789860 294 100353 2
S 61800859 294 100358 2
S 61811858 294 100350 2
S 61822858 294 100352 2
S 61833857 294 100358 2
S 61844856 294 100353 2
S 61855856 294 100356 2
S 61866855 294 100358 2
S 61877854 294 100358 2
S 61888854 294 100356 2
S 61899853 294 100361 2
S 61910852 294 100358 2
S 61921852 294 100359 2
S 61932851 294 100358 2
S 61943850 294 100361 2
S 61954849 294 100356 2
S 61965849 294 100352 2
S 61976848 294 100358 2
S 61987847 294 100359 2
S 61998847 294 100358 2
S 62009846 294 100356 2
S 62020845 294 100359 2
S 62031845 294 100363 2
S 62042844 294 100357 2
S 62053843 294 100356 2
S 62064843 294 100356 2
S 62075842 294 100352 2
S 62086841 294 100354 2
S 62097841 294 100352 2
S 62108840 294 100353 2
S 62119839 294 100357 2
S 62130838 294 100356 2
S 62141838 294 100361 2
S 62152837 294 100361 2
S 62163836 294 100358 2
S 62174836 294 100361 2
S 62185835 294 100361 2
S 62196834 294 100361 2
S 62207834 294 100360 2
S 62218833 294 100357 2
S 62229832 294 100355 2
S 62240832 294 100357 2
S 62251831 294 100354 2
S 62262830 294 100357 2
S 62273830 294 100360 2
S 62284829 294 100354 2
S 62295828 294 100356 2
S 62306827 294 100352 2
S 62317827 294 100358 2
S 62328826 294 100361 2
S 62339825 294 100357 2
S 62350825 294 100355 2
S 62361824 294 100361 2
S 62372823 294 100356 2
S 62383823 294 100359 2
S 62394822 294 100361 2
S 62405821 294 100356 2
S 62416821 294 100356 2
S 62427820 294 100356 2
S 62438819 294 100356 2
S 62449819 294 100352 2
S 62465818 294 100359 2
S 62476817 294 100355 2
S 62487816 294 100358 2
S 62498815 294 100356 2
S 62509815 294 100356 2
S 62520814 294 100355 2
S 62531813 294 100360 2
S 62542813 294 100353 2
S 62553812 294 100356 2
S 62564811 294 100356 2
S 62575811 294 100357 2
S 62586810 294 100361 2
S 62597809 294 100353 2
S 62608809 294 100354 2
S 62619808 294 100354 2
S 62630807 294 100358 2
S 62641807 294 100353 2
S 62652806 294 100350 2
S 62663805 294 100356 2
S 62674804 294 100355 2
S 62685804 294 100356 2
S 62696803 294 100359 2
S 62707802 294 100356 2
S 62718802 294 100351 2
S 62729801 294 100361 2
S 62740800 294 100358 2
S 62751800 294 100356 2
S 62762799 294 100357 2
S 62773798 294 100360 2
S 62784798 294 100353 2
S 62795797 294 100361 2
S 62806796 294 100361 2
S 62817796 294 100355 2
S 62828795 294 100360 2
S 62839794 294 100358 2
S 62850793 294 100352 2
S 62861793 294 100356 2
S 62872792 294 100354 2
S 62883791 294 100359 2
S 62894791 294 100356 2
S 62905790 294 100354 2
S 62916789 294 100353 2
S 62927789 294 100358 2
S 62938788 294 100358 2
S 62949787 294 100357 2
S 62960787 294 100360 2
S 62971786 294 100358 2
S 62982785 294 100356 2
S 62993785 294 100359 2
S 63004784 294 100361 2
S 63015783 294 100363 2
S 63026782 294 100362 2
S 63037782 294 100363 2
S 63048781 294 100358 2
S 63059780 294 100359 2
S 63070780 294 100356 2
S 63081779 294 100355 2
S 63092778 294 100362 2
S 63103778 294 100360 2
S 63114777 294 100362 2
S 63125776 294 100360 2
S 63136776 294 100355 2
S 63147775 294 100356 2
S 63158774 294 100360 2
S 63169774 294 100360 2
S 63180773 294 100359 2
S 63191772 294 100359 2
S 63202771 294 100364 2
S 63213771 294 100361 2
S 63224770 294 100355 2
S 63235769 294 100358 2
S 63246769 294 100355 2
S 63257768 294 100354 2
S 63268767 294 100355 2
S 63279767 294 100361 2
S 63290766 294 100351 2
S 63301765 294 100356 2
S 63312765 294 100356 2
S 63323764 294 100353 2
S 63334763 294 100357 2
S 63345763 294 100357 2
S 63356762 294 100359 2
S 63367761 294 100360 2
S 63378760 294 100358 2
S 63389760 294 100358 2
S 63400759 294 100353 2
S 63411758 294 100360 2
S 63422758 294 100360 2
S 63433757 294 100358 2
S 63444756 294 100354 2
S 63455756 294 100354 2
S 63471755 294 100355 2
S 63482754 294 100350 2
S 63493753 294 100356 2
S 63504753 294 100353 2
S 63515752 294 100350 2
S 63526751 294 100352 2
S 63537751 294 100349 2
S 63548750 294 100349 2
S 63559749 294 100351 2
S 63570748 294 100354 2
S 63581748 294 100357 2
S 63592747 294 100355 2
S 63603746 294 100351 2
S 63614746 294 100349 2
S 63625745 294 100354 2
S 63636744 294 100353 2
S 63647744 294 100348 2
S 63658743 294 100351 2
S 63669742 294 100352 2
S 63680742 294 100354 2
S 63691741 294 100349 2
S 63702740 294 100352 2
S 63713740 294 100349 2
S 63724739 294 100352 2
S 63735738 294 100358 2
S 63746737 294 100356 2
S 63757737 294 100354 2
S 63768736 294 100353 2
S 63779735 294 100355 2
S 63790735 294 100354 2
S 63801734 294 100356 2
S 63812733 294 100356 2
S 63823733 294 100353 2
S 63834732 294 100354 2
S 63845731 294 100358 2
S 63856731 294 100355 2
S 63867730 294 100356 2
S 63878729 294 100358 2
S 63889729 294 100353 2
S 63900728 294 100354 2
S 63911727 294 100353 2
S 63922726 294 100354 2
S 63933726 294 100355 2
S 63944725 294 100353 2
S 63955724 294 100356 2
S 63966724 294 100354 2
S 63977723 294 100352 2
S 63988722 294 100353 2
S 63999722 294 100353 2
S 64010721 294 100356 2
S 64021720 294 100353 2
S 64032720 294 100358 2
S 64043719 294 100352 2
S 64054718 294 100357 2
S 64065718 294 100350 2
S 64076717 294 100357 2
S 64087716 294 100356 2
S 64098715 294 100352 2
S 64109715 294 100350 2
S 64120714 294 100353 2
S 64131713 294 100353 2
S 64142713 294 100351 2
S 64153712 294 100347 2
S 64164711 294 100350 2
S 64175711 294 100351 2
S 64186710 294 100347 2
S 64197709 294 100346 2
S 64208709 294 100352 2
S 64219708 294 100356 2
S 64230707 294 100356 2
S 64241707 294 100356 2
S 64252706 294 100360 2
S 64263705 294 100356 2
S 64274704 294 100353 2
S 64285704 294 100354 2
S 64296703 294 100356 2
S 64307702 294 100349 2
S 64318702 294 100350 2
S 64329701 294 100346 2
S 64340700 294 100353 2
S 64351700 294 100351 2
S 64362699 294 100350 2
S 64373698 294 100355 2
S 64384698 294 100350 2
S 64395697 294 100353 2
S 64406696 294 100356 2
S 64417696 294 100354 2
S 64428695 294 100358 2
S 64439694 294 100350 2
S 64450693 294 100353 2
S 64461693 294 100358 2
S 64477692 294 100359 2
S 64488691 294 100353 2
S 64499690 294 100356 2
S 64510690 294 100358 2
S 64521689 294 100359 2
S 64532688 294 100358 2
S 64543688 294 100353 2
S 64554687 294 100356 2
S 64565686 294 100353 2
S 64576686 294 100352 2
S 64587685 294 100356 2
S 64598684 294 100355 2
S 64609684 294 100347 2
S 64620683 294 100355 2
S 64631682 294 100356 2
S 64642681 294 100354 2
S 64653681 294 100356 2
S 64664680 294 100356 2
S 64675679 294 100358 2
S 64686679 294 100356 2
S 64697678 294 100358 2
S 64708677 294 100358 2
S 64719677 294 100352 2
S 64730676 294 100353 2
S 64741675 294 100358 2
S 64752675 294 100354 2
S 64763674 294 100355 2
S 64774673 294 100356 2
S 64785673 294 100356 2
S 64796672 294 100353 2
S 64807671 294 100352 2
S 64818670 294 100352 2
S 64829670 294 100356 2
S 64840669 294 100351 2
S 64851668 294 100352 2
S 64862668 294 100358 2
S 64873667 294 100356 2
S 64884666 294 100356 2
S 64895666 294 100357 2
S 64906665 294 100357 2
S 64917664 294 100353 2
S 64928664 294 100355 2
S 64939663 294 100356 2
S 64950662 294 100358 2
S 64961662 294 100361 2
S 64972661 294 100361 2
S 64983660 294 100360 2
S 64994659 294 100354 2
S 65005659 294 100351 2
S 65016658 294 100355 2
S 65027657 294 100355 2
S 65038657 294 100351 2
S 65049656 294 100353 2
S 65060655 294 100355 2
S 65071655 294 100353 2
S 65082654 294 100357 2
S 65093653 294 100357 2
S 65104653 294 100355 2
S 65115652 294 100351 2
S 65126651 294 100353 2
S 65137651 294 100353 2
S 65148650 294 100355 2
S 65159649 294 100355 2
S 65170648 294 100351 2
S 65181648 294 100348 2
S 65192647 294 100358 2
S 65203646 294 100353 2
S 65214646 294 100353 2
S 65225645 294 100353 2
S 65236644 294 100349 2
S 65247644 294 100351 2
S 65258643 294 100352 2
S 65269642 294 100354 2
S 65280642 294 100350 2
S 65291641 294 100351 2
S 65302640 294 100357 2
S 65313640 294 100358 2
S 65324639 294 100354 2
S 65335638 294 100358 2
S 65346637 294 100358 2
S 65357637 294 100360 2
S 65368636 294 100356 2
S 65379635 294 100355 2
S 65390635 294 100349 2
S 65401634 294 100354 2
S 65412633 294 100356 2
S 65423633 294 100356 2
S 65434632 294 100350 2
S 65445631 294 100355 2
S 65456631 294 100353 2
S 65467630 294 100356 2
S 65483629 294 100359 2
S 65494628 294 100361 2
S 65505628 294 100356 2
S 65516627 294 100357 2
S 65527626 294 100359 2
S 65538625 294 100358 2
S 65549625 294 100361 2
S 65560624 294 100356 2
S 65571623 294 100358 2
S 65582623 294 100358 2
S 65593622 294 100358 2
S 65604621 294 100357 2
S 65615621 294 100356 2
S 65626620 294 100356 2
S 65637619 294 100356 2
S 65648619 294 100358 2
S 65659618 294 100364 2
S 65670617 294 100356 2
S 65681617 294 100358 2
S 65692616 294 100360 2
S 65703615 294 100360 2
S 65714614 294 100360 2
S 65725614 294 100359 2
S 65736613 294 100356 2
S 65747612 294 100362 2
S 65758612 294 100358 2
S 65769611 294 100359 2
S 65780610 294 100361 2
S 65791610 294 100364 2
S 65802609 294 100358 2
S 65813608 294 100356 2
S 65824608 294 100361 2
S 65835607 294 100358 2
S 65846606 294 100356 2
S 65857606 294 100364 2
S 65868605 294 100363 2
S 65879604 294 100362 2
S 65890603 294 100356 2
S 65901603 294 100356 2
S 65912602 294 100353 2
S 65923601 294 100356 2
S 65934601 294 100357 2
S 65945600 294 100359 2
S 65956599 294 100358 2
S 65967599 294 100360 2
S 65978598 294 100359 2
S 65989597 294 100364 2
S 66000597 294 100358 2
S 66011596 294 100361 2
S 66022595 294 100353 2
S 66033595 294 100356 2
S 66044594 294 100363 2
S 66055593 294 100364 2
S 66066592 294 100361 2
S 66077592 294 100360 2
S 66088591 294 100361 2
S 66099590 294 100359 2
S 66110590 294 100359 2
S 66121589 294 100357 2
S 66132588 294 100354 2
S 66143588 294 100354 2
S 66154587 294 100355 2
S 66165586 294 100354 2
S 66176586 294 100353 2
S 66187585 294 100354 2
S 66198584 294 100354 2
S 66209584 294 100356 2
S 66220583 294 100356 2
S 66231582 294 100353 2
S 66242581 294 100358 2
S 66253581 294 100361 2
S 66264580 294 100353 2
S 66275579 294 100359 2
S 66286579 294 100354 2
S 66297578 294 100353 2
S 66308577 294 100355 2
S 66319577 294 100361 2
S 66330576 294 100354 2
S 66341575 294 100359 2
S 66352575 294 100357 2
S 66363574 294 100354 2
S 66374573 294 100356 2
S 66385573 294 100357 2
S 66396572 294 100353 2
S 66407571 294 100356 2
S 66418570 294 100353 2
S 66429570 294 100356 2
S 66440569 294 100356 2
S 66451568 294 100358 2
S 66462568 294 100353 2
S 66473567 294 100356 2
S 66489566 294 100359 2
S 66500565 294 100362 2
S 66511565 294 100353 2
S 66522564 294 100360 2
S 66533563 294 100351 2
S 66544563 294 100356 2
S 66555562 294 100357 2
S 66566561 294 100356 2
S 66577561 294 100358 2
S 66588560 294 100362 2
S 66599559 294 100353 2
S 66610558 294 100358 2
S 66621558 294 100353 2
S 66632557 294 100357 2
S 66643556 294 100356 2
S 66654556 294 100358 2
S 66665555 294 100356 2
S 66676554 294 100352 2
S 66687554 294 100356 2
S 66698553 294 100360 2
S 66709552 294 100363 2
S 66720552 294 100362 2
S 66731551 294 100352 2
S 66742550 294 100355 2
S 66753550 294 100357 2
S 66764549 294 100353 2
S 66775548 294 100361 2
S 66786547 294 100360 2
S 66797547 294 100362 2
S 66808546 294 100358 2
S 66819545 294 100358 2
S 66830545 294 100358 2
S 66841544 294 100357 2
S 66852543 294 100356 2
S 66863543 294 100362 2
S 66874542 294 100357 2
S 66885541 294 100364 2
S 66896541 294 100354 2
S 66907540 294 100356 2
S 66918539 294 100358 2
S 66929539 294 100359 2
S 66940538 294 100355 2
S 66951537 294 100361 2
S 66962536 294 100362 2
S 66973536 294 100351 2
S 66984535 294 100353 2
S 66995534 294 100358 2
S 67006534 294 100356 2
S 67017533 294 100358 2
S 67028532 294 100361 2
S 67039532 294 100353 2
S 67050531 294 100358 2
S 67061530 294 100355 2
S 67072530 294 100356 2
S 67083529 294 100360 2
S 67094528 294 100356 2
S 67105528 294 100358 2
S 67116527 294 100358 2
S 67127526 294 100361 2
S 67138525 294 100365 2
S 67149525 294 100359 2
S 67160524 294 100348 2
S 67171523 294 100354 2
S 67182523 294 100358 2
S 67193522 294 100357 2
S 67204521 294 100356 2
S 67215521 294 100360 2
S 67226520 294 100353 2
S 67237519 294 100358 2
S 67248519 294 100356 2
S 67259518 294 100353 2
S 67270517 294 100358 2
S 67281517 294 100356 2
S 67292516 294 100358 2
S 67303515 294 100356 2
S 67314514 294 100358 2
S 67325514 294 100356 2
S 67336513 294 100353 2
S 67347512 294 100354 2
S 67358512 294 100356 2
S 67369511 294 100354 2
S 67380510 294 100360 2
S 67391510 294 100353 2
S 67402509 294 100358 2
S 67413508 294 100361 2
S 67424508 294 100351 2
S 67435507 294 100350 2
S 67446506 294 100357 2
S 67457506 294 100358 2
S 67468505 294 100354 2
S 67479504 294 100356 2
S 67495503 294 100359 2
S 67506502 294 100361 2
S 67517502 294 100360 2
S 67528501 294 100361 2
S 67539500 294 100359 2
S 67550500 294 100354 2
S 67561499 294 100359 2
S 67572498 294 100360 2
S 67583498 294 100359 2
S 67594497 294 100362 2
S 67605496 294 100359 2
S 67616496 294 100362 2
S 67627495 294 100359 2
S 67638494 294 100367 2
S 67649494 294 100365 2
S 67660493 294 100359 2
S 67671492 294 100357 2
S 67682491 294 100356 2
S 67693491 294 100359 2
S 67704490 294 100361 2
S 67715489 294 100364 2
S 67726489 294 100358 2
S 67737488 294 100360 2
S 67748487 294 100359 2
S 67759487 294 100357 2
S 67770486 294 100356 2
S 67781485 294 100359 2
S 67792485 294 100356 2
S 67803484 294 100356 2
S 67814483 294 100360 2
S 67825483 294 100357 2
S 67836482 294 100356 2
S 67847481 294 100355 2
S 67858480 294 100356 2
S 67869480 294 100353 2
S 67880479 294 100357 2
S 67891478 294 100361 2
S 67902478 294 100361 2
S 67913477 294 100360 2
S 67924476 294 100362 2
S 67935476 294 100359 2
S 67946475 294 100362 2
S 67957474 294 100361 2
S 67968474 294 100355 2
S 67979473 294 100361 2
S 67990472 294 100358 2
S 68001472 294 100364 2
S 68012471 294 100362 2
S 68023470 294 100359 2
S 68034469 294 100356 2
S 68045469 294 100366 2
S 68056468 294 100368 2
S 68067467 294 100364 2
S 68078467 294 100359 2
S 68089466 294 100357 2
S 68100465 294 100361 2
S 68111465 294 100364 2
S 68122464 294 100363 2
S 68133463 294 100359 2
S 68144463 294 100364 2
S 68155462 294 100357 2
S 68166461 294 100359 2
S 68177461 294 100364 2
S 68188460 294 100359 2
S 68199459 294 100357 2
S 68210458 294 100361 2
S 68221458 294 100361 2
S 68232457 294 100359 2
S 68243456 294 100364 2
S 68254456 294 100364 2
S 68265455 294 100362 2
S 68276454 294 100363 2
S 68287454 294 100364 2
S 68298453 294 100363 2
S 68309452 294 100368 2
S 68320452 294 100367 2
S 68331451 294 100370 2
S 68342450 294 100367 2
S 68353450 294 100364 2
S 68364449 294 100364 2
S 68375448 294 100363 2
S 68386447 294 100363 2
S 68397447 294 100364 2
S 68408446 294 100362 2
S 68419445 294 100367 2
S 68430445 294 100362 2
S 68441444 294 100364 2
S 68452443 294 100361 2
S 68463443 294 100356 2
S 68474442 294 100356 2
S 68485441 294 100356 2
S 68501440 294 100359 2
S 68512440 294 100356 2
S 68523439 294 100358 2
S 68534438 294 100361 2
S 68545438 294 100357 2
S 68556437 294 100351 2
S 68567436 294 100355 2
S 68578435 294 100356 2
S 68589435 294 100358 2
S 68600434 294 100361 2
S 68611433 294 100360 2
S 68622433 294 100357 2
S 68633432 294 100358 2
S 68644431 294 100358 2
S 68655431 294 100355 2
S 68666430 294 100359 2
S 68677429 294 100358 2
S 68688429 294 100359 2
S 68699428 294 100358 2
S 68710427 294 100350 2
S 68721427 294 100362 2
S 68732426 294 100356 2
S 68743425 294 100361 2
S 68754424 294 100357 2
S 68765424 294 100361 2
S 68776423 294 100359 2
S 68787422 294 100361 2
S 68798422 294 100356 2
S 68809421 294 100360 2
S 68820420 294 100360 2
S 68831420 294 100360 2
S 68842419 294 100356 2
S 68853418 294 100361 2
S 68864418 294 100357 2
S 68875417 294 100361 2
S 68886416 294 100354 2
S 68897416 294 100355 2
S 68908415 294 100354 2
S 68919414 294 100354 2
S 68930413 294 100358 2
S 68941413 294 100359 2
S 68952412 294 100354 2
S 68963411 294 100353 2
S 68974411 294 100356 2
S 68985410 294 100353 2
S 68996409 294 100360 2
S 69007409 294 100359 2
S 69018408 294 100361 2
S 69029407 294 100361 2
S 69040407 294 100358 2
S 69051406 294 100354 2
S 69062405 294 100352 2
S 69073405 294 100355 2
S 69084404 294 100350 2
S 69095403 294 100356 2
S 69106402 294 100354 2
S 69117402 294 100359 2
S 69128401 294 100354 2
S 69139400 294 100356 2
S 69150400 294 100358 2
S 69161399 294 100356 2
S 69172398 294 100354 2
S 69183398 294 100356 2
S 69194397 294 100354 2
S 69205396 294 100349 2
S 69216396 294 100356 2
S 69227395 294 100356 2
S 69238394 294 100353 2
S 69249394 294 100358 2
S 69260393 294 100356 2
S 69271392 294 100360 2
S 69282391 294 100353 2
S 69293391 294 100353 2
S 69304390 294 100351 2
S 69315389 294 100352 2
S 69326389 294 100358 2
S 69337388 294 100359 2
S 69348387 294 100364 2
S 69359387 294 100352 2
S 69370386 294 100360 2
S 69381385 294 100356 2
S 69392385 294 100356 2
S 69403384 294 100354 2
S 69414383 294 100353 2
S 69425383 294 100362 2
S 69436382 294 100352 2
S 69447381 294 100356 2
S 69458380 294 100357 2
S 69469380 294 100361 2
S 69480379 294 100362 2
S 69491378 294 100354 2
S 69507377 294 100361 2
S 69518377 294 100360 2
S 69529376 294 100363 2
S 69540375 294 100366 2
S 69551375 294 100364 2
S 69562374 294 100365 2
S 69573373 294 100364 2
S 69584373 294 100359 2
S 69595372 294 100361 2
S 69606371 294 100368 2
S 69617371 294 100361 2
S 69628370 294 100359 2
S 69639369 294 100360 2
S 69650368 294 100363 2
S 69661368 294 100360 2
S 69672367 294 100364 2
S 69683366 294 100364 2
S 69694366 294 100366 2
S 69705365 294 100369 2
S 69716364 294 100369 2
S 69727364 294 100366 2
S 69738363 294 100368 2
S 69749362 294 100368 2
S 69760362 294 100363 2
S 69771361 294 100364 2
S 69782360 294 100361 2
S 69793360 294 100361 2
S 69804359 294 100366 2
S 69815358 294 100364 2
S 69826357 294 100364 2
S 69837357 294 100360 2
S 69848356 294 100363 2
S 69859355 294 100359 2
S 69870355 294 100360 2
S 69881354 294 100356 2
S 69892353 294 100367 2
S 69903353 294 100360 2
S 69914352 294 100361 2
S 69925351 294 100366 2
S 69936351 294 100363 2
S 69947350 294 100361 2
S 69958349 294 100364 2
S 69969349 294 100364 2
S 69980348 294 100365 2
S 69991347 294 100369 2
S 70002346 294 100366 2
S 70013346 294 100366 2
S 70024345 294 100367 2
S 70035344 294 100367 2
S 70046344 294 100364 2
S 70057343 294 100367 2
S 70068342 294 100364 2
S 70079342 294 100366 2
S 70090341 294 100364 2
S 70101340 294 100364 2
S 70112340 294 100364 2
S 70123339 294 100363 2
S 70134338 294 100367 2
S 70145338 294 100368 2
S 70156337 294 100367 2
S 70167336 294 100366 2
S 70178335 294 100370 2
S 70189335 294 100360 2
S 70200334 294 100370 2
S 70211333 294 100363 2
S 70222333 294 100362 2
S 70233332 294 100363 2
S 70244331 294 100364 2
S 70255331 294 100363 2
S 70266330 294 100361 2
S 70277329 294 100364 2
S 70288329 294 100361 2
S 70299328 294 100366 2
S 70310327 294 100367 2
S 70321327 294 100360 2
S 70332326 294 100362 2
S 70343325 294 100359 2
S 70354324 294 100361 2
S 70365324 294 100363 2
S 70376323 294 100358 2
S 70387322 294 100364 2
S 70398322 294 100359 2
S 70409321 294 100363 2
S 70420320 294 100356 2
S 70431320 294 100359 2
S 70442319 294 100361 2
S 70453318 294 100362 2
S 70464318 294 100357 2
S 70475317 294 100355 2
S 70486316 294 100357 2
S 70497316 294 100356 2
S 70513315 294 100356 2
S 70524314 294 100354 2
S 70535313 294 100348 2
S 70546312 294 100354 2
S 70557312 294 100355 2
S 70568311 294 100352 2
S 70579310 294 100354 2
S 70590310 294 100356 2
S 70601309 294 100350 2
S 70612308 294 100354 2
S 70623308 294 100356 2
S 70634307 294 100353 2
S 70645306 294 100355 2
S 70656306 294 100361 2
S 70667305 294 100354 2
S 70678304 294 100352 2
S 70689304 294 100353 2
S 70700303 294 100355 2
S 70711302 294 100346 2
S 70722301 294 100350 2
S 70733301 294 100353 2
S 70744300 294 100356 2
S 70755299 294 100351 2
S 70766299 294 100350 2
S 70777298 294 100343 2
S 70788297 294 100351 2
S 70799297 294 100350 2
S 70810296 294 100354 2
S 70821295 294 100356 2
S 70832295 294 100356 2
S 70843294 294 100357 2
S 70854293 294 100361 2
S 70865293 294 100356 2
S 70876292 294 100350 2
S 70887291 294 100350 2
S 70898290 294 100352 2
S 70909290 294 100351 2
S 70920289 294 100347 2
S 70931288 294 100353 2
S 70942288 294 100355 2
S 70953287 294 100349 2
S 70964286 294 100353 2
S 70975286 294 100355 2
S 70986285 294 100350 2
S 70997284 294 100353 2
S 71008284 294 100355 2
S 71019283 294 100359 2
S 71030282 294 100357 2
S 71041282 294 100356 2
S 71052281 294 100353 2
S 71063280 294 100360 2
S 71074279 294 100353 2
S 71085279 294 100352 2
S 71096278 294 100352 2
S 71107277 294 100351 2
S 71118277 294 100351 2
S 71129276 294 100353 2
S 71140275 294 100359 2
S 71151275 294 100355 2
S 71162274 294 100355 2
S 71173273 294 100355 2
S 71184273 294 100352 2
S 71195272 294 100358 2
S 71206271 294 100358 2
S 71217271 294 100354 2
S 71228270 294 100353 2
S 71239269 294 100355 2
S 71250268 294 100351 2
S 71261268 294 100348 2
S 71272267 294 100356 2
S 71283266 294 100353 2
S 71294266 294 100353 2
S 71305265 294 100353 2
S 71316264 294 100353 2
S 71327264 294 100352 2
S 71338263 294 100352 2
S 71349262 294 100352 2
S 71360262 294 100351 2
S 71371261 294 100353 2
S 71382260 294 100350 2
S 71393260 294 100350 2
S 71404259 294 100349 2
S 71415258 294 100350 2
S 71426257 294 100353 2
S 71437257 294 100350 2
S 71448256 294 100350 2
S 71459255 294 100355 2
S 71470255 294 100353 2
S 71481254 294 100357 2
S 71492253 294 100361 2
S 71503253 294 100357 2
S 71519252 294 100364 2
S 71530251 294 100365 2
S 71541250 294 100364 2
S 71552250 294 100369 2
S 71563249 294 100364 2
S 71574248 294 100363 2
S 71585248 294 100359 2
S 71596247 294 100364 2
S 71607246 294 100362 2
S 71618245 294 100367 2
S 71629245 294 100364 2
S 71640244 294 100366 2
S 71651243 294 100368 2
S 71662243 294 100364 2
S 71673242 294 100361 2
S 71684241 294 100363 2
S 71695241 294 100364 2
S 71706240 294 100365 2
S 71717239 294 100362 2
S 71728239 294 100364 2
S 71739238 294 100364 2
S 71750237 294 100364 2
S 71761237 294 100368 2
S 71772236 294 100364 2
S 71783235 294 100359 2
S 71794234 294 100364 2
S 71805234 294 100359 2
S 71816233 294 100362 2
S 71827232 294 100366 2
S 71838232 294 100360 2
S 71849231 294 100359 2
S 71860230 294 100359 2
S 71871230 294 100358 2
S 71882229 294 100359 2
S 71893228 294 100359 2
S 71904228 294 100362 2
S 71915227 294 100362 2
S 71926226 294 100364 2
S 71937226 294 100359 2
S 71948225 294 100367 2
S 71959224 294 100361 2
S 71970223 294 100360 2
S 71981223 294 100360 2
S 71992222 294 100365 2
S 72003221 294 100359 2
S 72014221 294 100362 2
S 72025220 294 100359 2
S 72036219 294 100363 2
S 72047219 294 100363 2
S 72058218 294 100362 2
S 72069217 294 100358 2
S 72080217 294 100361 2
S 72091216 294 100366 2
S 72102215 294 100361 2
S 72113215 294 100361 2
S 72124214 294 100362 2
S 72135213 294 100367 2
S 72146212 294 100363 2
S 72157212 294 100361 2
S 72168211 294 100363 2
S 72179210 294 100356 2
S 72190210 294 100363 2
S 72201209 294 100358 2
S 72212208 294 100362 2
S 72223208 294 100360 2
S 72234207 294 100364 2
S 72245206 294 100358 2
S 72256206 294 100361 2
S 72267205 294 100361 2
S 72278204 294 100359 2
S 72289204 294 100361 2
S 72300203 294 100361 2
S 72311202 294 100359 2
S 72322201 294 100362 2
S 72333201 294 100361 2
S 72344200 294 100361 2
S 72355199 294 100361 2
S 72366199 294 100364 2
S 72377198 294 100364 2
S 72388197 294 100361 2
S 72399197 294 100361 2
S 72410196 294 100366 2
S 72421195 294 100365 2
S 72432195 294 100361 2
S 72443194 294 100361 2
S 72454193 294 100364 2
S 72465193 294 100361 2
S 72476192 294 100361 2
S 72487191 294 100363 2
S 72498190 294 100361 2
S 72509190 294 100356 2
S 72525189 294 100364 2
S 72536188 294 100368 2
S 72547187 294 100367 2
S 72558187 294 100356 2
S 72569186 294 100362 2
S 72580185 294 100361 2
S 72591185 294 100361 2
S 72602184 294 100361 2
S 72613183 294 100364 2
S 72624183 294 100362 2
S 72635182 294 100360 2
S 72646181 294 100360 2
S 72657181 294 100364 2
S 72668180 294 100364 2
S 72679179 294 100359 2
S 72690178 294 100361 2
S 72701178 294 100356 2
S 72712177 294 100358 2
S 72723176 294 100351 2
S 72734176 294 100356 2
S 72745175 294 100360 2
S 72756174 294 100355 2
S 72767174 294 100360 2
S 72778173 294 100364 2
S 72789172 294 100360 2
S 72800172 294 100361 2
S 72811171 294 100359 2
S 72822170 294 100355 2
S 72833170 294 100359 2
S 72844169 294 100356 2
S 72855168 294 100363 2
S 72866167 294 100358 2
S 72877167 294 100361 2
S 72888166 294 100365 2
S 72899165 294 100360 2
S 72910165 294 100357 2
S 72921164 294 100353 2
S 72932163 294 100364 2
S 72943163 294 100362 2
S 72954162 294 100353 2
S 72965161 294 100357 2
S 72976161 294 100357 2
S 72987160 294 100359 2
S 72998159 294 100363 2
S 73009159 294 100358 2
S 73020158 294 100359 2
S 73031157 294 100355 2
S 73042156 294 100357 2
S 73053156 294 100359 2
S 73064155 294 100359 2
S 73075154 294 100350 2
S 73086154 294 100353 2
S 73097153 294 100363 2
S 73108152 294 100355 2
S 73119152 294 100362 2
S 73130151 294 100363 2
S 73141150 294 100358 2
S 73152150 294 100359 2
S 73163149 294 100359 2
S 73174148 294 100353 2
S 73185148 294 100358 2
S 73196147 294 100359 2
S 73207146 294 100360 2
S 73218145 294 100359 2
S 73229145 294 100351 2
S 73240144 294 100352 2
S 73251143 294 100350 2
S 73262143 294 100355 2
S 73273142 294 100355 2
S 73284141 294 100354 2
S 73295141 294 100353 2
S 73306140 294 100356 2
S 73317139 294 100354 2
S 73328139 294 100356 2
S 73339138 294 100356 2
S 73350137 294 100349 2
S 73361137 294 100356 2
S 73372136 294 100350 2
S 73383135 294 100353 2
S 73394134 294 100356 2
S 73405134 294 100359 2
S 73416133 294 100363 2
S 73427132 294 100356 2
S 73438132 294 100360 2
S 73449131 294 100351 2
S 73460130 294 100357 2
S 73471130 294 100355 2
S 73482129 294 100358 2
S 73493128 294 100359 2
S 73504128 294 100356 2
S 73515127 294 100354 2
S 73531126 294 100359 2
S 73542125 294 100354 2
S 73553125 294 100357 2
S 73564124 294 100356 2
S 73575123 294 100358 2
S 73586122 294 100358 2
S 73597122 294 100361 2
S 73608121 294 100359 2
S 73619120 294 100359 2
S 73630120 294 100360 2
S 73641119 294 100361 2
S 73652118 294 100360 2
S 73663118 294 100361 2
S 73674117 294 100362 2
S 73685116 294 100359 2
S 73696116 294 100356 2
S 73707115 294 100359 2
S 73718114 294 100357 2
S 73729114 294 100356 2
S 73740113 294 100356 2
S 73751112 294 100351 2
S 73762111 294 100351 2
S 73773111 294 100351 2
S 73784110 294 100350 2
S 73795109 294 100355 2
S 73806109 294 100358 2
S 73817108 294 100360 2
S 73828107 294 100358 2
S 73839107 294 100362 2
S 73850106 294 100359 2
S 73861105 294 100361 2
S 73872105 294 100355 2
S 73883104 294 100358 2
S 73894103 294 100359 2
S 73905103 294 100361 2
S 73916102 294 100356 2
S 73927101 294 100361 2
S 73938100 294 100356 2
S 73949100 294 100354 2
S 73960099 294 100355 2
S 73971098 294 100361 2
S 73982098 294 100364 2
S 73993097 294 100364 2
S 74004096 294 100360 2
S 74015096 294 100364 2
S 74026095 294 100364 2
S 74037094 294 100362 2
S 74048094 294 100361 2
S 74059093 294 100358 2
S 74070092 294 100356 2
S 74081092 294 100361 2
S 74092091 294 100353 2
S 74103090 294 100357 2
S 74114089 294 100359 2
S 74125089 294 100357 2
S 74136088 294 100356 2
S 74147087 294 100360 2
S 74158087 294 100363 2
S 74169086 294 100357 2
S 74180085 294 100360 2
S 74191085 294 100359 2
S 74202084 294 100359 2
S 74213083 294 100362 2
S 74224083 294 100363 2
S 74235082 294 100359 2
S 74246081 294 100359 2
S 74257081 294 100359 2
S 74268080 294 100358 2
S 74279079 294 100356 2
S 74290078 294 100359 2
S 74301078 294 100357 2
S 74312077 294 100362 2
S 74323076 294 100359 2
S 74334076 294 100360 2
S 74345075 294 100361 2
S 74356074 294 100361 2
S 74367074 294 100364 2
S 74378073 294 100364 2
S 74389072 294 100362 2
S 74400072 294 100364 2
S 74411071 294 100364 2
S 74422070 294 100358 2
S 74433070 294 100356 2
S 74444069 294 100358 2
S 74455068 294 100362 2
S 74466067 294 100360 2
S 74477067 294 100363 2
S 74488066 294 100362 2
S 74499065 294 100362 2
S 74510065 294 100359 2
S 74521064 294 100359 2
S 74537063 294 100361 2
S 74548062 294 100362 2
S 74559062 294 100367 2
S 74570061 294 100366 2
S 74581060 294 100361 2
S 74592060 294 100361 2
S 74603059 294 100361 2
S 74614058 294 100361 2
S 74625058 294 100359 2
S 74636057 294 100358 2
S 74647056 294 100356 2
S 74658055 294 100361 2
S 74669055 294 100361 2
S 74680054 294 100359 2
S 74691053 294 100357 2
S 74702053 294 100358 2
S 74713052 294 100361 2
S 74724051 294 100360 2
S 74735051 294 100359 2
S 74746050 294 100359 2
S 74757049 294 100361 2
S 74768049 294 100357 2
S 74779048 294 100357 2
S 74790047 294 100360 2
S 74801047 294 100364 2
S 74812046 294 100359 2
S 74823045 294 100369 2
S 74834044 294 100361 2
S 74845044 294 100362 2
S 74856043 294 100361 2
S 74867042 294 100362 2
S 74878042 294 100362 2
S 74889041 294 100367 2
S 74900040 294 100364 2
S 74911040 294 100358 2
S 74922039 294 100363 2
S 74933038 294 100359 2
S 74944038 294 100359 2
S 74955037 294 100362 2
S 74966036 294 100360 2
S 74977036 294 100361 2
S 74988035 294 100356 2
S 74999034 294 100370 2
S 75010033 294 100364 2
S 75021033 294 100360 2
S 75032032 294 100361 2
S 75043031 294 100364 2
S 75054031 294 100361 2
S 75065030 294 100360 2
S 75076029 294 100361 2
S 75087029 294 100363 2
S 75098028 294 100360 2
S 75109027 294 100359 2
S 75120027 294 100359 2
S 75131026 294 100361 2
S 75142025 294 100359 2
S 75153025 294 100366 2
S 75164024 294 100362 2
S 75175023 294 100362 2
S 75186022 294 100363 2
S 75197022 294 100359 2
S 75208021 294 100358 2
S 75219020 294 100361 2
S 75230020 294 100363 2
S 75241019 294 100359 2
S 75252018 294 100358 2
S 75263018 294 100361 2
S 75274017 294 100359 2
S 75285016 294 100361 2
S 75296016 294 100362 2
S 75307015 294 100361 2
S 75318014 294 100359 2
S 75329014 294 100361 2
S 75340013 294 100363 2
S 75351012 294 100367 2
S 75362011 294 100356 2
S 75373011 294 100363 2
S 75384010 294 100359 2
S 75395009 294 100363 2
S 75406009 294 100365 2
S 75417008 294 100357 2
S 75428007 294 100356 2
S 75439007 294 100365 2
S 75450006 294 100369 2
S 75461005 294 100370 2
S 75472005 294 100364 2
S 75483004 294 100367 2
S 75494003 294 100369 2
S 75505003 294 100367 2
S 75516002 294 100364 2
S 75527001 294 100361 2
S 75543000 294 100367 2
S 75553999 294 100368 2
S 75564999 294 100369 2
S 75575998 294 100363 2
S 75586997 294 100367 2
S 75597997 294 100366 2
S 75608996 294 100369 2
S 75619995 294 100368 2
S 75630995 294 100371 2
S 75641994 294 100372 2
S 75652993 294 100365 2
S 75663993 294 100359 2
S 75674992 294 100361 2
S 75685991 294 100369 2
S 75696991 294 100371 2
S 75707990 294 100366 2
S 75718989 294 100363 2
S 75729988 294 100363 2
S 75740988 294 100363 2
S 75751987 294 100360 2
S 75762986 294 100359 2
S 75773986 294 100362 2
S 75784985 294 100367 2
S 75795984 294 100363 2
S 75806984 294 100365 2
S 75817983 294 100361 2
S 75828982 294 100367 2
S 75839982 294 100370 2
S 75850981 294 100370 2
S 75861980 294 100366 2
S 75872980 294 100363 2
S 75883979 294 100363 2
S 75894978 294 100362 2
S 75905977 294 100356 2
S 75916977 294 100364 2
S 75927976 294 100361 2
S 75938975 294 100367 2
S 75949975 294 100359 2
S 75960974 294 100360 2
S 75971973 294 100360 2
S 75982973 294 100364 2
S 75993972 294 100362 2
S 76004971 294 100367 2
S 76015971 294 100361 2
S 76026970 294 100365 2
S 76037969 294 100357 2
S 76048969 294 100360 2
S 76059968 294 100364 2
S 76070967 294 100360 2
S 76081966 294 100359 2
S 76092966 294 100356 2
S 76103965 294 100357 2
S 76114964 294 100360 2
S 76125964 294 100361 2
S 76136963 294 100361 2
S 76147962 294 100356 2
S 76158962 294 100353 2
S 76169961 294 100356 2
S 76180960 294 100356 2
S 76191960 294 100358 2
S 76202959 294 100362 2
S 76213958 294 100353 2
S 76224958 294 100354 2
S 76235957 294 100361 2
S 76246956 294 100359 2
S 76257955 294 100356 2
S 76268955 294 100363 2
S 76279954 294 100362 2
S 76290953 294 100365 2
S 76301953 294 100363 2
S 76312952 294 100364 2
S 76323951 294 100361 2
S 76334951 294 100357 2
S 76345950 294 100359 2
S 76356949 294 100359 2
S 76367949 294 100364 2
S 76378948 294 100361 2
S 76389947 294 100363 2
S 76400947 294 100359 2
S 76411946 294 100361 2
S 76422945 294 100361 2
S 76433944 294 100361 2
S 76444944 294 100361 2
S 76455943 294 100356 2
S 76466942 294 100355 2
S 76477942 294 100360 2
S 76488941 294 100363 2
S 76499940 294 100355 2
S 76510940 294 100361 2
S 76521939 294 100359 2
S 76532938 294 100356 2
S 76548937 294 100354 2
S 76559937 294 100357 2
S 76570936 294 100358 2
S 76581935 294 100349 2
S 76592935 294 100349 2
S 76603934 294 100348 2
S 76614933 294 100354 2
S 76625932 294 100353 2
S 76636932 294 100350 2
S 76647931 294 100353 2
S 76658930 294 100356 2
S 76669930 294 100351 2
S 76680929 294 100350 2
S 76691928 294 100351 2
S 76702928 294 100350 2
S 76713927 294 100350 2
S 76724926 294 100350 2
S 76735926 294 100351 2
S 76746925 294 100351 2
S 76757924 294 100354 2
S 76768924 294 100353 2
S 76779923 294 100353 2
S 76790922 294 100352 2
S 76801921 294 100356 2
S 76812921 294 100353 2
S 76823920 294 100354 2
S 76834919 294 100350 2
S 76845919 294 100356 2
S 76856918 294 100350 2
S 76867917 294 100353 2
S 76878917 294 100356 2
S 76889916 294 100354 2
S 76900915 294 100352 2
S 76911915 294 100353 2
S 76922914 294 100352 2
S 76933913 294 100352 2
S 76944913 294 100353 2
S 76955912 294 100350 2
S 76966911 294 100354 2
S 76977910 294 100354 2
S 76988910 294 100357 2
S 76999909 294 100355 2
S 77010908 294 100358 2
S 77021908 294 100355 2
S 77032907 294 100358 2
S 77043906 294 100353 2
S 77054906 294 100353 2
S 77065905 294 100353 2
S 77076904 294 100356 2
S 77087904 294 100356 2
S 77098903 294 100357 2
S 77109902 294 100353 2
S 77120902 294 100353 2
S 77131901 294 100356 2
S 77142900 294 100354 2
S 77153899 294 100350 2
S 77164899 294 100358 2
S 77175898 294 100356 2
S 77186897 294 100353 2
S 77197897 294 100350 2
S 77208896 294 100353 2
S 77219895 294 100351 2
S 77230895 294 100352 2
S 77241894 294 100353 2
S 77252893 294 100350 2
S 77263893 294 100351 2
S 77274892 294 100352 2
S 77285891 294 100355 2
S 77296891 294 100351 2
S 77307890 294 100353 2
S 77318889 294 100355 2
S 77329888 294 100354 2
S 77340888 294 100356 2
S 77351887 294 100347 2
S 77362886 294 100354 2
S 77373886 294 100349 2
S 77384885 294 100350 2
S 77395884 294 100350 2
S 77406884 294 100353 2
S 77417883 294 100352 2
S 77428882 294 100356 2
S 77439882 294 100356 2
S 77450881 294 100348 2
S 77461880 294 100353 2
S 77472880 294 100350 2
S 77483879 294 100351 2
S 77494878 294 100349 2
S 77505877 294 100350 2
S 77516877 294 100353 2
S 77527876 294 100354 2
S 77538875 294 100352 2
S 77554874 294 100361 2
S 77565874 294 100359 2
S 77576873 294 100361 2
S 77587872 294 100359 2
S 77598872 294 100355 2
S 77609871 294 100359 2
S 77620870 294 100356 2
S 77631870 294 100356 2
S 77642869 294 100359 2
S 77653868 294 100361 2
S 77664868 294 100360 2
S 77675867 294 100362 2
S 77686866 294 100359 2
S 77697865 294 100361 2
S 77708865 294 100361 2
S 77719864 294 100359 2
S 77730863 294 100362 2
S 77741863 294 100361 2
S 77752862 294 100359 2
S 77763861 294 100358 2
S 77774861 294 100356 2
S 77785860 294 100361 2
S 77796859 294 100364 2
S 77807859 294 100358 2
S 77818858 294 100363 2
S 77829857 294 100356 2
S 77840857 294 100359 2
S 77851856 294 100359 2
S 77862855 294 100359 2
S 77873854 294 100361 2
S 77884854 294 100357 2
S 77895853 294 100361 2
S 77906852 294 100360 2
S 77917852 294 100359 2
S 77928851 294 100358 2
S 77939850 294 100358 2
S 77950850 294 100356 2
S 77961849 294 100362 2
S 77972848 294 100355 2
S 77983848 294 100357 2
S 77994847 294 100358 2
S 78005846 294 100359 2
S 78016846 294 100361 2
S 78027845 294 100357 2
S 78038844 294 100359 2
S 78049843 294 100358 2
S 78060843 294 100361 2
S 78071842 294 100356 2
S 78082841 294 100364 2
S 78093841 294 100362 2
S 78104840 294 100362 2
S 78115839 294 100368 2
S 78126839 294 100363 2
S 78137838 294 100361 2
S 78148837 294 100365 2
S 78159837 294 100359 2
S 78170836 294 100361 2
S 78181835 294 100362 2
S 78192835 294 100359 2
S 78203834 294 100362 2
S 78214833 294 100356 2
S 78225832 294 100359 2
S 78236832 294 100356 2
S 78247831 294 100361 2
S 78258830 294 100359 2
S 78269830 294 100358 2
S 78280829 294 100359 2
S 78291828 294 100360 2
S 78302828 294 100359 2
S 78313827 294 100361 2
S 78324826 294 100359 2
S 78335826 294 100361 2
S 78346825 294 100356 2
S 78357824 294 100359 2
S 78368824 294 100356 2
S 78379823 294 100352 2
S 78390822 294 100358 2
S 78401821 294 100362 2
S 78412821 294 100364 2
S 78423820 294 100365 2
S 78434819 294 100363 2
S 78445819 294 100361 2
S 78456818 294 100353 2
S 78467817 294 100355 2
S 78478817 294 100358 2
S 78489816 294 100358 2
S 78500815 294 100357 2
S 78511815 294 100353 2
S 78522814 294 100353 2
S 78533813 294 100351 2
S 78544813 294 100356 2
S 78560812 294 100353 2
S 78571811 294 100354 2
S 78582810 294 100350 2
S 78593809 294 100355 2
S 78604809 294 100353 2
S 78615808 294 100359 2
S 78626807 294 100356 2
S 78637807 294 100355 2
S 78648806 294 100359 2
S 78659805 294 100359 2
S 78670805 294 100359 2
S 78681804 294 100356 2
S 78692803 294 100355 2
S 78703803 294 100353 2
S 78714802 294 100358 2
S 78725801 294 100356 2
S 78736801 294 100355 2
S 78747800 294 100356 2
S 78758799 294 100354 2
S 78769798 294 100356 2
S 78780798 294 100356 2
S 78791797 294 100353 2
S 78802796 294 100356 2
S 78813796 294 100356 2
S 78824795 294 100356 2
S 78835794 294 100359 2
S 78846794 294 100359 2
S 78857793 294 100355 2
S 78868792 294 100360 2
S 78879792 294 100359 2
S 78890791 294 100355 2
S 78901790 294 100356 2
S 78912790 294 100356 2
S 78923789 294 100355 2
S 78934788 294 100357 2
S 78945787 294 100357 2
S 78956787 294 100356 2
S 78967786 294 100354 2
S 78978785 294 100353 2
S 78989785 294 100354 2
S 79000785 294 100355 2
S 79011783 294 100354 2
S 79022783 294 100355 2
S 79033782 294 100357 2
S 79044781 294 100358 2
S 79055781 294 100354 2
S 79066780 294 100356 2
S 79077779 294 100353 2
S 79088779 294 100351 2
S 79099778 294 100353 2
S 79110777 294 100350 2
S 79121776 294 100353 2
S 79132776 294 100355 2
S 79143775 294 100356 2
S 79154774 294 100354 2
S 79165774 294 100353 2
S 79176773 294 100354 2
S 79187772 294 100359 2
S 79198772 294 100355 2
S 79209771 294 100359 2
S 79220770 294 100361 2
S 79231770 294 100361 2
S 79242769 294 100351 2
S 79253768 294 100351 2
S 79264768 294 100352 2
S 79275767 294 100357 2
S 79286766 294 100349 2
S 79297765 294 100351 2
S 79308765 294 100355 2
S 79319764 294 100355 2
S 79330763 294 100356 2
S 79341763 294 100356 2
S 79352762 294 100353 2
S 79363761 294 100356 2
S 79374761 294 100356 2
S 79385760 294 100354 2
S 79396759 294 100357 2
S 79407759 294 100358 2
S 79418758 294 100358 2
S 79429757 294 100361 2
S 79440757 294 100359 2
S 79451756 294 100360 2
S 79462755 294 100360 2
S 79473754 294 100359 2
S 79484754 294 100353 2
S 79495753 294 100357 2
S 79506752 294 100356 2
S 79517752 294 100353 2
S 79528751 294 100357 2
S 79539750 294 100356 2
S 79550750 294 100356 2
S 79566749 294 100360 2
S 79577748 294 100359 2
S 79588747 294 100353 2
S 79599747 294 100353 2
S 79610746 294 100356 2
S 79621745 294 100353 2
S 79632745 294 100353 2
S 79643744 294 100359 2
S 79654743 294 100358 2
S 79665742 294 100356 2
S 79676742 294 100360 2
S 79687741 294 100356 2
S 79698740 294 100356 2
S 79709740 294 100354 2
S 79720739 294 100357 2
S 79731738 294 100356 2
S 79742738 294 100354 2
S 79753737 294 100353 2
S 79764736 294 100354 2
S 79775736 294 100354 2
S 79786735 294 100356 2
S 79797734 294 100359 2
S 79808734 294 100356 2
S 79819733 294 100351 2
S 79830732 294 100359 2
S 79841731 294 100356 2
S 79852731 294 100355 2
S 79863730 294 100354 2
S 79874729 294 100356 2
S 79885729 294 100356 2
S 79896728 294 100359 2
S 79907727 294 100353 2
S 79918727 294 100358 2
S 79929726 294 100350 2
S 79940725 294 100352 2
S 79951725 294 100356 2
S 79962724 294 100358 2
S 79973723 294 100353 2
S 79984723 294 100354 2
S 79995722 294 100353 2
S 80006721 294 100353 2
S 80017720 294 100355 2
S 80028720 294 100356 2
S 80039719 294 100355 2
S 80050718 294 100355 2
S 80061718 294 100356 2
S 80072717 294 100361 2
S 80083716 294 100356 2
S 80094716 294 100359 2
S 80105715 294 100359 2
S 80116714 294 100357 2
S 80127714 294 100359 2
S 80138713 294 100359 2
S 80149712 294 100358 2
S 80160712 294 100357 2
S 80171711 294 100354 2
S 80182710 294 100356 2
S 80193709 294 100354 2
S 80204709 294 100358 2
S 80215708 294 100358 2
S 80226707 294 100357 2
S 80237707 294 100353 2
S 80248706 294 100353 2
S 80259705 294 100359 2
S 80270705 294 100358 2
S 80281704 294 100361 2
S 80292703 294 100354 2
S 80303703 294 100354 2
S 80314702 294 100356 2
S 80325701 294 100357 2
S 80336701 294 100350 2
S 80347700 294 100354 2
S 80358699 294 100356 2
S 80369698 294 100352 2
S 80380698 294 100353 2
S 80391697 294 100353 2
S 80402696 294 100356 2
S 80413696 294 100355 2
S 80424695 294 100356 2
S 80435694 294 100358 2
S 80446694 294 100356 2
S 80457693 294 100355 2
S 80468692 294 100356 2
S 80479692 294 100353 2
S 80490691 294 100358 2
S 80501690 294 100359 2
S 80512690 294 100357 2
S 80523689 294 100354 2
S 80534688 294 100353 2
S 80545687 294 100357 2
S 80556687 294 100356 2
S 80572686 294 100355 2
S 80583685 294 100361 2
S 80594684 294 100354 2
S 80605684 294 100356 2
S 80616683 294 100355 2
S 80627682 294 100358 2
S 80638682 294 100354 2
S 80649681 294 100362 2
S 80660680 294 100358 2
S 80671680 294 100356 2
S 80682679 294 100353 2
S 80693678 294 100358 2
S 80704678 294 100359 2
S 80715677 294 100356 2
S 80726676 294 100354 2
S 80737675 294 100358 2
S 80748675 294 100357 2
S 80759674 294 100356 2
S 80770673 294 100353 2
S 80781673 294 100353 2
S 80792672 294 100353 2
S 80803671 294 100352 2
S 80814671 294 100359 2
S 80825670 294 100359 2
S 80836669 294 100357 2
S 80847669 294 100352 2
S 80858668 294 100351 2
S 80869667 294 100356 2
S 80880667 294 100354 2
S 80891666 294 100353 2
S 80902665 294 100353 2
S 80913664 294 100358 2
S 80924664 294 100355 2
S 80935663 294 100355 2
S 80946662 294 100353 2
S 80957662 294 100355 2
S 80968661 294 100356 2
S 80979660 294 100353 2
S 80990660 294 100353 2
S 81001660 294 100354 2
S 81012658 294 100351 2
S 81023658 294 100354 2
S 81034657 294 100357 2
S 81045656 294 100357 2
S 81056656 294 100360 2
S 81067655 294 100354 2
S 81078654 294 100356 2
S 81089653 294 100360 2
S 81100653 294 100354 2
S 81111652 294 100356 2
S 81122651 294 100356 2
S 81133651 294 100359 2
S 81144650 294 100359 2
S 81155649 294 100356 2
S 81166649 294 100348 2
S 81177648 294 100354 2
S 81188647 294 100358 2
S 81199647 294 100358 2
S 81210646 294 100355 2
S 81221645 294 100355 2
S 81232645 294 100359 2
S 81243644 294 100354 2
S 81254643 294 100354 2
S 81265642 294 100359 2
S 81276642 294 100359 2
S 81287641 294 100359 2
S 81298640 294 100359 2
S 81309640 294 100359 2
S 81320639 294 100358 2
S 81331638 294 100354 2
S 81342638 294 100356 2
S 81353637 294 100358 2
S 81364636 294 100359 2
S 81375636 294 100355 2
S 81386635 294 100361 2
S 81397634 294 100358 2
S 81408634 294 100355 2
S 81419633 294 100361 2
S 81430632 294 100355 2
S 81441631 294 100361 2
S 81452631 294 100357 2
S 81463630 294 100359 2
S 81474629 294 100359 2
S 81485629 294 100359 2
S 81496628 294 100358 2
S 81507627 294 100355 2
S 81518627 294 100359 2
S 81529626 294 100357 2
S 81540625 294 100355 2
S 81551625 294 100356 2
S 81562624 294 100356 2
S 81578623 294 100360 2
S 81589622 294 100356 2
S 81600622 294 100359 2
S 81611621 294 100357 2
S 81622620 294 100363 2
S 81633619 294 100360 2
S 81644619 294 100353 2
S 81655618 294 100355 2
S 81666617 294 100353 2
S 81677617 294 100355 2
S 81688616 294 100355 2
S 81699615 294 100356 2
S 81710615 294 100354 2
S 81721614 294 100353 2
S 81732613 294 100356 2
S 81743613 294 100354 2
S 81754612 294 100352 2
S 81765611 294 100356 2
S 81776611 294 100355 2
S 81787610 294 100352 2
S 81798609 294 100352 2
S 81809608 294 100352 2
S 81820608 294 100356 2
S 81831607 294 100358 2
S 81842606 294 100359 2
S 81853606 294 100360 2
S 81864605 294 100356 2
S 81875604 294 100351 2
S 81886604 294 100362 2
S 81897603 294 100353 2
S 81908602 294 100355 2
S 81919602 294 100351 2
S 81930601 294 100352 2
S 81941600 294 100354 2
S 81952600 294 100360 2
S 81963599 294 100357 2
S 81974598 294 100359 2
S 81985597 294 100357 2
S 81996597 294 100359 2
S 82007596 294 100362 2
S 82018595 294 100363 2
S 82029595 294 100362 2
S 82040594 294 100359 2
S 82051593 294 100365 2
S 82062593 294 100360 2
S 82073592 294 100357 2
S 82084591 294 100357 2
S 82095591 294 100358 2
S 82106590 294 100358 2
S 82117589 294 100362 2
S 82128589 294 100362 2
S 82139588 294 100361 2
S 82150587 294 100364 2
S 82161586 294 100363 2
S 82172586 294 100355 2
S 82183585 294 100360 2
S 82194584 294 100354 2
S 82205584 294 100356 2
S 82216583 294 100356 2
S 82227582 294 100352 2
S 82238582 294 100354 2
S 82249581 294 100359 2
S 82260580 294 100358 2
S 82271580 294 100356 2
S 82282579 294 100355 2
S 82293578 294 100357 2
S 82304578 294 100355 2
S 82315577 294 100357 2
S 82326576 294 100356 2
S 82337575 294 100359 2
S 82348575 294 100357 2
S 82359574 294 100354 2
S 82370573 294 100360 2
S 82381573 294 100359 2
S 82392572 294 100361 2
S 82403571 294 100359 2
S 82414571 294 100361 2
S 82425570 294 100359 2
S 82436569 294 100358 2
S 82447569 294 100363 2
S 82458568 294 100358 2
S 82469567 294 100362 2
S 82480567 294 100359 2
S 82491566 294 100359 2
S 82502565 294 100358 2
S 82513564 294 100354 2
S 82524564 294 100362 2
S 82535563 294 100362 2
S 82546562 294 100367 2
S 82557562 294 100364 2
S 82568561 294 100361 2
S 82584560 294 100367 2
S 82595559 294 100367 2
S 82606559 294 100365 2
S 82617558 294 100364 2
S 82628557 294 100364 2
S 82639557 294 100361 2
S 82650556 294 100356 2
S 82661555 294 100357 2
S 82672555 294 100356 2
S 82683554 294 100358 2
S 82694553 294 100354 2
S 82705552 294 100361 2
S 82716552 294 100357 2
S 82727551 294 100356 2
S 82738550 294 100352 2
S 82749550 294 100358 2
S 82760549 294 100360 2
S 82771548 294 100365 2
S 82782548 294 100354 2
S 82793547 294 100356 2
S 82804546 294 100349 2
S 82815546 294 100347 2
S 82826545 294 100353 2
S 82837544 294 100357 2
S 82848544 294 100356 2
S 82859543 294 100350 2
S 82870542 294 100355 2
S 82881541 294 100353 2
S 82892541 294 100352 2
S 82903540 294 100353 2
S 82914539 294 100355 2
S 82925539 294 100355 2
S 82936538 294 100359 2
S 82947537 294 100360 2
S 82958537 294 100356 2
S 82969536 294 100359 2
S 82980535 294 100357 2
S 82991535 294 100364 2
S 83002534 294 100356 2
S 83013533 294 100353 2
S 83024533 294 100356 2
S 83035532 294 100359 2
S 83046531 294 100362 2
S 83057530 294 100359 2
S 83068530 294 100358 2
S 83079529 294 100353 2
S 83090528 294 100353 2
S 83101528 294 100354 2
S 83112527 294 100351 2
S 83123526 294 100351 2
S 83134526 294 100348 2
S 83145525 294 100357 2
S 83156524 294 100359 2
S 83167524 294 100357 2
S 83178523 294 100358 2
S 83189522 294 100356 2
S 83200522 294 100354 2
S 83211521 294 100361 2
S 83222520 294 100364 2
S 83233519 294 100357 2
S 83244519 294 100357 2
S 83255518 294 100361 2
S 83266517 294 100356 2
S 83277517 294 100356 2
S 83288516 294 100359 2
S 83299515 294 100361 2
S 83310515 294 100361 2
S 83321514 294 100358 2
S 83332513 294 100356 2
S 83343513 294 100359 2
S 83354512 294 100358 2
S 83365511 294 100356 2
S 83376511 294 100352 2
S 83387510 294 100355 2
S 83398509 294 100351 2
S 83409508 294 100360 2
S 83420508 294 100357 2
S 83431507 294 100360 2
S 83442506 294 100360 2
S 83453506 294 100360 2
S 83464505 294 100358 2
S 83475504 294 100356 2
S 83486504 294 100358 2
S 83497503 294 100353 2
S 83508502 294 100353 2
S 83519502 294 100353 2
S 83530501 294 100353 2
S 83541500 294 100363 2
S 83552500 294 100356 2
S 83563499 294 100353 2
S 83574498 294 100356 2
S 83590497 294 100357 2
S 83601496 294 100356 2
S 83612496 294 100354 2
S 83623495 294 100364 2
S 83634494 294 100359 2
S 83645494 294 100359 2
S 83656493 294 100360 2
S 83667492 294 100362 2
S 83678492 294 100361 2
S 83689491 294 100360 2
S 83700490 294 100361 2
S 83711490 294 100358 2
S 83722489 294 100361 2
S 83733488 294 100352 2
S 83744488 294 100360 2
S 83755487 294 100357 2
S 83766486 294 100361 2
S 83777485 294 100353 2
S 83788485 294 100354 2
S 83799484 294 100360 2
S 83810483 294 100352 2
S 83821483 294 100359 2
S 83832482 294 100357 2
S 83843481 294 100359 2
S 83854481 294 100357 2
S 83865480 294 100359 2
S 83876479 294 100361 2
S 83887479 294 100356 2
S 83898478 294 100359 2
S 83909477 294 100354 2
S 83920477 294 100358 2
S 83931476 294 100358 2
S 83942475 294 100361 2
S 83953474 294 100358 2
S 83964474 294 100360 2
S 83975473 294 100359 2
S 83986472 294 100356 2
S 83997472 294 100352 2
S 84008471 294 100359 2
S 84019470 294 100353 2
S 84030470 294 100358 2
S 84041469 294 100354 2
S 84052468 294 100359 2
S 84063468 294 100358 2
S 84074467 294 100361 2
S 84085466 294 100361 2
S 84096466 294 100356 2
S 84107465 294 100357 2
S 84118464 294 100350 2
S 84129463 294 100356 2
S 84140463 294 100363 2
S 84151462 294 100356 2
S 84162461 294 100356 2
S 84173461 294 100353 2
S 84184460 294 100354 2
S 84195459 294 100361 2
S 84206459 294 100353 2
S 84217458 294 100356 2
S 84228457 294 100352 2
S 84239457 294 100354 2
S 84250456 294 100357 2
S 84261455 294 100359 2
S 84272455 294 100353 2
S 84283454 294 100358 2
S 84294453 294 100356 2
S 84305452 294 100359 2
S 84316452 294 100356 2
S 84327451 294 100356 2
S 84338450 294 100359 2
S 84349450 294 100355 2
S 84360449 294 100360 2
S 84371448 294 100361 2
S 84382448 294 100367 2
S 84393447 294 100357 2
S 84404446 294 100363 2
S 84415446 294 100364 2
S 84426445 294 100356 2
S 84437444 294 100361 2
S 84448444 294 100358 2
S 84459443 294 100358 2
S 84470442 294 100359 2
S 84481441 294 100356 2
S 84492441 294 100359 2
S 84503440 294 100361 2
S 84514439 294 100359 2
S 84525439 294 100359 2
S 84536438 294 100362 2
S 84547437 294 100353 2
S 84558437 294 100354 2
S 84569436 294 100355 2
S 84580435 294 100359 2
S 84596434 294 100359 2
S 84607434 294 100357 2
S 84618433 294 100359 2
S 84629432 294 100359 2
S 84640432 294 100359 2
S 84651431 294 100363 2
S 84662430 294 100364 2
S 84673429 294 100362 2
S 84684429 294 100361 2
S 84695428 294 100362 2
S 84706427 294 100364 2
S 84717427 294 100358 2
S 84728426 294 100359 2
S 84739425 294 100359 2
S 84750425 294 100356 2
S 84761424 294 100360 2
S 84772423 294 100357 2
S 84783423 294 100360 2
S 84794422 294 100356 2
S 84805421 294 100360 2
S 84816421 294 100359 2
S 84827420 294 100357 2
S 84838419 294 100357 2
S 84849418 294 100360 2
S 84860418 294 100358 2
S 84871417 294 100352 2
S 84882416 294 100356 2
S 84893416 294 100356 2
S 84904415 294 100357 2
S 84915414 294 100360 2
S 84926414 294 100359 2
S 84937413 294 100359 2
S 84948412 294 100355 2
S 84959412 294 100358 2
S 84970411 294 100346 2
S 84981410 294 100353 2
S 84992410 294 100354 2
S 85003409 294 100358 2
S 85014408 294 100359 2
S 85025407 294 100354 2
S 85036407 294 100360 2
S 85047406 294 100358 2
S 85058405 294 100361 2
S 85069405 294 100361 2
S 85080404 294 100359 2
S 85091403 294 100356 2
S 85102403 294 100355 2
S 85113402 294 100359 2
S 85124401 294 100359 2
S 85135401 294 100353 2
S 85146400 294 100361 2
S 85157399 294 100358 2
S 85168399 294 100354 2
S 85179398 294 100359 2
S 85190397 294 100356 2
S 85201396 294 100359 2
S 85212396 294 100359 2
S 85223395 294 100356 2
S 85234394 294 100356 2
S 85245394 294 100356 2
S 85256393 294 100356 2
S 85267392 294 100353 2
S 85278392 294 100353 2
S 85289391 294 100353 2
S 85300390 294 100354 2
S 85311390 294 100351 2
S 85322389 294 100349 2
S 85333388 294 100355 2
S 85344388 294 100347 2
S 85355387 294 100353 2
S 85366386 294 100356 2
S 85377385 294 100353 2
S 85388385 294 100356 2
S 85399384 294 100356 2
S 85410383 294 100359 2
S 85421383 294 100351 2
S 85432382 294 100357 2
S 85443381 294 100358 2
S 85454381 294 100357 2
S 85465380 294 100353 2
S 85476379 294 100361 2
S 85487379 294 100361 2
S 85498378 294 100354 2
S 85509377 294 100354 2
S 85520377 294 100357 2
S 85531376 294 100353 2
S 85542375 294 100359 2
S 85553374 294 100358 2
S 85564374 294 100362 2
S 85575373 294 100359 2
S 85586372 294 100355 2
S 85602371 294 100365 2
S 85613371 294 100357 2
S 85624370 294 100367 2
S 85635369 294 100368 2
S 85646369 294 100365 2
S 85657368 294 100359 2
S 85668367 294 100362 2
S 85679367 294 100356 2
S 85690366 294 100361 2
S 85701365 294 100363 2
S 85712365 294 100354 2
S 85723364 294 100363 2
S 85734363 294 100362 2
S 85745362 294 100364 2
S 85756362 294 100362 2
S 85767361 294 100363 2
S 85778360 294 100361 2
S 85789360 294 100369 2
S 85800359 294 100366 2
S 85811358 294 100365 2
S 85822358 294 100364 2
S 85833357 294 100357 2
S 85844356 294 100359 2
S 85855356 294 100360 2
S 85866355 294 100364 2
S 85877354 294 100364 2
S 85888354 294 100361 2
S 85899353 294 100366 2
S 85910352 294 100364 2
S 85921351 294 100365 2
S 85932351 294 100362 2
S 85943350 294 100363 2
S 85954349 294 100367 2
S 85965349 294 100364 2
S 85976348 294 100363 2
S 85987347 294 100361 2
S 85998347 294 100362 2
S 86009346 294 100362 2
S 86020345 294 100353 2
S 86031345 294 100360 2
S 86042344 294 100362 2
S 86053343 294 100364 2
S 86064343 294 100363 2
S 86075342 294 100362 2
S 86086341 294 100357 2
S 86097340 294 100359 2
S 86108340 294 100359 2
S 86119339 294 100354 2
S 86130338 294 100356 2
S 86141338 294 100361 2
S 86152337 294 100359 2
S 86163336 294 100363 2
S 86174336 294 100356 2
S 86185335 294 100359 2
S 86196334 294 100358 2
S 86207334 294 100357 2
S 86218333 294 100359 2
S 86229332 294 100359 2
S 86240332 294 100357 2
S 86251331 294 100356 2
S 86262330 294 100357 2
S 86273329 294 100362 2
S 86284329 294 100354 2
S 86295328 294 100357 2
S 86306327 294 100355 2
S 86317327 294 100359 2
S 86328326 294 100356 2
S 86339325 294 100362 2
S 86350325 294 100364 2
S 86361324 294 100365 2
S 86372323 294 100366 2
S 86383323 294 100362 2
S 86394322 294 100359 2
S 86405321 294 100363 2
S 86416321 294 100356 2
S 86427320 294 100360 2
S 86438319 294 100361 2
S 86449318 294 100361 2
S 86460318 294 100359 2
S 86471317 294 100362 2
S 86482316 294 100360 2
S 86493316 294 100362 2
S 86504315 294 100362 2
S 86515314 294 100359 2
S 86526314 294 100364 2
S 86537313 294 100362 2
S 86548312 294 100362 2
S 86559312 294 100361 2
S 86570311 294 100362 2
S 86581310 294 100362 2
S 86592310 294 100362 2
S 86608309 294 100359 2
S 86619308 294 100357 2
S 86630307 294 100357 2
S 86641306 294 100359 2
S 86652306 294 100359 2
S 86663305 294 100356 2
S 86674304 294 100351 2
S 86685304 294 100353 2
S 86696303 294 100356 2
S 86707302 294 100351 2
S 86718302 294 100355 2
S 86729301 294 100355 2
S 86740300 294 100351 2
S 86751300 294 100356 2
S 86762299 294 100353 2
S 86773298 294 100356 2
S 86784298 294 100351 2
S 86795297 294 100354 2
S 86806296 294 100357 2
S 86817295 294 100353 2
S 86828295 294 100350 2
S 86839294 294 100356 2
S 86850293 294 100356 2
S 86861293 294 100351 2
S 86872292 294 100350 2
S 86883291 294 100355 2
S 86894291 294 100357 2
S 86905290 294 100350 2
S 86916289 294 100355 2
S 86927289 294 100356 2
S 86938288 294 100355 2
S 86949287 294 100356 2
S 86960287 294 100353 2
S 86971286 294 100354 2
S 86982285 294 100352 2
S 86993284 294 100356 2
S 87004284 294 100356 2
S 87015283 294 100356 2
S 87026282 294 100351 2
S 87037282 294 100350 2
S 87048281 294 100356 2
S 87059280 294 100356 2
S 87070280 294 100354 2
S 87081279 294 100352 2
S 87092278 294 100355 2
S 87103278 294 100351 2
S 87114277 294 100352 2
S 87125276 294 100356 2
S 87136276 294 100353 2
S 87147275 294 100355 2
S 87158274 294 100356 2
S 87169273 294 100354 2
S 87180273 294 100357 2
S 87191272 294 100356 2
S 87202271 294 100359 2
S 87213271 294 100351 2
S 87224270 294 100356 2
S 87235269 294 100354 2
S 87246269 294 100352 2
S 87257268 294 100347 2
S 87268267 294 100357 2
S 87279267 294 100356 2
S 87290266 294 100353 2
S 87301265 294 100357 2
S 87312265 294 100356 2
S 87323264 294 100350 2
S 87334263 294 100359 2
S 87345262 294 100355 2
S 87356262 294 100350 2
S 87367261 294 100353 2
S 87378260 294 100353 2
S 87389260 294 100356 2
S 87400259 294 100353 2
S 87411258 294 100351 2
S 87422258 294 100355 2
S 87433257 294 100352 2
S 87444256 294 100354 2
S 87455256 294 100356 2
S 87466255 294 100351 2
S 87477254 294 100353 2
S 87488254 294 100356 2
S 87499253 294 100350 2
S 87510252 294 100355 2
S 87521251 294 100356 2
S 87532251 294 100357 2
S 87543250 294 100353 2
S 87554249 294 100352 2
S 87565249 294 100350 2
S 87576248 294 100352 2
S 87587247 294 100353 2
S 87598247 294 100353 2
S 87614246 294 100356 2
S 87625245 294 100352 2
S 87636244 294 100354 2
S 87647244 294 100351 2
S 87658243 294 100354 2
S 87669242 294 100353 2
S 87680242 294 100348 2
S 87691241 294 100350 2
S 87702240 294 100353 2
S 87713239 294 100356 2
S 87724239 294 100347 2
S 87735238 294 100351 2
S 87746237 294 100350 2
S 87757237 294 100348 2
S 87768236 294 100350 2
S 87779235 294 100347 2
S 87790235 294 100347 2
S 87801234 294 100348 2
S 87812233 294 100350 2
S 87823233 294 100348 2
S 87834232 294 100348 2
S 87845231 294 100349 2
S 87856231 294 100348 2
S 87867230 294 100352 2
S 87878229 294 100347 2
S 87889228 294 100353 2
S 87900228 294 100350 2
S 87911227 294 100349 2
S 87922226 294 100352 2
S 87933226 294 100349 2
S 87944225 294 100356 2
S 87955224 294 100351 2
S 87966224 294 100350 2
S 87977223 294 100353 2
S 87988222 294 100353 2
S 87999222 294 100352 2
S 88010221 294 100354 2
S 88021220 294 100351 2
S 88032220 294 100350 2
S 88043219 294 100350 2
S 88054218 294 100356 2
S 88065217 294 100347 2
S 88076217 294 100351 2
S 88087216 294 100351 2
S 88098215 294 100350 2
S 88109215 294 100351 2
S 88120214 294 100352 2
S 88131213 294 100351 2
S 88142213 294 100348 2
S 88153212 294 100354 2
S 88164211 294 100348 2
S 88175211 294 100349 2
S 88186210 294 100350 2
S 88197209 294 100354 2
S 88208209 294 100351 2
S 88219208 294 100356 2
S 88230207 294 100357 2
S 88241206 294 100353 2
S 88252206 294 100351 2
S 88263205 294 100354 2
S 88274204 294 100353 2
S 88285204 294 100350 2
S 88296203 294 100351 2
S 88307202 294 100353 2
S 88318202 294 100350 2
S 88329201 294 100351 2
S 88340200 294 100352 2
S 88351200 294 100357 2
S 88362199 294 100355 2
S 88373198 294 100353 2
S 88384198 294 100356 2
S 88395197 294 100358 2
S 88406196 294 100354 2
S 88417195 294 100358 2
S 88428195 294 100355 2
S 88439194 294 100356 2
S 88450193 294 100358 2
S 88461193 294 100355 2
S 88472192 294 100351 2
S 88483191 294 100350 2
S 88494191 294 100356 2
S 88505190 294 100353 2
S 88516189 294 100353 2
S 88527189 294 100352 2
S 88538188 294 100353 2
S 88549187 294 100355 2
S 88560187 294 100356 2
S 88571186 294 100356 2
S 88582185 294 100359 2
S 88593184 294 100354 2
S 88604184 294 100356 2
S 88620183 294 100365 2
S 88631182 294 100367 2
S 88642181 294 100369 2
S 88653181 294 100367 2
S 88664180 294 100365 2
S 88675179 294 100367 2
S 88686179 294 100367 2
S 88697178 294 100365 2
S 88708177 294 100363 2
S 88719177 294 100364 2
S 88730176 294 100363 2
S 88741175 294 100363 2
S 88752175 294 100361 2
S 88763174 294 100357 2
S 88774173 294 100359 2
S 88785172 294 100364 2
S 88796172 294 100362 2
S 88807171 294 100364 2
S 88818170 294 100358 2
S 88829170 294 100363 2
S 88840169 294 100364 2
S 88851168 294 100359 2
S 88862168 294 100360 2
S 88873167 294 100364 2
S 88884166 294 100359 2
S 88895166 294 100356 2
S 88906165 294 100360 2
S 88917164 294 100350 2
S 88928164 294 100362 2
S 88939163 294 100362 2
S 88950162 294 100362 2
S 88961161 294 100359 2
S 88972161 294 100362 2
S 88983160 294 100362 2
S 88994159 294 100359 2
S 89005159 294 100359 2
S 89016158 294 100362 2
S 89027157 294 100359 2
S 89038157 294 100359 2
S 89049156 294 100364 2
S 89060155 294 100356 2
S 89071155 294 100362 2
S 89082154 294 100362 2
S 89093153 294 100363 2
S 89104153 294 100362 2
S 89115152 294 100356 2
S 89126151 294 100361 2
S 89137150 294 100357 2
S 89148150 294 100358 2
S 89159149 294 100356 2
S 89170148 294 100362 2
S 89181148 294 100360 2
S 89192147 294 100360 2
S 89203146 294 100356 2
S 89214146 294 100362 2
S 89225145 294 100364 2
S 89236144 294 100363 2
S 89247144 294 100365 2
S 89258143 294 100360 2
S 89269142 294 100363 2
S 89280142 294 100356 2
S 89291141 294 100362 2
S 89302140 294 100362 2
S 89313139 294 100361 2
S 89324139 294 100364 2
S 89335138 294 100364 2
S 89346137 294 100364 2
S 89357137 294 100362 2
S 89368136 294 100366 2
S 89379135 294 100369 2
S 89390135 294 100364 2
S 89401134 294 100363 2
S 89412133 294 100365 2
S 89423133 294 100363 2
S 89434132 294 100359 2
S 89445131 294 100366 2
S 89456131 294 100360 2
S 89467130 294 100362 2
S 89478129 294 100362 2
S 89489128 294 100359 2
S 89500128 294 100362 2
S 89511127 294 100359 2
S 89522126 294 100355 2
S 89533126 294 100360 2
S 89544125 294 100364 2
S 89555124 294 100358 2
S 89566124 294 100359 2
S 89577123 294 100362 2
S 89588122 294 100363 2
S 89599122 294 100359 2
S 89610121 294 100359 2
S 89626120 294 100371 2
S 89637119 294 100368 2
S 89648119 294 100356 2
S 89659118 294 100367 2
S 89670117 294 100362 2
S 89681116 294 100364 2
S 89692116 294 100363 2
S 89703115 294 100364 2
S 89714114 294 100367 2
S 89725114 294 100361 2
S 89736113 294 100362 2
S 89747112 294 100363 2
S 89758112 294 100362 2
S 89769111 294 100362 2
S 89780110 294 100360 2
S 89791110 294 100360 2
S 89802109 294 100358 2
S 89813108 294 100362 2
S 89824108 294 100361 2
S 89835107 294 100362 2
S 89846106 294 100364 2
S 89857105 294 100359 2
S 89868105 294 100361 2
S 89879104 294 100364 2
S 89890103 294 100359 2
S 89901103 294 100358 2
S 89912102 294 100356 2
S 89923101 294 100361 2
S 89934101 294 100360 2
S 89945100 294 100365 2
S 89956099 294 100364 2
S 89967099 294 100364 2
S 89978098 294 100362 2
S 89989097 294 100362 2
S 90000097 294 100362 2
S 90011096 294 100362 2
S 90022095 294 100361 2
S 90033094 294 100360 2
S 90044094 294 100357 2
S 90055093 294 100356 2
S 90066092 294 100358 2
S 90077092 294 100355 2
S 90088091 294 100355 2
S 90099090 294 100358 2
S 90110090 294 100359 2
S 90121089 294 100356 2
S 90132088 294 100359 2
S 90143088 294 100356 2
S 90154087 294 100360 2
S 90165086 294 100359 2
S 90176086 294 100353 2
S 90187085 294 100355 2
S 90198084 294 100357 2
S 90209083 294 100358 2
S 90220083 294 100361 2
S 90231082 294 100359 2
S 90242081 294 100361 2
S 90253081 294 100358 2
S 90264080 294 100356 2
S 90275079 294 100358 2
S 90286079 294 100359 2
S 90297078 294 100358 2
S 90308077 294 100358 2
S 90319077 294 100361 2
S 90330076 294 100360 2
S 90341075 294 100364 2
S 90352075 294 100358 2
S 90363074 294 100362 2
S 90374073 294 100359 2
S 90385072 294 100362 2
S 90396072 294 100364 2
S 90407071 294 100362 2
S 90418070 294 100364 2
S 90429070 294 100359 2
S 90440069 294 100363 2
S 90451068 294 100362 2
S 90462068 294 100362 2
S 90473067 294 100363 2
S 90484066 294 100359 2
S 90495066 294 100362 2
S 90506065 294 100363 2
S 90517064 294 100364 2
S 90528064 294 100364 2
S 90539063 294 100367 2
S 90550062 294 100362 2
S 90561061 294 100365 2
S 90572061 294 100361 2
S 90583060 294 100362 2
S 90594059 294 100362 2
S 90605059 294 100362 2
S 90616058 294 100358 2
S 90632057 294 100362 2
S 90643056 294 100362 2
S 90654056 294 100362 2
S 90665055 294 100360 2
S 90676054 294 100362 2
S 90687054 294 100364 2
S 90698053 294 100362 2
S 90709052 294 100360 2
S 90720052 294 100360 2
S 90731051 294 100362 2
S 90742050 294 100362 2
S 90753049 294 100361 2
S 90764049 294 100364 2
S 90775048 294 100359 2
S 90786047 294 100359 2
S 90797047 294 100362 2
S 90808046 294 100358 2
S 90819045 294 100359 2
S 90830045 294 100357 2
S 90841044 294 100360 2
S 90852043 294 100356 2
S 90863043 294 100359 2
S 90874042 294 100356 2
S 90885041 294 100355 2
S 90896041 294 100359 2
S 90907040 294 100360 2
S 90918039 294 100362 2
S 90929038 294 100359 2
S 90940038 294 100355 2
S 90951037 294 100357 2
S 90962036 294 100350 2
S 90973036 294 100355 2
S 90984035 294 100361 2
S 90995034 294 100359 2
S 91006034 294 100361 2
S 91017033 294 100362 2
S 91028032 294 100358 2
S 91039032 294 100362 2
S 91050031 294 100359 2
S 91061030 294 100356 2
S 91072030 294 100361 2
S 91083029 294 100361 2
S 91094028 294 100361 2
S 91105027 294 100359 2
S 91116027 294 100361 2
S 91127026 294 100357 2
S 91138025 294 100358 2
S 91149025 294 100359 2
S 91160024 294 100355 2
S 91171023 294 100357 2
S 91182023 294 100359 2
S 91193022 294 100356 2
S 91204021 294 100356 2
S 91215021 294 100356 2
S 91226020 294 100359 2
S 91237019 294 100362 2
S 91248019 294 100359 2
S 91259018 294 100360 2
S 91270017 294 100365 2
S 91281016 294 100357 2
S 91292016 294 100361 2
S 91303015 294 100356 2
S 91314014 294 100360 2
S 91325014 294 100363 2
S 91336013 294 100366 2
S 91347012 294 100358 2
S 91358012 294 100362 2
S 91369011 294 100362 2
S 91380010 294 100356 2
S 91391010 294 100359 2
S 91402009 294 100358 2
S 91413008 294 100357 2
S 91424008 294 100361 2
S 91435007 294 100362 2
S 91446006 294 100358 2
S 91457005 294 100360 2
S 91468005 294 100360 2
S 91479004 294 100362 2
S 91490003 294 100359 2
S 91501003 294 100353 2
S 91512002 294 100362 2
S 91523001 294 100364 2
S 91534001 294 100362 2
S 91545000 294 100365 2
S 91555999 294 100366 2
S 91566999 294 100364 2
S 91577998 294 100359 2
S 91588997 294 100364 2
S 91599997 294 100364 2
S 91610996 294 100360 2
S 91621995 294 100363 2
S 91637994 294 100356 2
S 91648993 294 100356 2
S 91659993 294 100353 2
S 91670992 294 100351 2
S 91681991 294 100353 2
S 91692991 294 100351 2
S 91703990 294 100353 2
S 91714989 294 100352 2
S 91725989 294 100359 2
S 91736988 294 100351 2
S 91747987 294 100350 2
S 91758987 294 100350 2
S 91769986 294 100355 2
S 91780985 294 100356 2
S 91791985 294 100356 2
S 91802984 294 100356 2
S 91813983 294 100356 2
S 91824982 294 100357 2
S 91835982 294 100353 2
S 91846981 294 100353 2
S 91857980 294 100351 2
S 91868980 294 100350 2
S 91879979 294 100348 2
S 91890978 294 100349 2
S 91901978 294 100350 2
S 91912977 294 100350 2
S 91923976 294 100355 2
S 91934976 294 100349 2
S 91945975 294 100354 2
S 91956974 294 100356 2
S 91967974 294 100353 2
S 91978973 294 100351 2
S 91989972 294 100354 2
S 92000972 294 100352 2
S 92011971 294 100353 2
S 92022970 294 100351 2
S 92033969 294 100351 2
S 92044969 294 100348 2
S 92055968 294 100356 2
S 92066967 294 100353 2
S 92077967 294 100355 2
S 92088966 294 100348 2
S 92099965 294 100344 2
S 92110965 294 100340 2
S 92121964 294 100344 2
S 92132963 294 100348 2
S 92143963 294 100350 2
S 92154962 294 100350 2
S 92165961 294 100350 2
S 92176960 294 100344 2
S 92187960 294 100351 2
S 92198959 294 100353 2
S 92209958 294 100352 2
S 92220958 294 100348 2
S 92231957 294 100355 2
S 92242956 294 100351 2
S 92253956 294 100351 2
S 92264955 294 100356 2
S 92275954 294 100353 2
S 92286954 294 100349 2
S 92297953 294 100354 2
S 92308952 294 100355 2
S 92319952 294 100353 2
S 92330951 294 100349 2
S 92341950 294 100354 2
S 92352949 294 100353 2
S 92363949 294 100350 2
S 92374948 294 100347 2
S 92385947 294 100352 2
S 92396947 294 100353 2
S 92407946 294 100355 2
S 92418945 294 100352 2
S 92429945 294 100352 2
S 92440944 294 100349 2
S 92451943 294 100355 2
S 92462943 294 100349 2
S 92473942 294 100350 2
S 92484941 294 100350 2
S 92495941 294 100352 2
S 92506940 294 100347 2
S 92517939 294 100347 2
S 92528938 294 100353 2
S 92539938 294 100348 2
S 92550937 294 100352 2
S 92561936 294 100353 2
S 92572936 294 100347 2
S 92583935 294 100351 2
S 92594934 294 100354 2
S 92605934 294 100352 2
S 92616933 294 100352 2
S 92627932 294 100354 2
S 92643931 294 100359 2
S 92654931 294 100357 2
S 92665930 294 100362 2
S 92676929 294 100356 2
S 92687929 294 100353 2
S 92698928 294 100350 2
S 92709927 294 100361 2
S 92720926 294 100354 2
S 92731926 294 100355 2
S 92742925 294 100358 2
S 92753924 294 100360 2
S 92764924 294 100361 2
S 92775923 294 100361 2
S 92786922 294 100359 2
S 92797922 294 100360 2
S 92808921 294 100360 2
S 92819920 294 100351 2
S 92830920 294 100359 2
S 92841919 294 100362 2
S 92852918 294 100361 2
S 92863918 294 100360 2
S 92874917 294 100361 2
S 92885916 294 100363 2
S 92896915 294 100362 2
S 92907915 294 100356 2
S 92918914 294 100356 2
S 92929913 294 100362 2
S 92940913 294 100359 2
S 92951912 294 100359 2
S 92962911 294 100360 2
S 92973911 294 100358 2
S 92984910 294 100358 2
S 92995909 294 100351 2
S 93006909 294 100358 2
S 93017908 294 100357 2
S 93028907 294 100356 2
S 93039907 294 100356 2
S 93050906 294 100356 2
S 93061905 294 100357 2
S 93072904 294 100353 2
S 93083904 294 100359 2
S 93094903 294 100354 2
S 93105902 294 100361 2
S 93116902 294 100357 2
S 93127901 294 100356 2
S 93138900 294 100358 2
S 93149900 294 100357 2
S 93160899 294 100357 2
S 93171898 294 100352 2
S 93182898 294 100354 2
S 93193897 294 100356 2
S 93204896 294 100357 2
S 93215896 294 100359 2
S 93226895 294 100353 2
S 93237894 294 100358 2
S 93248893 294 100360 2
S 93259893 294 100362 2
S 93270892 294 100359 2
S 93281891 294 100360 2
S 93292891 294 100362 2
S 93303890 294 100353 2
S 93314889 294 100353 2
S 93325889 294 100355 2
S 93336888 294 100358 2
S 93347887 294 100361 2
S 93358887 294 100353 2
S 93369886 294 100359 2
S 93380885 294 100362 2
S 93391885 294 100359 2
S 93402884 294 100362 2
S 93413883 294 100359 2
S 93424882 294 100357 2
S 93435882 294 100362 2
S 93446881 294 100362 2
S 93457880 294 100360 2
S 93468880 294 100359 2
S 93479879 294 100364 2
S 93490878 294 100359 2
S 93501878 294 100360 2
S 93512877 294 100364 2
S 93523876 294 100355 2
S 93534876 294 100359 2
S 93545875 294 100354 2
S 93556874 294 100360 2
S 93567874 294 100362 2
S 93578873 294 100360 2
S 93589872 294 100359 2
S 93600871 294 100355 2
S 93611871 294 100355 2
S 93622870 294 100356 2
S 93633869 294 100356 2
S 93649868 294 100360 2
S 93660868 294 100366 2
S 93671867 294 100362 2
S 93682866 294 100366 2
S 93693866 294 100364 2
S 93704865 294 100365 2
S 93715864 294 100362 2
S 93726864 294 100365 2
S 93737863 294 100365 2
S 93748862 294 100365 2
S 93759862 294 100365 2
S 93770861 294 100362 2
S 93781860 294 100363 2
S 93792859 294 100361 2
S 93803859 294 100365 2
S 93814858 294 100365 2
S 93825857 294 100363 2
S 93836857 294 100367 2
S 93847856 294 100363 2
S 93858855 294 100360 2
S 93869855 294 100364 2
S 93880854 294 100363 2
S 93891853 294 100364 2
S 93902853 294 100364 2
S 93913852 294 100364 2
S 93924851 294 100362 2
S 93935851 294 100365 2
S 93946850 294 100364 2
S 93957849 294 100360 2
S 93968848 294 100365 2
S 93979848 294 100359 2
S 93990847 294 100363 2
S 94001847 294 100361 2
S 94012846 294 100367 2
S 94023845 294 100363 2
S 94034844 294 100359 2
S 94045844 294 100362 2
S 94056843 294 100356 2
S 94067842 294 100358 2
S 94078842 294 100356 2
S 94089841 294 100356 2
S 94100840 294 100359 2
S 94111840 294 100362 2
S 94122839 294 100358 2
S 94133838 294 100363 2
S 94144837 294 100359 2
S 94155837 294 100356 2
S 94166836 294 100361 2
S 94177835 294 100360 2
S 94188835 294 100362 2
S 94199834 294 100359 2
S 94210833 294 100364 2
S 94221833 294 100362 2
S 94232832 294 100359 2
S 94243831 294 100356 2
S 94254831 294 100359 2
S 94265830 294 100363 2
S 94276829 294 100359 2
S 94287829 294 100359 2
S 94298828 294 100360 2
S 94309827 294 100360 2
S 94320826 294 100362 2
S 94331826 294 100364 2
S 94342825 294 100362 2
S 94353824 294 100364 2
S 94364824 294 100359 2
S 94375823 294 100363 2
S 94386822 294 100362 2
S 94397822 294 100360 2
S 94408821 294 100364 2
S 94419820 294 100362 2
S 94430820 294 100362 2
S 94441819 294 100357 2
S 94452818 294 100360 2
S 94463818 294 100361 2
S 94474817 294 100365 2
S 94485816 294 100358 2
S 94496815 294 100365 2
S 94507815 294 100359 2
S 94518814 294 100359 2
S 94529813 294 100359 2
S 94540813 294 100362 2
S 94551812 294 100357 2
S 94562811 294 100363 2
S 94573811 294 100362 2
S 94584810 294 100364 2
S 94595809 294 100358 2
S 94606809 294 100356 2
S 94617808 294 100361 2
S 94628807 294 100359 2
S 94639807 294 100360 2
S 94655806 294 100362 2
S 94666805 294 100355 2
S 94677804 294 100359 2
S 94688803 294 100357 2
S 94699803 294 100360 2
S 94710802 294 100354 2
S 94721801 294 100357 2
S 94732801 294 100357 2
S 94743800 294 100356 2
S 94754799 294 100359 2
S 94765799 294 100362 2
S 94776798 294 100356 2
S 94787797 294 100353 2
S 94798797 294 100359 2
S 94809796 294 100364 2
S 94820795 294 100356 2
S 94831795 294 100362 2
S 94842794 294 100362 2
S 94853793 294 100357 2
S 94864792 294 100358 2
S 94875792 294 100362 2
S 94886791 294 100356 2
S 94897790 294 100363 2
S 94908790 294 100358 2
S 94919789 294 100359 2
S 94930788 294 100361 2
S 94941788 294 100361 2
S 94952787 294 100360 2
S 94963786 294 100355 2
S 94974786 294 100359 2
S 94985785 294 100358 2
S 94996784 294 100360 2
S 95007784 294 100362 2
S 95018783 294 100359 2
S 95029782 294 100358 2
S 95040781 294 100357 2
S 95051781 294 100362 2
S 95062780 294 100362 2
S 95073779 294 100362 2
S 95084779 294 100361 2
S 95095778 294 100359 2
S 95106777 294 100362 2
S 95117777 294 100355 2
S 95128776 294 100363 2
S 95139775 294 100357 2
S 95150775 294 100365 2
S 95161774 294 100362 2
S 95172773 294 100364 2
S 95183773 294 100362 2
S 95194772 294 100363 2
S 95205771 294 100360 2
S 95216770 294 100362 2
S 95227770 294 100360 2
S 95238769 294 100359 2
S 95249768 294 100358 2
S 95260768 294 100362 2
S 95271767 294 100357 2
S 95282766 294 100362 2
S 95293766 294 100363 2
S 95304765 294 100363 2
S 95315764 294 100362 2
S 95326764 294 100364 2
S 95337763 294 100357 2
S 95348762 294 100356 2
S 95359762 294 100367 2
S 95370761 294 100364 2
S 95381760 294 100362 2
S 95392759 294 100364 2
S 95403759 294 100366 2
S 95414758 294 100366 2
S 95425757 294 100362 2
S 95436757 294 100363 2
S 95447756 294 100365 2
S 95458755 294 100363 2
S 95469755 294 100365 2
S 95480754 294 100367 2
S 95491753 294 100364 2
S 95502753 294 100370 2
S 95513752 294 100364 2
S 95524751 294 100367 2
S 95535751 294 100364 2
S 95546750 294 100361 2
S 95557749 294 100362 2
S 95568748 294 100364 2
S 95579748 294 100366 2
S 95590747 294 100362 2
S 95601746 294 100364 2
S 95612746 294 100364 2
S 95623745 294 100364 2
S 95634744 294 100367 2
S 95645744 294 100367 2
S 95661743 294 100370 2
S 95672742 294 100365 2
S 95683741 294 100364 2
S 95694741 294 100361 2
S 95705740 294 100361 2
S 95716739 294 100360 2
S 95727739 294 100361 2
S 95738738 294 100362 2
S 95749737 294 100364 2
S 95760736 294 100360 2
S 95771736 294 100362 2
S 95782735 294 100361 2
S 95793734 294 100357 2
S 95804734 294 100356 2
S 95815733 294 100358 2
S 95826732 294 100360 2
S 95837732 294 100358 2
S 95848731 294 100356 2
S 95859730 294 100355 2
S 95870730 294 100359 2
S 95881729 294 100360 2
S 95892728 294 100361 2
S 95903728 294 100362 2
S 95914727 294 100361 2
S 95925726 294 100362 2
S 95936725 294 100361 2
S 95947725 294 100366 2
S 95958724 294 100362 2
S 95969723 294 100358 2
S 95980723 294 100362 2
S 95991722 294 100364 2
S 96002721 294 100366 2
S 96013721 294 100359 2
S 96024720 294 100361 2
S 96035719 294 100359 2
S 96046719 294 100359 2
S 96057718 294 100364 2
S 96068717 294 100361 2
S 96079717 294 100360 2
S 96090716 294 100361 2
S 96101715 294 100362 2
S 96112714 294 100362 2
S 96123714 294 100364 2
S 96134713 294 100361 2
S 96145712 294 100359 2
S 96156712 294 100362 2
S 96167711 294 100364 2
S 96178710 294 100363 2
S 96189710 294 100361 2
S 96200709 294 100358 2
S 96211708 294 100359 2
S 96222708 294 100359 2
S 96233707 294 100362 2
S 96244706 294 100361 2
S 96255706 294 100359 2
S 96266705 294 100356 2
S 96277704 294 100358 2
S 96288703 294 100359 2
S 96299703 294 100359 2
S 96310702 294 100359 2
S 96321701 294 100360 2
S 96332701 294 100362 2
S 96343700 294 100357 2
S 96354699 294 100359 2
S 96365699 294 100359 2
S 96376698 294 100362 2
S 96387697 294 100364 2
S 96398697 294 100359 2
S 96409696 294 100354 2
S 96420695 294 100357 2
S 96431695 294 100360 2
S 96442694 294 100362 2
S 96453693 294 100364 2
S 96464692 294 100364 2
S 96475692 294 100363 2
S 96486691 294 100363 2
S 96497690 294 100359 2
S 96508690 294 100358 2
S 96519689 294 100359 2
S 96530688 294 100359 2
S 96541688 294 100359 2
S 96552687 294 100359 2
S 96563686 294 100358 2
S 96574686 294 100360 2
S 96585685 294 100359 2
S 96596684 294 100356 2
S 96607684 294 100359 2
S 96618683 294 100359 2
S 96629682 294 100361 2
S 96640681 294 100362 2
S 96651681 294 100361 2
S 96667680 294 100361 2
S 96678679 294 100365 2
S 96689678 294 100358 2
S 96700678 294 100362 2
S 96711677 294 100360 2
S 96722676 294 100360 2
S 96733676 294 100359 2
S 96744675 294 100359 2
S 96755674 294 100364 2
S 96766674 294 100359 2
S 96777673 294 100357 2
S 96788672 294 100363 2
S 96799672 294 100363 2
S 96810671 294 100365 2
S 96821670 294 100364 2
S 96832669 294 100362 2
S 96843669 294 100363 2
S 96854668 294 100361 2
S 96865667 294 100361 2
S 96876667 294 100359 2
S 96887666 294 100360 2
S 96898665 294 100356 2
S 96909665 294 100357 2
S 96920664 294 100359 2
S 96931663 294 100363 2
S 96942663 294 100359 2
S 96953662 294 100358 2
S 96964661 294 100361 2
S 96975661 294 100359 2
S 96986660 294 100354 2
S 96997659 294 100362 2
S 97008658 294 100361 2
S 97019658 294 100365 2
S 97030657 294 100362 2
S 97041656 294 100359 2
S 97052656 294 100364 2
S 97063655 294 100363 2
S 97074654 294 100362 2
S 97085654 294 100361 2
S 97096653 294 100358 2
S 97107652 294 100359 2
S 97118652 294 100358 2
S 97129651 294 100356 2
S 97140650 294 100359 2
S 97151650 294 100359 2
S 97162649 294 100357 2
S 97173648 294 100356 2
S 97184647 294 100356 2
S 97195647 294 100352 2
S 97206646 294 100356 2
S 97217645 294 100359 2
S 97228645 294 100359 2
S 97239644 294 100358 2
S 97250643 294 100359 2
S 97261643 294 100353 2
S 97272642 294 100356 2
S 97283641 294 100364 2
S 97294641 294 100363 2
S 97305640 294 100362 2
S 97316639 294 100359 2
S 97327639 294 100363 2
S 97338638 294 100361 2
S 97349637 294 100360 2
S 97360636 294 100362 2
S 97371636 294 100361 2
S 97382635 294 100357 2
S 97393634 294 100360 2
S 97404634 294 100364 2
S 97415633 294 100358 2
S 97426632 294 100360 2
S 97437632 294 100360 2
S 97448631 294 100359 2
S 97459630 294 100360 2
S 97470630 294 100363 2
S 97481629 294 100362 2
S 97492628 294 100359 2
S 97503628 294 100359 2
S 97514627 294 100362 2
S 97525626 294 100356 2
S 97536625 294 100364 2
S 97547625 294 100358 2
S 97558624 294 100361 2
S 97569623 294 100359 2
S 97580623 294 100360 2
S 97591622 294 100362 2
S 97602621 294 100359 2
S 97613621 294 100356 2
S 97624620 294 100362 2
S 97635619 294 100362 2
S 97646619 294 100360 2
S 97657618 294 100359 2
S 97673617 294 100365 2
S 97684616 294 100367 2
S 97695616 294 100365 2
S 97706615 294 100366 2
S 97717614 294 100361 2
S 97728613 294 100362 2
S 97739613 294 100360 2
S 97750612 294 100361 2
S 97761611 294 100363 2
S 97772611 294 100365 2
S 97783610 294 100366 2
S 97794609 294 100362 2
S 97805609 294 100371 2
S 97816608 294 100365 2
S 97827607 294 100365 2
S 97838607 294 100362 2
S 97849606 294 100367 2
S 97860605 294 100365 2
S 97871605 294 100369 2
S 97882604 294 100365 2
S 97893603 294 100368 2
S 97904602 294 100365 2
S 97915602 294 100359 2
S 97926601 294 100360 2
S 97937600 294 100368 2
S 97948600 294 100362 2
S 97959599 294 100364 2
S 97970598 294 100367 2
S 97981598 294 100364 2
S 97992597 294 100368 2
S 98003596 294 100365 2
S 98014596 294 100366 2
S 98025595 294 100367 2
S 98036594 294 100361 2
S 98047594 294 100365 2
S 98058593 294 100369 2
S 98069592 294 100364 2
S 98080591 294 100370 2
S 98091591 294 100366 2
S 98102590 294 100373 2
S 98113589 294 100367 2
S 98124589 294 100367 2
S 98135588 294 100367 2
S 98146587 294 100367 2
S 98157587 294 100366 2
S 98168586 294 100367 2
S 98179585 294 100367 2
S 98190585 294 100368 2
S 98201584 294 100367 2
S 98212583 294 100371 2
S 98223583 294 100365 2
S 98234582 294 100361 2
S 98245581 294 100363 2
S 98256580 294 100364 2
S 98267580 294 100365 2
S 98278579 294 100366 2
S 98289578 294 100361 2
S 98300578 294 100359 2
S 98311577 294 100366 2
S 98322576 294 100365 2
S 98333576 294 100365 2
S 98344575 294 100365 2
S 98355574 294 100370 2
S 98366574 294 100369 2
S 98377573 294 100371 2
S 98388572 294 100367 2
S 98399572 294 100367 2
S 98410571 294 100364 2
S 98421570 294 100362 2
S 98432569 294 100364 2
S 98443569 294 100367 2
S 98454568 294 100369 2
S 98465567 294 100370 2
S 98476567 294 100370 2
S 98487566 294 100369 2
S 98498565 294 100363 2
S 98509565 294 100362 2
S 98520564 294 100362 2
S 98531563 294 100363 2
S 98542563 294 100362 2
S 98553562 294 100365 2
S 98564561 294 100365 2
S 98575561 294 100365 2
S 98586560 294 100364 2
S 98597559 294 100362 2
S 98608558 294 100362 2
S 98619558 294 100362 2
S 98630557 294 100362 2
S 98641556 294 100363 2
S 98652556 294 100366 2
S 98663555 294 100365 2
S 98679554 294 100361 2
S 98690553 294 100366 2
S 98701553 294 100362 2
S 98712552 294 100366 2
S 98723551 294 100365 2
S 98734551 294 100360 2
S 98745550 294 100361 2
S 98756549 294 100356 2
S 98767549 294 100359 2
S 98778548 294 100360 2
S 98789547 294 100363 2
S 98800546 294 100361 2
S 98811546 294 100364 2
S 98822545 294 100365 2
S 98833544 294 100364 2
S 98844544 294 100369 2
S 98855543 294 100367 2
S 98866542 294 100362 2
S 98877542 294 100364 2
S 98888541 294 100359 2
S 98899540 294 100366 2
S 98910540 294 100359 2
S 98921539 294 100360 2
S 98932538 294 100361 2
S 98943538 294 100364 2
S 98954537 294 100362 2
S 98965536 294 100360 2
S 98976535 294 100365 2
S 98987535 294 100360 2
S 98998534 294 100361 2
S 99009533 294 100358 2
S 99020533 294 100360 2
S 99031532 294 100355 2
S 99042531 294 100353 2
S 99053531 294 100359 2
S 99064530 294 100360 2
S 99075529 294 100359 2
S 99086529 294 100355 2
S 99097528 294 100356 2
S 99108527 294 100357 2
S 99119527 294 100360 2
S 99130526 294 100361 2
S 99141525 294 100364 2
S 99152524 294 100358 2
S 99163524 294 100359 2
S 99174523 294 100362 2
S 99185522 294 100361 2
S 99196522 294 100359 2
S 99207521 294 100362 2
S 99218520 294 100356 2
S 99229520 294 100360 2
S 99240519 294 100360 2
S 99251518 294 100359 2
S 99262518 294 100359 2
S 99273517 294 100356 2
S 99284516 294 100357 2
S 99295516 294 100354 2
S 99306515 294 100356 2
S 99317514 294 100361 2
S 99328513 294 100357 2
S 99339513 294 100359 2
S 99350512 294 100357 2
S 99361511 294 100358 2
S 99372511 294 100364 2
S 99383510 294 100361 2
S 99394509 294 100359 2
S 99405509 294 100352 2
S 99416508 294 100360 2
S 99427507 294 100356 2
S 99438507 294 100358 2
S 99449506 294 100357 2
S 99460505 294 100359 2
S 99471505 294 100359 2
S 99482504 294 100356 2
S 99493503 294 100358 2
S 99504502 294 100359 2
S 99515502 294 100357 2
S 99526501 294 100360 2
S 99537500 294 100357 2
S 99548500 294 100359 2
S 99559499 294 100358 2
S 99570498 294 100359 2
S 99581498 294 100362 2
S 99592497 294 100364 2
S 99603496 294 100363 2
S 99614496 294 100362 2
S 99625495 294 100364 2
S 99636494 294 100359 2
S 99647494 294 100357 2
S 99658493 294 100359 2
S 99669492 294 100361 2
S 99685491 294 100361 2
S 99696490 294 100366 2
S 99707490 294 100365 2
S 99718489 294 100361 2
S 99729488 294 100360 2
S 99740488 294 100363 2
S 99751487 294 100361 2
S 99762486 294 100361 2
S 99773486 294 100361 2
S 99784485 294 100364 2
S 99795484 294 100365 2
S 99806484 294 100362 2
S 99817483 294 100359 2
S 99828482 294 100360 2
S 99839482 294 100355 2
S 99850481 294 100361 2
S 99861480 294 100362 2
S 99872479 294 100363 2
S 99883479 294 100365 2
S 99894478 294 100360 2
S 99905477 294 100362 2
S 99916477 294 100361 2
S 99927476 294 100362 2
S 99938475 294 100356 2
S 99949475 294 100356 2
S 99960474 294 100355 2
S 99971473 294 100353 2
S 99982473 294 100361 2
S 99993472 294 100358 2
S 100004471 294 100358 2
S 100015471 294 100358 2
S 100026470 294 100362 2
S 100037469 294 100360 2
S 100048468 294 100358 2
S 100059468 294 100362 2
S 100070467 294 100359 2
S 100081466 294 100358 2
S 100092466 294 100356 2
S 100103465 294 100362 2
S 100114464 294 100360 2
S 100125464 294 100362 2
S 100136463 294 100359 2
S 100147462 294 100359 2
S 100158462 294 100362 2
S 100169461 294 100359 2
S 100180460 294 100359 2
S 100191460 294 100358 2
S 100202459 294 100359 2
S 100213458 294 100356 2
S 100224457 294 100362 2
S 100235457 294 100359 2
S 100246456 294 100362 2
S 100257455 294 100355 2
S 100268455 294 100359 2
S 100279454 294 100361 2
S 100290453 294 100364 2
S 100301453 294 100358 2
S 100312452 294 100357 2
S 100323451 294 100354 2
S 100334451 294 100351 2
S 100345450 294 100359 2
S 100356449 294 100360 2
S 100367449 294 100357 2
S 100378448 294 100354 2
S 100389447 294 100356 2
S 100400446 294 100358 2
S 100411446 294 100359 2
S 100422445 294 100359 2
S 100433444 294 100359 2
S 100444444 294 100358 2
S 100455443 294 100359 2
S 100466442 294 100361 2
S 100477442 294 100362 2
S 100488441 294 100361 2
S 100499440 294 100355 2
S 100510440 294 100357 2
S 100521439 294 100359 2
S 100532438 294 100356 2
S 100543438 294 100356 2
S 100554437 294 100358 2
S 100565436 294 100362 2
S 100576435 294 100359 2
S 100587435 294 100354 2
S 100598434 294 100355 2
S 100609433 294 100351 2
S 100620433 294 100358 2
S 100631432 294 100360 2
S 100642431 294 100360 2
S 100653431 294 100359 2
S 100664430 294 100359 2
S 100675429 294 100364 2
S 100691428 294 100361 2
S 100702428 294 100359 2
S 100713427 294 100360 2
S 100724426 294 100358 2
S 100735426 294 100356 2
S 100746425 294 100362 2
S 100757424 294 100359 2
S 100768423 294 100359 2
S 100779423 294 100353 2
S 100790422 294 100362 2
S 100801421 294 100360 2
S 100812421 294 100361 2
S 100823420 294 100361 2
S 100834419 294 100361 2
S 100845419 294 100358 2
S 100856418 294 100355 2
S 100867417 294 100364 2
S 100878417 294 100360 2
S 100889416 294 100358 2
S 100900415 294 100359 2
S 100911415 294 100361 2
S 100922414 294 100362 2
S 100933413 294 100360 2
S 100944412 294 100362 2
S 100955412 294 100353 2
S 100966411 294 100358 2
S 100977410 294 100358 2
S 100988410 294 100356 2
S 100999409 294 100364 2
S 101010408 294 100357 2
S 101021408 294 100356 2
S 101032407 294 100359 2
S 101043406 294 100360 2
S 101054406 294 100358 2
S 101065405 294 100359 2
S 101076404 294 100359 2
S 101087404 294 100356 2
S 101098403 294 100359 2
S 101109402 294 100364 2
S 101120401 294 100362 2
S 101131401 294 100362 2
S 101142400 294 100357 2
S 101153399 294 100360 2
S 101164399 294 100359 2
S 101175398 294 100358 2
S 101186397 294 100355 2
S 101197397 294 100358 2
S 101208396 294 100360 2
S 101219395 294 100361 2
S 101230395 294 100359 2
S 101241394 294 100361 2
S 101252393 294 100366 2
S 101263393 294 100360 2
S 101274392 294 100362 2
S 101285391 294 100360 2
S 101296390 294 100356 2
S 101307390 294 100359 2
S 101318389 294 100360 2
S 101329388 294 100359 2
S 101340388 294 100362 2
S 101351387 294 100362 2
S 101362386 294 100366 2
S 101373386 294 100364 2
S 101384385 294 100361 2
S 101395384 294 100359 2
S 101406384 294 100363 2
S 101417383 294 100361 2
S 101428382 294 100361 2
S 101439382 294 100361 2
S 101450381 294 100360 2
S 101461380 294 100362 2
S 101472379 294 100362 2
S 101483379 294 100360 2
S 101494378 294 100356 2
S 101505377 294 100357 2
S 101516377 294 100362 2
S 101527376 294 100359 2
S 101538375 294 100363 2
S 101549375 294 100360 2
S 101560374 294 100357 2
S 101571373 294 100360 2
S 101582373 294 100357 2
S 101593372 294 100357 2
S 101604371 294 100357 2
S 101615371 294 100359 2
S 101626370 294 100356 2
S 101637369 294 100355 2
S 101648368 294 100353 2
S 101659368 294 100356 2
S 101670367 294 100356 2
S 101681366 294 100357 2
S 101697365 294 100359 2
S 101708365 294 100359 2
S 101719364 294 100353 2
S 101730363 294 100360 2
S 101741363 294 100358 2
S 101752362 294 100358 2
S 101763361 294 100357 2
S 101774361 294 100363 2
S 101785360 294 100362 2
S 101796359 294 100364 2
S 101807359 294 100356 2
S 101818358 294 100356 2
S 101829357 294 100354 2
S 101840356 294 100359 2
S 101851356 294 100353 2
S 101862355 294 100359 2
S 101873354 294 100359 2
S 101884354 294 100360 2
S 101895353 294 100356 2
S 101906352 294 100355 2
S 101917352 294 100356 2
S 101928351 294 100353 2
S 101939350 294 100359 2
S 101950350 294 100356 2
S 101961349 294 100359 2
S 101972348 294 100358 2
S 101983348 294 100362 2
S 101994347 294 100362 2
S 102005346 294 100363 2
S 102016345 294 100358 2
S 102027345 294 100362 2
S 102038344 294 100358 2
S 102049343 294 100358 2
S 102060343 294 100356 2
S 102071342 294 100357 2
S 102082341 294 100356 2
S 102093341 294 100360 2
S 102104340 294 100357 2
S 102115339 294 100359 2
S 102126339 294 100357 2
S 102137338 294 100356 2
S 102148337 294 100359 2
S 102159337 294 100359 2
S 102170336 294 100355 2
S 102181335 294 100358 2
S 102192334 294 100362 2
S 102203334 294 100360 2
S 102214333 294 100356 2
S 102225332 294 100356 2
S 102236332 294 100356 2
S 102247331 294 100356 2
S 102258330 294 100361 2
S 102269330 294 100358 2
S 102280329 294 100356 2
S 102291328 294 100360 2
S 102302328 294 100358 2
S 102313327 294 100359 2
S 102324326 294 100358 2
S 102335326 294 100355 2
S 102346325 294 100356 2
S 102357324 294 100356 2
S 102368323 294 100354 2
S 102379323 294 100357 2
S 102390322 294 100356 2
S 102401321 294 100360 2
S 102412321 294 100358 2
S 102423320 294 100356 2
S 102434319 294 100357 2
S 102445319 294 100348 2
S 102456318 294 100360 2
S 102467317 294 100355 2
S 102478317 294 100355 2
S 102489316 294 100349 2
S 102500315 294 100355 2
S 102511315 294 100356 2
S 102522314 294 100353 2
S 102533313 294 100356 2
S 102544312 294 100359 2
S 102555312 294 100355 2
S 102566311 294 100356 2
S 102577310 294 100356 2
S 102588310 294 100360 2
S 102599309 294 100354 2
S 102610308 294 100355 2
S 102621308 294 100358 2
S 102632307 294 100357 2
S 102643306 294 100355 2
S 102654306 294 100358 2
S 102665305 294 100362 2
S 102676304 294 100355 2
S 102687304 294 100360 2
S 102703303 294 100367 2
S 102714302 294 100365 2
S 102725301 294 100364 2
S 102736300 294 100364 2
S 102747300 294 100362 2
S 102758299 294 100362 2
S 102769298 294 100365 2
S 102780298 294 100365 2
S 102791297 294 100359 2
S 102802296 294 100362 2
S 102813296 294 100359 2
S 102824295 294 100362 2
S 102835294 294 100362 2
S 102846294 294 100362 2
S 102857293 294 100362 2
S 102868292 294 100359 2
S 102879292 294 100361 2
S 102890291 294 100362 2
S 102901290 294 100365 2
S 102912289 294 100363 2
S 102923289 294 100362 2
S 102934288 294 100362 2
S 102945287 294 100365 2
S 102956287 294 100367 2
S 102967286 294 100359 2
S 102978285 294 100358 2
S 102989285 294 100354 2
S 103000285 294 100358 2
S 103011283 294 100364 2
S 103022283 294 100361 2
S 103033282 294 100361 2
S 103044281 294 100361 2
S 103055281 294 100363 2
S 103066280 294 100365 2
S 103077279 294 100362 2
S 103088278 294 100359 2
S 103099278 294 100362 2
S 103110277 294 100360 2
S 103121276 294 100356 2
S 103132276 294 100357 2
S 103143275 294 100359 2
S 103154274 294 100356 2
S 103165274 294 100361 2
S 103176273 294 100362 2
S 103187272 294 100360 2
S 103198272 294 100365 2
S 103209271 294 100359 2
S 103220270 294 100357 2
S 103231270 294 100363 2
S 103242269 294 100361 2
S 103253268 294 100362 2
S 103264267 294 100358 2
S 103275267 294 100361 2
S 103286266 294 100362 2
S 103297265 294 100364 2
S 103308265 294 100359 2
S 103319264 294 100363 2
S 103330263 294 100359 2
S 103341263 294 100358 2
S 103352262 294 100356 2
S 103363261 294 100358 2
S 103374261 294 100360 2
S 103385260 294 100356 2
S 103396259 294 100359 2
S 103407259 294 100358 2
S 103418258 294 100365 2
S 103429257 294 100354 2
S 103440256 294 100361 2
S 103451256 294 100357 2
S 103462255 294 100362 2
S 103473254 294 100359 2
S 103484254 294 100356 2
S 103495253 294 100358 2
S 103506252 294 100355 2
S 103517252 294 100358 2
S 103528251 294 100356 2
S 103539250 294 100357 2
S 103550250 294 100359 2
S 103561249 294 100358 2
S 103572248 294 100357 2
S 103583248 294 100361 2
S 103594247 294 100357 2
S 103605246 294 100357 2
S 103616245 294 100356 2
S 103627245 294 100356 2
S 103638244 294 100359 2
S 103649243 294 100359 2
S 103660243 294 100358 2
S 103671242 294 100359 2
S 103682241 294 100359 2
S 103693241 294 100356 2
S 103709240 294 100356 2
S 103720239 294 100359 2
S 103731238 294 100356 2
S 103742238 294 100353 2
S 103753237 294 100351 2
S 103764236 294 100356 2
S 103775236 294 100353 2
S 103786235 294 100355 2
S 103797234 294 100356 2
S 103808233 294 100356 2
S 103819233 294 100355 2
S 103830232 294 100356 2
S 103841231 294 100354 2
S 103852231 294 100360 2
S 103863230 294 100355 2
S 103874229 294 100353 2
S 103885229 294 100356 2
S 103896228 294 100350 2
S 103907227 294 100358 2
S 103918227 294 100357 2
S 103929226 294 100358 2
S 103940225 294 100352 2
S 103951225 294 100358 2
S 103962224 294 100357 2
S 103973223 294 100356 2
S 103984222 294 100356 2
S 103995222 294 100358 2
S 104006221 294 100357 2
S 104017220 294 100355 2
S 104028220 294 100357 2
S 104039219 294 100360 2
S 104050218 294 100359 2
S 104061218 294 100356 2
S 104072217 294 100359 2
S 104083216 294 100359 2
S 104094216 294 100356 2
S 104105215 294 100360 2
S 104116214 294 100359 2
S 104127214 294 100355 2
S 104138213 294 100356 2
S 104149212 294 100356 2
S 104160211 294 100353 2
S 104171211 294 100354 2
S 104182210 294 100354 2
S 104193209 294 100356 2
S 104204209 294 100355 2
S 104215208 294 100359 2
S 104226207 294 100356 2
S 104237207 294 100357 2
S 104248206 294 100359 2
S 104259205 294 100357 2
S 104270205 294 100354 2
S 104281204 294 100357 2
S 104292203 294 100358 2
S 104303203 294 100357 2
S 104314202 294 100356 2
S 104325201 294 100357 2
S 104336200 294 100356 2
S 104347200 294 100354 2
S 104358199 294 100354 2
S 104369198 294 100356 2
S 104380198 294 100359 2
S 104391197 294 100362 2
S 104402196 294 100359 2
S 104413196 294 100362 2
S 104424195 294 100364 2
S 104435194 294 100359 2
S 104446194 294 100359 2
S 104457193 294 100356 2
S 104468192 294 100359 2
S 104479192 294 100359 2
S 104490191 294 100356 2
S 104501190 294 100353 2
S 104512189 294 100355 2
S 104523189 294 100354 2
S 104534188 294 100356 2
S 104545187 294 100351 2
S 104556187 294 100353 2
S 104567186 294 100353 2
S 104578185 294 100356 2
S 104589185 294 100351 2
S 104600184 294 100352 2
S 104611183 294 100358 2
S 104622183 294 100350 2
S 104633182 294 100353 2
S 104644181 294 100355 2
S 104655181 294 100351 2
S 104666180 294 100357 2
S 104677179 294 100358 2
S 104688178 294 100360 2
S 104699178 294 100353 2
S 104715177 294 100361 2
S 104726176 294 100362 2
S 104737175 294 100359 2
S 104748175 294 100353 2
S 104759174 294 100359 2
S 104770173 294 100359 2
S 104781173 294 100357 2
S 104792172 294 100355 2
S 104803171 294 100359 2
S 104814171 294 100360 2
S 104825170 294 100357 2
S 104836169 294 100356 2
S 104847169 294 100352 2
S 104858168 294 100356 2
S 104869167 294 100360 2
S 104880166 294 100358 2
S 104891166 294 100355 2
S 104902165 294 100360 2
S 104913164 294 100360 2
S 104924164 294 100357 2
S 104935163 294 100360 2
S 104946162 294 100359 2
S 104957162 294 100358 2
S 104968161 294 100357 2
S 104979160 294 100353 2
S 104990160 294 100357 2
S 105001160 294 100359 2
S 105012158 294 100357 2
S 105023158 294 100360 2
S 105034157 294 100361 2
S 105045156 294 100361 2
S 105056155 294 100359 2
S 105067155 294 100359 2
S 105078154 294 100362 2
S 105089153 294 100355 2
S 105100153 294 100358 2
S 105111152 294 100360 2
S 105122151 294 100359 2
S 105133151 294 100356 2
S 105144150 294 100360 2
S 105155149 294 100358 2
S 105166149 294 100362 2
S 105177148 294 100358 2
S 105188147 294 100356 2
S 105199147 294 100360 2
S 105210146 294 100362 2
S 105221145 294 100361 2
S 105232144 294 100362 2
S 105243144 294 100358 2
S 105254143 294 100359 2
S 105265142 294 100358 2
S 105276142 294 100362 2
S 105287141 294 100363 2
S 105298140 294 100359 2
S 105309140 294 100355 2
S 105320139 294 100357 2
S 105331138 294 100358 2
S 105342138 294 100357 2
S 105353137 294 100356 2
S 105364136 294 100359 2
S 105375136 294 100356 2
S 105386135 294 100357 2
S 105397134 294 100361 2
S 105408133 294 100363 2
S 105419133 294 100355 2
S 105430132 294 100361 2
S 105441131 294 100355 2
S 105452131 294 100360 2
S 105463130 294 100361 2
S 105474129 294 100359 2
S 105485129 294 100356 2
S 105496128 294 100353 2
S 105507127 294 100362 2
S 105518127 294 100359 2
S 105529126 294 100362 2
S 105540125 294 100359 2
S 105551125 294 100360 2
S 105562124 294 100359 2
S 105573123 294 100355 2
S 105584122 294 100363 2
S 105595122 294 100359 2
S 105606121 294 100358 2
S 105617120 294 100361 2
S 105628120 294 100360 2
S 105639119 294 100357 2
S 105650118 294 100359 2
S 105661118 294 100359 2
S 105672117 294 100358 2
S 105683116 294 100359 2
S 105694116 294 100359 2
S 105705115 294 100358 2
S 105721114 294 100359 2
S 105732113 294 100359 2
S 105743113 294 100359 2
S 105754112 294 100359 2
S 105765111 294 100362 2
S 105776110 294 100365 2
S 105787110 294 100364 2
S 105798109 294 100360 2
S 105809108 294 100365 2
S 105820108 294 100356 2
S 105831107 294 100359 2
S 105842106 294 100359 2
S 105853106 294 100356 2
S 105864105 294 100357 2
S 105875104 294 100359 2
S 105886104 294 100356 2
S 105897103 294 100359 2
S 105908102 294 100363 2
S 105919102 294 100356 2
S 105930101 294 100362 2
S 105941100 294 100362 2
S 105952099 294 100362 2
S 105963099 294 100356 2
S 105974098 294 100362 2
S 105985097 294 100363 2
S 105996097 294 100360 2
S 106007096 294 100359 2
S 106018095 294 100359 2
S 106029095 294 100357 2
S 106040094 294 100356 2
S 106051093 294 100360 2
S 106062093 294 100359 2
S 106073092 294 100357 2
S 106084091 294 100356 2
S 106095091 294 100360 2
S 106106090 294 100356 2
S 106117089 294 100359 2
S 106128088 294 100356 2
S 106139088 294 100359 2
S 106150087 294 100356 2
S 106161086 294 100355 2
S 106172086 294 100356 2
S 106183085 294 100358 2
S 106194084 294 100354 2
S 106205084 294 100356 2
S 106216083 294 100358 2
S 106227082 294 100354 2
S 106238082 294 100355 2
S 106249081 294 100353 2
S 106260080 294 100355 2
S 106271080 294 100358 2
S 106282079 294 100358 2
S 106293078 294 100356 2
S 106304077 294 100356 2
S 106315077 294 100358 2
S 106326076 294 100359 2
S 106337075 294 100357 2
S 106348075 294 100359 2
S 106359074 294 100359 2
S 106370073 294 100359 2
S 106381073 294 100356 2
S 106392072 294 100361 2
S 106403071 294 100359 2
S 106414071 294 100358 2
S 106425070 294 100362 2
S 106436069 294 100356 2
S 106447069 294 100353 2
S 106458068 294 100355 2
S 106469067 294 100358 2
S 106480066 294 100359 2
S 106491066 294 100354 2
S 106502065 294 100357 2
S 106513064 294 100356 2
S 106524064 294 100358 2
S 106535063 294 100356 2
S 106546062 294 100357 2
S 106557062 294 100360 2
S 106568061 294 100359 2
S 106579060 294 100360 2
S 106590060 294 100359 2
S 106601059 294 100357 2
S 106612058 294 100359 2
S 106623058 294 100356 2
S 106634057 294 100360 2
S 106645056 294 100360 2
S 106656055 294 100356 2
S 106667055 294 100356 2
S 106678054 294 100358 2
S 106689053 294 100356 2
S 106700053 294 100360 2
S 106711052 294 100355 2
S 106727051 294 100363 2
S 106738050 294 100360 2
S 106749050 294 100361 2
S 106760049 294 100357 2
S 106771048 294 100363 2
S 106782048 294 100357 2
S 106793047 294 100360 2
S 106804046 294 100359 2
S 106815046 294 100363 2
S 106826045 294 100359 2
S 106837044 294 100361 2
S 106848043 294 100365 2
S 106859043 294 100359 2
S 106870042 294 100357 2
S 106881041 294 100355 2
S 106892041 294 100355 2
S 106903040 294 100356 2
S 106914039 294 100356 2
S 106925039 294 100355 2
S 106936038 294 100356 2
S 106947037 294 100359 2
S 106958037 294 100355 2
S 106969036 294 100356 2
S 106980035 294 100357 2
S 106991035 294 100359 2
S 107002035 294 100358 2
S 107013033 294 100358 2
S 107024032 294 100354 2
S 107035032 294 100356 2
S 107046031 294 100358 2
S 107057030 294 100360 2
S 107068030 294 100356 2
S 107079029 294 100361 2
S 107090028 294 100363 2
S 107101028 294 100360 2
S 107112027 294 100362 2
S 107123026 294 100364 2
S 107134026 294 100361 2
S 107145025 294 100359 2
S 107156024 294 100362 2
S 107167024 294 100359 2
S 107178023 294 100365 2
S 107189022 294 100364 2
S 107200021 294 100363 2
S 107211021 294 100362 2
S 107222020 294 100363 2
S 107233019 294 100365 2
S 107244019 294 100364 2
S 107255018 294 100362 2
S 107266017 294 100360 2
S 107277017 294 100358 2
S 107288016 294 100363 2
S 107299015 294 100359 2
S 107310015 294 100356 2
S 107321014 294 100362 2
S 107332013 294 100361 2
S 107343013 294 100361 2
S 107354012 294 100358 2
S 107365011 294 100359 2
S 107376010 294 100361 2
S 107387010 294 100357 2
S 107398009 294 100362 2
S 107409008 294 100359 2
S 107420008 294 100363 2
S 107431007 294 100358 2
S 107442006 294 100359 2
S 107453006 294 100359 2
S 107464005 294 100358 2
S 107475004 294 100362 2
S 107486004 294 100362 2
S 107497003 294 100362 2
S 107508002 294 100362 2
S 107519002 294 100359 2
S 107530001 294 100359 2
S 107541000 294 100359 2
S 107551999 294 100358 2
S 107562999 294 100356 2
S 107573998 294 100356 2
S 107584997 294 100359 2
S 107595997 294 100361 2
S 107606996 294 100364 2
S 107617995 294 100364 2
S 107628995 294 100357 2
S 107639994 294 100363 2
S 107650993 294 100360 2
S 107661993 294 100363 2
S 107672992 294 100362 2
S 107683991 294 100357 2
S 107694991 294 100365 2
S 107705990 294 100361 2
S 107716989 294 100359 2
S 107732988 294 100368 2
S 107743987 294 100364 2
S 107754987 294 100363 2
S 107765986 294 100363 2
S 107776985 294 100365 2
S 107787985 294 100363 2
S 107798984 294 100362 2
S 107809983 294 100366 2
S 107820983 294 100363 2
S 107831982 294 100365 2
S 107842981 294 100367 2
S 107853981 294 100367 2
S 107864980 294 100365 2
S 107875979 294 100362 2
S 107886979 294 100365 2
S 107897978 294 100362 2
S 107908977 294 100365 2
S 107919976 294 100361 2
S 107930976 294 100362 2
S 107941975 294 100369 2
S 107952974 294 100367 2
S 107963974 294 100365 2
S 107974973 294 100365 2
S 107985972 294 100365 2
S 107996972 294 100359 2
S 108007971 294 100362 2
S 108018970 294 100361 2
S 108029970 294 100363 2
S 108040969 294 100362 2
S 108051968 294 100368 2
S 108062968 294 100362 2
S 108073967 294 100367 2
S 108084966 294 100366 2
S 108095965 294 100364 2
S 108106965 294 100365 2
S 108117964 294 100362 2
S 108128963 294 100365 2
S 108139963 294 100364 2
S 108150962 294 100365 2
S 108161961 294 100362 2
S 108172961 294 100365 2
S 108183960 294 100363 2
S 108194959 294 100369 2
S 108205959 294 100367 2
S 108216958 294 100370 2
S 108227957 294 100367 2
S 108238957 294 100366 2
S 108249956 294 100368 2
S 108260955 294 100367 2
S 108271954 294 100367 2
S 108282954 294 100364 2
S 108293953 294 100362 2
S 108304952 294 100366 2
S 108315952 294 100362 2
S 108326951 294 100365 2
S 108337950 294 100360 2
S 108348950 294 100362 2
S 108359949 294 100362 2
S 108370948 294 100365 2
S 108381948 294 100363 2
S 108392947 294 100361 2
S 108403946 294 100359 2
S 108414946 294 100361 2
S 108425945 294 100365 2
S 108436944 294 100362 2
S 108447943 294 100364 2
S 108458943 294 100367 2
S 108469942 294 100366 2
S 108480941 294 100365 2
S 108491941 294 100367 2
S 108502940 294 100367 2
S 108513939 294 100367 2
S 108524939 294 100365 2
S 108535938 294 100359 2
S 108546937 294 100361 2
S 108557937 294 100362 2
S 108568936 294 100365 2
S 108579935 294 100371 2
S 108590935 294 100370 2
S 108601934 294 100370 2
S 108612933 294 100362 2
S 108623932 294 100364 2
S 108634932 294 100362 2
S 108645931 294 100358 2
S 108656930 294 100364 2
S 108667930 294 100358 2
S 108678929 294 100353 2
S 108689928 294 100359 2
S 108700928 294 100365 2
S 108711927 294 100360 2
S 108722926 294 100362 2
S 108738925 294 100356 2
S 108749925 294 100352 2
S 108760924 294 100353 2
S 108771923 294 100356 2
S 108782923 294 100356 2
S 108793922 294 100359 2
S 108804921 294 100362 2
S 108815920 294 100362 2
S 108826920 294 100362 2
S 108837919 294 100354 2
S 108848918 294 100353 2
S 108859918 294 100354 2
S 108870917 294 100362 2
S 108881916 294 100359 2
S 108892916 294 100360 2
S 108903915 294 100360 2
S 108914914 294 100359 2
S 108925914 294 100359 2
S 108936913 294 100357 2
S 108947912 294 100356 2
S 108958912 294 100358 2
S 108969911 294 100357 2
S 108980910 294 100353 2
S 108991909 294 100354 2
S 109002909 294 100355 2
S 109013908 294 100353 2
S 109024907 294 100356 2
S 109035907 294 100354 2
S 109046906 294 100357 2
S 109057905 294 100359 2
S 109068905 294 100359 2
S 109079904 294 100354 2
S 109090903 294 100357 2
S 109101903 294 100356 2
S 109112902 294 100353 2
S 109123901 294 100351 2
S 109134901 294 100353 2
S 109145900 294 100357 2
S 109156899 294 100357 2
S 109167898 294 100354 2
S 109178898 294 100356 2
S 109189897 294 100359 2
S 109200896 294 100354 2
S 109211896 294 100351 2
S 109222895 294 100356 2
S 109233894 294 100355 2
S 109244894 294 100359 2
S 109255893 294 100362 2
S 109266892 294 100354 2
S 109277892 294 100357 2
S 109288891 294 100357 2
S 109299890 294 100359 2
S 109310890 294 100361 2
S 109321889 294 100359 2
S 109332888 294 100359 2
S 109343887 294 100358 2
S 109354887 294 100356 2
S 109365886 294 100350 2
S 109376885 294 100352 2
S 109387885 294 100360 2
S 109398884 294 100359 2
S 109409883 294 100359 2
S 109420883 294 100359 2
S 109431882 294 100356 2
S 109442881 294 100356 2
S 109453881 294 100352 2
S 109464880 294 100356 2
S 109475879 294 100356 2
S 109486879 294 100356 2
S 109497878 294 100358 2
S 109508877 294 100354 2
S 109519876 294 100359 2
S 109530876 294 100359 2
S 109541875 294 100359 2
S 109552874 294 100360 2
S 109563874 294 100362 2
S 109574873 294 100356 2
S 109585872 294 100355 2
S 109596872 294 100361 2
S 109607871 294 100361 2
S 109618870 294 100359 2
S 109629870 294 100359 2
S 109640869 294 100354 2
S 109651868 294 100350 2
S 109662868 294 100358 2
S 109673867 294 100356 2
S 109684866 294 100355 2
S 109695865 294 100358 2
S 109706865 294 100360 2
S 109717864 294 100350 2
S 109728863 294 100360 2
S 109744862 294 100355 2
S 109755862 294 100352 2
S 109766861 294 100359 2
S 109777860 294 100358 2
S 109788860 294 100357 2
S 109799859 294 100357 2
S 109810858 294 100361 2
S 109821858 294 100354 2
S 109832857 294 100355 2
S 109843856 294 100355 2
S 109854856 294 100359 2
S 109865855 294 100357 2
S 109876854 294 100356 2
S 109887853 294 100356 2
S 109898853 294 100357 2
S 109909852 294 100356 2
S 109920851 294 100357 2
S 109931851 294 100358 2
S 109942850 294 100355 2
S 109953849 294 100356 2
S 109964849 294 100356 2
S 109975848 294 100356 2
S 109986847 294 100353 2
S 109997847 294 100353 2
S 110008846 294 100354 2
S 110019845 294 100356 2
S 110030845 294 100356 2
S 110041844 294 100355 2
S 110052843 294 100353 2
S 110063842 294 100357 2
S 110074842 294 100361 2
S 110085841 294 100356 2
S 110096840 294 100358 2
S 110107840 294 100364 2
S 110118839 294 100361 2
S 110129838 294 100359 2
S 110140838 294 100359 2
S 110151837 294 100359 2
S 110162836 294 100357 2
S 110173836 294 100360 2
S 110184835 294 100356 2
S 110195834 294 100353 2
S 110206834 294 100354 2
S 110217833 294 100354 2
S 110228832 294 100362 2
S 110239831 294 100356 2
S 110250831 294 100362 2
S 110261830 294 100358 2
S 110272829 294 100363 2
S 110283829 294 100367 2
S 110294828 294 100364 2
S 110305827 294 100362 2
S 110316827 294 100362 2
S 110327826 294 100362 2
S 110338825 294 100364 2
S 110349825 294 100366 2
S 110360824 294 100362 2
S 110371823 294 100361 2
S 110382823 294 100356 2
S 110393822 294 100350 2
S 110404821 294 100354 2
S 110415820 294 100353 2
S 110426820 294 100356 2
S 110437819 294 100356 2
S 110448818 294 100356 2
S 110459818 294 100353 2
S 110470817 294 100353 2
S 110481816 294 100357 2
S 110492816 294 100358 2
S 110503815 294 100354 2
S 110514814 294 100360 2
S 110525814 294 100357 2
S 110536813 294 100355 2
S 110547812 294 100358 2
S 110558812 294 100355 2
S 110569811 294 100356 2
S 110580810 294 100355 2
S 110591809 294 100356 2
S 110602809 294 100358 2
S 110613808 294 100360 2
S 110624807 294 100356 2
S 110635807 294 100352 2
S 110646806 294 100351 2
S 110657805 294 100352 2
S 110668805 294 100359 2
S 110679804 294 100359 2
S 110690803 294 100358 2
S 110701803 294 100358 2
S 110712802 294 100357 2
S 110723801 294 100356 2
S 110734801 294 100361 2
S 110750800 294 100361 2
S 110761799 294 100363 2
S 110772798 294 100362 2
S 110783797 294 100362 2
S 110794797 294 100363 2
S 110805796 294 100359 2
S 110816795 294 100362 2
S 110827795 294 100363 2
S 110838794 294 100362 2
S 110849793 294 100365 2
S 110860793 294 100362 2
S 110871792 294 100365 2
S 110882791 294 100364 2
S 110893791 294 100368 2
S 110904790 294 100362 2
S 110915789 294 100362 2
S 110926789 294 100365 2
S 110937788 294 100362 2
S 110948787 294 100363 2
S 110959786 294 100360 2
S 110970786 294 100361 2
S 110981785 294 100362 2
S 110992784 294 100362 2
S 111003784 294 100365 2
S 111014783 294 100362 2
S 111025782 294 100367 2
S 111036782 294 100364 2
S 111047781 294 100367 2
S 111058780 294 100367 2
S 111069780 294 100369 2
S 111080779 294 100366 2
S 111091778 294 100364 2
S 111102778 294 100362 2
S 111113777 294 100365 2
S 111124776 294 100360 2
S 111135775 294 100362 2
S 111146775 294 100359 2
S 111157774 294 100360 2
S 111168773 294 100357 2
S 111179773 294 100361 2
S 111190772 294 100360 2
S 111201771 294 100362 2
S 111212771 294 100361 2
S 111223770 294 100362 2
S 111234769 294 100362 2
S 111245769 294 100362 2
S 111256768 294 100362 2
S 111267767 294 100361 2
S 111278767 294 100361 2
S 111289766 294 100360 2
S 111300765 294 100362 2
S 111311764 294 100361 2
S 111322764 294 100362 2
S 111333763 294 100362 2
S 111344762 294 100363 2
S 111355762 294 100363 2
S 111366761 294 100362 2
S 111377760 294 100365 2
S 111388760 294 100362 2
S 111399759 294 100360 2
S 111410758 294 100363 2
S 111421758 294 100362 2
S 111432757 294 100362 2
S 111443756 294 100361 2
S 111454756 294 100361 2
S 111465755 294 100360 2
S 111476754 294 100361 2
S 111487753 294 100365 2
S 111498753 294 100362 2
S 111509752 294 100361 2
S 111520751 294 100360 2
S 111531751 294 100363 2
S 111542750 294 100365 2
S 111553749 294 100364 2
S 111564749 294 100365 2
S 111575748 294 100363 2
S 111586747 294 100362 2
S 111597747 294 100362 2
S 111608746 294 100366 2
S 111619745 294 100365 2
S 111630745 294 100356 2
S 111641744 294 100362 2
S 111652743 294 100365 2
S 111663742 294 100362 2
S 111674742 294 100359 2
S 111685741 294 100365 2
S 111696740 294 100359 2
S 111707740 294 100362 2
S 111718739 294 100362 2
S 111729738 294 100359 2
S 111740738 294 100365 2
S 111756737 294 100365 2
S 111767736 294 100365 2
S 111778735 294 100363 2
S 111789735 294 100365 2
S 111800734 294 100362 2
S 111811733 294 100362 2
S 111822733 294 100364 2
S 111833732 294 100365 2
S 111844731 294 100360 2
S 111855730 294 100359 2
S 111866730 294 100363 2
S 111877729 294 100359 2
S 111888728 294 100363 2
S 111899728 294 100367 2
S 111910727 294 100365 2
S 111921726 294 100360 2
S 111932726 294 100361 2
S 111943725 294 100362 2
S 111954724 294 100362 2
S 111965724 294 100360 2
S 111976723 294 100359 2
S 111987722 294 100359 2
S 111998722 294 100359 2
S 112009721 294 100362 2
S 112020720 294 100359 2
S 112031719 294 100356 2
S 112042719 294 100359 2
S 112053718 294 100359 2
S 112064717 294 100359 2
S 112075717 294 100359 2
S 112086716 294 100358 2
S 112097715 294 100359 2
S 112108715 294 100358 2
S 112119714 294 100359 2
S 112130713 294 100358 2
S 112141713 294 100359 2
S 112152712 294 100357 2
S 112163711 294 100357 2
S 112174711 294 100361 2
S 112185710 294 100365 2
S 112196709 294 100361 2
S 112207708 294 100359 2
S 112218708 294 100356 2
S 112229707 294 100353 2
S 112240706 294 100361 2
S 112251706 294 100359 2
S 112262705 294 100360 2
S 112273704 294 100357 2
S 112284704 294 100363 2
S 112295703 294 100365 2
S 112306702 294 100364 2
S 112317702 294 100362 2
S 112328701 294 100360 2
S 112339700 294 100359 2
S 112350700 294 100359 2
S 112361699 294 100362 2
S 112372698 294 100361 2
S 112383697 294 100359 2
S 112394697 294 100359 2
S 112405696 294 100362 2
S 112416695 294 100362 2
S 112427695 294 100359 2
S 112438694 294 100357 2
S 112449693 294 100361 2
S 112460693 294 100355 2
S 112471692 294 100359 2
S 112482691 294 100358 2
S 112493691 294 100355 2
S 112504690 294 100362 2
S 112515689 294 100363 2
S 112526689 294 100360 2
S 112537688 294 100356 2
S 112548687 294 100359 2
S 112559686 294 100359 2
S 112570686 294 100358 2
S 112581685 294 100356 2
S 112592684 294 100359 2
S 112603684 294 100354 2
S 112614683 294 100353 2
S 112625682 294 100352 2
S 112636682 294 100354 2
S 112647681 294 100362 2
S 112658680 294 100356 2
S 112669680 294 100359 2
S 112680679 294 100360 2
S 112691678 294 100362 2
S 112702678 294 100357 2
S 112713677 294 100359 2
S 112724676 294 100359 2
S 112735675 294 100361 2
S 112746675 294 100362 2
S 112762674 294 100365 2
S 112773673 294 100363 2
S 112784672 294 100359 2
S 112795672 294 100361 2
S 112806671 294 100353 2
S 112817670 294 100360 2
S 112828670 294 100356 2
S 112839669 294 100357 2
S 112850668 294 100356 2
S 112861668 294 100358 2
S 112872667 294 100360 2
S 112883666 294 100356 2
S 112894666 294 100357 2
S 112905665 294 100362 2
S 112916664 294 100361 2
S 112927663 294 100362 2
S 112938663 294 100362 2
S 112949662 294 100353 2
S 112960661 294 100364 2
S 112971661 294 100353 2
S 112982660 294 100357 2
S 112993659 294 100362 2
S 113004659 294 100356 2
S 113015658 294 100359 2
S 113026657 294 100360 2
S 113037657 294 100362 2
S 113048656 294 100360 2
S 113059655 294 100358 2
S 113070655 294 100360 2
S 113081654 294 100353 2
S 113092653 294 100358 2
S 113103652 294 100355 2
S 113114652 294 100359 2
S 113125651 294 100352 2
S 113136650 294 100355 2
S 113147650 294 100356 2
S 113158649 294 100353 2
S 113169648 294 100353 2
S 113180648 294 100348 2
S 113191647 294 100357 2
S 113202646 294 100356 2
S 113213646 294 100357 2
S 113224645 294 100354 2
S 113235644 294 100352 2
S 113246644 294 100353 2
S 113257643 294 100355 2
S 113268642 294 100353 2
S 113279641 294 100358 2
S 113290641 294 100360 2
S 113301640 294 100359 2
S 113312639 294 100363 2
S 113323639 294 100361 2
S 113334638 294 100360 2
S 113345637 294 100360 2
S 113356637 294 100361 2
S 113367636 294 100361 2
S 113378635 294 100357 2
S 113389635 294 100354 2
S 113400634 294 100355 2
S 113411633 294 100359 2
S 113422633 294 100354 2
S 113433632 294 100354 2
S 113444631 294 100360 2
S 113455630 294 100358 2
S 113466630 294 100358 2
S 113477629 294 100358 2
S 113488628 294 100361 2
S 113499628 294 100360 2
S 113510627 294 100361 2
S 113521626 294 100357 2
S 113532626 294 100362 2
S 113543625 294 100358 2
S 113554624 294 100364 2
S 113565624 294 100361 2
S 113576623 294 100361 2
S 113587622 294 100361 2
S 113598622 294 100361 2
S 113609621 294 100361 2
S 113620620 294 100361 2
S 113631619 294 100364 2
S 113642619 294 100363 2
S 113653618 294 100365 2
S 113664617 294 100361 2
S 113675617 294 100359 2
S 113686616 294 100363 2
S 113697615 294 100357 2
S 113708615 294 100362 2
S 113719614 294 100364 2
S 113730613 294 100361 2
S 113741613 294 100361 2
S 113752612 294 100362 2
S 113768611 294 100365 2
S 113779610 294 100362 2
S 113790610 294 100365 2
S 113801609 294 100362 2
S 113812608 294 100362 2
S 113823607 294 100359 2
S 113834607 294 100362 2
S 113845606 294 100362 2
S 113856605 294 100363 2
S 113867605 294 100360 2
S 113878604 294 100363 2
S 113889603 294 100359 2
S 113900603 294 100357 2
S 113911602 294 100356 2
S 113922601 294 100357 2
S 113933601 294 100357 2
S 113944600 294 100360 2
S 113955599 294 100357 2
S 113966599 294 100356 2
S 113977598 294 100359 2
S 113988597 294 100361 2
S 113999596 294 100356 2
S 114010596 294 100360 2
S 114021595 294 100353 2
S 114032594 294 100357 2
S 114043594 294 100358 2
S 114054593 294 100360 2
S 114065592 294 100358 2
S 114076592 294 100360 2
S 114087591 294 100362 2
S 114098590 294 100359 2
S 114109590 294 100362 2
S 114120589 294 100361 2
S 114131588 294 100360 2
S 114142588 294 100356 2
S 114153587 294 100362 2
S 114164586 294 100361 2
S 114175585 294 100356 2
S 114186585 294 100359 2
S 114197584 294 100361 2
S 114208583 294 100360 2
S 114219583 294 100362 2
S 114230582 294 100362 2
S 114241581 294 100362 2
S 114252581 294 100359 2
S 114263580 294 100362 2
S 114274579 294 100367 2
S 114285579 294 100354 2
S 114296578 294 100357 2
S 114307577 294 100354 2
S 114318577 294 100357 2
S 114329576 294 100359 2
S 114340575 294 100360 2
S 114351574 294 100357 2
S 114362574 294 100358 2
S 114373573 294 100363 2
S 114384572 294 100360 2
S 114395572 294 100362 2
S 114406571 294 100356 2
S 114417570 294 100360 2
S 114428570 294 100361 2
S 114439569 294 100353 2
S 114450568 294 100350 2
S 114461568 294 100354 2
S 114472567 294 100354 2
S 114483566 294 100360 2
S 114494566 294 100361 2
S 114505565 294 100363 2
S 114516564 294 100363 2
S 114527563 294 100356 2
S 114538563 294 100359 2
S 114549562 294 100362 2
S 114560561 294 100359 2
S 114571561 294 100359 2
S 114582560 294 100359 2
S 114593559 294 100359 2
S 114604559 294 100358 2
S 114615558 294 100356 2
S 114626557 294 100359 2
S 114637557 294 100360 2
S 114648556 294 100359 2
S 114659555 294 100360 2
S 114670555 294 100359 2
S 114681554 294 100357 2
S 114692553 294 100358 2
S 114703552 294 100355 2
S 114714552 294 100362 2
S 114725551 294 100356 2
S 114736550 294 100358 2
S 114747550 294 100360 2
S 114758549 294 100353 2
S 114774548 294 100356 2
S 114785547 294 100359 2
S 114796547 294 100356 2
S 114807546 294 100356 2
S 114818545 294 100353 2
S 114829545 294 100353 2
S 114840544 294 100362 2
S 114851543 294 100360 2
S 114862543 294 100361 2
S 114873542 294 100353 2
S 114884541 294 100357 2
S 114895540 294 100353 2
S 114906540 294 100362 2
S 114917539 294 100360 2
S 114928538 294 100354 2
S 114939538 294 100354 2
S 114950537 294 100356 2
S 114961536 294 100353 2
S 114972536 294 100346 2
S 114983535 294 100350 2
S 114994534 294 100353 2
S 115005534 294 100355 2
S 115016533 294 100353 2
S 115027532 294 100354 2
S 115038532 294 100354 2
S 115049531 294 100353 2
S 115060530 294 100353 2
S 115071529 294 100349 2
S 115082529 294 100353 2
S 115093528 294 100350 2
S 115104527 294 100350 2
S 115115527 294 100344 2
S 115126526 294 100347 2
S 115137525 294 100351 2
S 115148525 294 100357 2
S 115159524 294 100357 2
S 115170523 294 100350 2
S 115181523 294 100345 2
S 115192522 294 100353 2
S 115203521 294 100348 2
S 115214521 294 100350 2
S 115225520 294 100349 2
S 115236519 294 100353 2
S 115247518 294 100351 2
S 115258518 294 100356 2
S 115269517 294 100356 2
S 115280516 294 100352 2
S 115291516 294 100356 2
S 115302515 294 100359 2
S 115313514 294 100354 2
S 115324514 294 100355 2
S 115335513 294 100359 2
S 115346512 294 100355 2
S 115357512 294 100359 2
S 115368511 294 100359 2
S 115379510 294 100357 2
S 115390510 294 100356 2
S 115401509 294 100356 2
S 115412508 294 100359 2
S 115423507 294 100356 2
S 115434507 294 100358 2
S 115445506 294 100355 2
S 115456505 294 100354 2
S 115467505 294 100358 2
S 115478504 294 100350 2
S 115489503 294 100354 2
S 115500503 294 100357 2
S 115511502 294 100353 2
S 115522501 294 100357 2
S 115533501 294 100356 2
S 115544500 294 100352 2
S 115555499 294 100355 2
S 115566499 294 100358 2
S 115577498 294 100359 2
S 115588497 294 100356 2
S 115599496 294 100355 2
S 115610496 294 100357 2
S 115621495 294 100359 2
S 115632494 294 100357 2
S 115643494 294 100355 2
S 115654493 294 100360 2
S 115665492 294 100359 2
S 115676492 294 100354 2
S 115687491 294 100356 2
S 115698490 294 100357 2
S 115709490 294 100354 2
S 115720489 294 100356 2
S 115731488 294 100353 2
S 115742488 294 100356 2
S 115753487 294 100359 2
S 115764486 294 100353 2
S 115780485 295 100361 2
S 115791484 295 100364 2
S 115802484 295 100363 2
S 115813483 295 100367 2
S 115824482 295 100362 2
S 115835482 295 100362 2
S 115846481 295 100366 2
S 115857480 295 100365 2
S 115868480 295 100362 2
S 115879479 295 100365 2
S 115890478 295 100363 2
S 115901478 295 100363 2
S 115912477 295 100366 2
S 115923476 295 100365 2
S 115934476 295 100361 2
S 115945475 295 100365 2
S 115956474 295 100366 2
S 115967473 295 100359 2
S 115978473 295 100362 2
S 115989472 295 100359 2
S 116000472 295 100357 2
S 116011471 295 100359 2
S 116022470 295 100359 2
S 116033469 295 100365 2
S 116044469 295 100360 2
S 116055468 295 100362 2
S 116066467 295 100365 2
S 116077467 295 100362 2
S 116088466 295 100365 2
S 116099465 295 100361 2
S 116110465 295 100361 2
S 116121464 295 100361 2
S 116132463 295 100362 2
S 116143462 295 100365 2
S 116154462 295 100364 2
S 116165461 295 100365 2
S 116176460 295 100360 2
S 116187460 295 100361 2
S 116198459 295 100362 2
S 116209458 295 100365 2
S 116220458 295 100363 2
S 116231457 295 100363 2
S 116242456 295 100361 2
S 116253456 295 100359 2
S 116264455 295 100359 2
S 116275454 295 100362 2
S 116286454 295 100359 2
S 116297453 295 100358 2
S 116308452 295 100360 2
S 116319451 295 100356 2
S 116330451 295 100357 2
S 116341450 295 100359 2
S 116352449 295 100361 2
S 116363449 295 100356 2
S 116374448 295 100356 2
S 116385447 295 100356 2
S 116396447 295 100361 2
S 116407446 295 100362 2
S 116418445 295 100362 2
S 116429445 295 100361 2
S 116440444 295 100362 2
S 116451443 295 100365 2
S 116462443 295 100362 2
S 116473442 295 100358 2
S 116484441 295 100358 2
S 116495440 295 100360 2
S 116506440 295 100360 2
S 116517439 295 100360 2
S 116528438 295 100359 2
S 116539438 295 100362 2
S 116550437 295 100361 2
S 116561436 295 100356 2
S 116572436 295 100355 2
S 116583435 295 100357 2
S 116594434 295 100358 2
S 116605434 295 100359 2
S 116616433 295 100356 2
S 116627432 295 100358 2
S 116638432 295 100357 2
S 116649431 295 100358 2
S 116660430 295 100362 2
S 116671429 295 100359 2
S 116682429 295 100357 2
S 116693428 295 100356 2
S 116704427 295 100359 2
S 116715427 295 100360 2
S 116726426 295 100360 2
S 116737425 295 100357 2
S 116748425 295 100359 2
S 116759424 295 100361 2
S 116770423 295 100362 2
S 116786422 294 100361 2
S 116797422 294 100362 2
S 116808421 294 100361 2
S 116819420 294 100358 2
S 116830420 294 100355 2
S 116841419 294 100353 2
S 116852418 294 100363 2
S 116863417 294 100358 2
S 116874417 294 100361 2
S 116885416 294 100362 2
S 116896415 294 100358 2
S 116907415 294 100361 2
S 116918414 294 100362 2
S 116929413 294 100358 2
S 116940413 294 100359 2
S 116951412 294 100362 2
S 116962411 294 100362 2
S 116973411 294 100358 2
S 116984410 294 100358 2
S 116995409 294 100358 2
S 117006409 294 100361 2
S 117017408 294 100356 2
S 117028407 294 100356 2
S 117039406 294 100354 2
S 117050406 294 100352 2
S 117061405 294 100359 2
S 117072404 294 100358 2
S 117083404 294 100354 2
S 117094403 294 100355 2
S 117105402 294 100356 2
S 117116402 294 100360 2
S 117127401 294 100355 2
S 117138400 294 100361 2
S 117149400 294 100355 2
S 117160399 294 100354 2
S 117171398 294 100355 2
S 117182398 294 100357 2
S 117193397 294 100359 2
S 117204396 294 100360 2
S 117215395 294 100353 2
S 117226395 294 100354 2
S 117237394 294 100357 2
S 117248393 294 100359 2
S 117259393 294 100359 2
S 117270392 294 100360 2
S 117281391 294 100355 2
S 117292391 294 100356 2
S 117303390 294 100356 2
S 117314389 294 100356 2
S 117325389 294 100356 2
S 117336388 294 100358 2
S 117347387 294 100353 2
S 117358387 294 100355 2
S 117369386 294 100356 2
S 117380385 294 100362 2
S 117391384 294 100359 2
S 117402384 294 100360 2
S 117413383 294 100356 2
S 117424382 294 100355 2
S 117435382 294 100356 2
S 117446381 294 100356 2
S 117457380 294 100361 2
S 117468380 294 100357 2
S 117479379 294 100359 2
S 117490378 294 100359 2
S 117501378 294 100362 2
S 117512377 294 100359 2
S 117523376 294 100358 2
S 117534376 294 100355 2
S 117545375 294 100359 2
S 117556374 294 100357 2
S 117567373 294 100357 2
S 117578373 294 100359 2
S 117589372 294 100361 2
S 117600371 294 100360 2
S 117611371 294 100359 2
S 117622370 294 100364 2
S 117633369 294 100359 2
S 117644369 294 100359 2
S 117655368 294 100358 2
S 117666367 294 100361 2
S 117677367 294 100351 2
S 117688366 294 100359 2
S 117699365 294 100359 2
S 117710365 294 100362 2
S 117721364 294 100361 2
S 117732363 294 100359 2
S 117743362 294 100362 2
S 117754362 294 100364 2
S 117765361 294 100360 2
S 117776360 294 100360 2
S 117792359 294 100364 2
S 117803359 294 100362 2
S 117814358 294 100367 2
S 117825357 294 100364 2
S 117836357 294 100365 2
S 117847356 294 100365 2
S 117858355 294 100365 2
S 117869355 294 100365 2
S 117880354 294 100362 2
S 117891353 294 100361 2
S 117902353 294 100359 2
S 117913352 294 100354 2
S 117924351 294 100360 2
S 117935350 294 100359 2
S 117946350 294 100362 2
S 117957349 294 100357 2
S 117968348 294 100362 2
S 117979348 294 100359 2
S 117990347 294 100362 2
S 118001347 294 100359 2
S 118012346 294 100358 2
S 118023345 294 100356 2
S 118034344 294 100356 2
S 118045344 294 100357 2
S 118056343 294 100359 2
S 118067342 294 100358 2
S 118078342 294 100360 2
S 118089341 294 100356 2
S 118100340 294 100353 2
S 118111339 294 100357 2
S 118122339 294 100358 2
S 118133338 294 100353 2
S 118144337 294 100354 2
S 118155337 294 100357 2
S 118166336 294 100359 2
S 118177335 294 100357 2
S 118188335 294 100354 2
S 118199334 294 100353 2
S 118210333 294 100358 2
S 118221333 294 100356 2
S 118232332 294 100356 2
S 118243331 294 100353 2
S 118254331 294 100356 2
S 118265330 294 100359 2
S 118276329 294 100357 2
S 118287328 294 100360 2
S 118298328 294 100356 2
S 118309327 294 100356 2
S 118320326 294 100356 2
S 118331326 294 100353 2
S 118342325 294 100353 2
S 118353324 294 100357 2
S 118364324 294 100359 2
S 118375323 294 100359 2
S 118386322 294 100357 2
S 118397322 294 100356 2
S 118408321 294 100357 2
S 118419320 294 100358 2
S 118430320 294 100359 2
S 118441319 294 100359 2
S 118452318 294 100356 2
S 118463317 294 100353 2
S 118474317 294 100359 2
S 118485316 294 100357 2
S 118496315 294 100354 2
S 118507315 294 100361 2
S 118518314 294 100360 2
S 118529313 294 100356 2
S 118540313 294 100356 2
S 118551312 294 100352 2
S 118562311 294 100356 2
S 118573311 294 100358 2
S 118584310 294 100361 2
S 118595309 294 100353 2
S 118606309 294 100356 2
S 118617308 294 100356 2
S 118628307 294 100357 2
S 118639306 294 100360 2
S 118650306 294 100359 2
S 118661305 294 100358 2
S 118672304 294 100360 2
S 118683304 294 100358 2
S 118694303 294 100356 2
S 118705302 294 100348 2
S 118716302 294 100356 2
S 118727301 294 100356 2
S 118738300 294 100362 2
S 118749300 294 100359 2
S 118760299 294 100357 2
S 118771298 294 100357 2
S 118782298 294 100358 2
S 118798297 294 100367 2
S 118809296 294 100360 2
S 118820295 294 100362 2
S 118831294 294 100360 2
S 118842294 294 100362 2
S 118853293 294 100359 2
S 118864292 294 100356 2
S 118875292 294 100357 2
S 118886291 294 100359 2
S 118897290 294 100362 2
S 118908290 294 100358 2
S 118919289 294 100357 2
S 118930288 294 100359 2
S 118941288 294 100357 2
S 118952287 294 100360 2
S 118963286 294 100358 2
S 118974286 294 100356 2
S 118985285 294 100359 2
S 118996284 294 100358 2
S 119007283 294 100357 2
S 119018283 294 100353 2
S 119029282 294 100359 2
S 119040281 294 100359 2
S 119051281 294 100359 2
S 119062280 294 100358 2
S 119073279 294 100356 2
S 119084279 294 100361 2
S 119095278 294 100358 2
S 119106277 294 100357 2
S 119117277 294 100355 2
S 119128276 294 100353 2
S 119139275 294 100366 2
S 119150275 294 100364 2
S 119161274 294 100364 2
S 119172273 294 100361 2
S 119183272 294 100367 2
S 119194272 294 100360 2
S 119205271 294 100362 2
S 119216270 294 100359 2
S 119227270 294 100358 2
S 119238269 294 100357 2
S 119249268 294 100362 2
S 119260268 294 100359 2
S 119271267 294 100356 2
S 119282266 294 100361 2
S 119293266 294 100359 2
S 119304265 294 100362 2
S 119315264 294 100356 2
S 119326264 294 100356 2
S 119337263 294 100358 2
S 119348262 294 100358 2
S 119359261 294 100358 2
S 119370261 294 100358 2
S 119381260 294 100360 2
S 119392259 294 100361 2
S 119403259 294 100361 2
S 119414258 294 100360 2
S 119425257 294 100362 2
S 119436257 294 100362 2
S 119447256 294 100362 2
S 119458255 294 100360 2
S 119469255 294 100356 2
S 119480254 294 100358 2
S 119491253 294 100360 2
S 119502253 294 100364 2
S 119513252 294 100361 2
S 119524251 294 100358 2
S 119535250 294 100353 2
S 119546250 294 100356 2
S 119557249 294 100360 2
S 119568248 294 100361 2
S 119579248 294 100356 2
S 119590247 294 100356 2
S 119601246 294 100359 2
S 119612246 294 100361 2
S 119623245 294 100359 2
S 119634244 294 100356 2
S 119645244 294 100359 2
S 119656243 294 100356 2
S 119667242 294 100356 2
S 119678242 294 100359 2
S 119689241 294 100350 2
S 119700240 294 100358 2
S 119711239 294 100356 2
S 119722239 294 100356 2
S 119733238 294 100359 2
S 119744237 294 100353 2
S 119755237 294 100362 2
S 119766236 294 100359 2
S 119777235 294 100353 2
S 119788235 294 100360 2
S 119804234 295 100366 2
S 119815233 295 100365 2
S 119826232 295 100364 2
S 119837232 295 100365 2
S 119848231 295 100361 2
S 119859230 295 100359 2
S 119870230 295 100358 2
S 119881229 295 100362 2
S 119892228 295 100361 2
S 119903227 295 100362 2
S 119914227 295 100365 2
S 119925226 295 100362 2
S 119936225 295 100362 2
S 119947225 295 100366 2
S 119958224 295 100367 2
S 119969223 295 100362 2
S 119980223 295 100369 2
S 119991222 295 100368 2
S 120002222 295 100362 2
S 120013221 295 100364 2
S 120024220 295 100365 2
S 120035219 295 100365 2
S 120046219 295 100363 2
S 120057218 295 100367 2
S 120068217 295 100365 2
S 120079216 295 100365 2
S 120090216 295 100364 2
S 120101215 295 100368 2
S 120112214 295 100370 2
S 120123214 295 100372 2
S 120134213 295 100367 2
S 120145212 295 100372 2
S 120156212 295 100368 2
S 120167211 295 100365 2
S 120178210 295 100369 2
S 120189210 295 100364 2
S 120200209 295 100367 2
S 120211208 295 100365 2
S 120222208 295 100365 2
S 120233207 295 100365 2
S 120244206 295 100365 2
S 120255205 295 100365 2
S 120266205 295 100363 2
S 120277204 295 100365 2
S 120288203 295 100371 2
S 120299203 295 100366 2
S 120310202 295 100370 2
S 120321201 295 100370 2
S 120332201 295 100359 2
S 120343200 295 100359 2
S 120354199 295 100358 2
S 120365199 295 100368 2
S 120376198 295 100366 2
S 120387197 295 100365 2
S 120398197 295 100365 2
S 120409196 295 100370 2
S 120420195 295 100369 2
S 120431194 295 100370 2
S 120442194 295 100370 2
S 120453193 295 100365 2
S 120464192 295 100368 2
S 120475192 295 100365 2
S 120486191 295 100365 2
S 120497190 295 100357 2
S 120508190 295 100366 2
S 120519189 295 100365 2
S 120530188 295 100365 2
S 120541188 295 100363 2
S 120552187 295 100359 2
S 120563186 295 100362 2
S 120574186 295 100363 2
S 120585185 295 100364 2
S 120596184 295 100364 2
S 120607183 295 100364 2
S 120618183 295 100363 2
S 120629182 295 100365 2
S 120640181 295 100365 2
S 120651181 295 100366 2
S 120662180 295 100365 2
S 120673179 295 100366 2
S 120684179 295 100369 2
S 120695178 295 100364 2
S 120706177 295 100363 2
S 120717177 295 100367 2
S 120728176 295 100365 2
S 120739175 295 100368 2
S 120750175 295 100365 2
S 120761174 295 100365 2
S 120772173 295 100362 2
S 120783172 295 100362 2
S 120794172 295 100366 2
S 120810171 295 100367 2
S 120821170 295 100362 2
S 120832169 295 100362 2
S 120843169 295 100363 2
S 120854168 295 100360 2
S 120865167 295 100365 2
S 120876167 295 100362 2
S 120887166 295 100362 2
S 120898165 295 100363 2
S 120909165 295 100354 2
S 120920164 295 100358 2
S 120931163 295 100363 2
S 120942163 295 100364 2
S 120953162 295 100357 2
S 120964161 295 100361 2
S 120975160 295 100365 2
S 120986160 295 100359 2
S 120997159 295 100362 2
S 121008158 295 100363 2
S 121019158 295 100363 2
S 121030157 295 100363 2
S 121041156 295 100359 2
S 121052156 295 100360 2
S 121063155 295 100362 2
S 121074154 295 100360 2
S 121085154 295 100358 2
S 121096153 295 100359 2
S 121107152 295 100359 2
S 121118152 295 100362 2
S 121129151 295 100362 2
S 121140150 295 100360 2
S 121151149 295 100362 2
S 121162149 295 100356 2
S 121173148 295 100362 2
S 121184147 295 100360 2
S 121195147 295 100363 2
S 121206146 295 100356 2
S 121217145 295 100363 2
S 121228145 295 100362 2
S 121239144 295 100362 2
S 121250143 295 100362 2
S 121261143 295 100358 2
S 121272142 295 100361 2
S 121283141 295 100362 2
S 121294141 295 100357 2
S 121305140 295 100362 2
S 121316139 295 100355 2
S 121327138 295 100353 2
S 121338138 295 100359 2
S 121349137 295 100359 2
S 121360136 295 100362 2
S 121371136 295 100361 2
S 121382135 295 100356 2
S 121393134 295 100360 2
S 121404134 295 100356 2
S 121415133 295 100362 2
S 121426132 295 100363 2
S 121437132 295 100365 2
S 121448131 295 100362 2
S 121459130 295 100356 2
S 121470130 295 100359 2
S 121481129 295 100360 2
S 121492128 295 100360 2
S 121503127 295 100362 2
S 121514127 295 100362 2
S 121525126 295 100360 2
S 121536125 295 100359 2
S 121547125 295 100356 2
S 121558124 295 100359 2
S 121569123 295 100359 2
S 121580123 295 100356 2
S 121591122 295 100363 2
S 121602121 295 100356 2
S 121613121 295 100358 2
S 121624120 295 100356 2
S 121635119 295 100361 2
S 121646119 295 100359 2
S 121657118 295 100361 2
S 121668117 295 100356 2
S 121679116 295 100361 2
S 121690116 295 100359 2
S 121701115 295 100365 2
S 121712114 295 100357 2
S 121723114 295 100360 2
S 121734113 295 100361 2
S 121745112 295 100365 2
S 121756112 295 100359 2
S 121767111 295 100358 2
S 121778110 295 100363 2
S 121789110 295 100359 2
S 121800109 295 100359 2
S 121816108 295 100365 2
S 121827107 295 100362 2
S 121838107 295 100362 2
S 121849106 295 100361 2
S 121860105 295 100359 2
S 121871104 295 100356 2
S 121882104 295 100362 2
S 121893103 295 100360 2
S 121904102 295 100353 2
S 121915102 295 100356 2
S 121926101 295 100358 2
S 121937100 295 100364 2
S 121948100 295 100362 2
S 121959099 295 100363 2
S 121970098 295 100359 2
S 121981098 295 100360 2
S 121992097 295 100356 2
S 122003096 295 100355 2
S 122014096 295 100361 2
S 122025095 295 100360 2
S 122036094 295 100363 2
S 122047093 295 100356 2
S 122058093 295 100361 2
S 122069092 295 100356 2
S 122080091 295 100357 2
S 122091091 295 100359 2
S 122102090 295 100355 2
S 122113089 295 100356 2
S 122124089 295 100355 2
S 122135088 295 100362 2
S 122146087 295 100357 2
S 122157087 295 100353 2
S 122168086 295 100353 2
S 122179085 295 100360 2
S 122190085 295 100359 2
S 122201084 295 100353 2
S 122212083 295 100356 2
S 122223082 295 100363 2
S 122234082 295 100360 2
S 122245081 295 100359 2
S 122256080 295 100359 2
S 122267080 295 100361 2
S 122278079 295 100361 2
S 122289078 295 100358 2
S 122300078 295 100359 2
S 122311077 295 100353 2
S 122322076 295 100356 2
S 122333076 295 100355 2
S 122344075 295 100353 2
S 122355074 295 100353 2
S 122366074 295 100350 2
S 122377073 295 100353 2
S 122388072 295 100355 2
S 122399071 295 100351 2
S 122410071 295 100354 2
S 122421070 295 100355 2
S 122432069 295 100353 2
S 122443069 295 100349 2
S 122454068 295 100356 2
S 122465067 295 100353 2
S 122476067 295 100355 2
S 122487066 295 100360 2
S 122498065 295 100361 2
S 122509065 295 100353 2
S 122520064 295 100353 2
S 122531063 295 100358 2
S 122542063 295 100360 2
S 122553062 295 100354 2
S 122564061 295 100362 2
S 122575060 295 100351 2
S 122586060 295 100360 2
S 122597059 295 100357 2
S 122608058 295 100358 2
S 122619058 295 100356 2
S 122630057 295 100360 2
S 122641056 295 100359 2
S 122652056 295 100356 2
S 122663055 295 100359 2
S 122674054 295 100354 2
S 122685054 295 100360 2
S 122696053 295 100366 2
S 122707052 295 100359 2
S 122718052 295 100360 2
S 122729051 295 100361 2
S 122740050 295 100359 2
S 122751049 295 100363 2
S 122762049 295 100359 2
S 122773048 295 100362 2
S 122784047 295 100364 2
S 122795047 295 100366 2
S 122806046 295 100360 2
S 122822045 295 100355 2
S 122833044 295 100359 2
S 122844044 295 100354 2
S 122855043 295 100360 2
S 122866042 295 100360 2
S 122877042 295 100357 2
S 122888041 295 100362 2
S 122899040 295 100358 2
S 122910040 295 100355 2
S 122921039 295 100359 2
S 122932038 295 100359 2
S 122943037 295 100357 2
S 122954037 295 100359 2
S 122965036 295 100362 2
S 122976035 295 100358 2
S 122987035 295 100363 2
S 122998034 295 100361 2
S 123009033 295 100364 2
S 123020033 295 100363 2
S 123031032 295 100359 2
S 123042031 295 100366 2
S 123053031 295 100362 2
S 123064030 295 100355 2
S 123075029 295 100360 2
S 123086029 295 100356 2
S 123097028 295 100357 2
S 123108027 295 100353 2
S 123119026 295 100358 2
S 123130026 295 100359 2
S 123141025 295 100358 2
S 123152024 295 100357 2
S 123163024 295 100362 2
S 123174023 295 100360 2
S 123185022 295 100357 2
S 123196022 295 100358 2
S 123207021 295 100356 2
S 123218020 295 100359 2
S 123229020 295 100361 2
S 123240019 295 100362 2
S 123251018 295 100358 2
S 123262018 295 100358 2
S 123273017 295 100356 2
S 123284016 295 100358 2
S 123295015 295 100356 2
S 123306015 295 100359 2
S 123317014 295 100353 2
S 123328013 295 100353 2
S 123339013 295 100358 2
S 123350012 295 100356 2
S 123361011 295 100355 2
S 123372011 295 100359 2
S 123383010 295 100362 2
S 123394009 295 100361 2
S 123405009 295 100360 2
S 123416008 295 100360 2
S 123427007 295 100366 2
S 123438007 295 100360 2
S 123449006 295 100365 2
S 123460005 295 100361 2
S 123471004 295 100363 2
S 123482004 295 100362 2
S 123493003 295 100362 2
S 123504002 295 100367 2
S 123515002 295 100362 2
S 123526001 295 100363 2
S 123537000 295 100362 2
S 123548000 295 100357 2
S 123558999 295 100363 2
S 123569998 295 100365 2
S 123580998 295 100359 2
S 123591997 295 100363 2
S 123602996 295 100362 2
S 123613996 295 100361 2
S 123624995 295 100364 2
S 123635994 295 100364 2
S 123646993 295 100365 2
S 123657993 295 100359 2
S 123668992 295 100364 2
S 123679991 295 100365 2
S 123690991 295 100359 2
S 123701990 295 100362 2
S 123712989 295 100365 2
S 123723989 295 100363 2
S 123734988 295 100361 2
S 123745987 295 100365 2
S 123756987 295 100363 2
S 123767986 295 100366 2
S 123778985 295 100361 2
S 123789985 295 100365 2
S 123800984 295 100365 2
S 123811983 295 100365 2
S 123827982 295 100369 2
S 123838981 295 100373 2
S 123849981 295 100373 2
S 123860980 295 100371 2
S 123871979 295 100370 2
S 123882979 295 100366 2
S 123893978 295 100370 2
S 123904977 295 100368 2
S 123915977 295 100368 2
S 123926976 295 100365 2
S 123937975 295 100367 2
S 123948975 295 100367 2
S 123959974 295 100369 2
S 123970973 295 100368 2
S 123981973 295 100361 2
S 123992972 295 100363 2
S 124003971 295 100368 2
S 124014970 295 100362 2
S 124025970 295 100358 2
S 124036969 295 100356 2
S 124047968 295 100363 2
S 124058968 295 100365 2
S 124069967 295 100361 2
S 124080966 295 100360 2
S 124091966 295 100365 2
S 124102965 295 100361 2
S 124113964 295 100365 2
S 124124964 295 100363 2
S 124135963 295 100365 2
S 124146962 295 100370 2
S 124157962 295 100365 2
S 124168961 295 100364 2
S 124179960 295 100365 2
S 124190959 295 100361 2
S 124201959 295 100366 2
S 124212958 295 100362 2
S 124223957 295 100360 2
S 124234957 295 100359 2
S 124245956 295 100362 2
S 124256955 295 100362 2
S 124267955 295 100361 2
S 124278954 295 100365 2
S 124289953 295 100361 2
S 124300953 295 100366 2
S 124311952 295 100365 2
S 124322951 295 100364 2
S 124333951 295 100370 2
S 124344950 295 100365 2
S 124355949 295 100359 2
S 124366948 295 100359 2
S 124377948 295 100363 2
S 124388947 295 100364 2
S 124399946 295 100364 2
S 124410946 295 100366 2
S 124421945 295 100368 2
S 124432944 295 100363 2
S 124443944 295 100362 2
S 124454943 295 100365 2
S 124465942 295 100364 2
S 124476942 295 100370 2
S 124487941 295 100366 2
S 124498940 295 100364 2
S 124509940 295 100365 2
S 124520939 295 100362 2
S 124531938 295 100363 2
S 124542937 295 100366 2
S 124553937 295 100365 2
S 124564936 295 100359 2
S 124575935 295 100366 2
S 124586935 295 100365 2
S 124597934 295 100365 2
S 124608933 295 100364 2
S 124619933 295 100363 2
S 124630932 295 100362 2
S 124641931 295 100363 2
S 124652931 295 100365 2
S 124663930 295 100366 2
S 124674929 295 100360 2
S 124685929 295 100362 2
S 124696928 295 100360 2
S 124707927 295 100361 2
S 124718926 295 100359 2
S 124729926 295 100365 2
S 124740925 295 100365 2
S 124751924 295 100359 2
S 124762924 295 100363 2
S 124773923 295 100365 2
S 124784922 295 100361 2
S 124795922 295 100358 2
S 124806921 295 100358 2
S 124817920 295 100362 2
S 124833919 295 100361 2
S 124844919 295 100362 2
S 124855918 295 100359 2
S 124866917 295 100360 2
S 124877917 295 100363 2
S 124888916 295 100356 2
S 124899915 295 100358 2
S 124910914 295 100354 2
S 124921914 295 100361 2
S 124932913 295 100357 2
S 124943912 295 100361 2
S 124954912 295 100360 2
S 124965911 295 100354 2
S 124976910 295 100361 2
S 124987910 295 100358 2
S 124998909 295 100357 2
S 125009908 295 100362 2
S 125020908 295 100362 2
S 125031907 295 100360 2
S 125042906 295 100359 2
S 125053906 295 100363 2
S 125064905 295 100364 2
S 125075904 295 100359 2
S 125086903 295 100356 2
S 125097903 295 100365 2
S 125108902 295 100356 2
S 125119901 295 100359 2
S 125130901 295 100359 2
S 125141900 295 100358 2
S 125152899 295 100361 2
S 125163899 295 100359 2
S 125174898 295 100353 2
S 125185897 295 100359 2
S 125196897 295 100361 2
S 125207896 295 100358 2
S 125218895 295 100353 2
S 125229895 295 100363 2
S 125240894 295 100360 2
S 125251893 295 100354 2
S 125262892 295 100353 2
S 125273892 295 100362 2
S 125284891 295 100358 2
S 125295890 295 100356 2
S 125306890 295 100355 2
S 125317889 295 100362 2
S 125328888 295 100361 2
S 125339888 295 100358 2
S 125350887 295 100360 2
S 125361886 295 100359 2
S 125372886 295 100361 2
S 125383885 295 100358 2
S 125394884 295 100352 2
S 125405884 295 100359 2
S 125416883 295 100359 2
S 125427882 295 100362 2
S 125438881 295 100363 2
S 125449881 295 100362 2
S 125460880 295 100366 2
S 125471879 295 100360 2
S 125482879 295 100362 2
S 125493878 295 100360 2
S 125504877 295 100359 2
S 125515877 295 100357 2
S 125526876 295 100355 2
S 125537875 295 100359 2
S 125548875 295 100356 2
S 125559874 295 100360 2
S 125570873 295 100361 2
S 125581873 295 100359 2
S 125592872 295 100357 2
S 125603871 295 100356 2
S 125614870 295 100358 2
S 125625870 295 100356 2
S 125636869 295 100359 2
S 125647868 295 100356 2
S 125658868 295 100354 2
S 125669867 295 100356 2
S 125680866 295 100356 2
S 125691866 295 100356 2
S 125702865 295 100355 2
S 125713864 295 100359 2
S 125724864 295 100359 2
S 125735863 295 100362 2
S 125746862 295 100363 2
S 125757862 295 100359 2
S 125768861 295 100361 2
S 125779860 295 100362 2
S 125790859 295 100356 2
S 125801859 295 100357 2
S 125812858 295 100358 2
S 125823857 295 100357 2
S 125839856 295 100359 2
S 125850856 295 100361 2
S 125861855 295 100357 2
S 125872854 295 100364 2
S 125883854 295 100365 2
S 125894853 295 100361 2
S 125905852 295 100366 2
S 125916852 295 100362 2
S 125927851 295 100365 2
S 125938850 295 100360 2
S 125949850 295 100366 2
S 125960849 295 100365 2
S 125971848 295 100365 2
S 125982847 295 100363 2
S 125993847 295 100360 2
S 126004846 295 100363 2
S 126015845 295 100362 2
S 126026845 295 100362 2
S 126037844 295 100362 2
S 126048843 295 100367 2
S 126059843 295 100364 2
S 126070842 295 100365 2
S 126081841 295 100363 2
S 126092841 295 100365 2
S 126103840 295 100365 2
S 126114839 295 100367 2
S 126125839 295 100362 2
S 126136838 295 100362 2
S 126147837 295 100361 2
S 126158836 295 100359 2
S 126169836 295 100360 2
S 126180835 295 100356 2
S 126191834 295 100364 2
S 126202834 295 100360 2
S 126213833 295 100362 2
S 126224832 295 100363 2
S 126235832 295 100362 2
S 126246831 295 100362 2
S 126257830 295 100363 2
S 126268830 295 100367 2
S 126279829 295 100363 2
S 126290828 295 100365 2
S 126301828 295 100361 2
S 126312827 295 100363 2
S 126323826 295 100360 2
S 126334825 295 100360 2
S 126345825 295 100359 2
S 126356824 295 100361 2
S 126367823 295 100360 2
S 126378823 295 100359 2
S 126389822 295 100362 2
S 126400821 295 100360 2
S 126411821 295 100361 2
S 126422820 295 100358 2
S 126433819 295 100353 2
S 126444819 295 100362 2
S 126455818 295 100357 2
S 126466817 295 100360 2
S 126477817 295 100354 2
S 126488816 295 100355 2
S 126499815 295 100357 2
S 126510814 295 100361 2
S 126521814 295 100364 2
S 126532813 295 100364 2
S 126543812 295 100362 2
S 126554812 295 100362 2
S 126565811 295 100364 2
S 126576810 295 100362 2
S 126587810 295 100361 2
S 126598809 295 100358 2
S 126609808 295 100361 2
S 126620808 295 100359 2
S 126631807 295 100359 2
S 126642806 295 100361 2
S 126653806 295 100359 2
S 126664805 295 100364 2
S 126675804 295 100353 2
S 126686803 295 100357 2
S 126697803 295 100362 2
S 126708802 295 100361 2
S 126719801 295 100356 2
S 126730801 295 100360 2
S 126741800 295 100356 2
S 126752799 295 100357 2
S 126763799 295 100359 2
S 126774798 295 100362 2
S 126785797 295 100360 2
S 126796797 295 100362 2
S 126807796 295 100363 2
S 126818795 295 100359 2
S 126829795 295 100359 2
S 126845794 295 100363 2
S 126856793 295 100364 2
S 126867792 295 100365 2
S 126878791 295 100365 2
S 126889791 295 100359 2
S 126900790 295 100362 2
S 126911789 295 100358 2
S 126922789 295 100361 2
S 126933788 295 100356 2
S 126944787 295 100362 2
S 126955787 295 100362 2
S 126966786 295 100358 2
S 126977785 295 100359 2
S 126988785 295 100359 2
S 126999784 295 100363 2
S 127010783 295 100365 2
S 127021783 295 100368 2
S 127032782 295 100364 2
S 127043781 295 100361 2
S 127054780 295 100360 2
S 127065780 295 100359 2
S 127076779 295 100360 2
S 127087778 295 100359 2
S 127098778 295 100365 2
S 127109777 295 100361 2
S 127120776 295 100358 2
S 127131776 295 100358 2
S 127142775 295 100362 2
S 127153774 295 100356 2
S 127164774 295 100352 2
S 127175773 295 100353 2
S 127186772 295 100359 2
S 127197772 295 100359 2
S 127208771 295 100358 2
S 127219770 295 100357 2
S 127230769 295 100355 2
S 127241769 295 100357 2
S 127252768 295 100353 2
S 127263767 295 100350 2
S 127274767 295 100353 2
S 127285766 295 100355 2
S 127296765 295 100358 2
S 127307765 295 100357 2
S 127318764 295 100346 2
S 127329763 295 100353 2
S 127340763 295 100356 2
S 127351762 295 100357 2
S 127362761 295 100356 2
S 127373761 295 100355 2
S 127384760 295 100361 2
S 127395759 295 100358 2
S 127406758 295 100356 2
S 127417758 295 100354 2
S 127428757 295 100353 2
S 127439756 295 100354 2
S 127450756 295 100353 2
S 127461755 295 100357 2
S 127472754 295 100357 2
S 127483754 295 100348 2
S 127494753 295 100362 2
S 127505752 295 100356 2
S 127516752 295 100352 2
S 127527751 295 100353 2
S 127538750 295 100356 2
S 127549750 295 100350 2
S 127560749 295 100352 2
S 127571748 295 100355 2
S 127582747 295 100353 2
S 127593747 295 100354 2
S 127604746 295 100352 2
S 127615745 295 100352 2
S 127626745 295 100351 2
S 127637744 295 100352 2
S 127648743 295 100351 2
S 127659743 295 100356 2
S 127670742 295 100358 2
S 127681741 295 100357 2
S 127692741 295 100358 2
S 127703740 295 100357 2
S 127714739 295 100353 2
S 127725739 295 100351 2
S 127736738 295 100355 2
S 127747737 295 100353 2
S 127758736 295 100355 2
S 127769736 295 100359 2
S 127780735 295 100362 2
S 127791734 295 100357 2
S 127802734 295 100359 2
S 127813733 295 100355 2
S 127824732 295 100355 2
S 127835732 295 100353 2
S 127851731 295 100362 2
S 127862730 295 100368 2
S 127873729 295 100366 2
S 127884729 295 100362 2
S 127895728 295 100362 2
S 127906727 295 100361 2
S 127917727 295 100360 2
S 127928726 295 100365 2
S 127939725 295 100363 2
S 127950724 295 100365 2
S 127961724 295 100361 2
S 127972723 295 100362 2
S 127983722 295 100358 2
S 127994722 295 100360 2
S 128005721 295 100359 2
S 128016720 295 100359 2
S 128027720 295 100360 2
S 128038719 295 100357 2
S 128049718 295 100362 2
S 128060718 295 100359 2
S 128071717 295 100356 2
S 128082716 295 100361 2
S 128093716 295 100360 2
S 128104715 295 100352 2
S 128115714 295 100353 2
S 128126713 295 100354 2
S 128137713 295 100355 2
S 128148712 295 100353 2
S 128159711 295 100353 2
S 128170711 295 100352 2
S 128181710 295 100355 2
S 128192709 295 100351 2
S 128203709 295 100354 2
S 128214708 295 100355 2
S 128225707 295 100360 2
S 128236707 295 100360 2
S 128247706 295 100356 2
S 128258705 295 100356 2
S 128269705 295 100360 2
S 128280704 295 100361 2
S 128291703 295 100359 2
S 128302702 295 100359 2
S 128313702 295 100355 2
S 128324701 295 100359 2
S 128335700 295 100360 2
S 128346700 295 100358 2
S 128357699 295 100359 2
S 128368698 295 100361 2
S 128379698 295 100359 2
S 128390697 295 100357 2
S 128401696 295 100359 2
S 128412696 295 100357 2
S 128423695 295 100365 2
S 128434694 295 100358 2
S 128445694 295 100359 2
S 128456693 295 100357 2
S 128467692 295 100358 2
S 128478691 295 100359 2
S 128489691 295 100358 2
S 128500690 295 100358 2
S 128511689 295 100358 2
S 128522689 295 100358 2
S 128533688 295 100358 2
S 128544687 295 100358 2
S 128555687 295 100357 2
S 128566686 295 100357 2
S 128577685 295 100355 2
S 128588685 295 100359 2
S 128599684 295 100362 2
S 128610683 295 100358 2
S 128621683 295 100353 2
S 128632682 295 100358 2
S 128643681 295 100363 2
S 128654680 295 100357 2
S 128665680 295 100355 2
S 128676679 295 100356 2
S 128687678 295 100358 2
S 128698678 295 100359 2
S 128709677 295 100356 2
S 128720676 295 100362 2
S 128731676 295 100361 2
S 128742675 295 100357 2
S 128753674 295 100362 2
S 128764674 295 100362 2
S 128775673 295 100359 2
S 128786672 295 100362 2
S 128797672 295 100361 2
S 128808671 295 100359 2
S 128819670 295 100362 2
S 128830669 295 100360 2
S 128841669 295 100361 2
S 128857668 295 100365 2
S 128868667 295 100370 2
S 128879666 295 100366 2
S 128890666 295 100362 2
S 128901665 295 100359 2
S 128912664 295 100359 2
S 128923664 295 100362 2
S 128934663 295 100362 2
S 128945662 295 100362 2
S 128956662 295 100356 2
S 128967661 295 100362 2
S 128978660 295 100359 2
S 128989660 295 100359 2
S 129000660 295 100353 2
S 129011658 295 100354 2
S 129022657 295 100353 2
S 129033657 295 100361 2
S 129044656 295 100360 2
S 129055655 295 100356 2
S 129066655 295 100359 2
S 129077654 295 100359 2
S 129088653 295 100367 2
S 129099653 295 100353 2
S 129110652 295 100356 2
S 129121651 295 100358 2
S 129132651 295 100358 2
S 129143650 295 100359 2
S 129154649 295 100356 2
S 129165649 295 100351 2
S 129176648 295 100352 2
S 129187647 295 100350 2
S 129198646 295 100350 2
S 129209646 295 100356 2
S 129220645 295 100352 2
S 129231644 295 100351 2
S 129242644 295 100355 2
S 129253643 295 100359 2
S 129264642 295 100357 2
S 129275642 295 100358 2
S 129286641 295 100356 2
S 129297640 295 100356 2
S 129308640 295 100353 2
S 129319639 295 100356 2
S 129330638 295 100353 2
S 129341638 295 100353 2
S 129352637 295 100357 2
S 129363636 295 100354 2
S 129374635 295 100356 2
S 129385635 295 100351 2
S 129396634 295 100353 2
S 129407633 295 100356 2
S 129418633 295 100359 2
S 129429632 295 100356 2
S 129440631 295 100360 2
S 129451631 295 100362 2
S 129462630 295 100360 2
S 129473629 295 100361 2
S 129484629 295 100359 2
S 129495628 295 100357 2
S 129506627 295 100362 2
S 129517627 295 100360 2
S 129528626 295 100360 2
S 129539625 295 100354 2
S 129550624 295 100356 2
S 129561624 295 100359 2
S 129572623 295 100355 2
S 129583622 295 100358 2
S 129594622 295 100358 2
S 129605621 295 100358 2
S 129616620 295 100363 2
S 129627620 295 100361 2
S 129638619 295 100362 2
S 129649618 295 100357 2
S 129660618 295 100354 2
S 129671617 295 100355 2
S 129682616 295 100354 2
S 129693616 295 100356 2
S 129704615 295 100358 2
S 129715614 295 100356 2
S 129726613 295 100358 2
S 129737613 295 100351 2
S 129748612 295 100355 2
S 129759611 295 100359 2
S 129770611 295 100359 2
S 129781610 295 100362 2
S 129792609 295 100358 2
S 129803609 295 100358 2
S 129814608 295 100357 2
S 129825607 295 100358 2
S 129836607 295 100359 2
S 129847606 295 100365 2
S 129863605 295 100362 2
S 129874604 295 100358 2
S 129885604 295 100359 2
S 129896603 295 100360 2
S 129907602 295 100361 2
S 129918601 295 100357 2
S 129929601 295 100350 2
S 129940600 295 100356 2
S 129951599 295 100356 2
S 129962599 295 100356 2
S 129973598 295 100358 2
S 129984597 295 100359 2
S 129995597 295 100358 2
S 130006596 295 100356 2
S 130017595 295 100359 2
S 130028595 295 100360 2
S 130039594 295 100362 2
S 130050593 295 100363 2
S 130061593 295 100362 2
S 130072592 295 100361 2
S 130083591 295 100362 2
S 130094590 295 100357 2
S 130105590 295 100358 2
S 130116589 295 100362 2
S 130127588 295 100362 2
S 130138588 295 100358 2
S 130149587 295 100358 2
S 130160586 295 100355 2
S 130171586 295 100354 2
S 130182585 295 100361 2
S 130193584 295 100360 2
S 130204584 295 100355 2
S 130215583 295 100359 2
S 130226582 295 100359 2
S 130237582 295 100359 2
S 130248581 295 100360 2
S 130259580 295 100360 2
S 130270579 295 100364 2
S 130281579 295 100358 2
S 130292578 295 100362 2
S 130303577 295 100362 2
S 130314577 295 100358 2
S 130325576 295 100358 2
S 130336575 295 100361 2
S 130347575 295 100359 2
S 130358574 295 100364 2
S 130369573 295 100361 2
S 130380573 295 100362 2
S 130391572 295 100357 2
S 130402571 295 100355 2
S 130413571 295 100359 2
S 130424570 295 100360 2
S 130435569 295 100357 2
S 130446568 295 100365 2
S 130457568 295 100357 2
S 130468567 295 100355 2
S 130479566 295 100352 2
S 130490566 295 100358 2
S 130501565 295 100357 2
S 130512564 295 100358 2
S 130523564 295 100357 2
S 130534563 295 100356 2
S 130545562 295 100357 2
S 130556562 295 100362 2
S 130567561 295 100356 2
S 130578560 295 100359 2
S 130589560 295 100356 2
S 130600559 295 100356 2
S 130611558 295 100359 2
S 130622557 295 100362 2
S 130633557 295 100359 2
S 130644556 295 100360 2
S 130655555 295 100353 2
S 130666555 295 100362 2
S 130677554 295 100358 2
S 130688553 295 100361 2
S 130699553 295 100360 2
S 130710552 295 100361 2
S 130721551 295 100362 2
S 130732551 295 100360 2
S 130743550 295 100365 2
S 130754549 295 100360 2
S 130765549 295 100358 2
S 130776548 295 100365 2
S 130787547 295 100364 2
S 130798546 295 100356 2
S 130809546 295 100362 2
S 130820545 295 100359 2
S 130831544 295 100357 2
S 130842544 295 100357 2
S 130853543 295 100358 2
S 130869542 295 100360 2
S 130880541 295 100353 2
S 130891541 295 100354 2
S 130902540 295 100356 2
S 130913539 295 100356 2
S 130924539 295 100360 2
S 130935538 295 100359 2
S 130946537 295 100360 2
S 130957537 295 100360 2
S 130968536 295 100355 2
S 130979535 295 100356 2
S 130990534 295 100355 2
S 131001535 295 100358 2
S 131012533 295 100361 2
S 131023532 295 100362 2
S 131034532 295 100358 2
S 131045531 295 100362 2
S 131056530 295 100362 2
S 131067530 295 100361 2
S 131078529 295 100359 2
S 131089528 295 100359 2
S 131100528 295 100360 2
S 131111527 295 100361 2
S 131122526 295 100363 2
S 131133526 295 100362 2
S 131144525 295 100358 2
S 131155524 295 100362 2
S 131166523 295 100359 2
S 131177523 295 100359 2
S 131188522 295 100356 2
S 131199521 295 100358 2
S 131210521 295 100354 2
S 131221520 295 100359 2
S 131232519 295 100357 2
S 131243519 295 100359 2
S 131254518 295 100355 2
S 131265517 295 100357 2
S 131276517 295 100356 2
S 131287516 295 100355 2
S 131298515 295 100350 2
S 131309515 295 100359 2
S 131320514 295 100356 2
S 131331513 295 100359 2
S 131342512 295 100356 2
S 131353512 295 100354 2
S 131364511 295 100354 2
S 131375510 295 100356 2
S 131386510 295 100355 2
S 131397509 295 100362 2
S 131408508 295 100359 2
S 131419508 295 100355 2
S 131430507 295 100364 2
S 131441506 295 100363 2
S 131452506 295 100364 2
S 131463505 295 100361 2
S 131474504 295 100357 2
S 131485504 295 100353 2
S 131496503 295 100358 2
S 131507502 295 100362 2
S 131518501 295 100365 2
S 131529501 295 100364 2
S 131540500 295 100360 2
S 131551499 295 100362 2
S 131562499 295 100362 2
S 131573498 295 100364 2
S 131584497 295 100356 2
S 131595497 295 100362 2
S 131606496 295 100360 2
S 131617495 295 100355 2
S 131628495 295 100354 2
S 131639494 295 100358 2
S 131650493 295 100362 2
S 131661493 295 100361 2
S 131672492 295 100362 2
S 131683491 295 100360 2
S 131694490 295 100359 2
S 131705490 295 100358 2
S 131716489 295 100362 2
S 131727488 295 100362 2
S 131738488 295 100354 2
S 131749487 295 100356 2
S 131760486 295 100355 2
S 131771486 295 100356 2
S 131782485 295 100362 2
S 131793484 295 100356 2
S 131804484 295 100359 2
S 131815483 295 100365 2
S 131826482 295 100363 2
S 131837482 295 100359 2
S 131848481 295 100358 2
S 131859480 295 100357 2
S 131875479 295 100361 2
S 131886478 295 100358 2
S 131897478 295 100364 2
S 131908477 295 100364 2
S 131919476 295 100366 2
S 131930476 295 100367 2
S 131941475 295 100365 2
S 131952474 295 100372 2
S 131963474 295 100365 2
S 131974473 295 100366 2
S 131985472 295 100366 2
S 131996472 295 100368 2
S 132007471 295 100364 2
S 132018470 295 100362 2
S 132029470 295 100362 2
S 132040469 295 100360 2
S 132051468 295 100365 2
S 132062467 295 100366 2
S 132073467 295 100360 2
S 132084466 295 100364 2
S 132095465 295 100359 2
S 132106465 295 100365 2
S 132117464 295 100364 2
S 132128463 295 100357 2
S 132139463 295 100366 2
S 132150462 295 100360 2
S 132161461 295 100365 2
S 132172461 295 100365 2
S 132183460 295 100366 2
S 132194459 295 100366 2
S 132205459 295 100358 2
S 132216458 295 100365 2
S 132227457 295 100362 2
S 132238456 295 100361 2
S 132249456 295 100361 2
S 132260455 295 100360 2
S 132271454 295 100365 2
S 132282454 295 100368 2
S 132293453 295 100361 2
S 132304452 295 100359 2
S 132315452 295 100362 2
S 132326451 295 100364 2
S 132337450 295 100362 2
S 132348450 295 100363 2
S 132359449 295 100365 2
S 132370448 295 100365 2
S 132381448 295 100360 2
S 132392447 295 100365 2
S 132403446 295 100362 2
S 132414445 295 100365 2
S 132425445 295 100362 2
S 132436444 295 100364 2
S 132447443 295 100362 2
S 132458443 295 100361 2
S 132469442 295 100362 2
S 132480441 295 100365 2
S 132491441 295 100364 2
S 132502440 295 100365 2
S 132513439 295 100367 2
S 132524439 295 100367 2
S 132535438 295 100365 2
S 132546437 295 100368 2
S 132557437 295 100362 2
S 132568436 295 100368 2
S 132579435 295 100363 2
S 132590434 295 100370 2
S 132601434 295 100361 2
S 132612433 295 100366 2
S 132623432 295 100365 2
S 132634432 295 100369 2
S 132645431 295 100368 2
S 132656430 295 100370 2
S 132667430 295 100361 2
S 132678429 295 100364 2
S 132689428 295 100363 2
S 132700428 295 100366 2
S 132711427 295 100366 2
S 132722426 295 100366 2
S 132733426 295 100367 2
S 132744425 295 100367 2
S 132755424 295 100370 2
S 132766423 295 100368 2
S 132777423 295 100368 2
S 132788422 295 100368 2
S 132799421 295 100365 2
S 132810421 295 100364 2
S 132821420 295 100367 2
S 132832419 295 100366 2
S 132843419 295 100365 2
S 132854418 295 100363 2
S 132865417 295 100368 2
S 132881416 295 100370 2
S 132892416 295 100362 2
S 132903415 295 100362 2
S 132914414 295 100362 2
S 132925414 295 100365 2
S 132936413 295 100360 2
S 132947412 295 100359 2
S 132958411 295 100365 2
S 132969411 295 100362 2
S 132980410 295 100359 2
S 132991409 295 100362 2
S 133002409 295 100363 2
S 133013408 295 100364 2
S 133024407 295 100364 2
S 133035407 295 100366 2
S 133046406 295 100364 2
S 133057405 295 100367 2
S 133068405 295 100359 2
S 133079404 295 100362 2
S 133090403 295 100361 2
S 133101403 295 100361 2
S 133112402 295 100358 2
S 133123401 295 100358 2
S 133134400 295 100363 2
S 133145400 295 100365 2
S 133156399 295 100360 2
S 133167398 295 100363 2
S 133178398 295 100360 2
S 133189397 295 100363 2
S 133200396 295 100359 2
S 133211396 295 100365 2
S 133222395 295 100367 2
S 133233394 295 100361 2
S 133244394 295 100360 2
S 133255393 295 100363 2
S 133266392 295 100359 2
S 133277392 295 100362 2
S 133288391 295 100359 2
S 133299390 295 100357 2
S 133310389 295 100360 2
S 133321389 295 100362 2
S 133332388 295 100364 2
S 133343387 295 100362 2
S 133354387 295 100359 2
S 133365386 295 100357 2
S 133376385 295 100361 2
S 133387385 295 100360 2
S 133398384 295 100361 2
S 133409383 295 100362 2
S 133420383 295 100362 2
S 133431382 295 100356 2
S 133442381 295 100355 2
S 133453381 295 100365 2
S 133464380 295 100362 2
S 133475379 295 100362 2
S 133486378 295 100362 2
S 133497378 295 100362 2
S 133508377 295 100359 2
S 133519376 295 100362 2
S 133530376 295 100362 2
S 133541375 295 100362 2
S 133552374 295 100361 2
S 133563374 295 100363 2
S 133574373 295 100360 2
S 133585372 295 100360 2
S 133596372 295 100362 2
S 133607371 295 100363 2
S 133618370 295 100361 2
S 133629370 295 100361 2
S 133640369 295 100362 2
S 133651368 295 100359 2
S 133662367 295 100358 2
S 133673367 295 100362 2
S 133684366 295 100355 2
S 133695365 295 100365 2
S 133706365 295 100363 2
S 133717364 295 100366 2
S 133728363 295 100362 2
S 133739363 295 100367 2
S 133750362 295 100363 2
S 133761361 295 100362 2
S 133772361 295 100366 2
S 133783360 295 100360 2
S 133794359 295 100362 2
S 133805359 295 100362 2
S 133816358 295 100361 2
S 133827357 295 100357 2
S 133838356 295 100361 2
S 133849356 295 100362 2
S 133860355 295 100358 2
S 133871354 295 100359 2
S 133887353 295 100366 2
S 133898353 295 100365 2
S 133909352 295 100362 2
S 133920351 295 100360 2
S 133931351 295 100359 2
S 133942350 295 100360 2
S 133953349 295 100359 2
S 133964349 295 100357 2
S 133975348 295 100357 2
S 133986347 295 100361 2
S 133997347 295 100358 2
S 134008346 295 100360 2
S 134019345 295 100360 2
S 134030344 295 100361 2
S 134041344 295 100359 2
S 134052343 295 100366 2
S 134063342 295 100367 2
S 134074342 295 100363 2
S 134085341 295 100365 2
S 134096340 295 100362 2
S 134107340 295 100362 2
S 134118339 295 100363 2
S 134129338 295 100360 2
S 134140338 295 100366 2
S 134151337 295 100363 2
S 134162336 295 100364 2
S 134173336 295 100360 2
S 134184335 295 100360 2
S 134195334 295 100365 2
S 134206333 295 100364 2
S 134217333 295 100362 2
S 134228332 295 100359 2
S 134239331 295 100360 2
S 134250331 295 100361 2
S 134261330 295 100362 2
S 134272329 295 100362 2
S 134283329 295 100360 2
S 134294328 295 100360 2
S 134305327 295 100362 2
S 134316327 295 100362 2
S 134327326 295 100362 2
S 134338325 295 100362 2
S 134349325 295 100362 2
S 134360324 295 100366 2
S 134371323 295 100365 2
S 134382322 295 100362 2
S 134393322 295 100363 2
S 134404321 295 100361 2
S 134415320 295 100362 2
S 134426320 295 100360 2
S 134437319 295 100359 2
S 134448318 295 100359 2
S 134459318 295 100361 2
S 134470317 295 100362 2
S 134481316 295 100357 2
S 134492316 295 100359 2
S 134503315 295 100357 2
S 134514314 295 100358 2
S 134525314 295 100356 2
S 134536313 295 100362 2
S 134547312 295 100359 2
S 134558311 295 100357 2
S 134569311 295 100357 2
S 134580310 295 100357 2
S 134591309 295 100356 2
S 134602309 295 100365 2
S 134613308 295 100362 2
S 134624307 295 100358 2
S 134635307 295 100359 2
S 134646306 295 100365 2
S 134657305 295 100365 2
S 134668305 295 100364 2
S 134679304 295 100359 2
S 134690303 295 100360 2
S 134701303 295 100365 2
S 134712302 295 100362 2
S 134723301 295 100359 2
S 134734300 295 100364 2
S 134745300 295 100361 2
S 134756299 295 100357 2
S 134767298 295 100360 2
S 134778298 295 100359 2
S 134789297 295 100362 2
S 134800296 295 100360 2
S 134811296 295 100361 2
S 134822295 295 100359 2
S 134833294 295 100365 2
S 134844294 295 100362 2
S 134855293 295 100362 2
S 134866292 295 100358 2
S 134877292 295 100358 2
S 134893291 295 100357 2
S 134904290 295 100360 2
S 134915289 295 100359 2
S 134926288 295 100361 2
S 134937288 295 100359 2
S 134948287 295 100359 2
S 134959286 295 100361 2
S 134970286 295 100357 2
S 134981285 295 100356 2
S 134992284 295 100360 2
S 135003284 295 100358 2
S 135014283 295 100356 2
S 135025282 295 100359 2
S 135036282 295 100359 2
S 135047281 295 100358 2
S 135058280 295 100357 2
S 135069280 295 100358 2
S 135080279 295 100356 2
S 135091278 295 100359 2
S 135102277 295 100359 2
S 135113277 295 100358 2
S 135124276 295 100363 2
S 135135275 295 100359 2
S 135146275 295 100356 2
S 135157274 295 100354 2
S 135168273 295 100356 2
S 135179273 295 100358 2
S 135190272 295 100353 2
S 135201271 295 100359 2
S 135212271 295 100356 2
S 135223270 295 100353 2
S 135234269 295 100354 2
S 135245269 295 100353 2
S 135256268 295 100356 2
S 135267267 295 100356 2
S 135278266 295 100353 2
S 135289266 295 100359 2
S 135300265 295 100353 2
S 135311264 295 100356 2
S 135322264 295 100362 2
S 135333263 295 100362 2
S 135344262 295 100361 2
S 135355262 295 100359 2
S 135366261 295 100358 2
S 135377260 295 100359 2
S 135388260 295 100361 2
S 135399259 295 100356 2
S 135410258 295 100361 2
S 135421258 295 100359 2
S 135432257 295 100359 2
S 135443256 295 100360 2
S 135454255 295 100357 2
S 135465255 295 100359 2
S 135476254 295 100357 2
S 135487253 295 100361 2
S 135498253 295 100364 2
S 135509252 295 100362 2
S 135520251 295 100361 2
S 135531251 295 100363 2
S 135542250 295 100367 2
S 135553249 295 100367 2
S 135564249 295 100368 2
S 135575248 295 100365 2
S 135586247 295 100366 2
S 135597247 295 100367 2
S 135608246 295 100365 2
S 135619245 295 100371 2
S 135630244 295 100363 2
S 135641244 295 100362 2
S 135652243 295 100359 2
S 135663242 295 100367 2
S 135674242 295 100362 2
S 135685241 295 100365 2
S 135696240 295 100363 2
S 135707240 295 100362 2
S 135718239 295 100359 2
S 135729238 295 100364 2
S 135740238 295 100363 2
S 135751237 295 100359 2
S 135762236 295 100364 2
S 135773236 295 100359 2
S 135784235 295 100362 2
S 135795234 295 100359 2
S 135806233 295 100358 2
S 135817233 295 100359 2
S 135828232 295 100365 2
S 135839231 295 100359 2
S 135850231 295 100363 2
S 135861230 295 100358 2
S 135872229 295 100359 2
S 135883229 295 100361 2
S 135899228 295 100359 2
S 135910227 295 100359 2
S 135921226 295 100356 2
S 135932226 295 100365 2
S 135943225 295 100363 2
S 135954224 295 100361 2
S 135965224 295 100363 2
S 135976223 295 100363 2
S 135987222 295 100362 2
S 135998221 295 100362 2
S 136009221 295 100359 2
S 136020220 295 100357 2
S 136031219 295 100358 2
S 136042219 295 100358 2
S 136053218 295 100357 2
S 136064217 295 100360 2
S 136075217 295 100357 2
S 136086216 295 100356 2
S 136097215 295 100360 2
S 136108215 295 100357 2
S 136119214 295 100359 2
S 136130213 295 100359 2
S 136141213 295 100360 2
S 136152212 295 100359 2
S 136163211 295 100357 2
S 136174210 295 100363 2
S 136185210 295 100362 2
S 136196209 295 100360 2
S 136207208 295 100359 2
S 136218208 295 100359 2
S 136229207 295 100359 2
S 136240206 295 100358 2
S 136251206 295 100359 2
S 136262205 295 100363 2
S 136273204 295 100363 2
S 136284204 295 100359 2
S 136295203 295 100357 2
S 136306202 295 100355 2
S 136317202 295 100361 2
S 136328201 295 100358 2
S 136339200 295 100351 2
S 136350199 295 100355 2
S 136361199 295 100356 2
S 136372198 295 100357 2
S 136383197 295 100355 2
S 136394197 295 100356 2
S 136405196 295 100355 2
S 136416195 295 100354 2
S 136427195 295 100356 2
S 136438194 295 100358 2
S 136449193 295 100359 2
S 136460193 295 100359 2
S 136471192 295 100359 2
S 136482191 295 100354 2
S 136493191 295 100357 2
S 136504190 295 100359 2
S 136515189 295 100356 2
S 136526188 295 100358 2
S 136537188 295 100357 2
S 136548187 295 100357 2
S 136559186 295 100358 2
S 136570186 295 100358 2
S 136581185 295 100358 2
S 136592184 295 100353 2
S 136603184 295 100353 2
S 136614183 295 100357 2
S 136625182 295 100357 2
S 136636182 295 100357 2
S 136647181 295 100356 2
S 136658180 295 100359 2
S 136669180 295 100357 2
S 136680179 295 100356 2
S 136691178 295 100358 2
S 136702177 295 100358 2
S 136713177 295 100358 2
S 136724176 295 100356 2
S 136735175 295 100361 2
S 136746175 295 100357 2
S 136757174 295 100359 2
S 136768173 295 100356 2
S 136779173 295 100356 2
S 136790172 295 100355 2
S 136801171 295 100356 2
S 136812171 295 100359 2
S 136823170 295 100354 2
S 136834169 295 100359 2
S 136845169 295 100363 2
S 136856168 295 100356 2
S 136867167 295 100356 2
S 136878166 295 100356 2
S 136889166 295 100354 2
S 136905165 295 100365 2
S 136916164 295 100363 2
S 136927163 295 100357 2
S 136938163 295 100355 2
S 136949162 295 100357 2
S 136960161 295 100362 2
S 136971161 295 100359 2
S 136982160 295 100357 2
S 136993159 295 100354 2
S 137004159 295 100357 2
S 137015158 295 100359 2
S 137026157 295 100357 2
S 137037157 295 100359 2
S 137048156 295 100362 2
S 137059155 295 100362 2
S 137070154 295 100365 2
S 137081154 295 100362 2
S 137092153 295 100362 2
S 137103152 295 100365 2
S 137114152 295 100363 2
S 137125151 295 100359 2
S 137136150 295 100362 2
S 137147150 295 100360 2
S 137158149 295 100359 2
S 137169148 295 100356 2
S 137180148 295 100353 2
S 137191147 295 100358 2
S 137202146 295 100361 2
S 137213146 295 100363 2
S 137224145 295 100365 2
S 137235144 295 100360 2
S 137246143 295 100356 2
S 137257143 295 100364 2
S 137268142 295 100359 2
S 137279141 295 100360 2
S 137290141 295 100363 2
S 137301140 295 100359 2
S 137312139 295 100361 2
S 137323139 295 100363 2
S 137334138 295 100359 2
S 137345137 295 100364 2
S 137356137 295 100363 2
S 137367136 295 100362 2
S 137378135 295 100365 2
S 137389135 295 100366 2
S 137400134 295 100362 2
S 137411133 295 100362 2
S 137422132 295 100352 2
S 137433132 295 100360 2
S 137444131 295 100359 2
S 137455130 295 100370 2
S 137466130 295 100364 2
S 137477129 295 100365 2
S 137488128 295 100356 2
S 137499128 295 100363 2
S 137510127 295 100364 2
S 137521126 295 100363 2
S 137532126 295 100363 2
S 137543125 295 100364 2
S 137554124 295 100364 2
S 137565124 295 100363 2
S 137576123 295 100360 2
S 137587122 295 100360 2
S 137598121 295 100365 2
S 137609121 295 100364 2
S 137620120 295 100369 2
S 137631119 295 100369 2
S 137642119 295 100363 2
S 137653118 295 100363 2
S 137664117 295 100366 2
S 137675117 295 100360 2
S 137686116 295 100365 2
S 137697115 295 100365 2
S 137708115 295 100362 2
S 137719114 295 100364 2
S 137730113 295 100362 2
S 137741113 295 100368 2
S 137752112 295 100365 2
S 137763111 295 100365 2
S 137774110 295 100362 2
S 137785110 295 100362 2
S 137796109 295 100365 2
S 137807108 295 100368 2
S 137818108 295 100363 2
S 137829107 295 100362 2
S 137840106 295 100365 2
S 137851106 295 100368 2
S 137862105 295 100368 2
S 137873104 295 100363 2
S 137884104 295 100366 2
S 137895103 295 100368 2
S 137911102 295 100370 2
S 137922101 295 100369 2
S 137933101 295 100368 2
S 137944100 295 100368 2
S 137955099 295 100364 2
S 137966098 295 100363 2
S 137977098 295 100364 2
S 137988097 295 100357 2
S 137999096 295 100369 2
S 138010096 295 100363 2
S 138021095 295 100362 2
S 138032094 295 100361 2
S 138043094 295 100363 2
S 138054093 295 100363 2
S 138065092 295 100359 2
S 138076092 295 100362 2
S 138087091 295 100366 2
S 138098090 295 100360 2
S 138109090 295 100365 2
S 138120089 295 100360 2
S 138131088 295 100363 2
S 138142087 295 100364 2
S 138153087 295 100364 2
S 138164086 295 100364 2
S 138175085 295 100357 2
S 138186085 295 100361 2
S 138197084 295 100363 2
S 138208083 295 100360 2
S 138219083 295 100361 2
S 138230082 295 100363 2
S 138241081 295 100362 2
S 138252081 295 100360 2
S 138263080 295 100362 2
S 138274079 295 100365 2
S 138285079 295 100363 2
S 138296078 295 100365 2
S 138307077 295 100362 2
S 138318076 295 100367 2
S 138329076 295 100362 2
S 138340075 295 100363 2
S 138351074 295 100366 2
S 138362074 295 100366 2
S 138373073 295 100366 2
S 138384072 295 100370 2
S 138395072 295 100364 2
S 138406071 295 100368 2
S 138417070 295 100364 2
S 138428070 295 100368 2
S 138439069 295 100363 2
S 138450068 295 100359 2
S 138461068 295 100361 2
S 138472067 295 100358 2
S 138483066 295 100361 2
S 138494065 295 100360 2
S 138505065 295 100366 2
S 138516064 295 100364 2
S 138527063 295 100364 2
S 138538063 295 100360 2
S 138549062 295 100361 2
S 138560061 295 100361 2
S 138571061 295 100359 2
S 138582060 295 100362 2
S 138593059 295 100362 2
S 138604059 295 100358 2
S 138615058 295 100362 2
S 138626057 295 100362 2
S 138637057 295 100359 2
S 138648056 295 100361 2
S 138659055 295 100362 2
S 138670054 295 100368 2
S 138681054 295 100367 2
S 138692053 295 100362 2
S 138703052 295 100366 2
S 138714052 295 100364 2
S 138725051 295 100370 2
S 138736050 295 100368 2
S 138747050 295 100372 2
S 138758049 295 100370 2
S 138769048 295 100373 2
S 138780048 295 100368 2
S 138791047 295 100370 2
S 138802046 295 100370 2
S 138813046 295 100370 2
S 138824045 295 100371 2
S 138835044 295 100370 2
S 138846043 295 100366 2
S 138857043 295 100372 2
S 138868042 295 100367 2
S 138879041 295 100374 2
S 138890041 295 100369 2
S 138901040 295 100368 2
S 138917039 295 100367 2
S 138928038 295 100363 2
S 138939038 295 100366 2
S 138950037 295 100366 2
S 138961036 295 100367 2
S 138972036 295 100362 2
S 138983035 295 100366 2
S 138994034 295 100366 2
S 139005034 295 100368 2
S 139016033 295 100364 2
S 139027032 295 100367 2
S 139038031 295 100362 2
S 139049031 295 100360 2
S 139060030 295 100363 2
S 139071029 295 100362 2
S 139082029 295 100362 2
S 139093028 295 100362 2
S 139104027 295 100362 2
S 139115027 295 100361 2
S 139126026 295 100359 2
S 139137025 295 100364 2
S 139148025 295 100369 2
S 139159024 295 100367 2
S 139170023 295 100362 2
S 139181023 295 100366 2
S 139192022 295 100367 2
S 139203021 295 100363 2
S 139214020 295 100365 2
S 139225020 295 100359 2
S 139236019 295 100362 2
S 139247018 295 100364 2
S 139258018 295 100365 2
S 139269017 295 100364 2
S 139280016 295 100362 2
S 139291016 295 100357 2
S 139302015 295 100357 2
S 139313014 295 100359 2
S 139324014 295 100365 2
S 139335013 295 100359 2
S 139346012 295 100356 2
S 139357012 295 100356 2
S 139368011 295 100364 2
S 139379010 295 100358 2
S 139390009 295 100360 2
S 139401009 295 100359 2
S 139412008 295 100360 2
S 139423007 295 100358 2
S 139434007 295 100359 2
S 139445006 295 100359 2
S 139456005 295 100361 2
S 139467005 295 100356 2
S 139478004 295 100360 2
S 139489003 295 100360 2
S 139500003 295 100363 2
S 139511002 295 100355 2
S 139522001 295 100366 2
S 139533001 295 100360 2
S 139544000 295 100362 2
S 139554999 295 100359 2
S 139565998 295 100359 2
S 139576998 295 100362 2
S 139587997 295 100365 2
S 139598996 295 100363 2
S 139609996 295 100362 2
S 139620995 295 100364 2
S 139631994 295 100362 2
S 139642994 295 100366 2
S 139653993 295 100365 2
S 139664992 295 100362 2
S 139675992 295 100360 2
S 139686991 295 100363 2
S 139697990 295 100359 2
S 139708990 295 100366 2
S 139719989 295 100358 2
S 139730988 295 100359 2
S 139741987 295 100357 2
S 139752987 295 100362 2
S 139763986 295 100365 2
S 139774985 295 100364 2
S 139785985 295 100365 2
S 139796984 295 100362 2
S 139807983 295 100361 2
S 139818983 295 100362 2
S 139829982 295 100365 2
S 139840981 295 100365 2
S 139851981 295 100362 2
S 139862980 295 100363 2
S 139873979 295 100365 2
S 139884979 295 100362 2
S 139895978 295 100363 2
S 139906977 295 100362 2
S 139922976 295 100366 2
S 139933975 295 100368 2
S 139944975 295 100368 2
S 139955974 295 100371 2
S 139966973 295 100367 2
S 139977973 295 100368 2
S 139988972 295 100371 2
S 139999971 295 100365 2
S 140010971 295 100369 2
S 140021970 295 100371 2
S 140032969 295 100366 2
S 140043969 295 100368 2
S 140054968 295 100367 2
S 140065967 295 100368 2
S 140076967 295 100366 2
S 140087966 295 100364 2
S 140098965 295 100370 2
S 140109964 295 100369 2
S 140120964 295 100366 2
S 140131963 295 100365 2
S 140142962 295 100368 2
S 140153962 295 100361 2
S 140164961 295 100362 2
S 140175960 295 100364 2
S 140186960 295 100368 2
S 140197959 295 100370 2
S 140208958 295 100362 2
S 140219958 295 100363 2
S 140230957 295 100359 2
S 140241956 295 100363 2
S 140252956 295 100364 2
S 140263955 295 100364 2
S 140274954 295 100363 2
S 140285953 295 100363 2
S 140296953 295 100368 2
S 140307952 295 100361 2
S 140318951 295 100365 2
S 140329951 295 100365 2
S 140340950 295 100362 2
S 140351949 295 100361 2
S 140362949 295 100363 2
S 140373948 295 100363 2
S 140384947 295 100358 2
S 140395947 295 100358 2
S 140406946 295 100360 2
S 140417945 295 100361 2
S 140428945 295 100353 2
S 140439944 295 100357 2
S 140450943 295 100359 2
S 140461942 295 100359 2
S 140472942 295 100359 2
S 140483941 295 100357 2
S 140494940 295 100362 2
S 140505940 295 100359 2
S 140516939 295 100358 2
S 140527938 295 100358 2
S 140538938 295 100364 2
S 140549937 295 100359 2
S 140560936 295 100360 2
S 140571936 295 100360 2
S 140582935 295 100359 2
S 140593934 295 100359 2
S 140604934 295 100359 2
S 140615933 295 100362 2
S 140626932 295 100364 2
S 140637931 295 100364 2
S 140648931 295 100366 2
S 140659930 295 100363 2
S 140670929 295 100359 2
S 140681929 295 100356 2
S 140692928 295 100359 2
S 140703927 295 100360 2
S 140714927 295 100362 2
S 140725926 295 100361 2
S 140736925 295 100362 2
S 140747925 295 100364 2
S 140758924 295 100361 2
S 140769923 295 100359 2
S 140780923 295 100364 2
S 140791922 295 100357 2
S 140802921 295 100359 2
S 140813920 295 100364 2
S 140824920 295 100359 2
S 140835919 295 100362 2
S 140846918 295 100365 2
S 140857918 295 100364 2
S 140868917 295 100364 2
S 140879916 295 100365 2
S 140890916 295 100363 2
S 140901915 295 100368 2
S 140912914 295 100364 2
S 140928913 295 100369 2
S 140939913 295 100370 2
S 140950912 295 100370 2
S 140961911 295 100368 2
S 140972911 295 100365 2
S 140983910 295 100364 2
S 140994909 295 100368 2
S 141005908 295 100362 2
S 141016908 295 100365 2
S 141027907 295 100367 2
S 141038906 295 100366 2
S 141049906 295 100368 2
S 141060905 295 100362 2
S 141071904 295 100364 2
S 141082904 295 100362 2
S 141093903 295 100362 2
S 141104902 295 100365 2
S 141115902 295 100362 2
S 141126901 295 100361 2
S 141137900 295 100360 2
S 141148900 295 100364 2
S 141159899 295 100368 2
S 141170898 295 100366 2
S 141181897 295 100365 2
S 141192897 295 100359 2
S 141203896 295 100362 2
S 141214895 295 100366 2
S 141225895 295 100364 2
S 141236894 295 100363 2
S 141247893 295 100361 2
S 141258893 295 100366 2
S 141269892 295 100359 2
S 141280891 295 100362 2
S 141291891 295 100363 2
S 141302890 295 100362 2
S 141313889 295 100361 2
S 141324889 295 100361 2
S 141335888 295 100357 2
S 141346887 295 100359 2
S 141357886 295 100363 2
S 141368886 295 100359 2
S 141379885 295 100359 2
S 141390884 295 100359 2
S 141401884 295 100362 2
S 141412883 295 100365 2
S 141423882 295 100363 2
S 141434882 295 100360 2
S 141445881 295 100359 2
S 141456880 295 100360 2
S 141467880 295 100361 2
S 141478879 295 100362 2
S 141489878 295 100364 2
S 141500878 295 100360 2
S 141511877 295 100360 2
S 141522876 295 100362 2
S 141533875 295 100362 2
S 141544875 295 100365 2
S 141555874 295 100368 2
S 141566873 295 100363 2
S 141577873 295 100362 2
S 141588872 295 100359 2
S 141599871 295 100361 2
S 141610871 295 100360 2
S 141621870 295 100361 2
S 141632869 295 100363 2
S 141643869 295 100359 2
S 141654868 295 100362 2
S 141665867 295 100358 2
S 141676867 295 100362 2
S 141687866 295 100357 2
S 141698865 295 100362 2
S 141709864 295 100363 2
S 141720864 295 100359 2
S 141731863 295 100359 2
S 141742862 295 100354 2
S 141753862 295 100358 2
S 141764861 295 100360 2
S 141775860 295 100359 2
S 141786860 295 100358 2
S 141797859 295 100356 2
S 141808858 295 100359 2
S 141819858 295 100362 2
S 141830857 295 100367 2
S 141841856 295 100359 2
S 141852856 295 100362 2
S 141863855 295 100361 2
S 141874854 295 100363 2
S 141885853 295 100362 2
S 141896853 295 100358 2
S 141907852 295 100366 2
S 141918851 295 100365 2
S 141934850 295 100364 2
S 141945850 295 100364 2
S 141956849 295 100368 2
S 141967848 295 100361 2
S 141978848 295 100359 2
S 141989847 295 100357 2
S 142000847 295 100356 2
S 142011846 295 100362 2
S 142022845 295 100362 2
S 142033844 295 100364 2
S 142044844 295 100359 2
S 142055843 295 100363 2
S 142066842 295 100364 2
S 142077841 295 100358 2
S 142088841 295 100356 2
S 142099840 295 100356 2
S 142110839 295 100360 2
S 142121839 295 100362 2
S 142132838 295 100361 2
S 142143837 295 100362 2
S 142154837 295 100361 2
S 142165836 295 100365 2
S 142176835 295 100362 2
S 142187835 295 100359 2
S 142198834 295 100364 2
S 142209833 295 100358 2
S 142220833 295 100360 2
S 142231832 295 100357 2
S 142242831 295 100355 2
S 142253830 295 100356 2
S 142264830 295 100359 2
S 142275829 295 100353 2
S 142286828 295 100356 2
S 142297828 295 100353 2
S 142308827 295 100359 2
S 142319826 295 100359 2
S 142330826 295 100360 2
S 142341825 295 100354 2
S 142352824 295 100359 2
S 142363824 295 100356 2
S 142374823 295 100356 2
S 142385822 295 100361 2
S 142396822 295 100362 2
S 142407821 295 100360 2
S 142418820 295 100356 2
S 142429819 295 100356 2
S 142440819 295 100363 2
S 142451818 295 100363 2
S 142462817 295 100359 2
S 142473817 295 100361 2
S 142484816 295 100358 2
S 142495815 295 100358 2
S 142506815 295 100354 2
S 142517814 295 100359 2
S 142528813 295 100359 2
S 142539813 295 100361 2
S 142550812 295 100356 2
S 142561811 295 100355 2
S 142572811 295 100357 2
S 142583810 295 100359 2
S 142594809 295 100361 2
S 142605808 295 100357 2
S 142616808 295 100360 2
S 142627807 295 100361 2
S 142638806 295 100362 2
S 142649806 295 100355 2
S 142660805 295 100356 2
S 142671804 295 100361 2
S 142682804 295 100359 2
S 142693803 295 100359 2
S 142704802 295 100360 2
S 142715802 295 100358 2
S 142726801 295 100359 2
S 142737800 295 100353 2
S 142748800 295 100354 2
S 142759799 295 100356 2
S 142770798 295 100358 2
S 142781797 295 100356 2
S 142792797 295 100356 2
S 142803796 295 100351 2
S 142814795 295 100356 2
S 142825795 295 100360 2
S 142836794 295 100354 2
S 142847793 295 100361 2
S 142858793 295 100362 2
S 142869792 295 100357 2
S 142880791 295 100359 2
S 142891791 295 100359 2
S 142902790 295 100359 2
S 142913789 295 100359 2
S 142924789 295 100361 2
S 142940788 295 100365 2
S 142951787 295 100364 2
S 142962786 295 100365 2
S 142973785 295 100362 2
S 142984785 295 100357 2
S 142995784 295 100362 2
S 143006783 295 100367 2
S 143017783 295 100367 2
S 143028782 295 100362 2
S 143039781 295 100365 2
S 143050781 295 100361 2
S 143061780 295 100360 2
S 143072779 295 100368 2
S 143083779 295 100365 2
S 143094778 295 100362 2
S 143105777 295 100365 2
S 143116777 295 100364 2
S 143127776 295 100365 2
S 143138775 295 100363 2
S 143149774 295 100366 2
S 143160774 295 100361 2
S 143171773 295 100360 2
S 143182772 295 100365 2
S 143193772 295 100366 2
S 143204771 295 100367 2
S 143215770 295 100365 2
S 143226770 295 100365 2
S 143237769 295 100361 2
S 143248768 295 100363 2
S 143259768 295 100362 2
S 143270767 295 100358 2
S 143281766 295 100362 2
S 143292766 295 100360 2
S 143303765 295 100368 2
S 143314764 295 100362 2
S 143325763 295 100365 2
S 143336763 295 100362 2
S 143347762 295 100364 2
S 143358761 295 100360 2
S 143369761 295 100365 2
S 143380760 295 100365 2
S 143391759 295 100366 2
S 143402759 295 100357 2
S 143413758 295 100363 2
S 143424757 295 100366 2
S 143435757 295 100369 2
S 143446756 295 100368 2
S 143457755 295 100364 2
S 143468755 295 100366 2
S 143479754 295 100365 2
S 143490753 295 100360 2
S 143501752 295 100364 2
S 143512752 295 100367 2
S 143523751 295 100368 2
S 143534750 295 100367 2
S 143545750 295 100369 2
S 143556749 295 100366 2
S 143567748 295 100362 2
S 143578748 295 100371 2
S 143589747 295 100364 2
S 143600746 295 100364 2
S 143611746 295 100366 2
S 143622745 295 100365 2
S 143633744 295 100365 2
S 143644744 295 100363 2
S 143655743 295 100365 2
S 143666742 295 100366 2
S 143677741 295 100365 2
S 143688741 295 100368 2
S 143699740 295 100367 2
S 143710739 295 100364 2
S 143721739 295 100359 2
S 143732738 295 100361 2
S 143743737 295 100363 2
S 143754737 295 100364 2
S 143765736 295 100362 2
S 143776735 295 100365 2
S 143787735 295 100367 2
S 143798734 295 100362 2
S 143809733 295 100363 2
S 143820733 295 100362 2
S 143831732 295 100361 2
S 143842731 295 100361 2
S 143853730 295 100360 2
S 143864730 295 100366 2
S 143875729 295 100362 2
S 143886728 295 100362 2
S 143897728 295 100365 2
S 143908727 295 100361 2
S 143919726 295 100365 2
S 143930726 295 100362 2
S 143946725 295 100366 2
S 143957724 295 100362 2
S 143968723 295 100362 2
S 143979723 295 100356 2
S 143990722 295 100357 2
S 144001722 295 100365 2
S 144012721 295 100361 2
S 144023720 295 100362 2
S 144034719 295 100358 2
S 144045718 295 100362 2
S 144056718 295 100361 2
S 144067717 295 100362 2
S 144078716 295 100361 2
S 144089716 295 100355 2
S 144100715 295 100358 2
S 144111714 295 100359 2
S 144122714 295 100359 2
S 144133713 295 100355 2
S 144144712 295 100354 2
S 144155712 295 100355 2
S 144166711 295 100356 2
S 144177710 295 100358 2
S 144188710 295 100362 2
S 144199709 295 100358 2
S 144210708 295 100359 2
S 144221707 295 100364 2
S 144232707 295 100360 2
S 144243706 295 100361 2
S 144254705 295 100359 2
S 144265705 295 100359 2
S 144276704 295 100356 2
S 144287703 295 100361 2
S 144298703 295 100359 2
S 144309702 295 100361 2
S 144320701 295 100362 2
S 144331701 295 100360 2
S 144342700 295 100361 2
S 144353699 295 100359 2
S 144364699 295 100360 2
S 144375698 295 100361 2
S 144386697 295 100359 2
S 144397696 295 100358 2
S 144408696 295 100359 2
S 144419695 295 100354 2
S 144430694 295 100357 2
S 144441694 295 100358 2
S 144452693 295 100354 2
S 144463692 295 100358 2
S 144474692 295 100350 2
S 144485691 295 100358 2
S 144496690 295 100354 2
S 144507690 295 100355 2
S 144518689 295 100354 2
S 144529688 295 100361 2
S 144540688 295 100358 2
S 144551687 295 100358 2
S 144562686 295 100362 2
S 144573685 295 100359 2
S 144584685 295 100356 2
S 144595684 295 100353 2
S 144606683 295 100358 2
S 144617683 295 100357 2
S 144628682 295 100357 2
S 144639681 295 100351 2
S 144650681 295 100358 2
S 144661680 295 100359 2
S 144672679 295 100357 2
S 144683679 295 100360 2
S 144694678 295 100355 2
S 144705677 295 100359 2
S 144716677 295 100352 2
S 144727676 295 100356 2
S 144738675 295 100356 2
S 144749674 295 100353 2
S 144760674 295 100358 2
S 144771673 295 100356 2
S 144782672 295 100360 2
S 144793672 295 100359 2
S 144804671 295 100358 2
S 144815670 295 100360 2
S 144826670 295 100359 2
S 144837669 295 100361 2
S 144848668 295 100358 2
S 144859668 295 100356 2
S 144870667 295 100350 2
S 144881666 295 100355 2
S 144892666 295 100352 2
S 144903665 295 100353 2
S 144914664 295 100358 2
S 144925663 295 100356 2
S 144936663 295 100352 2
S 144952662 295 100358 2
S 144963661 295 100359 2
S 144974660 295 100361 2
S 144985660 295 100354 2
S 144996659 295 100363 2
S 145007658 295 100358 2
S 145018658 295 100356 2
S 145029657 295 100355 2
S 145040656 295 100357 2
S 145051656 295 100355 2
S 145062655 295 100358 2
S 145073654 295 100359 2
S 145084654 295 100359 2
S 145095653 295 100354 2
S 145106652 295 100353 2
S 145117651 295 100350 2
S 145128651 295 100351 2
S 145139650 295 100350 2
S 145150649 295 100353 2
S 145161649 295 100351 2
S 145172648 295 100359 2
S 145183647 295 100361 2
S 145194647 295 100359 2
S 145205646 295 100356 2
S 145216645 295 100361 2
S 145227645 295 100358 2
S 145238644 295 100358 2
S 145249643 295 100356 2
S 145260643 295 100357 2
S 145271642 295 100355 2
S 145282641 295 100362 2
S 145293640 295 100360 2
S 145304640 295 100356 2
S 145315639 295 100356 2
S 145326638 295 100362 2
S 145337638 295 100357 2
S 145348637 295 100354 2
S 145359636 295 100363 2
S 145370636 295 100357 2
S 145381635 295 100364 2
S 145392634 295 100353 2
S 145403634 295 100359 2
S 145414633 295 100358 2
S 145425632 295 100356 2
S 145436632 295 100359 2
S 145447631 295 100357 2
S 145458630 295 100356 2
S 145469629 295 100356 2
S 145480629 295 100357 2
S 145491628 295 100359 2
S 145502627 295 100356 2
S 145513627 295 100353 2
S 145524626 295 100356 2
S 145535625 295 100354 2
S 145546625 295 100353 2
S 145557624 295 100356 2
S 145568623 295 100358 2
S 145579623 295 100357 2
S 145590622 295 100357 2
S 145601621 295 100359 2
S 145612621 295 100361 2
S 145623620 295 100358 2
S 145634619 295 100363 2
S 145645618 295 100358 2
S 145656618 295 100354 2
S 145667617 295 100358 2
S 145678616 295 100357 2
S 145689616 295 100364 2
S 145700615 295 100362 2
S 145711614 295 100362 2
S 145722614 295 100357 2
S 145733613 295 100359 2
S 145744612 295 100359 2
S 145755612 295 100359 2
S 145766611 295 100360 2
S 145777610 295 100362 2
S 145788610 295 100353 2
S 145799609 295 100359 2
S 145810608 295 100359 2
S 145821607 295 100362 2
S 145832607 295 100360 2
S 145843606 295 100356 2
S 145854605 295 100359 2
S 145865605 295 100356 2
S 145876604 295 100356 2
S 145887603 295 100355 2
S 145898603 295 100356 2
S 145909602 295 100361 2
S 145920601 295 100356 2
S 145931601 295 100364 2
S 145942600 295 100360 2
S 145958599 295 100359 2
S 145969598 295 100359 2
S 145980598 295 100367 2
S 145991597 295 100362 2
S 146002596 295 100360 2
S 146013595 295 100364 2
S 146024595 295 100362 2
S 146035594 295 100359 2
S 146046593 295 100356 2
S 146057593 295 100360 2
S 146068592 295 100363 2
S 146079591 295 100362 2
S 146090591 295 100362 2
S 146101590 295 100359 2
S 146112589 295 100366 2
S 146123589 295 100359 2
S 146134588 295 100360 2
S 146145587 295 100360 2
S 146156587 295 100362 2
S 146167586 295 100359 2
S 146178585 295 100361 2
S 146189584 295 100353 2
S 146200584 295 100361 2
S 146211583 295 100366 2
S 146222582 295 100362 2
S 146233582 295 100365 2
S 146244581 295 100360 2
S 146255580 295 100356 2
S 146266580 295 100362 2
S 146277579 295 100363 2
S 146288578 295 100365 2
S 146299578 295 100361 2
S 146310577 295 100359 2
S 146321576 295 100362 2
S 146332576 295 100363 2
S 146343575 295 100363 2
S 146354574 295 100360 2
S 146365573 295 100364 2
S 146376573 295 100362 2
S 146387572 295 100359 2
S 146398571 295 100361 2
S 146409571 295 100362 2
S 146420570 295 100362 2
S 146431569 295 100364 2
S 146442569 295 100364 2
S 146453568 295 100363 2
S 146464567 295 100365 2
S 146475567 295 100363 2
S 146486566 295 100368 2
S 146497565 295 100365 2
S 146508565 295 100362 2
S 146519564 295 100364 2
S 146530563 295 100365 2
S 146541562 295 100362 2
S 146552562 295 100359 2
S 146563561 295 100364 2
S 146574560 295 100360 2
S 146585560 295 100362 2
S 146596559 295 100360 2
S 146607558 295 100355 2
S 146618558 295 100363 2
S 146629557 295 100364 2
S 146640556 295 100365 2
S 146651556 295 100365 2
S 146662555 295 100362 2
S 146673554 295 100362 2
S 146684554 295 100359 2
S 146695553 295 100360 2
S 146706552 295 100364 2
S 146717551 295 100364 2
S 146728551 295 100363 2
S 146739550 295 100361 2
S 146750549 295 100363 2
S 146761549 295 100359 2
S 146772548 295 100362 2
S 146783547 295 100360 2
S 146794547 295 100358 2
S 146805546 295 100362 2
S 146816545 295 100358 2
S 146827545 295 100359 2
S 146838544 295 100360 2
S 146849543 295 100359 2
S 146860543 295 100359 2
S 146871542 295 100361 2
S 146882541 295 100360 2
S 146893540 295 100359 2
S 146904540 295 100358 2
S 146915539 295 100357 2
S 146926538 295 100359 2
S 146937538 295 100363 2
S 146948537 295 100354 2
S 146964536 295 100361 2
S 146975535 295 100359 2
S 146986535 295 100362 2
S 146997534 295 100360 2
S 147008533 295 100359 2
S 147019533 295 100360 2
S 147030532 295 100356 2
S 147041531 295 100358 2
S 147052531 295 100360 2
S 147063530 295 100361 2
S 147074529 295 100365 2
S 147085528 295 100362 2
S 147096528 295 100363 2
S 147107527 295 100361 2
S 147118526 295 100358 2
S 147129526 295 100361 2
S 147140525 295 100358 2
S 147151524 295 100359 2
S 147162524 295 100356 2
S 147173523 295 100362 2
S 147184522 295 100363 2
S 147195522 295 100355 2
S 147206521 295 100358 2
S 147217520 295 100358 2
S 147228520 295 100356 2
S 147239519 295 100357 2
S 147250518 295 100356 2
S 147261517 295 100362 2
S 147272517 295 100355 2
S 147283516 295 100357 2
S 147294515 295 100356 2
S 147305515 295 100358 2
S 147316514 295 100359 2
S 147327513 295 100359 2
S 147338513 295 100358 2
S 147349512 295 100357 2
S 147360511 295 100360 2
S 147371511 295 100365 2
S 147382510 295 100363 2
S 147393509 295 100362 2
S 147404509 295 100367 2
S 147415508 295 100363 2
S 147426507 295 100359 2
S 147437506 295 100359 2
S 147448506 295 100361 2
S 147459505 295 100362 2
S 147470504 295 100363 2
S 147481504 295 100361 2
S 147492503 295 100361 2
S 147503502 295 100358 2
S 147514502 295 100359 2
S 147525501 295 100360 2
S 147536500 295 100360 2
S 147547500 295 100362 2
S 147558499 295 100356 2
S 147569498 295 100356 2
S 147580498 295 100363 2
S 147591497 295 100363 2
S 147602496 295 100362 2
S 147613495 295 100357 2
S 147624495 295 100358 2
S 147635494 295 100359 2
S 147646493 295 100361 2
S 147657493 295 100360 2
S 147668492 295 100363 2
S 147679491 295 100362 2
S 147690491 295 100362 2
S 147701490 295 100359 2
S 147712489 295 100356 2
S 147723489 295 100357 2
S 147734488 295 100357 2
S 147745487 295 100356 2
S 147756487 295 100357 2
S 147767486 295 100356 2
S 147778485 295 100359 2
S 147789484 295 100357 2
S 147800484 295 100359 2
S 147811483 295 100359 2
S 147822482 295 100357 2
S 147833482 295 100357 2
S 147844481 295 100356 2
S 147855480 295 100361 2
S 147866480 295 100359 2
S 147877479 295 100360 2
S 147888478 295 100358 2
S 147899478 295 100359 2
S 147910477 295 100359 2
S 147921476 295 100359 2
S 147932476 295 100358 2
S 147943475 295 100365 2
S 147954474 295 100361 2
S 147970473 295 100365 2
S 147981472 295 100367 2
S 147992472 295 100366 2
S 148003471 295 100361 2
S 148014470 295 100363 2
S 148025470 295 100359 2
S 148036469 295 100363 2
S 148047468 295 100369 2
S 148058468 295 100362 2
S 148069467 295 100366 2
S 148080466 295 100365 2
S 148091466 295 100364 2
S 148102465 295 100362 2
S 148113464 295 100367 2
S 148124464 295 100360 2
S 148135463 295 100362 2
S 148146462 295 100367 2
S 148157461 295 100363 2
S 148168461 295 100368 2
S 148179460 295 100368 2
S 148190459 295 100361 2
S 148201459 295 100360 2
S 148212458 295 100363 2
S 148223457 295 100364 2
S 148234457 295 100362 2
S 148245456 295 100361 2
S 148256455 295 100362 2
S 148267455 295 100364 2
S 148278454 295 100362 2
S 148289453 295 100359 2
S 148300453 295 100356 2
S 148311452 295 100359 2
S 148322451 295 100358 2
S 148333450 295 100359 2
S 148344450 295 100362 2
S 148355449 295 100365 2
S 148366448 295 100364 2
S 148377448 295 100360 2
S 148388447 295 100363 2
S 148399446 295 100363 2
S 148410446 295 100364 2
S 148421445 295 100364 2
S 148432444 295 100366 2
S 148443444 295 100362 2
S 148454443 295 100364 2
S 148465442 295 100365 2
S 148476442 295 100364 2
S 148487441 295 100364 2
S 148498440 295 100364 2
S 148509439 295 100363 2
S 148520439 295 100362 2
S 148531438 295 100361 2
S 148542437 295 100359 2
S 148553437 295 100363 2
S 148564436 295 100364 2
S 148575435 295 100366 2
S 148586435 295 100365 2
S 148597434 295 100363 2
S 148608433 295 100366 2
S 148619433 295 100364 2
S 148630432 295 100362 2
S 148641431 295 100365 2
S 148652431 295 100359 2
S 148663430 295 100363 2
S 148674429 295 100365 2
S 148685428 295 100364 2
S 148696428 295 100365 2
S 148707427 295 100364 2
S 148718426 295 100365 2
S 148729426 295 100362 2
S 148740425 295 100362 2
S 148751424 295 100359 2
S 148762424 295 100361 2
S 148773423 295 100364 2
S 148784422 295 100368 2
S 148795422 295 100362 2
S 148806421 295 100364 2
S 148817420 295 100359 2
S 148828420 295 100365 2
S 148839419 295 100359 2
S 148850418 295 100360 2
S 148861417 295 100364 2
S 148872417 295 100367 2
S 148883416 295 100362 2
S 148894415 295 100359 2
S 148905415 295 100362 2
S 148916414 295 100361 2
S 148927413 295 100368 2
S 148938413 295 100363 2
S 148949412 295 100363 2
S 148960411 295 100365 2
S 148976410 295 100362 2
S 148987410 295 100361 2
S 148998409 295 100365 2
S 149009408 295 100363 2
S 149020408 295 100364 2
S 149031407 295 100367 2
S 149042406 295 100362 2
S 149053405 295 100362 2
S 149064405 295 100358 2
S 149075404 295 100359 2
S 149086403 295 100357 2
S 149097403 295 100360 2
S 149108402 295 100362 2
S 149119401 295 100360 2
S 149130401 295 100360 2
S 149141400 295 100363 2
S 149152399 295 100359 2
S 149163399 295 100363 2
S 149174398 295 100369 2
S 149185397 295 100368 2
S 149196397 295 100358 2
S 149207396 295 100360 2
S 149218395 295 100363 2
S 149229394 295 100363 2
S 149240394 295 100365 2
S 149251393 295 100363 2
S 149262392 295 100362 2
S 149273392 295 100363 2
S 149284391 295 100364 2
S 149295390 295 100365 2
S 149306390 295 100364 2
S 149317389 295 100366 2
S 149328388 295 100365 2
S 149339388 295 100360 2
S 149350387 295 100363 2
S 149361386 295 100365 2
S 149372386 295 100364 2
S 149383385 295 100366 2
S 149394384 295 100362 2
S 149405383 295 100359 2
S 149416383 295 100364 2
S 149427382 295 100365 2
S 149438381 295 100365 2
S 149449381 295 100364 2
S 149460380 295 100364 2
S 149471379 295 100362 2
S 149482379 295 100363 2
S 149493378 295 100368 2
S 149504377 295 100359 2
S 149515377 295 100362 2
S 149526376 295 100362 2
S 149537375 295 100363 2
S 149548375 295 100361 2
S 149559374 295 100363 2
S 149570373 295 100365 2
S 149581372 295 100363 2
S 149592372 295 100364 2
S 149603371 295 100365 2
S 149614370 295 100365 2
S 149625370 295 100365 2
S 149636369 295 100371 2
S 149647368 295 100366 2
S 149658368 295 100365 2
S 149669367 295 100364 2
S 149680366 295 100362 2
S 149691366 295 100363 2
S 149702365 295 100365 2
S 149713364 295 100359 2
S 149724364 295 100358 2
S 149735363 295 100361 2
S 149746362 295 100365 2
S 149757361 295 100360 2
S 149768361 295 100356 2
S 149779360 295 100359 2
S 149790359 295 100359 2
S 149801359 295 100361 2
S 149812358 295 100356 2
S 149823357 295 100359 2
S 149834357 295 100353 2
S 149845356 295 100359 2
S 149856355 295 100361 2
S 149867355 295 100357 2
S 149878354 295 100359 2
S 149889353 295 100358 2
S 149900353 295 100362 2
S 149911352 295 100361 2
S 149922351 295 100355 2
S 149933350 295 100356 2
S 149944350 295 100361 2
S 149955349 295 100358 2
S 149966348 295 100353 2
S 149982347 295 100358 2
S 149993347 295 100354 2
S 150004346 295 100357 2
S 150015345 295 100355 2
S 150026345 295 100353 2
S 150037344 295 100353 2
S 150048343 295 100356 2
S 150059343 295 100356 2
S 150070342 295 100356 2
S 150081341 295 100356 2
S 150092341 295 100353 2
S 150103340 295 100354 2
S 150114339 295 100351 2
S 150125338 295 100353 2
S 150136338 295 100354 2
S 150147337 295 100352 2
S 150158336 295 100359 2
S 150169336 295 100362 2
S 150180335 295 100356 2
S 150191334 295 100359 2
S 150202334 295 100353 2
S 150213333 295 100359 2
S 150224332 295 100359 2
S 150235332 295 100357 2
S 150246331 295 100357 2
S 150257330 295 100357 2
S 150268330 295 100361 2
S 150279329 295 100357 2
