# capture_start_utc=2026-08-31T10:04:27Z
S 172711 285 100347 0
S 177711 285 100356 0
S 182710 285 100353 0
S 187710 285 100350 0
S 192710 285 100356 0
S 197710 285 100347 0
S 202709 285 100350 0
S 207709 285 100356 0
S 212709 285 100356 0
S 217708 285 100356 0
S 222708 285 100344 0
S 227708 285 100362 0
S 232707 285 100353 0
S 237707 285 100359 0
S 242707 285 100353 0
S 247706 285 100353 0
S 252706 285 100350 0
S 257706 285 100356 0
S 262705 285 100353 0
S 267705 285 100350 0
S 272705 285 100356 0
S 277705 285 100353 0
S 282704 285 100347 0
S 287704 285 100350 0
S 292704 285 100350 0
S 297703 285 100350 0
S 302703 285 100350 0
S 307703 285 100347 0
S 312702 285 100353 0
[[DEBUG]] Starting [[SENSOR TASK]]
[SELFTEST] compensate: T=150 (exp 150)  P=69964 (exp 69964)  -> PASS
#BMP180 v1 fw=1.5.0 temp_ms=1000
[[DEBUG]] BMP180 registered on /dev/bmp180-0
S 37720 285 100369 2
S 42719 285 100371 0
S 47719 285 100368 0
S 52719 285 100365 0
S 57718 285 100371 0
S 62718 285 100377 0
S 67718 285 100371 0
S 72717 285 100368 0
S 77717 285 100368 0
S 82717 285 100371 0
S 87716 285 100371 0
S 92716 285 100359 0
S 97716 285 100359 0
S 102715 285 100368 0
S 107715 285 100362 0
S 112715 285 100365 0
S 117715 285 100365 0
S 122714 285 100371 0
S 127714 285 100365 0
S 132714 285 100371 0
S 137713 285 100362 0
S 142713 285 100362 0
S 147713 285 100368 0
S 152712 285 100365 0
S 157712 285 100371 0
S 162712 285 100359 0
S 167711 285 100359 0
S 172711 285 100356 0
S 177711 285 100365 0
S 182710 285 100368 0
S 187710 285 100359 0
S 192710 285 100359 0
S 197710 285 100356 0
S 202709 285 100371 0
S 207709 285 100362 0
S 212709 285 100365 0
S 217708 285 100362 0
S 222708 285 100362 0
S 227708 285 100371 0
S 232707 285 100368 0
S 237707 285 100362 0
S 242707 285 100359 0
S 247706 285 100362 0
S 252706 285 100362 0
S 257706 285 100359 0
S 262705 285 100356 0
S 267705 285 100368 0
S 272705 285 100368 0
S 277705 285 100356 0
S 282704 285 100356 0
S 287704 285 100365 0
S 292704 285 100368 0
S 297703 285 100362 0
S 302703 285 100359 0
S 307703 285 100356 0
S 312702 285 100362 0
S 317702 285 100362 0
S 322702 285 100353 0
S 327701 285 100362 0
S 332701 285 100359 0
S 337701 285 100365 0
S 342700 285 100362 0
S 347700 285 100368 0
S 352700 285 100362 0
S 357700 285 100362 0
S 362699 285 100362 0
S 367699 285 100365 0
S 372699 285 100356 0
S 377698 285 100359 0
S 382698 285 100356 0
S 387698 285 100368 0
S 392697 285 100350 0
S 397697 285 100356 0
S 402697 285 100353 0
S 407696 285 100350 0
S 412696 285 100365 0
S 417696 285 100359 0
S 422695 285 100350 0
S 427695 285 100359 0
S 432695 285 100359 0
S 437695 285 100353 0
S 442694 285 100356 0
S 447694 285 100362 0
S 452694 285 100356 0
S 457693 285 100362 0
S 462693 285 100359 0
S 467693 285 100356 0
S 472692 285 100365 0
S 477692 285 100359 0
S 482692 285 100356 0
S 487691 285 100359 0
S 492691 285 100353 0
S 497691 285 100359 0
S 502690 285 100353 0
S 507690 285 100356 0
S 512690 285 100356 0
S 517690 285 100356 0
S 522689 285 100353 0
S 527689 285 100362 0
S 532689 285 100359 0
S 537688 285 100359 0
S 542688 285 100362 0
S 547688 285 100362 0
S 552687 285 100359 0
S 557687 285 100362 0
S 562687 285 100362 0
S 567686 285 100353 0
S 572686 285 100359 0
S 577686 285 100362 0
S 582685 285 100356 0
S 587685 285 100347 0
S 592685 285 100359 0
S 597685 285 100356 0
S 602684 285 100359 0
S 607684 285 100356 0
S 612684 285 100356 0
S 617683 285 100350 0
S 622683 285 100359 0
S 627683 285 100350 0
S 632682 285 100356 0
S 637682 285 100353 0
S 642682 285 100359 0
S 647681 285 100356 0
S 652681 285 100362 0
S 657681 285 100356 0
S 662680 285 100356 0
S 667680 285 100353 0
S 672680 285 100353 0
S 677680 285 100365 0
S 682679 285 100350 0
S 687679 285 100353 0
S 692679 285 100350 0
S 697678 285 100353 0
S 702678 285 100359 0
S 707678 285 100353 0
S 712677 285 100359 0
S 717677 285 100365 0
S 722677 285 100353 0
S 727676 285 100350 0
S 732676 285 100356 0
S 737676 285 100347 0
S 742675 285 100350 0
S 747675 285 100353 0
S 752675 285 100350 0
S 757675 285 100356 0
S 762674 285 100362 0
S 767674 285 100359 0
S 772674 285 100350 0
S 777673 285 100350 0
S 782673 285 100356 0
S 787673 285 100350 0
S 792672 285 100353 0
S 797672 285 100356 0
S 802672 285 100356 0
S 807671 285 100350 0
S 812671 285 100362 0
S 817671 285 100353 0
S 822670 285 100350 0
S 827670 285 100350 0
S 832670 285 100350 0
S 837670 285 100353 0
S 842669 285 100344 0
S 847669 285 100353 0
S 852669 285 100350 0
S 857668 285 100356 0
S 862668 285 100356 0
S 867668 285 100359 0
S 872667 285 100353 0
S 877667 285 100350 0
S 882667 285 100350 0
S 887666 285 100353 0
S 892666 285 100353 0
S 897666 285 100350 0
S 902665 285 100353 0
S 907665 285 100356 0
S 912665 285 100356 0
S 917665 285 100353 0
S 922664 285 100353 0
S 927664 285 100356 0
S 932664 285 100353 0
S 937663 285 100356 0
S 942663 285 100356 0
S 947663 285 100353 0
S 952662 285 100356 0
S 957662 285 100353 0
S 962662 285 100353 0
S 967661 285 100350 0
S 972661 285 100356 0
S 977661 285 100356 0
S 982660 285 100356 0
S 987660 285 100353 0
S 992660 285 100356 0
S 997660 285 100353 0
S 1002659 285 100353 0
S 1007659 285 100353 0
S 1012659 285 100362 0
S 1017658 285 100353 0
S 1022658 285 100344 0
S 1027658 285 100359 0
S 1037657 286 100380 0
S 1042657 286 100374 0
S 1047656 286 100383 0
S 1052656 286 100383 0
S 1057656 286 100383 0
S 1062655 286 100374 0
S 1067655 286 100374 0
S 1072655 286 100380 0
S 1077655 286 100386 0
S 1082654 286 100374 0
S 1087654 286 100380 0
S 1092654 286 100377 0
S 1097653 286 100380 0
S 1102653 286 100371 0
S 1107653 286 100374 0
S 1112652 286 100374 0
S 1117652 286 100377 0
S 1122652 286 100374 0
S 1127651 286 100374 0
S 1132651 286 100374 0
S 1137651 286 100371 0
S 1142650 286 100371 0
S 1147650 286 100371 0
S 1152650 286 100371 0
S 1157650 286 100374 0
S 1162649 286 100374 0
S 1167649 286 100371 0
S 1172649 286 100383 0
S 1177648 286 100377 0
S 1182648 286 100377 0
S 1187648 286 100371 0
S 1192647 286 100380 0
S 1197647 286 100377 0
S 1202647 286 100377 0
S 1207646 286 100377 0
S 1212646 286 100380 0
S 1217646 286 100377 0
S 1222645 286 100377 0
S 1227645 286 100374 0
S 1232645 286 100380 0
S 1237645 286 100383 0
S 1242644 286 100374 0
S 1247644 286 100374 0
S 1252644 286 100377 0
S 1257643 286 100374 0
S 1262643 286 100377 0
S 1267643 286 100371 0
S 1272642 286 100374 0
S 1277642 286 100377 0
S 1282642 286 100380 0
S 1287641 286 100380 0
S 1292641 286 100380 0
S 1297641 286 100380 0
S 1302640 286 100377 0
S 1307640 286 100383 0
S 1312640 286 100383 0
S 1317640 286 100380 0
S 1322639 286 100377 0
S 1327639 286 100377 0
S 1332639 286 100374 0
S 1337638 286 100377 0
S 1342638 286 100365 0
S 1347638 286 100374 0
S 1352637 286 100371 0
S 1357637 286 100374 0
S 1362637 286 100374 0
S 1367636 286 100371 0
S 1372636 286 100371 0
S 1377636 286 100371 0
S 1382635 286 100377 0
S 1387635 286 100377 0
S 1392635 286 100371 0
S 1397635 286 100365 0
S 1402634 286 100377 0
S 1407634 286 100380 0
S 1412634 286 100377 0
S 1417633 286 100380 0
S 1422633 286 100377 0
S 1427633 286 100374 0
S 1432632 286 100374 0
S 1437632 286 100371 0
S 1442632 286 100371 0
S 1447631 286 100371 0
S 1452631 286 100371 0
S 1457631 286 100374 0
S 1462630 286 100371 0
S 1467630 286 100365 0
S 1472630 286 100368 0
S 1477630 286 100362 0
S 1482629 286 100374 0
S 1487629 286 100371 0
S 1492629 286 100374 0
S 1497628 286 100371 0
S 1502628 286 100365 0
S 1507628 286 100371 0
S 1512627 286 100374 0
S 1517627 286 100362 0
S 1522627 286 100374 0
S 1527626 286 100374 0
S 1532626 286 100371 0
S 1537626 286 100374 0
S 1542625 286 100374 0
S 1547625 286 100368 0
S 1552625 286 100365 0
S 1557625 286 100374 0
S 1562624 286 100374 0
S 1567624 286 100371 0
S 1572624 286 100377 0
S 1577623 286 100377 0
S 1582623 286 100365 0
S 1587623 286 100374 0
S 1592622 286 100377 0
S 1597622 286 100374 0
S 1602622 286 100365 0
S 1607621 286 100368 0
S 1612621 286 100380 0
S 1617621 286 100365 0
S 1622620 286 100371 0
S 1627620 286 100368 0
S 1632620 286 100371 0
S 1637620 286 100368 0
S 1642619 286 100377 0
S 1647619 286 100371 0
S 1652619 286 100374 0
S 1657618 286 100377 0
S 1662618 286 100368 0
S 1667618 286 100368 0
S 1672617 286 100359 0
S 1677617 286 100371 0
S 1682617 286 100374 0
S 1687616 286 100377 0
S 1692616 286 100371 0
S 1697616 286 100365 0
S 1702615 286 100368 0
S 1707615 286 100365 0
S 1712615 286 100362 0
S 1717615 286 100368 0
S 1722614 286 100359 0
S 1727614 286 100374 0
S 1732614 286 100368 0
S 1737613 286 100374 0
S 1742613 286 100374 0
S 1747613 286 100368 0
S 1752612 286 100368 0
S 1757612 286 100371 0
S 1762612 286 100374 0
S 1767611 286 100365 0
S 1772611 286 100359 0
S 1777611 286 100365 0
S 1782610 286 100368 0
S 1787610 286 100368 0
S 1792610 286 100362 0
S 1797610 286 100362 0
S 1802609 286 100365 0
S 1807609 286 100362 0
S 1812609 286 100359 0
S 1817608 286 100359 0
S 1822608 286 100362 0
S 1827608 286 100359 0
S 1832607 286 100359 0
S 1837607 286 100359 0
S 1842607 286 100353 0
S 1847606 286 100365 0
S 1852606 286 100371 0
S 1857606 286 100362 0
S 1862605 286 100371 0
S 1867605 286 100371 0
S 1872605 286 100368 0
S 1877605 286 100368 0
S 1882604 286 100371 0
S 1887604 286 100365 0
S 1892604 286 100362 0
S 1897603 286 100368 0
S 1902603 286 100368 0
S 1907603 286 100362 0
S 1912602 286 100371 0
S 1917602 286 100371 0
S 1922602 286 100371 0
S 1927601 286 100362 0
S 1932601 286 100362 0
S 1937601 286 100368 0
S 1942600 286 100365 0
S 1947600 286 100365 0
S 1952600 286 100371 0
S 1957600 286 100362 0
S 1962599 286 100356 0
S 1967599 286 100365 0
S 1972599 286 100368 0
S 1977598 286 100371 0
S 1982598 286 100365 0
S 1987598 286 100368 0
S 1992597 286 100365 0
S 1997597 286 100362 0
S 2002597 286 100365 0
S 2007596 286 100362 0
S 2012596 286 100368 0
S 2017596 286 100365 0
S 2022595 286 100365 0
S 2027595 286 100368 0
S 2032595 286 100362 0
S 2042594 286 100362 0
S 2047594 286 100368 0
S 2052594 286 100368 0
S 2057593 286 100374 0
S 2062593 286 100368 0
S 2067593 286 100365 0
S 2072592 286 100353 0
S 2077592 286 100359 0
S 2082592 286 100368 0
S 2087591 286 100371 0
S 2092591 286 100365 0
S 2097591 286 100374 0
S 2102590 286 100374 0
S 2107590 286 100368 0
S 2112590 286 100362 0
S 2117590 286 100359 0
S 2122589 286 100365 0
S 2127589 286 100374 0
S 2132589 286 100365 0
S 2137588 286 100362 0
S 2142588 286 100365 0
S 2147588 286 100362 0
S 2152587 286 100368 0
S 2157587 286 100362 0
S 2162587 286 100362 0
S 2167586 286 100356 0
S 2172586 286 100368 0
S 2177586 286 100359 0
S 2182585 286 100356 0
S 2187585 286 100365 0
S 2192585 286 100368 0
S 2197585 286 100374 0
S 2202584 286 100368 0
S 2207584 286 100371 0
S 2212584 286 100371 0
S 2217583 286 100365 0
S 2222583 286 100365 0
S 2227583 286 100368 0
S 2232582 286 100368 0
S 2237582 286 100374 0
S 2242582 286 100359 0
S 2247581 286 100368 0
S 2252581 286 100371 0
S 2257581 286 100359 0
S 2262580 286 100371 0
S 2267580 286 100365 0
S 2272580 286 100365 0
S 2277580 286 100365 0
S 2282579 286 100371 0
S 2287579 286 100374 0
S 2292579 286 100371 0
S 2297578 286 100362 0
S 2302578 286 100356 0
S 2307578 286 100368 0
S 2312577 286 100371 0
S 2317577 286 100362 0
S 2322577 286 100362 0
S 2327576 286 100365 0
S 2332576 286 100368 0
S 2337576 286 100359 0
S 2342575 286 100371 0
S 2347575 286 100362 0
S 2352575 286 100365 0
S 2357575 286 100365 0
S 2362574 286 100374 0
S 2367574 286 100371 0
S 2372574 286 100365 0
S 2377573 286 100362 0
S 2382573 286 100359 0
S 2387573 286 100365 0
S 2392572 286 100374 0
S 2397572 286 100368 0
S 2402572 286 100365 0
S 2407571 286 100365 0
S 2412571 286 100374 0
S 2417571 286 100365 0
S 2422570 286 100365 0
S 2427570 286 100374 0
S 2432570 286 100368 0
S 2437570 286 100371 0
S 2442569 286 100368 0
S 2447569 286 100371 0
S 2452569 286 100365 0
S 2457568 286 100362 0
S 2462568 286 100374 0
S 2467568 286 100365 0
S 2472567 286 100371 0
S 2477567 286 100362 0
S 2482567 286 100362 0
S 2487566 286 100374 0
S 2492566 286 100374 0
S 2497566 286 100368 0
S 2502565 286 100374 0
S 2507565 286 100365 0
S 2512565 286 100365 0
S 2517565 286 100362 0
S 2522564 286 100365 0
S 2527564 286 100365 0
S 2532564 286 100362 0
S 2537563 286 100359 0
S 2542563 286 100362 0
S 2547563 286 100374 0
S 2554562 286 100367 1
S 2561562 286 100368 1
S 2568561 286 100364 1
S 2575561 286 100364 1
S 2582560 286 100373 1
S 2589560 286 100367 1
S 2596560 286 100370 1
S 2603559 286 100367 1
S 2610559 286 100368 1
S 2617558 286 100367 1
S 2624558 286 100367 1
S 2631557 286 100365 1
S 2638557 286 100368 1
S 2645557 286 100365 1
S 2652556 286 100365 1
S 2659556 286 100368 1
S 2666555 286 100364 1
S 2673555 286 100365 1
S 2680554 286 100364 1
S 2687554 286 100370 1
S 2694553 286 100364 1
S 2701553 286 100367 1
S 2708553 286 100365 1
S 2715552 286 100365 1
S 2722552 286 100368 1
S 2729551 286 100367 1
S 2736551 286 100370 1
S 2743550 286 100364 1
S 2750550 286 100368 1
S 2757550 286 100371 1
S 2764549 286 100368 1
S 2771549 286 100367 1
S 2778548 286 100367 1
S 2785548 286 100368 1
S 2792547 286 100370 1
S 2799547 286 100364 1
S 2806546 286 100368 1
S 2813546 286 100367 1
S 2820546 286 100374 1
S 2827545 286 100367 1
S 2834545 286 100362 1
S 2841544 286 100368 1
S 2848544 286 100368 1
S 2855543 286 100362 1
S 2862543 286 100361 1
S 2869543 286 100358 1
S 2876542 286 100367 1
S 2883542 286 100365 1
S 2890541 286 100364 1
S 2897541 286 100365 1
S 2904540 286 100371 1
S 2911540 286 100365 1
S 2918539 286 100362 1
S 2925539 286 100365 1
S 2932539 286 100362 1
S 2939538 286 100358 1
S 2946538 286 100364 1
S 2953537 286 100365 1
S 2960537 286 100364 1
S 2967536 286 100370 1
S 2974536 286 100364 1
S 2981536 286 100362 1
S 2988535 286 100368 1
S 2995535 286 100373 1
S 3002534 286 100371 1
S 3009534 286 100368 1
S 3016533 286 100370 1
S 3023533 286 100370 1
S 3030532 286 100365 1
S 3037532 286 100365 1
S 3049531 287 100380 1
S 3056531 287 100367 1
S 3063530 287 100367 1
S 3070530 287 100376 1
S 3077530 287 100374 1
S 3084529 287 100376 1
S 3091529 287 100374 1
S 3098528 287 100371 1
S 3105528 287 100367 1
S 3112527 287 100377 1
S 3119527 287 100368 1
S 3126526 287 100373 1
S 3133526 287 100373 1
S 3140526 287 100370 1
S 3147525 287 100373 1
S 3154525 287 100367 1
S 3161524 287 100371 1
S 3168524 287 100368 1
S 3175523 287 100368 1
S 3182523 287 100368 1
S 3189523 287 100367 1
S 3196522 287 100370 1
S 3203522 287 100367 1
S 3210521 287 100367 1
S 3217521 287 100371 1
S 3224520 287 100371 1
S 3231520 287 100367 1
S 3238519 287 100374 1
S 3245519 287 100374 1
S 3252519 287 100371 1
S 3259518 287 100370 1
S 3266518 287 100373 1
S 3273517 287 100373 1
S 3280517 287 100373 1
S 3287516 287 100365 1
S 3294516 287 100364 1
S 3301516 287 100362 1
S 3308515 287 100364 1
S 3315515 287 100364 1
S 3322514 287 100376 1
S 3329514 287 100371 1
S 3336513 287 100371 1
S 3343513 287 100373 1
S 3350512 287 100371 1
S 3357512 287 100368 1
S 3364512 287 100367 1
S 3371511 287 100371 1
S 3378511 287 100370 1
S 3385510 287 100370 1
S 3392510 287 100374 1
S 3399509 287 100370 1
S 3406509 287 100367 1
S 3413509 287 100367 1
S 3420508 287 100373 1
S 3427508 287 100367 1
S 3434507 287 100365 1
S 3441507 287 100368 1
S 3448506 287 100370 1
S 3455506 287 100371 1
S 3462505 287 100374 1
S 3469505 287 100371 1
S 3476505 287 100371 1
S 3483504 287 100371 1
S 3490504 287 100367 1
S 3497503 287 100367 1
S 3504503 287 100371 1
S 3511502 287 100374 1
S 3518502 287 100370 1
S 3525502 287 100367 1
S 3532501 287 100373 1
S 3539501 287 100367 1
S 3546500 287 100371 1
S 3553500 287 100376 1
S 3560499 287 100371 1
S 3567499 287 100367 1
S 3574498 287 100371 1
S 3581498 287 100367 1
S 3588498 287 100371 1
S 3595497 287 100370 1
S 3602497 287 100368 1
S 3609496 287 100368 1
S 3616496 287 100367 1
S 3623495 287 100371 1
S 3630495 287 100365 1
S 3637495 287 100371 1
S 3644494 287 100376 1
S 3651494 287 100380 1
S 3658493 287 100373 1
S 3665493 287 100374 1
S 3672492 287 100365 1
S 3679492 287 100379 1
S 3686491 287 100371 1
S 3693491 287 100365 1
S 3700491 287 100364 1
S 3707490 287 100371 1
S 3714490 287 100371 1
S 3721489 287 100370 1
S 3728489 287 100368 1
S 3735488 287 100370 1
S 3742488 287 100370 1
S 3749488 287 100368 1
S 3756487 287 100365 1
S 3763487 287 100371 1
S 3770486 287 100367 1
S 3777486 287 100368 1
S 3784485 287 100368 1
S 3791485 287 100376 1
S 3798484 287 100368 1
S 3805484 287 100370 1
S 3812484 287 100364 1
S 3819483 287 100364 1
S 3826483 287 100367 1
S 3833482 287 100365 1
S 3840482 287 100367 1
S 3847481 287 100370 1
S 3854481 287 100364 1
S 3861481 287 100365 1
S 3868480 287 100365 1
S 3875480 287 100370 1
S 3882479 287 100367 1
S 3889479 287 100365 1
S 3896478 287 100365 1
S 3903478 287 100368 1
S 3910477 287 100365 1
S 3917477 287 100373 1
S 3924477 287 100371 1
S 3931476 287 100371 1
S 3938476 287 100377 1
S 3945475 287 100370 1
S 3952475 287 100374 1
S 3959474 287 100373 1
S 3966474 287 100373 1
S 3973474 287 100371 1
S 3980473 287 100371 1
S 3987473 287 100362 1
S 3994472 287 100368 1
S 4001473 287 100367 1
S 4008471 287 100368 1
S 4015471 287 100365 1
S 4022470 287 100364 1
S 4029470 287 100364 1
S 4036470 287 100364 1
S 4043469 287 100370 1
S 4055468 287 100376 1
S 4062468 287 100376 1
S 4069468 287 100377 1
S 4076467 287 100377 1
S 4083467 287 100380 1
S 4090466 287 100374 1
S 4097466 287 100376 1
S 4104465 287 100379 1
S 4111465 287 100379 1
S 4118464 287 100379 1
S 4125464 287 100377 1
S 4132464 287 100373 1
S 4139463 287 100374 1
S 4146463 287 100376 1
S 4153462 287 100374 1
S 4160462 287 100377 1
S 4167461 287 100376 1
S 4174461 287 100374 1
S 4181461 287 100377 1
S 4188460 287 100380 1
S 4195460 287 100376 1
S 4202459 287 100382 1
S 4209459 287 100377 1
S 4216458 287 100383 1
S 4223458 287 100373 1
S 4230457 287 100382 1
S 4237457 287 100376 1
S 4244457 287 100376 1
S 4251456 287 100377 1
S 4258456 287 100370 1
S 4265455 287 100376 1
S 4272455 287 100379 1
S 4279454 287 100374 1
S 4286454 287 100371 1
S 4293454 287 100374 1
S 4300453 287 100376 1
S 4307453 287 100383 1
S 4314452 287 100380 1
S 4321452 287 100374 1
S 4328451 287 100377 1
S 4335451 287 100377 1
S 4342450 287 100377 1
S 4349450 287 100371 1
S 4356450 287 100376 1
S 4363449 287 100380 1
S 4370449 287 100374 1
S 4377448 287 100379 1
S 4384448 287 100376 1
S 4391447 287 100380 1
S 4398447 287 100371 1
S 4405447 287 100374 1
S 4412446 287 100380 1
S 4419446 287 100371 1
S 4426445 287 100379 1
S 4433445 287 100371 1
S 4440444 287 100373 1
S 4447444 287 100377 1
S 4454443 287 100377 1
S 4461443 287 100373 1
S 4468443 287 100379 1
S 4475442 287 100379 1
S 4482442 287 100374 1
S 4489441 287 100368 1
S 4496441 287 100373 1
S 4503440 287 100374 1
S 4510440 287 100374 1
S 4517440 287 100371 1
S 4524439 287 100376 1
S 4531439 287 100377 1
S 4538438 287 100373 1
S 4545438 287 100373 1
S 4552437 287 100371 1
S 4559437 287 100373 1
S 4566436 287 100373 1
S 4573436 287 100371 1
S 4580436 287 100373 1
S 4587435 287 100373 1
S 4594435 287 100370 1
S 4601434 287 100374 1
S 4608434 287 100374 1
S 4615433 287 100377 1
S 4622433 287 100370 1
S 4629433 287 100371 1
S 4636432 287 100368 1
S 4643432 287 100370 1
S 4650431 287 100371 1
S 4657431 287 100370 1
S 4664430 287 100377 1
S 4671430 287 100377 1
S 4678429 287 100377 1
S 4685429 287 100374 1
S 4692429 287 100377 1
S 4699428 287 100380 1
S 4706428 287 100379 1
S 4713427 287 100377 1
S 4720427 287 100374 1
S 4727426 287 100370 1
S 4734426 287 100370 1
S 4741426 287 100371 1
S 4748425 287 100380 1
S 4755425 287 100376 1
S 4762424 287 100379 1
S 4769424 287 100373 1
S 4776423 287 100371 1
S 4783423 287 100371 1
S 4790422 287 100370 1
S 4797422 287 100371 1
S 4804422 287 100370 1
S 4811421 287 100371 1
S 4818421 287 100370 1
S 4825420 287 100373 1
S 4832420 287 100371 1
S 4839419 287 100374 1
S 4846419 287 100374 1
S 4853419 287 100373 1
S 4860418 287 100380 1
S 4867418 287 100379 1
S 4874417 287 100374 1
S 4881417 287 100376 1
S 4888416 287 100374 1
S 4895416 287 100377 1
S 4902415 287 100373 1
S 4909415 287 100376 1
S 4916415 287 100374 1
S 4923414 287 100374 1
S 4930414 287 100373 1
S 4937413 287 100371 1
S 4944413 287 100379 1
S 4951412 287 100373 1
S 4958412 287 100371 1
S 4965412 287 100376 1
S 4972411 287 100371 1
S 4979411 287 100376 1
S 4986410 287 100374 1
S 4993410 287 100380 1
S 5000410 287 100371 1
S 5007409 287 100377 1
S 5014408 287 100374 1
S 5021408 287 100373 1
S 5028408 287 100370 1
S 5035407 287 100377 1
S 5042407 287 100376 1
S 5049406 287 100377 1
S 5061406 287 100373 1
S 5068405 287 100373 1
S 5075405 287 100371 1
S 5082404 287 100370 1
S 5089404 287 100365 1
S 5096403 287 100365 1
S 5103403 287 100376 1
S 5110402 287 100374 1
S 5117402 287 100374 1
S 5124402 287 100374 1
S 5131401 287 100373 1
S 5138401 287 100367 1
S 5145400 287 100371 1
S 5152400 287 100373 1
S 5159399 287 100362 1
S 5166399 287 100365 1
S 5173399 287 100371 1
S 5180398 287 100367 1
S 5187398 287 100367 1
S 5194397 287 100370 1
S 5201397 287 100373 1
S 5208396 287 100368 1
S 5215396 287 100367 1
S 5222395 287 100367 1
S 5229395 287 100362 1
S 5236395 287 100368 1
S 5243394 287 100367 1
S 5250394 287 100365 1
S 5257393 287 100364 1
S 5264393 287 100365 1
S 5271392 287 100367 1
S 5278392 287 100362 1
S 5285392 287 100362 1
S 5292391 287 100365 1
S 5299391 287 100370 1
S 5306390 287 100368 1
S 5313390 287 100367 1
S 5320389 287 100367 1
S 5327389 287 100368 1
S 5334388 287 100364 1
S 5341388 287 100367 1
S 5348388 287 100367 1
S 5355387 287 100365 1
S 5362387 287 100367 1
S 5369386 287 100370 1
S 5376386 287 100365 1
S 5383385 287 100368 1
S 5390385 287 100362 1
S 5397385 287 100365 1
S 5404384 287 100364 1
S 5411384 287 100364 1
S 5418383 287 100364 1
S 5425383 287 100365 1
S 5432382 287 100364 1
S 5439382 287 100367 1
S 5446381 287 100368 1
S 5453381 287 100368 1
S 5460381 287 100368 1
S 5467380 287 100371 1
S 5474380 287 100362 1
S 5481379 287 100368 1
S 5488379 287 100376 1
S 5495378 287 100370 1
S 5502378 287 100371 1
S 5509378 287 100365 1
S 5516377 287 100361 1
S 5523377 287 100365 1
S 5530376 287 100364 1
S 5537376 287 100368 1
S 5544375 287 100368 1
S 5551375 287 100359 1
S 5558374 287 100364 1
S 5565374 287 100364 1
S 5572374 287 100367 1
S 5579373 287 100364 1
S 5586373 287 100371 1
S 5593372 287 100368 1
S 5600372 287 100365 1
S 5607371 287 100370 1
S 5614371 287 100367 1
S 5621371 287 100364 1
S 5628370 287 100362 1
S 5635370 287 100361 1
S 5642369 287 100359 1
S 5649369 287 100368 1
S 5656368 287 100362 1
S 5663368 287 100364 1
S 5670367 287 100362 1
S 5677367 287 100362 1
S 5684367 287 100364 1
S 5691366 287 100365 1
S 5698366 287 100364 1
S 5705365 287 100367 1
S 5712365 287 100367 1
S 5719364 287 100365 1
S 5726364 287 100367 1
S 5733364 287 100364 1
S 5740363 287 100361 1
S 5747363 287 100362 1
S 5754362 287 100362 1
S 5761362 287 100359 1
S 5768361 287 100361 1
S 5775361 287 100359 1
S 5782360 287 100365 1
S 5789360 287 100365 1
S 5796360 287 100361 1
S 5803359 287 100367 1
S 5810359 287 100362 1
S 5817358 287 100365 1
S 5824358 287 100367 1
S 5831357 287 100356 1
S 5838357 287 100365 1
S 5845357 287 100371 1
S 5852356 287 100365 1
S 5859356 287 100362 1
S 5866355 287 100367 1
S 5873355 287 100368 1
S 5880354 287 100365 1
S 5887354 287 100365 1
S 5894353 287 100364 1
S 5901353 287 100362 1
S 5908353 287 100364 1
S 5915352 287 100367 1
S 5922352 287 100359 1
S 5929351 287 100359 1
S 5936351 287 100359 1
S 5943350 287 100362 1
S 5950350 287 100364 1
S 5957350 287 100359 1
S 5964349 287 100367 1
S 5971349 287 100367 1
S 5978348 287 100365 1
S 5985348 287 100368 1
S 5992347 287 100362 1
S 5999347 287 100361 1
S 6006346 287 100359 1
S 6013346 287 100359 1
S 6020346 287 100359 1
S 6027345 287 100359 1
S 6034345 287 100365 1
S 6041344 287 100359 1
S 6048344 287 100364 1
S 6055343 287 100365 1
S 6067343 287 100376 1
S 6078342 287 100376 2
S 6089341 287 100382 2
S 6100341 287 100379 2
S 6111340 287 100371 2
S 6122339 287 100370 2
S 6133339 287 100368 2
S 6144338 287 100376 2
S 6155337 287 100374 2
S 6166336 287 100371 2
S 6177336 287 100370 2
S 6188335 287 100368 2
S 6199334 287 100372 2
S 6210334 287 100366 2
S 6221333 287 100369 2
S 6232332 287 100368 2
S 6243332 287 100366 2
S 6254331 287 100362 2
S 6265330 287 100368 2
S 6276330 287 100368 2
S 6287329 287 100366 2
S 6298328 287 100368 2
S 6309328 287 100369 2
S 6320327 287 100371 2
S 6331326 287 100367 2
S 6342325 287 100370 2
S 6353325 287 100368 2
S 6364324 287 100368 2
S 6375323 287 100370 2
S 6386323 287 100368 2
S 6397322 287 100374 2
S 6408321 287 100369 2
S 6419321 287 100368 2
S 6430320 287 100368 2
S 6441319 287 100367 2
S 6452319 287 100366 2
S 6463318 287 100368 2
S 6474317 287 100370 2
S 6485317 287 100371 2
S 6496316 287 100368 2
S 6507315 287 100370 2
S 6518314 287 100365 2
S 6529314 287 100361 2
S 6540313 287 100367 2
S 6551312 287 100365 2
S 6562312 287 100363 2
S 6573311 287 100368 2
S 6584310 287 100365 2
S 6595310 287 100364 2
S 6606309 287 100361 2
S 6617308 287 100362 2
S 6628308 287 100370 2
S 6639307 287 100367 2
S 6650306 287 100368 2
S 6661306 287 100368 2
S 6672305 287 100367 2
S 6683304 287 100361 2
S 6694303 287 100368 2
S 6705303 287 100366 2
S 6716302 287 100368 2
S 6727301 287 100368 2
S 6738301 287 100371 2
S 6749300 287 100366 2
S 6760299 287 100365 2
S 6771299 287 100361 2
S 6782298 287 100368 2
S 6793297 287 100366 2
S 6804297 287 100361 2
S 6815296 287 100367 2
S 6826295 287 100366 2
S 6837295 287 100368 2
S 6848294 287 100365 2
S 6859293 287 100367 2
S 6870292 287 100367 2
S 6881292 287 100367 2
S 6892291 287 100362 2
S 6903290 287 100365 2
S 6914290 287 100360 2
S 6925289 287 100360 2
S 6936288 287 100365 2
S 6947288 287 100364 2
S 6958287 287 100365 2
S 6969286 287 100365 2
S 6980286 287 100361 2
S 6991285 287 100361 2
S 7002284 287 100359 2
S 7013284 287 100368 2
S 7024283 287 100360 2
S 7035282 287 100368 2
S 7046281 287 100367 2
S 7057281 287 100370 2
S 7068280 287 100365 2
S 7084279 287 100382 2
S 7095278 287 100377 2
S 7106278 287 100378 2
S 7117277 287 100377 2
S 7128276 287 100379 2
S 7139276 287 100377 2
S 7150275 287 100378 2
S 7161274 287 100374 2
S 7172274 287 100377 2
S 7183273 287 100373 2
S 7194272 287 100371 2
S 7205272 287 100376 2
S 7216271 287 100371 2
S 7227270 287 100374 2
S 7238269 287 100374 2
S 7249269 287 100376 2
S 7260268 287 100374 2
S 7271267 287 100377 2
S 7282267 287 100374 2
S 7293266 287 100374 2
S 7304265 287 100379 2
S 7315265 287 100377 2
S 7326264 287 100373 2
S 7337263 287 100377 2
S 7348263 287 100374 2
S 7359262 287 100376 2
S 7370261 287 100371 2
S 7381261 287 100374 2
S 7392260 287 100371 2
S 7403259 287 100370 2
S 7414258 287 100371 2
S 7425258 287 100368 2
S 7436257 287 100376 2
S 7447256 287 100373 2
S 7458256 287 100370 2
S 7469255 287 100366 2
S 7480254 287 100374 2
S 7491254 287 100370 2
S 7502253 287 100371 2
S 7513252 287 100370 2
S 7524252 287 100374 2
S 7535251 287 100369 2
S 7546250 287 100374 2
S 7557250 287 100374 2
S 7568249 287 100376 2
S 7579248 287 100372 2
S 7590247 287 100374 2
S 7601247 287 100369 2
S 7612246 287 100365 2
S 7623245 287 100371 2
S 7634245 287 100376 2
S 7645244 287 100376 2
S 7656243 287 100374 2
S 7667243 287 100371 2
S 7678242 287 100364 2
S 7689241 287 100373 2
S 7700241 287 100371 2
S 7711240 287 100371 2
S 7722239 287 100372 2
S 7733239 287 100369 2
S 7744238 287 100372 2
S 7755237 287 100371 2
S 7766236 287 100374 2
S 7777236 287 100377 2
S 7788235 287 100377 2
S 7799234 287 100373 2
S 7810234 287 100374 2
S 7821233 287 100379 2
S 7832232 287 100379 2
S 7843232 287 100373 2
S 7854231 287 100374 2
S 7865230 287 100365 2
S 7876230 287 100377 2
S 7887229 287 100370 2
S 7898228 287 100372 2
S 7909228 287 100373 2
S 7920227 287 100370 2
S 7931226 287 100373 2
S 7942225 287 100373 2
S 7953225 287 100371 2
S 7964224 287 100370 2
S 7975223 287 100370 2
S 7986223 287 100368 2
S 7997222 287 100370 2
S 8008221 287 100375 2
S 8019221 287 100375 2
S 8030220 287 100372 2
S 8041219 287 100371 2
S 8052219 287 100374 2
S 8063218 287 100373 2
S 8074217 287 100368 2
S 8090216 287 100370 2
S 8101216 287 100373 2
S 8112215 287 100374 2
S 8123214 287 100374 2
S 8134213 287 100374 2
S 8145213 287 100365 2
S 8156212 287 100371 2
S 8167211 287 100374 2
S 8178211 287 100371 2
S 8189210 287 100371 2
S 8200209 287 100382 2
S 8211209 287 100373 2
S 8222208 287 100374 2
S 8233207 287 100373 2
S 8244207 287 100368 2
S 8255206 287 100377 2
S 8266205 287 100378 2
S 8277205 287 100374 2
S 8288204 287 100371 2
S 8299203 287 100374 2
S 8310202 287 100373 2
S 8321202 287 100369 2
S 8332201 287 100367 2
S 8343200 287 100367 2
S 8354200 287 100365 2
S 8365199 287 100366 2
S 8376198 287 100372 2
S 8387198 287 100373 2
S 8398197 287 100378 2
S 8409196 287 100372 2
S 8420196 287 100374 2
S 8431195 287 100369 2
S 8442194 287 100371 2
S 8453194 287 100374 2
S 8464193 287 100374 2
S 8475192 287 100376 2
S 8486191 287 100371 2
S 8497191 287 100374 2
S 8508190 287 100377 2
S 8519189 287 100376 2
S 8530189 287 100372 2
S 8541188 287 100373 2
S 8552187 287 100373 2
S 8563187 287 100377 2
S 8574186 287 100375 2
S 8585185 287 100376 2
S 8596185 287 100375 2
S 8607184 287 100376 2
S 8618183 287 100374 2
S 8629183 287 100372 2
S 8640182 287 100376 2
S 8651181 287 100374 2
S 8662180 287 100371 2
S 8673180 287 100371 2
S 8684179 287 100374 2
S 8695178 287 100375 2
S 8706178 287 100376 2
S 8717177 287 100374 2
S 8728176 287 100374 2
S 8739176 287 100376 2
S 8750175 287 100377 2
S 8761174 287 100380 2
S 8772174 287 100377 2
S 8783173 287 100374 2
S 8794172 287 100374 2
S 8805172 287 100374 2
S 8816171 287 100374 2
S 8827170 287 100377 2
S 8838169 287 100371 2
S 8849169 287 100372 2
S 8860168 287 100373 2
S 8871167 287 100371 2
S 8882167 287 100371 2
S 8893166 287 100371 2
S 8904165 287 100377 2
S 8915165 287 100381 2
S 8926164 287 100376 2
S 8937163 287 100376 2
S 8948163 287 100370 2
S 8959162 287 100375 2
S 8970161 287 100370 2
S 8981161 287 100370 2
S 8992160 287 100374 2
S 9003159 287 100372 2
S 9014158 287 100370 2
S 9025158 287 100375 2
S 9036157 287 100374 2
S 9047156 287 100375 2
S 9058156 287 100373 2
S 9069155 287 100374 2
S 9080154 287 100368 2
S 9096153 287 100377 2
S 9107153 287 100381 2
S 9118152 287 100377 2
S 9129151 287 100376 2
S 9140151 287 100374 2
S 9151150 287 100380 2
S 9162149 287 100376 2
S 9173149 287 100377 2
S 9184148 287 100379 2
S 9195147 287 100376 2
S 9206146 287 100380 2
S 9217146 287 100377 2
S 9228145 287 100373 2
S 9239144 287 100372 2
S 9250144 287 100374 2
S 9261143 287 100375 2
S 9272142 287 100371 2
S 9283142 287 100377 2
S 9294141 287 100368 2
S 9305140 287 100375 2
S 9316140 287 100377 2
S 9327139 287 100375 2
S 9338138 287 100372 2
S 9349138 287 100372 2
S 9360137 287 100371 2
S 9371136 287 100374 2
S 9382135 287 100373 2
S 9393135 287 100371 2
S 9404134 287 100373 2
S 9415133 287 100371 2
S 9426133 287 100376 2
S 9437132 287 100368 2
S 9448131 287 100367 2
S 9459131 287 100369 2
S 9470130 287 100369 2
S 9481129 287 100372 2
S 9492129 287 100377 2
S 9503128 287 100371 2
S 9514127 287 100374 2
S 9525127 287 100377 2
S 9536126 287 100374 2
S 9547125 287 100377 2
S 9558124 287 100371 2
S 9569124 287 100368 2
S 9580123 287 100369 2
S 9591122 287 100369 2
S 9602122 287 100376 2
S 9613121 287 100371 2
S 9624120 287 100371 2
S 9635120 287 100374 2
S 9646119 287 100365 2
S 9657118 287 100373 2
S 9668118 287 100368 2
S 9679117 287 100370 2
S 9690116 287 100368 2
S 9701116 287 100371 2
S 9712115 287 100369 2
S 9723114 287 100371 2
S 9734113 287 100370 2
S 9745113 287 100365 2
S 9756112 287 100368 2
S 9767111 287 100366 2
S 9778111 287 100368 2
S 9789110 287 100368 2
S 9800109 287 100373 2
S 9811109 287 100371 2
S 9822108 287 100371 2
S 9833107 287 100368 2
S 9844107 287 100369 2
S 9855106 287 100368 2
S 9866105 287 100371 2
S 9877105 287 100369 2
S 9888104 287 100363 2
S 9899103 287 100373 2
S 9910102 287 100377 2
S 9921102 287 100372 2
S 9932101 287 100377 2
S 9943100 287 100378 2
S 9954100 287 100368 2
S 9965099 287 100365 2
S 9976098 287 100373 2
S 9987098 287 100371 2
S 9998097 287 100370 2
S 10009096 287 100374 2
S 10020096 287 100374 2
S 10031095 287 100366 2
S 10042094 287 100373 2
S 10053094 287 100368 2
S 10064093 287 100370 2
S 10075092 287 100368 2
S 10086091 287 100367 2
S 10102090 287 100376 2
S 10113090 287 100376 2
S 10124089 287 100374 2
S 10135088 287 100371 2
S 10146088 287 100374 2
S 10157087 287 100374 2
S 10168086 287 100374 2
S 10179086 287 100371 2
S 10190085 287 100367 2
S 10201084 287 100372 2
S 10212084 287 100370 2
S 10223083 287 100378 2
S 10234082 287 100373 2
S 10245082 287 100375 2
S 10256081 287 100369 2
S 10267080 287 100370 2
S 10278079 287 100371 2
S 10289079 287 100377 2
S 10300078 287 100372 2
S 10311077 287 100372 2
S 10322077 287 100377 2
S 10333076 287 100371 2
S 10344075 287 100371 2
S 10355075 287 100371 2
S 10366074 287 100374 2
S 10377073 287 100379 2
S 10388073 287 100371 2
S 10399072 287 100368 2
S 10410071 287 100372 2
S 10421071 287 100370 2
S 10432070 287 100374 2
S 10443069 287 100377 2
S 10454068 287 100371 2
S 10465068 287 100374 2
S 10476067 287 100370 2
S 10487066 287 100377 2
S 10498066 287 100369 2
S 10509065 287 100373 2
S 10520064 287 100374 2
S 10531064 287 100374 2
S 10542063 287 100368 2
S 10553062 287 100373 2
S 10564062 287 100374 2
S 10575061 287 100374 2
S 10586060 287 100378 2
S 10597060 287 100376 2
S 10608059 287 100380 2
S 10619058 287 100377 2
S 10630057 287 100384 2
S 10641057 287 100386 2
S 10652056 287 100379 2
S 10663055 287 100380 2
S 10674055 287 100384 2
S 10685054 287 100380 2
S 10696053 287 100378 2
S 10707053 287 100374 2
S 10718052 287 100373 2
S 10729051 287 100377 2
S 10740051 287 100380 2
S 10751050 287 100380 2
S 10762049 287 100377 2
S 10773049 287 100377 2
S 10784048 287 100381 2
S 10795047 287 100380 2
S 10806046 287 100381 2
S 10817046 287 100375 2
S 10828045 287 100372 2
S 10839044 287 100377 2
S 10850044 287 100379 2
S 10861043 287 100376 2
S 10872042 287 100381 2
S 10883042 287 100378 2
S 10894041 287 100372 2
S 10905040 287 100372 2
S 10916040 287 100370 2
S 10927039 287 100375 2
S 10938038 287 100379 2
S 10949038 287 100374 2
S 10960037 287 100381 2
S 10971036 287 100385 2
S 10982035 287 100378 2
S 10993035 287 100374 2
S 11004034 287 100380 2
S 11015033 287 100378 2
S 11026033 287 100371 2
S 11037032 287 100379 2
S 11048031 287 100375 2
S 11059031 287 100373 2
S 11070030 287 100371 2
S 11081029 287 100377 2
S 11092029 287 100376 2
S 11108028 287 100382 2
S 11119027 287 100374 2
S 11130026 287 100374 2
S 11141026 287 100379 2
S 11152025 287 100377 2
S 11163024 287 100373 2
S 11174023 287 100378 2
S 11185023 287 100374 2
S 11196022 287 100375 2
S 11207021 287 100377 2
S 11218021 287 100379 2
S 11229020 287 100377 2
S 11240019 287 100372 2
S 11251019 287 100380 2
S 11262018 287 100380 2
S 11273017 287 100377 2
S 11284017 287 100381 2
S 11295016 287 100380 2
S 11306015 287 100380 2
S 11317015 287 100374 2
S 11328014 287 100370 2
S 11339013 287 100371 2
S 11350012 287 100372 2
S 11361012 287 100375 2
S 11372011 287 100371 2
S 11383010 287 100379 2
S 11394010 287 100373 2
S 11405009 287 100375 2
S 11416008 287 100377 2
S 11427008 287 100382 2
S 11438007 287 100374 2
S 11449006 287 100379 2
S 11460006 287 100373 2
S 11471005 287 100374 2
S 11482004 287 100381 2
S 11493004 287 100382 2
S 11504003 287 100376 2
S 11515002 287 100377 2
S 11526001 287 100376 2
S 11537001 287 100381 2
S 11548000 287 100377 2
S 11558999 287 100385 2
S 11569999 287 100377 2
S 11580998 287 100379 2
S 11591997 287 100382 2
S 11610996 287 100380 3
S 11629995 287 100380 3
S 11648994 287 100378 3
S 11667993 287 100378 3
S 11686991 287 100375 3
S 11705990 287 100379 3
S 11724989 287 100376 3
S 11743988 287 100379 3
S 11762987 287 100377 3
S 11781985 287 100378 3
S 11800984 287 100377 3
S 11819983 287 100376 3
S 11838982 287 100377 3
S 11857981 287 100378 3
S 11876980 287 100375 3
S 11895978 287 100377 3
S 11914977 287 100375 3
S 11933976 287 100376 3
S 11952975 287 100368 3
S 11971974 287 100374 3
S 11990972 287 100371 3
S 12009971 287 100370 3
S 12028970 287 100370 3
S 12047969 287 100367 3
S 12066968 287 100368 3
S 12085966 287 100371 3
S 12104965 287 100368 3
S 12127964 287 100370 3
S 12146963 287 100372 3
S 12165961 287 100373 3
S 12184960 287 100370 3
S 12203959 287 100370 3
S 12222958 287 100367 3
S 12241957 287 100369 3
S 12260956 287 100373 3
S 12279954 287 100374 3
S 12298953 287 100372 3
S 12317952 287 100371 3
S 12336951 287 100373 3
S 12355950 287 100371 3
S 12374948 287 100369 3
S 12393947 287 100370 3
S 12412946 287 100372 3
S 12431945 287 100370 3
S 12450944 287 100372 3
S 12469942 287 100373 3
S 12488941 287 100375 3
S 12507940 287 100374 3
S 12526939 287 100374 3
S 12545938 287 100375 3
S 12564937 287 100373 3
S 12583935 287 100374 3
S 12602934 287 100372 3
S 12621933 287 100372 3
S 12640932 287 100368 3
S 12659931 287 100370 3
S 12678929 287 100372 3
S 12697928 287 100377 3
S 12716927 287 100376 3
S 12735926 287 100372 3
S 12754925 287 100374 3
S 12773923 287 100372 3
S 12792922 287 100372 3
S 12811921 287 100374 3
S 12830920 287 100374 3
S 12849919 287 100370 3
S 12868918 287 100368 3
S 12887916 287 100375 3
S 12906915 287 100371 3
S 12925914 287 100372 3
S 12944913 287 100371 3
S 12963912 287 100373 3
S 12982910 287 100370 3
S 13001910 287 100374 3
S 13020908 287 100372 3
S 13039907 287 100370 3
S 13058906 287 100370 3
S 13077904 287 100372 3
S 13096903 287 100369 3
S 13115902 287 100369 3
S 13138901 288 100378 3
S 13157899 288 100377 3
S 13176898 288 100377 3
S 13195897 288 100377 3
S 13214896 288 100377 3
S 13233895 288 100378 3
S 13252894 288 100377 3
S 13271892 288 100380 3
S 13290891 288 100376 3
S 13309890 288 100378 3
S 13328889 288 100377 3
S 13347888 288 100375 3
S 13366886 288 100373 3
S 13385885 288 100377 3
S 13404884 288 100375 3
S 13423883 288 100381 3
S 13442882 288 100376 3
S 13461880 288 100372 3
S 13480879 288 100378 3
S 13499878 288 100377 3
S 13518877 288 100375 3
S 13537876 288 100375 3
S 13556875 288 100376 3
S 13575873 288 100373 3
S 13594872 288 100376 3
S 13613871 288 100381 3
S 13632870 288 100377 3
S 13651869 288 100374 3
S 13670867 288 100375 3
S 13689866 288 100377 3
S 13708865 288 100373 3
S 13727864 288 100369 3
S 13746863 288 100372 3
S 13765861 288 100372 3
S 13784860 288 100372 3
S 13803859 288 100371 3
S 13822858 288 100374 3
S 13841857 288 100376 3
S 13860856 288 100372 3
S 13879854 288 100372 3
S 13898853 288 100375 3
S 13917852 288 100373 3
S 13936851 288 100374 3
S 13955850 288 100376 3
S 13974848 288 100372 3
S 13993847 288 100374 3
S 14012846 288 100372 3
S 14031845 288 100374 3
S 14050844 288 100375 3
S 14069842 288 100373 3
S 14088841 288 100372 3
S 14107840 288 100376 3
S 14126839 288 100379 3
S 14149837 288 100381 3
S 14168836 288 100382 3
S 14187835 288 100382 3
S 14206834 288 100381 3
S 14225833 288 100378 3
S 14244832 288 100380 3
S 14263830 288 100377 3
S 14282829 288 100379 3
S 14301828 288 100378 3
S 14320827 288 100376 3
S 14339826 288 100378 3
S 14358824 288 100380 3
S 14377823 288 100377 3
S 14396822 288 100380 3
S 14415821 288 100380 3
S 14434820 288 100381 3
S 14453818 288 100375 3
S 14472817 288 100378 3
S 14491816 288 100378 3
S 14510815 288 100379 3
S 14529814 288 100376 3
S 14548813 288 100378 3
S 14567811 288 100377 3
S 14586810 288 100381 3
S 14605809 288 100374 3
S 14624808 288 100375 3
S 14643807 288 100380 3
S 14662805 288 100378 3
S 14681804 288 100380 3
S 14700803 288 100378 3
S 14719802 288 100381 3
S 14738801 288 100381 3
S 14757799 288 100378 3
S 14776798 288 100375 3
S 14795797 288 100375 3
S 14814796 288 100374 3
S 14833795 288 100383 3
S 14852794 288 100380 3
S 14871792 288 100385 3
S 14890791 288 100377 3
S 14909790 288 100377 3
S 14928789 288 100377 3
S 14947788 288 100382 3
S 14966786 288 100381 3
S 14985785 288 100376 3
S 15004784 288 100376 3
S 15023783 288 100380 3
S 15042782 288 100380 3
S 15061780 288 100380 3
S 15080779 288 100379 3
S 15099778 288 100380 3
S 15118777 288 100376 3
S 15137776 288 100378 3
S 15160774 288 100378 3
S 15179773 288 100376 3
S 15198772 288 100375 3
S 15217771 288 100374 3
S 15236770 288 100372 3
S 15255768 288 100375 3
S 15274767 288 100376 3
S 15293766 288 100373 3
S 15312765 288 100372 3
S 15331764 288 100373 3
S 15350762 288 100368 3
S 15369761 288 100373 3
S 15388760 288 100370 3
S 15407759 288 100371 3
S 15426758 288 100373 3
S 15445756 288 100371 3
S 15464755 288 100371 3
S 15483754 288 100370 3
S 15502753 288 100370 3
S 15521752 288 100372 3
S 15540751 288 100370 3
S 15559749 288 100369 3
S 15578748 288 100371 3
S 15597747 288 100371 3
S 15616746 288 100372 3
S 15635745 288 100374 3
S 15654743 288 100374 3
S 15673742 288 100375 3
S 15692741 288 100376 3
S 15711740 288 100372 3
S 15730739 288 100373 3
S 15749737 288 100372 3
S 15768736 288 100372 3
S 15787735 288 100372 3
S 15806734 288 100372 3
S 15825733 288 100370 3
S 15844732 288 100371 3
S 15863730 288 100371 3
S 15882729 288 100370 3
S 15901728 288 100370 3
S 15920727 288 100373 3
S 15939726 288 100376 3
S 15958724 288 100375 3
S 15977723 288 100372 3
S 15996722 288 100373 3
S 16015721 288 100372 3
S 16034720 288 100372 3
S 16053718 288 100372 3
S 16072717 288 100370 3
S 16091716 288 100368 3
S 16110715 288 100368 3
S 16129714 288 100370 3
S 16148713 288 100368 3
S 16171711 288 100376 3
S 16190710 288 100374 3
S 16209709 288 100375 3
S 16228708 288 100374 3
S 16247706 288 100375 3
S 16266705 288 100374 3
S 16285704 288 100371 3
S 16304703 288 100375 3
S 16323702 288 100374 3
S 16342700 288 100377 3
S 16361699 288 100379 3
S 16380698 288 100377 3
S 16399697 288 100379 3
S 16418696 288 100374 3
S 16437694 288 100371 3
S 16456693 288 100369 3
S 16475692 288 100367 3
S 16494691 288 100368 3
S 16513690 288 100369 3
S 16532689 288 100371 3
S 16551687 288 100372 3
S 16570686 288 100376 3
S 16589685 288 100373 3
S 16608684 288 100373 3
S 16627683 288 100374 3
S 16646681 288 100376 3
S 16665680 288 100373 3
S 16684679 288 100377 3
S 16703678 288 100372 3
S 16722677 288 100372 3
S 16741675 288 100374 3
S 16760674 288 100376 3
S 16779673 288 100376 3
S 16798672 288 100375 3
S 16817671 288 100375 3
S 16836670 288 100372 3
S 16855668 288 100373 3
S 16874667 288 100372 3
S 16893666 288 100373 3
S 16912665 288 100372 3
S 16931664 288 100370 3
S 16950662 288 100371 3
S 16969661 288 100370 3
S 16988660 288 100370 3
S 17007659 288 100370 3
S 17026658 288 100368 3
S 17045656 288 100370 3
S 17064655 288 100370 3
S 17083654 288 100375 3
S 17102653 288 100370 3
S 17121652 288 100373 3
S 17140651 288 100371 3
S 17159649 288 100375 3
S 17182648 288 100373 3
S 17201647 288 100374 3
S 17220646 288 100372 3
S 17239644 288 100375 3
S 17258643 288 100375 3
S 17277642 288 100373 3
S 17296641 288 100374 3
S 17315640 288 100376 3
S 17334638 288 100372 3
S 17353637 288 100375 3
S 17372636 288 100373 3
S 17391635 288 100371 3
S 17410634 288 100377 3
S 17429632 288 100374 3
S 17448631 288 100374 3
S 17467630 288 100371 3
S 17486629 288 100372 3
S 17505628 288 100374 3
S 17524627 288 100375 3
S 17543625 288 100376 3
S 17562624 288 100380 3
S 17581623 288 100380 3
S 17600622 288 100381 3
S 17619621 288 100373 3
S 17638619 288 100378 3
S 17657618 288 100376 3
S 17676617 288 100373 3
S 17695616 288 100375 3
S 17714615 288 100373 3
S 17733613 288 100378 3
S 17752612 288 100373 3
S 17771611 288 100377 3
S 17790610 288 100377 3
S 17809609 288 100373 3
S 17828608 288 100378 3
S 17847606 288 100383 3
S 17866605 288 100377 3
S 17885604 288 100374 3
S 17904603 288 100372 3
S 17923602 288 100367 3
S 17942600 288 100371 3
S 17961599 288 100372 3
S 17980598 288 100370 3
S 17999597 288 100370 3
S 18018596 288 100367 3
S 18037594 288 100367 3
S 18056593 288 100368 3
S 18075592 288 100367 3
S 18094591 288 100365 3
S 18113590 288 100368 3
S 18132589 288 100371 3
S 18151587 288 100370 3
S 18170586 288 100368 3
S 18193585 288 100374 3
S 18212584 288 100374 3
S 18231582 288 100371 3
S 18250581 288 100375 3
S 18269580 288 100369 3
S 18288579 288 100370 3
S 18307578 288 100371 3
S 18326576 288 100374 3
S 18345575 288 100373 3
S 18364574 288 100372 3
S 18383573 288 100370 3
S 18402572 288 100374 3
S 18421570 288 100374 3
S 18440569 288 100369 3
S 18459568 288 100375 3
S 18478567 288 100379 3
S 18497566 288 100376 3
S 18516565 288 100372 3
S 18535563 288 100373 3
S 18554562 288 100373 3
S 18573561 288 100371 3
S 18592560 288 100375 3
S 18611559 288 100370 3
S 18630557 288 100370 3
S 18649556 288 100374 3
S 18668555 288 100370 3
S 18687554 288 100373 3
S 18706553 288 100370 3
S 18725551 288 100371 3
S 18744550 288 100373 3
S 18763549 288 100370 3
S 18782548 288 100371 3
S 18801547 288 100370 3
S 18820546 288 100370 3
S 18839544 288 100371 3
S 18858543 288 100371 3
S 18877542 288 100375 3
S 18896541 288 100373 3
S 18915540 288 100372 3
S 18934538 288 100378 3
S 18953537 288 100377 3
S 18972536 288 100374 3
S 18991535 288 100374 3
S 19010534 288 100371 3
S 19029532 288 100372 3
S 19048531 288 100372 3
S 19067530 288 100370 3
S 19086529 288 100371 3
S 19105528 288 100372 3
S 19124527 288 100372 3
S 19143525 288 100373 3
S 19162524 288 100374 3
S 19181523 288 100373 3
S 19204521 288 100380 3
S 19223520 288 100377 3
S 19242519 288 100378 3
S 19261518 288 100376 3
S 19280517 288 100379 3
S 19299516 288 100377 3
S 19318514 288 100376 3
S 19337513 288 100376 3
S 19356512 288 100376 3
S 19375511 288 100375 3
S 19394510 288 100372 3
S 19413508 288 100374 3
S 19432507 288 100375 3
S 19451506 288 100374 3
S 19470505 288 100374 3
S 19489504 288 100377 3
S 19508503 288 100374 3
S 19527501 288 100374 3
S 19546500 288 100377 3
S 19565499 288 100378 3
S 19584498 288 100377 3
S 19603497 288 100378 3
S 19622495 288 100377 3
S 19641494 288 100371 3
S 19660493 288 100371 3
S 19679492 288 100377 3
S 19698491 288 100373 3
S 19717489 288 100374 3
S 19736488 288 100374 3
S 19755487 288 100370 3
S 19774486 288 100369 3
S 19793485 288 100374 3
S 19812484 288 100375 3
S 19831482 288 100373 3
S 19850481 288 100376 3
S 19869480 288 100378 3
S 19888479 288 100377 3
S 19907478 288 100380 3
S 19926476 288 100375 3
S 19945475 288 100375 3
S 19964474 288 100373 3
S 19983473 288 100373 3
S 20002472 288 100374 3
S 20021470 288 100376 3
S 20040469 288 100378 3
S 20059468 288 100379 3
S 20078467 288 100379 3
S 20097466 288 100375 3
S 20116465 288 100375 3
S 20135463 288 100377 3
S 20154462 288 100374 3
S 20173461 288 100377 3
S 20192460 288 100377 3
S 20215458 288 100379 3
S 20234457 288 100377 3
S 20253456 288 100377 3
S 20272455 288 100377 3
S 20291454 288 100381 3
S 20310452 288 100379 3
S 20329451 288 100374 3
S 20348450 288 100371 3
S 20367449 288 100375 3
S 20386448 288 100370 3
S 20405446 288 100376 3
S 20424445 288 100373 3
S 20443444 288 100377 3
S 20462443 288 100374 3
S 20481442 288 100370 3
S 20500441 288 100372 3
S 20519439 288 100372 3
S 20538438 288 100370 3
S 20557437 288 100372 3
S 20576436 288 100369 3
S 20595435 288 100371 3
S 20614433 288 100375 3
S 20633432 288 100371 3
S 20652431 288 100373 3
S 20671430 288 100371 3
S 20690429 288 100371 3
S 20709427 288 100370 3
S 20728426 288 100371 3
S 20747425 288 100370 3
S 20766424 288 100370 3
S 20785423 288 100373 3
S 20804422 288 100374 3
S 20823420 288 100374 3
S 20842419 288 100375 3
S 20861418 288 100374 3
S 20880417 288 100371 3
S 20899416 288 100372 3
S 20918414 288 100373 3
S 20937413 288 100374 3
S 20956412 288 100374 3
S 20975411 288 100373 3
S 20994410 288 100374 3
S 21013408 288 100377 3
S 21032407 288 100372 3
S 21051406 288 100374 3
S 21070405 288 100374 3
S 21089404 288 100375 3
S 21108403 288 100374 3
S 21127401 288 100374 3
S 21146400 288 100372 3
S 21165399 288 100377 3
S 21184398 288 100373 3
S 21203397 288 100376 3
S 21226395 288 100379 3
S 21245394 288 100381 3
S 21264393 288 100377 3
S 21283392 288 100377 3
S 21302390 288 100376 3
S 21321389 288 100374 3
S 21340388 288 100373 3
S 21359387 288 100372 3
S 21378386 288 100373 3
S 21397384 288 100372 3
S 21416383 288 100376 3
S 21435382 288 100374 3
S 21454381 288 100374 3
S 21473380 288 100377 3
S 21492379 288 100376 3
S 21511377 288 100377 3
S 21530376 288 100375 3
S 21549375 288 100376 3
S 21568374 288 100377 3
S 21587373 288 100373 3
S 21606371 288 100375 3
S 21625370 288 100374 3
S 21644369 288 100373 3
S 21663368 288 100375 3
S 21682367 288 100377 3
S 21701365 288 100374 3
S 21720364 288 100375 3
S 21739363 288 100377 3
S 21758362 288 100374 3
S 21777361 288 100371 3
S 21796360 288 100374 3
S 21815358 288 100373 3
S 21834357 288 100370 3
S 21853356 288 100373 3
S 21872355 288 100375 3
S 21891354 288 100368 3
S 21910352 288 100372 3
S 21929351 288 100376 3
S 21948350 288 100376 3
S 21967349 288 100371 3
S 21986348 288 100372 3
S 22005346 288 100371 3
S 22024345 288 100370 3
S 22043344 288 100371 3
S 22062343 288 100370 3
S 22081342 288 100374 3
S 22100341 288 100373 3
S 22119339 288 100374 3
S 22138338 288 100368 3
S 22157337 288 100372 3
S 22176336 288 100370 3
S 22195335 288 100370 3
S 22214333 288 100369 3
S 22237332 288 100373 3
S 22256331 288 100373 3
S 22275330 288 100371 3
S 22294328 288 100374 3
S 22313327 288 100372 3
S 22332326 288 100375 3
S 22351325 288 100372 3
S 22370324 288 100373 3
S 22389322 288 100375 3
S 22408321 288 100376 3
S 22427320 288 100371 3
S 22446319 288 100375 3
S 22465318 288 100371 3
S 22484317 288 100373 3
S 22503315 288 100376 3
S 22522314 288 100375 3
S 22541313 288 100373 3
S 22560312 288 100371 3
S 22579311 288 100376 3
S 22598309 288 100378 3
S 22617308 288 100380 3
S 22636307 288 100376 3
S 22655306 288 100377 3
S 22674305 288 100374 3
S 22693303 288 100373 3
S 22712302 288 100373 3
S 22731301 288 100376 3
S 22750300 288 100372 3
S 22769299 288 100375 3
S 22788298 288 100377 3
S 22807296 288 100380 3
S 22826295 288 100378 3
S 22845294 288 100379 3
S 22864293 288 100372 3
S 22883292 288 100375 3
S 22902290 288 100371 3
S 22921289 288 100368 3
S 22940288 288 100368 3
S 22959287 288 100371 3
S 22978286 288 100372 3
S 22997284 288 100374 3
S 23016283 288 100374 3
S 23035282 288 100369 3
S 23054281 288 100371 3
S 23073280 288 100372 3
S 23092279 288 100371 3
S 23111277 288 100374 3
S 23130276 288 100373 3
S 23149275 288 100376 3
S 23168274 288 100374 3
S 23187273 288 100378 3
S 23206271 288 100374 3
S 23225270 288 100376 3
S 23248269 288 100382 3
S 23267268 288 100373 3
S 23286266 288 100374 3
S 23305265 288 100376 3
S 23324264 288 100379 3
S 23343263 288 100374 3
S 23362262 288 100373 3
S 23381260 288 100372 3
S 23400259 288 100370 3
S 23419258 288 100370 3
S 23438257 288 100373 3
S 23457256 288 100372 3
S 23476255 288 100379 3
S 23495253 288 100373 3
S 23514252 288 100376 3
S 23533251 288 100374 3
S 23552250 288 100371 3
S 23571249 288 100372 3
S 23590247 288 100374 3
S 23609246 288 100375 3
S 23628245 288 100377 3
S 23647244 288 100378 3
S 23666243 288 100376 3
S 23685241 288 100378 3
S 23704240 288 100376 3
S 23723239 288 100376 3
S 23742238 288 100375 3
S 23761237 288 100380 3
S 23780236 288 100372 3
S 23799234 288 100377 3
S 23818233 288 100376 3
S 23837232 288 100378 3
S 23856231 288 100376 3
S 23875230 288 100376 3
S 23894228 288 100373 3
S 23913227 288 100374 3
S 23932226 288 100375 3
S 23951225 288 100379 3
S 23970224 288 100379 3
S 23989222 288 100374 3
S 24008221 288 100377 3
S 24027220 288 100374 3
S 24046219 288 100375 3
S 24065218 288 100373 3
S 24084217 288 100377 3
S 24103215 288 100378 3
S 24122214 288 100375 3
S 24141213 288 100375 3
S 24160212 288 100375 3
S 24179211 288 100373 3
S 24198209 288 100373 3
S 24217208 288 100377 3
S 24236207 288 100372 3
S 24259206 288 100377 3
S 24278204 288 100377 3
S 24297203 288 100370 3
S 24316202 288 100377 3
S 24335201 288 100380 3
S 24354200 288 100380 3
S 24373198 288 100378 3
S 24392197 288 100378 3
S 24411196 288 100379 3
S 24430195 288 100381 3
S 24449194 288 100381 3
S 24468193 288 100379 3
S 24487191 288 100384 3
S 24506190 288 100381 3
S 24525189 288 100383 3
S 24544188 288 100380 3
S 24563187 288 100377 3
S 24582185 288 100378 3
S 24601184 288 100372 3
S 24620183 288 100378 3
S 24639182 288 100378 3
S 24658181 288 100380 3
S 24677179 288 100381 3
S 24696178 288 100387 3
S 24715177 288 100383 3
S 24734176 288 100381 3
S 24753175 288 100377 3
S 24772174 288 100379 3
S 24791172 288 100380 3
S 24810171 288 100381 3
S 24829170 288 100381 3
S 24848169 288 100379 3
S 24867168 288 100382 3
S 24886166 288 100377 3
S 24905165 288 100379 3
S 24924164 288 100375 3
S 24943163 288 100379 3
S 24962162 288 100377 3
S 24981160 288 100377 3
S 25000159 288 100381 3
S 25019158 288 100376 3
S 25038157 288 100378 3
S 25057156 288 100379 3
S 25076155 288 100380 3
S 25095153 288 100380 3
S 25114152 288 100380 3
S 25133151 288 100380 3
S 25152150 288 100378 3
S 25171149 288 100378 3
S 25190147 288 100380 3
S 25209146 288 100381 3
S 25228145 288 100382 3
S 25247144 288 100374 3
S 25270142 288 100380 3
S 25289141 288 100377 3
S 25308140 288 100377 3
S 25327139 288 100382 3
S 25346138 288 100382 3
S 25365136 288 100381 3
S 25384135 288 100381 3
S 25403134 288 100383 3
S 25422133 288 100379 3
S 25441132 288 100382 3
S 25460131 288 100379 3
S 25479129 288 100380 3
S 25498128 288 100380 3
S 25517127 288 100380 3
S 25536126 288 100377 3
S 25555125 288 100379 3
S 25574123 288 100380 3
S 25593122 288 100378 3
S 25612121 288 100376 3
S 25631120 288 100379 3
S 25650119 288 100379 3
S 25669117 288 100380 3
S 25688116 288 100378 3
S 25707115 288 100381 3
S 25726114 288 100382 3
S 25745113 288 100380 3
S 25764112 288 100377 3
S 25783110 288 100375 3
S 25802109 288 100379 3
S 25821108 288 100380 3
S 25840107 288 100378 3
S 25859106 288 100379 3
S 25878104 288 100374 3
S 25897103 288 100378 3
S 25916102 288 100376 3
S 25935101 288 100375 3
S 25954100 288 100380 3
S 25973098 288 100377 3
S 25992097 288 100380 3
S 26011096 288 100376 3
S 26030095 288 100378 3
S 26049094 288 100374 3
S 26068093 288 100377 3
S 26087091 288 100375 3
S 26106090 288 100374 3
S 26125089 288 100371 3
S 26144088 288 100375 3
S 26163087 288 100373 3
S 26182085 288 100369 3
S 26201084 288 100373 3
S 26220083 288 100376 3
S 26239082 288 100374 3
S 26258081 288 100373 3
S 26281079 288 100374 3
S 26300078 288 100377 3
S 26319077 288 100374 3
S 26338076 288 100373 3
S 26357074 288 100375 3
S 26376073 288 100377 3
S 26395072 288 100377 3
S 26414071 288 100375 3
S 26433070 288 100376 3
S 26452069 288 100373 3
S 26471067 288 100373 3
S 26490066 288 100370 3
S 26509065 288 100373 3
S 26528064 288 100373 3
S 26547063 288 100374 3
S 26566061 288 100371 3
S 26585060 288 100373 3
S 26604059 288 100372 3
S 26623058 288 100371 3
S 26642057 288 100373 3
S 26661055 288 100374 3
S 26680054 288 100372 3
S 26699053 288 100376 3
S 26718052 288 100374 3
S 26737051 288 100378 3
S 26756050 288 100377 3
S 26775048 288 100374 3
S 26794047 288 100377 3
S 26813046 288 100374 3
S 26832045 288 100377 3
S 26851044 288 100375 3
S 26870042 288 100371 3
S 26889041 288 100374 3
S 26908040 288 100371 3
S 26927039 288 100372 3
S 26946038 288 100370 3
S 26965036 288 100370 3
S 26984035 288 100374 3
S 27003034 288 100373 3
S 27022033 288 100374 3
S 27041032 288 100375 3
S 27060031 288 100374 3
S 27079029 288 100375 3
S 27098028 288 100371 3
S 27117027 288 100372 3
S 27136026 288 100371 3
S 27155025 288 100371 3
S 27174023 288 100371 3
S 27193022 288 100373 3
S 27212021 288 100373 3
S 27231020 288 100375 3
S 27250019 288 100376 3
S 27269017 288 100378 3
S 27292016 288 100377 3
S 27311015 288 100378 3
S 27330014 288 100375 3
S 27349012 288 100374 3
S 27368011 288 100377 3
S 27387010 288 100372 3
S 27406009 288 100370 3
S 27425008 288 100373 3
S 27444007 288 100374 3
S 27463005 288 100376 3
S 27482004 288 100374 3
S 27501003 288 100375 3
S 27520002 288 100373 3
S 27539001 288 100375 3
S 27557999 288 100373 3
S 27576998 288 100372 3
S 27595997 288 100374 3
S 27614996 288 100374 3
S 27633995 288 100375 3
S 27652993 288 100373 3
S 27671992 288 100371 3
S 27690991 288 100374 3
S 27709990 288 100376 3
S 27728989 288 100372 3
S 27747988 288 100376 3
S 27766986 288 100369 3
S 27785985 288 100375 3
S 27804984 288 100369 3
S 27823983 288 100370 3
S 27842982 288 100368 3
S 27861980 288 100371 3
S 27880979 288 100374 3
S 27899978 288 100373 3
S 27918977 288 100375 3
S 27937976 288 100375 3
S 27956974 288 100375 3
S 27975973 288 100371 3
S 27994972 288 100371 3
S 28013971 288 100373 3
S 28032970 288 100371 3
S 28051969 288 100372 3
S 28070967 288 100373 3
S 28089966 288 100372 3
S 28108965 288 100371 3
S 28127964 288 100374 3
S 28146963 288 100370 3
S 28165961 288 100372 3
S 28184960 288 100374 3
S 28203959 288 100374 3
S 28222958 288 100367 3
S 28241957 288 100373 3
S 28260955 288 100373 3
S 28279954 288 100372 3
S 28302953 288 100371 3
S 28321952 288 100376 3
S 28340950 288 100373 3
S 28359949 288 100376 3
S 28378948 288 100376 3
S 28397947 288 100375 3
S 28416946 288 100373 3
S 28435945 288 100375 3
S 28454943 288 100373 3
S 28473942 288 100374 3
S 28492941 288 100373 3
S 28511940 288 100374 3
S 28530939 288 100372 3
S 28549937 288 100375 3
S 28568936 288 100371 3
S 28587935 288 100373 3
S 28606934 288 100369 3
S 28625933 288 100370 3
S 28644931 288 100370 3
S 28663930 288 100373 3
S 28682929 288 100371 3
S 28701928 288 100372 3
S 28720927 288 100370 3
S 28739926 288 100370 3
S 28758924 288 100375 3
S 28777923 288 100371 3
S 28796922 288 100368 3
S 28815921 288 100367 3
S 28834920 288 100372 3
S 28853918 288 100367 3
S 28872917 288 100371 3
S 28891916 288 100368 3
S 28910915 288 100373 3
S 28929914 288 100369 3
S 28948912 288 100370 3
S 28967911 288 100370 3
S 28986910 288 100369 3
S 29005909 288 100370 3
S 29024908 288 100368 3
S 29043907 288 100371 3
S 29062905 288 100370 3
S 29081904 288 100372 3
S 29100903 288 100370 3
S 29119902 288 100372 3
S 29138901 288 100369 3
S 29157899 288 100371 3
S 29176898 288 100371 3
S 29195897 288 100370 3
S 29214896 288 100368 3
S 29233895 288 100368 3
S 29252893 288 100367 3
S 29271892 288 100369 3
S 29290891 288 100368 3
S 29313890 288 100374 3
S 29332888 288 100374 3
S 29351887 288 100373 3
S 29370886 288 100376 3
S 29389885 288 100374 3
S 29408884 288 100371 3
S 29427883 288 100371 3
S 29446881 288 100374 3
S 29465880 288 100373 3
S 29484879 288 100371 3
S 29503878 288 100372 3
S 29522877 288 100374 3
S 29541875 288 100374 3
S 29560874 288 100376 3
S 29579873 288 100375 3
S 29598872 288 100379 3
S 29617871 288 100374 3
S 29636869 288 100378 3
S 29655868 288 100377 3
S 29674867 288 100378 3
S 29693866 288 100376 3
S 29712865 288 100372 3
S 29731864 288 100378 3
S 29750862 288 100377 3
S 29769861 288 100373 3
S 29788860 288 100371 3
S 29807859 288 100375 3
S 29826858 288 100374 3
S 29845856 288 100374 3
S 29864855 288 100376 3
S 29883854 288 100377 3
S 29902853 288 100370 3
S 29921852 288 100373 3
S 29940850 288 100373 3
S 29959849 288 100374 3
S 29978848 288 100375 3
S 29997847 288 100371 3
S 30016846 288 100370 3
S 30035845 288 100375 3
S 30054843 288 100369 3
S 30073842 288 100370 3
S 30092841 288 100373 3
S 30111840 288 100373 3
S 30130839 288 100369 3
S 30149837 288 100371 3
S 30168836 288 100367 3
S 30187835 288 100371 3
S 30206834 288 100375 3
S 30225833 288 100370 3
S 30244831 288 100373 3
S 30263830 288 100374 3
S 30282829 288 100370 3
S 30301828 288 100371 3
S 30324826 288 100379 3
S 30343825 288 100376 3
S 30362824 288 100375 3
S 30381823 288 100375 3
S 30400822 288 100375 3
S 30419821 288 100379 3
S 30438819 288 100376 3
S 30457818 288 100376 3
S 30476817 288 100374 3
S 30495816 288 100373 3
S 30514815 288 100376 3
S 30533813 288 100371 3
S 30552812 288 100376 3
S 30571811 288 100373 3
S 30590810 288 100373 3
S 30609809 288 100379 3
S 30628807 288 100378 3
S 30647806 288 100377 3
S 30666805 288 100376 3
S 30685804 288 100376 3
S 30704803 288 100377 3
S 30723802 288 100370 3
S 30742800 288 100376 3
S 30761799 288 100378 3
S 30780798 288 100371 3
S 30799797 288 100375 3
S 30818796 288 100378 3
S 30837794 288 100376 3
S 30856793 288 100378 3
S 30875792 288 100378 3
S 30894791 288 100382 3
S 30913790 288 100381 3
S 30932788 288 100379 3
S 30951787 288 100375 3
S 30970786 288 100374 3
S 30989785 288 100376 3
S 31008784 288 100374 3
S 31027783 288 100373 3
S 31046781 288 100373 3
S 31065780 288 100372 3
S 31084779 288 100375 3
S 31103778 288 100371 3
S 31122777 288 100374 3
S 31141775 288 100371 3
S 31160774 288 100376 3
S 31179773 288 100374 3
S 31198772 288 100373 3
S 31217771 288 100371 3
S 31236769 288 100369 3
S 31255768 288 100371 3
S 31274767 288 100372 3
S 31293766 288 100367 3
S 31312765 288 100368 3
S 31335763 288 100374 3
S 31354762 288 100371 3
S 31373761 288 100375 3
S 31392760 288 100376 3
S 31411759 288 100371 3
S 31430757 288 100373 3
S 31449756 288 100374 3
S 31468755 288 100374 3
S 31487754 288 100373 3
S 31506753 288 100376 3
S 31525751 288 100370 3
S 31544750 288 100374 3
S 31563749 288 100375 3
S 31582748 288 100375 3
S 31601747 288 100373 3
S 31620745 288 100371 3
S 31639744 288 100373 3
S 31658743 288 100374 3
S 31677742 288 100373 3
S 31696741 288 100373 3
S 31715740 288 100374 3
S 31734738 288 100373 3
S 31753737 288 100371 3
S 31772736 288 100370 3
S 31791735 288 100374 3
S 31810734 288 100373 3
S 31829732 288 100371 3
S 31848731 288 100373 3
S 31867730 288 100371 3
S 31886729 288 100371 3
S 31905728 288 100371 3
S 31924726 288 100373 3
S 31943725 288 100372 3
S 31962724 288 100370 3
S 31981723 288 100366 3
S 32000723 288 100372 3
S 32019721 288 100374 3
S 32038719 288 100373 3
S 32057718 288 100372 3
S 32076717 288 100374 3
S 32095716 288 100375 3
S 32114715 288 100377 3
S 32133713 288 100377 3
S 32152712 288 100377 3
S 32171711 288 100376 3
S 32190710 288 100378 3
S 32209709 288 100378 3
S 32228707 288 100378 3
S 32247706 288 100376 3
S 32266705 288 100374 3
S 32285704 288 100372 3
S 32304703 288 100374 3
S 32323702 288 100374 3
S 32346700 288 100377 3
S 32365699 288 100377 3
S 32384698 288 100374 3
S 32403697 288 100374 3
S 32422695 288 100375 3
S 32441694 288 100373 3
S 32460693 288 100370 3
S 32479692 288 100369 3
S 32498691 288 100375 3
S 32517689 288 100366 3
S 32536688 288 100369 3
S 32555687 288 100375 3
S 32574686 288 100373 3
S 32593685 288 100369 3
S 32612683 288 100371 3
S 32631682 288 100367 3
S 32650681 288 100371 3
S 32669680 288 100372 3
S 32688679 288 100367 3
S 32707678 288 100372 3
S 32726676 288 100370 3
S 32745675 288 100371 3
S 32764674 288 100375 3
S 32783673 288 100372 3
S 32802672 288 100371 3
S 32821670 288 100371 3
S 32840669 288 100370 3
S 32859668 288 100371 3
S 32878667 288 100373 3
S 32897666 288 100368 3
S 32916664 288 100367 3
S 32935663 288 100369 3
S 32954662 288 100372 3
S 32973661 288 100368 3
S 32992660 288 100370 3
S 33011659 288 100372 3
S 33030657 288 100375 3
S 33049656 288 100370 3
S 33068655 288 100366 3
S 33087654 288 100368 3
S 33106653 288 100366 3
S 33125651 288 100368 3
S 33144650 288 100371 3
S 33163649 288 100370 3
S 33182648 288 100373 3
S 33201647 288 100370 3
S 33220645 288 100368 3
S 33239644 288 100367 3
S 33258643 288 100364 3
S 33277642 288 100365 3
S 33296641 288 100369 3
S 33315640 288 100369 3
S 33334638 288 100370 3
S 33357637 288 100373 3
S 33376636 288 100371 3
S 33395635 288 100371 3
S 33414633 288 100371 3
S 33433632 288 100369 3
S 33452631 288 100370 3
S 33471630 288 100375 3
S 33490629 288 100377 3
S 33509627 288 100376 3
S 33528626 288 100373 3
S 33547625 288 100373 3
S 33566624 288 100370 3
S 33585623 288 100370 3
S 33604621 288 100371 3
S 33623620 288 100369 3
S 33642619 288 100372 3
S 33661618 288 100371 3
S 33680617 288 100370 3
S 33699616 288 100370 3
S 33718614 288 100369 3
S 33737613 288 100370 3
S 33756612 288 100370 3
S 33775611 288 100370 3
S 33794610 288 100372 3
S 33813608 288 100372 3
S 33832607 288 100375 3
S 33851606 288 100377 3
S 33870605 288 100374 3
S 33889604 288 100370 3
S 33908602 288 100374 3
S 33927601 288 100370 3
S 33946600 288 100371 3
S 33965599 288 100372 3
S 33984598 288 100370 3
S 34003597 288 100373 3
S 34022595 288 100372 3
S 34041594 288 100369 3
S 34060593 288 100365 3
S 34079592 288 100365 3
S 34098591 288 100371 3
S 34117589 288 100371 3
S 34136588 288 100370 3
S 34155587 288 100368 3
S 34174586 288 100371 3
S 34193585 288 100369 3
S 34212583 288 100367 3
S 34231582 288 100367 3
S 34250581 288 100369 3
S 34269580 288 100368 3
S 34288579 288 100372 3
S 34307578 288 100373 3
S 34326576 288 100372 3
S 34345575 288 100371 3
S 34368574 288 100376 3
S 34387573 288 100377 3
S 34406571 288 100378 3
S 34425570 288 100379 3
S 34444569 288 100378 3
S 34463568 288 100377 3
S 34482567 288 100375 3
S 34501565 288 100369 3
S 34520564 288 100371 3
S 34539563 288 100374 3
S 34558562 288 100377 3
S 34577561 288 100377 3
S 34596559 288 100370 3
S 34615558 288 100374 3
S 34634557 288 100371 3
S 34653556 288 100372 3
S 34672555 288 100371 3
S 34691554 288 100376 3
S 34710552 288 100374 3
S 34729551 288 100373 3
S 34748550 288 100369 3
S 34767549 288 100371 3
S 34786548 288 100373 3
S 34805546 288 100372 3
S 34824545 288 100373 3
S 34843544 288 100370 3
S 34862543 288 100370 3
S 34881542 288 100372 3
S 34900540 288 100375 3
S 34919539 288 100370 3
S 34938538 288 100369 3
S 34957537 288 100372 3
S 34976536 288 100370 3
S 34995535 288 100371 3
S 35014533 288 100368 3
S 35033532 288 100370 3
S 35052531 288 100370 3
S 35071530 288 100370 3
S 35090529 288 100371 3
S 35109527 288 100376 3
S 35128526 288 100373 3
S 35147525 288 100374 3
S 35166524 288 100369 3
S 35185523 288 100372 3
S 35204521 288 100373 3
S 35223520 288 100371 3
S 35242519 288 100371 3
S 35261518 288 100370 3
S 35280517 288 100370 3
S 35299516 288 100367 3
S 35318514 288 100371 3
S 35337513 288 100373 3
S 35356512 288 100367 3
S 35379510 288 100376 3
S 35398509 288 100372 3
S 35417508 288 100371 3
S 35436507 288 100376 3
S 35455506 288 100371 3
S 35474505 288 100373 3
S 35493503 288 100376 3
S 35512502 288 100374 3
S 35531501 288 100372 3
S 35550500 288 100376 3
S 35569499 288 100375 3
S 35588497 288 100374 3
S 35607496 288 100368 3
S 35626495 288 100370 3
S 35645494 288 100369 3
S 35664493 288 100369 3
S 35683492 288 100371 3
S 35702490 288 100375 3
S 35721489 288 100370 3
S 35740488 288 100372 3
S 35759487 288 100368 3
S 35778486 288 100370 3
S 35797484 288 100372 3
S 35816483 288 100371 3
S 35835482 288 100376 3
S 35854481 288 100370 3
S 35873480 288 100373 3
S 35892478 288 100370 3
S 35911477 288 100371 3
S 35930476 288 100370 3
S 35949475 288 100375 3
S 35968474 288 100368 3
S 35987473 288 100367 3
S 36006471 288 100368 3
S 36025470 288 100371 3
S 36044469 288 100372 3
S 36063468 288 100370 3
S 36082467 288 100364 3
S 36101465 288 100366 3
S 36120464 288 100371 3
S 36139463 288 100371 3
S 36158462 288 100373 3
S 36177461 288 100369 3
S 36196459 288 100370 3
S 36215458 288 100372 3
S 36234457 288 100368 3
S 36253456 288 100368 3
S 36272455 288 100372 3
S 36291454 288 100367 3
S 36310452 288 100368 3
S 36329451 288 100369 3
S 36348450 288 100368 3
S 36367449 288 100369 3
S 36390447 289 100369 3
S 36409446 289 100372 3
S 36428445 289 100371 3
S 36447444 289 100370 3
S 36466443 289 100374 3
S 36485441 289 100368 3
S 36504440 289 100371 3
S 36523439 289 100373 3
S 36542438 289 100374 3
S 36561437 289 100373 3
S 36580435 289 100372 3
S 36599434 289 100369 3
S 36618433 289 100372 3
S 36637432 289 100370 3
S 36656431 289 100374 3
S 36675430 289 100374 3
S 36694428 289 100372 3
S 36713427 289 100371 3
S 36732426 289 100371 3
S 36751425 289 100381 3
S 36770424 289 100379 3
S 36789422 289 100380 3
S 36808421 289 100379 3
S 36827420 289 100376 3
S 36846419 289 100378 3
S 36865418 289 100378 3
S 36884416 289 100374 3
S 36903415 289 100376 3
S 36922414 289 100375 3
S 36941413 289 100375 3
S 36960412 289 100373 3
S 36979411 289 100373 3
S 36998409 289 100372 3
S 37017408 289 100371 3
S 37036407 289 100374 3
S 37055406 289 100373 3
S 37074405 289 100372 3
S 37093403 289 100376 3
S 37112402 289 100378 3
S 37131401 289 100377 3
S 37150400 289 100373 3
S 37169399 289 100368 3
S 37188397 289 100370 3
S 37207396 289 100369 3
S 37226395 289 100369 3
S 37245394 289 100370 3
S 37264393 289 100369 3
S 37283392 289 100370 3
S 37302390 289 100368 3
S 37321389 289 100368 3
S 37340388 289 100367 3
S 37359387 289 100371 3
S 37378386 289 100370 3
S 37401384 289 100374 3
S 37420383 289 100370 3
S 37439382 289 100371 3
S 37458381 289 100369 3
S 37477379 289 100370 3
S 37496378 289 100372 3
S 37515377 289 100368 3
S 37534376 289 100367 3
S 37553375 289 100370 3
S 37572373 289 100371 3
S 37591372 289 100372 3
S 37610371 289 100367 3
S 37629370 289 100364 3
S 37648369 289 100362 3
S 37667368 289 100366 3
S 37686366 289 100369 3
S 37705365 289 100367 3
S 37724364 289 100367 3
S 37743363 289 100370 3
S 37762362 289 100368 3
S 37781360 289 100367 3
S 37800359 289 100368 3
S 37819358 289 100367 3
S 37838357 289 100368 3
S 37857356 289 100366 3
S 37876354 289 100368 3
S 37895353 289 100364 3
S 37914352 289 100368 3
S 37933351 289 100369 3
S 37952350 289 100367 3
S 37971349 289 100367 3
S 37990347 289 100368 3
S 38009346 289 100363 3
S 38028345 289 100365 3
S 38047344 289 100368 3
S 38066343 289 100367 3
S 38085341 289 100368 3
S 38104340 289 100367 3
S 38123339 289 100368 3
S 38142338 289 100370 3
S 38161337 289 100373 3
S 38180335 289 100369 3
S 38199334 289 100369 3
S 38218333 289 100366 3
S 38237332 289 100368 3
S 38256331 289 100368 3
S 38275330 289 100372 3
S 38294328 289 100370 3
S 38313327 289 100369 3
S 38332326 289 100368 3
S 38351325 289 100368 3
S 38370324 289 100368 3
S 38389322 289 100368 3
S 38412321 288 100367 3
S 38431320 288 100364 3
S 38450319 288 100366 3
S 38469317 288 100367 3
S 38488316 288 100368 3
S 38507315 288 100366 3
S 38526314 288 100365 3
S 38545313 288 100362 3
S 38564311 288 100367 3
S 38583310 288 100366 3
S 38602309 288 100367 3
S 38621308 288 100368 3
S 38640307 288 100366 3
S 38659306 288 100366 3
S 38678304 288 100367 3
S 38697303 288 100368 3
S 38716302 288 100368 3
S 38735301 288 100369 3
S 38754300 288 100367 3
S 38773298 288 100366 3
S 38792297 288 100366 3
S 38811296 288 100366 3
S 38830295 288 100366 3
S 38849294 288 100366 3
S 38868292 288 100367 3
S 38887291 288 100366 3
S 38906290 288 100367 3
S 38925289 288 100368 3
S 38944288 288 100368 3
S 38963287 288 100365 3
S 38982285 288 100369 3
S 39001285 288 100366 3
S 39020283 288 100366 3
S 39039282 288 100367 3
S 39058281 288 100366 3
S 39077279 288 100366 3
S 39096278 288 100371 3
S 39115277 288 100368 3
S 39134276 288 100369 3
S 39153275 288 100369 3
S 39172273 288 100366 3
S 39191272 288 100365 3
S 39210271 288 100370 3
S 39229270 288 100366 3
S 39248269 288 100367 3
S 39267268 288 100367 3
S 39286266 288 100368 3
S 39305265 288 100367 3
S 39324264 288 100368 3
S 39343263 288 100370 3
S 39362262 288 100368 3
S 39381260 288 100366 3
S 39400259 288 100369 3
S 39423258 289 100372 3
S 39442257 289 100372 3
S 39461255 289 100372 3
S 39480254 289 100373 3
S 39499253 289 100371 3
S 39518252 289 100372 3
S 39537251 289 100380 3
S 39556249 289 100374 3
S 39575248 289 100371 3
S 39594247 289 100373 3
S 39613246 289 100370 3
S 39632245 289 100370 3
S 39651244 289 100376 3
S 39670242 289 100374 3
S 39689241 289 100373 3
S 39708240 289 100373 3
S 39727239 289 100374 3
S 39746238 289 100373 3
S 39765236 289 100373 3
S 39784235 289 100372 3
S 39803234 289 100370 3
S 39822233 289 100371 3
S 39841232 289 100376 3
S 39860230 289 100379 3
S 39879229 289 100374 3
S 39898228 289 100374 3
S 39917227 289 100375 3
S 39936226 289 100373 3
S 39955225 289 100373 3
S 39974223 289 100372 3
S 39993222 289 100377 3
S 40012221 289 100376 3
S 40031220 289 100375 3
S 40050219 289 100376 3
S 40069217 289 100375 3
S 40088216 289 100374 3
S 40107215 289 100376 3
S 40126214 289 100374 3
S 40145213 289 100374 3
S 40164211 289 100374 3
S 40183210 289 100377 3
S 40202209 289 100375 3
S 40221208 289 100373 3
S 40240207 289 100373 3
S 40259206 289 100372 3
S 40278204 289 100371 3
S 40297203 289 100370 3
S 40316202 289 100376 3
S 40335201 289 100374 3
S 40354200 289 100374 3
S 40373198 289 100368 3
S 40392197 289 100370 3
S 40411196 289 100368 3
S 40434195 289 100375 3
S 40453193 289 100373 3
S 40472192 289 100378 3
S 40491191 289 100376 3
S 40510190 289 100371 3
S 40529189 289 100369 3
S 40548187 289 100372 3
S 40567186 289 100368 3
S 40586185 289 100367 3
S 40605184 289 100372 3
S 40624183 289 100370 3
S 40643182 289 100368 3
S 40662180 289 100367 3
S 40681179 289 100370 3
S 40700178 289 100369 3
S 40719177 289 100367 3
S 40738176 289 100365 3
S 40757174 289 100363 3
S 40776173 289 100365 3
S 40795172 289 100370 3
S 40814171 289 100371 3
S 40833170 289 100372 3
S 40852168 289 100373 3
S 40871167 289 100372 3
S 40890166 289 100374 3
S 40909165 289 100370 3
S 40928164 289 100371 3
S 40947163 289 100370 3
S 40966161 289 100371 3
S 40985160 289 100370 3
S 41004159 289 100367 3
S 41023158 289 100373 3
S 41042157 289 100372 3
S 41061155 289 100371 3
S 41080154 289 100371 3
S 41099153 289 100370 3
S 41118152 289 100372 3
S 41137151 289 100371 3
S 41156149 289 100373 3
S 41175148 289 100371 3
S 41194147 289 100370 3
S 41213146 289 100367 3
S 41232145 289 100372 3
S 41251144 289 100369 3
S 41270142 289 100370 3
S 41289141 289 100370 3
S 41308140 289 100370 3
S 41327139 289 100370 3
S 41346138 289 100369 3
S 41365136 289 100368 3
S 41384135 289 100371 3
S 41403134 289 100371 3
S 41422133 289 100371 3
S 41445131 289 100371 3
S 41464130 289 100372 3
S 41483129 289 100370 3
S 41502128 289 100370 3
S 41521127 289 100372 3
S 41540125 289 100375 3
S 41559124 289 100374 3
S 41578123 289 100369 3
S 41597122 289 100369 3
S 41616121 289 100370 3
S 41635120 289 100371 3
S 41654118 289 100371 3
S 41673117 289 100368 3
S 41692116 289 100367 3
S 41711115 289 100367 3
S 41730114 289 100372 3
S 41749112 289 100372 3
S 41768111 289 100376 3
S 41787110 289 100369 3
S 41806109 289 100371 3
S 41825108 289 100368 3
S 41844106 289 100369 3
S 41863105 289 100369 3
S 41882104 289 100364 3
S 41901103 289 100368 3
S 41920102 289 100367 3
S 41939101 289 100366 3
S 41958099 289 100368 3
S 41977098 289 100369 3
S 41996097 289 100367 3
S 42015096 289 100368 3
S 42034095 289 100366 3
S 42053093 289 100366 3
S 42072092 289 100365 3
S 42091091 289 100366 3
S 42110090 289 100367 3
S 42129089 289 100367 3
S 42148087 289 100368 3
S 42167086 289 100370 3
S 42186085 289 100370 3
S 42205084 289 100369 3
S 42224083 289 100369 3
S 42243082 289 100369 3
S 42262080 289 100370 3
S 42281079 289 100367 3
S 42300078 289 100368 3
S 42319077 289 100368 3
S 42338076 289 100368 3
S 42357074 289 100370 3
S 42376073 289 100369 3
S 42395072 289 100368 3
S 42414071 289 100364 3
S 42433070 289 100370 3
S 42456068 289 100371 3
S 42475067 289 100369 3
S 42494066 289 100370 3
S 42513065 289 100367 3
S 42532063 289 100367 3
S 42551062 289 100366 3
S 42570061 289 100368 3
S 42589060 289 100368 3
S 42608059 289 100362 3
S 42627058 289 100362 3
S 42646056 289 100367 3
S 42665055 289 100365 3
S 42684054 289 100366 3
S 42703053 289 100364 3
S 42722052 289 100364 3
S 42741050 289 100369 3
S 42760049 289 100366 3
S 42779048 289 100368 3
S 42798047 289 100365 3
S 42817046 289 100367 3
S 42836044 289 100364 3
S 42855043 289 100368 3
S 42874042 289 100364 3
S 42893041 289 100367 3
S 42912040 289 100366 3
S 42931039 289 100366 3
S 42950037 289 100366 3
S 42969036 289 100362 3
S 42988035 289 100366 3
S 43007034 289 100369 3
S 43026033 289 100368 3
S 43045031 289 100363 3
S 43064030 289 100366 3
S 43083029 289 100366 3
S 43102028 289 100365 3
S 43121027 289 100367 3
S 43140025 289 100370 3
S 43159024 289 100367 3
S 43178023 289 100368 3
S 43197022 289 100367 3
S 43216021 289 100369 3
S 43235020 289 100367 3
S 43254018 289 100368 3
S 43273017 289 100365 3
S 43292016 289 100365 3
S 43311015 289 100367 3
S 43330014 289 100368 3
S 43349012 289 100367 3
S 43368011 289 100369 3
S 43387010 289 100368 3
S 43406009 289 100366 3
S 43425008 289 100365 3
S 43444006 289 100362 3
S 43467005 289 100368 3
S 43486004 289 100369 3
S 43505003 289 100374 3
S 43524001 289 100368 3
S 43543000 289 100371 3
S 43561999 289 100370 3
S 43580998 289 100367 3
S 43599997 289 100368 3
S 43618996 289 100365 3
S 43637994 289 100367 3
S 43656993 289 100367 3
S 43675992 289 100369 3
S 43694991 289 100368 3
S 43713990 289 100369 3
S 43732988 289 100371 3
S 43751987 289 100368 3
S 43770986 289 100363 3
S 43789985 289 100368 3
S 43808984 289 100368 3
S 43827982 289 100369 3
S 43846981 289 100372 3
S 43865980 289 100373 3
S 43884979 289 100369 3
S 43903978 289 100371 3
S 43922977 289 100368 3
S 43941975 289 100370 3
S 43960974 289 100368 3
S 43979973 289 100367 3
S 43998972 289 100369 3
S 44017971 289 100369 3
S 44036969 289 100368 3
S 44055968 289 100367 3
S 44074967 289 100367 3
S 44093966 289 100357 3
S 44112965 289 100367 3
S 44131963 289 100363 3
S 44150962 289 100363 3
S 44169961 289 100368 3
S 44188960 289 100370 3
S 44207959 289 100368 3
S 44226958 289 100366 3
S 44245956 289 100371 3
S 44264955 289 100367 3
S 44283954 289 100368 3
S 44302953 289 100368 3
S 44321952 289 100367 3
S 44340950 289 100368 3
S 44359949 289 100365 3
S 44378948 289 100371 3
S 44397947 289 100368 3
S 44416946 289 100370 3
S 44435944 289 100367 3
S 44454943 289 100370 3
S 44477942 289 100370 3
S 44496941 289 100367 3
S 44515939 289 100367 3
S 44534938 289 100367 3
S 44553937 289 100368 3
S 44572936 289 100368 3
S 44591935 289 100368 3
S 44610934 289 100367 3
S 44629932 289 100366 3
S 44648931 289 100367 3
S 44667930 289 100367 3
S 44686929 289 100369 3
S 44705928 289 100369 3
S 44724926 289 100369 3
S 44743925 289 100370 3
S 44762924 289 100370 3
S 44781923 289 100368 3
S 44800922 289 100371 3
S 44819920 289 100370 3
S 44838919 289 100369 3
S 44857918 289 100366 3
S 44876917 289 100367 3
S 44895916 289 100367 3
S 44914915 289 100367 3
S 44933913 289 100363 3
S 44952912 289 100367 3
S 44971911 289 100367 3
S 44990910 289 100370 3
S 45009909 289 100365 3
S 45028907 289 100366 3
S 45047906 289 100367 3
S 45066905 289 100367 3
S 45085904 289 100368 3
S 45104903 289 100367 3
S 45123901 289 100367 3
S 45142900 289 100368 3
S 45161899 289 100367 3
S 45180898 289 100368 3
S 45199897 289 100369 3
S 45218896 289 100368 3
S 45237894 289 100369 3
S 45256893 289 100367 3
S 45275892 289 100365 3
S 45294891 289 100366 3
S 45313890 289 100367 3
S 45332888 289 100366 3
S 45351887 289 100366 3
S 45370886 289 100364 3
S 45389885 289 100364 3
S 45408884 289 100366 3
S 45427882 289 100367 3
S 45446881 289 100363 3
S 45465880 289 100367 3
S 45488879 289 100372 3
S 45507877 289 100368 3
S 45526876 289 100370 3
S 45545875 289 100371 3
S 45564874 289 100371 3
S 45583873 289 100371 3
S 45602872 289 100373 3
S 45621870 289 100373 3
S 45640869 289 100372 3
S 45659868 289 100373 3
S 45678867 289 100374 3
S 45697866 289 100375 3
S 45716864 289 100370 3
S 45735863 289 100372 3
S 45754862 289 100368 3
S 45773861 289 100371 3
S 45792860 289 100369 3
S 45811858 289 100372 3
S 45830857 289 100371 3
S 45849856 289 100370 3
S 45868855 289 100372 3
S 45887854 289 100371 3
S 45906853 289 100371 3
S 45925851 289 100372 3
S 45944850 289 100371 3
S 45963849 289 100372 3
S 45982848 289 100372 3
S 46001847 289 100371 3
S 46020845 289 100370 3
S 46039844 289 100371 3
S 46058843 289 100367 3
S 46077842 289 100369 3
S 46096841 289 100368 3
S 46115839 289 100368 3
S 46134838 289 100371 3
S 46153837 289 100372 3
S 46172836 289 100371 3
S 46191835 289 100373 3
S 46210834 289 100374 3
S 46229832 289 100371 3
S 46248831 289 100371 3
S 46267830 289 100370 3
S 46286829 289 100373 3
S 46305828 289 100372 3
S 46324826 289 100373 3
S 46343825 289 100371 3
S 46362824 289 100371 3
S 46381823 289 100369 3
S 46400822 289 100366 3
S 46419820 289 100370 3
S 46438819 289 100371 3
S 46457818 289 100370 3
S 46476817 289 100373 3
S 46499815 289 100372 3
S 46518814 289 100367 3
S 46537813 289 100367 3
S 46556812 289 100370 3
S 46575811 289 100369 3
S 46594810 289 100369 3
S 46613808 289 100372 3
S 46632807 289 100368 3
S 46651806 289 100371 3
S 46670805 289 100371 3
S 46689804 289 100370 3
S 46708802 289 100373 3
S 46727801 289 100372 3
S 46746800 289 100370 3
S 46765799 289 100368 3
S 46784798 289 100371 3
S 46803796 289 100373 3
S 46822795 289 100371 3
S 46841794 289 100371 3
S 46860793 289 100374 3
S 46879792 289 100373 3
S 46898791 289 100370 3
S 46917789 289 100373 3
S 46936788 289 100370 3
S 46955787 289 100371 3
S 46974786 289 100371 3
S 46993785 289 100371 3
S 47012783 289 100371 3
S 47031782 289 100367 3
S 47050781 289 100368 3
S 47069780 289 100372 3
S 47088779 289 100368 3
S 47107777 289 100368 3
S 47126776 289 100365 3
S 47145775 289 100368 3
S 47164774 289 100368 3
S 47183773 289 100367 3
S 47202772 289 100367 3
S 47221770 289 100365 3
S 47240769 289 100370 3
S 47259768 289 100367 3
S 47278767 289 100369 3
S 47297766 289 100369 3
S 47316764 289 100365 3
S 47335763 289 100363 3
S 47354762 289 100365 3
S 47373761 289 100367 3
S 47392760 289 100367 3
S 47411758 289 100367 3
S 47430757 289 100366 3
S 47449756 289 100364 3
S 47468755 289 100365 3
S 47487754 289 100364 3
S 47510752 289 100370 3
S 47529751 289 100374 3
S 47548750 289 100372 3
S 47567749 289 100371 3
S 47586748 289 100373 3
S 47605746 289 100374 3
S 47624745 289 100369 3
S 47643744 289 100370 3
S 47662743 289 100367 3
S 47681742 289 100376 3
S 47700740 289 100373 3
S 47719739 289 100373 3
S 47738738 289 100374 3
S 47757737 289 100370 3
S 47776736 289 100370 3
S 47795734 289 100373 3
S 47814733 289 100376 3
S 47833732 289 100374 3
S 47852731 289 100366 3
S 47871730 289 100375 3
S 47890729 289 100371 3
S 47909727 289 100371 3
S 47928726 289 100374 3
S 47947725 289 100372 3
S 47966724 289 100376 3
S 47985723 289 100371 3
S 48004721 289 100371 3
S 48023720 289 100372 3
S 48042719 289 100373 3
S 48061718 289 100373 3
S 48080717 289 100371 3
S 48099715 289 100374 3
S 48118714 289 100373 3
S 48137713 289 100370 3
S 48156712 289 100369 3
S 48175711 289 100369 3
S 48194710 289 100375 3
S 48213708 289 100370 3
S 48232707 289 100374 3
S 48251706 289 100373 3
S 48270705 289 100377 3
S 48289704 289 100374 3
S 48308702 289 100375 3
S 48327701 289 100370 3
S 48346700 289 100373 3
S 48365699 289 100374 3
S 48384698 289 100373 3
S 48403696 289 100370 3
S 48422695 289 100376 3
S 48441694 289 100376 3
S 48460693 289 100373 3
S 48479692 289 100365 3
S 48498691 289 100376 3
S 48521689 289 100380 3
S 48540688 289 100379 3
S 48559687 289 100380 3
S 48578686 289 100373 3
S 48597684 289 100377 3
S 48616683 289 100374 3
S 48635682 289 100378 3
S 48654681 289 100376 3
S 48673680 289 100379 3
S 48692678 289 100368 3
S 48711677 289 100373 3
S 48730676 289 100376 3
S 48749675 289 100375 3
S 48768674 289 100374 3
S 48787672 289 100371 3
S 48806671 289 100365 3
S 48825670 289 100367 3
S 48844669 289 100370 3
S 48863668 289 100372 3
S 48882667 289 100375 3
S 48901665 289 100374 3
S 48920664 289 100369 3
S 48939663 289 100372 3
S 48958662 289 100374 3
S 48977661 289 100374 3
S 48996659 289 100373 3
S 49015658 289 100374 3
S 49034657 289 100377 3
S 49053656 289 100378 3
S 49072655 289 100376 3
S 49091653 289 100370 3
S 49110652 289 100376 3
S 49129651 289 100379 3
S 49148650 289 100376 3
S 49167649 289 100371 3
S 49186648 289 100376 3
S 49205646 289 100379 3
S 49224645 289 100377 3
S 49243644 289 100378 3
S 49262643 289 100377 3
S 49281642 289 100369 3
S 49300640 289 100374 3
S 49319639 289 100370 3
S 49338638 289 100373 3
S 49357637 289 100374 3
S 49376636 289 100372 3
S 49395634 289 100373 3
S 49414633 289 100374 3
S 49433632 289 100371 3
S 49452631 289 100369 3
S 49471630 289 100377 3
S 49490629 289 100378 3
S 49509627 289 100371 3
S 49532626 289 100378 3
S 49551625 289 100381 3
S 49570624 289 100377 3
S 49589622 289 100377 3
S 49608621 289 100379 3
S 49627620 289 100376 3
S 49646619 289 100376 3
S 49665618 289 100371 3
S 49684616 289 100377 3
S 49703615 289 100368 3
S 49722614 289 100377 3
S 49741613 289 100376 3
S 49760612 289 100373 3
S 49779610 289 100376 3
S 49798609 289 100376 3
S 49817608 289 100373 3
S 49836607 289 100374 3
S 49855606 289 100365 3
S 49874605 289 100368 3
S 49893603 289 100370 3
S 49912602 289 100377 3
S 49931601 289 100370 3
S 49950600 289 100372 3
S 49969599 289 100374 3
S 49988597 289 100373 3
S 50007596 289 100370 3
S 50026595 289 100376 3
S 50045594 289 100373 3
S 50064593 289 100369 3
S 50083591 289 100371 3
S 50102590 289 100371 3
S 50121589 289 100375 3
S 50140588 289 100367 3
S 50159587 289 100370 3
S 50178586 289 100371 3
S 50197584 289 100364 3
S 50216583 289 100369 3
S 50235582 289 100367 3
S 50254581 289 100362 3
S 50273580 289 100369 3
S 50292578 289 100372 3
S 50311577 289 100370 3
S 50330576 289 100374 3
S 50349575 289 100372 3
S 50368574 289 100374 3
S 50387572 289 100374 3
S 50406571 289 100371 3
S 50425570 289 100375 3
S 50444569 289 100372 3
S 50463568 289 100374 3
S 50482567 289 100373 3
S 50501565 289 100373 3
S 50520564 289 100369 3
S 50543563 289 100374 3
S 50562562 289 100379 3
S 50581560 289 100378 3
S 50600559 289 100372 3
S 50619558 289 100375 3
S 50638557 289 100376 3
S 50657556 289 100375 3
S 50676554 289 100374 3
S 50695553 289 100368 3
S 50714552 289 100372 3
S 50733551 289 100369 3
S 50752550 289 100367 3
S 50771548 289 100372 3
S 50790547 289 100371 3
S 50809546 289 100374 3
S 50828545 289 100370 3
S 50847544 289 100371 3
S 50866543 289 100374 3
S 50885541 289 100373 3
S 50904540 289 100371 3
S 50923539 289 100373 3
S 50942538 289 100368 3
S 50961537 289 100368 3
S 50980535 289 100365 3
S 50999534 289 100374 3
S 51018533 289 100367 3
S 51037532 289 100370 3
S 51056531 289 100365 3
S 51075529 289 100369 3
S 51094528 289 100370 3
S 51113527 289 100376 3
S 51132526 289 100372 3
S 51151525 289 100376 3
S 51170524 289 100372 3
S 51189522 289 100370 3
S 51208521 289 100367 3
S 51227520 289 100373 3
S 51246519 289 100367 3
S 51265518 289 100371 3
S 51284516 289 100375 3
S 51303515 289 100374 3
S 51322514 289 100377 3
S 51341513 289 100373 3
S 51360512 289 100376 3
S 51379510 289 100377 3
S 51398509 289 100375 3
S 51417508 289 100376 3
S 51436507 289 100379 3
S 51455506 289 100374 3
S 51474505 289 100370 3
S 51493503 289 100374 3
S 51512502 289 100377 3
S 51531501 289 100374 3
S 51554499 289 100376 3
S 51573498 289 100378 3
S 51592497 289 100376 3
S 51611496 289 100375 3
S 51630495 289 100378 3
S 51649494 289 100378 3
S 51668492 289 100377 3
S 51687491 289 100376 3
S 51706490 289 100373 3
S 51725489 289 100376 3
S 51744488 289 100376 3
S 51763486 289 100375 3
S 51782485 289 100377 3
S 51801484 289 100373 3
S 51820483 289 100373 3
S 51839482 289 100373 3
S 51858481 289 100372 3
S 51877479 289 100371 3
S 51896478 289 100370 3
S 51915477 289 100369 3
S 51934476 289 100367 3
S 51953475 289 100369 3
S 51972473 289 100371 3
S 51991472 289 100375 3
S 52010471 289 100372 3
S 52029470 289 100368 3
S 52048469 289 100373 3
S 52067467 289 100369 3
S 52086466 289 100376 3
S 52105465 289 100373 3
S 52124464 289 100370 3
S 52143463 289 100376 3
S 52162462 289 100370 3
S 52181460 289 100373 3
S 52200459 289 100374 3
S 52219458 289 100372 3
S 52238457 289 100374 3
S 52257456 289 100377 3
S 52276454 289 100375 3
S 52295453 289 100373 3
S 52314452 289 100375 3
S 52333451 289 100370 3
S 52352450 289 100370 3
S 52371448 289 100375 3
S 52390447 289 100367 3
S 52409446 289 100370 3
S 52428445 289 100378 3
S 52447444 289 100373 3
S 52466443 289 100372 3
S 52485441 289 100369 3
S 52504440 289 100373 3
S 52523439 289 100370 3
S 52542438 289 100371 3
S 52565436 289 100373 3
S 52584435 289 100372 3
S 52603434 289 100376 3
S 52622433 289 100375 3
S 52641432 289 100377 3
S 52660430 289 100376 3
S 52679429 289 100374 3
S 52698428 289 100371 3
S 52717427 289 100371 3
S 52736426 289 100370 3
S 52755424 289 100375 3
S 52774423 289 100376 3
S 52793422 289 100377 3
S 52812421 289 100370 3
S 52831420 289 100369 3
S 52850419 289 100374 3
S 52869417 289 100374 3
S 52888416 289 100369 3
S 52907415 289 100368 3
S 52926414 289 100370 3
S 52945413 289 100376 3
S 52964411 289 100379 3
S 52983410 289 100368 3
S 53002409 289 100370 3
S 53021408 289 100371 3
S 53040407 289 100372 3
S 53059405 289 100372 3
S 53078404 289 100372 3
S 53097403 289 100379 3
S 53116402 289 100374 3
S 53135401 289 100370 3
S 53154400 289 100375 3
S 53173398 289 100372 3
S 53192397 289 100374 3
S 53211396 289 100374 3
S 53230395 289 100376 3
S 53249394 289 100373 3
S 53268392 289 100368 3
S 53287391 289 100376 3
S 53306390 289 100369 3
S 53325389 289 100371 3
S 53344388 289 100370 3
S 53363386 289 100373 3
S 53382385 289 100376 3
S 53401384 289 100371 3
S 53420383 289 100370 3
S 53439382 289 100373 3
S 53458381 289 100374 3
S 53477379 289 100372 3
S 53496378 289 100368 3
S 53515377 289 100373 3
S 53534376 289 100377 3
S 53553375 289 100369 3
S 53576373 289 100374 3
S 53595372 289 100369 3
S 53614371 289 100377 3
S 53633370 289 100378 3
S 53652368 289 100379 3
S 53671367 289 100378 3
S 53690366 289 100379 3
S 53709365 289 100379 3
S 53728364 289 100381 3
S 53747362 289 100380 3
S 53766361 289 100380 3
S 53785360 289 100370 3
S 53804359 289 100376 3
S 53823358 289 100376 3
S 53842357 289 100380 3
S 53861355 289 100381 3
S 53880354 289 100379 3
S 53899353 289 100377 3
S 53918352 289 100380 3
S 53937351 289 100378 3
S 53956349 289 100373 3
S 53975348 289 100376 3
S 53994347 289 100380 3
S 54013346 289 100380 3
S 54032345 289 100376 3
S 54051343 289 100379 3
S 54070342 289 100377 3
S 54089341 289 100379 3
S 54108340 289 100376 3
S 54127339 289 100379 3
S 54146338 289 100373 3
S 54165336 289 100374 3
S 54184335 289 100376 3
S 54203334 289 100377 3
S 54222333 289 100377 3
S 54241332 289 100374 3
S 54260330 289 100377 3
S 54279329 289 100372 3
S 54298328 289 100375 3
S 54317327 289 100374 3
S 54336326 289 100370 3
S 54355324 289 100369 3
S 54374323 289 100374 3
S 54393322 289 100373 3
S 54412321 289 100374 3
S 54431320 289 100375 3
S 54450319 289 100382 3
S 54469317 289 100376 3
S 54488316 289 100378 3
S 54507315 289 100382 3
S 54526314 289 100377 3
S 54545313 289 100379 3
S 54564311 289 100377 3
S 54587310 289 100375 3
S 54606309 289 100376 3
S 54625308 289 100375 3
S 54644306 289 100373 3
S 54663305 289 100371 3
S 54682304 289 100373 3
S 54701303 289 100372 3
S 54720302 289 100373 3
S 54739300 289 100373 3
S 54758299 289 100369 3
S 54777298 289 100370 3
S 54796297 289 100372 3
S 54815296 289 100373 3
S 54834295 289 100376 3
S 54853293 289 100375 3
S 54872292 289 100372 3
S 54891291 289 100367 3
S 54910290 289 100363 3
S 54929289 289 100363 3
S 54948287 289 100371 3
S 54967286 289 100368 3
S 54986285 289 100369 3
S 55005284 289 100370 3
S 55024283 289 100368 3
S 55043281 289 100370 3
S 55062280 289 100366 3
S 55081279 289 100367 3
S 55100278 289 100366 3
S 55119277 289 100373 3
S 55138276 289 100370 3
S 55157274 289 100371 3
S 55176273 289 100372 3
S 55195272 289 100367 3
S 55214271 289 100367 3
S 55233270 289 100371 3
S 55252268 289 100370 3
S 55271267 289 100368 3
S 55290266 289 100373 3
S 55309265 289 100371 3
S 55328264 289 100377 3
S 55347262 289 100371 3
S 55366261 289 100372 3
S 55385260 289 100371 3
S 55404259 289 100367 3
S 55423258 289 100369 3
S 55442257 289 100370 3
S 55461255 289 100366 3
S 55480254 289 100367 3
S 55499253 289 100374 3
S 55518252 289 100364 3
S 55537251 289 100365 3
S 55556249 289 100367 3
S 55575248 289 100371 3
S 55598247 289 100367 3
S 55617246 289 100369 3
S 55636244 289 100371 3
S 55655243 289 100370 3
S 55674242 289 100370 3
S 55693241 289 100371 3
S 55712240 289 100373 3
S 55731238 289 100375 3
S 55750237 289 100374 3
S 55769236 289 100371 3
S 55788235 289 100371 3
S 55807234 289 100369 3
S 55826233 289 100370 3
S 55845231 289 100370 3
S 55864230 289 100372 3
S 55883229 289 100369 3
S 55902228 289 100373 3
S 55921227 289 100371 3
S 55940225 289 100370 3
S 55959224 289 100372 3
S 55978223 289 100369 3
S 55997222 289 100371 3
S 56016221 289 100368 3
S 56035219 289 100366 3
S 56054218 289 100366 3
S 56073217 289 100370 3
S 56092216 289 100367 3
S 56111215 289 100366 3
S 56130214 289 100367 3
S 56149212 289 100370 3
S 56168211 289 100370 3
S 56187210 289 100370 3
S 56206209 289 100364 3
S 56225208 289 100367 3
S 56244206 289 100365 3
S 56263205 289 100372 3
S 56282204 289 100370 3
S 56301203 289 100368 3
S 56320202 289 100368 3
S 56339200 289 100368 3
S 56358199 289 100364 3
S 56377198 289 100371 3
S 56396197 289 100374 3
S 56415196 289 100370 3
S 56434195 289 100374 3
S 56453193 289 100375 3
S 56472192 289 100371 3
S 56491191 289 100366 3
S 56510190 289 100368 3
S 56529189 289 100367 3
S 56548187 289 100367 3
S 56567186 289 100369 3
S 56586185 289 100370 3
S 56609184 289 100379 3
S 56628182 289 100382 3
S 56647181 289 100379 3
S 56666180 289 100379 3
S 56685179 289 100377 3
S 56704178 289 100375 3
S 56723176 289 100373 3
S 56742175 289 100372 3
S 56761174 289 100380 3
S 56780173 289 100370 3
S 56799172 289 100376 3
S 56818171 289 100374 3
S 56837169 289 100367 3
S 56856168 289 100372 3
S 56875167 289 100373 3
S 56894166 289 100364 3
S 56913165 289 100368 3
S 56932163 289 100367 3
S 56951162 289 100371 3
S 56970161 289 100370 3
S 56989160 289 100372 3
S 57008159 289 100373 3
S 57027157 289 100374 3
S 57046156 289 100365 3
S 57065155 289 100366 3
S 57084154 289 100366 3
S 57103153 289 100373 3
S 57122152 289 100367 3
S 57141150 289 100371 3
S 57160149 289 100372 3
S 57179148 289 100367 3
S 57198147 289 100380 3
S 57217146 289 100377 3
S 57236144 289 100374 3
S 57255143 289 100374 3
S 57274142 289 100375 3
S 57293141 289 100372 3
S 57312140 289 100372 3
S 57331138 289 100370 3
S 57350137 289 100371 3
S 57369136 289 100369 3
S 57388135 289 100371 3
S 57407134 289 100374 3
S 57426133 289 100374 3
S 57445131 289 100371 3
S 57464130 289 100376 3
S 57483129 289 100373 3
S 57502128 289 100368 3
S 57521127 289 100369 3
S 57540125 289 100374 3
S 57559124 289 100375 3
S 57578123 289 100365 3
S 57597122 289 100368 3
S 57620120 289 100372 3
S 57639119 289 100369 3
S 57658118 289 100373 3
S 57677117 289 100367 3
S 57696116 289 100368 3
S 57715114 289 100365 3
S 57734113 289 100367 3
S 57753112 289 100366 3
S 57772111 289 100368 3
S 57791110 289 100367 3
S 57810109 289 100366 3
S 57829107 289 100364 3
S 57848106 289 100366 3
S 57867105 289 100368 3
S 57886104 289 100364 3
S 57905103 289 100367 3
S 57924101 289 100367 3
S 57943100 289 100367 3
S 57962099 289 100368 3
S 57981098 289 100371 3
S 58000097 289 100370 3
S 58019095 289 100370 3
S 58038094 289 100367 3
S 58057093 289 100368 3
S 58076092 289 100365 3
S 58095091 289 100370 3
S 58114090 289 100369 3
S 58133088 289 100366 3
S 58152087 289 100366 3
S 58171086 289 100367 3
S 58190085 289 100369 3
S 58209084 289 100367 3
S 58228082 289 100372 3
S 58247081 289 100359 3
S 58266080 289 100366 3
S 58285079 289 100370 3
S 58304078 289 100361 3
S 58323076 289 100366 3
S 58342075 289 100370 3
S 58361074 289 100361 3
S 58380073 289 100366 3
S 58399072 289 100363 3
S 58418071 289 100366 3
S 58437069 289 100365 3
S 58456068 289 100367 3
S 58475067 289 100366 3
S 58494066 289 100362 3
S 58513065 289 100364 3
S 58532063 289 100357 3
S 58551062 289 100365 3
S 58570061 289 100367 3
S 58589060 289 100364 3
S 58608059 289 100363 3
S 58631057 289 100369 3
S 58650056 289 100368 3
S 58669055 289 100361 3
S 58688054 289 100363 3
S 58707052 289 100364 3
S 58726051 289 100358 3
S 58745050 289 100362 3
S 58764049 289 100361 3
S 58783048 289 100362 3
S 58802047 289 100363 3
S 58821045 289 100364 3
S 58840044 289 100366 3
S 58859043 289 100363 3
S 58878042 289 100364 3
S 58897041 289 100366 3
S 58916039 289 100367 3
S 58935038 289 100366 3
S 58954037 289 100369 3
S 58973036 289 100368 3
S 58992035 289 100364 3
S 59011033 289 100374 3
S 59030032 289 100364 3
S 59049031 289 100366 3
S 59068030 289 100367 3
S 59087029 289 100370 3
S 59106028 289 100371 3
S 59125026 289 100368 3
S 59144025 289 100368 3
S 59163024 289 100368 3
S 59182023 289 100361 3
S 59201022 289 100363 3
S 59220020 289 100367 3
S 59239019 289 100369 3
S 59258018 289 100370 3
S 59277017 289 100368 3
S 59296016 289 100366 3
S 59315014 289 100368 3
S 59334013 289 100365 3
S 59353012 289 100371 3
S 59372011 289 100369 3
S 59391010 289 100370 3
S 59410009 289 100368 3
S 59429007 289 100371 3
S 59448006 289 100363 3
S 59467005 289 100366 3
S 59486004 289 100370 3
S 59505003 289 100364 3
S 59524001 289 100364 3
S 59543000 289 100369 3
S 59561999 289 100364 3
S 59580998 289 100366 3
S 59599997 289 100367 3
S 59618995 289 100366 3
S 59641994 289 100379 3
S 59660993 289 100381 3
S 59679992 289 100376 3
S 59698990 289 100372 3
S 59717989 289 100369 3
S 59736988 289 100367 3
S 59755987 289 100374 3
S 59774986 289 100373 3
S 59793985 289 100373 3
S 59812983 289 100369 3
S 59831982 289 100368 3
S 59850981 289 100366 3
S 59869980 289 100368 3
S 59888979 289 100371 3
S 59907977 289 100370 3
S 59926976 289 100368 3
S 59945975 289 100368 3
S 59964974 289 100368 3
S 59983973 289 100364 3
S 60002971 289 100365 3
S 60021970 289 100367 3
S 60040969 289 100367 3
S 60059968 289 100370 3
S 60078967 289 100370 3
S 60097966 289 100368 3
S 60116964 289 100366 3
S 60135963 289 100370 3
S 60154962 289 100373 3
S 60173961 289 100368 3
S 60192960 289 100376 3
S 60211958 289 100370 3
S 60230957 289 100369 3
S 60249956 289 100370 3
S 60268955 289 100369 3
S 60287954 289 100367 3
S 60306952 289 100367 3
S 60325951 289 100371 3
S 60344950 289 100374 3
S 60363949 289 100371 3
S 60382948 289 100368 3
S 60401947 289 100366 3
S 60420945 289 100365 3
S 60439944 289 100366 3
S 60458943 289 100367 3
S 60477942 289 100371 3
S 60496941 289 100364 3
S 60515939 289 100362 3
S 60534938 289 100363 3
S 60553937 289 100367 3
S 60572936 289 100367 3
S 60591935 289 100366 3
S 60610933 289 100370 3
S 60629932 289 100367 3
S 60652931 289 100379 3
S 60671930 289 100370 3
S 60690928 289 100364 3
S 60709927 289 100376 3
S 60728926 289 100376 3
S 60747925 289 100374 3
S 60766924 289 100375 3
S 60785923 289 100374 3
S 60804921 289 100372 3
S 60823920 289 100374 3
S 60842919 289 100370 3
S 60861918 289 100373 3
S 60880917 289 100371 3
S 60899915 289 100372 3
S 60918914 289 100376 3
S 60937913 289 100375 3
S 60956912 289 100370 3
S 60975911 289 100370 3
S 60994909 289 100370 3
S 61013908 289 100373 3
S 61032907 289 100378 3
S 61051906 289 100371 3
S 61070905 289 100371 3
S 61089904 289 100371 3
S 61108902 289 100372 3
S 61127901 289 100373 3
S 61146900 289 100379 3
S 61165899 289 100381 3
S 61184898 289 100376 3
S 61203896 289 100373 3
S 61222895 289 100372 3
S 61241894 289 100371 3
S 61260893 289 100369 3
S 61279892 289 100366 3
S 61298890 289 100372 3
S 61317889 289 100370 3
S 61336888 289 100370 3
S 61355887 289 100373 3
S 61374886 289 100372 3
S 61393885 289 100370 3
S 61412883 289 100373 3
S 61431882 289 100375 3
S 61450881 289 100367 3
S 61469880 289 100368 3
S 61488879 289 100370 3
S 61507877 289 100369 3
S 61526876 289 100368 3
S 61545875 289 100371 3
S 61564874 289 100369 3
S 61583873 289 100367 3
S 61602871 289 100368 3
S 61621870 289 100367 3
S 61640869 289 100362 3
S 61663868 289 100370 3
S 61682866 289 100371 3
S 61701865 289 100375 3
S 61720864 289 100376 3
S 61739863 289 100373 3
S 61758862 289 100366 3
S 61777861 289 100369 3
S 61796859 289 100373 3
S 61815858 289 100371 3
S 61834857 289 100369 3
S 61853856 289 100373 3
S 61872855 289 100367 3
S 61891853 289 100372 3
S 61910852 289 100372 3
S 61929851 289 100376 3
S 61948850 289 100379 3
S 61967849 289 100369 3
S 61986847 289 100376 3
S 62005846 289 100373 3
S 62024845 289 100375 3
S 62043844 289 100373 3
S 62062843 289 100379 3
S 62081842 289 100373 3
S 62100840 289 100371 3
S 62119839 289 100374 3
S 62138838 289 100369 3
S 62157837 289 100370 3
S 62176836 289 100368 3
S 62195834 289 100367 3
S 62214833 289 100370 3
S 62233832 289 100374 3
S 62252831 289 100368 3
S 62271830 289 100373 3
S 62290828 289 100373 3
S 62309827 289 100370 3
S 62328826 289 100373 3
S 62347825 289 100371 3
S 62366824 289 100372 3
S 62385823 289 100366 3
S 62404821 289 100371 3
S 62423820 289 100374 3
S 62442819 289 100372 3
S 62461818 289 100373 3
S 62480817 289 100370 3
S 62499815 289 100374 3
S 62518814 289 100371 3
S 62537813 289 100369 3
S 62556812 289 100370 3
S 62575811 289 100374 3
S 62594809 289 100370 3
S 62613808 289 100372 3
S 62632807 289 100368 3
S 62651806 289 100366 3
S 62674804 289 100369 3
S 62693803 289 100367 3
S 62712802 289 100367 3
S 62731801 289 100367 3
S 62750800 289 100368 3
S 62769799 289 100371 3
S 62788797 289 100366 3
S 62807796 289 100365 3
S 62826795 289 100365 3
S 62845794 289 100369 3
S 62864793 289 100362 3
S 62883791 289 100365 3
S 62902790 289 100364 3
S 62921789 289 100365 3
S 62940788 289 100363 3
S 62959787 289 100363 3
S 62978785 289 100364 3
S 62997784 289 100366 3
S 63016783 289 100367 3
S 63035782 289 100365 3
S 63054781 289 100367 3
S 63073780 289 100367 3
S 63092778 289 100366 3
S 63111777 289 100366 3
S 63130776 289 100369 3
S 63149775 289 100369 3
S 63168774 289 100368 3
S 63187772 289 100371 3
S 63206771 289 100366 3
S 63225770 289 100367 3
S 63244769 289 100370 3
S 63263768 289 100373 3
S 63282766 289 100371 3
S 63301765 289 100372 3
S 63320764 289 100370 3
S 63339763 289 100367 3
S 63358762 289 100372 3
S 63377761 289 100369 3
S 63396759 289 100370 3
S 63415758 289 100371 3
S 63434757 289 100375 3
S 63453756 289 100371 3
S 63472755 289 100368 3
S 63491753 289 100370 3
S 63510752 289 100369 3
S 63529751 289 100365 3
S 63548750 289 100371 3
S 63567749 289 100370 3
S 63586747 289 100375 3
S 63605746 289 100370 3
S 63624745 289 100368 3
S 63643744 289 100369 3
S 63662743 289 100376 3
S 63685741 289 100377 3
S 63704740 289 100372 3
S 63723739 289 100373 3
S 63742738 289 100375 3
S 63761737 289 100376 3
S 63780735 289 100374 3
S 63799734 289 100372 3
S 63818733 289 100379 3
S 63837732 289 100377 3
S 63856731 289 100376 3
S 63875729 289 100373 3
S 63894728 289 100374 3
S 63913727 289 100366 3
S 63932726 289 100371 3
S 63951725 289 100366 3
S 63970723 289 100368 3
S 63989722 289 100369 3
S 64008721 289 100369 3
S 64027720 289 100372 3
S 64046719 289 100373 3
S 64065718 289 100366 3
S 64084716 289 100366 3
S 64103715 289 100370 3
S 64122714 289 100372 3
S 64141713 289 100372 3
S 64160712 289 100370 3
S 64179710 289 100371 3
S 64198709 289 100367 3
S 64217708 289 100366 3
S 64236707 289 100370 3
S 64255706 289 100369 3
S 64274704 289 100363 3
S 64293703 289 100366 3
S 64312702 289 100366 3
S 64331701 289 100366 3
S 64350700 289 100365 3
S 64369699 289 100368 3
S 64388697 289 100367 3
S 64407696 289 100369 3
S 64426695 289 100364 3
S 64445694 289 100364 3
S 64464693 289 100366 3
S 64483691 289 100365 3
S 64502690 289 100363 3
S 64521689 289 100366 3
S 64540688 289 100366 3
S 64559687 289 100368 3
S 64578685 289 100367 3
S 64597684 289 100370 3
S 64616683 289 100374 3
S 64635682 289 100369 3
S 64654681 289 100369 3
S 64673680 289 100373 3
S 64696678 289 100370 3
S 64715677 289 100367 3
S 64734676 289 100369 3
S 64753675 289 100366 3
S 64772673 289 100364 3
S 64791672 289 100366 3
S 64810671 289 100369 3
S 64829670 289 100364 3
S 64848669 289 100368 3
S 64867667 289 100369 3
S 64886666 289 100369 3
S 64905665 289 100372 3
S 64924664 289 100372 3
S 64943663 289 100379 3
S 64962661 289 100369 3
S 64981660 289 100366 3
S 65000660 289 100370 3
S 65019658 289 100369 3
S 65038657 289 100368 3
S 65057656 289 100369 3
S 65076654 289 100367 3
S 65095653 289 100367 3
S 65114652 289 100369 3
S 65133651 289 100367 3
S 65152650 289 100372 3
S 65171648 289 100372 3
S 65190647 289 100370 3
S 65209646 289 100371 3
S 65228645 289 100370 3
S 65247644 289 100372 3
S 65266642 289 100369 3
S 65285641 289 100373 3
S 65304640 289 100373 3
S 65323639 289 100368 3
S 65342638 289 100369 3
S 65361637 289 100369 3
S 65380635 289 100368 3
S 65399634 289 100370 3
S 65418633 289 100370 3
S 65437632 289 100369 3
S 65456631 289 100364 3
S 65475629 289 100370 3
S 65494628 289 100369 3
S 65513627 289 100363 3
S 65532626 289 100367 3
S 65551625 289 100364 3
S 65570623 289 100364 3
S 65589622 289 100367 3
S 65608621 289 100368 3
S 65627620 289 100369 3
S 65646619 289 100366 3
S 65665618 289 100369 3
S 65684616 289 100366 3
S 65707615 289 100373 3
S 65726614 289 100373 3
S 65745613 289 100373 3
S 65764611 289 100372 3
S 65783610 289 100375 3
S 65802609 289 100372 3
S 65821608 289 100374 3
S 65840607 289 100371 3
S 65859605 289 100373 3
S 65878604 289 100371 3
S 65897603 289 100369 3
S 65916602 289 100369 3
S 65935601 289 100373 3
S 65954599 289 100374 3
S 65973598 289 100371 3
S 65992597 289 100370 3
S 66011596 289 100372 3
S 66030595 289 100374 3
S 66049594 289 100372 3
S 66068592 289 100370 3
S 66087591 289 100371 3
S 66106590 289 100369 3
S 66125589 289 100373 3
S 66144588 289 100377 3
S 66163586 289 100372 3
S 66182585 289 100372 3
S 66201584 289 100373 3
S 66220583 289 100373 3
S 66239582 289 100369 3
S 66258580 289 100372 3
S 66277579 289 100373 3
S 66296578 289 100370 3
S 66315577 289 100375 3
S 66334576 289 100373 3
S 66353575 289 100376 3
S 66372573 289 100375 3
S 66391572 289 100381 3
S 66410571 289 100381 3
S 66429570 289 100378 3
S 66448569 289 100376 3
S 66467567 289 100379 3
S 66486566 289 100373 3
S 66505565 289 100375 3
S 66524564 289 100376 3
S 66543563 289 100374 3
S 66562561 289 100373 3
S 66581560 289 100369 3
S 66600559 289 100373 3
S 66619558 289 100367 3
S 66638557 289 100372 3
S 66657556 289 100369 3
S 66676554 289 100373 3
S 66695553 289 100367 3
S 66718552 290 100376 3
S 66737551 290 100372 3
S 66756549 290 100372 3
S 66775548 290 100374 3
S 66794547 290 100373 3
S 66813546 290 100371 3
S 66832545 290 100368 3
S 66851543 290 100372 3
S 66870542 290 100371 3
S 66889541 290 100370 3
S 66908540 290 100371 3
S 66927539 290 100369 3
S 66946537 290 100371 3
S 66965536 290 100374 3
S 66984535 290 100372 3
S 67003534 290 100375 3
S 67022533 290 100378 3
S 67041532 290 100376 3
S 67060530 290 100376 3
S 67079529 290 100378 3
S 67098528 290 100369 3
S 67117527 290 100373 3
S 67136526 290 100373 3
S 67155524 290 100372 3
S 67174523 290 100371 3
S 67193522 290 100371 3
S 67212521 290 100372 3
S 67231520 290 100369 3
S 67250518 290 100372 3
S 67269517 290 100372 3
S 67288516 290 100374 3
S 67307515 290 100373 3
S 67326514 290 100370 3
S 67345513 290 100372 3
S 67364511 290 100376 3
S 67383510 290 100372 3
S 67402509 290 100367 3
S 67421508 290 100372 3
S 67440507 290 100371 3
S 67459505 290 100372 3
S 67478504 290 100375 3
S 67497503 290 100372 3
S 67516502 290 100365 3
S 67535501 290 100371 3
S 67554499 290 100375 3
S 67573498 290 100374 3
S 67592497 290 100368 3
S 67611496 290 100369 3
S 67630495 290 100372 3
S 67649494 290 100371 3
S 67668492 290 100370 3
S 67687491 290 100370 3
S 67706490 290 100373 3
S 67729488 289 100372 3
S 67748487 289 100370 3
S 67767486 289 100366 3
S 67786485 289 100367 3
S 67805484 289 100367 3
S 67824483 289 100367 3
S 67843481 289 100367 3
S 67862480 289 100368 3
S 67881479 289 100367 3
S 67900478 289 100365 3
S 67919477 289 100369 3
S 67938475 289 100370 3
S 67957474 289 100372 3
S 67976473 289 100367 3
S 67995472 289 100364 3
S 68014471 289 100364 3
S 68033470 289 100361 3
S 68052468 289 100361 3
S 68071467 289 100366 3
S 68090466 289 100365 3
S 68109465 289 100361 3
S 68128464 289 100363 3
S 68147462 289 100363 3
S 68166461 289 100364 3
S 68185460 289 100367 3
S 68204459 289 100364 3
S 68223458 289 100359 3
S 68242456 289 100367 3
S 68261455 289 100365 3
S 68280454 289 100366 3
S 68299453 289 100366 3
S 68318452 289 100365 3
S 68337451 289 100367 3
S 68356449 289 100369 3
S 68375448 289 100366 3
S 68394447 289 100365 3
S 68413446 289 100365 3
S 68432445 289 100367 3
S 68451443 289 100370 3
S 68470442 289 100364 3
S 68489441 289 100360 3
S 68508440 289 100369 3
S 68527439 289 100368 3
S 68546437 289 100367 3
S 68565436 289 100369 3
S 68584435 289 100365 3
S 68603434 289 100370 3
S 68622433 289 100368 3
S 68641432 289 100368 3
S 68660430 289 100368 3
S 68679429 289 100362 3
S 68698428 289 100358 3
S 68717427 289 100364 3
S 68740425 289 100361 3
S 68759424 289 100367 3
S 68778423 289 100366 3
S 68797422 289 100369 3
S 68816421 289 100358 3
S 68835419 289 100360 3
S 68854418 289 100363 3
S 68873417 289 100367 3
S 68892416 289 100366 3
S 68911415 289 100366 3
S 68930413 289 100360 3
S 68949412 289 100359 3
S 68968411 289 100366 3
S 68987410 289 100362 3
S 69006409 289 100366 3
S 69025408 289 100364 3
S 69044406 289 100367 3
S 69063405 289 100368 3
S 69082404 289 100366 3
S 69101403 289 100367 3
S 69120402 289 100366 3
S 69139400 289 100367 3
S 69158399 289 100366 3
S 69177398 289 100367 3
S 69196397 289 100368 3
S 69215396 289 100366 3
S 69234394 289 100371 3
S 69253393 289 100369 3
S 69272392 289 100368 3
S 69291391 289 100367 3
S 69310390 289 100368 3
S 69329389 289 100363 3
S 69348387 289 100364 3
S 69367386 289 100367 3
S 69386385 289 100367 3
S 69405384 289 100367 3
S 69424383 289 100367 3
S 69443381 289 100367 3
S 69462380 289 100367 3
S 69481379 289 100366 3
S 69500378 289 100366 3
S 69519377 289 100367 3
S 69538375 289 100369 3
S 69557374 289 100368 3
S 69576373 289 100368 3
S 69595372 289 100365 3
S 69614371 289 100367 3
S 69633370 289 100367 3
S 69652368 289 100370 3
S 69671367 289 100367 3
S 69690366 289 100368 3
S 69709365 289 100369 3
S 69728364 289 100369 3
S 69751362 289 100372 3
S 69770361 289 100367 3
S 69789360 289 100364 3
S 69808359 289 100367 3
S 69827357 289 100367 3
S 69846356 289 100368 3
S 69865355 289 100367 3
S 69884354 289 100363 3
S 69903353 289 100364 3
S 69922351 289 100365 3
S 69941350 289 100365 3
S 69960349 289 100364 3
S 69979348 289 100365 3
S 69998347 289 100366 3
S 70017346 289 100368 3
S 70036344 289 100367 3
S 70055343 289 100369 3
S 70074342 289 100364 3
S 70093341 289 100369 3
S 70112340 289 100366 3
S 70131338 289 100367 3
S 70150337 289 100366 3
S 70169336 289 100370 3
S 70188335 289 100363 3
S 70207334 289 100366 3
S 70226332 289 100365 3
S 70245331 289 100367 3
S 70264330 289 100368 3
S 70283329 289 100364 3
S 70302328 289 100363 3
S 70321327 289 100364 3
S 70340325 289 100363 3
S 70359324 289 100366 3
S 70378323 289 100367 3
S 70397322 289 100369 3
S 70416321 289 100371 3
S 70435319 289 100366 3
S 70454318 289 100366 3
S 70473317 289 100369 3
S 70492316 289 100363 3
S 70511315 289 100364 3
S 70530313 289 100364 3
S 70549312 289 100365 3
S 70568311 289 100365 3
S 70587310 289 100361 3
S 70606309 289 100365 3
S 70625308 289 100363 3
S 70644306 289 100364 3
S 70663305 289 100361 3
S 70682304 289 100362 3
S 70701303 289 100363 3
S 70720302 289 100366 3
S 70739300 289 100363 3
S 70762299 290 100369 3
S 70781298 290 100371 3
S 70800297 290 100375 3
S 70819295 290 100375 3
S 70838294 290 100373 3
S 70857293 290 100372 3
S 70876292 290 100373 3
S 70895291 290 100371 3
S 70914289 290 100369 3
S 70933288 290 100372 3
S 70952287 290 100374 3
S 70971286 290 100372 3
S 70990285 290 100372 3
S 71009284 290 100375 3
S 71028282 290 100374 3
S 71047281 290 100369 3
S 71066280 290 100374 3
S 71085279 290 100370 3
S 71104278 290 100370 3
S 71123276 290 100374 3
S 71142275 290 100369 3
S 71161274 290 100370 3
S 71180273 290 100374 3
S 71199272 290 100372 3
S 71218270 290 100372 3
S 71237269 290 100369 3
S 71256268 290 100369 3
S 71275267 290 100369 3
S 71294266 290 100370 3
S 71313265 290 100371 3
S 71332263 290 100370 3
S 71351262 290 100370 3
S 71370261 290 100374 3
S 71389260 290 100370 3
S 71408259 290 100372 3
S 71427257 290 100369 3
S 71446256 290 100368 3
S 71465255 290 100371 3
S 71484254 290 100368 3
S 71503253 290 100369 3
S 71522251 290 100373 3
S 71541250 290 100370 3
S 71560249 290 100369 3
S 71579248 290 100364 3
S 71598247 290 100369 3
S 71617246 290 100361 3
S 71636244 290 100373 3
S 71655243 290 100370 3
S 71674242 290 100365 3
S 71693241 290 100365 3
S 71712240 290 100367 3
S 71731238 290 100367 3
S 71750237 290 100366 3
S 71773236 290 100369 3
S 71792235 290 100369 3
S 71811233 290 100368 3
S 71830232 290 100369 3
S 71849231 290 100369 3
S 71868230 290 100371 3
S 71887229 290 100370 3
S 71906227 290 100376 3
S 71925226 290 100373 3
S 71944225 290 100370 3
S 71963224 290 100372 3
S 71982223 290 100371 3
S 72001222 290 100372 3
S 72020220 290 100369 3
S 72039219 290 100369 3
S 72058218 290 100373 3
S 72077217 290 100372 3
S 72096216 290 100372 3
S 72115214 290 100369 3
S 72134213 290 100370 3
S 72153212 290 100370 3
S 72172211 290 100370 3
S 72191210 290 100368 3
S 72210208 290 100372 3
S 72229207 290 100369 3
S 72248206 290 100370 3
S 72267205 290 100370 3
S 72286204 290 100367 3
S 72305203 290 100369 3
S 72324201 290 100367 3
S 72343200 290 100370 3
S 72362199 290 100369 3
S 72381198 290 100364 3
S 72400197 290 100360 3
S 72419195 290 100366 3
S 72438194 290 100362 3
S 72457193 290 100364 3
S 72476192 290 100366 3
S 72495191 290 100364 3
S 72514189 290 100362 3
S 72533188 290 100355 3
S 72552187 290 100359 3
S 72571186 290 100363 3
S 72590185 290 100358 3
S 72609184 290 100358 3
S 72628182 290 100360 3
S 72647181 290 100361 3
S 72666180 290 100362 3
S 72685179 290 100362 3
S 72704178 290 100363 3
S 72723176 290 100361 3
S 72742175 290 100360 3
S 72761174 290 100359 3
S 72784173 290 100362 3
S 72803171 290 100360 3
S 72822170 290 100362 3
S 72841169 290 100362 3
S 72860168 290 100359 3
S 72879167 290 100363 3
S 72898165 290 100358 3
S 72917164 290 100362 3
S 72936163 290 100365 3
S 72955162 290 100365 3
S 72974161 290 100365 3
S 72993160 290 100367 3
S 73012158 290 100366 3
S 73031157 290 100359 3
S 73050156 290 100363 3
S 73069155 290 100364 3
S 73088154 290 100362 3
S 73107152 290 100363 3
S 73126151 290 100370 3
S 73145150 290 100366 3
S 73164149 290 100364 3
S 73183148 290 100364 3
S 73202146 290 100361 3
S 73221145 290 100360 3
S 73240144 290 100367 3
S 73259143 290 100367 3
S 73278142 290 100363 3
S 73297141 290 100363 3
S 73316139 290 100366 3
S 73335138 290 100363 3
S 73354137 290 100356 3
S 73373136 290 100358 3
S 73392135 290 100359 3
S 73411133 290 100358 3
S 73430132 290 100361 3
S 73449131 290 100360 3
S 73468130 290 100359 3
S 73487129 290 100364 3
S 73506127 290 100363 3
S 73525126 290 100361 3
S 73544125 290 100358 3
S 73563124 290 100364 3
S 73582123 290 100361 3
S 73601122 290 100363 3
S 73620120 290 100364 3
S 73639119 290 100359 3
S 73658118 290 100362 3
S 73677117 290 100360 3
S 73696116 290 100359 3
S 73715114 290 100357 3
S 73734113 290 100359 3
S 73753112 290 100365 3
S 73772111 290 100363 3
S 73795109 290 100373 3
S 73814108 290 100367 3
S 73833107 290 100364 3
S 73852106 290 100370 3
S 73871105 290 100366 3
S 73890103 290 100372 3
S 73909102 290 100362 3
S 73928101 290 100362 3
S 73947100 290 100364 3
S 73966099 290 100365 3
S 73985098 290 100361 3
S 74004096 290 100363 3
S 74023095 290 100365 3
S 74042094 290 100364 3
S 74061093 290 100363 3
S 74080092 290 100363 3
S 74099090 290 100368 3
S 74118089 290 100367 3
S 74137088 290 100367 3
S 74156087 290 100365 3
S 74175086 290 100364 3
S 74194084 290 100363 3
S 74213083 290 100363 3
S 74232082 290 100366 3
S 74251081 290 100362 3
S 74270080 290 100364 3
S 74289079 290 100363 3
S 74308077 290 100365 3
S 74327076 290 100369 3
S 74346075 290 100365 3
S 74365074 290 100366 3
S 74384073 290 100368 3
S 74403071 290 100369 3
S 74422070 290 100367 3
S 74441069 290 100370 3
S 74460068 290 100369 3
S 74479067 290 100366 3
S 74498065 290 100363 3
S 74517064 290 100364 3
S 74536063 290 100372 3
S 74555062 290 100367 3
S 74574061 290 100369 3
S 74593060 290 100365 3
S 74612058 290 100365 3
S 74631057 290 100369 3
S 74650056 290 100364 3
S 74669055 290 100370 3
S 74688054 290 100373 3
S 74707052 290 100367 3
S 74726051 290 100370 3
S 74745050 290 100369 3
S 74764049 290 100366 3
S 74783048 290 100368 3
S 74806046 290 100373 3
S 74825045 290 100369 3
S 74844044 290 100372 3
S 74863043 290 100375 3
S 74882041 290 100370 3
S 74901040 290 100371 3
S 74920039 290 100369 3
S 74939038 290 100369 3
S 74958037 290 100369 3
S 74977036 290 100373 3
S 74996034 290 100370 3
S 75015033 290 100368 3
S 75034032 290 100365 3
S 75053031 290 100368 3
S 75072030 290 100366 3
S 75091028 290 100371 3
S 75110027 290 100370 3
S 75129026 290 100368 3
S 75148025 290 100373 3
S 75167024 290 100372 3
S 75186022 290 100367 3
S 75205021 290 100373 3
S 75224020 290 100369 3
S 75243019 290 100371 3
S 75262018 290 100375 3
S 75281017 290 100373 3
S 75300015 290 100370 3
S 75319014 290 100369 3
S 75338013 290 100373 3
S 75357012 290 100369 3
S 75376011 290 100366 3
S 75395009 290 100364 3
S 75414008 290 100368 3
S 75433007 290 100364 3
S 75452006 290 100362 3
S 75471005 290 100363 3
S 75490003 290 100367 3
S 75509002 290 100366 3
S 75528001 290 100366 3
S 75547000 290 100369 3
S 75565999 290 100363 3
S 75584998 290 100364 3
S 75603996 290 100363 3
S 75622995 290 100365 3
S 75641994 290 100362 3
S 75660993 290 100362 3
S 75679992 290 100366 3
S 75698990 290 100369 3
S 75717989 290 100365 3
S 75736988 290 100366 3
S 75755987 290 100369 3
S 75774986 290 100367 3
S 75793984 290 100372 3
S 75816983 290 100371 3
S 75835982 290 100372 3
S 75854981 290 100368 3
S 75873979 290 100369 3
S 75892978 290 100366 3
S 75911977 290 100363 3
S 75930976 290 100368 3
S 75949975 290 100368 3
S 75968974 290 100366 3
S 75987972 290 100366 3
S 76006971 290 100369 3
S 76025970 290 100366 3
S 76044969 290 100369 3
S 76063968 290 100370 3
S 76082966 290 100370 3
S 76101965 290 100364 3
S 76120964 290 100373 3
S 76139963 290 100372 3
S 76158962 290 100369 3
S 76177960 290 100372 3
S 76196959 290 100369 3
S 76215958 290 100368 3
S 76234957 290 100365 3
S 76253956 290 100367 3
S 76272955 290 100370 3
S 76291953 290 100369 3
S 76310952 290 100370 3
S 76329951 290 100367 3
S 76348950 290 100368 3
S 76367949 290 100367 3
S 76386947 290 100367 3
S 76405946 290 100365 3
S 76424945 290 100362 3
S 76443944 290 100365 3
S 76462943 290 100366 3
S 76481941 290 100369 3
S 76500940 290 100367 3
S 76519939 290 100367 3
S 76538938 290 100367 3
S 76557937 290 100367 3
S 76576936 290 100368 3
S 76595934 290 100370 3
S 76614933 290 100368 3
S 76633932 290 100374 3
S 76652931 290 100372 3
S 76671930 290 100371 3
S 76690928 290 100370 3
S 76709927 290 100367 3
S 76728926 290 100370 3
S 76747925 290 100367 3
S 76766924 290 100366 3
S 76785922 290 100366 3
S 76804921 290 100368 3
S 76827920 290 100373 3
S 76846919 290 100371 3
S 76865917 290 100373 3
S 76884916 290 100372 3
S 76903915 290 100370 3
S 76922914 290 100372 3
S 76941913 290 100373 3
S 76960912 290 100369 3
S 76979910 290 100368 3
S 76998909 290 100373 3
S 77017908 290 100372 3
S 77036907 290 100372 3
S 77055906 290 100370 3
S 77074904 290 100367 3
S 77093903 290 100373 3
S 77112902 290 100373 3
S 77131901 290 100374 3
S 77150900 290 100374 3
S 77169898 290 100369 3
S 77188897 290 100370 3
S 77207896 290 100374 3
S 77226895 290 100375 3
S 77245894 290 100369 3
S 77264893 290 100368 3
S 77283891 290 100368 3
S 77302890 290 100370 3
S 77321889 290 100372 3
S 77340888 290 100374 3
S 77359887 290 100376 3
S 77378885 290 100373 3
S 77397884 290 100377 3
S 77416883 290 100375 3
S 77435882 290 100376 3
S 77454881 290 100373 3
S 77473879 290 100376 3
S 77492878 290 100373 3
S 77511877 290 100373 3
S 77530876 290 100373 3
S 77549875 290 100369 3
S 77568874 290 100375 3
S 77587872 290 100366 3
S 77606871 290 100369 3
S 77625870 290 100369 3
S 77644869 290 100369 3
S 77663868 290 100370 3
S 77682866 290 100375 3
S 77701865 290 100367 3
S 77720864 290 100373 3
S 77739863 290 100377 3
S 77758862 290 100377 3
S 77777860 290 100377 3
S 77796859 290 100375 3
S 77815858 290 100374 3
S 77838857 290 100373 3
S 77857855 290 100377 3
S 77876854 290 100373 3
S 77895853 290 100376 3
S 77914852 290 100373 3
S 77933851 290 100371 3
S 77952850 290 100371 3
S 77971848 290 100373 3
S 77990847 290 100376 3
S 78009846 290 100369 3
S 78028845 290 100376 3
S 78047844 290 100371 3
S 78066842 290 100370 3
S 78085841 290 100375 3
S 78104840 290 100369 3
S 78123839 290 100366 3
S 78142838 290 100363 3
S 78161836 290 100371 3
S 78180835 290 100369 3
S 78199834 290 100369 3
S 78218833 290 100370 3
S 78237832 290 100371 3
S 78256831 290 100372 3
S 78275829 290 100370 3
S 78294828 290 100370 3
S 78313827 290 100367 3
S 78332826 290 100370 3
S 78351825 290 100365 3
S 78370823 290 100372 3
S 78389822 290 100369 3
S 78408821 290 100368 3
S 78427820 290 100372 3
S 78446819 290 100370 3
S 78465817 290 100370 3
S 78484816 290 100375 3
S 78503815 290 100372 3
S 78522814 290 100370 3
S 78541813 290 100375 3
S 78560812 290 100372 3
S 78579810 290 100372 3
S 78598809 290 100372 3
S 78617808 290 100371 3
S 78636807 290 100365 3
S 78655806 290 100367 3
S 78674804 290 100366 3
S 78693803 290 100369 3
S 78712802 290 100370 3
S 78731801 290 100373 3
S 78750800 290 100375 3
S 78769798 290 100368 3
S 78788797 290 100367 3
S 78807796 290 100370 3
S 78826795 290 100374 3
S 78849793 290 100379 3
S 78868792 290 100375 3
S 78887791 290 100374 3
S 78906790 290 100375 3
S 78925789 290 100376 3
S 78944788 290 100377 3
S 78963786 290 100378 3
S 78982785 290 100376 3
S 79001785 290 100371 3
S 79020783 290 100375 3
S 79039782 290 100372 3
S 79058780 290 100369 3
S 79077779 290 100368 3
S 79096778 290 100372 3
S 79115777 290 100367 3
S 79134776 290 100367 3
S 79153774 290 100369 3
S 79172773 290 100367 3
S 79191772 290 100370 3
S 79210771 290 100366 3
S 79229770 290 100369 3
S 79248769 290 100367 3
S 79267767 290 100372 3
S 79286766 290 100371 3
S 79305765 290 100366 3
S 79324764 290 100372 3
S 79343763 290 100368 3
S 79362761 290 100363 3
S 79381760 290 100368 3
S 79400759 290 100364 3
S 79419758 290 100370 3
S 79438757 290 100372 3
S 79457755 290 100370 3
S 79476754 290 100367 3
S 79495753 290 100369 3
S 79514752 290 100370 3
S 79533751 290 100374 3
S 79552750 290 100364 3
S 79571748 290 100364 3
S 79590747 290 100366 3
S 79609746 290 100368 3
S 79628745 290 100367 3
S 79647744 290 100368 3
S 79666742 290 100367 3
S 79685741 290 100373 3
S 79704740 290 100373 3
S 79723739 290 100366 3
S 79742738 290 100369 3
S 79761736 290 100367 3
S 79780735 290 100371 3
S 79799734 290 100371 3
S 79818733 290 100372 3
S 79837732 290 100371 3
S 79860730 290 100369 3
S 79879729 290 100366 3
S 79898728 290 100364 3
S 79917727 290 100364 3
S 79936726 290 100365 3
S 79955724 290 100369 3
S 79974723 290 100364 3
S 79993722 290 100364 3
S 80012721 290 100362 3
S 80031720 290 100366 3
S 80050718 290 100362 3
S 80069717 290 100363 3
S 80088716 290 100366 3
S 80107715 290 100363 3
S 80126714 290 100366 3
S 80145712 290 100362 3
S 80164711 290 100363 3
S 80183710 290 100362 3
S 80202709 290 100365 3
S 80221708 290 100364 3
S 80240707 290 100366 3
S 80259705 290 100367 3
S 80278704 290 100367 3
S 80297703 290 100365 3
S 80316702 290 100361 3
S 80335701 290 100364 3
S 80354699 290 100366 3
S 80373698 290 100366 3
S 80392697 290 100365 3
S 80411696 290 100365 3
S 80430695 290 100366 3
S 80449693 290 100359 3
S 80468692 290 100359 3
S 80487691 290 100361 3
S 80506690 290 100362 3
S 80525689 290 100358 3
S 80544688 290 100362 3
S 80563686 290 100359 3
S 80582685 290 100358 3
S 80601684 290 100358 3
S 80620683 290 100356 3
S 80639682 290 100362 3
S 80658680 290 100363 3
S 80677679 290 100361 3
S 80696678 290 100359 3
S 80715677 290 100359 3
S 80734676 290 100359 3
S 80753674 290 100364 3
S 80772673 290 100357 3
S 80791672 290 100364 3
S 80810671 290 100363 3
S 80829670 290 100358 3
S 80848669 290 100362 3
S 80871667 290 100376 3
S 80890666 290 100369 3
S 80909665 290 100371 3
S 80928664 290 100367 3
S 80947662 290 100369 3
S 80966661 290 100369 3
S 80985660 290 100370 3
S 81004659 290 100369 3
S 81023658 290 100367 3
S 81042656 290 100368 3
S 81061655 290 100370 3
S 81080654 290 100366 3
S 81099653 290 100367 3
S 81118652 290 100369 3
S 81137650 290 100373 3
S 81156649 290 100372 3
S 81175648 290 100372 3
S 81194647 290 100373 3
S 81213646 290 100375 3
S 81232645 290 100368 3
S 81251643 290 100370 3
S 81270642 290 100372 3
S 81289641 290 100371 3
S 81308640 290 100372 3
S 81327639 290 100370 3
S 81346637 290 100366 3
S 81365636 290 100367 3
S 81384635 290 100370 3
S 81403634 290 100371 3
S 81422633 290 100371 3
S 81441631 290 100373 3
S 81460630 290 100370 3
S 81479629 290 100368 3
S 81498628 290 100371 3
S 81517627 290 100370 3
S 81536626 290 100369 3
S 81555624 290 100368 3
S 81574623 290 100370 3
S 81593622 290 100368 3
S 81612621 290 100370 3
S 81631620 290 100372 3
S 81650618 290 100370 3
S 81669617 290 100367 3
S 81688616 290 100367 3
S 81707615 290 100367 3
S 81726614 290 100369 3
S 81745612 290 100372 3
S 81764611 290 100366 3
S 81783610 290 100372 3
S 81802609 290 100375 3
S 81821608 290 100371 3
S 81840607 290 100367 3
S 81859605 290 100368 3
S 81882604 290 100372 3
S 81901603 290 100371 3
S 81920602 290 100366 3
S 81939600 290 100370 3
S 81958599 290 100370 3
S 81977598 290 100371 3
S 81996597 290 100367 3
S 82015596 290 100369 3
S 82034594 290 100365 3
S 82053593 290 100370 3
S 82072592 290 100370 3
S 82091591 290 100365 3
S 82110590 290 100370 3
S 82129588 290 100370 3
S 82148587 290 100371 3
S 82167586 290 100370 3
S 82186585 290 100368 3
S 82205584 290 100369 3
S 82224583 290 100370 3
S 82243581 290 100372 3
S 82262580 290 100376 3
S 82281579 290 100370 3
S 82300578 290 100371 3
S 82319577 290 100372 3
S 82338575 290 100371 3
S 82357574 290 100370 3
S 82376573 290 100366 3
S 82395572 290 100367 3
S 82414571 290 100369 3
S 82433569 290 100368 3
S 82452568 290 100368 3
S 82471567 290 100370 3
S 82490566 290 100370 3
S 82509565 290 100370 3
S 82528564 290 100370 3
S 82547562 290 100373 3
S 82566561 290 100369 3
S 82585560 290 100372 3
S 82604559 290 100370 3
S 82623558 290 100370 3
S 82642556 290 100372 3
S 82661555 290 100369 3
S 82680554 290 100367 3
S 82699553 290 100366 3
S 82718552 290 100366 3
S 82737550 290 100366 3
S 82756549 290 100368 3
S 82775548 290 100365 3
S 82794547 290 100365 3
S 82813546 290 100370 3
S 82832545 290 100366 3
S 82851543 290 100363 3
S 82870542 290 100366 3
S 82893541 290 100357 3
S 82912540 290 100362 3
S 82931538 290 100357 3
S 82950537 290 100362 3
S 82969536 290 100363 3
S 82988535 290 100365 3
S 83007534 290 100361 3
S 83026532 290 100365 3
S 83045531 290 100362 3
S 83064530 290 100364 3
S 83083529 290 100367 3
S 83102528 290 100365 3
S 83121526 290 100366 3
S 83140525 290 100364 3
S 83159524 290 100363 3
S 83178523 290 100362 3
S 83197522 290 100360 3
S 83216521 290 100360 3
S 83235519 290 100370 3
S 83254518 290 100362 3
S 83273517 290 100361 3
S 83292516 290 100357 3
S 83311515 290 100358 3
S 83330513 290 100362 3
S 83349512 290 100362 3
S 83368511 290 100361 3
S 83387510 290 100360 3
S 83406509 290 100362 3
S 83425507 290 100362 3
S 83444506 290 100363 3
S 83463505 290 100361 3
S 83482504 290 100362 3
S 83501503 290 100360 3
S 83520502 290 100356 3
S 83539500 290 100359 3
S 83558499 290 100361 3
S 83577498 290 100365 3
S 83596497 290 100360 3
S 83615496 290 100358 3
S 83634494 290 100361 3
S 83653493 290 100364 3
S 83672492 290 100364 3
S 83691491 290 100362 3
S 83710490 290 100363 3
S 83729488 290 100359 3
S 83748487 290 100361 3
S 83767486 290 100363 3
S 83786485 290 100366 3
S 83805484 290 100366 3
S 83824483 290 100362 3
S 83843481 290 100363 3
S 83862480 290 100362 3
S 83881479 290 100369 3
S 83904477 290 100374 3
S 83923476 290 100376 3
S 83942475 290 100372 3
S 83961474 290 100372 3
S 83980473 290 100368 3
S 83999472 290 100370 3
S 84018470 290 100374 3
S 84037469 290 100369 3
S 84056468 290 100368 3
S 84075467 290 100369 3
S 84094466 290 100369 3
S 84113464 290 100368 3
S 84132463 290 100370 3
S 84151462 290 100367 3
S 84170461 290 100371 3
S 84189460 290 100365 3
S 84208459 290 100366 3
S 84227457 290 100365 3
S 84246456 290 100369 3
S 84265455 290 100367 3
S 84284454 290 100370 3
S 84303453 290 100369 3
S 84322451 290 100365 3
S 84341450 290 100363 3
S 84360449 290 100364 3
S 84379448 290 100367 3
S 84398447 290 100367 3
S 84417445 290 100369 3
S 84436444 290 100369 3
S 84455443 290 100367 3
S 84474442 290 100364 3
S 84493441 290 100363 3
S 84512440 290 100365 3
S 84531438 290 100365 3
S 84550437 290 100369 3
S 84569436 290 100369 3
S 84588435 290 100366 3
S 84607434 290 100361 3
S 84626432 290 100366 3
S 84645431 290 100373 3
S 84664430 290 100369 3
S 84683429 290 100373 3
S 84702428 290 100377 3
S 84721426 290 100372 3
S 84740425 290 100369 3
S 84759424 290 100370 3
S 84778423 290 100370 3
S 84797422 290 100370 3
S 84816421 290 100370 3
S 84835419 290 100369 3
S 84854418 290 100369 3
S 84873417 290 100369 3
S 84892416 290 100369 3
S 84915414 290 100363 3
S 84934413 290 100365 3
S 84953412 290 100362 3
S 84972411 290 100367 3
S 84991410 290 100368 3
S 85010408 290 100369 3
S 85029407 290 100366 3
S 85048406 290 100363 3
S 85067405 290 100369 3
S 85086404 290 100370 3
S 85105402 290 100369 3
S 85124401 290 100366 3
S 85143400 290 100366 3
S 85162399 290 100367 3
S 85181398 290 100367 3
S 85200397 290 100366 3
S 85219395 290 100369 3
S 85238394 290 100365 3
S 85257393 290 100362 3
S 85276392 290 100362 3
S 85295391 290 100364 3
S 85314389 290 100366 3
S 85333388 290 100366 3
S 85352387 290 100362 3
S 85371386 290 100362 3
S 85390385 290 100362 3
S 85409383 290 100362 3
S 85428382 290 100366 3
S 85447381 290 100367 3
S 85466380 290 100366 3
S 85485379 290 100363 3
S 85504378 290 100365 3
S 85523376 290 100363 3
S 85542375 290 100366 3
S 85561374 290 100368 3
S 85580373 290 100367 3
S 85599372 290 100365 3
S 85618370 290 100362 3
S 85637369 290 100365 3
S 85656368 290 100367 3
S 85675367 290 100364 3
S 85694366 290 100363 3
S 85713364 290 100367 3
S 85732363 290 100370 3
S 85751362 290 100363 3
S 85770361 290 100367 3
S 85789360 290 100367 3
S 85808359 290 100362 3
S 85827357 290 100360 3
S 85846356 290 100361 3
S 85865355 290 100363 3
S 85884354 290 100358 3
S 85903353 290 100362 3
S 85926351 290 100368 3
S 85945350 290 100368 3
S 85964349 290 100366 3
S 85983348 290 100367 3
S 86002346 290 100366 3
S 86021345 290 100366 3
S 86040344 290 100365 3
S 86059343 290 100363 3
S 86078342 290 100362 3
S 86097340 290 100370 3
S 86116339 290 100363 3
S 86135338 290 100367 3
S 86154337 290 100365 3
S 86173336 290 100363 3
S 86192335 290 100365 3
S 86211333 290 100367 3
S 86230332 290 100365 3
S 86249331 290 100364 3
S 86268330 290 100366 3
S 86287329 290 100366 3
S 86306327 290 100368 3
S 86325326 290 100372 3
S 86344325 290 100367 3
S 86363324 290 100372 3
S 86382323 290 100366 3
S 86401321 290 100361 3
S 86420320 290 100369 3
S 86439319 290 100365 3
S 86458318 290 100363 3
S 86477317 290 100366 3
S 86496316 290 100367 3
S 86515314 290 100365 3
S 86534313 290 100363 3
S 86553312 290 100367 3
S 86572311 290 100369 3
S 86591310 290 100366 3
S 86610308 290 100370 3
S 86629307 290 100366 3
S 86648306 290 100369 3
S 86667305 290 100363 3
S 86686304 290 100363 3
S 86705302 290 100363 3
S 86724301 290 100363 3
S 86743300 290 100365 3
S 86762299 290 100362 3
S 86781298 290 100364 3
S 86800297 290 100363 3
S 86819295 290 100367 3
S 86838294 290 100363 3
S 86857293 290 100363 3
S 86876292 290 100365 3
S 86895291 290 100363 3
S 86914289 290 100364 3
S 86937288 290 100374 3
S 86956287 290 100368 3
S 86975286 290 100367 3
S 86994284 290 100364 3
S 87013283 290 100365 3
S 87032282 290 100365 3
S 87051281 290 100366 3
S 87070280 290 100367 3
S 87089278 290 100374 3
S 87108277 290 100369 3
S 87127276 290 100366 3
S 87146275 290 100365 3
S 87165274 290 100367 3
S 87184273 290 100366 3
S 87203271 290 100367 3
S 87222270 290 100365 3
S 87241269 290 100366 3
S 87260268 290 100362 3
S 87279267 290 100367 3
S 87298265 290 100367 3
S 87317264 290 100365 3
S 87336263 290 100366 3
S 87355262 290 100368 3
S 87374261 290 100371 3
S 87393259 290 100367 3
S 87412258 290 100372 3
S 87431257 290 100370 3
S 87450256 290 100373 3
S 87469255 290 100371 3
S 87488254 290 100372 3
S 87507252 290 100367 3
S 87526251 290 100367 3
S 87545250 290 100367 3
S 87564249 290 100366 3
S 87583248 290 100366 3
S 87602246 290 100366 3
S 87621245 290 100365 3
S 87640244 290 100366 3
S 87659243 290 100368 3
S 87678242 290 100363 3
S 87697240 290 100363 3
S 87716239 290 100364 3
S 87735238 290 100362 3
S 87754237 290 100362 3
S 87773236 290 100365 3
S 87792235 290 100363 3
S 87811233 290 100365 3
S 87830232 290 100365 3
S 87849231 290 100368 3
S 87868230 290 100367 3
S 87887229 290 100365 3
S 87906227 290 100362 3
S 87925226 290 100363 3
S 87948225 290 100366 3
S 87967224 290 100368 3
S 87986222 290 100367 3
S 88005221 290 100365 3
S 88024220 290 100369 3
S 88043219 290 100370 3
S 88062218 290 100373 3
S 88081216 290 100370 3
S 88100215 290 100367 3
S 88119214 290 100369 3
S 88138213 290 100366 3
S 88157212 290 100366 3
S 88176211 290 100366 3
S 88195209 290 100365 3
S 88214208 290 100367 3
S 88233207 290 100365 3
S 88252206 290 100368 3
S 88271205 290 100364 3
S 88290203 290 100362 3
S 88309202 290 100361 3
S 88328201 290 100366 3
S 88347200 290 100365 3
S 88366199 290 100362 3
S 88385197 290 100372 3
S 88404196 290 100369 3
S 88423195 290 100371 3
S 88442194 290 100371 3
S 88461193 290 100368 3
S 88480192 290 100365 3
S 88499190 290 100363 3
S 88518189 290 100367 3
S 88537188 290 100367 3
S 88556187 290 100366 3
S 88575186 290 100367 3
S 88594184 290 100363 3
S 88613183 290 100364 3
S 88632182 290 100366 3
S 88651181 290 100365 3
S 88670180 290 100366 3
S 88689178 290 100364 3
S 88708177 290 100363 3
S 88727176 290 100365 3
S 88746175 290 100366 3
S 88765174 290 100369 3
S 88784173 290 100367 3
S 88803171 290 100366 3
S 88822170 290 100370 3
S 88841169 290 100365 3
S 88860168 290 100366 3
S 88879167 290 100360 3
S 88898165 290 100361 3
S 88917164 290 100365 3
S 88936163 290 100367 3
S 88959162 290 100368 3
S 88978160 290 100367 3
S 88997159 290 100366 3
S 89016158 290 100367 3
S 89035157 290 100362 3
S 89054156 290 100363 3
S 89073154 290 100368 3
S 89092153 290 100363 3
S 89111152 290 100361 3
S 89130151 290 100359 3
S 89149150 290 100364 3
S 89168149 290 100364 3
S 89187147 290 100369 3
S 89206146 290 100364 3
S 89225145 290 100364 3
S 89244144 290 100366 3
S 89263143 290 100365 3
S 89282141 290 100366 3
S 89301140 290 100370 3
S 89320139 290 100365 3
S 89339138 290 100366 3
S 89358137 290 100367 3
S 89377135 290 100366 3
S 89396134 290 100364 3
S 89415133 290 100362 3
S 89434132 290 100365 3
S 89453131 290 100360 3
S 89472130 290 100365 3
S 89491128 290 100367 3
S 89510127 290 100369 3
S 89529126 290 100369 3
S 89548125 290 100367 3
S 89567124 290 100368 3
S 89586122 290 100367 3
S 89605121 290 100364 3
S 89624120 290 100364 3
S 89643119 290 100365 3
S 89662118 290 100367 3
S 89681116 290 100363 3
S 89700115 290 100376 3
S 89719114 290 100367 3
S 89738113 290 100365 3
S 89757112 290 100366 3
S 89776111 290 100366 3
S 89795109 290 100363 3
S 89814108 290 100366 3
S 89833107 290 100364 3
S 89852106 290 100365 3
S 89871105 290 100369 3
S 89890103 290 100367 3
S 89909102 290 100369 3
S 89928101 290 100367 3
S 89947100 290 100369 3
S 89970098 290 100372 3
S 89989097 290 100374 3
S 90008096 290 100373 3
S 90027095 290 100373 3
S 90046094 290 100378 3
S 90065092 290 100374 3
S 90084091 290 100368 3
S 90103090 290 100372 3
S 90122089 290 100375 3
S 90141088 290 100369 3
S 90160087 290 100372 3
S 90179085 290 100373 3
S 90198084 290 100374 3
S 90217083 290 100370 3
S 90236082 290 100369 3
S 90255081 290 100368 3
S 90274079 290 100368 3
S 90293078 290 100371 3
S 90312077 290 100373 3
S 90331076 290 100371 3
S 90350075 290 100374 3
S 90369073 290 100372 3
S 90388072 290 100371 3
S 90407071 290 100370 3
S 90426070 290 100371 3
S 90445069 290 100371 3
S 90464068 290 100372 3
S 90483066 290 100374 3
S 90502065 290 100372 3
S 90521064 290 100372 3
S 90540063 290 100369 3
S 90559062 290 100371 3
S 90578060 290 100373 3
S 90597059 290 100373 3
S 90616058 290 100368 3
S 90635057 290 100367 3
S 90654056 290 100369 3
S 90673054 290 100368 3
S 90692053 290 100367 3
S 90711052 290 100369 3
S 90730051 290 100373 3
S 90749050 290 100372 3
S 90768049 290 100369 3
S 90787047 290 100368 3
S 90806046 290 100368 3
S 90825045 290 100370 3
S 90844044 290 100368 3
S 90863043 290 100372 3
S 90882041 290 100367 3
S 90901040 290 100365 3
S 90920039 290 100366 3
S 90939038 290 100373 3
S 90958037 290 100369 3
S 90981035 290 100372 3
S 91000034 290 100370 3
S 91019033 290 100370 3
S 91038032 290 100367 3
S 91057030 290 100366 3
S 91076029 290 100369 3
S 91095028 290 100369 3
S 91114027 290 100372 3
S 91133026 290 100369 3
S 91152025 290 100367 3
S 91171023 290 100366 3
S 91190022 290 100370 3
S 91209021 290 100369 3
S 91228020 290 100366 3
S 91247019 290 100362 3
S 91266017 290 100365 3
S 91285016 290 100362 3
S 91304015 290 100364 3
S 91323014 290 100362 3
S 91342013 290 100362 3
S 91361011 290 100363 3
S 91380010 290 100369 3
S 91399009 290 100366 3
S 91418008 290 100365 3
S 91437007 290 100368 3
S 91456006 290 100366 3
S 91475004 290 100370 3
S 91494003 290 100370 3
S 91513002 290 100371 3
S 91532001 290 100371 3
S 91551000 290 100365 3
S 91569998 290 100367 3
S 91588997 290 100370 3
S 91607996 290 100366 3
S 91626995 290 100370 3
S 91645994 290 100362 3
S 91664992 290 100370 3
S 91683991 290 100369 3
S 91702990 290 100370 3
S 91721989 290 100369 3
S 91740988 290 100366 3
S 91759987 290 100365 3
S 91778985 290 100365 3
S 91797984 290 100367 3
S 91816983 290 100366 3
S 91835982 290 100368 3
S 91854981 290 100364 3
S 91873979 290 100364 3
S 91892978 290 100366 3
S 91911977 290 100370 3
S 91930976 290 100366 3
S 91949975 290 100370 3
S 91968973 290 100369 3
S 91991972 290 100372 3
S 92010971 290 100373 3
S 92029970 290 100373 3
S 92048968 290 100373 3
S 92067967 290 100372 3
S 92086966 290 100369 3
S 92105965 290 100366 3
S 92124964 290 100365 3
S 92143963 290 100368 3
S 92162961 290 100366 3
S 92181960 290 100373 3
S 92200959 290 100373 3
S 92219958 290 100371 3
S 92238957 290 100367 3
S 92257955 290 100370 3
S 92276954 290 100369 3
S 92295953 290 100370 3
S 92314952 290 100367 3
S 92333951 290 100369 3
S 92352949 290 100368 3
S 92371948 290 100369 3
S 92390947 290 100368 3
S 92409946 290 100368 3
S 92428945 290 100372 3
S 92447944 290 100373 3
S 92466942 290 100369 3
S 92485941 290 100369 3
S 92504940 290 100369 3
S 92523939 290 100372 3
S 92542938 290 100369 3
S 92561936 290 100369 3
S 92580935 290 100368 3
S 92599934 290 100367 3
S 92618933 290 100367 3
S 92637932 290 100367 3
S 92656930 290 100368 3
S 92675929 290 100368 3
S 92694928 290 100367 3
S 92713927 290 100370 3
S 92732926 290 100366 3
S 92751925 290 100369 3
S 92770923 290 100369 3
S 92789922 290 100367 3
S 92808921 290 100369 3
S 92827920 290 100370 3
S 92846919 290 100364 3
S 92865917 290 100365 3
S 92884916 290 100366 3
S 92903915 290 100365 3
S 92922914 290 100366 3
S 92941913 290 100365 3
S 92960911 290 100368 3
S 92979910 290 100370 3
S 93002909 290 100371 3
S 93021908 290 100369 3
S 93040906 290 100372 3
S 93059905 290 100370 3
S 93078904 290 100369 3
S 93097903 290 100372 3
S 93116902 290 100372 3
S 93135901 290 100372 3
S 93154899 290 100366 3
S 93173898 290 100366 3
S 93192897 290 100366 3
S 93211896 290 100366 3
S 93230895 290 100369 3
S 93249893 290 100367 3
S 93268892 290 100367 3
S 93287891 290 100366 3
S 93306890 290 100368 3
S 93325889 290 100369 3
S 93344887 290 100367 3
S 93363886 290 100366 3
S 93382885 290 100366 3
S 93401884 290 100373 3
S 93420883 290 100368 3
S 93439882 290 100370 3
S 93458880 290 100369 3
S 93477879 290 100370 3
S 93496878 290 100372 3
S 93515877 290 100372 3
S 93534876 290 100374 3
S 93553874 290 100376 3
S 93572873 290 100370 3
S 93591872 290 100370 3
S 93610871 290 100371 3
S 93629870 290 100372 3
S 93648868 290 100371 3
S 93667867 290 100369 3
S 93686866 290 100369 3
S 93705865 290 100370 3
S 93724864 290 100371 3
S 93743863 290 100375 3
S 93762861 290 100369 3
S 93781860 290 100373 3
S 93800859 290 100375 3
S 93819858 290 100370 3
S 93838857 290 100368 3
S 93857855 290 100369 3
S 93876854 290 100368 3
S 93895853 290 100369 3
S 93914852 290 100369 3
S 93933851 290 100372 3
S 93952849 290 100374 3
S 93971848 290 100375 3
S 93990847 290 100371 3
S 94013846 290 100370 3
S 94032844 290 100367 3
S 94051843 290 100372 3
S 94070842 290 100370 3
S 94089841 290 100372 3
S 94108840 290 100370 3
S 94127839 290 100368 3
S 94146837 290 100366 3
S 94165836 290 100373 3
S 94184835 290 100372 3
S 94203834 290 100375 3
S 94222833 290 100375 3
S 94241831 290 100377 3
S 94260830 290 100376 3
S 94279829 290 100376 3
S 94298828 290 100377 3
S 94317827 290 100373 3
S 94336825 290 100372 3
S 94355824 290 100373 3
S 94374823 290 100373 3
S 94393822 290 100373 3
S 94412821 290 100367 3
S 94431820 290 100373 3
S 94450818 290 100372 3
S 94469817 290 100370 3
S 94488816 290 100373 3
S 94507815 290 100369 3
S 94526814 290 100372 3
S 94545812 290 100373 3
S 94564811 290 100368 3
S 94583810 290 100366 3
S 94602809 290 100367 3
S 94621808 290 100370 3
S 94640806 290 100368 3
S 94659805 290 100366 3
S 94678804 290 100364 3
S 94697803 290 100366 3
S 94716802 290 100368 3
S 94735801 290 100369 3
S 94754799 290 100366 3
S 94773798 290 100368 3
S 94792797 290 100365 3
S 94811796 290 100369 3
S 94830795 290 100368 3
S 94849793 290 100362 3
S 94868792 290 100373 3
S 94887791 290 100369 3
S 94906790 290 100368 3
S 94925789 290 100366 3
S 94944787 290 100367 3
S 94963786 290 100363 3
S 94982785 290 100367 3
S 95001785 290 100365 3
S 95024782 290 100373 3
S 95043781 290 100368 3
S 95062780 290 100368 3
S 95081779 290 100363 3
S 95100778 290 100365 3
S 95119777 290 100362 3
S 95138775 290 100368 3
S 95157774 290 100365 3
S 95176773 290 100369 3
S 95195772 290 100367 3
S 95214771 290 100366 3
S 95233769 290 100365 3
S 95252768 290 100371 3
S 95271767 290 100365 3
S 95290766 290 100367 3
S 95309765 290 100366 3
S 95328763 290 100366 3
S 95347762 290 100368 3
S 95366761 290 100363 3
S 95385760 290 100363 3
S 95404759 290 100368 3
S 95423758 290 100369 3
S 95442756 290 100369 3
S 95461755 290 100368 3
S 95480754 290 100365 3
S 95499753 290 100365 3
S 95518752 290 100363 3
S 95537750 290 100367 3
S 95556749 290 100362 3
S 95575748 290 100364 3
S 95594747 290 100366 3
S 95613746 290 100365 3
S 95632744 290 100362 3
S 95651743 290 100367 3
S 95670742 290 100363 3
S 95689741 290 100362 3
S 95708740 290 100362 3
S 95727739 290 100362 3
S 95746737 290 100361 3
S 95765736 290 100363 3
S 95784735 290 100361 3
S 95803734 290 100365 3
S 95822733 290 100368 3
S 95841731 290 100367 3
S 95860730 290 100370 3
S 95879729 290 100368 3
S 95898728 290 100362 3
S 95917727 290 100367 3
S 95936725 290 100366 3
S 95955724 290 100369 3
S 95974723 290 100367 3
S 95993722 290 100366 3
S 96012721 290 100372 3
S 96035719 290 100378 3
S 96054718 290 100373 3
S 96073717 290 100374 3
S 96092716 290 100377 3
S 96111715 290 100372 3
S 96130713 290 100375 3
S 96149712 290 100371 3
S 96168711 290 100370 3
S 96187710 290 100371 3
S 96206709 290 100373 3
S 96225707 290 100368 3
S 96244706 290 100366 3
S 96263705 290 100368 3
S 96282704 290 100367 3
S 96301703 290 100368 3
S 96320701 290 100370 3
S 96339700 290 100371 3
S 96358699 290 100368 3
S 96377698 290 100368 3
S 96396697 290 100369 3
S 96415696 290 100367 3
S 96434694 290 100369 3
S 96453693 290 100369 3
S 96472692 290 100366 3
S 96491691 290 100368 3
S 96510690 290 100366 3
S 96529688 290 100368 3
S 96548687 290 100369 3
S 96567686 290 100367 3
S 96586685 290 100368 3
S 96605684 290 100369 3
S 96624682 290 100368 3
S 96643681 290 100368 3
S 96662680 290 100371 3
S 96681679 290 100375 3
S 96700678 290 100372 3
S 96719677 290 100373 3
S 96738675 290 100372 3
S 96757674 290 100372 3
S 96776673 290 100370 3
S 96795672 290 100369 3
S 96814671 290 100366 3
S 96833669 290 100368 3
S 96852668 290 100370 3
S 96871667 290 100370 3
S 96890666 290 100372 3
S 96909665 290 100372 3
S 96928663 290 100374 3
S 96947662 290 100372 3
S 96966661 290 100371 3
S 96985660 290 100370 3
S 97004659 290 100371 3
S 97023658 290 100370 3
S 97046656 290 100375 3
S 97065655 290 100375 3
S 97084654 290 100370 3
S 97103653 290 100376 3
S 97122651 290 100375 3
S 97141650 290 100369 3
S 97160649 290 100372 3
S 97179648 290 100374 3
S 97198647 290 100369 3
S 97217645 290 100371 3
S 97236644 290 100369 3
S 97255643 290 100369 3
S 97274642 290 100372 3
S 97293641 290 100370 3
S 97312639 290 100369 3
S 97331638 290 100371 3
S 97350637 290 100374 3
S 97369636 290 100373 3
S 97388635 290 100370 3
S 97407634 290 100373 3
S 97426632 290 100371 3
S 97445631 290 100369 3
S 97464630 290 100373 3
S 97483629 290 100375 3
S 97502628 290 100374 3
S 97521626 290 100375 3
S 97540625 290 100377 3
S 97559624 290 100376 3
S 97578623 290 100373 3
S 97597622 290 100370 3
S 97616620 290 100369 3
S 97635619 290 100373 3
S 97654618 290 100370 3
S 97673617 290 100369 3
S 97692616 290 100371 3
S 97711615 290 100372 3
S 97730613 290 100371 3
S 97749612 290 100371 3
S 97768611 290 100372 3
S 97787610 290 100372 3
S 97806609 290 100373 3
S 97825607 290 100375 3
S 97844606 290 100371 3
S 97863605 290 100371 3
S 97882604 290 100370 3
S 97901603 290 100376 3
S 97920601 290 100372 3
S 97939600 290 100376 3
S 97958599 290 100374 3
S 97977598 290 100371 3
S 97996597 290 100371 3
S 98015596 290 100372 3
S 98034594 290 100370 3
S 98057593 290 100376 3
S 98076592 290 100372 3
S 98095591 290 100371 3
S 98114589 290 100373 3
S 98133588 290 100373 3
S 98152587 290 100370 3
S 98171586 290 100366 3
S 98190585 290 100373 3
S 98209583 290 100369 3
S 98228582 290 100370 3
S 98247581 290 100376 3
S 98266580 290 100375 3
S 98285579 290 100374 3
S 98304577 290 100370 3
S 98323576 290 100373 3
S 98342575 290 100367 3
S 98361574 290 100367 3
S 98380573 290 100371 3
S 98399572 290 100373 3
S 98418570 290 100371 3
S 98437569 290 100373 3
S 98456568 290 100373 3
S 98475567 290 100373 3
S 98494566 290 100376 3
S 98513564 290 100375 3
S 98532563 290 100373 3
S 98551562 290 100372 3
S 98570561 290 100369 3
S 98589560 290 100371 3
S 98608558 290 100373 3
S 98627557 290 100372 3
S 98646556 290 100375 3
S 98665555 290 100373 3
S 98684554 290 100373 3
S 98703553 290 100370 3
S 98722551 290 100374 3
S 98741550 290 100368 3
S 98760549 290 100366 3
S 98779548 290 100365 3
S 98798547 290 100372 3
S 98817545 290 100373 3
S 98836544 290 100371 3
S 98855543 290 100370 3
S 98874542 290 100372 3
S 98893541 290 100368 3
S 98912539 290 100369 3
S 98931538 290 100369 3
S 98950537 290 100369 3
S 98969536 290 100368 3
S 98988535 290 100366 3
S 99007534 290 100373 3
S 99026532 290 100368 3
S 99045531 290 100366 3
S 99068530 290 100370 3
S 99087529 290 100368 3
S 99106527 290 100367 3
S 99125526 290 100364 3
S 99144525 290 100366 3
S 99163524 290 100370 3
S 99182523 290 100371 3
S 99201521 290 100370 3
S 99220520 290 100365 3
S 99239519 290 100367 3
S 99258518 290 100370 3
S 99277517 290 100373 3
S 99296515 290 100366 3
S 99315514 290 100365 3
S 99334513 290 100369 3
S 99353512 290 100373 3
S 99372511 290 100367 3
S 99391510 290 100371 3
S 99410508 290 100366 3
S 99429507 290 100366 3
S 99448506 290 100370 3
S 99467505 290 100369 3
S 99486504 290 100367 3
S 99505502 290 100364 3
S 99524501 290 100367 3
S 99543500 290 100369 3
S 99562499 290 100366 3
S 99581498 290 100366 3
S 99600496 290 100367 3
S 99619495 290 100370 3
S 99638494 290 100369 3
S 99657493 290 100365 3
S 99676492 290 100364 3
S 99695491 290 100367 3
S 99714489 290 100370 3
S 99733488 290 100369 3
S 99752487 290 100369 3
S 99771486 290 100365 3
S 99790485 290 100369 3
S 99809483 290 100366 3
S 99828482 290 100370 3
S 99847481 290 100368 3
S 99866480 290 100366 3
S 99885479 290 100368 3
S 99904477 290 100372 3
S 99923476 290 100366 3
S 99942475 290 100368 3
S 99961474 290 100366 3
S 99980473 290 100368 3
S 99999472 290 100366 3
S 100018470 290 100369 3
S 100037469 290 100370 3
S 100056468 290 100370 3
S 100079466 290 100368 3
S 100098465 290 100367 3
S 100117464 290 100366 3
S 100136463 290 100366 3
S 100155462 290 100366 3
S 100174461 290 100367 3
S 100193459 290 100369 3
S 100212458 290 100365 3
S 100231457 290 100369 3
S 100250456 290 100365 3
S 100269455 290 100368 3
S 100288453 290 100368 3
S 100307452 290 100367 3
S 100326451 290 100365 3
S 100345450 290 100365 3
S 100364449 290 100362 3
S 100383448 290 100365 3
S 100402446 290 100364 3
S 100421445 290 100368 3
S 100440444 290 100367 3
S 100459443 290 100366 3
S 100478442 290 100361 3
S 100497440 290 100364 3
S 100516439 290 100368 3
S 100535438 290 100366 3
S 100554437 290 100365 3
S 100573436 290 100366 3
S 100592434 290 100368 3
S 100611433 290 100365 3
S 100630432 290 100366 3
S 100649431 290 100364 3
S 100668430 290 100367 3
S 100687429 290 100366 3
S 100706427 290 100365 3
S 100725426 290 100367 3
S 100744425 290 100365 3
S 100763424 290 100369 3
S 100782423 290 100363 3
S 100801421 290 100365 3
S 100820420 290 100369 3
S 100839419 290 100365 3
S 100858418 290 100371 3
S 100877417 290 100370 3
S 100896415 290 100369 3
S 100915414 290 100369 3
S 100934413 290 100367 3
S 100953412 290 100368 3
S 100972411 290 100369 3
S 100991410 290 100370 3
S 101010408 290 100366 3
S 101029407 290 100368 3
S 101048406 290 100369 3
S 101067405 290 100367 3
S 101090403 290 100373 3
S 101109402 290 100370 3
S 101128401 290 100376 3
S 101147400 290 100372 3
S 101166399 290 100372 3
S 101185397 290 100366 3
S 101204396 290 100369 3
S 101223395 290 100366 3
S 101242394 290 100369 3
S 101261393 290 100368 3
S 101280391 290 100372 3
S 101299390 290 100370 3
S 101318389 290 100366 3
S 101337388 290 100365 3
S 101356387 290 100363 3
S 101375386 290 100367 3
S 101394384 290 100364 3
S 101413383 290 100366 3
S 101432382 290 100366 3
S 101451381 290 100365 3
S 101470380 290 100370 3
S 101489378 290 100366 3
S 101508377 290 100367 3
S 101527376 290 100365 3
S 101546375 290 100366 3
S 101565374 290 100364 3
S 101584372 290 100366 3
S 101603371 290 100366 3
S 101622370 290 100365 3
S 101641369 290 100366 3
S 101660368 290 100365 3
S 101679367 290 100365 3
S 101698365 290 100366 3
S 101717364 290 100365 3
S 101736363 290 100364 3
S 101755362 290 100362 3
S 101774361 290 100362 3
S 101793359 290 100366 3
S 101812358 290 100364 3
S 101831357 290 100361 3
S 101850356 290 100364 3
S 101869355 290 100365 3
S 101888353 290 100362 3
S 101907352 290 100361 3
S 101926351 290 100364 3
S 101945350 290 100365 3
S 101964349 290 100361 3
S 101983348 290 100362 3
S 102002346 290 100366 3
S 102021345 290 100362 3
S 102040344 290 100362 3
S 102059343 290 100360 3
S 102078342 290 100365 3
S 102101340 290 100366 3
S 102120339 290 100369 3
S 102139338 290 100365 3
S 102158337 290 100363 3
S 102177335 290 100363 3
S 102196334 290 100363 3
S 102215333 290 100363 3
S 102234332 290 100364 3
S 102253331 290 100363 3
S 102272329 290 100363 3
S 102291328 290 100362 3
S 102310327 290 100361 3
S 102329326 290 100360 3
S 102348325 290 100363 3
S 102367324 290 100367 3
S 102386322 290 100361 3
S 102405321 290 100362 3
S 102424320 290 100362 3
S 102443319 290 100363 3
S 102462318 290 100361 3
S 102481316 290 100362 3
S 102500315 290 100363 3
S 102519314 290 100365 3
S 102538313 290 100361 3
S 102557312 290 100363 3
S 102576310 290 100362 3
S 102595309 290 100362 3
S 102614308 290 100366 3
S 102633307 290 100365 3
S 102652306 290 100366 3
S 102671305 290 100364 3
S 102690303 290 100361 3
S 102709302 290 100357 3
S 102728301 290 100363 3
S 102747300 290 100364 3
S 102766299 290 100360 3
S 102785297 290 100363 3
S 102804296 290 100363 3
S 102823295 290 100359 3
S 102842294 290 100362 3
S 102861293 290 100360 3
S 102880291 290 100363 3
S 102899290 290 100363 3
S 102918289 290 100362 3
S 102937288 290 100360 3
S 102956287 290 100365 3
S 102975286 290 100362 3
S 102994284 290 100360 3
S 103013283 290 100356 3
S 103032282 290 100359 3
S 103051281 290 100363 3
S 103070280 290 100362 3
S 103089278 290 100360 3
S 103112277 290 100367 3
S 103131276 290 100362 3
S 103150275 290 100364 3
S 103169273 290 100365 3
S 103188272 290 100366 3
S 103207271 290 100364 3
S 103226270 290 100365 3
S 103245269 290 100359 3
S 103264267 290 100365 3
S 103283266 290 100363 3
S 103302265 290 100360 3
S 103321264 290 100363 3
S 103340263 290 100365 3
S 103359262 290 100360 3
S 103378260 290 100362 3
S 103397259 290 100359 3
S 103416258 290 100360 3
S 103435257 290 100365 3
S 103454256 290 100365 3
S 103473254 290 100364 3
S 103492253 290 100365 3
S 103511252 290 100363 3
S 103530251 290 100362 3
S 103549250 290 100357 3
S 103568248 290 100363 3
S 103587247 290 100363 3
S 103606246 290 100362 3
S 103625245 290 100363 3
S 103644244 290 100364 3
S 103663243 290 100368 3
S 103682241 290 100367 3
S 103701240 290 100368 3
S 103720239 290 100366 3
S 103739238 290 100368 3
S 103758237 290 100364 3
S 103777235 290 100369 3
S 103796234 290 100363 3
S 103815233 290 100368 3
S 103834232 290 100367 3
S 103853231 290 100367 3
S 103872229 290 100368 3
S 103891228 290 100366 3
S 103910227 290 100364 3
S 103929226 290 100364 3
S 103948225 290 100363 3
S 103967224 290 100367 3
S 103986222 290 100363 3
S 104005221 290 100360 3
S 104024220 290 100363 3
S 104043219 290 100365 3
S 104062218 290 100364 3
S 104081216 290 100363 3
S 104100215 290 100366 3
S 104123214 290 100373 3
S 104142213 290 100373 3
S 104161211 290 100368 3
S 104180210 290 100366 3
S 104199209 290 100370 3
S 104218208 290 100368 3
S 104237207 290 100370 3
S 104256205 290 100371 3
S 104275204 290 100369 3
S 104294203 290 100370 3
S 104313202 290 100374 3
S 104332201 290 100372 3
S 104351200 290 100372 3
S 104370198 290 100371 3
S 104389197 290 100372 3
S 104408196 290 100372 3
S 104427195 290 100370 3
S 104446194 290 100368 3
S 104465192 290 100368 3
S 104484191 290 100369 3
S 104503190 290 100369 3
S 104522189 290 100368 3
S 104541188 290 100367 3
S 104560186 290 100368 3
S 104579185 290 100369 3
S 104598184 290 100371 3
S 104617183 290 100370 3
S 104636182 290 100367 3
S 104655181 290 100367 3
S 104674179 290 100368 3
S 104693178 290 100368 3
S 104712177 290 100368 3
S 104731176 290 100372 3
S 104750175 290 100366 3
S 104769173 290 100365 3
S 104788172 290 100366 3
S 104807171 290 100369 3
S 104826170 290 100369 3
S 104845169 290 100365 3
S 104864167 290 100369 3
S 104883166 290 100368 3
S 104902165 290 100368 3
S 104921164 290 100369 3
S 104940163 290 100369 3
S 104959162 290 100372 3
S 104978160 290 100370 3
S 104997159 290 100368 3
S 105016158 290 100366 3
S 105035157 290 100369 3
S 105054156 290 100370 3
S 105073154 290 100369 3
S 105092153 290 100371 3
S 105111152 290 100370 3
S 105134151 291 100373 3
S 105153149 291 100374 3
S 105172148 291 100373 3
S 105191147 291 100369 3
S 105210146 291 100372 3
S 105229145 291 100373 3
S 105248143 291 100373 3
S 105267142 291 100372 3
S 105286141 291 100372 3
S 105305140 291 100372 3
S 105324139 291 100371 3
S 105343138 291 100373 3
S 105362136 291 100373 3
S 105381135 291 100374 3
S 105400134 291 100371 3
S 105419133 291 100369 3
S 105438132 291 100371 3
S 105457130 291 100371 3
S 105476129 291 100373 3
S 105495128 291 100372 3
S 105514127 291 100370 3
S 105533126 291 100373 3
S 105552124 291 100376 3
S 105571123 291 100375 3
S 105590122 291 100374 3
S 105609121 291 100373 3
S 105628120 291 100372 3
S 105647119 291 100372 3
S 105666117 291 100372 3
S 105685116 291 100372 3
S 105704115 291 100371 3
S 105723114 291 100371 3
S 105742113 291 100369 3
S 105761111 291 100375 3
S 105780110 291 100373 3
S 105799109 291 100373 3
S 105818108 291 100373 3
S 105837107 291 100371 3
S 105856105 291 100373 3
S 105875104 291 100373 3
S 105894103 291 100371 3
S 105913102 291 100367 3
S 105932101 291 100371 3
S 105951100 291 100372 3
S 105970098 291 100369 3
S 105989097 291 100371 3
S 106008096 291 100373 3
S 106027095 291 100372 3
S 106046094 291 100373 3
S 106065092 291 100369 3
S 106084091 291 100371 3
S 106103090 291 100372 3
S 106122089 291 100368 3
S 106145087 291 100370 3
S 106164086 291 100367 3
S 106183085 291 100366 3
S 106202084 291 100367 3
S 106221083 291 100367 3
S 106240081 291 100368 3
S 106259080 291 100369 3
S 106278079 291 100368 3
S 106297078 291 100368 3
S 106316077 291 100369 3
S 106335076 291 100370 3
S 106354074 291 100367 3
S 106373073 291 100366 3
S 106392072 291 100368 3
S 106411071 291 100368 3
S 106430070 291 100366 3
S 106449068 291 100368 3
S 106468067 291 100367 3
S 106487066 291 100367 3
S 106506065 291 100364 3
S 106525064 291 100363 3
S 106544062 291 100366 3
S 106563061 291 100366 3
S 106582060 291 100365 3
S 106601059 291 100368 3
S 106620058 291 100366 3
S 106639057 291 100368 3
S 106658055 291 100369 3
S 106677054 291 100368 3
S 106696053 291 100369 3
S 106715052 291 100366 3
S 106734051 291 100367 3
S 106753049 291 100367 3
S 106772048 291 100367 3
S 106791047 291 100366 3
S 106810046 291 100367 3
S 106829045 291 100366 3
S 106848043 291 100366 3
S 106867042 291 100368 3
S 106886041 291 100369 3
S 106905040 291 100369 3
S 106924039 291 100368 3
S 106943038 291 100366 3
S 106962036 291 100367 3
S 106981035 291 100368 3
S 107000034 291 100368 3
S 107019033 291 100366 3
S 107038032 291 100366 3
S 107057030 291 100364 3
S 107076029 291 100367 3
S 107095028 291 100368 3
S 107114027 291 100367 3
S 107133026 291 100366 3
S 107156024 291 100370 3
S 107175023 291 100372 3
S 107194022 291 100369 3
S 107213021 291 100367 3
S 107232019 291 100367 3
S 107251018 291 100367 3
S 107270017 291 100369 3
S 107289016 291 100369 3
S 107308015 291 100366 3
S 107327014 291 100365 3
S 107346012 291 100368 3
S 107365011 291 100366 3
S 107384010 291 100363 3
S 107403009 291 100362 3
S 107422008 291 100366 3
S 107441006 291 100364 3
S 107460005 291 100363 3
S 107479004 291 100364 3
S 107498003 291 100365 3
S 107517002 291 100364 3
S 107536000 291 100363 3
S 107554999 291 100365 3
S 107573998 291 100366 3
S 107592997 291 100366 3
S 107611996 291 100366 3
S 107630995 291 100366 3
S 107649993 291 100366 3
S 107668992 291 100366 3
S 107687991 291 100364 3
S 107706990 291 100365 3
S 107725989 291 100360 3
S 107744987 291 100362 3
S 107763986 291 100365 3
S 107782985 291 100363 3
S 107801984 291 100364 3
S 107820983 291 100361 3
S 107839981 291 100363 3
S 107858980 291 100364 3
S 107877979 291 100362 3
S 107896978 291 100365 3
S 107915977 291 100363 3
S 107934976 291 100362 3
S 107953974 291 100366 3
S 107972973 291 100366 3
S 107991972 291 100368 3
S 108010971 291 100365 3
S 108029970 291 100363 3
S 108048968 291 100362 3
S 108067967 291 100365 3
S 108086966 291 100366 3
S 108105965 291 100366 3
S 108124964 291 100362 3
S 108143962 291 100360 3
S 108166961 291 100368 3
S 108185960 291 100373 3
S 108204959 291 100370 3
S 108223957 291 100373 3
S 108242956 291 100370 3
S 108261955 291 100369 3
S 108280954 291 100370 3
S 108299953 291 100372 3
S 108318952 291 100366 3
S 108337950 291 100373 3
S 108356949 291 100372 3
S 108375948 291 100371 3
S 108394947 291 100369 3
S 108413946 291 100369 3
S 108432944 291 100369 3
S 108451943 291 100365 3
S 108470942 291 100365 3
S 108489941 291 100368 3
S 108508940 291 100368 3
S 108527938 291 100369 3
S 108546937 291 100369 3
S 108565936 291 100363 3
S 108584935 291 100366 3
S 108603934 291 100368 3
S 108622933 291 100364 3
S 108641931 291 100368 3
S 108660930 291 100366 3
S 108679929 291 100365 3
S 108698928 291 100366 3
S 108717927 291 100366 3
S 108736925 291 100365 3
S 108755924 291 100367 3
S 108774923 291 100367 3
S 108793922 291 100368 3
S 108812921 291 100370 3
S 108831919 291 100368 3
S 108850918 291 100369 3
S 108869917 291 100369 3
S 108888916 291 100368 3
S 108907915 291 100368 3
S 108926914 291 100368 3
S 108945912 291 100368 3
S 108964911 291 100368 3
S 108983910 291 100369 3
S 109002909 291 100372 3
S 109021908 291 100367 3
S 109040906 291 100371 3
S 109059905 291 100372 3
S 109078904 291 100369 3
S 109097903 291 100371 3
S 109116902 291 100368 3
S 109135900 291 100369 3
S 109154899 291 100371 3
S 109177898 291 100370 3
S 109196897 291 100369 3
S 109215895 291 100369 3
S 109234894 291 100370 3
S 109253893 291 100370 3
S 109272892 291 100372 3
S 109291891 291 100371 3
S 109310890 291 100371 3
S 109329888 291 100372 3
S 109348887 291 100372 3
S 109367886 291 100371 3
S 109386885 291 100370 3
S 109405884 291 100370 3
S 109424882 291 100371 3
S 109443881 291 100371 3
S 109462880 291 100370 3
S 109481879 291 100369 3
S 109500878 291 100372 3
S 109519876 291 100373 3
S 109538875 291 100370 3
S 109557874 291 100371 3
S 109576873 291 100371 3
S 109595872 291 100372 3
S 109614871 291 100373 3
S 109633869 291 100371 3
S 109652868 291 100373 3
S 109671867 291 100373 3
S 109690866 291 100378 3
S 109709865 291 100373 3
S 109728863 291 100375 3
S 109747862 291 100377 3
S 109766861 291 100374 3
S 109785860 291 100372 3
S 109804859 291 100369 3
S 109823857 291 100372 3
S 109842856 291 100371 3
S 109861855 291 100371 3
S 109880854 291 100371 3
S 109899853 291 100371 3
S 109918852 291 100372 3
S 109937850 291 100371 3
S 109956849 291 100370 3
S 109975848 291 100373 3
S 109994847 291 100370 3
S 110013846 291 100372 3
S 110032844 291 100372 3
S 110051843 291 100369 3
S 110070842 291 100366 3
S 110089841 291 100370 3
S 110108840 291 100368 3
S 110127838 291 100369 3
S 110146837 291 100371 3
S 110165836 291 100370 3
S 110188835 291 100372 3
S 110207833 291 100372 3
S 110226832 291 100372 3
S 110245831 291 100369 3
S 110264830 291 100368 3
S 110283829 291 100371 3
S 110302828 291 100369 3
S 110321826 291 100370 3
S 110340825 291 100371 3
S 110359824 291 100368 3
S 110378823 291 100367 3
S 110397822 291 100369 3
S 110416820 291 100364 3
S 110435819 291 100370 3
S 110454818 291 100366 3
S 110473817 291 100369 3
S 110492816 291 100371 3
S 110511814 291 100368 3
S 110530813 291 100366 3
S 110549812 291 100368 3
S 110568811 291 100370 3
S 110587810 291 100366 3
S 110606809 291 100368 3
S 110625807 291 100368 3
S 110644806 291 100365 3
S 110663805 291 100368 3
S 110682804 291 100369 3
S 110701803 291 100365 3
S 110720801 291 100368 3
S 110739800 291 100364 3
S 110758799 291 100365 3
S 110777798 291 100366 3
S 110796797 291 100369 3
S 110815795 291 100368 3
S 110834794 291 100368 3
S 110853793 291 100367 3
S 110872792 291 100370 3
S 110891791 291 100363 3
S 110910790 291 100365 3
S 110929788 291 100372 3
S 110948787 291 100369 3
S 110967786 291 100370 3
S 110986785 291 100365 3
S 111005784 291 100369 3
S 111024782 291 100369 3
S 111043781 291 100369 3
S 111062780 291 100372 3
S 111081779 291 100368 3
S 111100778 291 100368 3
S 111119776 291 100369 3
S 111138775 291 100363 3
S 111157774 291 100368 3
S 111176773 291 100368 3
S 111199771 291 100368 3
S 111218770 291 100371 3
S 111237769 291 100364 3
S 111256768 291 100363 3
S 111275767 291 100366 3
S 111294766 291 100367 3
S 111313764 291 100366 3
S 111332763 291 100367 3
S 111351762 291 100368 3
S 111370761 291 100367 3
S 111389760 291 100363 3
S 111408758 291 100367 3
S 111427757 291 100366 3
S 111446756 291 100368 3
S 111465755 291 100363 3
S 111484754 291 100365 3
S 111503752 291 100364 3
S 111522751 291 100368 3
S 111541750 291 100365 3
S 111560749 291 100363 3
S 111579748 291 100364 3
S 111598747 291 100362 3
S 111617745 291 100365 3
S 111636744 291 100360 3
S 111655743 291 100355 3
S 111674742 291 100364 3
S 111693741 291 100365 3
S 111712739 291 100366 3
S 111731738 291 100366 3
S 111750737 291 100362 3
S 111769736 291 100366 3
S 111788735 291 100361 3
S 111807733 291 100366 3
S 111826732 291 100363 3
S 111845731 291 100364 3
S 111864730 291 100364 3
S 111883729 291 100362 3
S 111902728 291 100365 3
S 111921726 291 100362 3
S 111940725 291 100364 3
S 111959724 291 100359 3
S 111978723 291 100366 3
S 111997722 291 100360 3
S 112016720 291 100365 3
S 112035719 291 100356 3
S 112054718 291 100361 3
S 112073717 291 100365 3
S 112092716 291 100365 3
S 112111714 291 100362 3
S 112130713 291 100367 3
S 112149712 291 100368 3
S 112168711 291 100362 3
S 112187710 291 100362 3
S 112210708 291 100371 3
S 112229707 291 100366 3
S 112248706 291 100365 3
S 112267705 291 100368 3
S 112286704 291 100365 3
S 112305702 291 100365 3
S 112324701 291 100365 3
S 112343700 291 100364 3
S 112362699 291 100363 3
S 112381698 291 100363 3
S 112400696 291 100366 3
S 112419695 291 100362 3
S 112438694 291 100366 3
S 112457693 291 100363 3
S 112476692 291 100362 3
S 112495690 291 100361 3
S 112514689 291 100362 3
S 112533688 291 100361 3
S 112552687 291 100360 3
S 112571686 291 100363 3
S 112590685 291 100365 3
S 112609683 291 100365 3
S 112628682 291 100365 3
S 112647681 291 100359 3
S 112666680 291 100360 3
S 112685679 291 100363 3
S 112704677 291 100366 3
S 112723676 291 100364 3
S 112742675 291 100358 3
S 112761674 291 100366 3
S 112780673 291 100364 3
S 112799671 291 100361 3
S 112818670 291 100363 3
S 112837669 291 100360 3
S 112856668 291 100361 3
S 112875667 291 100360 3
S 112894666 291 100364 3
S 112913664 291 100365 3
S 112932663 291 100366 3
S 112951662 291 100362 3
S 112970661 291 100363 3
S 112989660 291 100362 3
S 113008658 291 100362 3
S 113027657 291 100359 3
S 113046656 291 100365 3
S 113065655 291 100360 3
S 113084654 291 100362 3
S 113103652 291 100362 3
S 113122651 291 100355 3
S 113141650 291 100360 3
S 113160649 291 100363 3
S 113179648 291 100362 3
S 113198647 291 100360 3
S 113221645 291 100363 3
S 113240644 291 100366 3
S 113259643 291 100365 3
S 113278642 291 100366 3
S 113297640 291 100362 3
S 113316639 291 100366 3
S 113335638 291 100362 3
S 113354637 291 100363 3
S 113373636 291 100361 3
S 113392634 291 100364 3
S 113411633 291 100364 3
S 113430632 291 100366 3
S 113449631 291 100362 3
S 113468630 291 100367 3
S 113487628 291 100368 3
S 113506627 291 100364 3
S 113525626 291 100363 3
S 113544625 291 100363 3
S 113563624 291 100365 3
S 113582623 291 100366 3
S 113601621 291 100364 3
S 113620620 291 100369 3
S 113639619 291 100363 3
S 113658618 291 100362 3
S 113677617 291 100363 3
S 113696615 291 100365 3
S 113715614 291 100361 3
S 113734613 291 100358 3
S 113753612 291 100363 3
S 113772611 291 100366 3
S 113791609 291 100368 3
S 113810608 291 100363 3
S 113829607 291 100366 3
S 113848606 291 100365 3
S 113867605 291 100362 3
S 113886604 291 100366 3
S 113905602 291 100365 3
S 113924601 291 100369 3
S 113943600 291 100363 3
S 113962599 291 100368 3
S 113981598 291 100361 3
S 114000597 291 100366 3
S 114019595 291 100363 3
S 114038594 291 100363 3
S 114057593 291 100365 3
S 114076592 291 100361 3
S 114095590 291 100364 3
S 114114589 291 100364 3
S 114133588 291 100362 3
S 114152587 291 100363 3
S 114171586 291 100366 3
S 114190585 291 100366 3
S 114209583 291 100365 3
S 114232582 291 100364 3
S 114251581 291 100360 3
S 114270580 291 100363 3
S 114289578 291 100364 3
S 114308577 291 100362 3
S 114327576 291 100364 3
S 114346575 291 100356 3
S 114365574 291 100357 3
S 114384572 291 100363 3
S 114403571 291 100363 3
S 114422570 291 100363 3
S 114441569 291 100363 3
S 114460568 291 100363 3
S 114479566 291 100366 3
S 114498565 291 100364 3
S 114517564 291 100364 3
S 114536563 291 100366 3
S 114555562 291 100367 3
S 114574561 291 100365 3
S 114593559 291 100365 3
S 114612558 291 100363 3
S 114631557 291 100365 3
S 114650556 291 100365 3
S 114669555 291 100364 3
S 114688553 291 100362 3
S 114707552 291 100363 3
S 114726551 291 100362 3
S 114745550 291 100360 3
S 114764549 291 100363 3
S 114783547 291 100362 3
S 114802546 291 100362 3
S 114821545 291 100360 3
S 114840544 291 100354 3
S 114859543 291 100358 3
S 114878542 291 100360 3
S 114897540 291 100360 3
S 114916539 291 100363 3
S 114935538 291 100361 3
S 114954537 291 100360 3
S 114973536 291 100362 3
S 114992534 291 100361 3
S 115011533 291 100359 3
S 115030532 291 100364 3
S 115049531 291 100362 3
S 115068530 291 100367 3
S 115087528 291 100362 3
S 115106527 291 100363 3
S 115125526 291 100362 3
S 115144525 291 100363 3
S 115163524 291 100357 3
S 115182523 291 100358 3
S 115201521 291 100358 3
S 115220520 291 100363 3
S 115243519 291 100371 3
S 115262518 291 100370 3
S 115281516 291 100371 3
S 115300515 291 100369 3
S 115319514 291 100371 3
S 115338513 291 100365 3
S 115357512 291 100365 3
S 115376510 291 100366 3
S 115395509 291 100367 3
S 115414508 291 100366 3
S 115433507 291 100362 3
S 115452506 291 100369 3
S 115471504 291 100368 3
S 115490503 291 100371 3
S 115509502 291 100372 3
S 115528501 291 100370 3
S 115547500 291 100367 3
S 115566499 291 100362 3
S 115585497 291 100365 3
S 115604496 291 100365 3
S 115623495 291 100366 3
S 115642494 291 100368 3
S 115661493 291 100367 3
S 115680491 291 100365 3
S 115699490 291 100366 3
S 115718489 291 100371 3
S 115737488 291 100366 3
S 115756487 291 100369 3
S 115775485 291 100367 3
S 115794484 291 100368 3
S 115813483 291 100365 3
S 115832482 291 100363 3
S 115851481 291 100366 3
S 115870480 291 100366 3
S 115889478 291 100365 3
S 115908477 291 100362 3
S 115927476 291 100364 3
S 115946475 291 100362 3
S 115965474 291 100364 3
S 115984472 291 100365 3
S 116003471 291 100366 3
S 116022470 291 100367 3
S 116041469 291 100365 3
S 116060468 291 100365 3
S 116079466 291 100368 3
S 116098465 291 100364 3
S 116117464 291 100366 3
S 116136463 291 100366 3
S 116155462 291 100363 3
S 116174461 291 100367 3
S 116193459 291 100366 3
S 116212458 291 100367 3
S 116231457 291 100366 3
S 116254455 291 100370 3
S 116273454 291 100370 3
S 116292453 291 100370 3
S 116311452 291 100370 3
S 116330451 291 100369 3
S 116349450 291 100368 3
S 116368448 291 100371 3
S 116387447 291 100372 3
S 116406446 291 100368 3
S 116425445 291 100369 3
S 116444444 291 100371 3
S 116463442 291 100369 3
S 116482441 291 100372 3
S 116501440 291 100370 3
S 116520439 291 100367 3
S 116539438 291 100373 3
S 116558437 291 100372 3
S 116577435 291 100373 3
S 116596434 291 100376 3
S 116615433 291 100373 3
S 116634432 291 100371 3
S 116653431 291 100369 3
S 116672429 291 100375 3
S 116691428 291 100375 3
S 116710427 291 100367 3
S 116729426 291 100366 3
S 116748425 291 100367 3
S 116767423 291 100366 3
S 116786422 291 100366 3
S 116805421 291 100368 3
S 116824420 291 100367 3
S 116843419 291 100368 3
S 116862418 291 100365 3
S 116881416 291 100368 3
S 116900415 291 100367 3
S 116919414 291 100373 3
S 116938413 291 100368 3
S 116957412 291 100368 3
S 116976410 291 100375 3
S 116995409 291 100371 3
S 117014408 291 100369 3
S 117033407 291 100371 3
S 117052406 291 100371 3
S 117071404 291 100374 3
S 117090403 291 100369 3
S 117109402 291 100369 3
S 117128401 291 100368 3
S 117147400 291 100368 3
S 117166399 291 100368 3
S 117185397 291 100373 3
S 117204396 291 100369 3
S 117223395 291 100366 3
S 117242394 291 100367 3
S 117265392 291 100370 3
S 117284391 291 100368 3
S 117303390 291 100368 3
S 117322389 291 100366 3
S 117341388 291 100366 3
S 117360386 291 100369 3
S 117379385 291 100368 3
S 117398384 291 100365 3
S 117417383 291 100366 3
S 117436382 291 100366 3
S 117455380 291 100368 3
S 117474379 291 100368 3
S 117493378 291 100366 3
S 117512377 291 100368 3
S 117531376 291 100368 3
S 117550375 291 100360 3
S 117569373 291 100365 3
S 117588372 291 100366 3
S 117607371 291 100361 3
S 117626370 291 100369 3
S 117645369 291 100368 3
S 117664367 291 100368 3
S 117683366 291 100370 3
S 117702365 291 100370 3
S 117721364 291 100366 3
S 117740363 291 100369 3
S 117759361 291 100368 3
S 117778360 291 100369 3
S 117797359 291 100368 3
S 117816358 291 100364 3
S 117835357 291 100370 3
S 117854356 291 100371 3
S 117873354 291 100365 3
S 117892353 291 100362 3
S 117911352 291 100364 3
S 117930351 291 100369 3
S 117949350 291 100359 3
S 117968348 291 100362 3
S 117987347 291 100359 3
S 118006346 291 100360 3
S 118025345 291 100360 3
S 118044344 291 100366 3
S 118063342 291 100363 3
S 118082341 291 100365 3
S 118101340 291 100363 3
S 118120339 291 100367 3
S 118139338 291 100367 3
S 118158337 291 100367 3
S 118177335 291 100368 3
S 118196334 291 100368 3
S 118215333 291 100368 3
S 118234332 291 100370 3
S 118253331 291 100369 3
S 118276329 291 100371 3
S 118295328 291 100366 3
S 118314327 291 100364 3
S 118333326 291 100359 3
S 118352324 291 100363 3
S 118371323 291 100367 3
S 118390322 291 100362 3
S 118409321 291 100370 3
S 118428320 291 100371 3
S 118447318 291 100373 3
S 118466317 291 100373 3
S 118485316 291 100376 3
S 118504315 291 100371 3
S 118523314 291 100373 3
S 118542313 291 100366 3
S 118561311 291 100370 3
S 118580310 291 100373 3
S 118599309 291 100366 3
S 118618308 291 100368 3
S 118637307 291 100369 3
S 118656305 291 100369 3
S 118675304 291 100369 3
S 118694303 291 100367 3
S 118713302 291 100371 3
S 118732301 291 100370 3
S 118751299 291 100372 3
S 118770298 291 100369 3
S 118789297 291 100369 3
S 118808296 291 100371 3
S 118827295 291 100373 3
S 118846294 291 100370 3
S 118865292 291 100370 3
S 118884291 291 100370 3
S 118903290 291 100373 3
S 118922289 291 100372 3
S 118941288 291 100374 3
S 118960286 291 100369 3
S 118979285 291 100371 3
S 118998284 291 100369 3
S 119017283 291 100370 3
S 119036282 291 100370 3
S 119055280 291 100372 3
S 119074279 291 100370 3
S 119093278 291 100367 3
S 119112277 291 100366 3
S 119131276 291 100370 3
S 119150275 291 100368 3
S 119169273 291 100369 3
S 119188272 291 100371 3
S 119207271 291 100373 3
S 119226270 291 100370 3
S 119245269 291 100369 3
S 119264267 291 100369 3
S 119287266 291 100370 3
S 119306265 291 100371 3
S 119325264 291 100371 3
S 119344262 291 100370 3
S 119363261 291 100368 3
S 119382260 291 100366 3
S 119401259 291 100370 3
S 119420258 291 100367 3
S 119439256 291 100370 3
S 119458255 291 100365 3
S 119477254 291 100370 3
S 119496253 291 100365 3
S 119515252 291 100368 3
S 119534251 291 100368 3
S 119553249 291 100368 3
S 119572248 291 100363 3
S 119591247 291 100363 3
S 119610246 291 100363 3
S 119629245 291 100362 3
S 119648243 291 100364 3
S 119667242 291 100365 3
S 119686241 291 100370 3
S 119705240 291 100369 3
S 119724239 291 100364 3
S 119743237 291 100365 3
S 119762236 291 100371 3
S 119781235 291 100366 3
S 119800234 291 100364 3
S 119819233 291 100362 3
S 119838232 291 100364 3
S 119857230 291 100362 3
S 119876229 291 100365 3
S 119895228 291 100368 3
S 119914227 291 100368 3
S 119933226 291 100368 3
S 119952224 291 100364 3
S 119971223 291 100370 3
S 119990222 291 100363 3
S 120009221 291 100364 3
S 120028220 291 100369 3
S 120047218 291 100368 3
S 120066217 291 100368 3
S 120085216 291 100365 3
S 120104215 291 100368 3
S 120123214 291 100367 3
S 120142213 291 100363 3
S 120161211 291 100367 3
S 120180210 291 100367 3
S 120199209 291 100368 3
S 120218208 291 100368 3
S 120237207 291 100370 3
S 120256205 291 100366 3
S 120275204 291 100365 3
S 120298203 291 100368 3
S 120317202 291 100373 3
S 120336200 291 100374 3
S 120355199 291 100369 3
S 120374198 291 100368 3
S 120393197 291 100368 3
S 120412196 291 100366 3
S 120431194 291 100371 3
S 120450193 291 100372 3
S 120469192 291 100365 3
S 120488191 291 100368 3
S 120507190 291 100365 3
S 120526189 291 100371 3
S 120545187 291 100369 3
S 120564186 291 100369 3
S 120583185 291 100367 3
S 120602184 291 100365 3
S 120621183 291 100366 3
S 120640181 291 100363 3
S 120659180 291 100364 3
S 120678179 291 100366 3
S 120697178 291 100365 3
S 120716177 291 100363 3
S 120735175 291 100363 3
S 120754174 291 100361 3
S 120773173 291 100359 3
S 120792172 291 100364 3
S 120811171 291 100364 3
S 120830170 291 100360 3
S 120849168 291 100362 3
S 120868167 291 100361 3
S 120887166 291 100360 3
S 120906165 291 100360 3
S 120925164 291 100358 3
S 120944162 291 100357 3
S 120963161 291 100359 3
S 120982160 291 100361 3
S 121001160 291 100361 3
S 121020158 291 100355 3
S 121039156 291 100360 3
S 121058155 291 100359 3
S 121077154 291 100362 3
S 121096153 291 100360 3
S 121115152 291 100359 3
S 121134151 291 100362 3
S 121153149 291 100360 3
S 121172148 291 100361 3
S 121191147 291 100360 3
S 121210146 291 100364 3
S 121229145 291 100361 3
S 121248143 291 100363 3
S 121267142 291 100362 3
S 121286141 291 100362 3
S 121309140 291 100365 3
S 121328138 291 100363 3
S 121347137 291 100360 3
S 121366136 291 100359 3
S 121385135 291 100362 3
S 121404134 291 100357 3
S 121423132 291 100355 3
S 121442131 291 100359 3
S 121461130 291 100357 3
S 121480129 291 100363 3
S 121499128 291 100362 3
S 121518127 291 100364 3
S 121537125 291 100367 3
S 121556124 291 100367 3
S 121575123 291 100359 3
S 121594122 291 100365 3
S 121613121 291 100358 3
S 121632119 291 100358 3
S 121651118 291 100360 3
S 121670117 291 100362 3
S 121689116 291 100361 3
S 121708115 291 100356 3
S 121727113 291 100358 3
S 121746112 291 100363 3
S 121765111 291 100360 3
S 121784110 291 100362 3
S 121803109 291 100359 3
S 121822108 291 100364 3
S 121841106 291 100364 3
S 121860105 291 100356 3
S 121879104 291 100359 3
S 121898103 291 100359 3
S 121917102 291 100363 3
S 121936100 291 100364 3
S 121955099 291 100371 3
S 121974098 291 100362 3
S 121993097 291 100365 3
S 122012096 291 100359 3
S 122031094 291 100366 3
S 122050093 291 100362 3
S 122069092 291 100362 3
S 122088091 291 100361 3
S 122107090 291 100358 3
S 122126089 291 100361 3
S 122145087 291 100364 3
S 122164086 291 100365 3
S 122183085 291 100365 3
S 122202084 291 100359 3
S 122221083 291 100362 3
S 122240081 291 100363 3
S 122259080 291 100361 3
S 122278079 291 100364 3
S 122297078 291 100363 3
S 122320076 291 100371 3
S 122339075 291 100369 3
S 122358074 291 100372 3
S 122377073 291 100370 3
S 122396072 291 100367 3
S 122415070 291 100366 3
S 122434069 291 100368 3
S 122453068 291 100366 3
S 122472067 291 100369 3
S 122491066 291 100365 3
S 122510065 291 100365 3
S 122529063 291 100366 3
S 122548062 291 100364 3
S 122567061 291 100366 3
S 122586060 291 100360 3
S 122605059 291 100362 3
S 122624057 291 100363 3
S 122643056 291 100366 3
S 122662055 291 100364 3
S 122681054 291 100367 3
S 122700053 291 100368 3
S 122719051 291 100365 3
S 122738050 291 100365 3
S 122757049 291 100362 3
S 122776048 291 100358 3
S 122795047 291 100362 3
S 122814046 291 100363 3
S 122833044 291 100364 3
S 122852043 291 100359 3
S 122871042 291 100358 3
S 122890041 291 100359 3
S 122909040 291 100366 3
S 122928038 291 100368 3
S 122947037 291 100365 3
S 122966036 291 100368 3
S 122985035 291 100367 3
S 123004034 291 100368 3
S 123023032 291 100364 3
S 123042031 291 100367 3
S 123061030 291 100364 3
S 123080029 291 100365 3
S 123099028 291 100364 3
S 123118027 291 100366 3
S 123137025 291 100358 3
S 123156024 291 100360 3
S 123175023 291 100365 3
S 123194022 291 100363 3
S 123213021 291 100364 3
S 123232019 291 100368 3
S 123251018 291 100367 3
S 123270017 291 100365 3
S 123289016 291 100364 3
S 123308015 291 100363 3
S 123331013 291 100362 3
S 123350012 291 100366 3
S 123369011 291 100361 3
S 123388010 291 100361 3
S 123407008 291 100363 3
S 123426007 291 100366 3
S 123445006 291 100364 3
S 123464005 291 100361 3
S 123483004 291 100362 3
S 123502003 291 100368 3
S 123521001 291 100368 3
S 123540000 291 100363 3
S 123558999 291 100366 3
S 123577998 291 100369 3
S 123596997 291 100368 3
S 123615995 291 100364 3
S 123634994 291 100363 3
S 123653993 291 100361 3
S 123672992 291 100363 3
S 123691991 291 100368 3
S 123710989 291 100364 3
S 123729988 291 100367 3
S 123748987 291 100365 3
S 123767986 291 100368 3
S 123786985 291 100364 3
S 123805984 291 100368 3
S 123824982 291 100365 3
S 123843981 291 100365 3
S 123862980 291 100365 3
S 123881979 291 100364 3
S 123900978 291 100363 3
S 123919976 291 100363 3
S 123938975 291 100360 3
S 123957974 291 100358 3
S 123976973 291 100360 3
S 123995972 291 100357 3
S 124014970 291 100359 3
S 124033969 291 100363 3
S 124052968 291 100363 3
S 124071967 291 100365 3
S 124090966 291 100357 3
S 124109965 291 100360 3
S 124128963 291 100365 3
S 124147962 291 100363 3
S 124166961 291 100362 3
S 124185960 291 100362 3
S 124204959 291 100365 3
S 124223957 291 100361 3
S 124242956 291 100361 3
S 124261955 291 100363 3
S 124280954 291 100363 3
S 124299953 291 100357 3
S 124318951 291 100362 3
S 124341950 291 100361 3
S 124360949 291 100361 3
S 124379948 291 100359 3
S 124398946 291 100363 3
S 124417945 291 100363 3
S 124436944 291 100365 3
S 124455943 291 100366 3
S 124474942 291 100365 3
S 124493941 291 100366 3
S 124512939 291 100367 3
S 124531938 291 100365 3
S 124550937 291 100359 3
S 124569936 291 100359 3
S 124588935 291 100360 3
S 124607933 291 100362 3
S 124626932 291 100362 3
S 124645931 291 100360 3
S 124664930 291 100360 3
S 124683929 291 100362 3
S 124702927 291 100365 3
S 124721926 291 100362 3
S 124740925 291 100361 3
S 124759924 291 100364 3
S 124778923 291 100360 3
S 124797922 291 100361 3
S 124816920 291 100362 3
S 124835919 291 100363 3
S 124854918 291 100361 3
S 124873917 291 100358 3
S 124892916 291 100359 3
S 124911914 291 100362 3
S 124930913 291 100357 3
S 124949912 291 100360 3
S 124968911 291 100355 3
S 124987910 291 100355 3
S 125006908 291 100360 3
S 125025907 291 100355 3
S 125044906 291 100360 3
S 125063905 291 100356 3
S 125082904 291 100359 3
S 125101903 291 100357 3
S 125120901 291 100357 3
S 125139900 291 100359 3
S 125158899 291 100361 3
S 125177898 291 100358 3
S 125196897 291 100360 3
S 125215895 291 100361 3
S 125234894 291 100358 3
S 125253893 291 100360 3
S 125272892 291 100358 3
S 125291891 291 100356 3
S 125310889 291 100357 3
S 125329888 291 100359 3
S 125352887 291 100370 3
S 125371886 291 100362 3
S 125390884 291 100364 3
S 125409883 291 100362 3
S 125428882 291 100365 3
S 125447881 291 100363 3
S 125466880 291 100366 3
S 125485879 291 100366 3
S 125504877 291 100366 3
S 125523876 291 100365 3
S 125542875 291 100366 3
S 125561874 291 100366 3
S 125580873 291 100371 3
S 125599871 291 100368 3
S 125618870 291 100369 3
S 125637869 291 100368 3
S 125656868 291 100368 3
S 125675867 291 100369 3
S 125694865 291 100368 3
S 125713864 291 100367 3
S 125732863 291 100366 3
S 125751862 291 100367 3
S 125770861 291 100366 3
S 125789860 291 100366 3
S 125808858 291 100366 3
S 125827857 291 100365 3
S 125846856 291 100363 3
S 125865855 291 100364 3
S 125884854 291 100367 3
S 125903852 291 100363 3
S 125922851 291 100365 3
S 125941850 291 100364 3
S 125960849 291 100367 3
S 125979848 291 100369 3
S 125998846 291 100369 3
S 126017845 291 100369 3
S 126036844 291 100363 3
S 126055843 291 100371 3
S 126074842 291 100365 3
S 126093841 291 100363 3
S 126112839 291 100364 3
S 126131838 291 100360 3
S 126150837 291 100362 3
S 126169836 291 100366 3
S 126188835 291 100366 3
S 126207833 291 100366 3
S 126226832 291 100365 3
S 126245831 291 100367 3
S 126264830 291 100368 3
S 126283829 291 100366 3
S 126302827 291 100366 3
S 126321826 291 100364 3
S 126340825 291 100365 3
S 126363824 291 100372 3
S 126382822 291 100368 3
S 126401821 291 100368 3
S 126420820 291 100362 3
S 126439819 291 100367 3
S 126458818 291 100369 3
S 126477817 291 100370 3
S 126496815 291 100366 3
S 126515814 291 100365 3
S 126534813 291 100365 3
S 126553812 291 100366 3
S 126572811 291 100363 3
S 126591809 291 100363 3
S 126610808 291 100365 3
S 126629807 291 100368 3
S 126648806 291 100369 3
S 126667805 291 100366 3
S 126686803 291 100366 3
S 126705802 291 100365 3
S 126724801 291 100364 3
S 126743800 291 100362 3
S 126762799 291 100359 3
S 126781798 291 100356 3
S 126800796 291 100363 3
S 126819795 291 100358 3
S 126838794 291 100363 3
S 126857793 291 100360 3
S 126876792 291 100361 3
S 126895790 291 100362 3
S 126914789 291 100364 3
S 126933788 291 100358 3
S 126952787 291 100357 3
S 126971786 291 100360 3
S 126990784 291 100362 3
S 127009783 291 100361 3
S 127028782 291 100361 3
S 127047781 291 100360 3
S 127066780 291 100366 3
S 127085779 291 100364 3
S 127104777 291 100359 3
S 127123776 291 100363 3
S 127142775 291 100365 3
S 127161774 291 100367 3
S 127180773 291 100367 3
S 127199771 291 100369 3
S 127218770 291 100361 3
S 127237769 291 100362 3
S 127256768 291 100360 3
S 127275767 291 100363 3
S 127294765 291 100366 3
S 127313764 291 100363 3
S 127332763 291 100360 3
S 127351762 291 100361 3
S 127374760 291 100363 3
S 127393759 291 100361 3
S 127412758 291 100365 3
S 127431757 291 100362 3
S 127450756 291 100362 3
S 127469755 291 100362 3
S 127488753 291 100361 3
S 127507752 291 100363 3
S 127526751 291 100363 3
S 127545750 291 100359 3
S 127564749 291 100360 3
S 127583747 291 100360 3
S 127602746 291 100362 3
S 127621745 291 100362 3
S 127640744 291 100362 3
S 127659743 291 100365 3
S 127678741 291 100366 3
S 127697740 291 100369 3
S 127716739 291 100370 3
S 127735738 291 100363 3
S 127754737 291 100365 3
S 127773736 291 100365 3
S 127792734 291 100363 3
S 127811733 291 100363 3
S 127830732 291 100366 3
S 127849731 291 100361 3
S 127868730 291 100361 3
S 127887728 291 100362 3
S 127906727 291 100361 3
S 127925726 291 100360 3
S 127944725 291 100360 3
S 127963724 291 100362 3
S 127982722 291 100360 3
S 128001722 291 100363 3
S 128020720 291 100366 3
S 128039719 291 100365 3
S 128058718 291 100362 3
S 128077717 291 100365 3
S 128096715 291 100362 3
S 128115714 291 100362 3
S 128134713 291 100361 3
S 128153712 291 100361 3
S 128172711 291 100363 3
S 128191709 291 100359 3
S 128210708 291 100366 3
S 128229707 291 100366 3
S 128248706 291 100363 3
S 128267705 291 100365 3
S 128286703 291 100367 3
S 128305702 291 100364 3
S 128324701 291 100365 3
S 128343700 291 100363 3
S 128362699 291 100362 3
S 128385697 291 100375 3
S 128404696 291 100375 3
S 128423695 291 100375 3
S 128442694 291 100374 3
S 128461693 291 100376 3
S 128480691 291 100373 3
S 128499690 291 100372 3
S 128518689 291 100370 3
S 128537688 291 100369 3
S 128556687 291 100370 3
S 128575685 291 100368 3
S 128594684 291 100368 3
S 128613683 291 100368 3
S 128632682 291 100368 3
S 128651681 291 100372 3
S 128670679 291 100372 3
S 128689678 291 100368 3
S 128708677 291 100371 3
S 128727676 291 100371 3
S 128746675 291 100371 3
S 128765674 291 100374 3
S 128784672 291 100377 3
S 128803671 291 100372 3
S 128822670 291 100372 3
S 128841669 291 100376 3
S 128860668 291 100377 3
S 128879666 291 100374 3
S 128898665 291 100374 3
S 128917664 291 100373 3
S 128936663 291 100374 3
S 128955662 291 100374 3
S 128974660 291 100370 3
S 128993659 291 100369 3
S 129012658 291 100375 3
S 129031657 291 100371 3
S 129050656 291 100373 3
S 129069655 291 100374 3
S 129088653 291 100374 3
S 129107652 291 100374 3
S 129126651 291 100374 3
S 129145650 291 100374 3
S 129164649 291 100376 3
S 129183647 291 100373 3
S 129202646 291 100369 3
S 129221645 291 100371 3
S 129240644 291 100371 3
S 129259643 291 100375 3
S 129278641 291 100371 3
S 129297640 291 100371 3
S 129316639 291 100370 3
S 129335638 291 100368 3
S 129354637 291 100367 3
S 129373636 291 100368 3
S 129396634 291 100373 3
S 129415633 291 100375 3
S 129434632 291 100374 3
S 129453631 291 100372 3
S 129472629 291 100371 3
S 129491628 291 100369 3
S 129510627 291 100369 3
S 129529626 291 100368 3
S 129548625 291 100373 3
S 129567623 291 100368 3
S 129586622 291 100369 3
S 129605621 291 100371 3
S 129624620 291 100368 3
S 129643619 291 100368 3
S 129662617 291 100368 3
S 129681616 291 100366 3
S 129700615 291 100374 3
S 129719614 291 100368 3
S 129738613 291 100365 3
S 129757612 291 100367 3
S 129776610 291 100367 3
S 129795609 291 100369 3
S 129814608 291 100369 3
S 129833607 291 100367 3
S 129852606 291 100368 3
S 129871604 291 100372 3
S 129890603 291 100367 3
S 129909602 291 100369 3
S 129928601 291 100365 3
S 129947600 291 100365 3
S 129966598 291 100366 3
S 129985597 291 100368 3
S 130004596 291 100368 3
S 130023595 291 100370 3
S 130042594 291 100372 3
S 130061593 291 100369 3
S 130080591 291 100370 3
S 130099590 291 100371 3
S 130118589 291 100370 3
S 130137588 291 100369 3
S 130156587 291 100366 3
S 130175585 291 100369 3
S 130194584 291 100367 3
S 130213583 291 100367 3
S 130232582 291 100366 3
S 130251581 291 100370 3
S 130270579 291 100366 3
S 130289578 291 100367 3
S 130308577 291 100367 3
S 130327576 291 100370 3
S 130346575 291 100370 3
S 130365574 291 100369 3
S 130384572 291 100370 3
S 130407571 291 100366 3
S 130426570 291 100367 3
S 130445569 291 100367 3
S 130464567 291 100366 3
S 130483566 291 100371 3
S 130502565 291 100366 3
S 130521564 291 100368 3
S 130540563 291 100368 3
S 130559561 291 100368 3
S 130578560 291 100369 3
S 130597559 291 100368 3
S 130616558 291 100372 3
S 130635557 291 100369 3
S 130654555 291 100369 3
S 130673554 291 100367 3
S 130692553 291 100369 3
S 130711552 291 100374 3
S 130730551 291 100373 3
S 130749550 291 100371 3
S 130768548 291 100372 3
S 130787547 291 100373 3
S 130806546 291 100370 3
S 130825545 291 100375 3
S 130844544 291 100374 3
S 130863542 291 100371 3
S 130882541 291 100367 3
S 130901540 291 100367 3
S 130920539 291 100370 3
S 130939538 291 100365 3
S 130958536 291 100369 3
S 130977535 291 100370 3
S 130996534 291 100369 3
S 131015533 291 100372 3
S 131034532 291 100371 3
S 131053531 291 100369 3
S 131072529 291 100372 3
S 131091528 291 100369 3
S 131110527 291 100371 3
S 131129526 291 100369 3
S 131148525 291 100372 3
S 131167523 291 100366 3
S 131186522 291 100367 3
S 131205521 291 100370 3
S 131224520 291 100369 3
S 131243519 291 100366 3
S 131262517 291 100370 3
S 131281516 291 100368 3
S 131300515 291 100368 3
S 131319514 291 100369 3
S 131338513 291 100369 3
S 131357512 291 100370 3
S 131376510 291 100370 3
S 131395509 291 100365 3
S 131418508 291 100369 3
S 131437507 291 100368 3
S 131456505 291 100365 3
S 131475504 291 100365 3
S 131494503 291 100364 3
S 131513502 291 100362 3
S 131532501 291 100363 3
S 131551499 291 100366 3
S 131570498 291 100363 3
S 131589497 291 100363 3
S 131608496 291 100359 3
S 131627495 291 100361 3
S 131646493 291 100360 3
S 131665492 291 100363 3
S 131684491 291 100366 3
S 131703490 291 100363 3
S 131722489 291 100362 3
S 131741488 291 100362 3
S 131760486 291 100363 3
S 131779485 291 100362 3
S 131798484 291 100362 3
S 131817483 291 100358 3
S 131836482 291 100361 3
S 131855480 291 100358 3
S 131874479 291 100364 3
S 131893478 291 100359 3
S 131912477 291 100358 3
S 131931476 291 100357 3
S 131950474 291 100361 3
S 131969473 291 100361 3
S 131988472 291 100360 3
S 132007471 291 100360 3
S 132026470 291 100364 3
S 132045469 291 100360 3
S 132064467 291 100363 3
S 132083466 291 100364 3
S 132102465 291 100361 3
S 132121464 291 100363 3
S 132140463 291 100363 3
S 132159461 291 100363 3
S 132178460 291 100365 3
S 132197459 291 100364 3
S 132216458 291 100366 3
S 132235457 291 100361 3
S 132254455 291 100364 3
S 132273454 291 100362 3
S 132292453 291 100364 3
S 132311452 291 100362 3
S 132330451 291 100366 3
S 132349450 291 100365 3
S 132368448 291 100363 3
S 132387447 291 100361 3
S 132406446 291 100364 3
S 132429444 291 100369 3
S 132448443 291 100371 3
S 132467442 291 100364 3
S 132486441 291 100365 3
S 132505440 291 100365 3
S 132524439 291 100364 3
S 132543437 291 100365 3
S 132562436 291 100366 3
S 132581435 291 100368 3
S 132600434 291 100370 3
S 132619433 291 100368 3
S 132638431 291 100371 3
S 132657430 291 100371 3
S 132676429 291 100377 3
S 132695428 291 100371 3
S 132714427 291 100373 3
S 132733426 291 100374 3
S 132752424 291 100368 3
S 132771423 291 100367 3
S 132790422 291 100372 3
S 132809421 291 100368 3
S 132828420 291 100368 3
S 132847418 291 100367 3
S 132866417 291 100371 3
S 132885416 291 100364 3
S 132904415 291 100365 3
S 132923414 291 100362 3
S 132942412 291 100359 3
S 132961411 291 100364 3
S 132980410 291 100362 3
S 132999409 291 100364 3
S 133018408 291 100363 3
S 133037407 291 100359 3
S 133056405 291 100364 3
S 133075404 291 100364 3
S 133094403 291 100366 3
S 133113402 291 100365 3
S 133132401 291 100361 3
S 133151399 291 100361 3
S 133170398 291 100363 3
S 133189397 291 100365 3
S 133208396 291 100364 3
S 133227395 291 100369 3
S 133246393 291 100366 3
S 133265392 291 100366 3
S 133284391 291 100365 3
S 133303390 291 100368 3
S 133322389 291 100366 3
S 133341388 291 100365 3
S 133360386 291 100364 3
S 133379385 291 100364 3
S 133398384 291 100368 3
S 133417383 291 100365 3
S 133440381 291 100358 3
S 133459380 291 100355 3
S 133478379 291 100358 3
S 133497378 291 100356 3
S 133516377 291 100356 3
S 133535375 291 100358 3
S 133554374 291 100356 3
S 133573373 291 100355 3
S 133592372 291 100356 3
S 133611371 291 100360 3
S 133630369 291 100360 3
S 133649368 291 100356 3
S 133668367 291 100358 3
S 133687366 291 100355 3
S 133706365 291 100356 3
S 133725364 291 100355 3
S 133744362 291 100356 3
S 133763361 291 100355 3
S 133782360 291 100359 3
S 133801359 291 100356 3
S 133820358 291 100355 3
S 133839356 291 100358 3
S 133858355 291 100356 3
S 133877354 291 100355 3
S 133896353 291 100357 3
S 133915352 291 100354 3
S 133934350 291 100356 3
S 133953349 291 100355 3
S 133972348 291 100355 3
S 133991347 291 100358 3
S 134010346 291 100358 3
S 134029345 291 100356 3
S 134048343 291 100357 3
S 134067342 291 100355 3
S 134086341 291 100355 3
S 134105340 291 100359 3
S 134124339 291 100356 3
S 134143337 291 100356 3
S 134162336 291 100357 3
S 134181335 291 100356 3
S 134200334 291 100353 3
S 134219333 291 100355 3
S 134238331 291 100356 3
S 134257330 291 100352 3
S 134276329 291 100359 3
S 134295328 291 100357 3
S 134314327 291 100356 3
S 134333326 291 100357 3
S 134352324 291 100357 3
S 134371323 291 100357 3
S 134390322 291 100355 3
S 134409321 291 100355 3
S 134428320 291 100358 3
S 134451318 291 100369 3
S 134470317 291 100367 3
S 134489316 291 100368 3
S 134508315 291 100366 3
S 134527313 291 100366 3
S 134546312 291 100363 3
S 134565311 291 100366 3
S 134584310 291 100365 3
S 134603309 291 100366 3
S 134622307 291 100361 3
S 134641306 291 100364 3
S 134660305 291 100360 3
S 134679304 291 100362 3
S 134698303 291 100365 3
S 134717302 291 100365 3
S 134736300 291 100365 3
S 134755299 291 100366 3
S 134774298 291 100365 3
S 134793297 291 100362 3
S 134812296 291 100366 3
S 134831294 291 100364 3
S 134850293 291 100366 3
S 134869292 291 100365 3
S 134888291 291 100362 3
S 134907290 291 100370 3
S 134926288 291 100368 3
S 134945287 291 100366 3
S 134964286 291 100365 3
S 134983285 291 100366 3
S 135002284 291 100366 3
S 135021283 291 100364 3
S 135040281 291 100365 3
S 135059280 291 100365 3
S 135078279 291 100365 3
S 135097278 291 100364 3
S 135116277 291 100365 3
S 135135275 291 100359 3
S 135154274 291 100363 3
S 135173273 291 100364 3
S 135192272 291 100363 3
S 135211271 291 100366 3
S 135230269 291 100361 3
S 135249268 291 100361 3
S 135268267 291 100362 3
S 135287266 291 100362 3
S 135306265 291 100365 3
S 135325264 291 100365 3
S 135344262 291 100366 3
S 135363261 291 100366 3
S 135382260 291 100364 3
S 135401259 291 100365 3
S 135420258 291 100361 3
S 135439256 291 100366 3
S 135462255 291 100368 3
S 135481254 291 100368 3
S 135500253 291 100364 3
S 135519251 291 100365 3
S 135538250 291 100366 3
S 135557249 291 100361 3
S 135576248 291 100361 3
S 135595247 291 100357 3
S 135614245 291 100365 3
S 135633244 291 100359 3
S 135652243 291 100363 3
S 135671242 291 100365 3
S 135690241 291 100364 3
S 135709240 291 100359 3
S 135728238 291 100363 3
S 135747237 291 100355 3
S 135766236 291 100356 3
S 135785235 291 100359 3
S 135804234 291 100361 3
S 135823232 291 100360 3
S 135842231 291 100362 3
S 135861230 291 100362 3
S 135880229 291 100358 3
S 135899228 291 100357 3
S 135918226 291 100361 3
S 135937225 291 100357 3
S 135956224 291 100356 3
S 135975223 291 100362 3
S 135994222 291 100361 3
S 136013221 291 100364 3
S 136032219 291 100361 3
S 136051218 291 100359 3
S 136070217 291 100361 3
S 136089216 291 100357 3
S 136108215 291 100361 3
S 136127213 291 100361 3
S 136146212 291 100361 3
S 136165211 291 100358 3
S 136184210 291 100361 3
S 136203209 291 100360 3
S 136222207 291 100360 3
S 136241206 291 100364 3
S 136260205 291 100355 3
S 136279204 291 100362 3
S 136298203 291 100365 3
S 136317202 291 100357 3
S 136336200 291 100356 3
S 136355199 291 100359 3
S 136374198 291 100355 3
S 136393197 291 100357 3
S 136412196 291 100365 3
S 136431194 291 100364 3
S 136450193 291 100361 3
S 136473192 291 100361 3
S 136492191 291 100365 3
S 136511189 291 100363 3
S 136530188 291 100361 3
S 136549187 291 100361 3
S 136568186 291 100361 3
S 136587185 291 100362 3
S 136606183 291 100362 3
S 136625182 291 100359 3
S 136644181 291 100361 3
S 136663180 291 100359 3
S 136682179 291 100361 3
S 136701178 291 100364 3
S 136720176 291 100366 3
S 136739175 291 100362 3
S 136758174 291 100366 3
S 136777173 291 100364 3
S 136796172 291 100366 3
S 136815170 291 100363 3
S 136834169 291 100363 3
S 136853168 291 100360 3
S 136872167 291 100363 3
S 136891166 291 100365 3
S 136910164 291 100365 3
S 136929163 291 100363 3
S 136948162 291 100362 3
S 136967161 291 100364 3
S 136986160 291 100360 3
S 137005159 291 100362 3
S 137024157 291 100361 3
S 137043156 291 100361 3
S 137062155 291 100360 3
S 137081154 291 100361 3
S 137100153 291 100363 3
S 137119151 291 100362 3
S 137138150 291 100363 3
S 137157149 291 100363 3
S 137176148 291 100362 3
S 137195147 291 100363 3
S 137214145 291 100363 3
S 137233144 291 100363 3
S 137252143 291 100362 3
S 137271142 291 100366 3
S 137290141 291 100365 3
S 137309140 291 100362 3
S 137328138 291 100362 3
S 137347137 291 100362 3
S 137366136 291 100361 3
S 137385135 291 100361 3
S 137404134 291 100359 3
S 137423132 291 100363 3
S 137442131 291 100359 3
S 137461130 291 100362 3
S 137484129 291 100364 3
S 137503127 291 100362 3
S 137522126 291 100362 3
S 137541125 291 100360 3
S 137560124 291 100362 3
S 137579123 291 100364 3
S 137598121 291 100363 3
S 137617120 291 100361 3
S 137636119 291 100360 3
S 137655118 291 100362 3
S 137674117 291 100362 3
S 137693116 291 100365 3
S 137712114 291 100364 3
S 137731113 291 100360 3
S 137750112 291 100362 3
S 137769111 291 100359 3
S 137788110 291 100364 3
S 137807108 291 100363 3
S 137826107 291 100363 3
S 137845106 291 100366 3
S 137864105 291 100361 3
S 137883104 291 100362 3
S 137902102 291 100364 3
S 137921101 291 100365 3
S 137940100 291 100364 3
S 137959099 291 100366 3
S 137978098 291 100368 3
S 137997097 291 100367 3
S 138016095 291 100362 3
S 138035094 291 100365 3
S 138054093 291 100364 3
S 138073092 291 100366 3
S 138092091 291 100366 3
S 138111089 291 100366 3
S 138130088 291 100363 3
S 138149087 291 100363 3
S 138168086 291 100363 3
S 138187085 291 100364 3
S 138206083 291 100363 3
S 138225082 291 100361 3
S 138244081 291 100361 3
S 138263080 291 100359 3
S 138282079 291 100364 3
S 138301078 291 100365 3
S 138320076 291 100365 3
S 138339075 291 100365 3
S 138358074 291 100365 3
S 138377073 291 100362 3
S 138396072 291 100362 3
S 138415070 291 100364 3
S 138434069 291 100365 3
S 138453068 291 100361 3
S 138472067 291 100364 3
S 138495065 291 100361 3
S 138514064 291 100368 3
S 138533063 291 100368 3
S 138552062 291 100369 3
S 138571061 291 100365 3
S 138590059 291 100366 3
S 138609058 291 100363 3
S 138628057 291 100364 3
S 138647056 291 100364 3
S 138666055 291 100366 3
S 138685054 291 100366 3
S 138704052 291 100368 3
S 138723051 291 100365 3
S 138742050 291 100368 3
S 138761049 291 100365 3
S 138780048 291 100368 3
S 138799046 291 100364 3
S 138818045 291 100368 3
S 138837044 291 100361 3
S 138856043 291 100368 3
S 138875042 291 100365 3
S 138894040 291 100363 3
S 138913039 291 100356 3
S 138932038 291 100365 3
S 138951037 291 100365 3
S 138970036 291 100362 3
S 138989035 291 100366 3
S 139008033 291 100365 3
S 139027032 291 100361 3
S 139046031 291 100364 3
S 139065030 291 100364 3
S 139084029 291 100370 3
S 139103027 291 100371 3
S 139122026 291 100366 3
S 139141025 291 100368 3
S 139160024 291 100366 3
S 139179023 291 100362 3
S 139198021 291 100365 3
S 139217020 291 100363 3
S 139236019 291 100364 3
S 139255018 291 100364 3
S 139274017 291 100365 3
S 139293016 291 100361 3
S 139312014 291 100364 3
S 139331013 291 100362 3
S 139350012 291 100365 3
S 139369011 291 100366 3
S 139388010 291 100366 3
S 139407008 291 100366 3
S 139426007 291 100364 3
S 139445006 291 100365 3
S 139464005 291 100363 3
S 139483004 291 100363 3
S 139506002 291 100367 3
S 139525001 291 100364 3
S 139544000 291 100366 3
S 139562999 291 100366 3
S 139581997 291 100364 3
S 139600996 291 100364 3
S 139619995 291 100366 3
S 139638994 291 100366 3
S 139657993 291 100364 3
S 139676992 291 100360 3
S 139695990 291 100364 3
S 139714989 291 100364 3
S 139733988 291 100364 3
S 139752987 291 100364 3
S 139771986 291 100362 3
S 139790984 291 100363 3
S 139809983 291 100366 3
S 139828982 291 100366 3
S 139847981 291 100365 3
S 139866980 291 100364 3
S 139885978 291 100364 3
S 139904977 291 100364 3
S 139923976 291 100365 3
S 139942975 291 100367 3
S 139961974 291 100363 3
S 139980973 291 100358 3
S 139999971 291 100361 3
S 140018970 291 100360 3
S 140037969 291 100364 3
S 140056968 291 100360 3
S 140075967 291 100367 3
S 140094965 291 100365 3
S 140113964 291 100366 3
S 140132963 291 100365 3
S 140151962 291 100362 3
S 140170961 291 100361 3
S 140189959 291 100362 3
S 140208958 291 100361 3
S 140227957 291 100363 3
S 140246956 291 100360 3
S 140265955 291 100362 3
S 140284954 291 100363 3
S 140303952 291 100360 3
S 140322951 291 100359 3
S 140341950 291 100361 3
S 140360949 291 100362 3
S 140379948 291 100362 3
S 140398946 291 100364 3
S 140417945 291 100364 3
S 140436944 291 100363 3
S 140455943 291 100364 3
S 140474942 291 100364 3
S 140493940 291 100359 3
S 140516939 291 100366 3
S 140535938 291 100364 3
S 140554937 291 100366 3
S 140573935 291 100367 3
S 140592934 291 100364 3
S 140611933 291 100368 3
S 140630932 291 100367 3
S 140649931 291 100365 3
S 140668930 291 100364 3
S 140687928 291 100364 3
S 140706927 291 100364 3
S 140725926 291 100364 3
S 140744925 291 100366 3
S 140763924 291 100363 3
S 140782922 291 100362 3
S 140801921 291 100365 3
S 140820920 291 100364 3
S 140839919 291 100364 3
S 140858918 291 100366 3
S 140877916 291 100367 3
S 140896915 291 100364 3
S 140915914 291 100365 3
S 140934913 291 100363 3
S 140953912 291 100359 3
S 140972911 291 100365 3
S 140991909 291 100365 3
S 141010908 291 100367 3
S 141029907 291 100363 3
S 141048906 291 100365 3
S 141067905 291 100364 3
S 141086903 291 100364 3
S 141105902 291 100367 3
S 141124901 291 100364 3
S 141143900 291 100364 3
S 141162899 291 100362 3
S 141181897 291 100365 3
S 141200896 291 100367 3
S 141219895 291 100368 3
S 141238894 291 100363 3
S 141257893 291 100362 3
S 141276892 291 100363 3
S 141295890 291 100363 3
S 141314889 291 100362 3
S 141333888 291 100364 3
S 141352887 291 100362 3
S 141371886 291 100356 3
S 141390884 291 100362 3
S 141409883 291 100363 3
S 141428882 291 100363 3
S 141447881 291 100363 3
S 141466880 291 100365 3
S 141485878 291 100363 3
S 141504877 291 100362 3
S 141527876 292 100372 3
S 141546875 292 100373 3
S 141565873 292 100373 3
S 141584872 292 100370 3
S 141603871 292 100370 3
S 141622870 292 100370 3
S 141641869 292 100370 3
S 141660868 292 100366 3
S 141679866 292 100366 3
S 141698865 292 100370 3
S 141717864 292 100366 3
S 141736863 292 100367 3
S 141755862 292 100364 3
S 141774860 292 100364 3
S 141793859 292 100362 3
S 141812858 292 100368 3
S 141831857 292 100364 3
S 141850856 292 100366 3
S 141869854 292 100364 3
S 141888853 292 100368 3
S 141907852 292 100365 3
S 141926851 292 100368 3
S 141945850 292 100366 3
S 141964849 292 100371 3
S 141983847 292 100371 3
S 142002846 292 100367 3
S 142021845 292 100367 3
S 142040844 292 100371 3
S 142059843 292 100366 3
S 142078841 292 100366 3
S 142097840 292 100365 3
S 142116839 292 100362 3
S 142135838 292 100366 3
S 142154837 292 100362 3
S 142173835 292 100360 3
S 142192834 292 100364 3
S 142211833 292 100361 3
S 142230832 292 100366 3
S 142249831 292 100361 3
S 142268830 292 100364 3
S 142287828 292 100361 3
S 142306827 292 100360 3
S 142325826 292 100360 3
S 142344825 292 100366 3
S 142363824 292 100364 3
S 142382822 292 100371 3
S 142401821 292 100366 3
S 142420820 292 100364 3
S 142439819 292 100370 3
S 142458818 292 100368 3
S 142477816 292 100371 3
S 142496815 292 100372 3
S 142515814 292 100371 3
S 142538813 292 100374 3
S 142557811 292 100373 3
S 142576810 292 100375 3
S 142595809 292 100374 3
S 142614808 292 100375 3
S 142633807 292 100374 3
S 142652806 292 100369 3
S 142671804 292 100371 3
S 142690803 292 100373 3
S 142709802 292 100368 3
S 142728801 292 100372 3
S 142747800 292 100372 3
S 142766798 292 100372 3
S 142785797 292 100368 3
S 142804796 292 100366 3
S 142823795 292 100370 3
S 142842794 292 100367 3
S 142861792 292 100365 3
S 142880791 292 100366 3
S 142899790 292 100367 3
S 142918789 292 100368 3
S 142937788 292 100370 3
S 142956787 292 100367 3
S 142975785 292 100370 3
S 142994784 292 100369 3
S 143013783 292 100369 3
S 143032782 292 100365 3
S 143051781 292 100364 3
S 143070779 292 100363 3
S 143089778 292 100366 3
S 143108777 292 100364 3
S 143127776 292 100366 3
S 143146775 292 100365 3
S 143165773 292 100368 3
S 143184772 292 100365 3
S 143203771 292 100365 3
S 143222770 292 100368 3
S 143241769 292 100366 3
S 143260768 292 100369 3
S 143279766 292 100368 3
S 143298765 292 100365 3
S 143317764 292 100368 3
S 143336763 292 100368 3
S 143355762 292 100368 3
S 143374760 292 100367 3
S 143393759 292 100368 3
S 143412758 292 100370 3
S 143431757 292 100368 3
S 143450756 292 100372 3
S 143469754 292 100369 3
S 143488753 292 100364 3
S 143507752 292 100369 3
S 143526751 292 100367 3
S 143549749 292 100369 3
S 143568748 292 100365 3
S 143587747 292 100366 3
S 143606746 292 100365 3
S 143625745 292 100367 3
S 143644744 292 100369 3
S 143663742 292 100369 3
S 143682741 292 100365 3
S 143701740 292 100368 3
S 143720739 292 100363 3
S 143739738 292 100364 3
S 143758736 292 100368 3
S 143777735 292 100366 3
S 143796734 292 100368 3
S 143815733 292 100367 3
S 143834732 292 100370 3
S 143853730 292 100365 3
S 143872729 292 100369 3
S 143891728 292 100368 3
S 143910727 292 100372 3
S 143929726 292 100368 3
S 143948725 292 100368 3
S 143967723 292 100365 3
S 143986722 292 100368 3
S 144005721 292 100368 3
S 144024720 292 100365 3
S 144043719 292 100368 3
S 144062717 292 100369 3
S 144081716 292 100366 3
S 144100715 292 100366 3
S 144119714 292 100366 3
S 144138713 292 100366 3
S 144157711 292 100368 3
S 144176710 292 100366 3
S 144195709 292 100368 3
S 144214708 292 100371 3
S 144233707 292 100370 3
S 144252706 292 100370 3
S 144271704 292 100371 3
S 144290703 292 100373 3
S 144309702 292 100371 3
S 144328701 292 100369 3
S 144347700 292 100368 3
S 144366698 292 100365 3
S 144385697 292 100366 3
S 144404696 292 100368 3
S 144423695 292 100361 3
S 144442694 292 100360 3
S 144461692 292 100361 3
S 144480691 292 100363 3
S 144499690 292 100363 3
S 144518689 292 100364 3
S 144537688 292 100360 3
S 144560686 292 100366 3
S 144579685 292 100367 3
S 144598684 292 100366 3
S 144617683 292 100364 3
S 144636682 292 100363 3
S 144655680 292 100364 3
S 144674679 292 100361 3
S 144693678 292 100361 3
S 144712677 292 100365 3
S 144731676 292 100364 3
S 144750674 292 100368 3
S 144769673 292 100362 3
S 144788672 292 100365 3
S 144807671 292 100364 3
S 144826670 292 100360 3
S 144845668 292 100365 3
S 144864667 292 100364 3
S 144883666 292 100361 3
S 144902665 292 100361 3
S 144921664 292 100364 3
S 144940663 292 100363 3
S 144959661 292 100363 3
S 144978660 292 100368 3
S 144997659 292 100363 3
S 145016658 292 100362 3
S 145035657 292 100364 3
S 145054655 292 100364 3
S 145073654 292 100363 3
S 145092653 292 100363 3
S 145111652 292 100362 3
S 145130651 292 100362 3
S 145149649 292 100364 3
S 145168648 292 100363 3
S 145187647 292 100360 3
S 145206646 292 100366 3
S 145225645 292 100364 3
S 145244644 292 100366 3
S 145263642 292 100364 3
S 145282641 292 100362 3
S 145301640 292 100361 3
S 145320639 292 100368 3
S 145339638 292 100362 3
S 145358636 292 100362 3
S 145377635 292 100365 3
S 145396634 292 100367 3
S 145415633 292 100361 3
S 145434632 292 100362 3
S 145453630 292 100362 3
S 145472629 292 100364 3
S 145491628 292 100364 3
S 145510627 292 100363 3
S 145529626 292 100363 3
S 145548625 292 100362 3
S 145571623 291 100358 3
S 145590622 291 100359 3
S 145609621 291 100358 3
S 145628620 291 100360 3
S 145647618 291 100357 3
S 145666617 291 100361 3
S 145685616 291 100361 3
S 145704615 291 100366 3
S 145723614 291 100362 3
S 145742612 291 100366 3
S 145761611 291 100362 3
S 145780610 291 100360 3
S 145799609 291 100359 3
S 145818608 291 100359 3
S 145837606 291 100359 3
S 145856605 291 100361 3
S 145875604 291 100362 3
S 145894603 291 100361 3
S 145913602 291 100357 3
S 145932601 291 100358 3
S 145951599 291 100361 3
S 145970598 291 100360 3
S 145989597 291 100359 3
S 146008596 291 100359 3
S 146027595 291 100359 3
S 146046593 291 100360 3
S 146065592 291 100360 3
S 146084591 291 100362 3
S 146103590 291 100358 3
S 146122589 291 100357 3
S 146141587 291 100361 3
S 146160586 291 100364 3
S 146179585 291 100361 3
S 146198584 291 100358 3
S 146217583 291 100362 3
S 146236582 291 100359 3
S 146255580 291 100357 3
S 146274579 291 100357 3
S 146293578 291 100362 3
S 146312577 291 100361 3
S 146331576 291 100357 3
S 146350574 291 100365 3
S 146369573 291 100363 3
S 146388572 291 100361 3
S 146407571 291 100362 3
S 146426570 291 100361 3
S 146445568 291 100364 3
S 146464567 291 100362 3
S 146483566 291 100362 3
S 146502565 291 100361 3
S 146521564 291 100357 3
S 146540563 291 100361 3
S 146559561 291 100360 3
S 146582560 291 100362 3
S 146601559 291 100362 3
S 146620558 291 100361 3
S 146639556 291 100362 3
S 146658555 291 100360 3
S 146677554 291 100358 3
S 146696553 291 100362 3
S 146715552 291 100362 3
S 146734550 291 100362 3
S 146753549 291 100359 3
S 146772548 291 100366 3
S 146791547 291 100363 3
S 146810546 291 100364 3
S 146829544 291 100365 3
S 146848543 291 100362 3
S 146867542 291 100362 3
S 146886541 291 100363 3
S 146905540 291 100360 3
S 146924539 291 100358 3
S 146943537 291 100361 3
S 146962536 291 100360 3
S 146981535 291 100361 3
S 147000535 291 100359 3
S 147019533 291 100362 3
S 147038531 291 100359 3
S 147057530 291 100361 3
S 147076529 291 100360 3
S 147095528 291 100357 3
S 147114527 291 100358 3
S 147133525 291 100359 3
S 147152524 291 100360 3
S 147171523 291 100357 3
S 147190522 291 100358 3
S 147209521 291 100357 3
S 147228520 291 100358 3
S 147247518 291 100355 3
S 147266517 291 100359 3
S 147285516 291 100358 3
S 147304515 291 100359 3
S 147323514 291 100361 3
S 147342512 291 100365 3
S 147361511 291 100369 3
S 147380510 291 100366 3
S 147399509 291 100361 3
S 147418508 291 100362 3
S 147437506 291 100361 3
S 147456505 291 100359 3
S 147475504 291 100361 3
S 147494503 291 100364 3
S 147513502 291 100362 3
S 147532501 291 100365 3
S 147551499 291 100360 3
S 147570498 291 100363 3
S 147593497 292 100369 3
S 147612496 292 100367 3
S 147631494 292 100368 3
S 147650493 292 100368 3
S 147669492 292 100365 3
S 147688491 292 100365 3
S 147707490 292 100366 3
S 147726488 292 100365 3
S 147745487 292 100362 3
S 147764486 292 100361 3
S 147783485 292 100361 3
S 147802484 292 100362 3
S 147821482 292 100363 3
S 147840481 292 100361 3
S 147859480 292 100360 3
S 147878479 292 100362 3
S 147897478 292 100362 3
S 147916477 292 100361 3
S 147935475 292 100369 3
S 147954474 292 100362 3
S 147973473 292 100366 3
S 147992472 292 100366 3
S 148011471 292 100366 3
S 148030469 292 100364 3
S 148049468 292 100360 3
S 148068467 292 100362 3
S 148087466 292 100363 3
S 148106465 292 100360 3
S 148125463 292 100365 3
S 148144462 292 100362 3
S 148163461 292 100369 3
S 148182460 292 100364 3
S 148201459 292 100366 3
S 148220458 292 100369 3
S 148239456 292 100363 3
S 148258455 292 100363 3
S 148277454 292 100361 3
S 148296453 292 100364 3
S 148315452 292 100363 3
S 148334450 292 100359 3
S 148353449 292 100360 3
S 148372448 292 100362 3
S 148391447 292 100363 3
S 148410446 292 100361 3
S 148429444 292 100359 3
S 148448443 292 100358 3
S 148467442 292 100361 3
S 148486441 292 100358 3
S 148505440 292 100359 3
S 148524439 292 100363 3
S 148543437 292 100364 3
S 148562436 292 100366 3
S 148581435 292 100365 3
S 148604433 292 100367 3
S 148623432 292 100368 3
S 148642431 292 100365 3
S 148661430 292 100366 3
S 148680429 292 100367 3
S 148699428 292 100369 3
S 148718426 292 100367 3
S 148737425 292 100364 3
S 148756424 292 100362 3
S 148775423 292 100369 3
S 148794422 292 100365 3
S 148813420 292 100363 3
S 148832419 292 100363 3
S 148851418 292 100362 3
S 148870417 292 100363 3
S 148889416 292 100364 3
S 148908415 292 100361 3
S 148927413 292 100365 3
S 148946412 292 100364 3
S 148965411 292 100365 3
S 148984410 292 100363 3
S 149003409 292 100362 3
S 149022407 292 100361 3
S 149041406 292 100365 3
S 149060405 292 100370 3
S 149079404 292 100368 3
S 149098403 292 100361 3
S 149117401 292 100361 3
S 149136400 292 100363 3
S 149155399 292 100364 3
S 149174398 292 100361 3
S 149193397 292 100359 3
S 149212396 292 100359 3
S 149231394 292 100359 3
S 149250393 292 100363 3
S 149269392 292 100362 3
S 149288391 292 100361 3
S 149307390 292 100360 3
S 149326388 292 100361 3
S 149345387 292 100359 3
S 149364386 292 100362 3
S 149383385 292 100360 3
S 149402384 292 100359 3
S 149421382 292 100363 3
S 149440381 292 100361 3
S 149459380 292 100362 3
S 149478379 292 100358 3
S 149497378 292 100361 3
S 149516377 292 100364 3
S 149535375 292 100362 3
S 149554374 292 100361 3
S 149573373 292 100360 3
S 149592372 292 100361 3
S 149615370 292 100363 3
S 149634369 292 100364 3
S 149653368 292 100361 3
S 149672367 292 100362 3
S 149691366 292 100363 3
S 149710364 292 100363 3
S 149729363 292 100359 3
S 149748362 292 100362 3
S 149767361 292 100362 3
S 149786360 292 100364 3
S 149805358 292 100362 3
S 149824357 292 100363 3
S 149843356 292 100364 3
S 149862355 292 100365 3
S 149881354 292 100361 3
S 149900353 292 100366 3
S 149919351 292 100361 3
S 149938350 292 100361 3
S 149957349 292 100369 3
S 149976348 292 100364 3
S 149995347 292 100365 3
S 150014345 292 100368 3
S 150033344 292 100365 3
S 150052343 292 100365 3
S 150071342 292 100367 3
S 150090341 292 100364 3
S 150109339 292 100363 3
S 150128338 292 100365 3
S 150147337 292 100364 3
S 150166336 292 100364 3
S 150185335 292 100361 3
S 150204334 292 100362 3
