# capture_start_utc=2026-08-30T11:09:33Z
S 6052322 287 101724 1
S 6059322 287 101724 1
S 6071321 288 101738 1
S 6078321 288 101739 1
S 6085320 288 101738 1
S 6092320 288 101732 1
S 6136317 288 101740 2
S 6147316 288 101735 2
S 6158316 288 101732 2
S 6169315 288 101734 2
S 6180314 288 101733 2
S 6191314 288 101735 2
[[DEBUG]] Starting [[SENSOR TASK]]
[SELFTEST] compensate: T=150 (exp 150)  P=69964 (exp 69964)  -> PASS
#BMP180 v1 fw=1.5.0 temp_ms=1000
[[DEBUG]] BMP180 registered on /dev/bmp180-0
S 46698 288 101745 0
S 51697 288 101736 0
S 56697 288 101742 0
S 61697 288 101739 0
S 66696 288 101736 0
S 71696 288 101736 0
S 76696 288 101742 0
S 81696 288 101742 0
S 86695 288 101739 0
S 91695 288 101742 0
S 96695 288 101739 0
S 101694 288 101739 0
S 106694 288 101733 0
S 111694 288 101736 0
S 116693 288 101733 0
S 121693 288 101736 0
S 126693 288 101739 0
S 131692 288 101739 0
S 136692 288 101736 0
S 141692 288 101736 0
S 146691 288 101733 0
S 151691 288 101736 0
S 156691 288 101733 0
S 161691 288 101736 0
S 166690 288 101733 0
S 171690 288 101736 0
S 176690 288 101745 0
S 181689 288 101730 0
S 186689 288 101739 0
S 191689 288 101739 0
S 196688 288 101739 0
S 201688 288 101739 0
S 206688 288 101742 0
S 211687 288 101745 0
S 216687 288 101739 0
S 221687 288 101739 0
S 226686 288 101736 0
S 231686 288 101736 0
S 236686 288 101733 0
S 241686 288 101736 0
S 246685 288 101736 0
S 251685 288 101739 0
S 256685 288 101736 0
S 261684 288 101736 0
S 266684 288 101739 0
S 271684 288 101736 0
S 276683 288 101739 0
S 281683 288 101736 0
S 286683 288 101733 0
S 291682 288 101733 0
S 296682 288 101736 0
S 301682 288 101736 0
S 306681 288 101733 0
S 311681 288 101736 0
S 316681 288 101736 0
S 321681 288 101736 0
S 326680 288 101736 0
S 331680 288 101736 0
S 336680 288 101745 0
S 341679 288 101736 0
S 346679 288 101736 0
S 351679 288 101733 0
S 356678 288 101742 0
S 361678 288 101736 0
S 366678 288 101739 0
S 371677 288 101733 0
S 376677 288 101736 0
S 381677 288 101727 0
S 386676 288 101727 0
S 391676 288 101733 0
S 396676 288 101730 0
S 401676 288 101736 0
S 406675 288 101730 0
S 411675 288 101727 0
S 416675 288 101733 0
S 421674 288 101730 0
S 426674 288 101724 0
S 431674 288 101736 0
S 436673 288 101730 0
S 441673 288 101727 0
S 446673 288 101733 0
S 451672 288 101730 0
S 456672 288 101739 0
S 461672 288 101730 0
S 466671 288 101736 0
S 471671 288 101733 0
S 476671 288 101730 0
S 481671 288 101736 0
S 486670 288 101733 0
S 491670 288 101736 0
S 496670 288 101730 0
S 501669 288 101736 0
S 506669 288 101730 0
S 511669 288 101727 0
S 516668 288 101745 0
S 521668 288 101733 0
S 526668 288 101736 0
S 531667 288 101733 0
S 536667 288 101736 0
S 541667 288 101733 0
S 546666 288 101727 0
S 551666 288 101745 0
S 556666 288 101736 0
S 561666 288 101733 0
S 566665 288 101736 0
S 571665 288 101730 0
S 576665 288 101736 0
S 581664 288 101736 0
S 586664 288 101733 0
S 591664 288 101730 0
S 596663 288 101733 0
S 601663 288 101739 0
S 606663 288 101733 0
S 611662 288 101733 0
S 616662 288 101736 0
S 621662 288 101739 0
S 626661 288 101733 0
S 631661 288 101739 0
S 636661 288 101733 0
S 641661 288 101736 0
S 646660 288 101727 0
S 651660 288 101745 0
S 656660 288 101739 0
S 661659 288 101736 0
S 666659 288 101736 0
S 671659 288 101739 0
S 676658 288 101733 0
S 681658 288 101736 0
S 686658 288 101742 0
S 691657 288 101736 0
S 696657 288 101745 0
S 701657 288 101739 0
S 706656 288 101736 0
S 711656 288 101736 0
S 716656 288 101736 0
S 721656 288 101739 0
S 726655 288 101742 0
S 731655 288 101739 0
S 736655 288 101736 0
S 741654 288 101733 0
S 746654 288 101739 0
S 751654 288 101739 0
S 756653 288 101739 0
S 761653 288 101742 0
S 766653 288 101739 0
S 771652 288 101745 0
S 776652 288 101736 0
S 781652 288 101739 0
S 786651 288 101739 0
S 791651 288 101739 0
S 796651 288 101739 0
S 801651 288 101733 0
S 806650 288 101730 0
S 811650 288 101730 0
S 816650 288 101739 0
S 821649 288 101736 0
S 826649 288 101742 0
S 831649 288 101736 0
S 836648 288 101736 0
S 841648 288 101733 0
S 846648 288 101739 0
S 851647 288 101739 0
S 856647 288 101733 0
S 861647 288 101739 0
S 866646 288 101736 0
S 871646 288 101739 0
S 876646 288 101739 0
S 881646 288 101736 0
S 886645 288 101733 0
S 891645 288 101736 0
S 896645 288 101736 0
S 901644 288 101739 0
S 906644 288 101739 0
S 911644 288 101739 0
S 916643 288 101739 0
S 921643 288 101733 0
S 926643 288 101733 0
S 931642 288 101736 0
S 936642 288 101730 0
S 941642 288 101742 0
S 946641 288 101733 0
S 951641 288 101736 0
S 956641 288 101730 0
S 961641 288 101736 0
S 966640 288 101742 0
S 971640 288 101745 0
S 976640 288 101736 0
S 981639 288 101736 0
S 986639 288 101730 0
S 991639 288 101739 0
S 996638 288 101739 0
S 1001639 288 101739 0
S 1006638 288 101733 0
S 1011637 288 101733 0
S 1016637 288 101736 0
S 1021637 288 101733 0
S 1026644 288 101733 0
S 1036636 288 101736 0
S 1041636 288 101736 0
S 1046635 288 101736 0
S 1051635 288 101739 0
S 1056635 288 101736 0
S 1061634 288 101736 0
S 1066634 288 101736 0
S 1071634 288 101736 0
S 1076633 288 101736 0
S 1081633 288 101730 0
S 1086633 288 101739 0
S 1091632 288 101733 0
S 1096632 288 101745 0
S 1101632 288 101730 0
S 1106631 288 101733 0
S 1111638 288 101739 0
S 1116631 288 101733 0
S 1121631 288 101733 0
S 1126630 288 101736 0
S 1131630 288 101733 0
S 1136630 288 101736 0
S 1141629 288 101739 0
S 1146636 288 101733 0
S 1151629 288 101727 0
S 1156628 288 101739 0
S 1161628 288 101739 0
S 1166628 288 101739 0
S 1171627 288 101736 0
S 1176627 288 101730 0
S 1181634 288 101733 0
S 1186626 288 101733 0
S 1191626 288 101736 0
S 1196626 288 101724 0
S 1201626 288 101733 0
S 1206625 288 101739 0
S 1211625 288 101742 0
S 1216625 288 101736 0
S 1221624 288 101733 0
S 1226624 288 101733 0
S 1231624 288 101733 0
S 1236623 288 101730 0
S 1241623 288 101733 0
S 1246623 288 101733 0
S 1251622 288 101739 0
S 1256622 288 101745 0
S 1261622 288 101742 0
S 1266621 288 101736 0
S 1271621 288 101733 0
S 1276621 288 101727 0
S 1281621 288 101742 0
S 1286620 288 101742 0
S 1291620 288 101736 0
S 1296620 288 101739 0
S 1301619 288 101736 0
S 1306619 288 101736 0
S 1311619 288 101733 0
S 1316618 288 101733 0
S 1321618 288 101742 0
S 1326618 288 101736 0
S 1331617 288 101742 0
S 1336624 288 101739 0
S 1341617 288 101733 0
S 1346616 288 101739 0
S 1351616 288 101736 0
S 1356616 288 101739 0
S 1361616 288 101742 0
S 1366615 288 101739 0
S 1371615 288 101736 0
S 1376615 288 101745 0
S 1381614 288 101736 0
S 1386614 288 101736 0
S 1391614 288 101739 0
S 1396613 288 101739 0
S 1401613 288 101745 0
S 1406613 288 101739 0
S 1411612 288 101733 0
S 1416612 288 101736 0
S 1421612 288 101736 0
S 1426611 288 101739 0
S 1431611 288 101739 0
S 1436611 288 101730 0
S 1441611 288 101733 0
S 1446610 288 101739 0
S 1451610 288 101736 0
S 1456617 288 101736 0
S 1461609 288 101736 0
S 1466609 288 101736 0
S 1471609 288 101736 0
S 1476608 288 101730 0
S 1481608 288 101736 0
S 1486608 288 101736 0
S 1491614 288 101739 0
S 1496607 288 101736 0
S 1501607 288 101748 0
S 1506606 288 101733 0
S 1511606 288 101733 0
S 1516606 288 101733 0
S 1521606 288 101739 0
S 1526605 288 101733 0
S 1531605 288 101736 0
S 1536605 288 101730 0
S 1541604 288 101736 0
S 1546604 288 101727 0
S 1551604 288 101733 0
S 1556603 288 101733 0
S 1561603 288 101733 0
S 1566603 288 101727 0
S 1571602 288 101736 0
S 1576602 288 101733 0
S 1581602 288 101736 0
S 1586601 288 101733 0
S 1591601 288 101733 0
S 1596601 288 101730 0
S 1601601 288 101727 0
S 1606600 288 101736 0
S 1611600 288 101733 0
S 1616600 288 101733 0
S 1621599 288 101736 0
S 1626599 288 101730 0
S 1631599 288 101727 0
S 1636598 288 101736 0
S 1641598 288 101733 0
S 1646605 288 101733 0
S 1651597 288 101736 0
S 1656597 288 101736 0
S 1661597 288 101730 0
S 1666596 288 101730 0
S 1671596 288 101730 0
S 1676596 288 101739 0
S 1681603 288 101739 0
S 1686595 288 101736 0
S 1691595 288 101733 0
S 1696595 288 101736 0
S 1701594 288 101730 0
S 1706594 288 101733 0
S 1711594 288 101739 0
S 1716593 288 101742 0
S 1721593 288 101739 0
S 1726593 288 101736 0
S 1731592 288 101733 0
S 1736592 288 101733 0
S 1741592 288 101739 0
S 1746591 288 101742 0
S 1751591 288 101736 0
S 1756591 288 101730 0
S 1761591 288 101733 0
S 1766590 288 101736 0
S 1771590 288 101733 0
S 1776590 288 101730 0
S 1781589 288 101730 0
S 1786589 288 101739 0
S 1791589 288 101739 0
S 1796588 288 101739 0
S 1801588 288 101739 0
S 1806588 288 101733 0
S 1811587 288 101736 0
S 1816587 288 101730 0
S 1821587 288 101733 0
S 1826586 288 101733 0
S 1831586 288 101733 0
S 1836593 288 101733 0
S 1841586 288 101739 0
S 1846585 288 101739 0
S 1851585 288 101742 0
S 1856585 288 101739 0
S 1861584 288 101739 0
S 1866584 288 101739 0
S 1871591 288 101733 0
S 1876583 288 101739 0
S 1881583 288 101745 0
S 1886583 288 101739 0
S 1891582 288 101742 0
S 1896582 288 101745 0
S 1901582 288 101736 0
S 1906581 288 101742 0
S 1911581 288 101745 0
S 1916581 288 101751 0
S 1921581 288 101745 0
S 1926580 288 101745 0
S 1931580 288 101739 0
S 1936580 288 101739 0
S 1941579 288 101739 0
S 1946579 288 101739 0
S 1951579 288 101745 0
S 1956578 288 101739 0
S 1961578 288 101748 0
S 1966578 288 101736 0
S 1971577 288 101745 0
S 1976577 288 101739 0
S 1981577 288 101739 0
S 1986576 288 101733 0
S 1991583 288 101739 0
S 1996576 288 101736 0
S 2001576 288 101736 0
S 2006575 288 101736 0
S 2011575 288 101745 0
S 2016575 288 101739 0
S 2021574 288 101736 0
S 2026581 288 101745 0
S 2031574 288 101745 0
S 2041573 288 101745 0
S 2046573 288 101739 0
S 2051572 288 101748 0
S 2056572 288 101745 0
S 2061579 288 101745 0
S 2066571 288 101739 0
S 2071571 288 101745 0
S 2076571 288 101742 0
S 2081571 288 101742 0
S 2086570 288 101739 0
S 2091570 288 101742 0
S 2096570 288 101742 0
S 2101569 288 101742 0
S 2106569 288 101745 0
S 2111569 288 101742 0
S 2116568 288 101739 0
S 2121568 288 101742 0
S 2126568 288 101739 0
S 2131567 288 101739 0
S 2136567 288 101745 0
S 2141567 288 101745 0
S 2146566 288 101745 0
S 2151566 288 101742 0
S 2156566 288 101739 0
S 2161566 288 101742 0
S 2166565 288 101745 0
S 2171565 288 101748 0
S 2176565 288 101745 0
S 2181571 288 101748 0
S 2186564 288 101742 0
S 2191564 288 101745 0
S 2196563 288 101748 0
S 2201563 288 101739 0
S 2206563 288 101745 0
S 2211562 288 101745 0
S 2216569 288 101739 0
S 2221562 288 101748 0
S 2226561 288 101739 0
S 2231561 288 101748 0
S 2236561 288 101742 0
S 2241561 288 101739 0
S 2246560 288 101745 0
S 2251560 288 101745 0
S 2256560 288 101748 0
S 2261559 288 101748 0
S 2266559 288 101748 0
S 2271559 288 101748 0
S 2276558 288 101745 0
S 2281558 288 101745 0
S 2286558 288 101739 0
S 2291557 288 101739 0
S 2296557 288 101745 0
S 2301557 288 101745 0
S 2306556 288 101739 0
S 2311556 288 101742 0
S 2316556 288 101745 0
S 2321556 288 101745 0
S 2326555 288 101742 0
S 2331555 288 101745 0
S 2336555 288 101751 0
S 2341554 288 101739 0
S 2346554 288 101742 0
S 2351554 288 101745 0
S 2356553 288 101748 0
S 2361553 288 101739 0
S 2366553 288 101739 0
S 2371559 288 101745 0
S 2376552 288 101736 0
S 2381552 288 101751 0
S 2386551 288 101745 0
S 2391551 288 101748 0
S 2396551 288 101736 0
S 2401551 288 101745 0
S 2406557 288 101748 0
S 2411550 288 101745 0
S 2416550 288 101745 0
S 2421549 288 101745 0
S 2426549 288 101748 0
S 2431549 288 101745 0
S 2436548 288 101742 0
S 2441548 288 101745 0
S 2446548 288 101751 0
S 2451547 288 101748 0
S 2456547 288 101733 0
S 2461547 288 101751 0
S 2466546 288 101745 0
S 2471546 288 101733 0
S 2476546 288 101751 0
S 2481546 288 101745 0
S 2486545 288 101742 0
S 2491545 288 101745 0
S 2496545 288 101751 0
S 2501544 288 101745 0
S 2506544 288 101745 0
S 2511544 288 101748 0
S 2516543 288 101751 0
S 2521543 288 101745 0
S 2526543 288 101748 0
S 2531542 288 101751 0
S 2536542 288 101745 0
S 2541542 288 101748 0
S 2546541 288 101739 0
S 2551541 288 101745 0
S 2579539 288 101741 1
S 2586539 288 101747 1
S 2593539 288 101745 1
S 2600538 288 101742 1
S 2607538 288 101739 1
S 2614537 288 101744 1
S 2621537 288 101735 1
S 2628536 288 101748 1
S 2635536 288 101744 1
S 2642535 288 101750 1
S 2649535 288 101745 1
S 2656535 288 101744 1
S 2663534 288 101739 1
S 2670534 288 101745 1
S 2677533 288 101741 1
S 2684533 288 101741 1
S 2691532 288 101747 1
S 2698532 288 101741 1
S 2705532 288 101742 1
S 2712531 288 101745 1
S 2719531 288 101742 1
S 2726530 288 101742 1
S 2733530 288 101742 1
S 2740529 288 101739 1
S 2747529 288 101745 1
S 2754528 288 101748 1
S 2761528 288 101748 1
S 2768528 288 101747 1
S 2775527 288 101750 1
S 2782527 288 101745 1
S 2789526 288 101748 1
S 2796526 288 101742 1
S 2803525 288 101747 1
S 2810525 288 101744 1
S 2817525 288 101745 1
S 2824524 288 101745 1
S 2831524 288 101745 1
S 2838523 288 101747 1
S 2845523 288 101744 1
S 2852522 288 101742 1
S 2859522 288 101741 1
S 2866521 288 101744 1
S 2873521 288 101745 1
S 2880521 288 101744 1
S 2887520 288 101748 1
S 2894520 288 101744 1
S 2901519 288 101748 1
S 2908519 288 101742 1
S 2915518 288 101748 1
S 2922518 288 101748 1
S 2929518 288 101750 1
S 2936517 288 101744 1
S 2943517 288 101750 1
S 2950516 288 101742 1
S 2957516 288 101738 1
S 2964515 288 101738 1
S 2971515 288 101747 1
S 2978514 288 101744 1
S 2985514 288 101744 1
S 2992514 288 101748 1
S 2999513 288 101745 1
S 3006513 288 101744 1
S 3013512 288 101742 1
S 3020512 288 101738 1
S 3027511 288 101741 1
S 3034511 288 101735 1
S 3041511 288 101741 1
S 3053510 288 101739 1
S 3060509 288 101736 1
S 3067509 288 101736 1
S 3074508 288 101736 1
S 3081508 288 101733 1
S 3088508 288 101733 1
S 3095507 288 101739 1
S 3102507 288 101735 1
S 3109506 288 101735 1
S 3116506 288 101739 1
S 3123505 288 101738 1
S 3130505 288 101733 1
S 3137505 288 101732 1
S 3144504 288 101736 1
S 3151504 288 101732 1
S 3158503 288 101735 1
S 3165503 288 101732 1
S 3172502 288 101733 1
S 3179502 288 101738 1
S 3186501 288 101733 1
S 3193501 288 101733 1
S 3200501 288 101739 1
S 3207500 288 101732 1
S 3214500 288 101732 1
S 3221499 288 101735 1
S 3228499 288 101736 1
S 3235498 288 101732 1
S 3242498 288 101741 1
S 3249498 288 101733 1
S 3256497 288 101730 1
S 3263497 288 101738 1
S 3270496 288 101738 1
S 3277496 288 101742 1
S 3284495 288 101739 1
S 3291495 288 101741 1
S 3298494 288 101741 1
S 3305494 288 101741 1
S 3312494 288 101742 1
S 3319493 288 101738 1
S 3326493 288 101742 1
S 3333492 288 101742 1
S 3340492 288 101736 1
S 3347491 288 101742 1
S 3354491 288 101733 1
S 3361491 288 101733 1
S 3368490 288 101738 1
S 3375490 288 101741 1
S 3382489 288 101742 1
S 3389489 288 101738 1
S 3396488 288 101741 1
S 3403488 288 101741 1
S 3410487 288 101735 1
S 3417487 288 101741 1
S 3424487 288 101738 1
S 3431486 288 101741 1
S 3438486 288 101742 1
S 3445485 288 101733 1
S 3452485 288 101736 1
S 3459484 288 101745 1
S 3466484 288 101739 1
S 3473484 288 101735 1
S 3480483 288 101735 1
S 3487483 288 101736 1
S 3494482 288 101730 1
S 3501482 288 101736 1
S 3508481 288 101738 1
S 3515481 288 101730 1
S 3522480 288 101733 1
S 3529480 288 101739 1
S 3536480 288 101741 1
S 3543479 288 101735 1
S 3550479 288 101732 1
S 3557478 288 101733 1
S 3564478 288 101739 1
S 3571477 288 101732 1
S 3578477 288 101739 1
S 3585477 288 101736 1
S 3592476 288 101733 1
S 3599476 288 101738 1
S 3606475 288 101736 1
S 3613475 288 101726 1
S 3620474 288 101733 1
S 3627474 288 101733 1
S 3634473 288 101735 1
S 3641473 288 101733 1
S 3648473 288 101738 1
S 3655472 288 101736 1
S 3662472 288 101735 1
S 3669471 288 101730 1
S 3676471 288 101727 1
S 3683470 288 101733 1
S 3690470 288 101733 1
S 3697470 288 101738 1
S 3704469 288 101733 1
S 3711469 288 101736 1
S 3718468 288 101732 1
S 3725468 288 101733 1
S 3732467 288 101729 1
S 3739467 288 101732 1
S 3746466 288 101729 1
S 3753466 288 101735 1
S 3760466 288 101735 1
S 3767465 288 101729 1
S 3774465 288 101733 1
S 3781464 288 101732 1
S 3788464 288 101736 1
S 3795463 288 101735 1
S 3802463 288 101733 1
S 3809463 288 101738 1
S 3816462 288 101735 1
S 3823462 288 101733 1
S 3830461 288 101739 1
S 3837461 288 101741 1
S 3844460 288 101735 1
S 3851460 288 101736 1
S 3858459 288 101733 1
S 3865459 288 101732 1
S 3872459 288 101729 1
S 3879458 288 101730 1
S 3886458 288 101730 1
S 3893457 288 101730 1
S 3900457 288 101738 1
S 3907456 288 101733 1
S 3914456 288 101735 1
S 3921456 288 101732 1
S 3928455 288 101733 1
S 3935455 288 101736 1
S 3942454 288 101732 1
S 3949454 288 101729 1
S 3956453 288 101736 1
S 3963453 288 101733 1
S 3970452 288 101735 1
S 3977452 288 101733 1
S 3984452 288 101736 1
S 3991451 288 101732 1
S 3998451 288 101726 1
S 4005450 288 101729 1
S 4012450 288 101736 1
S 4019449 288 101729 1
S 4026449 288 101735 1
S 4033449 288 101732 1
S 4040448 288 101732 1
S 4047448 288 101729 1
S 4059447 288 101745 1
S 4066446 288 101733 1
S 4073446 288 101738 1
S 4080446 288 101741 1
S 4087445 288 101738 1
S 4094445 288 101735 1
S 4101444 288 101738 1
S 4108444 288 101732 1
S 4115443 288 101735 1
S 4122443 288 101736 1
S 4129443 288 101733 1
S 4136442 288 101739 1
S 4143442 288 101736 1
S 4150441 288 101739 1
S 4157441 288 101735 1
S 4164440 288 101744 1
S 4171440 288 101741 1
S 4178439 288 101741 1
S 4185439 288 101738 1
S 4192439 288 101742 1
S 4199438 288 101736 1
S 4206438 288 101742 1
S 4213437 288 101747 1
S 4220437 288 101736 1
S 4227436 288 101739 1
S 4234436 288 101742 1
S 4241436 288 101742 1
S 4248435 288 101741 1
S 4255435 288 101739 1
S 4262434 288 101738 1
S 4269434 288 101741 1
S 4276433 288 101748 1
S 4283433 288 101742 1
S 4290432 288 101739 1
S 4297432 288 101742 1
S 4304432 288 101738 1
S 4311431 288 101733 1
S 4318431 288 101738 1
S 4325430 288 101736 1
S 4332430 288 101747 1
S 4339429 288 101742 1
S 4346429 288 101747 1
S 4353429 288 101738 1
S 4360428 288 101745 1
S 4367428 288 101742 1
S 4374427 288 101736 1
S 4381427 288 101738 1
S 4388426 288 101744 1
S 4395426 288 101748 1
S 4402425 288 101744 1
S 4409425 288 101748 1
S 4416425 288 101742 1
S 4423424 288 101744 1
S 4430424 288 101745 1
S 4437423 288 101744 1
S 4444423 288 101733 1
S 4451422 288 101733 1
S 4458422 288 101738 1
S 4465422 288 101744 1
S 4472421 288 101733 1
S 4479421 288 101739 1
S 4486420 288 101741 1
S 4493420 288 101739 1
S 4500419 288 101748 1
S 4507419 288 101742 1
S 4514418 288 101745 1
S 4521418 288 101736 1
S 4528418 288 101739 1
S 4535417 288 101733 1
S 4542417 288 101739 1
S 4549416 288 101741 1
S 4556416 288 101733 1
S 4563415 288 101733 1
S 4570415 288 101744 1
S 4577415 288 101742 1
S 4584414 288 101744 1
S 4591414 288 101745 1
S 4598413 288 101742 1
S 4605413 288 101738 1
S 4612412 288 101736 1
S 4619412 288 101738 1
S 4626411 288 101742 1
S 4633411 288 101738 1
S 4640411 288 101744 1
S 4647410 288 101742 1
S 4654410 288 101741 1
S 4661409 288 101739 1
S 4668409 288 101744 1
S 4675408 288 101741 1
S 4682408 288 101742 1
S 4689408 288 101741 1
S 4696407 288 101738 1
S 4703407 288 101748 1
S 4710406 288 101742 1
S 4717406 288 101747 1
S 4724405 288 101748 1
S 4731405 288 101736 1
S 4738404 288 101739 1
S 4745404 288 101741 1
S 4752404 288 101739 1
S 4759403 288 101739 1
S 4766403 288 101741 1
S 4773402 288 101744 1
S 4780402 288 101739 1
S 4787401 288 101741 1
S 4794401 288 101744 1
S 4801401 288 101742 1
S 4808400 288 101744 1
S 4815400 288 101744 1
S 4822399 288 101744 1
S 4829399 288 101745 1
S 4836398 288 101739 1
S 4843398 288 101741 1
S 4850397 288 101744 1
S 4857397 288 101739 1
S 4864397 288 101741 1
S 4871396 288 101747 1
S 4878396 288 101741 1
S 4885395 288 101744 1
S 4892395 288 101735 1
S 4899394 288 101747 1
S 4906394 288 101738 1
S 4913394 288 101738 1
S 4920393 288 101738 1
S 4927393 288 101736 1
S 4934392 288 101736 1
S 4941392 288 101738 1
S 4948391 288 101747 1
S 4955391 288 101741 1
S 4962390 288 101735 1
S 4969390 288 101738 1
S 4976390 288 101733 1
S 4983389 288 101736 1
S 4990389 288 101738 1
S 4997388 288 101736 1
S 5004388 288 101739 1
S 5011387 288 101735 1
S 5018387 288 101736 1
S 5025387 288 101736 1
S 5032386 288 101736 1
S 5039386 288 101735 1
S 5046385 288 101732 1
S 5053385 288 101735 1
S 5065384 288 101735 1
S 5072384 288 101727 1
S 5079383 288 101730 1
S 5086383 288 101730 1
S 5093382 288 101727 1
S 5100382 288 101732 1
S 5107381 288 101729 1
S 5114381 288 101732 1
S 5121381 288 101739 1
S 5128380 288 101738 1
S 5135380 288 101736 1
S 5142379 288 101730 1
S 5149379 288 101732 1
S 5156378 288 101735 1
S 5163378 288 101733 1
S 5170377 288 101736 1
S 5177377 288 101736 1
S 5184377 288 101739 1
S 5191376 288 101738 1
S 5198376 288 101733 1
S 5205375 288 101732 1
S 5212375 288 101732 1
S 5219374 288 101735 1
S 5226374 288 101739 1
S 5233374 288 101739 1
S 5240373 288 101735 1
S 5247373 288 101732 1
S 5254372 288 101732 1
S 5261372 288 101733 1
S 5268371 288 101732 1
S 5275371 288 101732 1
S 5282370 288 101733 1
S 5289370 288 101738 1
S 5296370 288 101738 1
S 5303369 288 101732 1
S 5310369 288 101736 1
S 5317368 288 101735 1
S 5324368 288 101735 1
S 5331367 288 101733 1
S 5338367 288 101727 1
S 5345367 288 101727 1
S 5352366 288 101733 1
S 5359366 288 101735 1
S 5366365 288 101732 1
S 5373365 288 101726 1
S 5380364 288 101730 1
S 5387364 288 101732 1
S 5394363 288 101730 1
S 5401363 288 101732 1
S 5408363 288 101727 1
S 5415362 288 101730 1
S 5422362 288 101727 1
S 5429361 288 101729 1
S 5436361 288 101727 1
S 5443360 288 101726 1
S 5450360 288 101732 1
S 5457360 288 101729 1
S 5464359 288 101724 1
S 5471359 288 101729 1
S 5478358 288 101727 1
S 5485358 288 101730 1
S 5492357 288 101729 1
S 5499357 288 101729 1
S 5506356 288 101727 1
S 5513356 288 101727 1
S 5520356 288 101732 1
S 5527355 288 101730 1
S 5534355 288 101733 1
S 5541354 288 101729 1
S 5548354 288 101723 1
S 5555353 288 101729 1
S 5562353 288 101729 1
S 5569353 288 101730 1
S 5576352 288 101732 1
S 5583352 288 101733 1
S 5590351 288 101726 1
S 5597351 288 101733 1
S 5604350 288 101729 1
S 5611350 288 101733 1
S 5618349 288 101733 1
S 5625349 288 101729 1
S 5632349 288 101733 1
S 5639348 288 101735 1
S 5646348 288 101732 1
S 5653347 288 101732 1
S 5660347 288 101735 1
S 5667346 288 101732 1
S 5674346 288 101732 1
S 5681346 288 101735 1
S 5688345 288 101730 1
S 5695345 288 101735 1
S 5702344 288 101738 1
S 5709344 288 101732 1
S 5716343 288 101733 1
S 5723343 288 101735 1
S 5730342 288 101738 1
S 5737342 288 101735 1
S 5744342 288 101730 1
S 5751341 288 101736 1
S 5758341 288 101741 1
S 5765340 288 101739 1
S 5772340 288 101733 1
S 5779339 288 101735 1
S 5786339 288 101733 1
S 5793339 288 101735 1
S 5800338 288 101735 1
S 5807338 288 101733 1
S 5814337 288 101729 1
S 5821337 288 101730 1
S 5828336 288 101729 1
S 5835336 288 101732 1
S 5842335 288 101735 1
S 5849335 288 101736 1
S 5856335 288 101735 1
S 5863334 288 101735 1
S 5870334 288 101741 1
S 5877333 288 101732 1
S 5884333 288 101736 1
S 5891332 288 101732 1
S 5898332 288 101735 1
S 5905332 288 101735 1
S 5912331 288 101733 1
S 5919331 288 101732 1
S 5926330 288 101732 1
S 5933330 288 101733 1
S 5940329 288 101730 1
S 5947329 288 101735 1
S 5954328 288 101736 1
S 5961328 288 101735 1
S 5968328 288 101732 1
S 5975327 288 101730 1
S 5982327 288 101733 1
S 5989326 288 101729 1
S 5996326 288 101729 1
S 6003325 288 101730 1
S 6010325 288 101730 1
S 6017325 288 101736 1
S 6024324 288 101729 1
S 6031324 288 101741 1
S 6038323 288 101733 1
S 6045323 288 101729 1
S 6052322 288 101732 1
S 6059322 288 101729 1
S 6071321 288 101738 1
S 6078321 288 101735 1
S 6085320 288 101739 1
S 6092320 288 101738 1
S 6136317 288 101739 2
S 6147316 288 101738 2
S 6158316 288 101738 2
S 6169315 288 101742 2
S 6180314 288 101735 2
S 6191314 288 101732 2
S 6202313 288 101732 2
S 6213312 288 101733 2
S 6224312 288 101735 2
S 6235311 288 101733 2
S 6246310 288 101734 2
S 6257310 288 101732 2
S 6268309 288 101730 2
S 6279308 288 101727 2
S 6290307 288 101734 2
S 6301307 288 101729 2
S 6312306 288 101734 2
S 6323305 288 101734 2
S 6334305 288 101733 2
S 6345304 288 101734 2
S 6356303 288 101734 2
S 6367303 288 101728 2
S 6378302 288 101732 2
S 6389301 288 101729 2
S 6400301 288 101733 2
S 6411300 288 101729 2
S 6422299 288 101737 2
S 6433299 288 101734 2
S 6444298 288 101730 2
S 6455297 288 101737 2
S 6466296 288 101733 2
S 6477296 288 101729 2
S 6488295 288 101727 2
S 6499294 288 101733 2
S 6510294 288 101732 2
S 6521293 288 101732 2
S 6532292 288 101730 2
S 6543292 288 101732 2
S 6554291 288 101729 2
S 6565290 288 101735 2
S 6576290 288 101736 2
S 6587289 288 101730 2
S 6598288 288 101732 2
S 6609288 288 101728 2
S 6620287 288 101734 2
S 6631286 288 101738 2
S 6642285 288 101734 2
S 6653285 288 101731 2
S 6664284 288 101732 2
S 6675283 288 101729 2
S 6686283 288 101728 2
S 6697282 288 101725 2
S 6708281 288 101725 2
S 6719281 288 101735 2
S 6730280 288 101731 2
S 6741279 288 101728 2
S 6752279 288 101729 2
S 6763278 288 101730 2
S 6774277 288 101732 2
S 6785277 288 101729 2
S 6796276 288 101729 2
S 6807275 288 101729 2
S 6818274 288 101725 2
S 6829274 288 101727 2
S 6840273 288 101724 2
S 6851272 288 101728 2
S 6862272 288 101722 2
S 6873271 288 101727 2
S 6884270 288 101727 2
S 6895270 288 101725 2
S 6906269 288 101725 2
S 6917268 288 101727 2
S 6928268 288 101729 2
S 6939267 288 101726 2
S 6950266 288 101731 2
S 6961266 288 101728 2
S 6972265 288 101727 2
S 6983264 288 101726 2
S 6994263 288 101727 2
S 7005263 288 101724 2
S 7016262 288 101727 2
S 7027261 288 101727 2
S 7038261 288 101727 2
S 7049260 288 101729 2
S 7060259 288 101726 2
S 7071259 288 101722 2
S 7087258 288 101730 2
S 7098257 288 101734 2
S 7109256 288 101733 2
S 7120256 288 101730 2
S 7131255 288 101736 2
S 7142254 288 101736 2
S 7153254 288 101733 2
S 7164253 288 101736 2
S 7175252 288 101733 2
S 7186251 288 101732 2
S 7197251 288 101731 2
S 7208250 288 101733 2
S 7219249 288 101735 2
S 7230249 288 101728 2
S 7241248 288 101728 2
S 7252247 288 101730 2
S 7263247 288 101733 2
S 7274246 288 101735 2
S 7285245 288 101730 2
S 7296245 288 101730 2
S 7307244 288 101732 2
S 7318243 288 101727 2
S 7329243 288 101727 2
S 7340242 288 101729 2
S 7351241 288 101730 2
S 7362240 288 101733 2
S 7373240 288 101733 2
S 7384239 288 101729 2
S 7395238 288 101733 2
S 7406238 288 101730 2
S 7417237 288 101735 2
S 7428236 288 101736 2
S 7439236 288 101732 2
S 7450235 288 101733 2
S 7461234 288 101732 2
S 7472234 288 101731 2
S 7483233 288 101733 2
S 7494232 288 101733 2
S 7505232 288 101735 2
S 7516231 288 101732 2
S 7527230 288 101733 2
S 7538229 288 101731 2
S 7549229 288 101734 2
S 7560228 288 101736 2
S 7571227 288 101734 2
S 7582227 288 101735 2
S 7593226 288 101732 2
S 7604225 288 101732 2
S 7615225 288 101729 2
S 7626224 288 101734 2
S 7637223 288 101737 2
S 7648223 288 101734 2
S 7659222 288 101735 2
S 7670221 288 101732 2
S 7681221 288 101733 2
S 7692220 288 101733 2
S 7703219 288 101730 2
S 7714218 288 101735 2
S 7725218 288 101731 2
S 7736217 288 101733 2
S 7747216 288 101730 2
S 7758216 288 101733 2
S 7769215 288 101735 2
S 7780214 288 101731 2
S 7791214 288 101735 2
S 7802213 288 101730 2
S 7813212 288 101731 2
S 7824212 288 101731 2
S 7835211 288 101735 2
S 7846210 288 101736 2
S 7857210 288 101732 2
S 7868209 288 101731 2
S 7879208 288 101729 2
S 7890207 288 101733 2
S 7901207 288 101732 2
S 7912206 288 101731 2
S 7923205 288 101730 2
S 7934205 288 101733 2
S 7945204 288 101735 2
S 7956203 288 101729 2
S 7967203 288 101730 2
S 7978202 288 101734 2
S 7989201 288 101727 2
S 8000201 288 101735 2
S 8011200 288 101730 2
S 8022199 288 101731 2
S 8033199 288 101734 2
S 8044198 288 101734 2
S 8055197 288 101732 2
S 8066196 288 101735 2
S 8077196 288 101734 2
S 8093195 288 101735 2
S 8104194 288 101730 2
S 8115193 288 101736 2
S 8126193 288 101736 2
S 8137192 288 101740 2
S 8148191 288 101733 2
S 8159191 288 101734 2
S 8170190 288 101734 2
S 8181189 288 101736 2
S 8192189 288 101731 2
S 8203188 288 101729 2
S 8214187 288 101735 2
S 8225187 288 101738 2
S 8236186 288 101733 2
S 8247185 288 101734 2
S 8258184 288 101733 2
S 8269184 288 101738 2
S 8280183 288 101734 2
S 8291182 288 101735 2
S 8302182 288 101739 2
S 8313181 288 101737 2
S 8324180 288 101733 2
S 8335180 288 101737 2
S 8346179 288 101735 2
S 8357178 288 101736 2
S 8368178 288 101733 2
S 8379177 288 101728 2
S 8390176 288 101729 2
S 8401176 288 101729 2
S 8412175 288 101726 2
S 8423174 288 101728 2
S 8434173 288 101727 2
S 8445173 288 101730 2
S 8456172 288 101730 2
S 8467171 288 101728 2
S 8478171 288 101733 2
S 8489170 288 101733 2
S 8500169 288 101733 2
S 8511169 288 101729 2
S 8522168 288 101734 2
S 8533167 288 101737 2
S 8544167 288 101730 2
S 8555166 288 101732 2
S 8566165 288 101738 2
S 8577165 288 101732 2
S 8588164 288 101732 2
S 8599163 288 101736 2
S 8610162 288 101734 2
S 8621162 288 101733 2
S 8632161 288 101733 2
S 8643160 288 101732 2
S 8654160 288 101735 2
S 8665159 288 101738 2
S 8676158 288 101733 2
S 8687158 288 101735 2
S 8698157 288 101734 2
S 8709156 288 101737 2
S 8720156 288 101733 2
S 8731155 288 101738 2
S 8742154 288 101735 2
S 8753154 288 101737 2
S 8764153 288 101733 2
S 8775152 288 101730 2
S 8786151 288 101731 2
S 8797151 288 101733 2
S 8808150 288 101735 2
S 8819149 288 101733 2
S 8830149 288 101735 2
S 8841148 288 101731 2
S 8852147 288 101726 2
S 8863147 288 101734 2
S 8874146 288 101735 2
S 8885145 288 101735 2
S 8896145 288 101730 2
S 8907144 288 101733 2
S 8918143 288 101730 2
S 8929143 288 101729 2
S 8940142 288 101727 2
S 8951141 288 101730 2
S 8962140 288 101726 2
S 8973140 288 101733 2
S 8984139 288 101734 2
S 8995138 288 101727 2
S 9006138 288 101735 2
S 9017137 288 101739 2
S 9028136 288 101735 2
S 9039136 288 101738 2
S 9050135 288 101735 2
S 9061134 288 101735 2
S 9072134 288 101736 2
S 9083133 288 101733 2
S 9099132 288 101741 2
S 9110131 288 101738 2
S 9121131 288 101740 2
S 9132130 288 101737 2
S 9143129 288 101738 2
S 9154128 288 101738 2
S 9165128 288 101738 2
S 9176127 288 101739 2
S 9187126 288 101741 2
S 9198126 288 101743 2
S 9209125 288 101738 2
S 9220124 288 101738 2
S 9231124 288 101738 2
S 9242123 288 101732 2
S 9253122 288 101735 2
S 9264122 288 101737 2
S 9275121 288 101737 2
S 9286120 288 101731 2
S 9297120 288 101737 2
S 9308119 288 101733 2
S 9319118 288 101736 2
S 9330117 288 101733 2
S 9341117 288 101732 2
S 9352116 288 101738 2
S 9363115 288 101733 2
S 9374115 288 101735 2
S 9385114 288 101732 2
S 9396113 288 101733 2
S 9407113 288 101735 2
S 9418112 288 101731 2
S 9429111 288 101730 2
S 9440111 288 101733 2
S 9451110 288 101736 2
S 9462109 288 101734 2
S 9473109 288 101733 2
S 9484108 288 101735 2
S 9495107 288 101732 2
S 9506106 288 101734 2
S 9517106 288 101729 2
S 9528105 288 101737 2
S 9539104 288 101738 2
S 9550104 288 101739 2
S 9561103 288 101740 2
S 9572102 288 101733 2
S 9583102 288 101737 2
S 9594101 288 101735 2
S 9605100 288 101736 2
S 9616100 288 101734 2
S 9627099 288 101733 2
S 9638098 288 101731 2
S 9649098 288 101736 2
S 9660097 288 101736 2
S 9671096 288 101733 2
S 9682095 288 101735 2
S 9693095 288 101734 2
S 9704094 288 101733 2
S 9715093 288 101731 2
S 9726093 288 101733 2
S 9737092 288 101732 2
S 9748091 288 101731 2
S 9759091 288 101733 2
S 9770090 288 101733 2
S 9781089 288 101737 2
S 9792089 288 101734 2
S 9803088 288 101738 2
S 9814087 288 101734 2
S 9825087 288 101735 2
S 9836086 288 101735 2
S 9847085 288 101732 2
S 9858084 288 101732 2
S 9869084 288 101731 2
S 9880083 288 101733 2
S 9891082 288 101726 2
S 9902082 288 101735 2
S 9913081 288 101730 2
S 9924080 288 101736 2
S 9935080 288 101737 2
S 9946079 288 101733 2
S 9957078 288 101733 2
S 9968078 288 101733 2
S 9979077 288 101735 2
S 9990076 288 101735 2
S 10001076 288 101731 2
S 10012075 288 101733 2
S 10023074 288 101735 2
S 10034073 288 101732 2
S 10045073 288 101736 2
S 10056072 288 101734 2
S 10067071 288 101735 2
S 10078071 288 101737 2
S 10089070 288 101736 2
S 10105069 288 101736 2
S 10116068 288 101741 2
S 10127068 288 101738 2
S 10138067 288 101736 2
S 10149066 288 101736 2
S 10160066 288 101736 2
S 10171065 288 101735 2
S 10182064 288 101733 2
S 10193064 288 101737 2
S 10204063 288 101738 2
S 10215062 288 101736 2
S 10226061 288 101736 2
S 10237061 288 101731 2
S 10248060 288 101735 2
S 10259059 288 101740 2
S 10270059 288 101732 2
S 10281058 288 101733 2
S 10292057 288 101736 2
S 10303057 288 101733 2
S 10314056 288 101734 2
S 10325055 288 101743 2
S 10336055 288 101735 2
S 10347054 288 101738 2
S 10358053 288 101735 2
S 10369053 288 101734 2
S 10380052 288 101738 2
S 10391051 288 101735 2
S 10402050 288 101736 2
S 10413050 288 101734 2
S 10424049 288 101733 2
S 10435048 288 101735 2
S 10446048 288 101730 2
S 10457047 288 101731 2
S 10468046 288 101736 2
S 10479046 288 101733 2
S 10490045 288 101738 2
S 10501044 288 101732 2
S 10512044 288 101736 2
S 10523043 288 101736 2
S 10534042 288 101730 2
S 10545042 288 101736 2
S 10556041 288 101731 2
S 10567040 288 101731 2
S 10578039 288 101733 2
S 10589039 288 101732 2
S 10600038 288 101734 2
S 10611037 288 101737 2
S 10622037 288 101733 2
S 10633036 288 101730 2
S 10644035 288 101737 2
S 10655035 288 101733 2
S 10666034 288 101738 2
S 10677033 288 101735 2
S 10688033 288 101735 2
S 10699032 288 101735 2
S 10710031 288 101729 2
S 10721031 288 101729 2
S 10732030 288 101733 2
S 10743029 288 101733 2
S 10754028 288 101735 2
S 10765028 288 101740 2
S 10776027 288 101737 2
S 10787026 288 101735 2
S 10798026 288 101738 2
S 10809025 288 101734 2
S 10820024 288 101733 2
S 10831024 288 101736 2
S 10842023 288 101736 2
S 10853022 288 101734 2
S 10864022 288 101736 2
S 10875021 288 101735 2
S 10886020 288 101736 2
S 10897020 288 101737 2
S 10908019 288 101733 2
S 10919018 288 101738 2
S 10930017 288 101738 2
S 10941017 288 101738 2
S 10952016 288 101730 2
S 10963015 288 101735 2
S 10974015 288 101730 2
S 10985014 288 101733 2
S 10996013 288 101734 2
S 11007013 288 101734 2
S 11018012 288 101733 2
S 11029011 288 101733 2
S 11040011 288 101733 2
S 11051010 288 101733 2
S 11062009 288 101734 2
S 11073009 288 101733 2
S 11084008 288 101739 2
S 11095007 288 101736 2
S 11111006 288 101742 2
S 11122005 288 101741 2
S 11133005 288 101742 2
S 11144004 288 101739 2
S 11155003 288 101738 2
S 11166003 288 101739 2
S 11177002 288 101739 2
S 11188001 288 101740 2
S 11199001 288 101742 2
S 11210000 288 101739 2
S 11220999 288 101742 2
S 11231999 288 101739 2
S 11242998 288 101740 2
S 11253997 288 101739 2
S 11264997 288 101736 2
S 11275996 288 101740 2
S 11286995 288 101743 2
S 11297994 288 101740 2
S 11308994 288 101736 2
S 11319993 288 101740 2
S 11330992 288 101740 2
S 11341992 288 101739 2
S 11352991 288 101739 2
S 11363990 288 101736 2
S 11374990 288 101739 2
S 11385989 288 101738 2
S 11396988 288 101741 2
S 11407988 288 101736 2
S 11418987 288 101737 2
S 11429986 288 101741 2
S 11440986 288 101742 2
S 11451985 288 101737 2
S 11462984 288 101739 2
S 11473983 288 101739 2
S 11484983 288 101736 2
S 11495982 288 101738 2
S 11506981 288 101736 2
S 11517981 288 101742 2
S 11528980 288 101738 2
S 11539979 288 101742 2
S 11550979 288 101739 2
S 11561978 288 101739 2
S 11572977 288 101740 2
S 11583977 288 101741 2
S 11594976 288 101742 2
S 11605975 288 101737 2
S 11616975 288 101739 2
S 11627974 288 101741 2
S 11638973 288 101737 2
S 11649972 288 101739 2
S 11725968 288 101735 3
S 11744967 288 101738 3
S 11763965 288 101736 3
S 11782964 288 101737 3
S 11801963 288 101738 3
S 11820962 288 101735 3
S 11839961 288 101732 3
S 11858959 288 101732 3
S 11877958 288 101734 3
S 11896957 288 101733 3
S 11915956 288 101731 3
S 11934955 288 101732 3
S 11953953 288 101730 3
S 11972952 288 101732 3
S 11991951 288 101735 3
S 12010950 288 101733 3
S 12029949 288 101734 3
S 12048948 288 101735 3
S 12067946 288 101733 3
S 12086945 288 101734 3
S 12105944 288 101738 3
S 12128942 288 101737 3
S 12147941 288 101737 3
S 12166940 288 101737 3
S 12185939 288 101738 3
S 12204938 288 101738 3
S 12223937 288 101735 3
S 12242935 288 101737 3
S 12261934 288 101736 3
S 12280933 288 101738 3
S 12299932 288 101738 3
S 12318931 288 101737 3
S 12337929 288 101736 3
S 12356928 288 101735 3
S 12375927 288 101736 3
S 12394926 288 101735 3
S 12413925 288 101737 3
S 12432924 288 101736 3
S 12451922 288 101737 3
S 12470921 288 101736 3
S 12489920 288 101735 3
S 12508919 288 101735 3
S 12527918 288 101737 3
S 12546916 288 101737 3
S 12565915 288 101738 3
S 12584914 288 101735 3
S 12603913 288 101739 3
S 12622912 288 101737 3
S 12641910 288 101735 3
S 12660909 288 101737 3
S 12679908 288 101737 3
S 12698907 288 101736 3
S 12717906 288 101735 3
S 12736905 288 101737 3
S 12755903 288 101734 3
S 12774902 288 101733 3
S 12793901 288 101736 3
S 12812900 288 101737 3
S 12831899 288 101736 3
S 12850897 288 101733 3
S 12869896 288 101731 3
S 12888895 288 101736 3
S 12907894 288 101733 3
S 12926893 288 101735 3
S 12945891 288 101735 3
S 12964890 288 101733 3
S 12983889 288 101735 3
S 13002888 288 101732 3
S 13021887 288 101734 3
S 13040886 288 101727 3
S 13059884 288 101729 3
S 13078883 288 101735 3
S 13097882 288 101729 3
S 13116881 288 101728 3
S 13139879 288 101733 3
S 13158878 288 101733 3
S 13177877 288 101729 3
S 13196876 288 101732 3
S 13215875 288 101731 3
S 13234873 288 101731 3
S 13253872 288 101737 3
S 13272871 288 101733 3
S 13291870 288 101731 3
S 13310869 288 101733 3
S 13329867 288 101735 3
S 13348866 288 101736 3
S 13367865 288 101736 3
S 13386864 288 101733 3
S 13405863 288 101735 3
S 13424862 288 101735 3
S 13443860 288 101735 3
S 13462859 288 101733 3
S 13481858 288 101734 3
S 13500857 288 101734 3
S 13519856 288 101731 3
S 13538854 288 101731 3
S 13557853 288 101735 3
S 13576852 288 101733 3
S 13595851 288 101729 3
S 13614850 288 101729 3
S 13633848 288 101734 3
S 13652847 288 101734 3
S 13671846 288 101737 3
S 13690845 288 101733 3
S 13709844 288 101732 3
S 13728843 288 101731 3
S 13747841 288 101733 3
S 13766840 288 101731 3
S 13785839 288 101732 3
S 13804838 288 101731 3
S 13823837 288 101734 3
S 13842835 288 101732 3
S 13861834 288 101733 3
S 13880833 288 101735 3
S 13899832 288 101734 3
S 13918831 288 101734 3
S 13937829 288 101733 3
S 13956828 288 101733 3
S 13975827 288 101736 3
S 13994826 288 101737 3
S 14013825 288 101734 3
S 14032824 288 101738 3
S 14051822 288 101736 3
S 14070821 288 101736 3
S 14089820 288 101735 3
S 14108819 288 101734 3
S 14127818 288 101740 3
S 14150816 288 101739 3
S 14169815 288 101734 3
S 14188814 288 101736 3
S 14207813 288 101736 3
S 14226811 288 101737 3
S 14245810 288 101738 3
S 14264809 288 101736 3
S 14283808 288 101736 3
S 14302807 288 101734 3
S 14321805 288 101734 3
S 14340804 288 101734 3
S 14359803 288 101737 3
S 14378802 288 101736 3
S 14397801 288 101740 3
S 14416800 288 101737 3
S 14435798 288 101734 3
S 14454797 288 101736 3
S 14473796 288 101737 3
S 14492795 288 101731 3
S 14511794 288 101739 3
S 14530792 288 101736 3
S 14549791 288 101734 3
S 14568790 288 101737 3
S 14587789 288 101737 3
S 14606788 288 101737 3
S 14625786 288 101737 3
S 14644785 288 101737 3
S 14663784 288 101736 3
S 14682783 288 101736 3
S 14701782 288 101739 3
S 14720781 288 101736 3
S 14739779 288 101737 3
S 14758778 288 101733 3
S 14777777 288 101734 3
S 14796776 288 101733 3
S 14815775 288 101730 3
S 14834773 288 101733 3
S 14853772 288 101735 3
S 14872771 288 101736 3
S 14891770 288 101734 3
S 14910769 288 101739 3
S 14929767 288 101737 3
S 14948766 288 101739 3
S 14967765 288 101738 3
S 14986764 288 101740 3
S 15005763 288 101739 3
S 15024762 288 101737 3
S 15043760 288 101736 3
S 15062759 288 101738 3
S 15081758 288 101740 3
S 15100757 288 101743 3
S 15119756 288 101741 3
S 15138754 288 101740 3
S 15161753 288 101742 3
S 15180752 288 101739 3
S 15199751 288 101740 3
S 15218749 288 101738 3
S 15237748 288 101740 3
S 15256747 288 101739 3
S 15275746 288 101742 3
S 15294745 288 101741 3
S 15313743 288 101741 3
S 15332742 288 101740 3
S 15351741 288 101736 3
S 15370740 288 101737 3
S 15389739 288 101738 3
S 15408738 288 101736 3
S 15427736 288 101738 3
S 15446735 288 101736 3
S 15465734 288 101739 3
S 15484733 288 101736 3
S 15503732 288 101735 3
S 15522730 288 101738 3
S 15541729 288 101740 3
S 15560728 288 101740 3
S 15579727 288 101739 3
S 15598726 288 101735 3
S 15617724 288 101736 3
S 15636723 288 101737 3
S 15655722 288 101735 3
S 15674721 288 101736 3
S 15693720 288 101733 3
S 15712719 288 101730 3
S 15731717 288 101731 3
S 15750716 288 101737 3
S 15769715 288 101738 3
S 15788714 288 101737 3
S 15807713 288 101738 3
S 15826711 288 101738 3
S 15845710 288 101739 3
S 15864709 288 101735 3
S 15883708 288 101740 3
S 15902707 288 101737 3
S 15921705 288 101742 3
S 15940704 288 101738 3
S 15959703 288 101738 3
S 15978702 288 101739 3
S 15997701 288 101735 3
S 16016700 288 101737 3
S 16035698 288 101741 3
S 16054697 288 101737 3
S 16073696 288 101737 3
S 16092695 288 101740 3
S 16111694 288 101737 3
S 16130692 288 101739 3
S 16149691 288 101737 3
S 16172690 288 101733 3
S 16191689 288 101733 3
S 16210687 288 101735 3
S 16229686 288 101730 3
S 16248685 288 101733 3
S 16267684 288 101740 3
S 16286683 288 101736 3
S 16305681 288 101731 3
S 16324680 288 101734 3
S 16343679 288 101733 3
S 16362678 288 101733 3
S 16381677 288 101735 3
S 16400676 288 101737 3
S 16419674 288 101732 3
S 16438673 288 101733 3
S 16457672 288 101734 3
S 16476671 288 101733 3
S 16495670 288 101733 3
S 16514668 288 101730 3
S 16533667 288 101732 3
S 16552666 288 101730 3
S 16571665 288 101734 3
S 16590664 288 101735 3
S 16609662 288 101729 3
S 16628661 288 101731 3
S 16647660 288 101733 3
S 16666659 288 101730 3
S 16685658 288 101731 3
S 16704657 288 101729 3
S 16723655 288 101730 3
S 16742654 288 101731 3
S 16761653 288 101733 3
S 16780652 288 101733 3
S 16799651 288 101732 3
S 16818649 288 101730 3
S 16837648 288 101730 3
S 16856647 288 101729 3
S 16875646 288 101732 3
S 16894645 288 101731 3
S 16913643 288 101730 3
S 16932642 288 101728 3
S 16951641 288 101726 3
S 16970640 288 101729 3
S 16989639 288 101729 3
S 17008638 288 101727 3
S 17027636 288 101728 3
S 17046635 288 101727 3
S 17065634 288 101728 3
S 17084633 288 101726 3
S 17103632 288 101731 3
S 17122630 288 101729 3
S 17141629 288 101731 3
S 17160628 288 101733 3
S 17183626 288 101739 3
S 17202625 288 101739 3
S 17221624 288 101737 3
S 17240623 288 101736 3
S 17259622 288 101735 3
S 17278621 288 101739 3
S 17297619 288 101744 3
S 17316618 288 101741 3
S 17335617 288 101736 3
S 17354616 288 101735 3
S 17373615 288 101739 3
S 17392614 288 101735 3
S 17411612 288 101741 3
S 17430611 288 101735 3
S 17449610 288 101738 3
S 17468609 288 101738 3
S 17487608 288 101737 3
S 17506606 288 101733 3
S 17525605 288 101733 3
S 17544604 288 101736 3
S 17563603 288 101738 3
S 17582602 288 101732 3
S 17601600 288 101738 3
S 17620599 288 101737 3
S 17639598 288 101735 3
S 17658597 288 101733 3
S 17677596 288 101734 3
S 17696595 288 101737 3
S 17715593 288 101732 3
S 17734592 288 101733 3
S 17753591 288 101733 3
S 17772590 288 101732 3
S 17791589 288 101732 3
S 17810587 288 101733 3
S 17829586 288 101733 3
S 17848585 288 101733 3
S 17867584 288 101736 3
S 17886583 288 101736 3
S 17905581 288 101735 3
S 17924580 288 101737 3
S 17943579 288 101733 3
S 17962578 288 101737 3
S 17981577 288 101738 3
S 18000576 288 101738 3
S 18019574 288 101733 3
S 18038573 288 101733 3
S 18057572 288 101739 3
S 18076571 288 101733 3
S 18095570 288 101737 3
S 18114568 288 101731 3
S 18133567 288 101733 3
S 18152566 288 101736 3
S 18171565 288 101733 3
S 18194563 288 101732 3
S 18213562 288 101734 3
S 18232561 288 101728 3
S 18251560 288 101730 3
S 18270559 288 101728 3
S 18289557 288 101728 3
S 18308556 288 101731 3
S 18327555 288 101728 3
S 18346554 288 101730 3
S 18365553 288 101733 3
S 18384552 288 101729 3
S 18403550 288 101732 3
S 18422549 288 101728 3
S 18441548 288 101728 3
S 18460547 288 101726 3
S 18479546 288 101727 3
S 18498544 288 101728 3
S 18517543 288 101729 3
S 18536542 288 101733 3
S 18555541 288 101727 3
S 18574540 288 101727 3
S 18593538 288 101727 3
S 18612537 288 101727 3
S 18631536 288 101727 3
S 18650535 288 101728 3
S 18669534 288 101726 3
S 18688533 288 101726 3
S 18707531 288 101728 3
S 18726530 288 101727 3
S 18745529 288 101730 3
S 18764528 288 101726 3
S 18783527 288 101727 3
S 18802525 288 101724 3
S 18821524 288 101723 3
S 18840523 288 101727 3
S 18859522 288 101731 3
S 18878521 288 101729 3
S 18897519 288 101732 3
S 18916518 288 101729 3
S 18935517 288 101728 3
S 18954516 288 101728 3
S 18973515 288 101732 3
S 18992514 288 101729 3
S 19011512 288 101730 3
S 19030511 288 101729 3
S 19049510 288 101729 3
S 19068509 288 101731 3
S 19087508 288 101735 3
S 19106506 288 101734 3
S 19125505 288 101733 3
S 19144504 288 101733 3
S 19163503 288 101735 3
S 19182502 288 101734 3
S 19205500 288 101734 3
S 19224499 288 101733 3
S 19243498 288 101730 3
S 19262497 288 101733 3
S 19281495 288 101731 3
S 19300494 288 101732 3
S 19319493 288 101733 3
S 19338492 288 101734 3
S 19357491 288 101736 3
S 19376490 288 101735 3
S 19395488 288 101735 3
S 19414487 288 101736 3
S 19433486 288 101735 3
S 19452485 288 101732 3
S 19471484 288 101732 3
S 19490482 288 101737 3
S 19509481 288 101736 3
S 19528480 288 101734 3
S 19547479 288 101735 3
S 19566478 288 101735 3
S 19585476 288 101737 3
S 19604475 288 101734 3
S 19623474 288 101734 3
S 19642473 288 101733 3
S 19661472 288 101731 3
S 19680471 288 101733 3
S 19699469 288 101731 3
S 19718468 288 101736 3
S 19737467 288 101736 3
S 19756466 288 101734 3
S 19775465 288 101739 3
S 19794463 288 101734 3
S 19813462 288 101734 3
S 19832461 288 101734 3
S 19851460 288 101737 3
S 19870459 288 101732 3
S 19889457 288 101736 3
S 19908456 288 101734 3
S 19927455 288 101737 3
S 19946454 288 101734 3
S 19965453 288 101734 3
S 19984452 288 101732 3
S 20003450 288 101733 3
S 20022449 288 101736 3
S 20041448 288 101736 3
S 20060447 288 101736 3
S 20079446 288 101734 3
S 20098444 288 101735 3
S 20117443 288 101730 3
S 20136442 288 101735 3
S 20155441 288 101730 3
S 20174440 288 101729 3
S 20193438 288 101730 3
S 20216437 288 101738 3
S 20235436 288 101736 3
S 20254435 288 101740 3
S 20273433 288 101734 3
S 20292432 288 101733 3
S 20311431 288 101736 3
S 20330430 288 101735 3
S 20349429 288 101736 3
S 20368428 288 101733 3
S 20387426 288 101734 3
S 20406425 288 101740 3
S 20425424 288 101735 3
S 20444423 288 101736 3
S 20463422 288 101734 3
S 20482420 288 101734 3
S 20501419 288 101734 3
S 20520418 288 101734 3
S 20539417 288 101735 3
S 20558416 288 101735 3
S 20577414 288 101735 3
S 20596413 288 101732 3
S 20615412 288 101730 3
S 20634411 288 101731 3
S 20653410 288 101736 3
S 20672409 288 101734 3
S 20691407 288 101729 3
S 20710406 288 101729 3
S 20729405 288 101733 3
S 20748404 288 101730 3
S 20767403 288 101728 3
S 20786401 288 101731 3
S 20805400 288 101733 3
S 20824399 288 101734 3
S 20843398 288 101732 3
S 20862397 288 101731 3
S 20881395 288 101730 3
S 20900394 288 101728 3
S 20919393 288 101729 3
S 20938392 288 101729 3
S 20957391 288 101734 3
S 20976390 288 101733 3
S 20995388 288 101734 3
S 21014387 288 101734 3
S 21033386 288 101732 3
S 21052385 288 101733 3
S 21071384 288 101731 3
S 21090382 288 101732 3
S 21109381 288 101734 3
S 21128380 288 101733 3
S 21147379 288 101732 3
S 21166378 288 101734 3
S 21185376 288 101731 3
S 21204375 288 101733 3
S 21227374 288 101732 3
S 21246373 288 101734 3
S 21257372 288 101729 2
S 21268371 288 101733 2
S 21279371 288 101736 2
S 21290370 288 101735 2
S 21301369 288 101735 2
S 21312369 288 101732 2
S 21323368 288 101732 2
S 21334367 288 101733 2
S 21345366 288 101732 2
S 21356366 288 101730 2
S 21367365 288 101727 2
S 21378364 288 101732 2
S 21389364 288 101729 2
S 21400363 288 101730 2
S 21411362 288 101728 2
S 21422362 288 101727 2
S 21433361 288 101724 2
S 21444360 288 101733 2
S 21455360 288 101729 2
S 21466359 288 101730 2
S 21477358 288 101733 2
S 21488358 288 101730 2
S 21499357 288 101728 2
S 21510356 288 101735 2
S 21521355 288 101735 2
S 21532355 288 101736 2
S 21543354 288 101736 2
S 21554353 288 101730 2
S 21565353 288 101733 2
S 21576352 288 101731 2
S 21587351 288 101733 2
S 21598351 288 101732 2
S 21609350 288 101735 2
S 21620349 288 101733 2
S 21631349 288 101736 2
S 21642348 288 101735 2
S 21653347 288 101730 2
S 21664347 288 101727 2
S 21675346 288 101729 2
S 21686345 288 101730 2
S 21697344 288 101730 2
S 21708344 288 101732 2
S 21719343 288 101734 2
S 21730342 288 101730 2
S 21741342 288 101728 2
S 21752341 288 101728 2
S 21763340 288 101733 2
S 21774340 288 101733 2
S 21785339 288 101725 2
S 21796338 288 101731 2
S 21807338 288 101732 2
S 21818337 288 101730 2
S 21829336 288 101733 2
S 21840336 288 101727 2
S 21851335 288 101728 2
S 21862334 288 101723 2
S 21873333 288 101724 2
S 21884333 288 101727 2
S 21895332 288 101730 2
S 21906331 288 101730 2
S 21917331 288 101733 2
S 21928330 288 101734 2
S 21939329 288 101726 2
S 21950329 288 101728 2
S 21961328 288 101728 2
S 21972327 288 101733 2
S 21983327 288 101727 2
S 21994326 288 101726 2
S 22005325 288 101729 2
S 22016325 288 101728 2
S 22027324 288 101729 2
S 22038323 288 101732 2
S 22049322 288 101735 2
S 22060322 288 101729 2
S 22071321 288 101733 2
S 22082320 288 101736 2
S 22093320 288 101731 2
S 22104319 288 101735 2
S 22115318 288 101733 2
S 22126318 288 101730 2
S 22137317 288 101733 2
S 22148316 288 101731 2
S 22159316 288 101730 2
S 22170315 288 101727 2
S 22181314 288 101729 2
S 22192314 288 101731 2
S 22203313 288 101732 2
S 22214312 288 101735 2
S 22230311 288 101733 2
S 22241310 288 101733 2
S 22252310 288 101736 2
S 22263309 288 101733 2
S 22274308 288 101732 2
S 22285308 288 101736 2
S 22296307 288 101733 2
S 22307306 288 101733 2
S 22318306 288 101735 2
S 22329305 288 101734 2
S 22340304 288 101733 2
S 22351304 288 101733 2
S 22362303 288 101735 2
S 22373302 288 101735 2
S 22384302 288 101735 2
S 22395301 288 101735 2
S 22406300 288 101735 2
S 22417299 288 101735 2
S 22428299 288 101737 2
S 22439298 288 101735 2
S 22450297 288 101734 2
S 22461297 288 101734 2
S 22472296 288 101736 2
S 22483295 288 101736 2
S 22494295 288 101734 2
S 22505294 288 101728 2
S 22516293 288 101735 2
S 22527293 288 101734 2
S 22538292 288 101729 2
S 22549291 288 101732 2
S 22560291 288 101733 2
S 22571290 288 101735 2
S 22582289 288 101733 2
S 22593288 288 101735 2
S 22604288 288 101733 2
S 22615287 288 101734 2
S 22626286 288 101729 2
S 22637286 288 101725 2
S 22648285 288 101727 2
S 22659284 288 101727 2
S 22670284 288 101731 2
S 22681283 288 101736 2
S 22692282 288 101735 2
S 22703282 288 101735 2
S 22714281 288 101727 2
S 22725280 288 101735 2
S 22736280 288 101734 2
S 22747279 288 101735 2
S 22758278 288 101735 2
S 22769277 288 101731 2
S 22780277 288 101727 2
S 22791276 288 101729 2
S 22802275 288 101728 2
S 22813275 288 101730 2
S 22824274 288 101732 2
S 22835273 288 101739 2
S 22846273 288 101735 2
S 22857272 288 101733 2
S 22868271 288 101736 2
S 22879271 288 101738 2
S 22890270 288 101731 2
S 22901269 288 101731 2
S 22912269 288 101733 2
S 22923268 288 101736 2
S 22934267 288 101739 2
S 22945266 288 101739 2
S 22956266 288 101736 2
S 22967265 288 101733 2
S 22978264 288 101738 2
S 22989264 288 101736 2
S 23000264 288 101738 2
S 23011262 288 101742 2
S 23022262 288 101733 2
S 23033261 288 101737 2
S 23044260 288 101737 2
S 23055260 288 101735 2
S 23066259 288 101737 2
S 23077258 288 101738 2
S 23088258 288 101739 2
S 23099257 288 101737 2
S 23110256 288 101738 2
S 23121255 288 101740 2
S 23132255 288 101736 2
S 23143254 288 101739 2
S 23154253 288 101737 2
S 23165253 288 101739 2
S 23176252 288 101739 2
S 23187251 288 101736 2
S 23198251 288 101744 2
S 23209250 288 101736 2
S 23220249 288 101736 2
S 23236248 288 101736 2
S 23247248 288 101741 2
S 23258247 288 101740 2
S 23269246 288 101737 2
S 23280246 288 101738 2
S 23291245 288 101736 2
S 23302244 288 101741 2
S 23313243 288 101742 2
S 23324243 288 101737 2
S 23335242 288 101739 2
S 23346241 288 101734 2
S 23357241 288 101733 2
S 23368240 288 101739 2
S 23379239 288 101735 2
S 23390239 288 101736 2
S 23401238 288 101738 2
S 23412237 288 101737 2
S 23423237 288 101739 2
S 23434236 288 101742 2
S 23445235 288 101738 2
S 23456235 288 101736 2
S 23467234 288 101739 2
S 23478233 288 101735 2
S 23489232 288 101733 2
S 23500232 288 101737 2
S 23511231 288 101736 2
S 23522230 288 101734 2
S 23533230 288 101737 2
S 23544229 288 101736 2
S 23555228 288 101735 2
S 23566228 288 101737 2
S 23577227 288 101742 2
S 23588226 288 101737 2
S 23599226 288 101734 2
S 23610225 288 101736 2
S 23621224 288 101736 2
S 23632224 288 101736 2
S 23643223 288 101735 2
S 23654222 288 101733 2
S 23665221 288 101734 2
S 23676221 288 101736 2
S 23687220 288 101739 2
S 23698219 288 101737 2
S 23709219 288 101742 2
S 23720218 288 101736 2
S 23731217 288 101738 2
S 23742217 288 101740 2
S 23753216 288 101742 2
S 23764215 288 101744 2
S 23775215 288 101740 2
S 23786214 288 101740 2
S 23797213 288 101742 2
S 23808213 288 101740 2
S 23819212 288 101742 2
S 23830211 288 101742 2
S 23841210 288 101741 2
S 23852210 288 101742 2
S 23863209 288 101736 2
S 23874208 288 101739 2
S 23885208 288 101733 2
S 23896207 288 101736 2
S 23907206 288 101736 2
S 23918206 288 101737 2
S 23929205 288 101734 2
S 23940204 288 101733 2
S 23951204 288 101732 2
S 23962203 288 101736 2
S 23973202 288 101736 2
S 23984202 288 101736 2
S 23995201 288 101733 2
S 24006200 288 101737 2
S 24017199 288 101736 2
S 24028199 288 101732 2
S 24039198 288 101733 2
S 24050197 288 101734 2
S 24061197 288 101734 2
S 24072196 288 101734 2
S 24083195 288 101736 2
S 24094195 288 101739 2
S 24105194 288 101739 2
S 24116193 288 101735 2
S 24127193 288 101737 2
S 24138192 288 101738 2
S 24149191 288 101733 2
S 24160191 288 101738 2
S 24171190 288 101739 2
S 24182189 288 101737 2
S 24193188 288 101741 2
S 24204188 288 101735 2
S 24215187 288 101734 2
S 24226186 288 101737 2
S 24242185 288 101737 2
S 24253185 288 101737 2
S 24264184 288 101738 2
S 24275183 288 101739 2
S 24286183 288 101737 2
S 24297182 288 101735 2
S 24308181 288 101736 2
S 24319181 288 101735 2
S 24330180 288 101736 2
S 24341179 288 101736 2
S 24352179 288 101731 2
S 24363178 288 101740 2
S 24374177 288 101740 2
S 24385176 288 101736 2
S 24396176 288 101734 2
S 24407175 288 101737 2
S 24418174 288 101736 2
S 24429174 288 101736 2
S 24440173 288 101730 2
S 24451172 288 101733 2
S 24462172 288 101736 2
S 24473171 288 101736 2
S 24484170 288 101731 2
S 24495170 288 101734 2
S 24506169 288 101736 2
S 24517168 288 101736 2
S 24528168 288 101742 2
S 24539167 288 101740 2
S 24550166 288 101740 2
S 24561165 288 101741 2
S 24572165 288 101739 2
S 24583164 288 101738 2
S 24594163 288 101737 2
S 24605163 288 101736 2
S 24616162 288 101739 2
S 24627161 288 101739 2
S 24638161 288 101737 2
S 24649160 288 101736 2
S 24660159 288 101740 2
S 24671159 288 101736 2
S 24682158 288 101736 2
S 24693157 288 101736 2
S 24704157 288 101737 2
S 24715156 288 101739 2
S 24726155 288 101739 2
S 24737154 288 101740 2
S 24748154 288 101741 2
S 24759153 288 101740 2
S 24770152 288 101740 2
S 24781152 288 101739 2
S 24792151 288 101742 2
S 24803150 288 101739 2
S 24814150 288 101742 2
S 24825149 288 101744 2
S 24836148 288 101742 2
S 24847148 288 101743 2
S 24858147 288 101744 2
S 24869146 288 101743 2
S 24880146 288 101741 2
S 24891145 288 101739 2
S 24902144 288 101739 2
S 24913143 288 101739 2
S 24924143 288 101744 2
S 24935142 288 101741 2
S 24946141 288 101743 2
S 24957141 288 101742 2
S 24968140 288 101736 2
S 24979139 288 101739 2
S 24990139 288 101742 2
S 25001139 288 101734 2
S 25012137 288 101733 2
S 25023137 288 101739 2
S 25034136 288 101741 2
S 25045135 288 101739 2
S 25056135 288 101737 2
S 25067134 288 101739 2
S 25078133 288 101738 2
S 25089132 288 101736 2
S 25100132 288 101741 2
S 25111131 288 101742 2
S 25122130 288 101741 2
S 25133130 288 101742 2
S 25144129 288 101741 2
S 25155128 288 101743 2
S 25166128 288 101741 2
S 25177127 288 101740 2
S 25188126 288 101742 2
S 25199126 288 101739 2
S 25210125 288 101742 2
S 25221124 288 101741 2
S 25232124 288 101743 2
S 25248123 288 101741 2
S 25259122 288 101747 2
S 25270121 288 101747 2
S 25281120 288 101743 2
S 25292120 288 101745 2
S 25303119 288 101742 2
S 25314118 288 101745 2
S 25325118 288 101739 2
S 25336117 288 101740 2
S 25347116 288 101739 2
S 25358116 288 101739 2
S 25369115 288 101736 2
S 25380114 288 101739 2
S 25391114 288 101739 2
S 25402113 288 101739 2
S 25413112 288 101739 2
S 25424112 288 101740 2
S 25435111 288 101740 2
S 25446110 288 101740 2
S 25457109 288 101739 2
S 25468109 288 101736 2
S 25479108 288 101744 2
S 25490107 288 101736 2
S 25501107 288 101740 2
S 25512106 288 101740 2
S 25523105 288 101742 2
S 25534105 288 101739 2
S 25545104 288 101742 2
S 25556103 288 101741 2
S 25567103 288 101742 2
S 25578102 288 101742 2
S 25589101 288 101738 2
S 25600101 288 101733 2
S 25611100 288 101736 2
S 25622099 288 101736 2
S 25633098 288 101737 2
S 25644098 288 101738 2
S 25655097 288 101738 2
S 25666096 288 101738 2
S 25677096 288 101739 2
S 25688095 288 101737 2
S 25699094 288 101740 2
S 25710094 288 101737 2
S 25721093 288 101738 2
S 25732092 288 101736 2
S 25743092 288 101737 2
S 25754091 288 101733 2
S 25765090 288 101738 2
S 25776090 288 101739 2
S 25787089 288 101736 2
S 25798088 288 101737 2
S 25809087 288 101736 2
S 25820087 288 101738 2
S 25831086 288 101740 2
S 25842085 288 101739 2
S 25853085 288 101734 2
S 25864084 288 101739 2
S 25875083 288 101740 2
S 25886083 288 101739 2
S 25897082 288 101738 2
S 25908081 288 101740 2
S 25919081 288 101738 2
S 25930080 288 101739 2
S 25941079 288 101740 2
S 25952079 288 101736 2
S 25963078 288 101739 2
S 25974077 288 101739 2
S 25985076 288 101741 2
S 25996076 288 101738 2
S 26007075 288 101742 2
S 26018074 288 101740 2
S 26029074 288 101740 2
S 26040073 288 101746 2
S 26051072 288 101736 2
S 26062072 288 101740 2
S 26073071 288 101738 2
S 26084070 288 101737 2
S 26095070 288 101742 2
S 26106069 288 101739 2
S 26117068 288 101744 2
S 26128068 288 101737 2
S 26139067 288 101735 2
S 26150066 288 101740 2
S 26161065 288 101733 2
S 26172065 288 101737 2
S 26183064 288 101739 2
S 26194063 288 101733 2
S 26205063 288 101736 2
S 26216062 288 101737 2
S 26227061 288 101735 2
S 26238061 288 101736 2
S 26254060 288 101734 2
S 26265059 288 101732 2
S 26276058 288 101737 2
S 26287058 288 101734 2
S 26298057 288 101736 2
S 26309056 288 101735 2
S 26320056 288 101736 2
S 26331055 288 101733 2
S 26342054 288 101734 2
S 26353053 288 101733 2
S 26364053 288 101733 2
S 26375052 288 101732 2
S 26386051 288 101730 2
S 26397051 288 101733 2
S 26408050 288 101736 2
S 26419049 288 101733 2
S 26430049 288 101736 2
S 26441048 288 101735 2
S 26452047 288 101736 2
S 26463047 288 101737 2
S 26474046 288 101736 2
S 26485045 288 101734 2
S 26496045 288 101738 2
S 26507044 288 101738 2
S 26518043 288 101737 2
S 26529042 288 101733 2
S 26540042 288 101731 2
S 26551041 288 101735 2
S 26562040 288 101731 2
S 26573040 288 101735 2
S 26584039 288 101736 2
S 26595038 288 101733 2
S 26606038 288 101737 2
S 26617037 288 101736 2
S 26628036 288 101739 2
S 26639036 288 101736 2
S 26650035 288 101737 2
S 26661034 288 101739 2
S 26672034 288 101738 2
S 26683033 288 101739 2
S 26694032 288 101735 2
S 26705031 288 101738 2
S 26716031 288 101739 2
S 26727030 288 101738 2
S 26738029 288 101740 2
S 26749029 288 101736 2
S 26760028 288 101736 2
S 26771027 288 101736 2
S 26782027 288 101736 2
S 26793026 288 101737 2
S 26804025 288 101734 2
S 26815025 288 101737 2
S 26826024 288 101736 2
S 26837023 288 101733 2
S 26848023 288 101742 2
S 26859022 288 101736 2
S 26870021 288 101740 2
S 26881020 288 101742 2
S 26892020 288 101741 2
S 26903019 288 101738 2
S 26914018 288 101737 2
S 26925018 288 101733 2
S 26936017 288 101736 2
S 26947016 288 101732 2
S 26958016 288 101739 2
S 26969015 288 101735 2
S 26980014 288 101733 2
S 26991014 288 101735 2
S 27002014 288 101734 2
S 27013012 288 101736 2
S 27024012 288 101738 2
S 27035011 288 101733 2
S 27046010 288 101736 2
S 27057009 288 101736 2
S 27068009 288 101733 2
S 27079008 288 101731 2
S 27090007 288 101733 2
S 27101007 288 101733 2
S 27112006 288 101736 2
S 27123005 288 101736 2
S 27134005 288 101736 2
S 27145004 288 101736 2
S 27156003 288 101740 2
S 27167003 288 101736 2
S 27178002 288 101739 2
S 27189001 288 101741 2
S 27200001 288 101739 2
S 27211000 288 101740 2
S 27221999 288 101736 2
S 27232998 288 101736 2
S 27243998 288 101735 2
S 27259997 288 101737 2
S 27270996 288 101737 2
S 27281995 288 101739 2
S 27292995 288 101737 2
S 27303994 288 101734 2
S 27314993 288 101737 2
S 27325993 288 101735 2
S 27336992 288 101737 2
S 27347991 288 101736 2
S 27358991 288 101738 2
S 27369990 288 101736 2
S 27380989 288 101744 2
S 27391989 288 101741 2
S 27402988 288 101742 2
S 27413987 288 101741 2
S 27424986 288 101742 2
S 27435986 288 101739 2
S 27446985 288 101738 2
S 27457984 288 101733 2
S 27468984 288 101736 2
S 27479983 288 101737 2
S 27490982 288 101738 2
S 27501982 288 101743 2
S 27512981 288 101742 2
S 27523980 288 101737 2
S 27534980 288 101739 2
S 27545979 288 101739 2
S 27556978 288 101737 2
S 27567978 288 101735 2
S 27578977 288 101740 2
S 27589976 288 101734 2
S 27600975 288 101740 2
S 27611975 288 101739 2
S 27622974 288 101740 2
S 27633973 288 101739 2
S 27644973 288 101736 2
S 27655972 288 101733 2
S 27666971 288 101739 2
S 27677971 288 101733 2
S 27688970 288 101741 2
S 27699969 288 101742 2
S 27710969 288 101744 2
S 27721968 288 101741 2
S 27732967 288 101737 2
S 27743967 288 101735 2
S 27754966 288 101737 2
S 27765965 288 101737 2
S 27776964 288 101737 2
S 27787964 288 101739 2
S 27798963 288 101737 2
S 27809962 288 101736 2
S 27820962 288 101742 2
S 27831961 288 101737 2
S 27842960 288 101744 2
S 27853960 288 101740 2
S 27864959 288 101744 2
S 27875958 288 101744 2
S 27886958 288 101741 2
S 27897957 288 101739 2
S 27908956 288 101743 2
S 27919956 288 101742 2
S 27930955 288 101739 2
S 27941954 288 101740 2
S 27952953 288 101743 2
S 27963953 288 101744 2
S 27974952 288 101744 2
S 27985951 288 101739 2
S 27996951 288 101744 2
S 28007950 288 101740 2
S 28018949 288 101741 2
S 28029949 288 101739 2
S 28040948 288 101742 2
S 28051947 288 101741 2
S 28062947 288 101740 2
S 28073946 288 101742 2
S 28084945 288 101738 2
S 28095945 288 101744 2
S 28106944 288 101740 2
S 28117943 288 101742 2
S 28128942 288 101739 2
S 28139942 288 101740 2
S 28150941 288 101742 2
S 28161940 288 101742 2
S 28172940 288 101737 2
S 28183939 288 101733 2
S 28194938 288 101732 2
S 28205938 288 101736 2
S 28216937 288 101737 2
S 28227936 288 101735 2
S 28238936 288 101739 2
S 28249935 288 101736 2
S 28265934 288 101744 2
S 28276933 288 101739 2
S 28287933 288 101739 2
S 28298932 288 101738 2
S 28309931 288 101742 2
S 28320930 288 101740 2
S 28331930 288 101740 2
S 28342929 288 101739 2
S 28353928 288 101739 2
S 28364928 288 101736 2
S 28375927 288 101741 2
S 28386926 288 101736 2
S 28397926 288 101740 2
S 28408925 288 101739 2
S 28419924 288 101738 2
S 28430924 288 101740 2
S 28441923 288 101734 2
S 28452922 288 101740 2
S 28463922 288 101743 2
S 28474921 288 101743 2
S 28485920 288 101735 2
S 28496919 288 101738 2
S 28507919 288 101741 2
S 28518918 288 101743 2
S 28529917 288 101739 2
S 28540917 288 101744 2
S 28551916 288 101742 2
S 28562915 288 101747 2
S 28573915 288 101743 2
S 28584914 288 101738 2
S 28595913 288 101745 2
S 28606913 288 101744 2
S 28617912 288 101742 2
S 28628911 288 101745 2
S 28639911 288 101739 2
S 28650910 288 101746 2
S 28661909 288 101749 2
S 28672908 288 101744 2
S 28683908 288 101736 2
S 28694907 288 101743 2
S 28705906 288 101742 2
S 28716906 288 101742 2
S 28727905 288 101742 2
S 28738904 288 101739 2
S 28749904 288 101742 2
S 28760903 288 101744 2
S 28771902 288 101742 2
S 28782902 288 101742 2
S 28793901 288 101744 2
S 28804900 288 101739 2
S 28815900 288 101743 2
S 28826899 288 101745 2
S 28837898 288 101742 2
S 28848897 288 101739 2
S 28859897 288 101739 2
S 28870896 288 101741 2
S 28881895 288 101742 2
S 28892895 288 101743 2
S 28903894 288 101743 2
S 28914893 288 101746 2
S 28925893 288 101740 2
S 28936892 288 101742 2
S 28947891 288 101744 2
S 28958891 288 101742 2
S 28969890 288 101742 2
S 28980889 288 101746 2
S 28991889 288 101745 2
S 29002888 288 101746 2
S 29013887 288 101743 2
S 29024886 288 101741 2
S 29035886 288 101744 2
S 29046885 288 101743 2
S 29057884 288 101745 2
S 29068884 288 101744 2
S 29079883 288 101741 2
S 29090882 288 101744 2
S 29101882 288 101739 2
S 29112881 288 101746 2
S 29123880 288 101740 2
S 29134880 288 101744 2
S 29145879 288 101742 2
S 29156878 288 101741 2
S 29167878 288 101739 2
S 29178877 288 101739 2
S 29189876 288 101742 2
S 29200875 288 101742 2
S 29211875 288 101743 2
S 29222874 288 101742 2
S 29233873 288 101739 2
S 29244873 288 101742 2
S 29255872 288 101742 2
S 29271871 288 101736 2
S 29282870 288 101735 2
S 29293870 288 101734 2
S 29304869 288 101742 2
S 29315868 288 101737 2
S 29326868 288 101738 2
S 29337867 288 101739 2
S 29348866 288 101739 2
S 29359866 288 101741 2
S 29370865 288 101741 2
S 29381864 288 101746 2
S 29392863 288 101741 2
S 29403863 288 101744 2
S 29414862 288 101739 2
S 29425861 288 101739 2
S 29436861 288 101740 2
S 29447860 288 101738 2
S 29458859 288 101746 2
S 29469859 288 101741 2
S 29480858 288 101744 2
S 29491857 288 101744 2
S 29502857 288 101744 2
S 29513856 288 101742 2
S 29524855 288 101744 2
S 29535855 288 101742 2
S 29546854 288 101738 2
S 29557853 288 101735 2
S 29568852 288 101737 2
S 29579852 288 101737 2
S 29590851 288 101741 2
S 29601850 288 101740 2
S 29612850 288 101744 2
S 29623849 288 101740 2
S 29634848 288 101747 2
S 29645848 288 101741 2
S 29656847 288 101747 2
S 29667846 288 101741 2
S 29678846 288 101744 2
S 29689845 288 101743 2
S 29700844 288 101738 2
S 29711844 288 101744 2
S 29722843 288 101744 2
S 29733842 288 101744 2
S 29744841 288 101744 2
S 29755841 288 101741 2
S 29766840 288 101739 2
S 29777839 288 101745 2
S 29788839 288 101742 2
S 29799838 288 101741 2
S 29810837 288 101741 2
S 29821837 288 101742 2
S 29832836 288 101740 2
S 29843835 288 101741 2
S 29854835 288 101741 2
S 29865834 288 101741 2
S 29876833 288 101742 2
S 29887833 288 101740 2
S 29898832 288 101744 2
S 29909831 288 101739 2
S 29920830 288 101740 2
S 29931830 288 101744 2
S 29942829 288 101740 2
S 29953828 288 101741 2
S 29964828 288 101735 2
S 29975827 288 101738 2
S 29986826 288 101741 2
S 29997826 288 101740 2
S 30008825 288 101741 2
S 30019824 288 101739 2
S 30030824 288 101742 2
S 30041823 288 101739 2
S 30052822 288 101741 2
S 30063822 288 101741 2
S 30074821 288 101741 2
S 30085820 288 101738 2
S 30096819 288 101740 2
S 30107819 288 101743 2
S 30118818 288 101741 2
S 30129817 288 101741 2
S 30140817 288 101743 2
S 30151816 288 101741 2
S 30162815 288 101742 2
S 30173815 288 101744 2
S 30184814 288 101737 2
S 30195813 288 101737 2
S 30206813 288 101744 2
S 30217812 288 101735 2
S 30228811 288 101739 2
S 30239811 288 101742 2
S 30250810 288 101738 2
S 30261809 288 101738 2
S 30277808 288 101743 2
S 30288807 288 101747 2
S 30299807 288 101745 2
S 30310806 288 101738 2
S 30321805 288 101739 2
S 30332805 288 101736 2
S 30343804 288 101738 2
S 30354803 288 101736 2
S 30365803 288 101738 2
S 30376802 288 101739 2
S 30387801 288 101740 2
S 30398801 288 101733 2
S 30409800 288 101736 2
S 30420799 288 101739 2
S 30431799 288 101737 2
S 30442798 288 101737 2
S 30453797 288 101735 2
S 30464796 288 101738 2
S 30475796 288 101733 2
S 30486795 288 101740 2
S 30497794 288 101740 2
S 30508794 288 101737 2
S 30519793 288 101738 2
S 30530792 288 101738 2
S 30541792 288 101733 2
S 30552791 288 101739 2
S 30563790 288 101736 2
S 30574790 288 101741 2
S 30585789 288 101739 2
S 30596788 288 101738 2
S 30607788 288 101740 2
S 30618787 288 101735 2
S 30629786 288 101739 2
S 30640785 288 101737 2
S 30651785 288 101737 2
S 30662784 288 101737 2
S 30673783 288 101741 2
S 30684783 288 101738 2
S 30695782 288 101740 2
S 30706781 288 101741 2
S 30717781 288 101739 2
S 30728780 288 101739 2
S 30739779 288 101738 2
S 30750779 288 101741 2
S 30761778 288 101738 2
S 30772777 288 101737 2
S 30783777 288 101738 2
S 30794776 288 101739 2
S 30805775 288 101737 2
S 30816774 288 101739 2
S 30827774 288 101732 2
S 30838773 288 101738 2
S 30849772 288 101738 2
S 30860772 288 101738 2
S 30871771 288 101736 2
S 30882770 288 101739 2
S 30893770 288 101736 2
S 30904769 288 101737 2
S 30915768 288 101737 2
S 30926768 288 101735 2
S 30937767 288 101739 2
S 30948766 288 101736 2
S 30959766 288 101737 2
S 30970765 288 101741 2
S 30981764 288 101741 2
S 30992763 288 101742 2
S 31003763 288 101739 2
S 31014762 288 101734 2
S 31025761 288 101739 2
S 31036761 288 101738 2
S 31047760 288 101737 2
S 31058759 288 101737 2
S 31069759 288 101739 2
S 31080758 288 101736 2
S 31091757 288 101741 2
S 31102757 288 101740 2
S 31113756 288 101743 2
S 31124755 288 101744 2
S 31135755 288 101737 2
S 31146754 288 101740 2
S 31157753 288 101739 2
S 31168752 288 101738 2
S 31179752 288 101735 2
S 31190751 288 101735 2
S 31201750 288 101736 2
S 31212750 288 101736 2
S 31223749 288 101734 2
S 31234748 288 101733 2
S 31245748 288 101733 2
S 31256747 288 101743 2
S 31267746 288 101741 2
S 31283745 288 101747 2
S 31294745 288 101742 2
S 31305744 288 101740 2
S 31316743 288 101745 2
S 31327743 288 101738 2
S 31338742 288 101747 2
S 31349741 288 101744 2
S 31360740 288 101743 2
S 31371740 288 101741 2
S 31382739 288 101741 2
S 31393738 288 101738 2
S 31404738 288 101744 2
S 31415737 288 101741 2
S 31426736 288 101742 2
S 31437736 288 101739 2
S 31448735 288 101747 2
S 31459734 288 101739 2
S 31470734 288 101741 2
S 31481733 288 101738 2
S 31492732 288 101740 2
S 31503732 288 101737 2
S 31514731 288 101736 2
S 31525730 288 101739 2
S 31536729 288 101738 2
S 31547729 288 101742 2
S 31558728 288 101741 2
S 31569727 288 101741 2
S 31580727 288 101741 2
S 31591726 288 101741 2
S 31602725 288 101741 2
S 31613725 288 101744 2
S 31624724 288 101738 2
S 31635723 288 101738 2
S 31646723 288 101737 2
S 31657722 288 101741 2
S 31668721 288 101741 2
S 31679721 288 101741 2
S 31690720 288 101747 2
S 31701719 288 101747 2
S 31712718 288 101746 2
S 31723718 288 101745 2
S 31734717 288 101741 2
S 31745716 288 101747 2
S 31756716 288 101746 2
S 31767715 288 101744 2
S 31778714 288 101741 2
S 31789714 288 101738 2
S 31800713 288 101743 2
S 31811712 288 101738 2
S 31822712 288 101741 2
S 31833711 288 101738 2
S 31844710 288 101738 2
S 31855710 288 101741 2
S 31866709 288 101736 2
S 31877708 288 101738 2
S 31888707 288 101741 2
S 31899707 288 101743 2
S 31910706 288 101738 2
S 31921705 288 101738 2
S 31932705 288 101738 2
S 31943704 288 101738 2
S 31954703 288 101738 2
S 31965703 288 101734 2
S 31976702 288 101741 2
S 31987701 288 101739 2
S 31998701 288 101736 2
S 32009700 288 101737 2
S 32020699 288 101739 2
S 32031699 288 101734 2
S 32042698 288 101738 2
S 32053697 288 101738 2
S 32064696 288 101741 2
S 32075696 288 101739 2
S 32086695 288 101740 2
S 32097694 288 101743 2
S 32108694 288 101741 2
S 32119693 288 101740 2
S 32130692 288 101740 2
S 32141692 288 101740 2
S 32152691 288 101746 2
S 32163690 288 101738 2
S 32174690 288 101736 2
S 32185689 288 101739 2
S 32196688 288 101737 2
S 32207688 288 101739 2
S 32218687 288 101741 2
S 32229686 288 101742 2
S 32240685 288 101738 2
S 32251685 288 101734 2
S 32262684 288 101736 2
S 32273683 288 101736 2
S 32289682 288 101730 2
S 32300682 288 101735 2
S 32311681 288 101739 2
S 32322680 288 101734 2
S 32333680 288 101733 2
S 32344679 288 101735 2
S 32355678 288 101736 2
S 32366678 288 101739 2
S 32377677 288 101741 2
S 32388676 288 101733 2
S 32399676 288 101735 2
S 32410675 288 101735 2
S 32421674 288 101733 2
S 32432673 288 101737 2
S 32443673 288 101737 2
S 32454672 288 101736 2
S 32465671 288 101735 2
S 32476671 288 101733 2
S 32487670 288 101738 2
S 32498669 288 101739 2
S 32509669 288 101735 2
S 32520668 288 101731 2
S 32531667 288 101740 2
S 32542667 288 101735 2
S 32553666 288 101735 2
S 32564665 288 101734 2
S 32575665 288 101735 2
S 32586664 288 101738 2
S 32597663 288 101737 2
S 32608662 288 101735 2
S 32619662 288 101738 2
S 32630661 288 101735 2
S 32641660 288 101738 2
S 32652660 288 101734 2
S 32663659 288 101735 2
S 32674658 288 101733 2
S 32685658 288 101738 2
S 32696657 288 101738 2
S 32707656 288 101743 2
S 32718656 288 101737 2
S 32729655 288 101736 2
S 32740654 288 101736 2
S 32751654 288 101736 2
S 32762653 288 101737 2
S 32773652 288 101738 2
S 32784651 288 101738 2
S 32795651 288 101736 2
S 32806650 288 101735 2
S 32817649 288 101735 2
S 32828649 288 101741 2
S 32839648 288 101738 2
S 32850647 288 101740 2
S 32861647 288 101738 2
S 32872646 288 101733 2
S 32883645 288 101736 2
S 32894645 288 101734 2
S 32905644 288 101735 2
S 32916643 288 101738 2
S 32927643 288 101738 2
S 32938642 288 101738 2
S 32949641 288 101735 2
S 32960640 288 101740 2
S 32971640 288 101738 2
S 32982639 288 101733 2
S 32993638 288 101733 2
S 33004638 288 101734 2
S 33015637 288 101736 2
S 33026636 288 101738 2
S 33037636 288 101738 2
S 33048635 288 101731 2
S 33059634 288 101737 2
S 33070634 288 101738 2
S 33081633 288 101737 2
S 33092632 288 101739 2
S 33103632 288 101734 2
S 33114631 288 101734 2
S 33125630 288 101734 2
S 33136629 288 101737 2
S 33147629 288 101742 2
S 33158628 288 101735 2
S 33169627 288 101735 2
S 33180627 288 101737 2
S 33191626 288 101735 2
S 33202625 288 101739 2
S 33213625 288 101741 2
S 33224624 288 101741 2
S 33235623 288 101741 2
S 33246623 288 101742 2
S 33257622 288 101734 2
S 33268621 288 101739 2
S 33279621 288 101735 2
S 33295620 288 101742 2
S 33306619 288 101740 2
S 33317618 288 101735 2
S 33328617 288 101738 2
S 33339617 288 101738 2
S 33350616 288 101739 2
S 33361615 288 101744 2
S 33372615 288 101743 2
S 33383614 288 101736 2
S 33394613 288 101738 2
S 33405613 288 101740 2
S 33416612 288 101736 2
S 33427611 288 101738 2
S 33438611 288 101740 2
S 33449610 288 101741 2
S 33460609 288 101741 2
S 33471609 288 101740 2
S 33482608 288 101741 2
S 33493607 288 101739 2
S 33504606 288 101735 2
S 33515606 288 101737 2
S 33526605 288 101741 2
S 33537604 288 101742 2
S 33548604 288 101736 2
S 33559603 288 101733 2
S 33570602 288 101738 2
S 33581602 288 101738 2
S 33592601 288 101737 2
S 33603600 288 101740 2
S 33614600 288 101744 2
S 33625599 288 101739 2
S 33636598 288 101739 2
S 33647598 288 101741 2
S 33658597 288 101744 2
S 33669596 288 101747 2
S 33680595 288 101738 2
S 33691595 288 101735 2
S 33702594 288 101736 2
S 33713593 288 101741 2
S 33724593 288 101736 2
S 33735592 288 101741 2
S 33746591 288 101741 2
S 33757591 288 101738 2
S 33768590 288 101741 2
S 33779589 288 101741 2
S 33790589 288 101743 2
S 33801588 288 101741 2
S 33812587 288 101741 2
S 33823587 288 101737 2
S 33834586 288 101734 2
S 33845585 288 101736 2
S 33856584 288 101743 2
S 33867584 288 101740 2
S 33878583 288 101740 2
S 33889582 288 101737 2
S 33900582 288 101736 2
S 33911581 288 101732 2
S 33922580 288 101734 2
S 33933580 288 101735 2
S 33944579 288 101741 2
S 33955578 288 101738 2
S 33966578 288 101740 2
S 33977577 288 101739 2
S 33988576 288 101742 2
S 33999576 288 101744 2
S 34010575 288 101742 2
S 34021574 288 101741 2
S 34032573 288 101736 2
S 34043573 288 101740 2
S 34054572 288 101740 2
S 34065571 288 101741 2
S 34076571 288 101744 2
S 34087570 288 101743 2
S 34098569 288 101744 2
S 34109569 288 101743 2
S 34120568 288 101743 2
S 34131567 288 101745 2
S 34142567 288 101742 2
S 34153566 288 101739 2
S 34164565 288 101740 2
S 34175565 288 101741 2
S 34186564 288 101738 2
S 34197563 288 101741 2
S 34208562 288 101741 2
S 34219562 288 101743 2
S 34230561 288 101740 2
S 34241560 288 101735 2
S 34252560 288 101738 2
S 34263559 288 101735 2
S 34274558 288 101733 2
S 34285558 288 101735 2
S 34301557 288 101735 2
S 34312556 288 101741 2
S 34323555 288 101738 2
S 34334555 288 101739 2
S 34345554 288 101733 2
S 34356553 288 101735 2
S 34367553 288 101732 2
S 34378552 288 101735 2
S 34389551 288 101741 2
S 34400550 288 101735 2
S 34411550 288 101740 2
S 34422549 288 101736 2
S 34433548 288 101737 2
S 34444548 288 101736 2
S 34455547 288 101739 2
S 34466546 288 101738 2
S 34477546 288 101738 2
S 34488545 288 101741 2
S 34499544 288 101744 2
S 34510544 288 101738 2
S 34521543 288 101740 2
S 34532542 288 101738 2
S 34543542 288 101741 2
S 34554541 288 101744 2
S 34565540 288 101741 2
S 34576539 288 101738 2
S 34587539 288 101743 2
S 34598538 288 101738 2
S 34609537 288 101738 2
S 34620537 288 101738 2
S 34631536 288 101734 2
S 34642535 288 101738 2
S 34653535 288 101738 2
S 34664534 288 101740 2
S 34675533 288 101739 2
S 34686533 288 101741 2
S 34697532 288 101736 2
S 34708531 288 101740 2
S 34719531 288 101738 2
S 34730530 288 101736 2
S 34741529 288 101733 2
S 34752528 288 101738 2
S 34763528 288 101741 2
S 34774527 288 101736 2
S 34785526 288 101735 2
S 34796526 288 101738 2
S 34807525 288 101740 2
S 34818524 288 101740 2
S 34829524 288 101737 2
S 34840523 288 101737 2
S 34851522 288 101741 2
S 34862522 288 101736 2
S 34873521 288 101740 2
S 34884520 288 101738 2
S 34895520 288 101737 2
S 34906519 288 101733 2
S 34917518 288 101737 2
S 34928517 288 101738 2
S 34939517 288 101735 2
S 34950516 288 101731 2
S 34961515 288 101736 2
S 34972515 288 101730 2
S 34983514 288 101734 2
S 34994513 288 101731 2
S 35005513 288 101730 2
S 35016512 288 101733 2
S 35027511 288 101738 2
S 35038511 288 101730 2
S 35049510 288 101733 2
S 35060509 288 101733 2
S 35071509 288 101731 2
S 35082508 288 101735 2
S 35093507 288 101738 2
S 35104506 288 101733 2
S 35115506 288 101731 2
S 35126505 288 101729 2
S 35137504 288 101733 2
S 35148504 288 101733 2
S 35159503 288 101735 2
S 35170502 288 101737 2
S 35181502 288 101731 2
S 35192501 288 101732 2
S 35203500 288 101737 2
S 35214500 288 101741 2
S 35225499 288 101737 2
S 35236498 288 101742 2
S 35247498 288 101737 2
S 35258497 288 101733 2
S 35269496 288 101734 2
S 35280495 288 101736 2
S 35291495 288 101733 2
S 35307494 288 101742 2
S 35318493 288 101740 2
S 35329492 288 101740 2
S 35340492 288 101738 2
S 35351491 288 101739 2
S 35362490 288 101738 2
S 35373490 288 101738 2
S 35384489 288 101737 2
S 35395488 288 101741 2
S 35406488 288 101737 2
S 35417487 288 101737 2
S 35428486 288 101737 2
S 35439486 288 101738 2
S 35450485 288 101740 2
S 35461484 288 101744 2
S 35472483 288 101738 2
S 35483483 288 101741 2
S 35494482 288 101738 2
S 35505481 288 101736 2
S 35516481 288 101741 2
S 35527480 288 101740 2
S 35538479 288 101736 2
S 35549479 288 101732 2
S 35560478 288 101736 2
S 35571477 288 101734 2
S 35582477 288 101735 2
S 35593476 288 101741 2
S 35604475 288 101735 2
S 35615475 288 101733 2
S 35626474 288 101733 2
S 35637473 288 101733 2
S 35648472 288 101738 2
S 35659472 288 101738 2
S 35670471 288 101741 2
S 35681470 288 101736 2
S 35692470 288 101738 2
S 35703469 288 101737 2
S 35714468 288 101741 2
S 35725468 288 101736 2
S 35736467 288 101740 2
S 35747466 288 101740 2
S 35758466 288 101743 2
S 35769465 288 101741 2
S 35780464 288 101742 2
S 35791464 288 101746 2
S 35802463 288 101741 2
S 35813462 288 101733 2
S 35824461 288 101742 2
S 35835461 288 101736 2
S 35846460 288 101737 2
S 35857459 288 101738 2
S 35868459 288 101740 2
S 35879458 288 101740 2
S 35890457 288 101741 2
S 35901457 288 101733 2
S 35912456 288 101738 2
S 35923455 288 101739 2
S 35934455 288 101737 2
S 35945454 288 101740 2
S 35956453 288 101739 2
S 35967453 288 101740 2
S 35978452 288 101739 2
S 35989451 288 101740 2
S 36000451 288 101745 2
S 36011450 288 101744 2
S 36022449 288 101742 2
S 36033448 288 101738 2
S 36044448 288 101739 2
S 36055447 288 101735 2
S 36066446 288 101732 2
S 36077446 288 101734 2
S 36088445 288 101733 2
S 36099444 288 101736 2
S 36110444 288 101739 2
S 36121443 288 101739 2
S 36132442 288 101742 2
S 36143442 288 101736 2
S 36154441 288 101737 2
S 36165440 288 101737 2
S 36176439 288 101741 2
S 36187439 288 101741 2
S 36198438 288 101744 2
S 36209437 288 101739 2
S 36220437 288 101741 2
S 36231436 288 101740 2
S 36242435 288 101738 2
S 36253435 288 101741 2
S 36264434 288 101739 2
S 36275433 288 101738 2
S 36286433 288 101736 2
S 36297432 288 101737 2
S 36313431 288 101743 2
S 36324430 288 101738 2
S 36335430 288 101733 2
S 36346429 288 101740 2
S 36357428 288 101733 2
S 36368427 288 101735 2
S 36379427 288 101736 2
S 36390426 288 101740 2
S 36401425 288 101740 2
S 36412425 288 101738 2
S 36423424 288 101738 2
S 36434423 288 101741 2
S 36445423 288 101740 2
S 36456422 288 101738 2
S 36467421 288 101738 2
S 36478421 288 101741 2
S 36489420 288 101737 2
S 36500419 288 101738 2
S 36511419 288 101741 2
S 36522418 288 101738 2
S 36533417 288 101741 2
S 36544416 288 101736 2
S 36555416 288 101737 2
S 36566415 288 101736 2
S 36577414 288 101736 2
S 36588414 288 101736 2
S 36599413 288 101733 2
S 36610412 288 101736 2
S 36621412 288 101736 2
S 36632411 288 101735 2
S 36643410 288 101734 2
S 36654410 288 101733 2
S 36665409 288 101736 2
S 36676408 288 101738 2
S 36687408 288 101732 2
S 36698407 288 101737 2
S 36709406 288 101732 2
S 36720405 288 101731 2
S 36731405 288 101733 2
S 36742404 288 101733 2
S 36753403 288 101736 2
S 36764403 288 101733 2
S 36775402 288 101737 2
S 36786401 288 101733 2
S 36797401 288 101736 2
S 36808400 288 101736 2
S 36819399 288 101733 2
S 36830399 288 101733 2
S 36841398 288 101734 2
S 36852397 288 101734 2
S 36863397 288 101739 2
S 36874396 288 101736 2
S 36885395 288 101735 2
S 36896394 288 101736 2
S 36907394 288 101736 2
S 36918393 288 101733 2
S 36929392 288 101733 2
S 36940392 288 101732 2
S 36951391 288 101731 2
S 36962390 288 101731 2
S 36973390 288 101733 2
S 36984389 288 101734 2
S 36995388 288 101730 2
S 37006388 288 101730 2
S 37017387 288 101734 2
S 37028386 288 101731 2
S 37039386 288 101733 2
S 37050385 288 101734 2
S 37061384 288 101736 2
S 37072383 288 101736 2
S 37083383 288 101736 2
S 37094382 288 101737 2
S 37105381 288 101736 2
S 37116381 288 101733 2
S 37127380 288 101733 2
S 37138379 288 101734 2
S 37149379 288 101736 2
S 37160378 288 101736 2
S 37171377 288 101736 2
S 37182377 288 101734 2
S 37193376 288 101734 2
S 37204375 288 101736 2
S 37215375 288 101733 2
S 37226374 288 101732 2
S 37237373 288 101733 2
S 37248372 288 101736 2
S 37259372 288 101734 2
S 37270371 288 101730 2
S 37281370 288 101730 2
S 37292370 288 101732 2
S 37303369 288 101735 2
S 37319368 288 101738 2
S 37330367 288 101732 2
S 37341367 288 101731 2
S 37352366 288 101735 2
S 37363365 288 101733 2
S 37374365 288 101732 2
S 37385364 288 101734 2
S 37396363 288 101730 2
S 37407363 288 101727 2
S 37418362 288 101730 2
S 37429361 288 101732 2
S 37440360 288 101733 2
S 37451360 288 101733 2
S 37462359 288 101729 2
S 37473358 288 101733 2
S 37484358 288 101734 2
S 37495357 288 101730 2
S 37506356 288 101732 2
S 37517356 288 101729 2
S 37528355 288 101734 2
S 37539354 288 101729 2
S 37550354 288 101732 2
S 37561353 288 101732 2
S 37572352 288 101732 2
S 37583352 288 101735 2
S 37594351 288 101735 2
S 37605350 288 101733 2
S 37616349 288 101732 2
S 37627349 288 101735 2
S 37638348 288 101727 2
S 37649347 288 101734 2
S 37660347 288 101733 2
S 37671346 288 101730 2
S 37682345 288 101730 2
S 37693345 288 101735 2
S 37704344 288 101730 2
S 37715343 288 101737 2
S 37726343 288 101733 2
S 37737342 288 101730 2
S 37748341 288 101730 2
S 37759341 288 101733 2
S 37770340 288 101734 2
S 37781339 288 101736 2
S 37792338 288 101740 2
S 37803338 288 101733 2
S 37814337 288 101735 2
S 37825336 288 101738 2
S 37836336 288 101733 2
S 37847335 288 101732 2
S 37858334 288 101734 2
S 37869334 288 101733 2
S 37880333 288 101734 2
S 37891332 288 101735 2
S 37902332 288 101733 2
S 37913331 288 101732 2
S 37924330 288 101731 2
S 37935330 288 101733 2
S 37946329 288 101727 2
S 37957328 288 101729 2
S 37968327 288 101737 2
S 37979327 288 101739 2
S 37990326 288 101739 2
S 38001326 288 101738 2
S 38012325 288 101741 2
S 38023324 288 101734 2
S 38034323 288 101735 2
S 38045323 288 101733 2
S 38056322 288 101738 2
S 38067321 288 101730 2
S 38078321 288 101735 2
S 38089320 288 101741 2
S 38100319 288 101735 2
S 38111319 288 101733 2
S 38122318 288 101732 2
S 38133317 288 101737 2
S 38144316 288 101735 2
S 38155316 288 101739 2
S 38166315 288 101733 2
S 38177314 288 101733 2
S 38188314 288 101735 2
S 38199313 288 101735 2
S 38210312 288 101738 2
S 38221312 288 101739 2
S 38232311 288 101735 2
S 38243310 288 101733 2
S 38254310 288 101732 2
S 38265309 288 101734 2
S 38276308 288 101734 2
S 38287308 288 101739 2
S 38298307 288 101735 2
S 38309306 288 101731 2
S 38325305 288 101738 2
S 38336304 288 101737 2
S 38347304 288 101738 2
S 38358303 288 101737 2
S 38369302 288 101740 2
S 38380302 288 101740 2
S 38391301 288 101739 2
S 38402300 288 101736 2
S 38413300 288 101734 2
S 38424299 288 101736 2
S 38435298 288 101736 2
S 38446298 288 101738 2
S 38457297 288 101734 2
S 38468296 288 101735 2
S 38479296 288 101733 2
S 38490295 288 101735 2
S 38501294 288 101737 2
S 38512293 288 101733 2
S 38523293 288 101739 2
S 38534292 288 101734 2
S 38545291 288 101737 2
S 38556291 288 101738 2
S 38567290 288 101737 2
S 38578289 288 101733 2
S 38589289 288 101739 2
S 38600288 288 101735 2
S 38611287 288 101733 2
S 38622287 288 101733 2
S 38633286 288 101736 2
S 38644285 288 101733 2
S 38655285 288 101735 2
S 38666284 288 101736 2
S 38677283 288 101736 2
S 38688282 288 101737 2
S 38699282 288 101738 2
S 38710281 288 101733 2
S 38721280 288 101734 2
S 38732280 288 101739 2
S 38743279 288 101737 2
S 38754278 288 101738 2
S 38765278 288 101738 2
S 38776277 288 101737 2
S 38787276 288 101733 2
S 38798276 288 101738 2
S 38809275 288 101741 2
S 38820274 288 101748 2
S 38831274 288 101746 2
S 38842273 288 101744 2
S 38853272 288 101736 2
S 38864271 288 101741 2
S 38875271 288 101740 2
S 38886270 288 101734 2
S 38897269 288 101738 2
S 38908269 288 101735 2
S 38919268 288 101738 2
S 38930267 288 101738 2
S 38941267 288 101741 2
S 38952266 288 101742 2
S 38963265 288 101739 2
S 38974265 288 101738 2
S 38985264 288 101734 2
S 38996263 288 101737 2
S 39007263 288 101736 2
S 39018262 288 101734 2
S 39029261 288 101734 2
S 39040260 288 101733 2
S 39051260 288 101737 2
S 39062259 288 101736 2
S 39073258 288 101736 2
S 39084258 288 101736 2
S 39095257 288 101735 2
S 39106256 288 101736 2
S 39117256 288 101744 2
S 39128255 288 101733 2
S 39139254 288 101738 2
S 39150254 288 101735 2
S 39161253 288 101736 2
S 39172252 288 101735 2
S 39183252 288 101732 2
S 39194251 288 101732 2
S 39205250 288 101731 2
S 39216249 288 101730 2
S 39227249 288 101735 2
S 39238248 288 101741 2
S 39249247 288 101738 2
S 39260247 288 101737 2
S 39271246 288 101735 2
S 39282245 288 101736 2
S 39293245 288 101736 2
S 39304244 288 101736 2
S 39315243 288 101739 2
S 39331242 288 101739 2
S 39342242 288 101738 2
S 39353241 288 101737 2
S 39364240 288 101733 2
S 39375240 288 101740 2
S 39386239 288 101737 2
S 39397238 288 101737 2
S 39408237 288 101736 2
S 39419237 288 101736 2
S 39430236 288 101733 2
S 39441235 288 101733 2
S 39452235 288 101733 2
S 39463234 288 101729 2
S 39474233 288 101736 2
S 39485233 288 101739 2
S 39496232 288 101737 2
S 39507231 288 101736 2
S 39518231 288 101741 2
S 39529230 288 101737 2
S 39540229 288 101737 2
S 39551229 288 101733 2
S 39562228 288 101736 2
S 39573227 288 101738 2
S 39584226 288 101730 2
S 39595226 288 101728 2
S 39606225 288 101738 2
S 39617224 288 101731 2
S 39628224 288 101737 2
S 39639223 288 101734 2
S 39650222 288 101738 2
S 39661222 288 101733 2
S 39672221 288 101734 2
S 39683220 288 101731 2
S 39694220 288 101732 2
S 39705219 288 101733 2
S 39716218 288 101734 2
S 39727218 288 101730 2
S 39738217 288 101730 2
S 39749216 288 101732 2
S 39760215 288 101732 2
S 39771215 288 101733 2
S 39782214 288 101732 2
S 39793213 288 101735 2
S 39804213 288 101733 2
S 39815212 288 101733 2
S 39826211 288 101732 2
S 39837211 288 101735 2
S 39848210 288 101733 2
S 39859209 288 101732 2
S 39870209 288 101730 2
S 39881208 288 101731 2
S 39892207 288 101729 2
S 39903207 288 101733 2
S 39914206 288 101735 2
S 39925205 288 101734 2
S 39936204 288 101733 2
S 39947204 288 101733 2
S 39958203 288 101738 2
S 39969202 288 101730 2
S 39980202 288 101730 2
S 39991201 288 101731 2
S 40002201 288 101733 2
S 40013200 288 101734 2
S 40024199 288 101730 2
S 40035198 288 101727 2
S 40046198 288 101722 2
S 40057197 288 101724 2
S 40068196 288 101727 2
S 40079196 288 101730 2
S 40090195 288 101730 2
S 40101194 288 101733 2
S 40112193 288 101735 2
S 40123193 288 101733 2
S 40134192 288 101730 2
S 40145191 288 101733 2
S 40156191 288 101733 2
S 40167190 288 101727 2
S 40178189 288 101733 2
S 40189189 288 101735 2
S 40200188 288 101733 2
S 40211187 288 101727 2
S 40222187 288 101733 2
S 40233186 288 101731 2
S 40244185 288 101736 2
S 40255185 288 101727 2
S 40266184 288 101726 2
S 40277183 288 101730 2
S 40288182 288 101727 2
S 40299182 288 101731 2
S 40310181 288 101728 2
S 40321180 288 101730 2
S 40337179 288 101738 2
S 40348179 288 101736 2
S 40359178 288 101738 2
S 40370177 288 101737 2
S 40381177 288 101731 2
S 40392176 288 101742 2
S 40403175 288 101742 2
S 40414175 288 101740 2
S 40425174 288 101739 2
S 40436173 288 101738 2
S 40447173 288 101742 2
S 40458172 288 101739 2
S 40469171 288 101739 2
S 40480170 288 101738 2
S 40491170 288 101739 2
S 40502169 288 101737 2
S 40513168 288 101736 2
S 40524168 288 101735 2
S 40535167 288 101732 2
S 40546166 288 101731 2
S 40557166 288 101735 2
S 40568165 288 101736 2
S 40579164 288 101733 2
S 40590164 288 101735 2
S 40601163 288 101738 2
S 40612162 288 101735 2
S 40623162 288 101732 2
S 40634161 288 101732 2
S 40645160 288 101736 2
S 40656159 288 101737 2
S 40667159 288 101735 2
S 40678158 288 101738 2
S 40689157 288 101739 2
S 40700157 288 101736 2
S 40711156 288 101736 2
S 40722155 288 101737 2
S 40733155 288 101739 2
S 40744154 288 101736 2
S 40755153 288 101737 2
S 40766153 288 101736 2
S 40777152 288 101736 2
S 40788151 288 101736 2
S 40799151 288 101740 2
S 40810150 288 101735 2
S 40821149 288 101737 2
S 40832148 288 101733 2
S 40843148 288 101740 2
S 40854147 288 101738 2
S 40865146 288 101739 2
S 40876146 288 101738 2
S 40887145 288 101736 2
S 40898144 288 101732 2
S 40909144 288 101735 2
S 40920143 288 101735 2
S 40931142 288 101739 2
S 40942142 288 101742 2
S 40953141 288 101744 2
S 40964140 288 101742 2
S 40975140 288 101738 2
S 40986139 288 101732 2
S 40997138 288 101733 2
S 41008137 288 101736 2
S 41019137 288 101738 2
S 41030136 288 101738 2
S 41041135 288 101738 2
S 41052135 288 101739 2
S 41063134 288 101737 2
S 41074133 288 101730 2
S 41085133 288 101737 2
S 41096132 288 101730 2
S 41107131 288 101730 2
S 41118131 288 101734 2
S 41129130 288 101736 2
S 41140129 288 101735 2
S 41151129 288 101733 2
S 41162128 288 101738 2
S 41173127 288 101738 2
S 41184126 288 101730 2
S 41195126 288 101735 2
S 41206125 288 101737 2
S 41217124 288 101734 2
S 41228124 288 101737 2
S 41239123 288 101739 2
S 41250122 288 101743 2
S 41261122 288 101735 2
S 41272121 288 101739 2
S 41283120 288 101742 2
S 41294120 288 101742 2
S 41305119 288 101742 2
S 41316118 288 101739 2
S 41327118 288 101737 2
S 41343117 288 101742 2
S 41354116 288 101739 2
S 41365115 288 101739 2
S 41376114 288 101739 2
S 41387114 288 101736 2
S 41398113 288 101739 2
S 41409112 288 101739 2
S 41420112 288 101739 2
S 41431111 288 101739 2
S 41442110 288 101738 2
S 41453110 288 101739 2
S 41464109 288 101736 2
S 41475108 288 101739 2
S 41486108 288 101733 2
S 41497107 288 101736 2
S 41508106 288 101736 2
S 41519106 288 101739 2
S 41530105 288 101742 2
S 41541104 288 101737 2
S 41552103 288 101736 2
S 41563103 288 101742 2
S 41574102 288 101739 2
S 41585101 288 101739 2
S 41596101 288 101740 2
S 41607100 288 101736 2
S 41618099 288 101733 2
S 41629099 288 101738 2
S 41640098 288 101739 2
S 41651097 288 101733 2
S 41662097 288 101737 2
S 41673096 288 101737 2
S 41684095 288 101738 2
S 41695095 288 101739 2
S 41706094 288 101739 2
S 41717093 288 101739 2
S 41728092 288 101738 2
S 41739092 288 101736 2
S 41750091 288 101736 2
S 41761090 288 101738 2
S 41772090 288 101738 2
S 41783089 288 101733 2
S 41794088 288 101741 2
S 41805088 288 101739 2
S 41816087 288 101739 2
S 41827086 288 101743 2
S 41838086 288 101743 2
S 41849085 288 101736 2
S 41860084 288 101737 2
S 41871084 288 101736 2
S 41882083 288 101737 2
S 41893082 288 101737 2
S 41904081 288 101737 2
S 41915081 288 101739 2
S 41926080 288 101740 2
S 41937079 288 101742 2
S 41948079 288 101736 2
S 41959078 288 101736 2
S 41970077 288 101736 2
S 41981077 288 101737 2
S 41992076 288 101737 2
S 42003075 288 101739 2
S 42014075 288 101736 2
S 42025074 288 101731 2
S 42036073 288 101733 2
S 42047073 288 101727 2
S 42058072 288 101733 2
S 42069071 288 101731 2
S 42080070 288 101729 2
S 42091070 288 101730 2
S 42102069 288 101732 2
S 42113068 288 101733 2
S 42124068 288 101730 2
S 42135067 288 101731 2
S 42146066 288 101727 2
S 42157066 288 101732 2
S 42168065 288 101726 2
S 42179064 288 101729 2
S 42190064 288 101727 2
S 42201063 288 101727 2
S 42212062 288 101728 2
S 42223062 288 101730 2
S 42234061 288 101731 2
S 42245060 288 101730 2
S 42256059 288 101730 2
S 42267059 288 101725 2
S 42278058 288 101730 2
S 42289057 288 101728 2
S 42300057 288 101727 2
S 42311056 288 101728 2
S 42322055 288 101731 2
S 42333055 288 101729 2
S 42349054 288 101733 2
S 42360053 288 101735 2
S 42371052 288 101735 2
S 42382052 288 101732 2
S 42393051 288 101729 2
S 42404050 288 101731 2
S 42415050 288 101737 2
S 42426049 288 101730 2
S 42437048 288 101730 2
S 42448047 288 101733 2
S 42459047 288 101730 2
S 42470046 288 101733 2
S 42481045 288 101733 2
S 42492045 288 101737 2
S 42503044 288 101731 2
S 42514043 288 101733 2
S 42525043 288 101733 2
S 42536042 288 101730 2
S 42547041 288 101736 2
S 42558041 288 101738 2
S 42569040 288 101737 2
S 42580039 288 101735 2
S 42591039 288 101735 2
S 42602038 288 101737 2
S 42613037 288 101736 2
S 42624036 288 101736 2
S 42635036 288 101738 2
S 42646035 288 101730 2
S 42657034 288 101738 2
S 42668034 288 101733 2
S 42679033 288 101730 2
S 42690032 288 101733 2
S 42701032 288 101733 2
S 42712031 288 101733 2
S 42723030 288 101731 2
S 42734030 288 101736 2
S 42745029 288 101734 2
S 42756028 288 101733 2
S 42767028 288 101733 2
S 42778027 288 101734 2
S 42789026 288 101733 2
S 42800025 288 101730 2
S 42811025 288 101735 2
S 42822024 288 101730 2
S 42833023 288 101732 2
S 42844023 288 101731 2
S 42855022 288 101730 2
S 42866021 288 101735 2
S 42877021 288 101732 2
S 42888020 288 101731 2
S 42899019 288 101733 2
S 42910019 288 101734 2
S 42921018 288 101734 2
S 42932017 288 101732 2
S 42943017 288 101733 2
S 42954016 288 101729 2
S 42965015 288 101734 2
S 42976014 288 101730 2
S 42987014 288 101730 2
S 42998013 288 101733 2
S 43009012 288 101728 2
S 43020012 288 101737 2
S 43031011 288 101735 2
S 43042010 288 101734 2
S 43053010 288 101734 2
S 43064009 288 101739 2
S 43075008 288 101734 2
S 43086008 288 101733 2
S 43097007 288 101733 2
S 43108006 288 101736 2
S 43119006 288 101734 2
S 43130005 288 101733 2
S 43141004 288 101733 2
S 43152003 288 101730 2
S 43163003 288 101733 2
S 43174002 288 101733 2
S 43185001 288 101733 2
S 43196001 288 101731 2
S 43207000 288 101731 2
S 43217999 288 101736 2
S 43228999 288 101733 2
S 43239998 288 101738 2
S 43250997 288 101739 2
S 43261997 288 101733 2
S 43272996 288 101737 2
S 43283995 288 101733 2
S 43294995 288 101734 2
S 43305994 288 101732 2
S 43316993 288 101731 2
S 43327992 288 101730 2
S 43338992 288 101733 2
S 43354991 288 101735 2
S 43365990 288 101736 2
S 43376989 288 101738 2
S 43387989 288 101738 2
S 43398988 288 101735 2
S 43409987 288 101739 2
S 43420987 288 101736 2
S 43431986 288 101736 2
S 43442985 288 101734 2
S 43453985 288 101736 2
S 43464984 288 101734 2
S 43475983 288 101734 2
S 43486983 288 101734 2
S 43497982 288 101738 2
S 43508981 288 101736 2
S 43519980 288 101734 2
S 43530980 288 101730 2
S 43541979 288 101733 2
S 43552978 288 101732 2
S 43563978 288 101734 2
S 43574977 288 101730 2
S 43585976 288 101728 2
S 43596976 288 101733 2
S 43607975 288 101737 2
S 43618974 288 101734 2
S 43629974 288 101730 2
S 43640973 288 101736 2
S 43651972 288 101733 2
S 43662972 288 101739 2
S 43673971 288 101739 2
S 43684970 288 101735 2
S 43695969 288 101737 2
S 43706969 288 101733 2
S 43717968 288 101736 2
S 43728967 288 101734 2
S 43739967 288 101736 2
S 43750966 288 101735 2
S 43761965 288 101736 2
S 43772965 288 101733 2
S 43783964 288 101736 2
S 43794963 288 101733 2
S 43805963 288 101736 2
S 43816962 288 101736 2
S 43827961 288 101735 2
S 43838961 288 101733 2
S 43849960 288 101735 2
S 43860959 288 101733 2
S 43871958 288 101734 2
S 43882958 288 101733 2
S 43893957 288 101733 2
S 43904956 288 101733 2
S 43915956 288 101732 2
S 43926955 288 101736 2
S 43937954 288 101733 2
S 43948954 288 101734 2
S 43959953 288 101735 2
S 43970952 288 101734 2
S 43981952 288 101736 2
S 43992951 288 101733 2
S 44003950 288 101735 2
S 44014950 288 101733 2
S 44025949 288 101737 2
S 44036948 288 101732 2
S 44047947 288 101733 2
S 44058947 288 101734 2
S 44069946 288 101728 2
S 44080945 288 101724 2
S 44091945 288 101730 2
S 44102944 288 101731 2
S 44113943 288 101731 2
S 44124943 288 101733 2
S 44135942 288 101731 2
S 44146941 288 101730 2
S 44157941 288 101729 2
S 44168940 288 101733 2
S 44179939 288 101732 2
S 44190939 288 101733 2
S 44201938 288 101733 2
S 44212937 288 101731 2
S 44223936 288 101727 2
S 44234936 288 101727 2
S 44245935 288 101736 2
S 44256934 288 101724 2
S 44267934 288 101730 2
S 44278933 288 101731 2
S 44289932 288 101730 2
S 44300932 288 101736 2
S 44311931 288 101736 2
S 44322930 288 101731 2
S 44333930 288 101730 2
S 44344929 288 101735 2
S 44360928 288 101727 2
S 44371927 288 101733 2
S 44382927 288 101730 2
S 44393926 288 101731 2
S 44404925 288 101730 2
S 44415924 288 101736 2
S 44426924 288 101728 2
S 44437923 288 101733 2
S 44448922 288 101725 2
S 44459922 288 101728 2
S 44470921 288 101730 2
S 44481920 288 101733 2
S 44492920 288 101733 2
S 44503919 288 101736 2
S 44514918 288 101729 2
S 44525918 288 101733 2
S 44536917 288 101728 2
S 44547916 288 101727 2
S 44558916 288 101730 2
S 44569915 288 101727 2
S 44580914 288 101730 2
S 44591913 288 101731 2
S 44602913 288 101737 2
S 44613912 288 101730 2
S 44624911 288 101731 2
S 44635911 288 101736 2
S 44646910 288 101733 2
S 44657909 288 101733 2
S 44668909 288 101731 2
S 44679908 288 101733 2
S 44690907 288 101730 2
S 44701907 288 101730 2
S 44712906 288 101732 2
S 44723905 288 101729 2
S 44734905 288 101733 2
S 44745904 288 101731 2
S 44756903 288 101725 2
S 44767902 288 101730 2
S 44778902 288 101724 2
S 44789901 288 101726 2
S 44800900 288 101730 2
S 44811900 288 101735 2
S 44822899 288 101730 2
S 44833898 288 101727 2
S 44844898 288 101736 2
S 44855897 288 101731 2
S 44866896 288 101731 2
S 44877896 288 101729 2
S 44888895 288 101733 2
S 44899894 288 101731 2
S 44910894 288 101729 2
S 44921893 288 101729 2
S 44932892 288 101735 2
S 44943891 288 101727 2
S 44954891 288 101725 2
S 44965890 288 101733 2
S 44976889 288 101724 2
S 44987889 288 101733 2
S 44998888 288 101730 2
S 45009887 288 101733 2
S 45020887 288 101733 2
S 45031886 288 101730 2
S 45042885 288 101731 2
S 45053885 288 101728 2
S 45064884 288 101731 2
S 45075883 288 101732 2
S 45086883 288 101733 2
S 45097882 288 101727 2
S 45108881 288 101729 2
S 45119880 288 101730 2
S 45130880 288 101724 2
S 45141879 288 101728 2
S 45152878 288 101732 2
S 45163878 288 101730 2
S 45174877 288 101731 2
S 45185876 288 101726 2
S 45196876 288 101733 2
S 45207875 288 101731 2
S 45218874 288 101728 2
S 45229874 288 101730 2
S 45240873 288 101730 2
S 45251872 288 101727 2
S 45262872 288 101736 2
S 45273871 288 101729 2
S 45284870 288 101729 2
S 45295869 288 101729 2
S 45306869 288 101730 2
S 45317868 288 101727 2
S 45328867 288 101730 2
S 45339867 288 101725 2
S 45350866 288 101736 2
S 45366865 288 101735 2
S 45377864 288 101734 2
S 45388864 288 101730 2
S 45399863 288 101736 2
S 45410862 288 101731 2
S 45421862 288 101731 2
S 45432861 288 101731 2
S 45443860 288 101730 2
S 45454860 288 101731 2
S 45465859 288 101730 2
S 45476858 288 101730 2
S 45487857 288 101729 2
S 45498857 288 101733 2
S 45509856 288 101730 2
S 45520855 288 101732 2
S 45531855 288 101732 2
S 45542854 288 101728 2
S 45553853 288 101728 2
S 45564853 288 101730 2
S 45575852 288 101730 2
S 45586851 288 101729 2
S 45597851 288 101727 2
S 45608850 288 101726 2
S 45619849 288 101729 2
S 45630849 288 101726 2
S 45641848 288 101733 2
S 45652847 288 101735 2
S 45663846 288 101729 2
S 45674846 288 101734 2
S 45685845 288 101733 2
S 45696844 288 101731 2
S 45707844 288 101728 2
S 45718843 288 101732 2
S 45729842 288 101732 2
S 45740842 288 101728 2
S 45751841 288 101724 2
S 45762840 288 101719 2
S 45773840 288 101730 2
S 45784839 288 101726 2
S 45795838 288 101729 2
S 45806838 288 101727 2
S 45817837 288 101728 2
S 45828836 288 101728 2
S 45839835 288 101729 2
S 45850835 288 101730 2
S 45861834 288 101727 2
S 45872833 288 101729 2
S 45883833 288 101727 2
S 45894832 288 101725 2
S 45905831 288 101729 2
S 45916831 288 101736 2
S 45927830 288 101729 2
S 45938829 288 101730 2
S 45949829 288 101726 2
S 45960828 288 101726 2
S 45971827 288 101730 2
S 45982827 288 101733 2
S 45993826 288 101729 2
S 46004825 288 101735 2
S 46015824 288 101726 2
S 46026824 288 101725 2
S 46037823 288 101727 2
S 46048822 288 101733 2
S 46059822 288 101734 2
S 46070821 288 101730 2
S 46081820 288 101729 2
S 46092820 288 101730 2
S 46103819 288 101731 2
S 46114818 288 101729 2
S 46125818 288 101727 2
S 46136817 288 101733 2
S 46147816 288 101727 2
S 46158816 288 101727 2
S 46169815 288 101728 2
S 46180814 288 101727 2
S 46191813 288 101725 2
S 46202813 288 101727 2
S 46213812 288 101727 2
S 46224811 288 101724 2
S 46235811 288 101728 2
S 46246810 288 101730 2
S 46257809 288 101729 2
S 46268809 288 101728 2
S 46279808 288 101724 2
S 46290807 288 101727 2
S 46301807 288 101727 2
S 46312806 288 101727 2
S 46323805 288 101724 2
S 46334805 288 101724 2
S 46345804 288 101724 2
S 46356803 288 101730 2
S 46372802 288 101733 2
S 46383801 288 101727 2
S 46394801 288 101733 2
S 46405800 288 101731 2
S 46416799 288 101733 2
S 46427799 288 101731 2
S 46438798 288 101731 2
S 46449797 288 101733 2
S 46460797 288 101732 2
S 46471796 288 101729 2
S 46482795 288 101730 2
S 46493795 288 101732 2
S 46504794 288 101727 2
S 46515793 288 101733 2
S 46526793 288 101730 2
S 46537792 288 101735 2
S 46548791 288 101733 2
S 46559790 288 101735 2
S 46570790 288 101734 2
S 46581789 288 101735 2
S 46592788 288 101735 2
S 46603788 288 101728 2
S 46614787 288 101730 2
S 46625786 288 101731 2
S 46636786 288 101732 2
S 46647785 288 101733 2
S 46658784 288 101733 2
S 46669784 288 101733 2
S 46680783 288 101736 2
S 46691782 288 101729 2
S 46702782 288 101732 2
S 46713781 288 101732 2
S 46724780 288 101727 2
S 46735779 288 101732 2
S 46746779 288 101733 2
S 46757778 288 101733 2
S 46768777 288 101734 2
S 46779777 288 101733 2
S 46790776 288 101733 2
S 46801775 288 101727 2
S 46812775 288 101730 2
S 46823774 288 101730 2
S 46834773 288 101730 2
S 46845773 288 101736 2
S 46856772 288 101733 2
S 46867771 288 101731 2
S 46878771 288 101736 2
S 46889770 288 101733 2
S 46900769 288 101730 2
S 46911768 288 101735 2
S 46922768 288 101729 2
S 46933767 288 101731 2
S 46944766 288 101731 2
S 46955766 288 101730 2
S 46966765 288 101724 2
S 46977764 288 101727 2
S 46988764 288 101728 2
S 46999763 288 101734 2
S 47010762 288 101742 2
S 47021762 288 101733 2
S 47032761 288 101733 2
S 47043760 288 101734 2
S 47054760 288 101739 2
S 47065759 288 101733 2
S 47076758 288 101735 2
S 47087757 288 101734 2
S 47098757 288 101731 2
S 47109756 288 101731 2
S 47120755 288 101727 2
S 47131755 288 101728 2
S 47142754 288 101725 2
S 47153753 288 101726 2
S 47164753 288 101723 2
S 47175752 288 101725 2
S 47186751 288 101729 2
S 47197751 288 101725 2
S 47208750 288 101727 2
S 47219749 288 101729 2
S 47230749 288 101728 2
S 47241748 288 101725 2
S 47252747 288 101722 2
S 47263746 288 101730 2
S 47274746 288 101725 2
S 47285745 288 101729 2
S 47296744 288 101725 2
S 47307744 288 101725 2
S 47318743 288 101730 2
S 47329742 288 101735 2
S 47340742 288 101733 2
S 47351741 288 101733 2
S 47362740 288 101727 2
S 47378739 288 101727 2
S 47389739 288 101731 2
S 47400738 288 101727 2
S 47411737 288 101728 2
S 47422737 288 101731 2
S 47433736 288 101730 2
S 47444735 288 101738 2
S 47455734 288 101738 2
S 47466734 288 101738 2
S 47477733 288 101734 2
S 47488732 288 101736 2
S 47499732 288 101736 2
S 47510731 288 101730 2
S 47521730 288 101733 2
S 47532730 288 101727 2
S 47543729 288 101728 2
S 47554728 288 101729 2
S 47565728 288 101730 2
S 47576727 288 101735 2
S 47587726 288 101733 2
S 47598726 288 101731 2
S 47609725 288 101733 2
S 47620724 288 101730 2
S 47631723 288 101731 2
S 47642723 288 101733 2
S 47653722 288 101732 2
S 47664721 288 101733 2
S 47675721 288 101729 2
S 47686720 288 101730 2
S 47697719 288 101733 2
S 47708719 288 101728 2
S 47719718 288 101730 2
S 47730717 288 101730 2
S 47741717 288 101723 2
S 47752716 288 101724 2
S 47763715 288 101727 2
S 47774715 288 101727 2
S 47785714 288 101727 2
S 47796713 288 101726 2
S 47807712 288 101730 2
S 47818712 288 101724 2
S 47829711 288 101727 2
S 47840710 288 101730 2
S 47851710 288 101730 2
S 47862709 288 101731 2
S 47873708 288 101732 2
S 47884708 288 101730 2
S 47895707 288 101730 2
S 47906706 288 101730 2
S 47917706 288 101727 2
S 47928705 288 101730 2
S 47939704 288 101729 2
S 47950704 288 101734 2
S 47961703 288 101730 2
S 47972702 288 101730 2
S 47983701 288 101733 2
S 47994701 288 101726 2
S 48005700 288 101731 2
S 48016699 288 101727 2
S 48027699 288 101730 2
S 48038698 288 101733 2
S 48049697 288 101724 2
S 48060697 288 101721 2
S 48071696 288 101723 2
S 48082695 288 101727 2
S 48093695 288 101727 2
S 48104694 288 101721 2
S 48115693 288 101727 2
S 48126693 288 101732 2
S 48137692 288 101727 2
S 48148691 288 101728 2
S 48159690 288 101729 2
S 48170690 288 101727 2
S 48181689 288 101731 2
S 48192688 288 101731 2
S 48203688 288 101725 2
S 48214687 288 101722 2
S 48225686 288 101725 2
S 48236686 288 101730 2
S 48247685 288 101730 2
S 48258684 288 101726 2
S 48269684 288 101727 2
S 48280683 288 101726 2
S 48291682 288 101722 2
S 48302682 288 101729 2
S 48313681 288 101726 2
S 48324680 288 101730 2
S 48335679 288 101732 2
S 48346679 288 101730 2
S 48357678 288 101729 2
S 48368677 288 101730 2
S 48384676 288 101734 2
S 48395676 288 101734 2
S 48406675 288 101729 2
S 48417674 288 101737 2
S 48428674 288 101733 2
S 48439673 288 101736 2
S 48450672 288 101733 2
S 48461672 288 101737 2
S 48472671 288 101734 2
S 48483670 288 101736 2
S 48494670 288 101731 2
S 48505669 288 101731 2
S 48516668 288 101735 2
S 48527667 288 101732 2
S 48538667 288 101733 2
S 48549666 288 101737 2
S 48560665 288 101736 2
S 48571665 288 101729 2
S 48582664 288 101729 2
S 48593663 288 101733 2
S 48604663 288 101734 2
S 48615662 288 101731 2
S 48626661 288 101733 2
S 48637661 288 101732 2
S 48648660 288 101731 2
S 48659659 288 101732 2
S 48670659 288 101726 2
S 48681658 288 101727 2
S 48692657 288 101732 2
S 48703656 288 101728 2
S 48714656 288 101729 2
S 48725655 288 101732 2
S 48736654 288 101733 2
S 48747654 288 101729 2
S 48758653 288 101727 2
S 48769652 288 101730 2
S 48780652 288 101738 2
S 48791651 288 101730 2
S 48802650 288 101734 2
S 48813650 288 101734 2
S 48824649 288 101733 2
S 48835648 288 101733 2
S 48846648 288 101734 2
S 48857647 288 101732 2
S 48868646 288 101736 2
S 48879645 288 101732 2
S 48890645 288 101739 2
S 48901644 288 101737 2
S 48912643 288 101736 2
S 48923643 288 101735 2
S 48934642 288 101737 2
S 48945641 288 101733 2
S 48956641 288 101735 2
S 48967640 288 101733 2
S 48978639 288 101736 2
S 48989639 288 101733 2
S 49000639 288 101732 2
S 49011637 288 101739 2
S 49022637 288 101739 2
S 49033636 288 101742 2
S 49044635 288 101733 2
S 49055634 288 101738 2
S 49066634 288 101739 2
S 49077633 288 101738 2
S 49088632 288 101740 2
S 49099632 288 101736 2
S 49110631 288 101734 2
S 49121630 288 101739 2
S 49132630 288 101740 2
S 49143629 288 101734 2
S 49154628 288 101730 2
S 49165628 288 101739 2
S 49176627 288 101729 2
S 49187626 288 101730 2
S 49198626 288 101734 2
S 49209625 288 101733 2
S 49220624 288 101730 2
S 49231623 288 101734 2
S 49242623 288 101738 2
S 49253622 288 101739 2
S 49264621 288 101739 2
S 49275621 288 101733 2
S 49286620 288 101734 2
S 49297619 288 101736 2
S 49308619 288 101736 2
S 49319618 288 101733 2
S 49330617 288 101735 2
S 49341617 288 101733 2
S 49352616 288 101737 2
S 49363615 288 101731 2
S 49374615 288 101733 2
S 49390614 288 101737 2
S 49401613 288 101738 2
S 49412612 288 101736 2
S 49423611 288 101741 2
S 49434611 288 101734 2
S 49445610 288 101735 2
S 49456609 288 101734 2
S 49467609 288 101733 2
S 49478608 288 101730 2
S 49489607 288 101732 2
S 49500607 288 101734 2
S 49511606 288 101733 2
S 49522605 288 101729 2
S 49533605 288 101730 2
S 49544604 288 101735 2
S 49555603 288 101735 2
S 49566603 288 101730 2
S 49577602 288 101730 2
S 49588601 288 101734 2
S 49599600 288 101736 2
S 49610600 288 101725 2
S 49621599 288 101730 2
S 49632598 288 101733 2
S 49643598 288 101731 2
S 49654597 288 101733 2
S 49665596 288 101730 2
S 49676596 288 101736 2
S 49687595 288 101737 2
S 49698594 288 101736 2
S 49709594 288 101735 2
S 49720593 288 101730 2
S 49731592 288 101734 2
S 49742592 288 101737 2
S 49753591 288 101736 2
S 49764590 288 101736 2
S 49775589 288 101736 2
S 49786589 288 101736 2
S 49797588 288 101733 2
S 49808587 288 101736 2
S 49819587 288 101737 2
S 49830586 288 101734 2
S 49841585 288 101734 2
S 49852585 288 101736 2
S 49863584 288 101733 2
S 49874583 288 101732 2
S 49885583 288 101735 2
S 49896582 288 101736 2
S 49907581 288 101733 2
S 49918581 288 101735 2
S 49929580 288 101735 2
S 49940579 288 101733 2
S 49951578 288 101731 2
S 49962578 288 101733 2
S 49973577 288 101730 2
S 49984576 288 101736 2
S 49995576 288 101727 2
S 50006575 288 101728 2
S 50017574 288 101733 2
S 50028574 288 101733 2
S 50039573 288 101730 2
S 50050572 288 101735 2
S 50061572 288 101736 2
S 50072571 288 101732 2
S 50083570 288 101730 2
S 50094570 288 101728 2
S 50105569 288 101733 2
S 50116568 288 101729 2
S 50127567 288 101731 2
S 50138567 288 101731 2
S 50149566 288 101728 2
S 50160565 288 101731 2
S 50171565 288 101731 2
S 50182564 288 101732 2
S 50193563 288 101722 2
S 50204563 288 101727 2
S 50215562 288 101724 2
S 50226561 288 101730 2
S 50237561 288 101727 2
S 50248560 288 101725 2
S 50259559 288 101727 2
S 50270559 288 101721 2
S 50281558 288 101731 2
S 50292557 288 101730 2
S 50303556 288 101728 2
S 50314556 288 101727 2
S 50325555 288 101732 2
S 50336554 288 101729 2
S 50347554 288 101730 2
S 50358553 288 101730 2
S 50369552 288 101727 2
S 50380552 288 101732 2
S 50396551 288 101733 2
S 50407550 288 101739 2
S 50418549 288 101739 2
S 50429549 288 101737 2
S 50440548 288 101736 2
S 50451547 288 101736 2
S 50462547 288 101738 2
S 50473546 288 101733 2
S 50484545 288 101733 2
S 50495544 288 101736 2
S 50506544 288 101731 2
S 50517543 288 101735 2
S 50528542 288 101730 2
S 50539542 288 101735 2
S 50550541 288 101736 2
S 50561540 288 101735 2
S 50572540 288 101734 2
S 50583539 288 101738 2
S 50594538 288 101736 2
S 50605538 288 101736 2
S 50616537 288 101736 2
S 50627536 288 101737 2
S 50638536 288 101733 2
S 50649535 288 101736 2
S 50660534 288 101733 2
S 50671533 288 101737 2
S 50682533 288 101737 2
S 50693532 288 101737 2
S 50704531 288 101736 2
S 50715531 288 101731 2
S 50726530 288 101736 2
S 50737529 288 101737 2
S 50748529 288 101732 2
S 50759528 288 101733 2
S 50770527 288 101735 2
S 50781527 288 101737 2
S 50792526 288 101735 2
S 50803525 288 101737 2
S 50814525 288 101732 2
S 50825524 288 101735 2
S 50836523 288 101738 2
S 50847522 288 101733 2
S 50858522 288 101737 2
S 50869521 288 101735 2
S 50880520 288 101739 2
S 50891520 288 101742 2
S 50902519 288 101738 2
S 50913518 288 101739 2
S 50924518 288 101739 2
S 50935517 288 101738 2
S 50946516 288 101741 2
S 50957516 288 101741 2
S 50968515 288 101739 2
S 50979514 288 101736 2
S 50990514 288 101735 2
S 51001514 288 101736 2
S 51012512 288 101737 2
S 51023511 288 101730 2
S 51034511 288 101729 2
S 51045510 288 101733 2
S 51056509 288 101730 2
S 51067509 288 101730 2
S 51078508 288 101730 2
S 51089507 288 101736 2
S 51100507 288 101735 2
S 51111506 288 101736 2
S 51122505 288 101736 2
S 51133505 288 101735 2
S 51144504 288 101734 2
S 51155503 288 101735 2
S 51166503 288 101738 2
S 51177502 288 101733 2
S 51188501 288 101736 2
S 51199500 288 101733 2
S 51210500 288 101733 2
S 51221499 288 101736 2
S 51232498 288 101734 2
S 51243498 288 101732 2
S 51254497 288 101727 2
S 51265496 288 101736 2
S 51276496 288 101735 2
S 51287495 288 101731 2
S 51298494 288 101732 2
S 51309494 288 101736 2
S 51320493 288 101733 2
S 51331492 288 101729 2
S 51342492 288 101730 2
S 51353491 288 101730 2
S 51364490 288 101731 2
S 51375489 288 101731 2
S 51386489 288 101735 2
S 51402488 288 101733 2
S 51413487 288 101732 2
S 51424486 288 101732 2
S 51435486 288 101730 2
S 51446485 288 101734 2
S 51457484 288 101730 2
S 51468484 288 101732 2
S 51479483 288 101735 2
S 51490482 288 101729 2
S 51501482 288 101734 2
S 51512481 288 101728 2
S 51523480 288 101733 2
S 51534480 288 101732 2
S 51545479 288 101731 2
S 51556478 288 101733 2
S 51567477 288 101731 2
S 51578477 288 101734 2
S 51589476 288 101735 2
S 51600475 288 101736 2
S 51611475 288 101729 2
S 51622474 288 101734 2
S 51633473 288 101733 2
S 51644473 288 101739 2
S 51655472 288 101733 2
S 51666471 288 101732 2
S 51677471 288 101738 2
S 51688470 288 101734 2
S 51699469 288 101738 2
S 51710469 288 101733 2
S 51721468 288 101737 2
S 51732467 288 101736 2
S 51743466 288 101733 2
S 51754466 288 101740 2
S 51765465 288 101736 2
S 51776464 288 101737 2
S 51787464 288 101738 2
S 51798463 288 101740 2
S 51809462 288 101736 2
S 51820462 288 101739 2
S 51831461 288 101736 2
S 51842460 288 101736 2
S 51853460 288 101734 2
S 51864459 288 101734 2
S 51875458 288 101733 2
S 51886458 288 101733 2
S 51897457 288 101733 2
S 51908456 288 101736 2
S 51919455 288 101736 2
S 51930455 288 101733 2
S 51941454 288 101738 2
S 51952453 288 101736 2
S 51963453 288 101737 2
S 51974452 288 101730 2
S 51985451 288 101733 2
S 51996451 288 101733 2
S 52007450 288 101736 2
S 52018449 288 101730 2
S 52029449 288 101735 2
S 52040448 288 101735 2
S 52051447 288 101735 2
S 52062447 288 101735 2
S 52073446 288 101736 2
S 52084445 288 101736 2
S 52095444 288 101737 2
S 52106444 288 101733 2
S 52117443 288 101735 2
S 52128442 288 101738 2
S 52139442 288 101730 2
S 52150441 288 101735 2
S 52161440 288 101735 2
S 52172440 288 101736 2
S 52183439 288 101741 2
S 52194438 288 101735 2
S 52205438 288 101736 2
S 52216437 288 101738 2
S 52227436 288 101732 2
S 52238436 288 101733 2
S 52249435 288 101727 2
S 52260434 288 101733 2
S 52271433 288 101731 2
S 52282433 288 101736 2
S 52293432 288 101731 2
S 52304431 288 101734 2
S 52315431 288 101730 2
S 52326430 288 101733 2
S 52337429 288 101732 2
S 52348429 288 101736 2
S 52359428 288 101724 2
S 52370427 288 101736 2
S 52381427 288 101733 2
S 52392426 288 101735 2
S 52408425 288 101724 2
S 52419424 288 101729 2
S 52430424 288 101727 2
S 52441423 288 101730 2
S 52452422 288 101736 2
S 52463421 288 101730 2
S 52474421 288 101732 2
S 52485420 288 101728 2
S 52496419 288 101724 2
S 52507419 288 101727 2
S 52518418 288 101728 2
S 52529417 288 101729 2
S 52540417 288 101733 2
S 52551416 288 101736 2
S 52562415 288 101728 2
S 52573415 288 101731 2
S 52584414 288 101732 2
S 52595413 288 101735 2
S 52606413 288 101732 2
S 52617412 288 101732 2
S 52628411 288 101730 2
S 52639410 288 101731 2
S 52650410 288 101732 2
S 52661409 288 101736 2
S 52672408 288 101730 2
S 52683408 288 101732 2
S 52694407 288 101731 2
S 52705406 288 101730 2
S 52716406 288 101736 2
S 52727405 288 101736 2
S 52738404 288 101736 2
S 52749404 288 101730 2
S 52760403 288 101733 2
S 52771402 288 101734 2
S 52782402 288 101728 2
S 52793401 288 101735 2
S 52804400 288 101733 2
S 52815399 288 101736 2
S 52826399 288 101734 2
S 52837398 288 101735 2
S 52848397 288 101733 2
S 52859397 288 101734 2
S 52870396 288 101732 2
S 52881395 288 101733 2
S 52892395 288 101730 2
S 52903394 288 101734 2
S 52914393 288 101731 2
S 52925393 288 101731 2
S 52936392 288 101728 2
S 52947391 288 101732 2
S 52958391 288 101733 2
S 52969390 288 101732 2
S 52980389 288 101733 2
S 52991388 288 101731 2
S 53002388 288 101728 2
S 53013387 288 101731 2
S 53024386 288 101733 2
S 53035386 288 101733 2
S 53046385 288 101735 2
S 53057384 288 101736 2
S 53068384 288 101733 2
S 53079383 288 101734 2
S 53090382 288 101739 2
S 53101382 288 101738 2
S 53112381 288 101734 2
S 53123380 288 101735 2
S 53134380 288 101736 2
S 53145379 288 101739 2
S 53156378 288 101735 2
S 53167377 288 101734 2
S 53178377 288 101736 2
S 53189376 288 101736 2
S 53200375 288 101736 2
S 53211375 288 101735 2
S 53222374 288 101735 2
S 53233373 288 101739 2
S 53244373 288 101736 2
S 53255372 288 101733 2
S 53266371 288 101735 2
S 53277371 288 101734 2
S 53288370 288 101736 2
S 53299369 288 101732 2
S 53310369 288 101732 2
S 53321368 288 101734 2
S 53332367 288 101735 2
S 53343366 288 101736 2
S 53354366 288 101733 2
S 53365365 288 101739 2
S 53376364 288 101738 2
S 53387364 288 101739 2
S 53398363 288 101733 2
S 53414362 288 101736 2
S 53425361 288 101731 2
S 53436361 288 101733 2
S 53447360 288 101735 2
S 53458359 288 101727 2
S 53469359 288 101732 2
S 53480358 288 101731 2
S 53491357 288 101733 2
S 53502357 288 101728 2
S 53513356 288 101732 2
S 53524355 288 101732 2
S 53535354 288 101733 2
S 53546354 288 101730 2
S 53557353 288 101724 2
S 53568352 288 101730 2
S 53579352 288 101730 2
S 53590351 288 101731 2
S 53601350 288 101733 2
S 53612350 288 101730 2
S 53623349 288 101729 2
S 53634348 288 101732 2
S 53645348 288 101731 2
S 53656347 288 101731 2
S 53667346 288 101733 2
S 53678346 288 101733 2
S 53689345 288 101732 2
S 53700344 288 101731 2
S 53711343 288 101732 2
S 53722343 288 101730 2
S 53733342 288 101733 2
S 53744341 288 101731 2
S 53755341 288 101727 2
S 53766340 288 101733 2
S 53777339 288 101728 2
S 53788339 288 101725 2
S 53799338 288 101730 2
S 53810337 288 101730 2
S 53821337 288 101733 2
S 53832336 288 101726 2
S 53843335 288 101726 2
S 53854335 288 101724 2
S 53865334 288 101726 2
S 53876333 288 101733 2
S 53887332 288 101728 2
S 53898332 288 101730 2
S 53909331 288 101732 2
S 53920330 288 101722 2
S 53931330 288 101727 2
S 53942329 288 101730 2
S 53953328 288 101725 2
S 53964328 288 101726 2
S 53975327 288 101729 2
S 53986326 288 101730 2
S 53997326 288 101725 2
S 54008325 288 101723 2
S 54019324 288 101728 2
S 54030324 288 101723 2
S 54041323 288 101723 2
S 54052322 288 101726 2
S 54063321 288 101724 2
S 54074321 288 101724 2
S 54085320 288 101724 2
S 54096319 288 101720 2
S 54107319 288 101727 2
S 54118318 288 101730 2
S 54129317 288 101724 2
S 54140317 288 101722 2
S 54151316 288 101722 2
S 54162315 288 101724 2
S 54173315 288 101727 2
S 54184314 288 101730 2
S 54195313 288 101728 2
S 54206313 288 101727 2
S 54217312 288 101724 2
S 54228311 288 101727 2
S 54239310 288 101726 2
S 54250310 288 101721 2
S 54261309 288 101725 2
S 54272308 288 101721 2
S 54283308 288 101724 2
S 54294307 288 101730 2
S 54305306 288 101727 2
S 54316306 288 101721 2
S 54327305 288 101724 2
S 54338304 288 101723 2
S 54349304 288 101725 2
S 54360303 288 101725 2
S 54371302 288 101725 2
S 54382302 288 101727 2
S 54393301 288 101723 2
S 54404300 288 101724 2
S 54420299 288 101736 2
S 54431298 288 101733 2
S 54442298 288 101730 2
S 54453297 288 101731 2
S 54464296 288 101734 2
S 54475296 288 101720 2
S 54486295 288 101721 2
S 54497294 288 101727 2
S 54508294 288 101731 2
S 54519293 288 101732 2
S 54530292 288 101727 2
S 54541292 288 101726 2
S 54552291 288 101724 2
S 54563290 288 101725 2
S 54574290 288 101729 2
S 54585289 288 101723 2
S 54596288 288 101725 2
S 54607287 288 101725 2
S 54618287 288 101727 2
S 54629286 288 101727 2
S 54640285 288 101729 2
S 54651285 288 101734 2
S 54662284 288 101725 2
S 54673283 288 101730 2
S 54684283 288 101729 2
S 54695282 288 101735 2
S 54706281 288 101736 2
S 54717281 288 101731 2
S 54728280 288 101734 2
S 54739279 288 101731 2
S 54750279 288 101729 2
S 54761278 288 101729 2
S 54772277 288 101728 2
S 54783276 288 101727 2
S 54794276 288 101727 2
S 54805275 288 101728 2
S 54816274 288 101723 2
S 54827274 288 101724 2
S 54838273 288 101731 2
S 54849272 288 101728 2
S 54860272 288 101729 2
S 54871271 288 101728 2
S 54882270 288 101727 2
S 54893270 288 101729 2
S 54904269 288 101726 2
S 54915268 288 101724 2
S 54926268 288 101726 2
S 54937267 288 101727 2
S 54948266 288 101725 2
S 54959265 288 101727 2
S 54970265 288 101730 2
S 54981264 288 101728 2
S 54992263 288 101728 2
S 55003263 288 101729 2
S 55014262 288 101727 2
S 55025261 288 101728 2
S 55036261 288 101727 2
S 55047260 288 101728 2
S 55058259 288 101731 2
S 55069259 288 101732 2
S 55080258 288 101734 2
S 55091257 288 101733 2
S 55102257 288 101723 2
S 55113256 288 101725 2
S 55124255 288 101726 2
S 55135254 288 101727 2
S 55146254 288 101723 2
S 55157253 288 101724 2
S 55168252 288 101722 2
S 55179252 288 101721 2
S 55190251 288 101725 2
S 55201250 288 101728 2
S 55212250 288 101726 2
S 55223249 288 101727 2
S 55234248 288 101722 2
S 55245248 288 101726 2
S 55256247 288 101725 2
S 55267246 288 101727 2
S 55278246 288 101728 2
S 55289245 288 101725 2
S 55300244 288 101725 2
S 55311243 288 101725 2
S 55322243 288 101726 2
S 55333242 288 101725 2
S 55344241 288 101725 2
S 55355241 288 101725 2
S 55366240 288 101725 2
S 55377239 288 101721 2
S 55388239 288 101725 2
S 55399238 288 101727 2
S 55410237 288 101722 2
S 55426236 288 101730 2
S 55437236 288 101727 2
S 55448235 288 101724 2
S 55459234 288 101730 2
S 55470234 288 101725 2
S 55481233 288 101727 2
S 55492232 288 101733 2
S 55503231 288 101727 2
S 55514231 288 101724 2
S 55525230 288 101731 2
S 55536229 288 101726 2
S 55547229 288 101725 2
S 55558228 288 101723 2
S 55569227 288 101726 2
S 55580227 288 101724 2
S 55591226 288 101724 2
S 55602225 288 101725 2
S 55613225 288 101727 2
S 55624224 288 101733 2
S 55635223 288 101729 2
S 55646223 288 101730 2
S 55657222 288 101728 2
S 55668221 288 101724 2
S 55679220 288 101724 2
S 55690220 288 101728 2
S 55701219 288 101729 2
S 55712218 288 101724 2
S 55723218 288 101727 2
S 55734217 288 101724 2
S 55745216 288 101728 2
S 55756216 288 101725 2
S 55767215 288 101725 2
S 55778214 288 101723 2
S 55789214 288 101722 2
S 55800213 288 101722 2
S 55811212 288 101731 2
S 55822212 288 101731 2
S 55833211 288 101727 2
S 55844210 288 101731 2
S 55855209 288 101727 2
S 55866209 288 101727 2
S 55877208 288 101725 2
S 55888207 288 101727 2
S 55899207 288 101727 2
S 55910206 288 101723 2
S 55921205 288 101730 2
S 55932205 288 101723 2
S 55943204 288 101724 2
S 55954203 288 101722 2
S 55965203 288 101727 2
S 55976202 288 101727 2
S 55987201 288 101724 2
S 55998201 288 101724 2
S 56009200 288 101724 2
S 56020199 288 101732 2
S 56031198 288 101733 2
S 56042198 288 101736 2
S 56053197 288 101729 2
S 56064196 288 101730 2
S 56075196 288 101722 2
S 56086195 288 101725 2
S 56097194 288 101722 2
S 56108194 288 101731 2
S 56119193 288 101726 2
S 56130192 288 101726 2
S 56141192 288 101723 2
S 56152191 288 101725 2
S 56163190 288 101727 2
S 56174190 288 101728 2
S 56185189 288 101723 2
S 56196188 288 101730 2
S 56207187 288 101733 2
S 56218187 288 101732 2
S 56229186 288 101731 2
S 56240185 288 101722 2
S 56251185 288 101726 2
S 56262184 288 101730 2
S 56273183 288 101730 2
S 56284183 288 101730 2
S 56295182 288 101732 2
S 56306181 288 101727 2
S 56317181 288 101721 2
S 56328180 288 101727 2
S 56339179 288 101730 2
S 56350179 288 101732 2
S 56361178 288 101732 2
S 56372177 288 101725 2
S 56383176 288 101730 2
S 56394176 288 101723 2
S 56405175 288 101725 2
S 56416174 288 101727 2
S 56432173 288 101727 2
S 56443173 288 101733 2
S 56454172 288 101731 2
S 56465171 288 101724 2
S 56476171 288 101727 2
S 56487170 288 101734 2
S 56498169 288 101731 2
S 56509169 288 101727 2
S 56520168 288 101736 2
S 56531167 288 101727 2
S 56542167 288 101727 2
S 56553166 288 101730 2
S 56564165 288 101726 2
S 56575164 288 101726 2
S 56586164 288 101731 2
S 56597163 288 101734 2
S 56608162 288 101733 2
S 56619162 288 101733 2
S 56630161 288 101734 2
S 56641160 288 101730 2
S 56652160 288 101731 2
S 56663159 288 101730 2
S 56674158 288 101731 2
S 56685158 288 101733 2
S 56696157 288 101727 2
S 56707156 288 101730 2
S 56718156 288 101729 2
S 56729155 288 101727 2
S 56740154 288 101730 2
S 56751153 288 101736 2
S 56762153 288 101731 2
S 56773152 288 101728 2
S 56784151 288 101733 2
S 56795151 288 101732 2
S 56806150 288 101730 2
S 56817149 288 101727 2
S 56828149 288 101730 2
S 56839148 288 101729 2
S 56850147 288 101735 2
S 56861147 288 101734 2
S 56872146 288 101735 2
S 56883145 288 101725 2
S 56894145 288 101730 2
S 56905144 288 101732 2
S 56916143 288 101730 2
S 56927142 288 101732 2
S 56938142 288 101729 2
S 56949141 288 101728 2
S 56960140 288 101724 2
S 56971140 288 101726 2
S 56982139 288 101729 2
S 56993138 288 101728 2
S 57004138 288 101727 2
S 57015137 288 101730 2
S 57026136 288 101727 2
S 57037136 288 101726 2
S 57048135 288 101722 2
S 57059134 288 101731 2
S 57070134 288 101729 2
S 57081133 288 101730 2
S 57092132 288 101731 2
S 57103131 288 101730 2
S 57114131 288 101724 2
S 57125130 288 101729 2
S 57136129 288 101730 2
S 57147129 288 101732 2
S 57158128 288 101724 2
S 57169127 288 101728 2
S 57180127 288 101730 2
S 57191126 288 101730 2
S 57202125 288 101733 2
S 57213125 288 101728 2
S 57224124 288 101730 2
S 57235123 288 101727 2
S 57246123 288 101726 2
S 57257122 288 101726 2
S 57268121 288 101724 2
S 57279120 288 101724 2
S 57290120 288 101727 2
S 57301119 288 101728 2
S 57312118 288 101727 2
S 57323118 288 101724 2
S 57334117 288 101729 2
S 57345116 288 101730 2
S 57356116 288 101727 2
S 57367115 288 101722 2
S 57378114 288 101720 2
S 57389114 288 101723 2
S 57400113 288 101724 2
S 57411112 288 101722 2
S 57422112 288 101723 2
S 57438111 288 101731 2
S 57449110 288 101733 2
S 57460109 288 101735 2
S 57471108 288 101727 2
S 57482108 288 101728 2
S 57493107 288 101732 2
S 57504106 288 101727 2
S 57515106 288 101726 2
S 57526105 288 101727 2
S 57537104 288 101728 2
S 57548104 288 101727 2
S 57559103 288 101727 2
S 57570102 288 101724 2
S 57581102 288 101729 2
S 57592101 288 101724 2
S 57603100 288 101728 2
S 57614100 288 101723 2
S 57625099 288 101724 2
S 57636098 288 101727 2
S 57647097 288 101725 2
S 57658097 288 101724 2
S 57669096 288 101721 2
S 57680095 288 101724 2
S 57691095 288 101725 2
S 57702094 288 101724 2
S 57713093 288 101725 2
S 57724093 288 101726 2
S 57735092 288 101727 2
S 57746091 288 101723 2
S 57757091 288 101721 2
S 57768090 288 101720 2
S 57779089 288 101723 2
S 57790089 288 101720 2
S 57801088 288 101725 2
S 57812087 288 101724 2
S 57823086 288 101724 2
S 57834086 288 101722 2
S 57845085 288 101727 2
S 57856084 288 101724 2
S 57867084 288 101721 2
S 57878083 288 101725 2
S 57889082 288 101725 2
S 57900082 288 101725 2
S 57911081 288 101723 2
S 57922080 288 101725 2
S 57933080 288 101724 2
S 57944079 288 101721 2
S 57955078 288 101721 2
S 57966078 288 101724 2
S 57977077 288 101724 2
S 57988076 288 101719 2
S 57999075 288 101721 2
S 58010075 288 101729 2
S 58021074 288 101726 2
S 58032073 288 101726 2
S 58043073 288 101725 2
S 58054072 288 101724 2
S 58065071 288 101724 2
S 58076071 288 101727 2
S 58087070 288 101725 2
S 58098069 288 101723 2
S 58109069 288 101729 2
S 58120068 288 101725 2
S 58131067 288 101727 2
S 58142067 288 101726 2
S 58153066 288 101727 2
S 58164065 288 101724 2
S 58175064 288 101731 2
S 58186064 288 101735 2
S 58197063 288 101728 2
S 58208062 288 101733 2
S 58219062 288 101732 2
S 58230061 288 101725 2
S 58241060 288 101731 2
S 58252060 288 101736 2
S 58263059 288 101734 2
S 58274058 288 101733 2
S 58285058 288 101730 2
S 58296057 288 101730 2
S 58307056 288 101736 2
S 58318056 288 101736 2
S 58329055 288 101739 2
S 58340054 288 101733 2
S 58351053 288 101735 2
S 58362053 288 101728 2
S 58373052 288 101732 2
S 58384051 288 101729 2
S 58395051 288 101731 2
S 58406050 288 101736 2
S 58417049 288 101733 2
S 58428049 288 101727 2
S 58444048 288 101734 2
S 58455047 288 101737 2
S 58466046 288 101734 2
S 58477046 288 101727 2
S 58488045 288 101724 2
S 58499044 288 101728 2
S 58510044 288 101733 2
S 58521043 288 101726 2
S 58532042 288 101726 2
S 58543041 288 101724 2
S 58554041 288 101728 2
S 58565040 288 101731 2
S 58576039 288 101727 2
S 58587039 288 101730 2
S 58598038 288 101727 2
S 58609037 288 101727 2
S 58620037 288 101729 2
S 58631036 288 101724 2
S 58642035 288 101727 2
S 58653035 288 101729 2
S 58664034 288 101729 2
S 58675033 288 101725 2
S 58686033 288 101729 2
S 58697032 288 101731 2
S 58708031 288 101733 2
S 58719030 288 101727 2
S 58730030 288 101733 2
S 58741029 288 101734 2
S 58752028 288 101732 2
S 58763028 288 101732 2
S 58774027 288 101726 2
S 58785026 288 101727 2
S 58796026 288 101727 2
S 58807025 288 101723 2
S 58818024 288 101726 2
S 58829024 288 101730 2
S 58840023 288 101724 2
S 58851022 288 101733 2
S 58862022 288 101733 2
S 58873021 288 101730 2
S 58884020 288 101732 2
S 58895019 288 101729 2
S 58906019 288 101731 2
S 58917018 288 101730 2
S 58928017 288 101721 2
S 58939017 288 101724 2
S 58950016 288 101727 2
S 58961015 288 101730 2
S 58972015 288 101737 2
S 58983014 288 101730 2
S 58994013 288 101731 2
S 59005013 288 101728 2
S 59016012 288 101727 2
S 59027011 288 101725 2
S 59038011 288 101730 2
S 59049010 288 101728 2
S 59060009 288 101729 2
S 59071008 288 101727 2
S 59082008 288 101730 2
S 59093007 288 101724 2
S 59104006 288 101726 2
S 59115006 288 101727 2
S 59126005 288 101730 2
S 59137004 288 101728 2
S 59148004 288 101730 2
S 59159003 288 101728 2
S 59170002 288 101729 2
S 59181002 288 101728 2
S 59192001 288 101730 2
S 59203000 288 101728 2
S 59214000 288 101721 2
S 59224999 288 101727 2
S 59235998 288 101727 2
S 59246997 288 101729 2
S 59257997 288 101733 2
S 59268996 288 101731 2
S 59279995 288 101732 2
S 59290995 288 101732 2
S 59301994 288 101729 2
S 59312993 288 101724 2
S 59323993 288 101727 2
S 59334992 288 101726 2
S 59345991 288 101724 2
S 59356991 288 101730 2
S 59367990 288 101725 2
S 59378989 288 101728 2
S 59389989 288 101725 2
S 59400988 288 101721 2
S 59411987 288 101727 2
S 59422986 288 101733 2
S 59433986 288 101727 2
S 59449985 288 101724 2
S 59460984 288 101725 2
S 59471983 288 101723 2
S 59482983 288 101727 2
S 59493982 288 101721 2
S 59504981 288 101725 2
S 59515981 288 101730 2
S 59526980 288 101726 2
S 59537979 288 101726 2
S 59548979 288 101736 2
S 59559978 288 101733 2
S 59570977 288 101731 2
S 59581977 288 101733 2
S 59592976 288 101722 2
S 59603975 288 101729 2
S 59614974 288 101724 2
S 59625974 288 101727 2
S 59636973 288 101729 2
S 59647972 288 101723 2
S 59658972 288 101732 2
S 59669971 288 101726 2
S 59680970 288 101726 2
S 59691970 288 101727 2
S 59702969 288 101729 2
S 59713968 288 101727 2
S 59724968 288 101727 2
S 59735967 288 101725 2
S 59746966 288 101725 2
S 59757966 288 101728 2
S 59768965 288 101729 2
S 59779964 288 101729 2
S 59790963 288 101729 2
S 59801963 288 101727 2
S 59812962 288 101728 2
S 59823961 288 101727 2
S 59834961 288 101731 2
S 59845960 288 101729 2
S 59856959 288 101733 2
S 59867959 288 101727 2
S 59878958 288 101726 2
S 59889957 288 101727 2
S 59900957 288 101731 2
S 59911956 288 101719 2
S 59922955 288 101722 2
S 59933955 288 101730 2
S 59944954 288 101730 2
S 59955953 288 101735 2
S 59966952 288 101729 2
S 59977952 288 101723 2
S 59988951 288 101723 2
S 59999950 288 101737 2
S 60010950 288 101727 2
S 60021949 288 101728 2
S 60032948 288 101725 2
S 60043948 288 101726 2
S 60054947 288 101730 2
S 60065946 288 101729 2
S 60076946 288 101728 2
S 60087945 288 101730 2
S 60098944 288 101723 2
S 60109944 288 101736 2
S 60120943 288 101737 2
S 60131942 288 101732 2
S 60142941 288 101727 2
S 60153941 288 101730 2
S 60164940 288 101729 2
S 60175939 288 101727 2
S 60186939 288 101727 2
S 60197938 288 101728 2
S 60208937 288 101723 2
S 60219937 288 101722 2
S 60230936 288 101728 2
S 60241935 288 101730 2
S 60252935 288 101730 2
S 60263934 288 101724 2
S 60274933 288 101729 2
S 60285933 288 101726 2
S 60296932 288 101721 2
S 60307931 288 101724 2
S 60318930 288 101725 2
S 60329930 288 101726 2
S 60340929 288 101730 2
S 60351928 288 101724 2
S 60362928 288 101730 2
S 60373927 288 101727 2
S 60384926 288 101729 2
S 60395926 288 101727 2
S 60406925 288 101731 2
S 60417924 288 101727 2
S 60428924 288 101724 2
S 60439923 288 101727 2
S 60455922 288 101733 2
S 60466921 288 101733 2
S 60477921 288 101733 2
S 60488920 288 101737 2
S 60499919 288 101735 2
S 60510918 288 101737 2
S 60521918 288 101731 2
S 60532917 288 101730 2
S 60543916 288 101728 2
S 60554916 288 101728 2
S 60565915 288 101733 2
S 60576914 288 101731 2
S 60587914 288 101729 2
S 60598913 288 101738 2
S 60609912 288 101731 2
S 60620912 288 101730 2
S 60631911 288 101738 2
S 60642910 288 101730 2
S 60653910 288 101737 2
S 60664909 288 101736 2
S 60675908 288 101735 2
S 60686907 288 101738 2
S 60697907 288 101739 2
S 60708906 288 101739 2
S 60719905 288 101734 2
S 60730905 288 101735 2
S 60741904 288 101733 2
S 60752903 288 101739 2
S 60763903 288 101732 2
S 60774902 288 101736 2
S 60785901 288 101740 2
S 60796901 288 101739 2
S 60807900 288 101740 2
S 60818899 288 101737 2
S 60829899 288 101741 2
S 60840898 288 101736 2
S 60851897 288 101735 2
S 60862896 288 101738 2
S 60873896 288 101737 2
S 60884895 288 101735 2
S 60895894 288 101736 2
S 60906894 288 101738 2
S 60917893 288 101739 2
S 60928892 288 101735 2
S 60939892 288 101732 2
S 60950891 288 101739 2
S 60961890 288 101738 2
S 60972890 288 101737 2
S 60983889 288 101739 2
S 60994888 288 101737 2
S 61005888 288 101737 2
S 61016887 288 101735 2
S 61027886 288 101736 2
S 61038885 288 101733 2
S 61049885 288 101733 2
S 61060884 288 101736 2
S 61071883 288 101728 2
S 61082883 288 101735 2
S 61093882 288 101737 2
S 61104881 288 101741 2
S 61115881 288 101733 2
S 61126880 288 101739 2
S 61137879 288 101738 2
S 61148879 288 101736 2
S 61159878 288 101735 2
S 61170877 288 101736 2
S 61181877 288 101739 2
S 61192876 288 101740 2
S 61203875 288 101740 2
S 61214874 288 101739 2
S 61225874 288 101742 2
S 61236873 288 101739 2
S 61247872 288 101736 2
S 61258872 288 101736 2
S 61269871 288 101737 2
S 61280870 288 101736 2
S 61291870 288 101735 2
S 61302869 288 101739 2
S 61313868 288 101734 2
S 61324868 288 101734 2
S 61335867 288 101735 2
S 61346866 288 101735 2
S 61357866 288 101739 2
S 61368865 288 101739 2
S 61379864 288 101740 2
S 61390863 288 101739 2
S 61401863 288 101738 2
S 61412862 288 101736 2
S 61423861 288 101735 2
S 61434861 288 101736 2
S 61445860 288 101738 2
S 61461859 288 101735 2
S 61472858 288 101734 2
S 61483858 288 101734 2
S 61494857 288 101732 2
S 61505856 288 101736 2
S 61516856 288 101735 2
S 61527855 288 101738 2
S 61538854 288 101734 2
S 61549854 288 101735 2
S 61560853 288 101735 2
S 61571852 288 101732 2
S 61582851 288 101733 2
S 61593851 288 101734 2
S 61604850 288 101736 2
S 61615849 288 101739 2
S 61626849 288 101732 2
S 61637848 288 101733 2
S 61648847 288 101736 2
S 61659847 288 101734 2
S 61670846 288 101734 2
S 61681845 288 101735 2
S 61692845 288 101732 2
S 61703844 288 101736 2
S 61714843 288 101733 2
S 61725843 288 101731 2
S 61736842 288 101731 2
S 61747841 288 101727 2
S 61758840 288 101730 2
S 61769840 288 101728 2
S 61780839 288 101727 2
S 61791838 288 101729 2
S 61802838 288 101733 2
S 61813837 288 101728 2
S 61824836 288 101731 2
S 61835836 288 101727 2
S 61846835 288 101725 2
S 61857834 288 101730 2
S 61868834 288 101733 2
S 61879833 288 101727 2
S 61890832 288 101724 2
S 61901832 288 101730 2
S 61912831 288 101728 2
S 61923830 288 101731 2
S 61934829 288 101734 2
S 61945829 288 101733 2
S 61956828 288 101733 2
S 61967827 288 101734 2
S 61978827 288 101731 2
S 61989826 288 101730 2
S 62000826 288 101733 2
S 62011825 288 101733 2
S 62022824 288 101734 2
S 62033823 288 101730 2
S 62044823 288 101728 2
S 62055822 288 101728 2
S 62066821 288 101730 2
S 62077821 288 101732 2
S 62088820 288 101728 2
S 62099819 288 101730 2
S 62110818 288 101731 2
S 62121818 288 101732 2
S 62132817 288 101726 2
S 62143816 288 101733 2
S 62154816 288 101730 2
S 62165815 288 101729 2
S 62176814 288 101733 2
S 62187814 288 101733 2
S 62198813 288 101728 2
S 62209812 288 101727 2
S 62220812 288 101730 2
S 62231811 288 101727 2
S 62242810 288 101727 2
S 62253810 288 101731 2
S 62264809 288 101726 2
S 62275808 288 101729 2
S 62286807 288 101731 2
S 62297807 288 101730 2
S 62308806 288 101729 2
S 62319805 288 101727 2
S 62330805 288 101729 2
S 62341804 288 101733 2
S 62352803 288 101732 2
S 62363803 288 101727 2
S 62374802 288 101730 2
S 62385801 288 101733 2
S 62396801 288 101733 2
S 62407800 288 101736 2
S 62418799 288 101732 2
S 62429799 288 101730 2
S 62440798 288 101734 2
S 62451797 288 101731 2
S 62467796 288 101736 2
S 62478795 288 101731 2
S 62489795 288 101733 2
S 62500794 288 101733 2
S 62511793 288 101733 2
S 62522793 288 101735 2
S 62533792 288 101735 2
S 62544791 288 101736 2
S 62555791 288 101735 2
S 62566790 288 101738 2
S 62577789 288 101733 2
S 62588789 288 101735 2
S 62599788 288 101732 2
S 62610787 288 101733 2
S 62621787 288 101733 2
S 62632786 288 101734 2
S 62643785 288 101734 2
S 62654784 288 101732 2
S 62665784 288 101733 2
S 62676783 288 101732 2
S 62687782 288 101735 2
S 62698782 288 101736 2
S 62709781 288 101732 2
S 62720780 288 101736 2
S 62731780 288 101730 2
S 62742779 288 101733 2
S 62753778 288 101733 2
S 62764778 288 101733 2
S 62775777 288 101733 2
S 62786776 288 101731 2
S 62797776 288 101729 2
S 62808775 288 101731 2
S 62819774 288 101727 2
S 62830773 288 101731 2
S 62841773 288 101733 2
S 62852772 288 101734 2
S 62863771 288 101733 2
S 62874771 288 101733 2
S 62885770 288 101730 2
S 62896769 288 101728 2
S 62907769 288 101730 2
S 62918768 288 101733 2
S 62929767 288 101735 2
S 62940767 288 101733 2
S 62951766 288 101734 2
S 62962765 288 101739 2
S 62973765 288 101736 2
S 62984764 288 101735 2
S 62995763 288 101741 2
S 63006762 288 101736 2
S 63017762 288 101737 2
S 63028761 288 101739 2
S 63039760 288 101736 2
S 63050760 288 101739 2
S 63061759 288 101733 2
S 63072758 288 101739 2
S 63083758 288 101737 2
S 63094757 288 101733 2
S 63105756 288 101738 2
S 63116756 288 101736 2
S 63127755 288 101734 2
S 63138754 288 101734 2
S 63149754 288 101736 2
S 63160753 288 101736 2
S 63171752 288 101738 2
S 63182751 288 101736 2
S 63193751 288 101727 2
S 63204750 288 101727 2
S 63215749 288 101729 2
S 63226749 288 101730 2
S 63237748 288 101733 2
S 63248747 288 101728 2
S 63259747 288 101731 2
S 63270746 288 101724 2
S 63281745 288 101734 2
S 63292745 288 101730 2
S 63303744 288 101726 2
S 63314743 288 101728 2
S 63325743 288 101728 2
S 63336742 288 101729 2
S 63347741 288 101733 2
S 63358740 288 101734 2
S 63369740 288 101729 2
S 63380739 288 101728 2
S 63391738 288 101729 2
S 63402738 288 101730 2
S 63413737 288 101730 2
S 63424736 288 101728 2
S 63435736 288 101731 2
S 63446735 288 101727 2
S 63457734 288 101733 2
S 63473733 288 101739 2
S 63484733 288 101739 2
S 63495732 288 101739 2
S 63506731 288 101739 2
S 63517731 288 101734 2
S 63528730 288 101736 2
S 63539729 288 101736 2
S 63550728 288 101734 2
S 63561728 288 101732 2
S 63572727 288 101733 2
S 63583726 288 101733 2
S 63594726 288 101733 2
S 63605725 288 101739 2
S 63616724 288 101735 2
S 63627724 288 101735 2
S 63638723 288 101736 2
S 63649722 288 101736 2
S 63660722 288 101734 2
S 63671721 288 101739 2
S 63682720 288 101739 2
S 63693720 288 101739 2
S 63704719 288 101736 2
S 63715718 288 101734 2
S 63726717 288 101742 2
S 63737717 288 101733 2
S 63748716 288 101735 2
S 63759715 288 101736 2
S 63770715 288 101733 2
S 63781714 288 101733 2
S 63792713 288 101737 2
S 63803713 288 101738 2
S 63814712 288 101736 2
S 63825711 288 101735 2
S 63836711 288 101733 2
S 63847710 288 101735 2
S 63858709 288 101739 2
S 63869709 288 101736 2
S 63880708 288 101736 2
S 63891707 288 101737 2
S 63902706 288 101739 2
S 63913706 288 101739 2
S 63924705 288 101739 2
S 63935704 288 101733 2
S 63946704 288 101737 2
S 63957703 288 101736 2
S 63968702 288 101740 2
S 63979702 288 101738 2
S 63990701 288 101735 2
S 64001701 288 101736 2
S 64012700 288 101735 2
S 64023699 288 101737 2
S 64034698 288 101738 2
S 64045698 288 101739 2
S 64056697 288 101738 2
S 64067696 288 101734 2
S 64078695 288 101738 2
S 64089695 288 101737 2
S 64100694 288 101736 2
S 64111693 288 101738 2
S 64122693 288 101736 2
S 64133692 288 101731 2
S 64144691 288 101739 2
S 64155691 288 101738 2
S 64166690 288 101734 2
S 64177689 288 101731 2
S 64188689 288 101732 2
S 64199688 288 101737 2
S 64210687 288 101738 2
S 64221687 288 101736 2
S 64232686 288 101737 2
S 64243685 288 101738 2
S 64254684 288 101737 2
S 64265684 288 101736 2
S 64276683 288 101730 2
S 64287682 288 101734 2
S 64298682 288 101734 2
S 64309681 288 101733 2
S 64320680 288 101734 2
S 64331680 288 101730 2
S 64342679 288 101733 2
S 64353678 288 101733 2
S 64364678 288 101736 2
S 64375677 288 101737 2
S 64386676 288 101741 2
S 64397676 288 101736 2
S 64408675 288 101733 2
S 64419674 288 101736 2
S 64430673 288 101739 2
S 64441673 288 101733 2
S 64452672 288 101739 2
S 64463671 288 101740 2
S 64479670 288 101731 2
S 64490670 288 101733 2
S 64501669 288 101732 2
S 64512668 288 101732 2
S 64523668 288 101731 2
S 64534667 288 101728 2
S 64545666 288 101728 2
S 64556666 288 101735 2
S 64567665 288 101727 2
S 64578664 288 101724 2
S 64589664 288 101725 2
S 64600663 288 101725 2
S 64611662 288 101730 2
S 64622661 288 101723 2
S 64633661 288 101724 2
S 64644660 288 101728 2
S 64655659 288 101722 2
S 64666659 288 101721 2
S 64677658 288 101728 2
S 64688657 288 101727 2
S 64699657 288 101730 2
S 64710656 288 101727 2
S 64721655 288 101730 2
S 64732655 288 101727 2
S 64743654 288 101728 2
S 64754653 288 101732 2
S 64765653 288 101723 2
S 64776652 288 101728 2
S 64787651 288 101724 2
S 64798650 288 101727 2
S 64809650 288 101728 2
S 64820649 288 101727 2
S 64831648 288 101727 2
S 64842648 288 101724 2
S 64853647 288 101724 2
S 64864646 288 101724 2
S 64875646 288 101722 2
S 64886645 288 101721 2
S 64897644 288 101721 2
S 64908644 288 101720 2
S 64919643 288 101724 2
S 64930642 288 101727 2
S 64941642 288 101727 2
S 64952641 288 101727 2
S 64963640 288 101725 2
S 64974639 288 101730 2
S 64985639 288 101727 2
S 64996638 288 101727 2
S 65007637 288 101727 2
S 65018637 288 101723 2
S 65029636 288 101725 2
S 65040635 288 101724 2
S 65051635 288 101724 2
S 65062634 288 101725 2
S 65073633 288 101728 2
S 65084633 288 101730 2
S 65095632 288 101725 2
S 65106631 288 101721 2
S 65117631 288 101723 2
S 65128630 288 101724 2
S 65139629 288 101721 2
S 65150628 288 101723 2
S 65161628 288 101719 2
S 65172627 288 101725 2
S 65183626 288 101724 2
S 65194626 288 101716 2
S 65205625 288 101719 2
S 65216624 288 101722 2
S 65227624 288 101724 2
S 65238623 288 101721 2
S 65249622 288 101726 2
S 65260622 288 101719 2
S 65271621 288 101723 2
S 65282620 288 101724 2
S 65293620 288 101725 2
S 65304619 288 101724 2
S 65315618 288 101722 2
S 65326617 288 101724 2
S 65337617 288 101728 2
S 65348616 288 101724 2
S 65359615 288 101723 2
S 65370615 288 101721 2
S 65381614 288 101721 2
S 65392613 288 101720 2
S 65403613 288 101722 2
S 65414612 288 101721 2
S 65425611 288 101723 2
S 65436611 288 101721 2
S 65447610 288 101721 2
S 65458609 288 101726 2
S 65469609 288 101724 2
S 65485608 288 101739 2
S 65496607 288 101739 2
S 65507606 288 101741 2
S 65518605 288 101736 2
S 65529605 288 101735 2
S 65540604 288 101739 2
S 65551603 288 101737 2
S 65562603 288 101737 2
S 65573602 288 101732 2
S 65584601 288 101734 2
S 65595601 288 101737 2
S 65606600 288 101736 2
S 65617599 288 101736 2
S 65628599 288 101732 2
S 65639598 288 101733 2
S 65650597 288 101731 2
S 65661597 288 101732 2
S 65672596 288 101739 2
S 65683595 288 101733 2
S 65694594 288 101733 2
S 65705594 288 101729 2
S 65716593 288 101742 2
S 65727592 288 101736 2
S 65738592 288 101733 2
S 65749591 288 101739 2
S 65760590 288 101733 2
S 65771590 288 101736 2
S 65782589 288 101734 2
S 65793588 288 101739 2
S 65804588 288 101740 2
S 65815587 288 101733 2
S 65826586 288 101733 2
S 65837586 288 101734 2
S 65848585 288 101739 2
S 65859584 288 101735 2
S 65870583 288 101740 2
S 65881583 288 101740 2
S 65892582 288 101737 2
S 65903581 288 101733 2
S 65914581 288 101735 2
S 65925580 288 101739 2
S 65936579 288 101739 2
S 65947579 288 101736 2
S 65958578 288 101733 2
S 65969577 288 101736 2
S 65980577 288 101736 2
S 65991576 288 101732 2
S 66002575 288 101738 2
S 66013575 288 101736 2
S 66024574 288 101734 2
S 66035573 288 101736 2
S 66046572 288 101735 2
S 66057572 288 101733 2
S 66068571 288 101742 2
S 66079570 288 101737 2
S 66090570 288 101734 2
S 66101569 288 101733 2
S 66112568 288 101733 2
S 66123568 288 101734 2
S 66134567 288 101736 2
S 66145566 288 101739 2
S 66156566 288 101733 2
S 66167565 288 101730 2
S 66178564 288 101736 2
S 66189564 288 101737 2
S 66200563 288 101739 2
S 66211562 288 101736 2
S 66222561 288 101739 2
S 66233561 288 101734 2
S 66244560 288 101737 2
S 66255559 288 101736 2
S 66266559 288 101735 2
S 66277558 288 101734 2
S 66288557 288 101736 2
S 66299557 288 101739 2
S 66310556 288 101736 2
S 66321555 288 101735 2
S 66332555 288 101733 2
S 66343554 288 101741 2
S 66354553 288 101738 2
S 66365553 288 101737 2
S 66376552 288 101739 2
S 66387551 288 101743 2
S 66398550 288 101741 2
S 66409550 288 101739 2
S 66420549 288 101739 2
S 66431548 288 101741 2
S 66442548 288 101744 2
S 66453547 288 101741 2
S 66464546 288 101745 2
S 66475546 288 101745 2
S 66491545 288 101741 2
S 66502544 288 101740 2
S 66513543 288 101736 2
S 66524543 288 101738 2
S 66535542 288 101736 2
S 66546541 288 101735 2
S 66557541 288 101733 2
S 66568540 288 101742 2
S 66579539 288 101735 2
S 66590538 288 101734 2
S 66601538 288 101733 2
S 66612537 288 101739 2
S 66623536 288 101736 2
S 66634536 288 101733 2
S 66645535 288 101737 2
S 66656534 288 101732 2
S 66667534 288 101732 2
S 66678533 288 101735 2
S 66689532 288 101736 2
S 66700532 288 101733 2
S 66711531 288 101736 2
S 66722530 288 101736 2
S 66733530 288 101733 2
S 66744529 288 101731 2
S 66755528 288 101736 2
S 66766527 288 101733 2
S 66777527 288 101730 2
S 66788526 288 101733 2
S 66799525 288 101734 2
S 66810525 288 101735 2
S 66821524 288 101733 2
S 66832523 288 101727 2
S 66843523 288 101733 2
S 66854522 288 101737 2
S 66865521 288 101731 2
S 66876521 288 101733 2
S 66887520 288 101730 2
S 66898519 288 101731 2
S 66909519 288 101730 2
S 66920518 288 101737 2
S 66931517 288 101735 2
S 66942516 288 101731 2
S 66953516 288 101733 2
S 66964515 288 101734 2
S 66975514 288 101733 2
S 66986514 288 101733 2
S 66997513 288 101739 2
S 67008512 288 101735 2
S 67019512 288 101733 2
S 67030511 288 101736 2
S 67041510 288 101736 2
S 67052510 288 101738 2
S 67063509 288 101741 2
S 67074508 288 101732 2
S 67085508 288 101736 2
S 67096507 288 101736 2
S 67107506 288 101735 2
S 67118505 288 101733 2
S 67129505 288 101735 2
S 67140504 288 101735 2
S 67151503 288 101733 2
S 67162503 288 101734 2
S 67173502 288 101732 2
S 67184501 288 101734 2
S 67195501 288 101733 2
S 67206500 288 101735 2
S 67217499 288 101735 2
S 67228499 288 101727 2
S 67239498 288 101730 2
S 67250497 288 101729 2
S 67261497 288 101736 2
S 67272496 288 101730 2
S 67283495 288 101733 2
S 67294494 288 101736 2
S 67305494 288 101739 2
S 67316493 288 101736 2
S 67327492 288 101739 2
S 67338492 288 101736 2
S 67349491 288 101736 2
S 67360490 288 101733 2
S 67371490 288 101730 2
S 67382489 288 101732 2
S 67393488 288 101733 2
S 67404488 288 101732 2
S 67415487 288 101737 2
S 67426486 288 101738 2
S 67437486 288 101736 2
S 67448485 288 101730 2
S 67459484 288 101734 2
S 67470483 288 101733 2
S 67481483 288 101733 2
S 67497482 288 101734 2
S 67508481 288 101734 2
S 67519480 288 101733 2
S 67530480 288 101737 2
S 67541479 288 101729 2
S 67552478 288 101734 2
S 67563478 288 101733 2
S 67574477 288 101736 2
S 67585476 288 101736 2
S 67596476 288 101739 2
S 67607475 288 101736 2
S 67618474 288 101736 2
S 67629474 288 101736 2
S 67640473 288 101736 2
S 67651472 288 101737 2
S 67662471 288 101736 2
S 67673471 288 101735 2
S 67684470 288 101733 2
S 67695469 288 101730 2
S 67706469 288 101730 2
S 67717468 288 101731 2
S 67728467 288 101738 2
S 67739467 288 101736 2
S 67750466 288 101733 2
S 67761465 288 101734 2
S 67772465 288 101732 2
S 67783464 288 101736 2
S 67794463 288 101738 2
S 67805463 288 101735 2
S 67816462 288 101733 2
S 67827461 288 101730 2
S 67838460 288 101726 2
S 67849460 288 101726 2
S 67860459 288 101734 2
S 67871458 288 101733 2
S 67882458 288 101736 2
S 67893457 288 101736 2
S 67904456 288 101736 2
S 67915456 288 101734 2
S 67926455 288 101734 2
S 67937454 288 101735 2
S 67948454 288 101736 2
S 67959453 288 101737 2
S 67970452 288 101739 2
S 67981452 288 101734 2
S 67992451 288 101737 2
S 68003450 288 101733 2
S 68014449 288 101741 2
S 68025449 288 101739 2
S 68036448 288 101738 2
S 68047447 288 101733 2
S 68058447 288 101735 2
S 68069446 288 101733 2
S 68080445 288 101736 2
S 68091445 288 101734 2
S 68102444 288 101737 2
S 68113443 288 101735 2
S 68124443 288 101733 2
S 68135442 288 101738 2
S 68146441 288 101730 2
S 68157441 288 101734 2
S 68168440 288 101737 2
S 68179439 288 101741 2
S 68190438 288 101737 2
S 68201438 288 101737 2
S 68212437 288 101736 2
S 68223436 288 101736 2
S 68234436 288 101740 2
S 68245435 288 101742 2
S 68256434 288 101734 2
S 68267434 288 101734 2
S 68278433 288 101736 2
S 68289432 288 101736 2
S 68300432 288 101735 2
S 68311431 288 101738 2
S 68322430 288 101739 2
S 68333430 288 101736 2
S 68344429 288 101730 2
S 68355428 288 101738 2
S 68366427 288 101736 2
S 68377427 288 101733 2
S 68388426 288 101731 2
S 68399425 288 101739 2
S 68410425 288 101733 2
S 68421424 288 101733 2
S 68432423 288 101736 2
S 68443423 288 101733 2
S 68454422 288 101731 2
S 68465421 288 101733 2
S 68476421 288 101737 2
S 68487420 288 101730 2
S 68503419 288 101741 2
S 68514418 288 101741 2
S 68525418 288 101742 2
S 68536417 288 101744 2
S 68547416 288 101745 2
S 68558415 288 101742 2
S 68569415 288 101736 2
S 68580414 288 101744 2
S 68591413 288 101740 2
S 68602413 288 101742 2
S 68613412 288 101738 2
S 68624411 288 101737 2
S 68635411 288 101739 2
S 68646410 288 101735 2
S 68657409 288 101732 2
S 68668409 288 101739 2
S 68679408 288 101740 2
S 68690407 288 101738 2
S 68701407 288 101739 2
S 68712406 288 101736 2
S 68723405 288 101742 2
S 68734404 288 101739 2
S 68745404 288 101741 2
S 68756403 288 101742 2
S 68767402 288 101745 2
S 68778402 288 101743 2
S 68789401 288 101741 2
S 68800400 288 101740 2
S 68811400 288 101739 2
S 68822399 288 101742 2
S 68833398 288 101742 2
S 68844398 288 101741 2
S 68855397 288 101739 2
S 68866396 288 101739 2
S 68877396 288 101739 2
S 68888395 288 101737 2
S 68899394 288 101741 2
S 68910393 288 101739 2
S 68921393 288 101733 2
S 68932392 288 101735 2
S 68943391 288 101732 2
S 68954391 288 101734 2
S 68965390 288 101736 2
S 68976389 288 101733 2
S 68987389 288 101728 2
S 68998388 288 101731 2
S 69009387 288 101734 2
S 69020387 288 101739 2
S 69031386 288 101738 2
S 69042385 288 101731 2
S 69053385 288 101736 2
S 69064384 288 101740 2
S 69075383 288 101736 2
S 69086382 288 101736 2
S 69097382 288 101739 2
S 69108381 288 101736 2
S 69119380 288 101745 2
S 69130380 288 101730 2
S 69141379 288 101736 2
S 69152378 288 101740 2
S 69163378 288 101739 2
S 69174377 288 101730 2
S 69185376 288 101736 2
S 69196376 288 101736 2
S 69207375 288 101742 2
S 69218374 288 101738 2
S 69229374 288 101741 2
S 69240373 288 101745 2
S 69251372 288 101741 2
S 69262371 288 101738 2
S 69273371 288 101740 2
S 69284370 288 101736 2
S 69295369 288 101735 2
S 69306369 288 101739 2
S 69317368 288 101733 2
S 69328367 288 101736 2
S 69339367 288 101744 2
S 69350366 288 101745 2
S 69361365 288 101741 2
S 69372365 288 101734 2
S 69383364 288 101739 2
S 69394363 288 101742 2
S 69405363 288 101739 2
S 69416362 288 101738 2
S 69427361 288 101733 2
S 69438360 288 101734 2
S 69449360 288 101739 2
S 69460359 288 101736 2
S 69471358 288 101744 2
S 69482358 288 101742 2
S 69493357 288 101742 2
S 69509356 288 101736 2
S 69520355 288 101739 2
S 69531355 288 101734 2
S 69542354 288 101736 2
S 69553353 288 101731 2
S 69564353 288 101733 2
S 69575352 288 101733 2
S 69586351 288 101730 2
S 69597351 288 101736 2
S 69608350 288 101739 2
S 69619349 288 101739 2
S 69630348 288 101738 2
S 69641348 288 101736 2
S 69652347 288 101731 2
S 69663346 288 101739 2
S 69674346 288 101735 2
S 69685345 288 101736 2
S 69696344 288 101739 2
S 69707344 288 101736 2
S 69718343 288 101738 2
S 69729342 288 101736 2
S 69740342 288 101732 2
S 69751341 288 101736 2
S 69762340 288 101730 2
S 69773340 288 101733 2
S 69784339 288 101730 2
S 69795338 288 101736 2
S 69806337 288 101730 2
S 69817337 288 101728 2
S 69828336 288 101732 2
S 69839335 288 101727 2
S 69850335 288 101730 2
S 69861334 288 101727 2
S 69872333 288 101736 2
S 69883333 288 101739 2
S 69894332 288 101735 2
S 69905331 288 101734 2
S 69916331 288 101732 2
S 69927330 288 101731 2
S 69938329 288 101733 2
S 69949329 288 101734 2
S 69960328 288 101733 2
S 69971327 288 101733 2
S 69982326 288 101730 2
S 69993326 288 101730 2
S 70004325 288 101733 2
S 70015324 288 101730 2
S 70026324 288 101727 2
S 70037323 288 101728 2
S 70048322 288 101729 2
S 70059322 288 101727 2
S 70070321 288 101733 2
S 70081320 288 101735 2
S 70092320 288 101739 2
S 70103319 288 101734 2
S 70114318 288 101734 2
S 70125318 288 101736 2
S 70136317 288 101731 2
S 70147316 288 101730 2
S 70158315 288 101735 2
S 70169315 288 101738 2
S 70180314 288 101733 2
S 70191313 288 101733 2
S 70202313 288 101736 2
S 70213312 288 101735 2
S 70224311 288 101735 2
S 70235311 288 101733 2
S 70246310 288 101733 2
S 70257309 288 101731 2
S 70268309 288 101730 2
S 70279308 288 101730 2
S 70290307 288 101733 2
S 70301307 288 101734 2
S 70312306 288 101727 2
S 70323305 288 101736 2
S 70334304 288 101733 2
S 70345304 288 101725 2
S 70356303 288 101725 2
S 70367302 288 101725 2
S 70378302 288 101722 2
S 70389301 288 101730 2
S 70400300 288 101732 2
S 70411300 288 101731 2
S 70422299 288 101733 2
S 70433298 288 101733 2
S 70444298 288 101731 2
S 70455297 288 101730 2
S 70466296 288 101730 2
S 70477296 288 101731 2
S 70488295 288 101734 2
S 70499294 288 101728 2
S 70515293 288 101730 2
S 70526292 288 101733 2
S 70537292 288 101731 2
S 70548291 288 101733 2
S 70559290 288 101725 2
S 70570290 288 101735 2
S 70581289 288 101728 2
S 70592288 288 101730 2
S 70603288 288 101731 2
S 70614287 288 101734 2
S 70625286 288 101732 2
S 70636286 288 101728 2
S 70647285 288 101736 2
S 70658284 288 101729 2
S 70669284 288 101730 2
S 70680283 288 101731 2
S 70691282 288 101730 2
S 70702281 288 101731 2
S 70713281 288 101735 2
S 70724280 288 101732 2
S 70735279 288 101737 2
S 70746279 288 101734 2
S 70757278 288 101737 2
S 70768277 288 101738 2
S 70779277 288 101739 2
S 70790276 288 101732 2
S 70801275 288 101734 2
S 70812275 288 101730 2
S 70823274 288 101736 2
S 70834273 288 101730 2
S 70845273 288 101733 2
S 70856272 288 101733 2
S 70867271 288 101733 2
S 70878270 288 101734 2
S 70889270 288 101735 2
S 70900269 288 101736 2
S 70911268 288 101736 2
S 70922268 288 101725 2
S 70933267 288 101730 2
S 70944266 288 101735 2
S 70955266 288 101731 2
S 70966265 288 101732 2
S 70977264 288 101731 2
S 70988264 288 101730 2
S 70999263 288 101733 2
S 71010262 288 101734 2
S 71021262 288 101740 2
S 71032261 288 101736 2
S 71043260 288 101733 2
S 71054259 288 101735 2
S 71065259 288 101736 2
S 71076258 288 101736 2
S 71087257 288 101737 2
S 71098257 288 101735 2
S 71109256 288 101738 2
S 71120255 288 101733 2
S 71131255 288 101735 2
S 71142254 288 101738 2
S 71153253 288 101737 2
S 71164253 288 101736 2
S 71175252 288 101732 2
S 71186251 288 101739 2
S 71197251 288 101735 2
S 71208250 288 101733 2
S 71219249 288 101732 2
S 71230248 288 101733 2
S 71241248 288 101735 2
S 71252247 288 101738 2
S 71263246 288 101736 2
S 71274246 288 101736 2
S 71285245 288 101734 2
S 71296244 288 101733 2
S 71307244 288 101736 2
S 71318243 288 101735 2
S 71329242 288 101736 2
S 71340242 288 101735 2
S 71351241 288 101739 2
S 71362240 288 101732 2
S 71373240 288 101739 2
S 71384239 288 101733 2
S 71395238 288 101731 2
S 71406237 288 101735 2
S 71417237 288 101732 2
S 71428236 288 101730 2
S 71439235 288 101738 2
S 71450235 288 101731 2
S 71461234 288 101733 2
S 71472233 288 101733 2
S 71483233 288 101730 2
S 71494232 288 101727 2
S 71505231 288 101723 2
S 71521230 288 101733 2
S 71532230 288 101731 2
S 71543229 288 101731 2
S 71554228 288 101732 2
S 71565228 288 101728 2
S 71576227 288 101727 2
S 71587226 288 101728 2
S 71598225 288 101728 2
S 71609225 288 101730 2
S 71620224 288 101733 2
S 71631223 288 101733 2
S 71642223 288 101733 2
S 71653222 288 101732 2
S 71664221 288 101739 2
S 71675221 288 101738 2
S 71686220 288 101738 2
S 71697219 288 101733 2
S 71708219 288 101729 2
S 71719218 288 101730 2
S 71730217 288 101727 2
S 71741217 288 101730 2
S 71752216 288 101735 2
S 71763215 288 101733 2
S 71774214 288 101733 2
S 71785214 288 101732 2
S 71796213 288 101733 2
S 71807212 288 101733 2
S 71818212 288 101729 2
S 71829211 288 101729 2
S 71840210 288 101736 2
S 71851210 288 101738 2
S 71862209 288 101729 2
S 71873208 288 101732 2
S 71884208 288 101728 2
S 71895207 288 101730 2
S 71906206 288 101730 2
S 71917206 288 101733 2
S 71928205 288 101733 2
S 71939204 288 101731 2
S 71950203 288 101734 2
S 71961203 288 101733 2
S 71972202 288 101733 2
S 71983201 288 101733 2
S 71994201 288 101732 2
S 72005200 288 101734 2
S 72016199 288 101736 2
S 72027199 288 101728 2
S 72038198 288 101733 2
S 72049197 288 101730 2
S 72060197 288 101730 2
S 72071196 288 101735 2
S 72082195 288 101727 2
S 72093195 288 101727 2
S 72104194 288 101729 2
S 72115193 288 101730 2
S 72126192 288 101735 2
S 72137192 288 101735 2
S 72148191 288 101732 2
S 72159190 288 101730 2
S 72170190 288 101730 2
S 72181189 288 101732 2
S 72192188 288 101732 2
S 72203188 288 101733 2
S 72214187 288 101730 2
S 72225186 288 101730 2
S 72236186 288 101731 2
S 72247185 288 101730 2
S 72258184 288 101728 2
S 72269184 288 101730 2
S 72280183 288 101731 2
S 72291182 288 101733 2
S 72302181 288 101738 2
S 72313181 288 101736 2
S 72324180 288 101738 2
S 72335179 288 101733 2
S 72346179 288 101733 2
S 72357178 288 101733 2
S 72368177 288 101732 2
S 72379177 288 101732 2
S 72390176 288 101728 2
S 72401175 288 101727 2
S 72412175 288 101731 2
S 72423174 288 101734 2
S 72434173 288 101734 2
S 72445173 288 101739 2
S 72456172 288 101732 2
S 72467171 288 101733 2
S 72478170 288 101733 2
S 72489170 288 101733 2
S 72500169 288 101736 2
S 72511168 288 101733 2
S 72527167 289 101743 2
S 72538167 289 101745 2
S 72549166 289 101739 2
S 72560165 289 101741 2
S 72571165 289 101740 2
S 72582164 289 101739 2
S 72593163 289 101737 2
S 72604163 289 101738 2
S 72615162 289 101736 2
S 72626161 289 101741 2
S 72637161 289 101736 2
S 72648160 289 101742 2
S 72659159 289 101740 2
S 72670158 289 101735 2
S 72681158 289 101737 2
S 72692157 289 101730 2
S 72703156 289 101734 2
S 72714156 289 101735 2
S 72725155 289 101730 2
S 72736154 289 101732 2
S 72747154 289 101731 2
S 72758153 289 101731 2
S 72769152 289 101731 2
S 72780152 289 101730 2
S 72791151 289 101736 2
S 72802150 289 101739 2
S 72813150 289 101739 2
S 72824149 289 101736 2
S 72835148 289 101739 2
S 72846147 289 101734 2
S 72857147 289 101738 2
S 72868146 289 101738 2
S 72879145 289 101736 2
S 72890145 289 101737 2
S 72901144 289 101736 2
S 72912143 289 101732 2
S 72923143 289 101736 2
S 72934142 289 101736 2
S 72945141 289 101734 2
S 72956141 289 101734 2
S 72967140 289 101735 2
S 72978139 289 101732 2
S 72989139 289 101734 2
S 73000138 289 101730 2
S 73011137 289 101734 2
S 73022136 289 101731 2
S 73033136 289 101736 2
S 73044135 289 101739 2
S 73055134 289 101740 2
S 73066134 289 101734 2
S 73077133 289 101735 2
S 73088132 289 101731 2
S 73099132 289 101734 2
S 73110131 289 101734 2
S 73121130 289 101735 2
S 73132130 289 101735 2
S 73143129 289 101732 2
S 73154128 289 101733 2
S 73165128 289 101734 2
S 73176127 289 101732 2
S 73187126 289 101731 2
S 73198125 289 101735 2
S 73209125 289 101736 2
S 73220124 289 101737 2
S 73231123 289 101731 2
S 73242123 289 101735 2
S 73253122 289 101734 2
S 73264121 289 101734 2
S 73275121 289 101731 2
S 73286120 289 101731 2
S 73297119 289 101732 2
S 73308119 289 101738 2
S 73319118 289 101735 2
S 73330117 289 101734 2
S 73341117 289 101735 2
S 73352116 289 101736 2
S 73363115 289 101734 2
S 73374114 289 101733 2
S 73385114 289 101733 2
S 73396113 289 101737 2
S 73407112 289 101734 2
S 73418112 289 101736 2
S 73429111 289 101733 2
S 73440110 289 101736 2
S 73451110 289 101732 2
S 73462109 289 101734 2
S 73473108 289 101733 2
S 73484108 289 101741 2
S 73495107 289 101739 2
S 73506106 289 101740 2
S 73517106 289 101738 2
S 73533105 288 101736 2
S 73544104 288 101733 2
S 73555103 288 101730 2
S 73566102 288 101733 2
S 73577102 288 101736 2
S 73588101 288 101729 2
S 73599100 288 101730 2
S 73610100 288 101732 2
S 73621099 288 101730 2
S 73632098 288 101727 2
S 73643098 288 101729 2
S 73654097 288 101736 2
S 73665096 288 101727 2
S 73676096 288 101728 2
S 73687095 288 101729 2
S 73698094 288 101735 2
S 73709094 288 101735 2
S 73720093 288 101734 2
S 73731092 288 101734 2
S 73742091 288 101731 2
S 73753091 288 101735 2
S 73764090 288 101735 2
S 73775089 288 101730 2
S 73786089 288 101734 2
S 73797088 288 101733 2
S 73808087 288 101735 2
S 73819087 288 101732 2
S 73830086 288 101729 2
S 73841085 288 101731 2
S 73852085 288 101736 2
S 73863084 288 101733 2
S 73874083 288 101733 2
S 73885083 288 101733 2
S 73896082 288 101727 2
S 73907081 288 101730 2
S 73918080 288 101731 2
S 73929080 288 101730 2
S 73940079 288 101731 2
S 73951078 288 101728 2
S 73962078 288 101731 2
S 73973077 288 101733 2
S 73984076 288 101736 2
S 73995076 288 101737 2
S 74006075 288 101740 2
S 74017074 288 101738 2
S 74028074 288 101735 2
S 74039073 288 101735 2
S 74050072 288 101736 2
S 74061072 288 101736 2
S 74072071 288 101733 2
S 74083070 288 101732 2
S 74094069 288 101732 2
S 74105069 288 101739 2
S 74116068 288 101733 2
S 74127067 288 101735 2
S 74138067 288 101736 2
S 74149066 288 101736 2
S 74160065 288 101735 2
S 74171065 288 101734 2
S 74182064 288 101740 2
S 74193063 288 101742 2
S 74204063 288 101742 2
S 74215062 288 101739 2
S 74226061 288 101739 2
S 74237061 288 101742 2
S 74248060 288 101738 2
S 74259059 288 101733 2
S 74270058 288 101734 2
S 74281058 288 101732 2
S 74292057 288 101737 2
S 74303056 288 101734 2
S 74314056 288 101731 2
S 74325055 288 101734 2
S 74336054 288 101733 2
S 74347054 288 101735 2
S 74358053 288 101736 2
S 74369052 288 101739 2
S 74380052 288 101741 2
S 74391051 288 101732 2
S 74402050 288 101736 2
S 74413050 288 101741 2
S 74424049 288 101736 2
S 74435048 288 101735 2
S 74446047 288 101735 2
S 74457047 288 101733 2
S 74468046 288 101736 2
S 74479045 288 101736 2
S 74490045 288 101737 2
S 74501044 288 101739 2
S 74512043 288 101736 2
S 74523043 288 101735 2
S 74539042 288 101736 2
S 74550041 288 101732 2
S 74561040 288 101730 2
S 74572040 288 101733 2
S 74583039 288 101731 2
S 74594038 288 101731 2
S 74605038 288 101729 2
S 74616037 288 101726 2
S 74627036 288 101732 2
S 74638035 288 101729 2
S 74649035 288 101728 2
S 74660034 288 101735 2
S 74671033 288 101736 2
S 74682033 288 101741 2
S 74693032 288 101737 2
S 74704031 288 101736 2
S 74715031 288 101733 2
S 74726030 288 101736 2
S 74737029 288 101736 2
S 74748029 288 101736 2
S 74759028 288 101729 2
S 74770027 288 101733 2
S 74781027 288 101733 2
S 74792026 288 101735 2
S 74803025 288 101736 2
S 74814024 288 101739 2
S 74825024 288 101735 2
S 74836023 288 101735 2
S 74847022 288 101730 2
S 74858022 288 101735 2
S 74869021 288 101738 2
S 74880020 288 101737 2
S 74891020 288 101735 2
S 74902019 288 101736 2
S 74913018 288 101739 2
S 74924018 288 101737 2
S 74935017 288 101735 2
S 74946016 288 101732 2
S 74957016 288 101735 2
S 74968015 288 101727 2
S 74979014 288 101729 2
S 74990013 288 101735 2
S 75001014 288 101738 2
S 75012012 288 101736 2
S 75023011 288 101734 2
S 75034011 288 101736 2
S 75045010 288 101734 2
S 75056009 288 101730 2
S 75067009 288 101732 2
S 75078008 288 101730 2
S 75089007 288 101733 2
S 75100007 288 101729 2
S 75111006 288 101727 2
S 75122005 288 101730 2
S 75133005 288 101729 2
S 75144004 288 101725 2
S 75155003 288 101726 2
S 75166002 288 101728 2
S 75177002 288 101730 2
S 75188001 288 101729 2
S 75199000 288 101727 2
S 75210000 288 101730 2
S 75220999 288 101730 2
S 75231998 288 101734 2
S 75242998 288 101733 2
S 75253997 288 101735 2
S 75264996 288 101730 2
S 75275996 288 101731 2
S 75286995 288 101733 2
S 75297994 288 101733 2
S 75308994 288 101728 2
S 75319993 288 101733 2
S 75330992 288 101735 2
S 75341991 288 101738 2
S 75352991 288 101739 2
S 75363990 288 101736 2
S 75374989 288 101739 2
S 75385989 288 101736 2
S 75396988 288 101734 2
S 75407987 288 101731 2
S 75418987 288 101730 2
S 75429986 288 101736 2
S 75440985 288 101737 2
S 75451985 288 101734 2
S 75462984 288 101739 2
S 75473983 288 101737 2
S 75484983 288 101735 2
S 75495982 288 101736 2
S 75506981 288 101734 2
S 75517980 288 101735 2
S 75528980 288 101738 2
S 75544979 288 101736 2
S 75555978 288 101734 2
S 75566977 288 101733 2
S 75577977 288 101735 2
S 75588976 288 101727 2
S 75599975 288 101733 2
S 75610975 288 101733 2
S 75621974 288 101739 2
S 75632973 288 101738 2
S 75643973 288 101728 2
S 75654972 288 101735 2
S 75665971 288 101730 2
S 75676971 288 101732 2
S 75687970 288 101733 2
S 75698969 288 101733 2
S 75709968 288 101733 2
S 75720968 288 101733 2
S 75731967 288 101733 2
S 75742966 288 101734 2
S 75753966 288 101727 2
S 75764965 288 101734 2
S 75775964 288 101736 2
S 75786964 288 101733 2
S 75797963 288 101737 2
S 75808962 288 101734 2
S 75819962 288 101734 2
S 75830961 288 101730 2
S 75841960 288 101731 2
S 75852960 288 101733 2
S 75863959 288 101731 2
S 75874958 288 101734 2
S 75885957 288 101736 2
S 75896957 288 101727 2
S 75907956 288 101729 2
S 75918955 288 101726 2
S 75929955 288 101729 2
S 75940954 288 101728 2
S 75951953 288 101727 2
S 75962953 288 101730 2
S 75973952 288 101724 2
S 75984951 288 101730 2
S 75995951 288 101730 2
S 76006950 288 101727 2
S 76017949 288 101731 2
S 76028949 288 101737 2
S 76039948 288 101732 2
S 76050947 288 101732 2
S 76061946 288 101731 2
S 76072946 288 101733 2
S 76083945 288 101730 2
S 76094944 288 101732 2
S 76105944 288 101730 2
S 76116943 288 101728 2
S 76127942 288 101730 2
S 76138942 288 101728 2
S 76149941 288 101737 2
S 76160940 288 101729 2
S 76171940 288 101729 2
S 76182939 288 101726 2
S 76193938 288 101727 2
S 76204938 288 101725 2
S 76215937 288 101727 2
S 76226936 288 101726 2
S 76237935 288 101725 2
S 76248935 288 101728 2
S 76259934 288 101729 2
S 76270933 288 101724 2
S 76281933 288 101723 2
S 76292932 288 101728 2
S 76303931 288 101730 2
S 76314931 288 101727 2
S 76325930 288 101732 2
S 76336929 288 101728 2
S 76347929 288 101727 2
S 76358928 288 101730 2
S 76369927 288 101730 2
S 76380927 288 101729 2
S 76391926 288 101732 2
S 76402925 288 101728 2
S 76413924 288 101730 2
S 76424924 288 101728 2
S 76435923 288 101729 2
S 76446922 288 101732 2
S 76457922 288 101732 2
S 76468921 288 101733 2
S 76479920 288 101728 2
S 76490920 288 101726 2
S 76501919 288 101730 2
S 76512918 288 101727 2
S 76523918 288 101725 2
S 76534917 288 101729 2
S 76550916 288 101727 2
S 76561915 288 101730 2
S 76572915 288 101729 2
S 76583914 288 101730 2
S 76594913 288 101733 2
S 76605912 288 101725 2
S 76616912 288 101730 2
S 76627911 288 101725 2
S 76638910 288 101725 2
S 76649910 288 101735 2
S 76660909 288 101731 2
S 76671908 288 101727 2
S 76682908 288 101728 2
S 76693907 288 101728 2
S 76704906 288 101726 2
S 76715906 288 101734 2
S 76726905 288 101733 2
S 76737904 288 101731 2
S 76748904 288 101730 2
S 76759903 288 101732 2
S 76770902 288 101733 2
S 76781901 288 101732 2
S 76792901 288 101730 2
S 76803900 288 101728 2
S 76814899 288 101730 2
S 76825899 288 101730 2
S 76836898 288 101730 2
S 76847897 288 101734 2
S 76858897 288 101732 2
S 76869896 288 101730 2
S 76880895 288 101727 2
S 76891895 288 101725 2
S 76902894 288 101733 2
S 76913893 288 101730 2
S 76924893 288 101724 2
S 76935892 288 101724 2
S 76946891 288 101726 2
S 76957890 288 101731 2
S 76968890 288 101723 2
S 76979889 288 101733 2
S 76990888 288 101729 2
S 77001889 288 101729 2
S 77012887 288 101724 2
S 77023886 288 101732 2
S 77034886 288 101733 2
S 77045885 288 101739 2
S 77056884 288 101736 2
S 77067884 288 101736 2
S 77078883 288 101733 2
S 77089882 288 101734 2
S 77100882 288 101734 2
S 77111881 288 101724 2
S 77122880 288 101726 2
S 77133879 288 101733 2
S 77144879 288 101729 2
S 77155878 288 101724 2
S 77166877 288 101733 2
S 77177877 288 101729 2
S 77188876 288 101724 2
S 77199875 288 101726 2
S 77210875 288 101728 2
S 77221874 288 101730 2
S 77232873 288 101721 2
S 77243873 288 101726 2
S 77254872 288 101727 2
S 77265871 288 101733 2
S 77276871 288 101724 2
S 77287870 288 101722 2
S 77298869 288 101724 2
S 77309868 288 101725 2
S 77320868 288 101726 2
S 77331867 288 101725 2
S 77342866 288 101721 2
S 77353866 288 101725 2
S 77364865 288 101722 2
S 77375864 288 101721 2
S 77386864 288 101724 2
S 77397863 288 101730 2
S 77408862 288 101724 2
S 77419862 288 101722 2
S 77430861 288 101721 2
S 77441860 288 101725 2
S 77452860 288 101724 2
S 77463859 288 101727 2
S 77474858 288 101730 2
S 77485857 288 101728 2
S 77496857 288 101724 2
S 77507856 288 101728 2
S 77518855 288 101724 2
S 77529855 288 101721 2
S 77540854 288 101724 2
S 77556853 288 101727 2
S 77567852 288 101733 2
S 77578852 288 101732 2
S 77589851 288 101736 2
S 77600850 288 101739 2
S 77611850 288 101735 2
S 77622849 288 101730 2
S 77633848 288 101730 2
S 77644848 288 101732 2
S 77655847 288 101727 2
S 77666846 288 101731 2
S 77677845 288 101733 2
S 77688845 288 101731 2
S 77699844 288 101736 2
S 77710843 288 101735 2
S 77721843 288 101730 2
S 77732842 288 101730 2
S 77743841 288 101730 2
S 77754841 288 101724 2
S 77765840 288 101730 2
S 77776839 288 101723 2
S 77787839 288 101728 2
S 77798838 288 101727 2
S 77809837 288 101730 2
S 77820837 288 101733 2
S 77831836 288 101727 2
S 77842835 288 101727 2
S 77853834 288 101729 2
S 77864834 288 101726 2
S 77875833 288 101722 2
S 77886832 288 101730 2
S 77897832 288 101730 2
S 77908831 288 101724 2
S 77919830 288 101726 2
S 77930830 288 101727 2
S 77941829 288 101727 2
S 77952828 288 101730 2
S 77963828 288 101725 2
S 77974827 288 101726 2
S 77985826 288 101733 2
S 77996826 288 101730 2
S 78007825 288 101730 2
S 78018824 288 101731 2
S 78029823 288 101733 2
S 78040823 288 101733 2
S 78051822 288 101735 2
S 78062821 288 101730 2
S 78073821 288 101730 2
S 78084820 288 101732 2
S 78095819 288 101727 2
S 78106819 288 101728 2
S 78117818 288 101728 2
S 78128817 288 101729 2
S 78139817 288 101725 2
S 78150816 288 101734 2
S 78161815 288 101738 2
S 78172815 288 101736 2
S 78183814 288 101730 2
S 78194813 288 101730 2
S 78205812 288 101727 2
S 78216812 288 101730 2
S 78227811 288 101726 2
S 78238810 288 101733 2
S 78249810 288 101734 2
S 78260809 288 101733 2
S 78271808 288 101729 2
S 78282808 288 101730 2
S 78293807 288 101730 2
S 78304806 288 101730 2
S 78315806 288 101732 2
S 78326805 288 101730 2
S 78337804 288 101729 2
S 78348804 288 101731 2
S 78359803 288 101733 2
S 78370802 288 101732 2
S 78381801 288 101728 2
S 78392801 288 101727 2
S 78403800 288 101733 2
S 78414799 288 101733 2
S 78425799 288 101733 2
S 78436798 288 101728 2
S 78447797 288 101733 2
S 78458797 288 101733 2
S 78469796 288 101730 2
S 78480795 288 101736 2
S 78491795 288 101731 2
S 78502794 288 101734 2
S 78513793 288 101732 2
S 78524793 288 101733 2
S 78535792 288 101733 2
S 78546791 288 101727 2
S 78562790 288 101734 2
S 78573789 288 101730 2
S 78584789 288 101733 2
S 78595788 288 101731 2
S 78606787 288 101733 2
S 78617787 288 101730 2
S 78628786 288 101730 2
S 78639785 288 101730 2
S 78650785 288 101732 2
S 78661784 288 101730 2
S 78672783 288 101728 2
S 78683783 288 101734 2
S 78694782 288 101735 2
S 78705781 288 101732 2
S 78716781 288 101729 2
S 78727780 288 101734 2
S 78738779 288 101732 2
S 78749778 288 101731 2
S 78760778 288 101729 2
S 78771777 288 101728 2
S 78782776 288 101729 2
S 78793776 288 101735 2
S 78804775 288 101736 2
S 78815774 288 101733 2
S 78826774 288 101730 2
S 78837773 288 101728 2
S 78848772 288 101728 2
S 78859772 288 101730 2
S 78870771 288 101730 2
S 78881770 288 101730 2
S 78892770 288 101730 2
S 78903769 288 101726 2
S 78914768 288 101730 2
S 78925767 288 101730 2
S 78936767 288 101731 2
S 78947766 288 101734 2
S 78958765 288 101733 2
S 78969765 288 101734 2
S 78980764 288 101730 2
S 78991763 288 101732 2
S 79002763 288 101735 2
S 79013762 288 101735 2
S 79024761 288 101731 2
S 79035761 288 101732 2
S 79046760 288 101733 2
S 79057759 288 101730 2
S 79068759 288 101730 2
S 79079758 288 101729 2
S 79090757 288 101735 2
S 79101756 288 101731 2
S 79112756 288 101730 2
S 79123755 288 101733 2
S 79134754 288 101732 2
S 79145754 288 101731 2
S 79156753 288 101730 2
S 79167752 288 101733 2
S 79178752 288 101733 2
S 79189751 288 101736 2
S 79200750 288 101736 2
S 79211750 288 101735 2
S 79222749 288 101735 2
S 79233748 288 101733 2
S 79244748 288 101738 2
S 79255747 288 101731 2
S 79266746 288 101736 2
S 79277745 288 101730 2
S 79288745 288 101733 2
S 79299744 288 101728 2
S 79310743 288 101733 2
S 79321743 288 101740 2
S 79332742 288 101735 2
S 79343741 288 101734 2
S 79354741 288 101737 2
S 79365740 288 101733 2
S 79376739 288 101729 2
S 79387739 288 101729 2
S 79398738 288 101736 2
S 79409737 288 101728 2
S 79420737 288 101727 2
S 79431736 288 101730 2
S 79442735 288 101729 2
S 79453734 288 101726 2
S 79464734 288 101731 2
S 79475733 288 101735 2
S 79486732 288 101735 2
S 79497732 288 101739 2
S 79508731 288 101730 2
S 79519730 288 101733 2
S 79530730 288 101733 2
S 79541729 288 101736 2
S 79552728 288 101736 2
S 79568727 288 101736 2
S 79579727 288 101733 2
S 79590726 288 101733 2
S 79601725 288 101730 2
S 79612725 288 101725 2
S 79623724 288 101725 2
S 79634723 288 101724 2
S 79645722 288 101724 2
S 79656722 288 101724 2
S 79667721 288 101724 2
S 79678720 288 101719 2
S 79689720 288 101723 2
S 79700719 288 101719 2
S 79711718 288 101721 2
S 79722718 288 101728 2
S 79733717 288 101727 2
S 79744716 288 101733 2
S 79755716 288 101727 2
S 79766715 288 101729 2
S 79777714 288 101730 2
S 79788714 288 101727 2
S 79799713 288 101726 2
S 79810712 288 101724 2
S 79821711 288 101727 2
S 79832711 288 101730 2
S 79843710 288 101729 2
S 79854709 288 101724 2
S 79865709 288 101726 2
S 79876708 288 101727 2
S 79887707 288 101729 2
S 79898707 288 101732 2
S 79909706 288 101731 2
S 79920705 288 101727 2
S 79931705 288 101726 2
S 79942704 288 101726 2
S 79953703 288 101729 2
S 79964703 288 101729 2
S 79975702 288 101727 2
S 79986701 288 101730 2
S 79997700 288 101731 2
S 80008700 288 101733 2
S 80019699 288 101734 2
S 80030698 288 101730 2
S 80041698 288 101733 2
S 80052697 288 101736 2
S 80063696 288 101732 2
S 80074696 288 101729 2
S 80085695 288 101733 2
S 80096694 288 101725 2
S 80107694 288 101727 2
S 80118693 288 101731 2
S 80129692 288 101726 2
S 80140692 288 101733 2
S 80151691 288 101733 2
S 80162690 288 101730 2
S 80173689 288 101730 2
S 80184689 288 101729 2
S 80195688 288 101732 2
S 80206687 288 101729 2
S 80217687 288 101727 2
S 80228686 288 101729 2
S 80239685 288 101732 2
S 80250685 288 101728 2
S 80261684 288 101728 2
S 80272683 288 101731 2
S 80283683 288 101731 2
S 80294682 288 101728 2
S 80305681 288 101727 2
S 80316681 288 101727 2
S 80327680 288 101724 2
S 80338679 288 101729 2
S 80349678 288 101732 2
S 80360678 288 101730 2
S 80371677 288 101730 2
S 80382676 288 101730 2
S 80393676 288 101731 2
S 80404675 288 101730 2
S 80415674 288 101733 2
S 80426674 288 101735 2
S 80437673 288 101731 2
S 80448672 288 101729 2
S 80459672 288 101730 2
S 80470671 288 101735 2
S 80481670 288 101731 2
S 80492670 288 101731 2
S 80503669 288 101732 2
S 80514668 288 101733 2
S 80525667 288 101730 2
S 80536667 288 101732 2
S 80547666 288 101733 2
S 80558665 288 101735 2
S 80574664 288 101730 2
S 80585664 288 101735 2
S 80596663 288 101730 2
S 80607662 288 101732 2
S 80618662 288 101729 2
S 80629661 288 101736 2
S 80640660 288 101734 2
S 80651660 288 101732 2
S 80662659 288 101733 2
S 80673658 288 101733 2
S 80684658 288 101735 2
S 80695657 288 101732 2
S 80706656 288 101732 2
S 80717655 288 101731 2
S 80728655 288 101727 2
S 80739654 288 101730 2
S 80750653 288 101729 2
S 80761653 288 101732 2
S 80772652 288 101730 2
S 80783651 288 101734 2
S 80794651 288 101731 2
S 80805650 288 101732 2
S 80816649 288 101733 2
S 80827649 288 101731 2
S 80838648 288 101734 2
S 80849647 288 101733 2
S 80860647 288 101736 2
S 80871646 288 101729 2
S 80882645 288 101728 2
S 80893644 288 101730 2
S 80904644 288 101727 2
S 80915643 288 101729 2
S 80926642 288 101726 2
S 80937642 288 101730 2
S 80948641 288 101732 2
S 80959640 288 101722 2
S 80970640 288 101722 2
S 80981639 288 101726 2
S 80992638 288 101736 2
S 81003638 288 101734 2
S 81014637 288 101740 2
S 81025636 288 101733 2
S 81036636 288 101733 2
S 81047635 288 101737 2
S 81058634 288 101735 2
S 81069633 288 101733 2
S 81080633 288 101727 2
S 81091632 288 101728 2
S 81102631 288 101729 2
S 81113631 288 101731 2
S 81124630 288 101736 2
S 81135629 288 101735 2
S 81146629 288 101732 2
S 81157628 288 101725 2
S 81168627 288 101733 2
S 81179627 288 101732 2
S 81190626 288 101725 2
S 81201625 288 101731 2
S 81212625 288 101727 2
S 81223624 288 101729 2
S 81234623 288 101727 2
S 81245622 288 101726 2
S 81256622 288 101727 2
S 81267621 288 101733 2
S 81278620 288 101732 2
S 81289620 288 101733 2
S 81300619 288 101727 2
S 81311618 288 101728 2
S 81322618 288 101729 2
S 81333617 288 101726 2
S 81344616 288 101729 2
S 81355616 288 101730 2
S 81366615 288 101730 2
S 81377614 288 101725 2
S 81388614 288 101720 2
S 81399613 288 101732 2
S 81410612 288 101736 2
S 81421611 288 101735 2
S 81432611 288 101733 2
S 81443610 288 101733 2
S 81454609 288 101725 2
S 81465609 288 101735 2
S 81476608 288 101729 2
S 81487607 288 101732 2
S 81498607 288 101734 2
S 81509606 288 101729 2
S 81520605 288 101727 2
S 81531605 288 101727 2
S 81542604 288 101736 2
S 81553603 288 101733 2
S 81564603 288 101732 2
S 81580602 288 101735 2
S 81591601 288 101732 2
S 81602600 288 101727 2
S 81613599 288 101728 2
S 81624599 288 101726 2
S 81635598 288 101730 2
S 81646597 288 101731 2
S 81657597 288 101733 2
S 81668596 288 101732 2
S 81679595 288 101727 2
S 81690595 288 101732 2
S 81701594 288 101733 2
S 81712593 288 101733 2
S 81723593 288 101730 2
S 81734592 288 101734 2
S 81745591 288 101733 2
S 81756591 288 101728 2
S 81767590 288 101734 2
S 81778589 288 101728 2
S 81789588 288 101731 2
S 81800588 288 101730 2
S 81811587 288 101725 2
S 81822586 288 101727 2
S 81833586 288 101730 2
S 81844585 288 101727 2
S 81855584 288 101727 2
S 81866584 288 101725 2
S 81877583 288 101725 2
S 81888582 288 101730 2
S 81899582 288 101730 2
S 81910581 288 101732 2
S 81921580 288 101733 2
S 81932580 288 101732 2
S 81943579 288 101730 2
S 81954578 288 101733 2
S 81965577 288 101729 2
S 81976577 288 101728 2
S 81987576 288 101730 2
S 81998575 288 101728 2
S 82009575 288 101730 2
S 82020574 288 101730 2
S 82031573 288 101730 2
S 82042573 288 101732 2
S 82053572 288 101733 2
S 82064571 288 101728 2
S 82075571 288 101734 2
S 82086570 288 101733 2
S 82097569 288 101733 2
S 82108569 288 101729 2
S 82119568 288 101736 2
S 82130567 288 101730 2
S 82141566 288 101730 2
S 82152566 288 101727 2
S 82163565 288 101729 2
S 82174564 288 101730 2
S 82185564 288 101730 2
S 82196563 288 101727 2
S 82207562 288 101722 2
S 82218562 288 101729 2
S 82229561 288 101732 2
S 82240560 288 101733 2
S 82251560 288 101737 2
S 82262559 288 101732 2
S 82273558 288 101737 2
S 82284558 288 101734 2
S 82295557 288 101736 2
S 82306556 288 101733 2
S 82317555 288 101736 2
S 82328555 288 101731 2
S 82339554 288 101730 2
S 82350553 288 101732 2
S 82361553 288 101724 2
S 82372552 288 101726 2
S 82383551 288 101729 2
S 82394551 288 101730 2
S 82405550 288 101724 2
S 82416549 288 101730 2
S 82427549 288 101727 2
S 82438548 288 101733 2
S 82449547 288 101727 2
S 82460547 288 101725 2
S 82471546 288 101722 2
S 82482545 288 101722 2
S 82493544 288 101727 2
S 82504544 288 101727 2
S 82515543 288 101728 2
S 82526542 288 101724 2
S 82537542 288 101730 2
S 82548541 288 101727 2
S 82559540 288 101726 2
S 82570540 288 101725 2
S 82586539 288 101736 2
S 82597538 288 101729 2
S 82608537 288 101730 2
S 82619537 288 101730 2
S 82630536 288 101730 2
S 82641535 288 101727 2
S 82652535 288 101731 2
S 82663534 288 101734 2
S 82674533 288 101728 2
S 82685532 288 101727 2
S 82696532 288 101723 2
S 82707531 288 101724 2
S 82718530 288 101728 2
S 82729530 288 101725 2
S 82740529 288 101727 2
S 82751528 288 101727 2
S 82762528 288 101729 2
S 82773527 288 101724 2
S 82784526 288 101727 2
S 82795526 288 101723 2
S 82806525 288 101724 2
S 82817524 288 101727 2
S 82828524 288 101727 2
S 82839523 288 101727 2
S 82850522 288 101723 2
S 82861521 288 101721 2
S 82872521 288 101727 2
S 82883520 288 101725 2
S 82894519 288 101724 2
S 82905519 288 101728 2
S 82916518 288 101726 2
S 82927517 288 101725 2
S 82938517 288 101729 2
S 82949516 288 101730 2
S 82960515 288 101731 2
S 82971515 288 101733 2
S 82982514 288 101730 2
S 82993513 288 101724 2
S 83004513 288 101727 2
S 83015512 288 101724 2
S 83026511 288 101724 2
S 83037510 288 101722 2
S 83048510 288 101726 2
S 83059509 288 101729 2
S 83070508 288 101722 2
S 83081508 288 101726 2
S 83092507 288 101733 2
S 83103506 288 101725 2
S 83114506 288 101724 2
S 83125505 288 101724 2
S 83136504 288 101721 2
S 83147504 288 101730 2
S 83158503 288 101721 2
S 83169502 288 101727 2
S 83180502 288 101728 2
S 83191501 288 101721 2
S 83202500 288 101723 2
S 83213499 288 101724 2
S 83224499 288 101721 2
S 83235498 288 101724 2
S 83246497 288 101723 2
S 83257497 288 101724 2
S 83268496 288 101725 2
S 83279495 288 101727 2
S 83290495 288 101724 2
S 83301494 288 101721 2
S 83312493 288 101724 2
S 83323493 288 101722 2
S 83334492 288 101720 2
S 83345491 288 101727 2
S 83356491 288 101730 2
S 83367490 288 101727 2
S 83378489 288 101723 2
S 83389488 288 101728 2
S 83400488 288 101726 2
S 83411487 288 101728 2
S 83422486 288 101726 2
S 83433486 288 101728 2
S 83444485 288 101723 2
S 83455484 288 101724 2
S 83466484 288 101717 2
S 83477483 288 101724 2
S 83488482 288 101724 2
S 83499482 288 101722 2
S 83510481 288 101721 2
S 83521480 288 101722 2
S 83532480 288 101727 2
S 83543479 288 101723 2
S 83554478 288 101727 2
S 83565477 288 101724 2
S 83576477 288 101725 2
S 83592476 288 101724 2
S 83603475 288 101729 2
S 83614474 288 101732 2
S 83625474 288 101723 2
S 83636473 288 101723 2
S 83647472 288 101724 2
S 83658472 288 101725 2
S 83669471 288 101727 2
S 83680470 288 101723 2
S 83691470 288 101722 2
S 83702469 288 101724 2
S 83713468 288 101728 2
S 83724468 288 101725 2
S 83735467 288 101726 2
S 83746466 288 101722 2
S 83757465 288 101726 2
S 83768465 288 101721 2
S 83779464 288 101722 2
S 83790463 288 101722 2
S 83801463 288 101724 2
S 83812462 288 101724 2
S 83823461 288 101724 2
S 83834461 288 101725 2
S 83845460 288 101729 2
S 83856459 288 101726 2
S 83867459 288 101729 2
S 83878458 288 101727 2
S 83889457 288 101727 2
S 83900457 288 101729 2
S 83911456 288 101728 2
S 83922455 288 101731 2
S 83933454 288 101727 2
S 83944454 288 101728 2
S 83955453 288 101731 2
S 83966452 288 101731 2
S 83977452 288 101723 2
S 83988451 288 101728 2
S 83999450 288 101731 2
S 84010450 288 101732 2
S 84021449 288 101727 2
S 84032448 288 101732 2
S 84043448 288 101724 2
S 84054447 288 101721 2
S 84065446 288 101724 2
S 84076446 288 101719 2
S 84087445 288 101736 2
S 84098444 288 101726 2
S 84109443 288 101727 2
S 84120443 288 101730 2
S 84131442 288 101731 2
S 84142441 288 101727 2
S 84153441 288 101721 2
S 84164440 288 101725 2
S 84175439 288 101725 2
S 84186439 288 101725 2
S 84197438 288 101728 2
S 84208437 288 101721 2
S 84219437 288 101723 2
S 84230436 288 101721 2
S 84241435 288 101724 2
S 84252435 288 101725 2
S 84263434 288 101730 2
S 84274433 288 101725 2
S 84285432 288 101723 2
S 84296432 288 101722 2
S 84307431 288 101727 2
S 84318430 288 101728 2
S 84329430 288 101725 2
S 84340429 288 101727 2
S 84351428 288 101728 2
S 84362428 288 101726 2
S 84373427 288 101732 2
S 84384426 288 101723 2
S 84395426 288 101727 2
S 84406425 288 101724 2
S 84417424 288 101727 2
S 84428424 288 101728 2
S 84439423 288 101725 2
S 84450422 288 101730 2
S 84461421 288 101724 2
S 84472421 288 101725 2
S 84483420 288 101726 2
S 84494419 288 101724 2
S 84505419 288 101730 2
S 84516418 288 101724 2
S 84527417 288 101721 2
S 84538417 288 101727 2
S 84549416 288 101724 2
S 84560415 288 101726 2
S 84571415 288 101724 2
S 84582414 288 101718 2
S 84598413 288 101721 2
S 84609412 288 101727 2
S 84620412 288 101729 2
S 84631411 288 101728 2
S 84642410 288 101733 2
S 84653409 288 101730 2
S 84664409 288 101730 2
S 84675408 288 101727 2
S 84686407 288 101725 2
S 84697407 288 101717 2
S 84708406 288 101718 2
S 84719405 288 101721 2
S 84730405 288 101722 2
S 84741404 288 101721 2
S 84752403 288 101727 2
S 84763403 288 101723 2
S 84774402 288 101727 2
S 84785401 288 101725 2
S 84796401 288 101730 2
S 84807400 288 101730 2
S 84818399 288 101724 2
S 84829398 288 101722 2
S 84840398 288 101726 2
S 84851397 288 101730 2
S 84862396 288 101726 2
S 84873396 288 101721 2
S 84884395 288 101724 2
S 84895394 288 101725 2
S 84906394 288 101727 2
S 84917393 288 101732 2
S 84928392 288 101727 2
S 84939392 288 101729 2
S 84950391 288 101728 2
S 84961390 288 101729 2
S 84972390 288 101727 2
S 84983389 288 101733 2
S 84994388 288 101727 2
S 85005387 288 101735 2
S 85016387 288 101732 2
S 85027386 288 101728 2
S 85038385 288 101724 2
S 85049385 288 101724 2
S 85060384 288 101728 2
S 85071383 288 101733 2
S 85082383 288 101728 2
S 85093382 288 101730 2
S 85104381 288 101728 2
S 85115381 288 101727 2
S 85126380 288 101727 2
S 85137379 288 101728 2
S 85148379 288 101727 2
S 85159378 288 101730 2
S 85170377 288 101730 2
S 85181376 288 101731 2
S 85192376 288 101734 2
S 85203375 288 101732 2
S 85214374 288 101736 2
S 85225374 288 101726 2
S 85236373 288 101730 2
S 85247372 288 101736 2
S 85258372 288 101728 2
S 85269371 288 101728 2
S 85280370 288 101733 2
S 85291370 288 101728 2
S 85302369 288 101727 2
S 85313368 288 101723 2
S 85324368 288 101726 2
S 85335367 288 101726 2
S 85346366 288 101724 2
S 85357365 288 101726 2
S 85368365 288 101727 2
S 85379364 288 101726 2
S 85390363 288 101726 2
S 85401363 288 101723 2
S 85412362 288 101727 2
S 85423361 288 101722 2
S 85434361 288 101725 2
S 85445360 288 101726 2
S 85456359 288 101722 2
S 85467359 288 101724 2
S 85478358 288 101727 2
S 85489357 288 101729 2
S 85500357 288 101724 2
S 85511356 288 101722 2
S 85522355 288 101723 2
S 85533354 288 101727 2
S 85544354 288 101726 2
S 85555353 288 101720 2
S 85566352 288 101719 2
S 85577352 288 101723 2
S 85588351 288 101724 2
S 85604350 288 101730 2
S 85615349 288 101736 2
S 85626349 288 101734 2
S 85637348 288 101731 2
S 85648347 288 101731 2
S 85659347 288 101738 2
S 85670346 288 101738 2
S 85681345 288 101735 2
S 85692345 288 101733 2
S 85703344 288 101736 2
S 85714343 288 101734 2
S 85725342 288 101734 2
S 85736342 288 101735 2
S 85747341 288 101736 2
S 85758340 288 101733 2
S 85769340 288 101739 2
S 85780339 288 101731 2
S 85791338 288 101731 2
S 85802338 288 101730 2
S 85813337 288 101730 2
S 85824336 288 101726 2
S 85835336 288 101733 2
S 85846335 288 101735 2
S 85857334 288 101736 2
S 85868334 288 101733 2
S 85879333 288 101734 2
S 85890332 288 101730 2
S 85901331 288 101733 2
S 85912331 288 101736 2
S 85923330 288 101733 2
S 85934329 288 101733 2
S 85945329 288 101730 2
S 85956328 288 101728 2
S 85967327 288 101734 2
S 85978327 288 101728 2
S 85989326 288 101730 2
S 86000326 288 101731 2
S 86011325 288 101730 2
S 86022324 288 101727 2
S 86033323 288 101733 2
S 86044323 288 101730 2
S 86055322 288 101729 2
S 86066321 288 101730 2
S 86077320 288 101729 2
S 86088320 288 101730 2
S 86099319 288 101725 2
S 86110318 288 101725 2
S 86121318 288 101727 2
S 86132317 288 101727 2
S 86143316 288 101730 2
S 86154316 288 101729 2
S 86165315 288 101725 2
S 86176314 288 101731 2
S 86187314 288 101724 2
S 86198313 288 101733 2
S 86209312 288 101726 2
S 86220312 288 101724 2
S 86231311 288 101722 2
S 86242310 288 101727 2
S 86253309 288 101728 2
S 86264309 288 101727 2
S 86275308 288 101729 2
S 86286307 288 101730 2
S 86297307 288 101727 2
S 86308306 288 101731 2
S 86319305 288 101729 2
S 86330305 288 101730 2
S 86341304 288 101727 2
S 86352303 288 101733 2
S 86363303 288 101727 2
S 86374302 288 101728 2
S 86385301 288 101729 2
S 86396301 288 101732 2
S 86407300 288 101731 2
S 86418299 288 101731 2
S 86429298 288 101733 2
S 86440298 288 101730 2
S 86451297 288 101729 2
S 86462296 288 101735 2
S 86473296 288 101734 2
S 86484295 288 101739 2
S 86495294 288 101734 2
S 86506294 288 101734 2
S 86517293 288 101733 2
S 86528292 288 101733 2
S 86539292 288 101735 2
S 86550291 288 101730 2
S 86561290 288 101727 2
S 86572290 288 101732 2
S 86583289 288 101731 2
S 86594288 288 101730 2
S 86610287 288 101728 2
S 86621286 288 101731 2
S 86632286 288 101731 2
S 86643285 288 101728 2
S 86654284 288 101733 2
S 86665284 288 101732 2
S 86676283 288 101730 2
S 86687282 288 101733 2
S 86698282 288 101736 2
S 86709281 288 101732 2
S 86720280 288 101735 2
S 86731280 288 101733 2
S 86742279 288 101734 2
S 86753278 288 101730 2
S 86764278 288 101730 2
S 86775277 288 101734 2
S 86786276 288 101737 2
S 86797275 288 101732 2
S 86808275 288 101731 2
S 86819274 288 101731 2
S 86830273 288 101730 2
S 86841273 288 101732 2
S 86852272 288 101730 2
S 86863271 288 101733 2
S 86874271 288 101731 2
S 86885270 288 101730 2
S 86896269 288 101731 2
S 86907269 288 101728 2
S 86918268 288 101730 2
S 86929267 288 101729 2
S 86940267 288 101728 2
S 86951266 288 101729 2
S 86962265 288 101727 2
S 86973264 288 101727 2
S 86984264 288 101729 2
S 86995263 288 101731 2
S 87006262 288 101736 2
S 87017262 288 101733 2
S 87028261 288 101734 2
S 87039260 288 101727 2
S 87050260 288 101733 2
S 87061259 288 101733 2
S 87072258 288 101732 2
S 87083258 288 101733 2
S 87094257 288 101738 2
S 87105256 288 101734 2
S 87116256 288 101734 2
S 87127255 288 101728 2
S 87138254 288 101735 2
S 87149253 288 101734 2
S 87160253 288 101731 2
S 87171252 288 101733 2
S 87182251 288 101736 2
S 87193251 288 101730 2
S 87204250 288 101733 2
S 87215249 288 101734 2
S 87226249 288 101736 2
S 87237248 288 101735 2
S 87248247 288 101736 2
S 87259247 288 101737 2
S 87270246 288 101734 2
S 87281245 288 101730 2
S 87292245 288 101729 2
S 87303244 288 101735 2
S 87314243 288 101736 2
S 87325242 288 101731 2
S 87336242 288 101733 2
S 87347241 288 101734 2
S 87358240 288 101733 2
S 87369240 288 101735 2
S 87380239 288 101733 2
S 87391238 288 101730 2
S 87402238 288 101727 2
S 87413237 288 101728 2
S 87424236 288 101728 2
S 87435236 288 101725 2
S 87446235 288 101730 2
S 87457234 288 101728 2
S 87468234 288 101726 2
S 87479233 288 101727 2
S 87490232 288 101730 2
S 87501231 288 101724 2
S 87512231 288 101727 2
S 87523230 288 101730 2
S 87534229 288 101727 2
S 87545229 288 101729 2
S 87556228 288 101733 2
S 87567227 288 101727 2
S 87578227 288 101724 2
S 87589226 288 101733 2
S 87600225 288 101729 2
S 87616224 288 101732 2
S 87627224 288 101731 2
S 87638223 288 101731 2
S 87649222 288 101733 2
S 87660222 288 101731 2
S 87671221 288 101731 2
S 87682220 288 101732 2
S 87693219 288 101733 2
S 87704219 288 101733 2
S 87715218 288 101729 2
S 87726217 288 101730 2
S 87737217 288 101728 2
S 87748216 288 101730 2
S 87759215 288 101727 2
S 87770215 288 101732 2
S 87781214 288 101733 2
S 87792213 288 101733 2
S 87803213 288 101733 2
S 87814212 288 101735 2
S 87825211 288 101730 2
S 87836211 288 101733 2
S 87847210 288 101737 2
S 87858209 288 101737 2
S 87869208 288 101734 2
S 87880208 288 101733 2
S 87891207 288 101733 2
S 87902206 288 101733 2
S 87913206 288 101727 2
S 87924205 288 101736 2
S 87935204 288 101734 2
S 87946204 288 101733 2
S 87957203 288 101734 2
S 87968202 288 101739 2
S 87979202 288 101736 2
S 87990201 288 101733 2
S 88001201 288 101736 2
S 88012200 288 101736 2
S 88023199 288 101727 2
S 88034198 288 101733 2
S 88045197 288 101730 2
S 88056197 288 101733 2
S 88067196 288 101730 2
S 88078195 288 101732 2
S 88089195 288 101730 2
S 88100194 288 101725 2
S 88111193 288 101730 2
S 88122193 288 101727 2
S 88133192 288 101735 2
S 88144191 288 101736 2
S 88155191 288 101730 2
S 88166190 288 101736 2
S 88177189 288 101730 2
S 88188189 288 101734 2
S 88199188 288 101733 2
S 88210187 288 101733 2
S 88221186 288 101734 2
S 88232186 288 101731 2
S 88243185 288 101732 2
S 88254184 288 101731 2
S 88265184 288 101733 2
S 88276183 288 101736 2
S 88287182 288 101730 2
S 88298182 288 101730 2
S 88309181 288 101730 2
S 88320180 288 101731 2
S 88331180 288 101732 2
S 88342179 288 101731 2
S 88353178 288 101731 2
S 88364178 288 101729 2
S 88375177 288 101730 2
S 88386176 288 101730 2
S 88397175 288 101727 2
S 88408175 288 101726 2
S 88419174 288 101733 2
S 88430173 288 101727 2
S 88441173 288 101726 2
S 88452172 288 101731 2
S 88463171 288 101730 2
S 88474171 288 101734 2
S 88485170 288 101730 2
S 88496169 288 101733 2
S 88507169 288 101733 2
S 88518168 288 101736 2
S 88529167 288 101733 2
S 88540167 288 101727 2
S 88551166 288 101731 2
S 88562165 288 101732 2
S 88573164 288 101727 2
S 88584164 288 101728 2
S 88595163 288 101727 2
S 88606162 288 101727 2
S 88622161 288 101729 2
S 88633161 288 101730 2
S 88644160 288 101729 2
S 88655159 288 101733 2
S 88666159 288 101732 2
S 88677158 288 101733 2
S 88688157 288 101733 2
S 88699157 288 101731 2
S 88710156 288 101729 2
S 88721155 288 101731 2
S 88732155 288 101734 2
S 88743154 288 101733 2
S 88754153 288 101730 2
S 88765152 288 101734 2
S 88776152 288 101729 2
S 88787151 288 101733 2
S 88798150 288 101727 2
S 88809150 288 101730 2
S 88820149 288 101736 2
S 88831148 288 101728 2
S 88842148 288 101730 2
S 88853147 288 101733 2
S 88864146 288 101732 2
S 88875146 288 101733 2
S 88886145 288 101733 2
S 88897144 288 101727 2
S 88908144 288 101730 2
S 88919143 288 101734 2
S 88930142 288 101733 2
S 88941141 288 101735 2
S 88952141 288 101736 2
S 88963140 288 101736 2
S 88974139 288 101735 2
S 88985139 288 101735 2
S 88996138 288 101735 2
S 89007137 288 101736 2
S 89018137 288 101732 2
S 89029136 288 101733 2
S 89040135 288 101733 2
S 89051135 288 101731 2
S 89062134 288 101733 2
S 89073133 288 101734 2
S 89084133 288 101732 2
S 89095132 288 101736 2
S 89106131 288 101737 2
S 89117130 288 101738 2
S 89128130 288 101738 2
S 89139129 288 101733 2
S 89150128 288 101733 2
S 89161128 288 101737 2
S 89172127 288 101728 2
S 89183126 288 101736 2
S 89194126 288 101732 2
S 89205125 288 101733 2
S 89216124 288 101733 2
S 89227124 288 101734 2
S 89238123 288 101732 2
S 89249122 288 101736 2
S 89260122 288 101730 2
S 89271121 288 101727 2
S 89282120 288 101730 2
S 89293119 288 101733 2
S 89304119 288 101731 2
S 89315118 288 101733 2
S 89326117 288 101732 2
S 89337117 288 101736 2
S 89348116 288 101733 2
S 89359115 288 101735 2
S 89370115 288 101734 2
S 89381114 288 101735 2
S 89392113 288 101736 2
S 89403113 288 101737 2
S 89414112 288 101731 2
S 89425111 288 101733 2
S 89436111 288 101732 2
S 89447110 288 101735 2
S 89458109 288 101733 2
S 89469108 288 101736 2
S 89480108 288 101733 2
S 89491107 288 101733 2
S 89502106 288 101730 2
S 89513106 288 101736 2
S 89524105 288 101738 2
S 89535104 288 101735 2
S 89546104 288 101737 2
S 89557103 288 101736 2
S 89568102 288 101736 2
S 89579102 288 101736 2
S 89590101 288 101734 2
S 89601100 288 101733 2
S 89612100 288 101728 2
S 89628099 288 101736 2
S 89639098 288 101736 2
S 89650097 288 101735 2
S 89661096 288 101733 2
S 89672096 288 101735 2
S 89683095 288 101737 2
S 89694094 288 101736 2
S 89705094 288 101731 2
S 89716093 288 101730 2
S 89727092 288 101730 2
S 89738092 288 101737 2
S 89749091 288 101735 2
S 89760090 288 101728 2
S 89771090 288 101733 2
S 89782089 288 101736 2
S 89793088 288 101738 2
S 89804088 288 101735 2
S 89815087 288 101735 2
S 89826086 288 101733 2
S 89837085 288 101730 2
S 89848085 288 101731 2
S 89859084 288 101731 2
S 89870083 288 101734 2
S 89881083 288 101736 2
S 89892082 288 101733 2
S 89903081 288 101733 2
S 89914081 288 101730 2
S 89925080 288 101730 2
S 89936079 288 101727 2
S 89947079 288 101727 2
S 89958078 288 101733 2
S 89969077 288 101733 2
S 89980077 288 101730 2
S 89991076 288 101734 2
S 90002076 288 101735 2
S 90013074 288 101733 2
S 90024074 288 101733 2
S 90035073 288 101730 2
S 90046072 288 101736 2
S 90057072 288 101738 2
S 90068071 288 101734 2
S 90079070 288 101729 2
S 90090070 288 101733 2
S 90101069 288 101736 2
S 90112068 288 101735 2
S 90123068 288 101735 2
S 90134067 288 101730 2
S 90145066 288 101733 2
S 90156066 288 101735 2
S 90167065 288 101733 2
S 90178064 288 101735 2
S 90189063 288 101733 2
S 90200063 288 101731 2
S 90211062 288 101735 2
S 90222061 288 101736 2
S 90233061 288 101733 2
S 90244060 288 101727 2
S 90255059 288 101734 2
S 90266059 288 101730 2
S 90277058 288 101729 2
S 90288057 288 101734 2
S 90299057 288 101733 2
S 90310056 288 101736 2
S 90321055 288 101733 2
S 90332055 288 101734 2
S 90343054 288 101733 2
S 90354053 288 101729 2
S 90365052 288 101728 2
S 90376052 288 101727 2
S 90387051 288 101730 2
S 90398050 288 101722 2
S 90409050 288 101719 2
S 90420049 288 101725 2
S 90431048 288 101726 2
S 90442048 288 101728 2
S 90453047 288 101727 2
S 90464046 288 101732 2
S 90475046 288 101727 2
S 90486045 288 101726 2
S 90497044 288 101728 2
S 90508044 288 101730 2
S 90519043 288 101727 2
S 90530042 288 101730 2
S 90541041 288 101731 2
S 90552041 288 101727 2
S 90563040 288 101728 2
S 90574039 288 101732 2
S 90585039 288 101733 2
S 90596038 288 101727 2
S 90607037 288 101731 2
S 90618037 288 101726 2
S 90634036 288 101732 2
S 90645035 288 101728 2
S 90656034 288 101727 2
S 90667034 288 101727 2
S 90678033 288 101727 2
S 90689032 288 101728 2
S 90700032 288 101729 2
S 90711031 288 101728 2
S 90722030 288 101730 2
S 90733029 288 101730 2
S 90744029 288 101724 2
S 90755028 288 101730 2
S 90766027 288 101726 2
S 90777027 288 101726 2
S 90788026 288 101724 2
S 90799025 288 101727 2
S 90810025 288 101730 2
S 90821024 288 101730 2
S 90832023 288 101729 2
S 90843023 288 101729 2
S 90854022 288 101726 2
S 90865021 288 101729 2
S 90876021 288 101724 2
S 90887020 288 101724 2
S 90898019 288 101730 2
S 90909018 288 101724 2
S 90920018 288 101730 2
S 90931017 288 101727 2
S 90942016 288 101725 2
S 90953016 288 101730 2
S 90964015 288 101728 2
S 90975014 288 101730 2
S 90986014 288 101723 2
S 90997013 288 101724 2
S 91008012 288 101727 2
S 91019012 288 101728 2
S 91030011 288 101726 2
S 91041010 288 101730 2
S 91052010 288 101727 2
S 91063009 288 101724 2
S 91074008 288 101730 2
S 91085007 288 101727 2
S 91096007 288 101728 2
S 91107006 288 101733 2
S 91118005 288 101731 2
S 91129005 288 101731 2
S 91140004 288 101727 2
S 91151003 288 101731 2
S 91162003 288 101727 2
S 91173002 288 101731 2
S 91184001 288 101727 2
S 91195001 288 101729 2
S 91206000 288 101734 2
S 91216999 288 101730 2
S 91227999 288 101730 2
S 91238998 288 101733 2
S 91249997 288 101730 2
S 91260996 288 101724 2
S 91271996 288 101732 2
S 91282995 288 101729 2
S 91293994 288 101726 2
S 91304994 288 101730 2
S 91315993 288 101729 2
S 91326992 288 101725 2
S 91337992 288 101722 2
S 91348991 288 101727 2
S 91359990 288 101723 2
S 91370990 288 101721 2
S 91381989 288 101727 2
S 91392988 288 101729 2
S 91403988 288 101728 2
S 91414987 288 101730 2
S 91425986 288 101727 2
S 91436985 288 101730 2
S 91447985 288 101725 2
S 91458984 288 101727 2
S 91469983 288 101730 2
S 91480983 288 101730 2
S 91491982 288 101733 2
S 91502981 288 101729 2
S 91513981 288 101729 2
S 91524980 288 101722 2
S 91535979 288 101733 2
S 91546979 288 101736 2
S 91557978 288 101727 2
S 91568977 288 101734 2
S 91579977 288 101729 2
S 91590976 288 101725 2
S 91601975 288 101730 2
S 91612974 288 101729 2
S 91623974 288 101725 2
S 91639973 288 101739 2
S 91650972 288 101730 2
S 91661971 288 101733 2
S 91672971 288 101730 2
S 91683970 288 101730 2
S 91694969 288 101730 2
S 91705969 288 101733 2
S 91716968 288 101731 2
S 91727967 288 101733 2
S 91738967 288 101736 2
S 91749966 288 101733 2
S 91760965 288 101733 2
S 91771965 288 101733 2
S 91782964 288 101733 2
S 91793963 288 101737 2
S 91804962 288 101727 2
S 91815962 288 101734 2
S 91826961 288 101732 2
S 91837960 288 101730 2
S 91848960 288 101729 2
S 91859959 288 101726 2
S 91870958 288 101724 2
S 91881958 288 101730 2
S 91892957 288 101731 2
S 91903956 288 101731 2
S 91914956 288 101732 2
S 91925955 288 101733 2
S 91936954 288 101729 2
S 91947954 288 101729 2
S 91958953 288 101723 2
S 91969952 288 101724 2
S 91980951 288 101726 2
S 91991951 288 101732 2
S 92002950 288 101726 2
S 92013949 288 101726 2
S 92024949 288 101727 2
S 92035948 288 101728 2
S 92046947 288 101722 2
S 92057947 288 101728 2
S 92068946 288 101727 2
S 92079945 288 101727 2
S 92090945 288 101733 2
S 92101944 288 101726 2
S 92112943 288 101730 2
S 92123943 288 101727 2
S 92134942 288 101727 2
S 92145941 288 101725 2
S 92156940 288 101729 2
S 92167940 288 101728 2
S 92178939 288 101725 2
S 92189938 288 101723 2
S 92200938 288 101724 2
S 92211937 288 101733 2
S 92222936 288 101724 2
S 92233936 288 101724 2
S 92244935 288 101727 2
S 92255934 288 101730 2
S 92266934 288 101724 2
S 92277933 288 101724 2
S 92288932 288 101721 2
S 92299932 288 101724 2
S 92310931 288 101726 2
S 92321930 288 101725 2
S 92332929 288 101727 2
S 92343929 288 101729 2
S 92354928 288 101722 2
S 92365927 288 101727 2
S 92376927 288 101728 2
S 92387926 288 101727 2
S 92398925 288 101725 2
S 92409925 288 101726 2
S 92420924 288 101724 2
S 92431923 288 101727 2
S 92442923 288 101724 2
S 92453922 288 101726 2
S 92464921 288 101722 2
S 92475921 288 101724 2
S 92486920 288 101727 2
S 92497919 288 101721 2
S 92508918 288 101721 2
S 92519918 288 101727 2
S 92530917 288 101728 2
S 92541916 288 101727 2
S 92552916 288 101727 2
S 92563915 288 101725 2
S 92574914 288 101725 2
S 92585914 288 101731 2
S 92596913 288 101726 2
S 92607912 288 101733 2
S 92618912 288 101731 2
S 92629911 288 101727 2
S 92645910 288 101727 2
S 92656909 288 101733 2
S 92667909 288 101727 2
S 92678908 288 101734 2
S 92689907 288 101727 2
S 92700906 288 101731 2
S 92711906 288 101730 2
S 92722905 288 101727 2
S 92733904 288 101723 2
S 92744904 288 101731 2
S 92755903 288 101734 2
S 92766902 288 101732 2
S 92777902 288 101735 2
S 92788901 288 101725 2
S 92799900 288 101730 2
S 92810900 288 101732 2
S 92821899 288 101730 2
S 92832898 288 101731 2
S 92843898 288 101727 2
S 92854897 288 101728 2
S 92865896 288 101729 2
S 92876895 288 101729 2
S 92887895 288 101730 2
S 92898894 288 101724 2
S 92909893 288 101723 2
S 92920893 288 101724 2
S 92931892 288 101727 2
S 92942891 288 101728 2
S 92953891 288 101728 2
S 92964890 288 101727 2
S 92975889 288 101731 2
S 92986889 288 101733 2
S 92997888 288 101732 2
S 93008887 288 101732 2
S 93019887 288 101731 2
S 93030886 288 101730 2
S 93041885 288 101726 2
S 93052884 288 101733 2
S 93063884 288 101737 2
S 93074883 288 101737 2
S 93085882 288 101736 2
S 93096882 288 101736 2
S 93107881 288 101729 2
S 93118880 288 101729 2
S 93129880 288 101727 2
S 93140879 288 101731 2
S 93151878 288 101730 2
S 93162878 288 101736 2
S 93173877 288 101734 2
S 93184876 288 101736 2
S 93195876 288 101736 2
S 93206875 288 101733 2
S 93217874 288 101731 2
S 93228873 288 101734 2
S 93239873 288 101732 2
S 93250872 288 101725 2
S 93261871 288 101731 2
S 93272871 288 101727 2
S 93283870 288 101732 2
S 93294869 288 101732 2
S 93305869 288 101728 2
S 93316868 288 101726 2
S 93327867 288 101728 2
S 93338867 288 101731 2
S 93349866 288 101727 2
S 93360865 288 101729 2
S 93371865 288 101727 2
S 93382864 288 101724 2
S 93393863 288 101723 2
S 93404862 288 101729 2
S 93415862 288 101728 2
S 93426861 288 101731 2
S 93437860 288 101724 2
S 93448860 288 101727 2
S 93459859 288 101726 2
S 93470858 288 101727 2
S 93481858 288 101719 2
S 93492857 288 101724 2
S 93503856 288 101727 2
S 93514856 288 101727 2
S 93525855 288 101725 2
S 93536854 288 101721 2
S 93547854 288 101727 2
S 93558853 288 101728 2
S 93569852 288 101729 2
S 93580851 288 101725 2
S 93591851 288 101724 2
S 93602850 288 101730 2
S 93613849 288 101727 2
S 93624849 288 101723 2
S 93635848 288 101724 2
S 93651847 288 101727 2
S 93662846 288 101726 2
S 93673846 288 101727 2
S 93684845 288 101727 2
S 93695844 288 101725 2
S 93706844 288 101733 2
S 93717843 288 101730 2
S 93728842 288 101728 2
S 93739842 288 101725 2
S 93750841 288 101730 2
S 93761840 288 101734 2
S 93772839 288 101728 2
S 93783839 288 101727 2
S 93794838 288 101724 2
S 93805837 288 101727 2
S 93816837 288 101725 2
S 93827836 288 101727 2
S 93838835 288 101730 2
S 93849835 288 101728 2
S 93860834 288 101726 2
S 93871833 288 101730 2
S 93882833 288 101726 2
S 93893832 288 101726 2
S 93904831 288 101728 2
S 93915831 288 101730 2
S 93926830 288 101727 2
S 93937829 288 101733 2
S 93948828 288 101727 2
S 93959828 288 101724 2
S 93970827 288 101725 2
S 93981826 288 101729 2
S 93992826 288 101723 2
S 94003825 288 101724 2
S 94014824 288 101724 2
S 94025824 288 101728 2
S 94036823 288 101730 2
S 94047822 288 101730 2
S 94058822 288 101723 2
S 94069821 288 101727 2
S 94080820 288 101731 2
S 94091820 288 101727 2
S 94102819 288 101729 2
S 94113818 288 101732 2
S 94124817 288 101733 2
S 94135817 288 101732 2
S 94146816 288 101733 2
S 94157815 288 101733 2
S 94168815 288 101733 2
S 94179814 288 101730 2
S 94190813 288 101730 2
S 94201813 288 101730 2
S 94212812 288 101729 2
S 94223811 288 101724 2
S 94234811 288 101729 2
S 94245810 288 101728 2
S 94256809 288 101730 2
S 94267809 288 101727 2
S 94278808 288 101727 2
S 94289807 288 101730 2
S 94300806 288 101730 2
S 94311806 288 101730 2
S 94322805 288 101731 2
S 94333804 288 101730 2
S 94344804 288 101723 2
S 94355803 288 101730 2
S 94366802 288 101733 2
S 94377802 288 101725 2
S 94388801 288 101724 2
S 94399800 288 101724 2
S 94410800 288 101728 2
S 94421799 288 101727 2
S 94432798 288 101730 2
S 94443798 288 101727 2
S 94454797 288 101730 2
S 94465796 288 101727 2
S 94476795 288 101724 2
S 94487795 288 101730 2
S 94498794 288 101729 2
S 94509793 288 101727 2
S 94520793 288 101728 2
S 94531792 288 101730 2
S 94542791 288 101732 2
S 94553791 288 101727 2
S 94564790 288 101730 2
S 94575789 288 101730 2
S 94586789 288 101729 2
S 94597788 288 101728 2
S 94608787 288 101730 2
S 94619787 288 101727 2
S 94630786 288 101730 2
S 94641785 288 101729 2
S 94657784 288 101728 2
S 94668783 288 101726 2
S 94679783 288 101727 2
S 94690782 288 101726 2
S 94701781 288 101724 2
S 94712781 288 101727 2
S 94723780 288 101727 2
S 94734779 288 101728 2
S 94745779 288 101727 2
S 94756778 288 101724 2
S 94767777 288 101727 2
S 94778777 288 101724 2
S 94789776 288 101725 2
S 94800775 288 101723 2
S 94811775 288 101727 2
S 94822774 288 101725 2
S 94833773 288 101730 2
S 94844772 288 101727 2
S 94855772 288 101727 2
S 94866771 288 101724 2
S 94877770 288 101727 2
S 94888770 288 101731 2
S 94899769 288 101730 2
S 94910768 288 101729 2
S 94921768 288 101726 2
S 94932767 288 101730 2
S 94943766 288 101725 2
S 94954766 288 101721 2
S 94965765 288 101726 2
S 94976764 288 101722 2
S 94987764 288 101728 2
S 94998763 288 101729 2
S 95009762 288 101730 2
S 95020761 288 101727 2
S 95031761 288 101724 2
S 95042760 288 101722 2
S 95053759 288 101725 2
S 95064759 288 101724 2
S 95075758 288 101726 2
S 95086757 288 101725 2
S 95097757 288 101730 2
S 95108756 288 101731 2
S 95119755 288 101726 2
S 95130755 288 101727 2
S 95141754 288 101728 2
S 95152753 288 101727 2
S 95163753 288 101727 2
S 95174752 288 101729 2
S 95185751 288 101730 2
S 95196750 288 101729 2
S 95207750 288 101727 2
S 95218749 288 101727 2
S 95229748 288 101727 2
S 95240748 288 101727 2
S 95251747 288 101725 2
S 95262746 288 101727 2
S 95273746 288 101724 2
S 95284745 288 101726 2
S 95295744 288 101724 2
S 95306744 288 101724 2
S 95317743 288 101724 2
S 95328742 288 101724 2
S 95339742 288 101720 2
S 95350741 288 101721 2
S 95361740 288 101724 2
S 95372739 288 101724 2
S 95383739 288 101722 2
S 95394738 288 101727 2
S 95405737 288 101726 2
S 95416737 288 101727 2
S 95427736 288 101729 2
S 95438735 288 101730 2
S 95449735 288 101724 2
S 95460734 288 101727 2
S 95471733 288 101727 2
S 95482733 288 101726 2
S 95493732 288 101727 2
S 95504731 288 101729 2
S 95515731 288 101724 2
S 95526730 288 101727 2
S 95537729 288 101729 2
S 95548728 288 101727 2
S 95559728 288 101728 2
S 95570727 288 101724 2
S 95581726 288 101726 2
S 95592726 288 101726 2
S 95603725 288 101730 2
S 95614724 288 101728 2
S 95625724 288 101726 2
S 95636723 288 101726 2
S 95647722 288 101727 2
S 95663721 288 101732 2
S 95674721 288 101736 2
S 95685720 288 101731 2
S 95696719 288 101734 2
S 95707719 288 101728 2
S 95718718 288 101730 2
S 95729717 288 101732 2
S 95740716 288 101730 2
S 95751716 288 101730 2
S 95762715 288 101733 2
S 95773714 288 101730 2
S 95784714 288 101736 2
S 95795713 288 101735 2
S 95806712 288 101733 2
S 95817712 288 101733 2
S 95828711 288 101730 2
S 95839710 288 101730 2
S 95850710 288 101730 2
S 95861709 288 101731 2
S 95872708 288 101734 2
S 95883708 288 101729 2
S 95894707 288 101735 2
S 95905706 288 101733 2
S 95916705 288 101732 2
S 95927705 288 101728 2
S 95938704 288 101731 2
S 95949703 288 101730 2
S 95960703 288 101730 2
S 95971702 288 101731 2
S 95982701 288 101733 2
S 95993701 288 101736 2
S 96004700 288 101730 2
S 96015699 288 101731 2
S 96026699 288 101735 2
S 96037698 288 101738 2
S 96048697 288 101737 2
S 96059697 288 101732 2
S 96070696 288 101731 2
S 96081695 288 101732 2
S 96092694 288 101731 2
S 96103694 288 101729 2
S 96114693 288 101736 2
S 96125692 288 101734 2
S 96136692 288 101730 2
S 96147691 288 101731 2
S 96158690 288 101734 2
S 96169690 288 101727 2
S 96180689 288 101728 2
S 96191688 288 101730 2
S 96202688 288 101730 2
S 96213687 288 101732 2
S 96224686 288 101734 2
S 96235686 288 101737 2
S 96246685 288 101739 2
S 96257684 288 101737 2
S 96268683 288 101736 2
S 96279683 288 101734 2
S 96290682 288 101736 2
S 96301681 288 101736 2
S 96312681 288 101739 2
S 96323680 288 101735 2
S 96334679 288 101737 2
S 96345679 288 101739 2
S 96356678 288 101736 2
S 96367677 288 101736 2
S 96378677 288 101740 2
S 96389676 288 101738 2
S 96400675 288 101735 2
S 96411675 288 101739 2
S 96422674 288 101738 2
S 96433673 288 101736 2
S 96444672 288 101742 2
S 96455672 288 101736 2
S 96466671 288 101736 2
S 96477670 288 101737 2
S 96488670 288 101733 2
S 96499669 288 101738 2
S 96510668 288 101733 2
S 96521668 288 101733 2
S 96532667 288 101738 2
S 96543666 288 101736 2
S 96554666 288 101733 2
S 96565665 288 101736 2
S 96576664 288 101735 2
S 96587664 288 101735 2
S 96598663 288 101737 2
S 96609662 288 101731 2
S 96620661 288 101738 2
S 96631661 288 101738 2
S 96642660 288 101736 2
S 96653659 288 101735 2
S 96669658 288 101734 2
S 96680658 288 101730 2
S 96691657 288 101731 2
S 96702656 288 101730 2
S 96713656 288 101733 2
S 96724655 288 101727 2
S 96735654 288 101731 2
S 96746654 288 101733 2
S 96757653 288 101729 2
S 96768652 288 101733 2
S 96779652 288 101731 2
S 96790651 288 101726 2
S 96801650 288 101730 2
S 96812649 288 101730 2
S 96823649 288 101726 2
S 96834648 288 101727 2
S 96845647 288 101728 2
S 96856647 288 101730 2
S 96867646 288 101730 2
S 96878645 288 101730 2
S 96889645 288 101728 2
S 96900644 288 101735 2
S 96911643 288 101730 2
S 96922643 288 101733 2
S 96933642 288 101730 2
S 96944641 288 101733 2
S 96955641 288 101735 2
S 96966640 288 101732 2
S 96977639 288 101727 2
S 96988638 288 101730 2
S 96999638 288 101731 2
S 97010637 288 101732 2
S 97021636 288 101731 2
S 97032636 288 101732 2
S 97043635 288 101733 2
S 97054634 288 101733 2
S 97065634 288 101731 2
S 97076633 288 101730 2
S 97087632 288 101734 2
S 97098632 288 101733 2
S 97109631 288 101733 2
S 97120630 288 101728 2
S 97131630 288 101728 2
S 97142629 288 101730 2
S 97153628 288 101730 2
S 97164627 288 101729 2
S 97175627 288 101729 2
S 97186626 288 101735 2
S 97197625 288 101727 2
S 97208625 288 101730 2
S 97219624 288 101732 2
S 97230623 288 101732 2
S 97241623 288 101734 2
S 97252622 288 101733 2
S 97263621 288 101732 2
S 97274621 288 101730 2
S 97285620 288 101733 2
S 97296619 288 101733 2
S 97307619 288 101731 2
S 97318618 288 101732 2
S 97329617 288 101733 2
S 97340616 288 101731 2
S 97351616 288 101729 2
S 97362615 288 101734 2
S 97373614 288 101730 2
S 97384614 288 101733 2
S 97395613 288 101735 2
S 97406612 288 101734 2
S 97417612 288 101730 2
S 97428611 288 101730 2
S 97439610 288 101728 2
S 97450610 288 101733 2
S 97461609 288 101733 2
S 97472608 288 101725 2
S 97483608 288 101727 2
S 97494607 288 101733 2
S 97505606 288 101729 2
S 97516605 288 101728 2
S 97527605 288 101728 2
S 97538604 288 101724 2
S 97549603 288 101722 2
S 97560603 288 101727 2
S 97571602 288 101728 2
S 97582601 288 101735 2
S 97593601 288 101730 2
S 97604600 288 101733 2
S 97615599 288 101733 2
S 97626599 288 101734 2
S 97637598 288 101732 2
S 97648597 288 101730 2
S 97659597 288 101735 2
S 97675596 288 101738 2
S 97686595 288 101732 2
S 97697594 288 101732 2
S 97708593 288 101731 2
S 97719593 288 101733 2
S 97730592 288 101731 2
S 97741591 288 101730 2
S 97752591 288 101730 2
S 97763590 288 101733 2
S 97774589 288 101728 2
S 97785589 288 101724 2
S 97796588 288 101726 2
S 97807587 288 101729 2
S 97818587 288 101734 2
S 97829586 288 101734 2
S 97840585 288 101733 2
S 97851585 288 101731 2
S 97862584 288 101731 2
S 97873583 288 101735 2
S 97884582 288 101733 2
S 97895582 288 101733 2
S 97906581 288 101734 2
S 97917580 288 101734 2
S 97928580 288 101733 2
S 97939579 288 101732 2
S 97950578 288 101736 2
S 97961578 288 101735 2
S 97972577 288 101733 2
S 97983576 288 101733 2
S 97994576 288 101729 2
S 98005575 288 101734 2
S 98016574 288 101737 2
S 98027574 288 101735 2
S 98038573 288 101735 2
S 98049572 288 101730 2
S 98060571 288 101729 2
S 98071571 288 101731 2
S 98082570 288 101729 2
S 98093569 288 101733 2
S 98104569 288 101730 2
S 98115568 288 101734 2
S 98126567 288 101729 2
S 98137567 288 101735 2
S 98148566 288 101735 2
S 98159565 288 101732 2
S 98170565 288 101734 2
S 98181564 288 101737 2
S 98192563 288 101733 2
S 98203563 288 101731 2
S 98214562 288 101733 2
S 98225561 288 101733 2
S 98236560 288 101731 2
S 98247560 288 101730 2
S 98258559 288 101731 2
S 98269558 288 101735 2
S 98280558 288 101733 2
S 98291557 288 101732 2
S 98302556 288 101733 2
S 98313556 288 101730 2
S 98324555 288 101733 2
S 98335554 288 101735 2
S 98346554 288 101735 2
S 98357553 288 101729 2
S 98368552 288 101726 2
S 98379552 288 101726 2
S 98390551 288 101733 2
S 98401550 288 101733 2
S 98412549 288 101728 2
S 98423549 288 101735 2
S 98434548 288 101733 2
S 98445547 288 101729 2
S 98456547 288 101733 2
S 98467546 288 101734 2
S 98478545 288 101731 2
S 98489545 288 101737 2
S 98500544 288 101733 2
S 98511543 288 101734 2
S 98522543 288 101733 2
S 98533542 288 101733 2
S 98544541 288 101730 2
S 98555541 288 101732 2
S 98566540 288 101731 2
S 98577539 288 101735 2
S 98588538 288 101733 2
S 98599538 288 101730 2
S 98610537 288 101730 2
S 98621536 288 101736 2
S 98632536 288 101733 2
S 98643535 288 101731 2
S 98654534 288 101735 2
S 98665534 288 101738 2
S 98681533 288 101734 2
S 98692532 288 101732 2
S 98703531 288 101736 2
S 98714531 288 101733 2
S 98725530 288 101733 2
S 98736529 288 101733 2
S 98747529 288 101733 2
S 98758528 288 101737 2
S 98769527 288 101733 2
S 98780526 288 101732 2
S 98791526 288 101734 2
S 98802525 288 101734 2
S 98813524 288 101733 2
S 98824524 288 101731 2
S 98835523 288 101736 2
S 98846522 288 101729 2
S 98857522 288 101730 2
S 98868521 288 101738 2
S 98879520 288 101734 2
S 98890520 288 101738 2
S 98901519 288 101735 2
S 98912518 288 101734 2
S 98923518 288 101734 2
S 98934517 288 101736 2
S 98945516 288 101735 2
S 98956515 288 101735 2
S 98967515 288 101734 2
S 98978514 288 101735 2
S 98989513 288 101732 2
S 99000514 288 101733 2
S 99011512 288 101735 2
S 99022511 288 101738 2
S 99033511 288 101735 2
S 99044510 288 101734 2
S 99055509 288 101735 2
S 99066509 288 101735 2
S 99077508 288 101733 2
S 99088507 288 101735 2
S 99099507 288 101737 2
S 99110506 288 101734 2
S 99121505 288 101733 2
S 99132504 288 101731 2
S 99143504 288 101735 2
S 99154503 288 101737 2
S 99165502 288 101733 2
S 99176502 288 101733 2
S 99187501 288 101734 2
S 99198500 288 101727 2
S 99209500 288 101731 2
S 99220499 288 101732 2
S 99231498 288 101730 2
S 99242498 288 101738 2
S 99253497 288 101735 2
S 99264496 288 101731 2
S 99275496 288 101731 2
S 99286495 288 101733 2
S 99297494 288 101735 2
S 99308493 288 101735 2
S 99319493 288 101733 2
S 99330492 288 101735 2
S 99341491 288 101739 2
S 99352491 288 101733 2
S 99363490 288 101733 2
S 99374489 288 101733 2
S 99385489 288 101730 2
S 99396488 288 101727 2
S 99407487 288 101733 2
S 99418487 288 101733 2
S 99429486 288 101735 2
S 99440485 288 101730 2
S 99451485 288 101733 2
S 99462484 288 101731 2
S 99473483 288 101733 2
S 99484482 288 101727 2
S 99495482 288 101730 2
S 99506481 288 101733 2
S 99517480 288 101733 2
S 99528480 288 101731 2
S 99539479 288 101730 2
S 99550478 288 101732 2
S 99561478 288 101733 2
S 99572477 288 101729 2
S 99583476 288 101728 2
S 99594476 288 101729 2
S 99605475 288 101726 2
S 99616474 288 101733 2
S 99627474 288 101736 2
S 99638473 288 101729 2
S 99649472 288 101730 2
S 99660471 288 101730 2
S 99671471 288 101734 2
S 99687470 288 101734 2
S 99698469 288 101734 2
S 99709468 288 101736 2
S 99720468 288 101729 2
S 99731467 288 101730 2
S 99742466 288 101732 2
S 99753466 288 101730 2
S 99764465 288 101731 2
S 99775464 288 101734 2
S 99786464 288 101733 2
S 99797463 288 101736 2
S 99808462 288 101732 2
S 99819462 288 101733 2
S 99830461 288 101733 2
S 99841460 288 101730 2
S 99852459 288 101734 2
S 99863459 288 101735 2
S 99874458 288 101738 2
S 99885457 288 101733 2
S 99896457 288 101734 2
S 99907456 288 101733 2
S 99918455 288 101730 2
S 99929455 288 101731 2
S 99940454 288 101730 2
S 99951453 288 101733 2
S 99962453 288 101733 2
S 99973452 288 101734 2
S 99984451 288 101735 2
S 99995451 288 101732 2
S 100006450 288 101731 2
S 100017449 288 101730 2
S 100028448 288 101733 2
S 100039448 288 101730 2
S 100050447 288 101733 2
S 100061446 288 101733 2
S 100072446 288 101735 2
S 100083445 288 101735 2
S 100094444 288 101734 2
S 100105444 288 101732 2
S 100116443 288 101733 2
S 100127442 288 101730 2
S 100138442 288 101731 2
S 100149441 288 101731 2
S 100160440 288 101730 2
S 100171440 288 101735 2
S 100182439 288 101730 2
S 100193438 288 101730 2
S 100204437 288 101731 2
S 100215437 288 101734 2
S 100226436 288 101727 2
S 100237435 288 101732 2
S 100248435 288 101734 2
S 100259434 288 101730 2
S 100270433 288 101735 2
S 100281433 288 101734 2
S 100292432 288 101732 2
S 100303431 288 101732 2
S 100314431 288 101735 2
S 100325430 288 101734 2
S 100336429 288 101737 2
S 100347429 288 101734 2
S 100358428 288 101732 2
S 100369427 288 101735 2
S 100380426 288 101735 2
S 100391426 288 101733 2
S 100402425 288 101733 2
S 100413424 288 101731 2
S 100424424 288 101736 2
S 100435423 288 101734 2
S 100446422 288 101738 2
S 100457422 288 101735 2
S 100468421 288 101730 2
S 100479420 288 101732 2
S 100490420 288 101733 2
S 100501419 288 101730 2
S 100512418 288 101730 2
S 100523418 288 101731 2
S 100534417 288 101730 2
S 100545416 288 101732 2
S 100556415 288 101730 2
S 100567415 288 101730 2
S 100578414 288 101735 2
S 100589413 288 101731 2
S 100600413 288 101732 2
S 100611412 288 101731 2
S 100622411 288 101730 2
S 100633411 288 101729 2
S 100644410 288 101732 2
S 100655409 288 101729 2
S 100666409 288 101731 2
S 100677408 288 101730 2
S 100693407 288 101734 2
S 100704406 288 101730 2
S 100715406 288 101733 2
S 100726405 288 101734 2
S 100737404 288 101731 2
S 100748403 288 101736 2
S 100759403 288 101736 2
S 100770402 288 101733 2
S 100781401 288 101733 2
S 100792401 288 101731 2
S 100803400 288 101736 2
S 100814399 288 101730 2
S 100825399 288 101730 2
S 100836398 288 101733 2
S 100847397 288 101730 2
S 100858397 288 101732 2
S 100869396 288 101730 2
S 100880395 288 101733 2
S 100891395 288 101730 2
S 100902394 288 101730 2
S 100913393 288 101729 2
S 100924392 288 101730 2
S 100935392 288 101733 2
S 100946391 288 101728 2
S 100957390 288 101726 2
S 100968390 288 101729 2
S 100979389 288 101728 2
S 100990388 288 101729 2
S 101001388 288 101731 2
S 101012387 288 101728 2
S 101023386 288 101727 2
S 101034386 288 101729 2
S 101045385 288 101727 2
S 101056384 288 101730 2
S 101067384 288 101727 2
S 101078383 288 101727 2
S 101089382 288 101727 2
S 101100381 288 101727 2
S 101111381 288 101732 2
S 101122380 288 101730 2
S 101133379 288 101733 2
S 101144379 288 101733 2
S 101155378 288 101731 2
S 101166377 288 101727 2
S 101177377 288 101729 2
S 101188376 288 101728 2
S 101199375 288 101730 2
S 101210375 288 101730 2
S 101221374 288 101728 2
S 101232373 288 101728 2
S 101243373 288 101723 2
S 101254372 288 101727 2
S 101265371 288 101728 2
S 101276370 288 101733 2
S 101287370 288 101730 2
S 101298369 288 101727 2
S 101309368 288 101728 2
S 101320368 288 101726 2
S 101331367 288 101726 2
S 101342366 288 101724 2
S 101353366 288 101724 2
S 101364365 288 101727 2
S 101375364 288 101730 2
S 101386364 288 101727 2
S 101397363 288 101730 2
S 101408362 288 101725 2
S 101419362 288 101729 2
S 101430361 288 101729 2
S 101441360 288 101726 2
S 101452359 288 101729 2
S 101463359 288 101730 2
S 101474358 288 101730 2
S 101485357 288 101730 2
S 101496357 288 101729 2
S 101507356 288 101730 2
S 101518355 288 101733 2
S 101529355 288 101726 2
S 101540354 288 101730 2
S 101551353 288 101728 2
S 101562353 288 101732 2
S 101573352 288 101730 2
S 101584351 288 101728 2
S 101595351 288 101735 2
S 101606350 288 101730 2
S 101617349 288 101731 2
S 101628348 288 101725 2
S 101639348 288 101726 2
S 101650347 288 101733 2
S 101661346 288 101731 2
S 101672346 288 101731 2
S 101683345 288 101727 2
S 101699344 288 101734 2
S 101710343 288 101735 2
S 101721343 288 101733 2
S 101732342 288 101732 2
S 101743341 288 101730 2
S 101754341 288 101727 2
S 101765340 288 101729 2
S 101776339 288 101730 2
S 101787339 288 101728 2
S 101798338 288 101731 2
S 101809337 288 101730 2
S 101820336 288 101732 2
S 101831336 288 101727 2
S 101842335 288 101733 2
S 101853334 288 101733 2
S 101864334 288 101731 2
S 101875333 288 101730 2
S 101886332 288 101731 2
S 101897332 288 101730 2
S 101908331 288 101730 2
S 101919330 288 101731 2
S 101930330 288 101728 2
S 101941329 288 101727 2
S 101952328 288 101730 2
S 101963328 288 101729 2
S 101974327 288 101735 2
S 101985326 288 101733 2
S 101996325 288 101734 2
S 102007325 288 101733 2
S 102018324 288 101727 2
S 102029323 288 101731 2
S 102040323 288 101730 2
S 102051322 288 101730 2
S 102062321 288 101732 2
S 102073321 288 101735 2
S 102084320 288 101731 2
S 102095319 288 101731 2
S 102106319 288 101733 2
S 102117318 288 101737 2
S 102128317 288 101733 2
S 102139317 288 101737 2
S 102150316 288 101734 2
S 102161315 288 101735 2
S 102172314 288 101738 2
S 102183314 288 101733 2
S 102194313 288 101733 2
S 102205312 288 101738 2
S 102216312 288 101735 2
S 102227311 288 101730 2
S 102238310 288 101735 2
S 102249310 288 101733 2
S 102260309 288 101735 2
S 102271308 288 101736 2
S 102282308 288 101733 2
S 102293307 288 101740 2
S 102304306 288 101735 2
S 102315306 288 101739 2
S 102326305 288 101736 2
S 102337304 288 101734 2
S 102348303 288 101734 2
S 102359303 288 101730 2
S 102370302 288 101734 2
S 102381301 288 101735 2
S 102392301 288 101734 2
S 102403300 288 101732 2
S 102414299 288 101728 2
S 102425299 288 101733 2
S 102436298 288 101733 2
S 102447297 288 101733 2
S 102458297 288 101729 2
S 102469296 288 101731 2
S 102480295 288 101734 2
S 102491295 288 101731 2
S 102502294 288 101733 2
S 102513293 288 101730 2
S 102524292 288 101727 2
S 102535292 288 101729 2
S 102546291 288 101730 2
S 102557290 288 101729 2
S 102568290 288 101730 2
S 102579289 288 101728 2
S 102590288 288 101731 2
S 102601288 288 101736 2
S 102612287 288 101732 2
S 102623286 288 101727 2
S 102634286 288 101724 2
S 102645285 288 101730 2
S 102656284 288 101733 2
S 102667284 288 101733 2
S 102678283 288 101734 2
S 102689282 288 101734 2
S 102705281 288 101732 2
S 102716280 288 101731 2
S 102727280 288 101728 2
S 102738279 288 101730 2
S 102749278 288 101728 2
S 102760278 288 101730 2
S 102771277 288 101733 2
S 102782276 288 101733 2
S 102793276 288 101732 2
S 102804275 288 101731 2
S 102815274 288 101732 2
S 102826274 288 101732 2
S 102837273 288 101733 2
S 102848272 288 101735 2
S 102859272 288 101728 2
S 102870271 288 101732 2
S 102881270 288 101733 2
S 102892269 288 101734 2
S 102903269 288 101729 2
S 102914268 288 101733 2
S 102925267 288 101730 2
S 102936267 288 101729 2
S 102947266 288 101731 2
S 102958265 288 101728 2
S 102969265 288 101735 2
S 102980264 288 101732 2
S 102991263 288 101735 2
S 103002263 288 101733 2
S 103013262 288 101733 2
S 103024261 288 101735 2
S 103035261 288 101732 2
S 103046260 288 101732 2
S 103057259 288 101733 2
S 103068258 288 101734 2
S 103079258 288 101735 2
S 103090257 288 101730 2
S 103101256 288 101737 2
S 103112256 288 101734 2
S 103123255 288 101735 2
S 103134254 288 101732 2
S 103145254 288 101733 2
S 103156253 288 101735 2
S 103167252 288 101733 2
S 103178252 288 101733 2
S 103189251 288 101731 2
S 103200250 288 101733 2
S 103211250 288 101729 2
S 103222249 288 101735 2
S 103233248 288 101731 2
S 103244247 288 101727 2
S 103255247 288 101730 2
S 103266246 288 101730 2
S 103277245 288 101730 2
S 103288245 288 101732 2
S 103299244 288 101733 2
S 103310243 288 101732 2
S 103321243 288 101736 2
S 103332242 288 101735 2
S 103343241 288 101732 2
S 103354241 288 101735 2
S 103365240 288 101734 2
S 103376239 288 101728 2
S 103387239 288 101727 2
S 103398238 288 101733 2
S 103409237 288 101729 2
S 103420236 288 101734 2
S 103431236 288 101732 2
S 103442235 288 101733 2
S 103453234 288 101731 2
S 103464234 288 101733 2
S 103475233 288 101734 2
S 103486232 288 101731 2
S 103497232 288 101732 2
S 103508231 288 101731 2
S 103519230 288 101734 2
S 103530230 288 101733 2
S 103541229 288 101736 2
S 103552228 288 101729 2
S 103563228 288 101729 2
S 103574227 288 101733 2
S 103585226 288 101733 2
S 103596225 288 101730 2
S 103607225 288 101729 2
S 103618224 288 101727 2
S 103629223 288 101730 2
S 103640223 288 101730 2
S 103651222 288 101728 2
S 103662221 288 101731 2
S 103673221 288 101732 2
S 103684220 288 101730 2
S 103695219 288 101730 2
S 103711218 288 101731 2
S 103722218 288 101733 2
S 103733217 288 101730 2
S 103744216 288 101733 2
S 103755216 288 101730 2
S 103766215 288 101735 2
S 103777214 288 101734 2
S 103788213 288 101734 2
S 103799213 288 101735 2
S 103810212 288 101731 2
S 103821211 288 101733 2
S 103832211 288 101735 2
S 103843210 288 101735 2
S 103854209 288 101731 2
S 103865209 288 101731 2
S 103876208 288 101734 2
S 103887207 288 101733 2
S 103898207 288 101735 2
S 103909206 288 101733 2
S 103920205 288 101735 2
S 103931205 288 101736 2
S 103942204 288 101729 2
S 103953203 288 101732 2
S 103964202 288 101734 2
S 103975202 288 101730 2
S 103986201 288 101735 2
S 103997200 288 101732 2
S 104008200 288 101728 2
S 104019199 288 101730 2
S 104030198 288 101732 2
S 104041198 288 101733 2
S 104052197 288 101730 2
S 104063196 288 101733 2
S 104074196 288 101729 2
S 104085195 288 101731 2
S 104096194 288 101733 2
S 104107194 288 101730 2
S 104118193 288 101730 2
S 104129192 288 101730 2
S 104140191 288 101734 2
S 104151191 288 101733 2
S 104162190 288 101731 2
S 104173189 288 101728 2
S 104184189 288 101730 2
S 104195188 288 101730 2
S 104206187 288 101726 2
S 104217187 288 101728 2
S 104228186 288 101729 2
S 104239185 288 101730 2
S 104250185 288 101730 2
S 104261184 288 101725 2
S 104272183 288 101731 2
S 104283183 288 101728 2
S 104294182 288 101731 2
S 104305181 288 101730 2
S 104316180 288 101726 2
S 104327180 288 101730 2
S 104338179 288 101730 2
S 104349178 288 101730 2
S 104360178 288 101730 2
S 104371177 288 101730 2
S 104382176 288 101730 2
S 104393176 288 101733 2
S 104404175 288 101731 2
S 104415174 288 101730 2
S 104426174 288 101729 2
S 104437173 288 101730 2
S 104448172 288 101728 2
S 104459172 288 101731 2
S 104470171 288 101728 2
S 104481170 288 101727 2
S 104492169 288 101733 2
S 104503169 288 101731 2
S 104514168 288 101733 2
S 104525167 288 101735 2
S 104536167 288 101733 2
S 104547166 288 101732 2
S 104558165 288 101736 2
S 104569165 288 101735 2
S 104580164 288 101735 2
S 104591163 288 101728 2
S 104602163 288 101732 2
S 104613162 288 101735 2
S 104624161 288 101733 2
S 104635161 288 101733 2
S 104646160 288 101734 2
S 104657159 288 101735 2
S 104668158 288 101737 2
S 104679158 288 101739 2
S 104690157 288 101739 2
S 104701156 288 101741 2
S 104717155 288 101741 2
S 104728155 288 101743 2
S 104739154 288 101744 2
S 104750153 288 101741 2
S 104761153 288 101738 2
S 104772152 288 101737 2
S 104783151 288 101741 2
S 104794151 288 101739 2
S 104805150 288 101738 2
S 104816149 288 101738 2
S 104827149 288 101737 2
S 104838148 288 101739 2
S 104849147 288 101738 2
S 104860146 288 101738 2
S 104871146 288 101742 2
S 104882145 288 101739 2
S 104893144 288 101740 2
S 104904144 288 101743 2
S 104915143 288 101738 2
S 104926142 288 101741 2
S 104937142 288 101739 2
S 104948141 288 101744 2
S 104959140 288 101738 2
S 104970140 288 101739 2
S 104981139 288 101734 2
S 104992138 288 101738 2
S 105003138 288 101737 2
S 105014137 288 101736 2
S 105025136 288 101736 2
S 105036135 288 101738 2
S 105047135 288 101738 2
S 105058134 288 101733 2
S 105069133 288 101734 2
S 105080133 288 101737 2
S 105091132 288 101738 2
S 105102131 288 101739 2
S 105113131 288 101736 2
S 105124130 288 101732 2
S 105135129 288 101736 2
S 105146129 288 101738 2
S 105157128 288 101734 2
S 105168127 288 101735 2
S 105179127 288 101733 2
S 105190126 288 101730 2
S 105201125 288 101738 2
S 105212124 288 101736 2
S 105223124 288 101735 2
S 105234123 288 101734 2
S 105245122 288 101735 2
S 105256122 288 101736 2
S 105267121 288 101733 2
S 105278120 288 101733 2
S 105289120 288 101737 2
S 105300119 288 101741 2
S 105311118 288 101733 2
S 105322118 288 101738 2
S 105333117 288 101732 2
S 105344116 288 101737 2
S 105355116 288 101737 2
S 105366115 288 101731 2
S 105377114 288 101730 2
S 105388113 288 101734 2
S 105399113 288 101733 2
S 105410112 288 101734 2
S 105421111 288 101737 2
S 105432111 288 101731 2
S 105443110 288 101733 2
S 105454109 288 101736 2
S 105465109 288 101733 2
S 105476108 288 101736 2
S 105487107 288 101736 2
S 105498107 288 101736 2
S 105509106 288 101736 2
S 105520105 288 101735 2
S 105531105 288 101738 2
S 105542104 288 101735 2
S 105553103 288 101740 2
S 105564102 288 101740 2
S 105575102 288 101736 2
S 105586101 288 101737 2
S 105597100 288 101734 2
S 105608100 288 101733 2
S 105619099 288 101736 2
S 105630098 288 101733 2
S 105641098 288 101740 2
S 105652097 288 101739 2
S 105663096 288 101735 2
S 105674096 288 101732 2
S 105685095 288 101736 2
S 105696094 288 101738 2
S 105707094 288 101734 2
S 105723093 288 101735 2
S 105734092 288 101735 2
S 105745091 288 101735 2
S 105756090 288 101735 2
S 105767090 288 101735 2
S 105778089 288 101732 2
S 105789088 288 101733 2
S 105800088 288 101735 2
S 105811087 288 101738 2
S 105822086 288 101741 2
S 105833086 288 101736 2
S 105844085 288 101740 2
S 105855084 288 101739 2
S 105866084 288 101738 2
S 105877083 288 101733 2
S 105888082 288 101731 2
S 105899082 288 101734 2
S 105910081 288 101735 2
S 105921080 288 101735 2
S 105932079 288 101734 2
S 105943079 288 101738 2
S 105954078 288 101737 2
S 105965077 288 101735 2
S 105976077 288 101736 2
S 105987076 288 101734 2
S 105998075 288 101736 2
S 106009075 288 101735 2
S 106020074 288 101736 2
S 106031073 288 101734 2
S 106042073 288 101739 2
S 106053072 288 101733 2
S 106064071 288 101735 2
S 106075071 288 101740 2
S 106086070 288 101737 2
S 106097069 288 101738 2
S 106108068 288 101736 2
S 106119068 288 101738 2
S 106130067 288 101738 2
S 106141066 288 101742 2
S 106152066 288 101735 2
S 106163065 288 101737 2
S 106174064 288 101738 2
S 106185064 288 101738 2
S 106196063 288 101738 2
S 106207062 288 101739 2
S 106218062 288 101735 2
S 106229061 288 101736 2
S 106240060 288 101738 2
S 106251060 288 101738 2
S 106262059 288 101739 2
S 106273058 288 101742 2
S 106284057 288 101733 2
S 106295057 288 101737 2
S 106306056 288 101733 2
S 106317055 288 101735 2
S 106328055 288 101736 2
S 106339054 288 101733 2
S 106350053 288 101735 2
S 106361053 288 101735 2
S 106372052 288 101738 2
S 106383051 288 101739 2
S 106394051 288 101733 2
S 106405050 288 101734 2
S 106416049 288 101735 2
S 106427049 288 101736 2
S 106438048 288 101733 2
S 106449047 288 101731 2
S 106460046 288 101737 2
S 106471046 288 101734 2
S 106482045 288 101736 2
S 106493044 288 101732 2
S 106504044 288 101735 2
S 106515043 288 101733 2
S 106526042 288 101736 2
S 106537042 288 101734 2
S 106548041 288 101732 2
S 106559040 288 101734 2
S 106570040 288 101730 2
S 106581039 288 101733 2
S 106592038 288 101735 2
S 106603038 288 101733 2
S 106614037 288 101734 2
S 106625036 288 101735 2
S 106636035 288 101736 2
S 106647035 288 101735 2
S 106658034 288 101733 2
S 106669033 288 101731 2
S 106680033 288 101735 2
S 106691032 288 101735 2
S 106702031 288 101732 2
S 106713031 288 101732 2
S 106729030 288 101738 2
S 106740029 288 101736 2
S 106751028 288 101735 2
S 106762028 288 101729 2
S 106773027 288 101733 2
S 106784026 288 101733 2
S 106795026 288 101735 2
S 106806025 288 101731 2
S 106817024 288 101737 2
S 106828023 288 101737 2
S 106839023 288 101735 2
S 106850022 288 101737 2
S 106861021 288 101730 2
S 106872021 288 101735 2
S 106883020 288 101729 2
S 106894019 288 101733 2
S 106905019 288 101733 2
S 106916018 288 101734 2
S 106927017 288 101735 2
S 106938017 288 101732 2
S 106949016 288 101731 2
S 106960015 288 101730 2
S 106971015 288 101732 2
S 106982014 288 101733 2
S 106993013 288 101734 2
S 107004012 288 101733 2
S 107015012 288 101731 2
S 107026011 288 101731 2
S 107037010 288 101730 2
S 107048010 288 101732 2
S 107059009 288 101737 2
S 107070008 288 101733 2
S 107081008 288 101733 2
S 107092007 288 101738 2
S 107103006 288 101735 2
S 107114006 288 101735 2
S 107125005 288 101731 2
S 107136004 288 101733 2
S 107147004 288 101732 2
S 107158003 288 101735 2
S 107169002 288 101734 2
S 107180001 288 101734 2
S 107191001 288 101735 2
S 107202000 288 101735 2
S 107212999 288 101735 2
S 107223999 288 101738 2
S 107234998 288 101732 2
S 107245997 288 101735 2
S 107256997 288 101739 2
S 107267996 288 101734 2
S 107278995 288 101734 2
S 107289995 288 101733 2
S 107300994 288 101736 2
S 107311993 288 101733 2
S 107322993 288 101733 2
S 107333992 288 101735 2
S 107344991 288 101741 2
S 107355990 288 101733 2
S 107366990 288 101735 2
S 107377989 288 101735 2
S 107388988 288 101735 2
S 107399988 288 101734 2
S 107410987 288 101733 2
S 107421986 288 101733 2
S 107432986 288 101732 2
S 107443985 288 101734 2
S 107454984 288 101734 2
S 107465984 288 101741 2
S 107476983 288 101733 2
S 107487982 288 101735 2
S 107498982 288 101737 2
S 107509981 288 101732 2
S 107520980 288 101733 2
S 107531979 288 101732 2
S 107542979 288 101735 2
S 107553978 288 101738 2
S 107564977 288 101735 2
S 107575977 288 101733 2
S 107586976 288 101735 2
S 107597975 288 101735 2
S 107608975 288 101733 2
S 107619974 288 101735 2
S 107630973 288 101731 2
S 107641973 288 101734 2
S 107652972 288 101731 2
S 107663971 288 101730 2
S 107674971 288 101733 2
S 107685970 288 101735 2
S 107696969 288 101738 2
S 107707968 288 101737 2
S 107718968 288 101734 2
S 107734967 288 101741 2
S 107745966 288 101734 2
S 107756965 288 101736 2
S 107767965 288 101736 2
S 107778964 288 101735 2
S 107789963 288 101738 2
S 107800963 288 101741 2
S 107811962 288 101741 2
S 107822961 288 101736 2
S 107833961 288 101733 2
S 107844960 288 101730 2
S 107855959 288 101738 2
S 107866959 288 101734 2
S 107877958 288 101733 2
S 107888957 288 101732 2
S 107899956 288 101733 2
S 107910956 288 101734 2
S 107921955 288 101733 2
S 107932954 288 101737 2
S 107943954 288 101732 2
S 107954953 288 101734 2
S 107965952 288 101736 2
S 107976952 288 101734 2
S 107987951 288 101731 2
S 107998950 288 101736 2
S 108009950 288 101734 2
S 108020949 288 101735 2
S 108031948 288 101737 2
S 108042948 288 101738 2
S 108053947 288 101731 2
S 108064946 288 101736 2
S 108075945 288 101735 2
S 108086945 288 101737 2
S 108097944 288 101736 2
S 108108943 288 101734 2
S 108119943 288 101738 2
S 108130942 288 101738 2
S 108141941 288 101740 2
S 108152941 288 101733 2
S 108163940 288 101730 2
S 108174939 288 101740 2
S 108185939 288 101736 2
S 108196938 288 101733 2
S 108207937 288 101736 2
S 108218937 288 101740 2
S 108229936 288 101734 2
S 108240935 288 101734 2
S 108251934 288 101735 2
S 108262934 288 101738 2
S 108273933 288 101733 2
S 108284932 288 101736 2
S 108295932 288 101737 2
S 108306931 288 101733 2
S 108317930 288 101737 2
S 108328930 288 101740 2
S 108339929 288 101737 2
S 108350928 288 101735 2
S 108361928 288 101733 2
S 108372927 288 101736 2
S 108383926 288 101736 2
S 108394926 288 101738 2
S 108405925 288 101736 2
S 108416924 288 101734 2
S 108427923 288 101737 2
S 108438923 288 101736 2
S 108449922 288 101733 2
S 108460921 288 101737 2
S 108471921 288 101736 2
S 108482920 288 101734 2
S 108493919 288 101736 2
S 108504919 288 101734 2
S 108515918 288 101733 2
S 108526917 288 101734 2
S 108537917 288 101735 2
S 108548916 288 101740 2
S 108559915 288 101738 2
S 108570915 288 101741 2
S 108581914 288 101739 2
S 108592913 288 101737 2
S 108603912 288 101743 2
S 108614912 288 101743 2
S 108625911 288 101738 2
S 108636910 288 101740 2
S 108647910 288 101744 2
S 108658909 288 101740 2
S 108669908 288 101733 2
S 108680908 288 101736 2
S 108691907 288 101738 2
S 108702906 288 101737 2
S 108713906 288 101738 2
S 108724905 288 101739 2
S 108740904 288 101736 2
S 108751903 288 101740 2
S 108762903 288 101732 2
S 108773902 288 101734 2
S 108784901 288 101735 2
S 108795900 288 101736 2
S 108806900 288 101733 2
S 108817899 288 101735 2
S 108828898 288 101734 2
S 108839898 288 101735 2
S 108850897 288 101732 2
S 108861896 288 101733 2
S 108872896 288 101733 2
S 108883895 288 101732 2
S 108894894 288 101731 2
S 108905894 288 101734 2
S 108916893 288 101734 2
S 108927892 288 101740 2
S 108938892 288 101735 2
S 108949891 288 101733 2
S 108960890 288 101735 2
S 108971889 288 101730 2
S 108982889 288 101735 2
S 108993888 288 101735 2
S 109004887 288 101735 2
S 109015887 288 101737 2
S 109026886 288 101734 2
S 109037885 288 101733 2
S 109048885 288 101731 2
S 109059884 288 101730 2
S 109070883 288 101737 2
S 109081883 288 101734 2
S 109092882 288 101730 2
S 109103881 288 101737 2
S 109114881 288 101733 2
S 109125880 288 101735 2
S 109136879 288 101735 2
S 109147878 288 101734 2
S 109158878 288 101735 2
S 109169877 288 101735 2
S 109180876 288 101733 2
S 109191876 288 101735 2
S 109202875 288 101735 2
S 109213874 288 101736 2
S 109224874 288 101736 2
S 109235873 288 101735 2
S 109246872 288 101733 2
S 109257872 288 101733 2
S 109268871 288 101733 2
S 109279870 288 101732 2
S 109290870 288 101734 2
S 109301869 288 101734 2
S 109312868 288 101733 2
S 109323867 288 101732 2
S 109334867 288 101732 2
S 109345866 288 101729 2
S 109356865 288 101731 2
S 109367865 288 101732 2
S 109378864 288 101735 2
S 109389863 288 101733 2
S 109400863 288 101732 2
S 109411862 288 101734 2
S 109422861 288 101734 2
S 109433861 288 101733 2
S 109444860 288 101730 2
S 109455859 288 101733 2
S 109466859 288 101735 2
S 109477858 288 101735 2
S 109488857 288 101734 2
S 109499856 288 101733 2
S 109510856 288 101735 2
S 109521855 288 101733 2
S 109532854 288 101732 2
S 109543854 288 101735 2
S 109554853 288 101735 2
S 109565852 288 101735 2
S 109576852 288 101737 2
S 109587851 288 101736 2
S 109598850 288 101737 2
S 109609850 288 101732 2
S 109620849 288 101734 2
S 109631848 288 101735 2
S 109642848 288 101735 2
S 109653847 288 101733 2
S 109664846 288 101735 2
S 109675845 288 101738 2
S 109686845 288 101733 2
S 109697844 288 101738 2
S 109708843 288 101733 2
S 109719843 288 101733 2
S 109730842 288 101738 2
S 109746841 288 101738 2
S 109757840 288 101735 2
S 109768840 288 101733 2
S 109779839 288 101736 2
S 109790838 288 101742 2
S 109801838 288 101738 2
S 109812837 288 101736 2
S 109823836 288 101735 2
S 109834836 288 101740 2
S 109845835 288 101736 2
S 109856834 288 101734 2
S 109867833 288 101734 2
S 109878833 288 101737 2
S 109889832 288 101737 2
S 109900831 288 101735 2
S 109911831 288 101730 2
S 109922830 288 101732 2
S 109933829 288 101734 2
S 109944829 288 101734 2
S 109955828 288 101730 2
S 109966827 288 101733 2
S 109977827 288 101738 2
S 109988826 288 101737 2
S 109999825 288 101742 2
S 110010825 288 101738 2
S 110021824 288 101735 2
S 110032823 288 101738 2
S 110043822 288 101740 2
S 110054822 288 101738 2
S 110065821 288 101733 2
S 110076820 288 101734 2
S 110087820 288 101738 2
S 110098819 288 101738 2
S 110109818 288 101735 2
S 110120818 288 101737 2
S 110131817 288 101732 2
S 110142816 288 101733 2
S 110153816 288 101733 2
S 110164815 288 101732 2
S 110175814 288 101730 2
S 110186814 288 101733 2
S 110197813 288 101733 2
S 110208812 288 101735 2
S 110219811 288 101735 2
S 110230811 288 101734 2
S 110241810 288 101735 2
S 110252809 288 101732 2
S 110263809 288 101734 2
S 110274808 288 101740 2
S 110285807 288 101733 2
S 110296807 288 101734 2
S 110307806 288 101737 2
S 110318805 288 101738 2
S 110329805 288 101739 2
S 110340804 288 101739 2
S 110351803 288 101744 2
S 110362803 288 101740 2
S 110373802 288 101734 2
S 110384801 288 101730 2
S 110395800 288 101734 2
S 110406800 288 101730 2
S 110417799 288 101733 2
S 110428798 288 101735 2
S 110439798 288 101738 2
S 110450797 288 101733 2
S 110461796 288 101732 2
S 110472796 288 101734 2
S 110483795 288 101730 2
S 110494794 288 101732 2
S 110505794 288 101735 2
S 110516793 288 101732 2
S 110527792 288 101735 2
S 110538792 288 101736 2
S 110549791 288 101731 2
S 110560790 288 101733 2
S 110571789 288 101732 2
S 110582789 288 101733 2
S 110593788 288 101730 2
S 110604787 288 101733 2
S 110615787 288 101735 2
S 110626786 288 101738 2
S 110637785 288 101734 2
S 110648785 288 101733 2
S 110659784 288 101735 2
S 110670783 288 101734 2
S 110681783 288 101733 2
S 110692782 288 101732 2
S 110703781 288 101727 2
S 110714781 288 101733 2
S 110725780 288 101734 2
S 110736779 288 101738 2
S 110752778 288 101733 2
S 110763777 288 101734 2
S 110774777 288 101735 2
S 110785776 288 101730 2
S 110796775 288 101733 2
S 110807775 288 101733 2
S 110818774 288 101733 2
S 110829773 288 101733 2
S 110840773 288 101735 2
S 110851772 288 101735 2
S 110862771 288 101734 2
S 110873771 288 101736 2
S 110884770 288 101737 2
S 110895769 288 101735 2
S 110906769 288 101733 2
S 110917768 288 101731 2
S 110928767 288 101731 2
S 110939766 288 101730 2
S 110950766 288 101734 2
S 110961765 288 101731 2
S 110972764 288 101733 2
S 110983764 288 101738 2
S 110994763 288 101739 2
S 111005762 288 101735 2
S 111016762 288 101736 2
S 111027761 288 101735 2
S 111038760 288 101728 2
S 111049760 288 101735 2
S 111060759 288 101734 2
S 111071758 288 101732 2
S 111082758 288 101733 2
S 111093757 288 101728 2
S 111104756 288 101728 2
S 111115755 288 101734 2
S 111126755 288 101730 2
S 111137754 288 101734 2
S 111148753 288 101730 2
S 111159753 288 101730 2
S 111170752 288 101730 2
S 111181751 288 101731 2
S 111192751 288 101726 2
S 111203750 288 101732 2
S 111214749 288 101728 2
S 111225749 288 101732 2
S 111236748 288 101735 2
S 111247747 288 101727 2
S 111258747 288 101730 2
S 111269746 288 101730 2
S 111280745 288 101727 2
S 111291744 288 101733 2
S 111302744 288 101737 2
S 111313743 288 101734 2
S 111324742 288 101737 2
S 111335742 288 101741 2
S 111346741 288 101735 2
S 111357740 288 101736 2
S 111368740 288 101738 2
S 111379739 288 101730 2
S 111390738 288 101737 2
S 111401738 288 101733 2
S 111412737 288 101737 2
S 111423736 288 101735 2
S 111434736 288 101738 2
S 111445735 288 101738 2
S 111456734 288 101741 2
S 111467733 288 101735 2
S 111478733 288 101729 2
S 111489732 288 101731 2
S 111500731 288 101732 2
S 111511731 288 101737 2
S 111522730 288 101735 2
S 111533729 288 101740 2
S 111544729 288 101743 2
S 111555728 288 101735 2
S 111566727 288 101733 2
S 111577727 288 101728 2
S 111588726 288 101733 2
S 111599725 288 101732 2
S 111610725 288 101733 2
S 111621724 288 101731 2
S 111632723 288 101734 2
S 111643722 288 101733 2
S 111654722 288 101734 2
S 111665721 288 101736 2
S 111676720 288 101735 2
S 111687720 288 101738 2
S 111698719 288 101735 2
S 111709718 288 101735 2
S 111720718 288 101734 2
S 111731717 288 101728 2
S 111742716 288 101736 2
S 111758715 288 101735 2
S 111769715 288 101733 2
S 111780714 288 101736 2
S 111791713 288 101734 2
S 111802713 288 101730 2
S 111813712 288 101735 2
S 111824711 288 101735 2
S 111835710 288 101732 2
S 111846710 288 101735 2
S 111857709 288 101739 2
S 111868708 288 101739 2
S 111879708 288 101730 2
S 111890707 288 101731 2
S 111901706 288 101734 2
S 111912706 288 101732 2
S 111923705 288 101733 2
S 111934704 288 101734 2
S 111945704 288 101733 2
S 111956703 288 101731 2
S 111967702 288 101730 2
S 111978702 288 101735 2
S 111989701 288 101733 2
S 112000701 288 101732 2
S 112011699 288 101733 2
S 112022699 288 101735 2
S 112033698 288 101735 2
S 112044697 288 101730 2
S 112055697 288 101733 2
S 112066696 288 101730 2
S 112077695 288 101728 2
S 112088695 288 101730 2
S 112099694 288 101730 2
S 112110693 288 101731 2
S 112121693 288 101731 2
S 112132692 288 101729 2
S 112143691 288 101727 2
S 112154691 288 101727 2
S 112165690 288 101728 2
S 112176689 288 101732 2
S 112187688 288 101734 2
S 112198688 288 101733 2
S 112209687 288 101728 2
S 112220686 288 101732 2
S 112231686 288 101733 2
S 112242685 288 101731 2
S 112253684 288 101729 2
S 112264684 288 101726 2
S 112275683 288 101731 2
S 112286682 288 101729 2
S 112297682 288 101730 2
S 112308681 288 101731 2
S 112319680 288 101730 2
S 112330680 288 101730 2
S 112341679 288 101728 2
S 112352678 288 101732 2
S 112363677 288 101734 2
S 112374677 288 101735 2
S 112385676 288 101731 2
S 112396675 288 101725 2
S 112407675 288 101728 2
S 112418674 288 101732 2
S 112429673 288 101733 2
S 112440673 288 101733 2
S 112451672 288 101729 2
S 112462671 288 101728 2
S 112473671 288 101731 2
S 112484670 288 101728 2
S 112495669 288 101728 2
S 112506669 288 101728 2
S 112517668 288 101731 2
S 112528667 288 101731 2
S 112539666 288 101724 2
S 112550666 288 101728 2
S 112561665 288 101730 2
S 112572664 288 101733 2
S 112583664 288 101733 2
S 112594663 288 101732 2
S 112605662 288 101728 2
S 112616662 288 101726 2
S 112627661 288 101730 2
S 112638660 288 101731 2
S 112649660 288 101727 2
S 112660659 288 101723 2
S 112671658 288 101723 2
S 112682658 288 101731 2
S 112693657 288 101727 2
S 112704656 288 101730 2
S 112715655 288 101733 2
S 112726655 288 101725 2
S 112737654 288 101725 2
S 112748653 288 101733 2
S 112764652 288 101732 2
S 112775652 288 101730 2
S 112786651 288 101732 2
S 112797650 288 101733 2
S 112808650 288 101733 2
S 112819649 288 101727 2
S 112830648 288 101733 2
S 112841648 288 101729 2
S 112852647 288 101728 2
S 112863646 288 101727 2
S 112874646 288 101735 2
S 112885645 288 101727 2
S 112896644 288 101730 2
S 112907643 288 101730 2
S 112918643 288 101729 2
S 112929642 288 101727 2
S 112940641 288 101724 2
S 112951641 288 101730 2
S 112962640 288 101727 2
S 112973639 288 101732 2
S 112984639 288 101725 2
S 112995638 288 101728 2
S 113006637 288 101730 2
S 113017637 288 101728 2
S 113028636 288 101730 2
S 113039635 288 101730 2
S 113050635 288 101730 2
S 113061634 288 101730 2
S 113072633 288 101729 2
S 113083632 288 101730 2
S 113094632 288 101727 2
S 113105631 288 101725 2
S 113116630 288 101726 2
S 113127630 288 101727 2
S 113138629 288 101733 2
S 113149628 288 101731 2
S 113160628 288 101730 2
S 113171627 288 101732 2
S 113182626 288 101724 2
S 113193626 288 101730 2
S 113204625 288 101727 2
S 113215624 288 101733 2
S 113226624 288 101729 2
S 113237623 288 101733 2
S 113248622 288 101731 2
S 113259621 288 101729 2
S 113270621 288 101730 2
S 113281620 288 101733 2
S 113292619 288 101732 2
S 113303619 288 101735 2
S 113314618 288 101727 2
S 113325617 288 101730 2
S 113336617 288 101731 2
S 113347616 288 101740 2
S 113358615 288 101735 2
S 113369615 288 101734 2
S 113380614 288 101727 2
S 113391613 288 101736 2
S 113402613 288 101736 2
S 113413612 288 101734 2
S 113424611 288 101735 2
S 113435610 288 101733 2
S 113446610 288 101732 2
S 113457609 288 101733 2
S 113468608 288 101730 2
S 113479608 288 101729 2
S 113490607 288 101732 2
S 113501606 288 101736 2
S 113512606 288 101735 2
S 113523605 288 101733 2
S 113534604 288 101735 2
S 113545604 288 101730 2
S 113556603 288 101730 2
S 113567602 288 101733 2
S 113578602 288 101736 2
S 113589601 288 101732 2
S 113600600 288 101735 2
S 113611599 288 101728 2
S 113622599 288 101730 2
S 113633598 288 101734 2
S 113644597 288 101733 2
S 113655597 288 101733 2
S 113666596 288 101733 2
S 113677595 288 101730 2
S 113688595 288 101733 2
S 113699594 288 101730 2
S 113710593 288 101736 2
S 113721593 288 101731 2
S 113732592 288 101730 2
S 113743591 288 101731 2
S 113754591 288 101733 2
S 113770590 288 101735 2
S 113781589 288 101738 2
S 113792588 288 101734 2
S 113803587 288 101733 2
S 113814587 288 101737 2
S 113825586 288 101729 2
S 113836585 288 101733 2
S 113847585 288 101732 2
S 113858584 288 101735 2
S 113869583 288 101740 2
S 113880583 288 101733 2
S 113891582 288 101733 2
S 113902581 288 101737 2
S 113913581 288 101736 2
S 113924580 288 101734 2
S 113935579 288 101733 2
S 113946579 288 101735 2
S 113957578 288 101739 2
S 113968577 288 101735 2
S 113979576 288 101730 2
S 113990576 288 101733 2
S 114001576 288 101734 2
S 114012574 288 101735 2
S 114023574 288 101728 2
S 114034573 288 101732 2
S 114045572 288 101730 2
S 114056572 288 101730 2
S 114067571 288 101729 2
S 114078570 288 101733 2
S 114089570 288 101732 2
S 114100569 288 101731 2
S 114111568 288 101733 2
S 114122568 288 101731 2
S 114133567 288 101733 2
S 114144566 288 101732 2
S 114155565 288 101727 2
S 114166565 288 101731 2
S 114177564 288 101735 2
S 114188563 288 101733 2
S 114199563 288 101730 2
S 114210562 288 101731 2
S 114221561 288 101731 2
S 114232561 288 101730 2
S 114243560 288 101730 2
S 114254559 288 101729 2
S 114265559 288 101727 2
S 114276558 288 101730 2
S 114287557 288 101730 2
S 114298557 288 101733 2
S 114309556 288 101735 2
S 114320555 288 101727 2
S 114331554 288 101733 2
S 114342554 288 101732 2
S 114353553 288 101730 2
S 114364552 288 101730 2
S 114375552 288 101732 2
S 114386551 288 101731 2
S 114397550 288 101735 2
S 114408550 288 101730 2
S 114419549 288 101734 2
S 114430548 288 101734 2
S 114441548 288 101730 2
S 114452547 288 101729 2
S 114463546 288 101731 2
S 114474546 288 101732 2
S 114485545 288 101728 2
S 114496544 288 101730 2
S 114507543 288 101729 2
S 114518543 288 101737 2
S 114529542 288 101735 2
S 114540541 288 101735 2
S 114551541 288 101735 2
S 114562540 288 101738 2
S 114573539 288 101733 2
S 114584539 288 101733 2
S 114595538 288 101730 2
S 114606537 288 101732 2
S 114617537 288 101730 2
S 114628536 288 101730 2
S 114639535 288 101729 2
S 114650535 288 101730 2
S 114661534 288 101731 2
S 114672533 288 101732 2
S 114683532 288 101730 2
S 114694532 288 101730 2
S 114705531 288 101727 2
S 114716530 288 101730 2
S 114727530 288 101727 2
S 114738529 288 101733 2
S 114749528 288 101730 2
S 114760528 288 101730 2
S 114776527 288 101735 2
S 114787526 288 101728 2
S 114798525 288 101727 2
S 114809525 288 101727 2
S 114820524 288 101723 2
S 114831523 288 101724 2
S 114842523 288 101726 2
S 114853522 288 101729 2
S 114864521 288 101725 2
S 114875520 288 101724 2
S 114886520 288 101729 2
S 114897519 288 101726 2
S 114908518 288 101723 2
S 114919518 288 101728 2
S 114930517 288 101724 2
S 114941516 288 101725 2
S 114952516 288 101726 2
S 114963515 288 101724 2
S 114974514 288 101732 2
S 114985514 288 101722 2
S 114996513 288 101726 2
S 115007512 288 101726 2
S 115018512 288 101725 2
S 115029511 288 101723 2
S 115040510 288 101729 2
S 115051509 288 101731 2
S 115062509 288 101725 2
S 115073508 288 101725 2
S 115084507 288 101726 2
S 115095507 288 101724 2
S 115106506 288 101726 2
S 115117505 288 101724 2
S 115128505 288 101724 2
S 115139504 288 101723 2
S 115150503 288 101727 2
S 115161503 288 101724 2
S 115172502 288 101725 2
S 115183501 288 101726 2
S 115194501 288 101728 2
S 115205500 288 101728 2
S 115216499 288 101727 2
S 115227498 288 101731 2
S 115238498 288 101728 2
S 115249497 288 101725 2
S 115260496 288 101727 2
S 115271496 288 101729 2
S 115282495 288 101724 2
S 115293494 288 101732 2
S 115304494 288 101724 2
S 115315493 288 101736 2
S 115326492 288 101729 2
S 115337492 288 101725 2
S 115348491 288 101722 2
S 115359490 288 101729 2
S 115370490 288 101724 2
S 115381489 288 101725 2
S 115392488 288 101724 2
S 115403487 288 101722 2
S 115414487 288 101723 2
S 115425486 288 101722 2
S 115436485 288 101725 2
S 115447485 288 101724 2
S 115458484 288 101724 2
S 115469483 288 101726 2
S 115480483 288 101727 2
S 115491482 288 101724 2
S 115502481 288 101722 2
S 115513481 288 101727 2
S 115524480 288 101727 2
S 115535479 288 101721 2
S 115546479 288 101726 2
S 115557478 288 101731 2
S 115568477 288 101723 2
S 115579476 288 101726 2
S 115590476 288 101727 2
S 115601475 288 101728 2
S 115612474 288 101723 2
S 115623474 288 101725 2
S 115634473 288 101729 2
S 115645472 288 101732 2
S 115656472 288 101729 2
S 115667471 288 101731 2
S 115678470 288 101730 2
S 115689470 288 101732 2
S 115700469 288 101727 2
S 115711468 288 101731 2
S 115722468 288 101729 2
S 115733467 288 101728 2
S 115744466 288 101728 2
S 115755465 288 101731 2
S 115766465 288 101727 2
S 115782464 288 101730 2
S 115793463 288 101738 2
S 115804462 288 101735 2
S 115815462 288 101733 2
S 115826461 288 101730 2
S 115837460 288 101730 2
S 115848460 288 101733 2
S 115859459 288 101727 2
S 115870458 288 101727 2
S 115881458 288 101727 2
S 115892457 288 101726 2
S 115903456 288 101730 2
S 115914456 288 101733 2
S 115925455 288 101729 2
S 115936454 288 101730 2
S 115947453 288 101732 2
S 115958453 288 101732 2
S 115969452 288 101732 2
S 115980451 288 101732 2
S 115991451 288 101733 2
S 116002450 288 101734 2
S 116013449 288 101735 2
S 116024449 288 101734 2
S 116035448 288 101733 2
S 116046447 288 101729 2
S 116057447 288 101730 2
S 116068446 288 101727 2
S 116079445 288 101733 2
S 116090445 288 101726 2
S 116101444 288 101729 2
S 116112443 288 101727 2
S 116123442 288 101729 2
S 116134442 288 101731 2
S 116145441 288 101725 2
S 116156440 288 101726 2
S 116167440 288 101729 2
S 116178439 288 101728 2
S 116189438 288 101730 2
S 116200438 288 101724 2
S 116211437 288 101732 2
S 116222436 288 101733 2
S 116233436 288 101733 2
S 116244435 288 101731 2
S 116255434 288 101730 2
S 116266434 288 101730 2
S 116277433 288 101734 2
S 116288432 288 101731 2
S 116299431 288 101732 2
S 116310431 288 101736 2
S 116321430 288 101733 2
S 116332429 288 101730 2
S 116343429 288 101735 2
S 116354428 288 101735 2
S 116365427 288 101730 2
S 116376427 288 101733 2
S 116387426 288 101734 2
S 116398425 288 101734 2
S 116409425 288 101731 2
S 116420424 288 101733 2
S 116431423 288 101733 2
S 116442423 288 101730 2
S 116453422 288 101730 2
S 116464421 288 101733 2
S 116475420 288 101735 2
S 116486420 288 101730 2
S 116497419 288 101723 2
S 116508418 288 101727 2
S 116519418 288 101724 2
S 116530417 288 101734 2
S 116541416 288 101731 2
S 116552416 288 101730 2
S 116563415 288 101732 2
S 116574414 288 101731 2
S 116585414 288 101729 2
S 116596413 288 101728 2
S 116607412 288 101731 2
S 116618412 288 101731 2
S 116629411 288 101730 2
S 116640410 288 101732 2
S 116651409 288 101730 2
S 116662409 288 101732 2
S 116673408 288 101731 2
S 116684407 288 101732 2
S 116695407 288 101734 2
S 116706406 288 101733 2
S 116717405 288 101732 2
S 116728405 288 101731 2
S 116739404 288 101736 2
S 116750403 288 101733 2
S 116761403 288 101727 2
S 116772402 288 101732 2
S 116788401 288 101735 2
S 116799400 288 101730 2
S 116810400 288 101729 2
S 116821399 288 101734 2
S 116832398 288 101733 2
S 116843397 288 101730 2
S 116854397 288 101733 2
S 116865396 288 101732 2
S 116876395 288 101735 2
S 116887395 288 101731 2
S 116898394 288 101732 2
S 116909393 288 101726 2
S 116920393 288 101729 2
S 116931392 288 101730 2
S 116942391 288 101735 2
S 116953391 288 101732 2
S 116964390 288 101728 2
S 116975389 288 101727 2
S 116986389 288 101729 2
S 116997388 288 101729 2
S 117008387 288 101732 2
S 117019386 288 101728 2
S 117030386 288 101730 2
S 117041385 288 101727 2
S 117052384 288 101730 2
S 117063384 288 101727 2
S 117074383 288 101729 2
S 117085382 288 101726 2
S 117096382 288 101727 2
S 117107381 288 101733 2
S 117118380 288 101733 2
S 117129380 288 101730 2
S 117140379 288 101733 2
S 117151378 288 101730 2
S 117162378 288 101729 2
S 117173377 288 101730 2
S 117184376 288 101734 2
S 117195375 288 101733 2
S 117206375 288 101727 2
S 117217374 288 101733 2
S 117228373 288 101733 2
S 117239373 288 101727 2
S 117250372 288 101724 2
S 117261371 288 101734 2
S 117272371 288 101728 2
S 117283370 288 101733 2
S 117294369 288 101733 2
S 117305369 288 101732 2
S 117316368 288 101730 2
S 117327367 288 101732 2
S 117338367 288 101730 2
S 117349366 288 101733 2
S 117360365 288 101732 2
S 117371364 288 101727 2
S 117382364 288 101729 2
S 117393363 288 101731 2
S 117404362 288 101733 2
S 117415362 288 101730 2
S 117426361 288 101731 2
S 117437360 288 101728 2
S 117448360 288 101730 2
S 117459359 288 101735 2
S 117470358 288 101734 2
S 117481358 288 101730 2
S 117492357 288 101734 2
S 117503356 288 101731 2
S 117514356 288 101733 2
S 117525355 288 101734 2
S 117536354 288 101733 2
S 117547353 288 101731 2
S 117558353 288 101731 2
S 117569352 288 101732 2
S 117580351 288 101738 2
S 117591351 288 101736 2
S 117602350 288 101730 2
S 117613349 288 101730 2
S 117624349 288 101729 2
S 117635348 288 101729 2
S 117646347 288 101726 2
S 117657347 288 101731 2
S 117668346 288 101731 2
S 117679345 288 101726 2
S 117690345 288 101734 2
S 117701344 288 101735 2
S 117712343 288 101734 2
S 117723342 288 101730 2
S 117734342 288 101730 2
S 117745341 288 101732 2
S 117756340 288 101730 2
S 117767340 288 101727 2
S 117778339 288 101730 2
S 117794338 288 101731 2
S 117805337 288 101727 2
S 117816337 288 101733 2
S 117827336 288 101734 2
S 117838335 288 101738 2
S 117849335 288 101737 2
S 117860334 288 101733 2
S 117871333 288 101733 2
S 117882333 288 101734 2
S 117893332 288 101735 2
S 117904331 288 101735 2
S 117915330 288 101735 2
S 117926330 288 101741 2
S 117937329 288 101735 2
S 117948328 288 101736 2
S 117959328 288 101735 2
S 117970327 288 101732 2
S 117981326 288 101735 2
S 117992326 288 101734 2
S 118003325 288 101735 2
S 118014324 288 101740 2
S 118025324 288 101735 2
S 118036323 288 101735 2
S 118047322 288 101735 2
S 118058322 288 101732 2
S 118069321 288 101737 2
S 118080320 288 101736 2
S 118091319 288 101735 2
S 118102319 288 101734 2
S 118113318 288 101731 2
S 118124317 288 101735 2
S 118135317 288 101735 2
S 118146316 288 101735 2
S 118157315 288 101728 2
S 118168315 288 101729 2
S 118179314 288 101732 2
S 118190313 288 101735 2
S 118201313 288 101738 2
S 118212312 288 101735 2
S 118223311 288 101735 2
S 118234311 288 101735 2
S 118245310 288 101735 2
S 118256309 288 101736 2
S 118267308 288 101743 2
S 118278308 288 101741 2
S 118289307 288 101740 2
S 118300306 288 101735 2
S 118311306 288 101736 2
S 118322305 288 101738 2
S 118333304 288 101736 2
S 118344304 288 101738 2
S 118355303 288 101731 2
S 118366302 288 101735 2
S 118377302 288 101735 2
S 118388301 288 101736 2
S 118399300 288 101734 2
S 118410300 288 101737 2
S 118421299 288 101736 2
S 118432298 288 101735 2
S 118443297 288 101736 2
S 118454297 288 101732 2
S 118465296 288 101735 2
S 118476295 288 101731 2
S 118487295 288 101738 2
S 118498294 288 101736 2
S 118509293 288 101738 2
S 118520293 288 101741 2
S 118531292 288 101741 2
S 118542291 288 101735 2
S 118553291 288 101738 2
S 118564290 288 101733 2
S 118575289 288 101740 2
S 118586289 288 101738 2
S 118597288 288 101736 2
S 118608287 288 101738 2
S 118619286 288 101735 2
S 118630286 288 101733 2
S 118641285 288 101732 2
S 118652284 288 101735 2
S 118663284 288 101735 2
S 118674283 288 101731 2
S 118685282 288 101733 2
S 118696282 288 101730 2
S 118707281 288 101733 2
S 118718280 288 101735 2
S 118729280 288 101733 2
S 118740279 288 101735 2
S 118751278 288 101738 2
S 118762278 288 101735 2
S 118773277 288 101736 2
S 118784276 288 101736 2
S 118800275 288 101740 2
S 118811274 288 101735 2
S 118822274 288 101739 2
S 118833273 288 101738 2
S 118844272 288 101735 2
S 118855272 288 101739 2
S 118866271 288 101738 2
S 118877270 288 101730 2
S 118888270 288 101738 2
S 118899269 288 101739 2
S 118910268 288 101740 2
S 118921268 288 101738 2
S 118932267 288 101735 2
S 118943266 288 101734 2
S 118954266 288 101735 2
S 118965265 288 101740 2
S 118976264 288 101735 2
S 118987263 288 101741 2
S 118998263 288 101735 2
S 119009262 288 101730 2
S 119020261 288 101739 2
S 119031261 288 101735 2
S 119042260 288 101733 2
S 119053259 288 101738 2
S 119064259 288 101735 2
S 119075258 288 101732 2
S 119086257 288 101734 2
S 119097257 288 101734 2
S 119108256 288 101733 2
S 119119255 288 101735 2
S 119130255 288 101734 2
S 119141254 288 101733 2
S 119152253 288 101733 2
S 119163252 288 101730 2
S 119174252 288 101735 2
S 119185251 288 101731 2
S 119196250 288 101733 2
S 119207250 288 101732 2
S 119218249 288 101730 2
S 119229248 288 101730 2
S 119240248 288 101733 2
S 119251247 288 101733 2
S 119262246 288 101733 2
S 119273246 288 101734 2
S 119284245 288 101733 2
S 119295244 288 101732 2
S 119306244 288 101731 2
S 119317243 288 101730 2
S 119328242 288 101733 2
S 119339241 288 101732 2
S 119350241 288 101736 2
S 119361240 288 101733 2
S 119372239 288 101733 2
S 119383239 288 101730 2
S 119394238 288 101731 2
S 119405237 288 101727 2
S 119416237 288 101735 2
S 119427236 288 101733 2
S 119438235 288 101732 2
S 119449235 288 101735 2
S 119460234 288 101737 2
S 119471233 288 101738 2
S 119482233 288 101732 2
S 119493232 288 101737 2
S 119504231 288 101737 2
S 119515230 288 101735 2
S 119526230 288 101735 2
S 119537229 288 101735 2
S 119548228 288 101737 2
S 119559228 288 101737 2
S 119570227 288 101735 2
S 119581226 288 101735 2
S 119592226 288 101735 2
S 119603225 288 101732 2
S 119614224 288 101738 2
S 119625224 288 101740 2
S 119636223 288 101735 2
S 119647222 288 101733 2
S 119658222 288 101735 2
S 119669221 288 101735 2
S 119680220 288 101733 2
S 119691219 288 101738 2
S 119702219 288 101738 2
S 119713218 288 101737 2
S 119724217 288 101736 2
S 119735217 288 101735 2
S 119746216 288 101734 2
S 119757215 288 101734 2
S 119768215 288 101731 2
S 119779214 288 101738 2
S 119790213 288 101730 2
S 119806212 288 101734 2
S 119817212 288 101739 2
S 119828211 288 101734 2
S 119839210 288 101730 2
S 119850210 288 101735 2
S 119861209 288 101734 2
S 119872208 288 101739 2
S 119883207 288 101734 2
S 119894207 288 101730 2
S 119905206 288 101733 2
S 119916205 288 101730 2
S 119927205 288 101734 2
S 119938204 288 101739 2
S 119949203 288 101736 2
S 119960203 288 101735 2
S 119971202 288 101733 2
S 119982201 288 101730 2
S 119993201 288 101734 2
S 120004200 288 101737 2
S 120015199 288 101733 2
S 120026199 288 101732 2
S 120037198 288 101733 2
S 120048197 288 101730 2
S 120059196 288 101735 2
S 120070196 288 101734 2
S 120081195 288 101731 2
S 120092194 288 101735 2
S 120103194 288 101730 2
S 120114193 288 101727 2
S 120125192 288 101731 2
S 120136192 288 101733 2
S 120147191 288 101731 2
S 120158190 288 101730 2
S 120169190 288 101736 2
S 120180189 288 101731 2
S 120191188 288 101732 2
S 120202188 288 101732 2
S 120213187 288 101736 2
S 120224186 288 101730 2
S 120235185 288 101733 2
S 120246185 288 101736 2
S 120257184 288 101727 2
S 120268183 288 101734 2
S 120279183 288 101729 2
S 120290182 288 101731 2
S 120301181 288 101733 2
S 120312181 288 101730 2
S 120323180 288 101734 2
S 120334179 288 101733 2
S 120345179 288 101728 2
S 120356178 288 101732 2
S 120367177 288 101734 2
S 120378177 288 101730 2
S 120389176 288 101733 2
S 120400175 288 101738 2
S 120411174 288 101735 2
S 120422174 288 101733 2
S 120433173 288 101738 2
S 120444172 288 101738 2
S 120455172 288 101738 2
S 120466171 288 101742 2
S 120477170 288 101733 2
S 120488170 288 101733 2
S 120499169 288 101738 2
S 120510168 288 101737 2
S 120521168 288 101733 2
S 120532167 288 101738 2
S 120543166 288 101741 2
S 120554166 288 101738 2
S 120565165 288 101734 2
S 120576164 288 101737 2
S 120587163 288 101735 2
S 120598163 288 101737 2
S 120609162 288 101735 2
S 120620161 288 101740 2
S 120631161 288 101735 2
S 120642160 288 101741 2
S 120653159 288 101740 2
S 120664159 288 101740 2
S 120675158 288 101735 2
S 120686157 288 101738 2
S 120697157 288 101735 2
S 120708156 288 101738 2
S 120719155 288 101738 2
S 120730155 288 101735 2
S 120741154 288 101737 2
S 120752153 288 101733 2
S 120763152 288 101740 2
S 120774152 288 101735 2
S 120785151 288 101741 2
S 120796150 288 101733 2
S 120812149 288 101738 2
S 120823149 288 101735 2
S 120834148 288 101738 2
S 120845147 288 101737 2
S 120856147 288 101735 2
S 120867146 288 101741 2
S 120878145 288 101738 2
S 120889145 288 101740 2
S 120900144 288 101742 2
S 120911143 288 101737 2
S 120922143 288 101738 2
S 120933142 288 101740 2
S 120944141 288 101737 2
S 120955140 288 101735 2
S 120966140 288 101744 2
S 120977139 288 101738 2
S 120988138 288 101738 2
S 120999138 288 101742 2
S 121010137 288 101737 2
S 121021136 288 101738 2
S 121032136 288 101734 2
S 121043135 288 101738 2
S 121054134 288 101740 2
S 121065134 288 101738 2
S 121076133 288 101741 2
S 121087132 288 101738 2
S 121098132 288 101740 2
S 121109131 288 101740 2
S 121120130 288 101744 2
S 121131129 288 101737 2
S 121142129 288 101745 2
S 121153128 288 101740 2
S 121164127 288 101743 2
S 121175127 288 101738 2
S 121186126 288 101741 2
S 121197125 288 101744 2
S 121208125 288 101746 2
S 121219124 288 101745 2
S 121230123 288 101744 2
S 121241123 288 101739 2
S 121252122 288 101740 2
S 121263121 288 101741 2
S 121274121 288 101744 2
S 121285120 288 101741 2
S 121296119 288 101740 2
S 121307118 288 101743 2
S 121318118 288 101743 2
S 121329117 288 101742 2
S 121340116 288 101739 2
S 121351116 288 101737 2
S 121362115 288 101743 2
S 121373114 288 101744 2
S 121384114 288 101742 2
S 121395113 288 101741 2
S 121406112 288 101744 2
S 121417112 288 101739 2
S 121428111 288 101741 2
S 121439110 288 101737 2
S 121450110 288 101744 2
S 121461109 288 101740 2
S 121472108 288 101738 2
S 121483107 288 101738 2
S 121494107 288 101738 2
S 121505106 288 101734 2
S 121516105 288 101732 2
S 121527105 288 101734 2
S 121538104 288 101733 2
S 121549103 288 101737 2
S 121560103 288 101737 2
S 121571102 288 101734 2
S 121582101 288 101737 2
S 121593101 288 101735 2
S 121604100 288 101735 2
S 121615099 288 101738 2
S 121626099 288 101734 2
S 121637098 288 101737 2
S 121648097 288 101733 2
S 121659096 288 101735 2
S 121670096 288 101735 2
S 121681095 288 101738 2
S 121692094 288 101738 2
S 121703094 288 101734 2
S 121714093 288 101735 2
S 121725092 288 101736 2
S 121736092 288 101736 2
S 121747091 288 101736 2
S 121758090 288 101735 2
S 121769090 288 101735 2
S 121780089 288 101734 2
S 121791088 288 101736 2
S 121802088 288 101738 2
S 121818087 288 101739 2
S 121829086 288 101737 2
S 121840085 288 101735 2
S 121851084 288 101733 2
S 121862084 288 101739 2
S 121873083 288 101738 2
S 121884082 288 101736 2
S 121895082 288 101738 2
S 121906081 288 101741 2
S 121917080 288 101739 2
S 121928080 288 101737 2
S 121939079 288 101738 2
S 121950078 288 101739 2
S 121961078 288 101741 2
S 121972077 288 101737 2
S 121983076 288 101738 2
S 121994076 288 101737 2
S 122005075 288 101730 2
S 122016074 288 101735 2
S 122027073 288 101739 2
S 122038073 288 101733 2
S 122049072 288 101733 2
S 122060071 288 101732 2
S 122071071 288 101735 2
S 122082070 288 101735 2
S 122093069 288 101736 2
S 122104069 288 101738 2
S 122115068 288 101738 2
S 122126067 288 101737 2
S 122137067 288 101736 2
S 122148066 288 101738 2
S 122159065 288 101740 2
S 122170065 288 101738 2
S 122181064 288 101737 2
S 122192063 288 101740 2
S 122203062 288 101733 2
S 122214062 288 101735 2
S 122225061 288 101733 2
S 122236060 288 101737 2
S 122247060 288 101735 2
S 122258059 288 101737 2
S 122269058 288 101733 2
S 122280058 288 101737 2
S 122291057 288 101735 2
S 122302056 288 101731 2
S 122313056 288 101735 2
S 122324055 288 101736 2
S 122335054 288 101735 2
S 122346054 288 101735 2
S 122357053 288 101744 2
S 122368052 288 101735 2
S 122379051 288 101741 2
S 122390051 288 101740 2
S 122401050 288 101741 2
S 122412049 288 101735 2
S 122423049 288 101739 2
S 122434048 288 101735 2
S 122445047 288 101734 2
S 122456047 288 101738 2
S 122467046 288 101731 2
S 122478045 288 101733 2
S 122489045 288 101735 2
S 122500044 288 101728 2
S 122511043 288 101729 2
S 122522043 288 101730 2
S 122533042 288 101732 2
S 122544041 288 101731 2
S 122555040 288 101731 2
S 122566040 288 101730 2
S 122577039 288 101730 2
S 122588038 288 101733 2
S 122599038 288 101732 2
S 122610037 288 101730 2
S 122621036 288 101733 2
S 122632036 288 101737 2
S 122643035 288 101733 2
S 122654034 288 101733 2
S 122665034 288 101731 2
S 122676033 288 101736 2
S 122687032 288 101735 2
S 122698032 288 101733 2
S 122709031 288 101732 2
S 122720030 288 101731 2
S 122731029 288 101731 2
S 122742029 288 101731 2
S 122753028 288 101731 2
S 122764027 288 101730 2
S 122775027 288 101737 2
S 122786026 288 101733 2
S 122797025 288 101735 2
S 122808025 288 101730 2
S 122824024 288 101735 2
S 122835023 288 101731 2
S 122846022 288 101727 2
S 122857022 288 101731 2
S 122868021 288 101730 2
S 122879020 288 101729 2
S 122890020 288 101730 2
S 122901019 288 101727 2
S 122912018 288 101730 2
S 122923017 288 101729 2
S 122934017 288 101729 2
S 122945016 288 101725 2
S 122956015 288 101733 2
S 122967015 288 101733 2
S 122978014 288 101735 2
S 122989013 288 101735 2
S 123000013 288 101735 2
S 123011012 288 101731 2
S 123022011 288 101731 2
S 123033011 288 101728 2
S 123044010 288 101732 2
S 123055009 288 101730 2
S 123066009 288 101731 2
S 123077008 288 101730 2
S 123088007 288 101727 2
S 123099006 288 101727 2
S 123110006 288 101731 2
S 123121005 288 101726 2
S 123132004 288 101736 2
S 123143004 288 101734 2
S 123154003 288 101727 2
S 123165002 288 101735 2
S 123176002 288 101736 2
S 123187001 288 101738 2
S 123198000 288 101731 2
S 123209000 288 101734 2
S 123219999 288 101731 2
S 123230998 288 101730 2
S 123241998 288 101735 2
S 123252997 288 101732 2
S 123263996 288 101735 2
S 123274995 288 101731 2
S 123285995 288 101734 2
S 123296994 288 101734 2
S 123307993 288 101729 2
S 123318993 288 101733 2
S 123329992 288 101730 2
S 123340991 288 101732 2
S 123351991 288 101733 2
S 123362990 288 101734 2
S 123373989 288 101733 2
S 123384989 288 101735 2
S 123395988 288 101733 2
S 123406987 288 101735 2
S 123417987 288 101732 2
S 123428986 288 101738 2
S 123439985 288 101736 2
S 123450984 288 101736 2
S 123461984 288 101737 2
S 123472983 288 101733 2
S 123483982 288 101731 2
S 123494982 288 101735 2
S 123505981 288 101738 2
S 123516980 288 101738 2
S 123527980 288 101730 2
S 123538979 288 101734 2
S 123549978 288 101731 2
S 123560978 288 101733 2
S 123571977 288 101731 2
S 123582976 288 101732 2
S 123593976 288 101733 2
S 123604975 288 101738 2
S 123615974 288 101735 2
S 123626973 288 101734 2
S 123637973 288 101736 2
S 123648972 288 101733 2
S 123659971 288 101737 2
S 123670971 288 101734 2
S 123681970 288 101734 2
S 123692969 288 101735 2
S 123703969 288 101735 2
S 123714968 288 101740 2
S 123725967 288 101735 2
S 123736967 288 101736 2
S 123747966 288 101738 2
S 123758965 288 101733 2
S 123769965 288 101733 2
S 123780964 288 101735 2
S 123791963 288 101732 2
S 123802962 288 101740 2
S 123813962 288 101732 2
S 123829961 288 101732 2
S 123840960 288 101729 2
S 123851959 288 101729 2
S 123862959 288 101727 2
S 123873958 288 101732 2
S 123884957 288 101733 2
S 123895957 288 101729 2
S 123906956 288 101733 2
S 123917955 288 101736 2
S 123928955 288 101730 2
S 123939954 288 101729 2
S 123950953 288 101729 2
S 123961953 288 101729 2
S 123972952 288 101729 2
S 123983951 288 101732 2
S 123994950 288 101732 2
S 124005950 288 101730 2
S 124016949 288 101730 2
S 124027948 288 101729 2
S 124038948 288 101729 2
S 124049947 288 101727 2
S 124060946 288 101728 2
S 124071946 288 101727 2
S 124082945 288 101732 2
S 124093944 288 101725 2
S 124104944 288 101727 2
S 124115943 288 101731 2
S 124126942 288 101726 2
S 124137942 288 101732 2
S 124148941 288 101730 2
S 124159940 288 101730 2
S 124170939 288 101730 2
S 124181939 288 101730 2
S 124192938 288 101724 2
S 124203937 288 101729 2
S 124214937 288 101730 2
S 124225936 288 101730 2
S 124236935 288 101730 2
S 124247935 288 101729 2
S 124258934 288 101729 2
S 124269933 288 101730 2
S 124280933 288 101724 2
S 124291932 288 101729 2
S 124302931 288 101727 2
S 124313931 288 101725 2
S 124324930 288 101728 2
S 124335929 288 101729 2
S 124346928 288 101729 2
S 124357928 288 101729 2
S 124368927 288 101731 2
S 124379926 288 101727 2
S 124390926 288 101729 2
S 124401925 288 101728 2
S 124412924 288 101726 2
S 124423924 288 101727 2
S 124434923 288 101728 2
S 124445922 288 101724 2
S 124456922 288 101723 2
S 124467921 288 101727 2
S 124478920 288 101724 2
S 124489920 288 101729 2
S 124500919 288 101727 2
S 124511918 288 101726 2
S 124522917 288 101723 2
S 124533917 288 101729 2
S 124544916 288 101727 2
S 124555915 288 101729 2
S 124566915 288 101724 2
S 124577914 288 101723 2
S 124588913 288 101725 2
S 124599913 288 101721 2
S 124610912 288 101720 2
S 124621911 288 101732 2
S 124632911 288 101728 2
S 124643910 288 101724 2
S 124654909 288 101724 2
S 124665909 288 101728 2
S 124676908 288 101731 2
S 124687907 288 101725 2
S 124698906 288 101727 2
S 124709906 288 101727 2
S 124720905 288 101724 2
S 124731904 288 101721 2
S 124742904 288 101729 2
S 124753903 288 101732 2
S 124764902 288 101728 2
S 124775902 288 101728 2
S 124786901 288 101729 2
S 124797900 288 101724 2
S 124808900 288 101727 2
S 124819899 288 101725 2
S 124835898 288 101733 2
S 124846897 288 101729 2
S 124857897 288 101732 2
S 124868896 288 101732 2
S 124879895 288 101731 2
S 124890894 288 101732 2
S 124901894 288 101728 2
S 124912893 288 101733 2
S 124923892 288 101731 2
S 124934892 288 101733 2
S 124945891 288 101732 2
S 124956890 288 101738 2
S 124967890 288 101730 2
S 124978889 288 101733 2
S 124989888 288 101733 2
S 125000888 288 101728 2
S 125011887 288 101729 2
S 125022886 288 101732 2
S 125033886 288 101729 2
S 125044885 288 101733 2
S 125055884 288 101727 2
S 125066883 288 101733 2
S 125077883 288 101730 2
S 125088882 288 101731 2
S 125099881 288 101728 2
S 125110881 288 101730 2
S 125121880 288 101730 2
S 125132879 288 101732 2
S 125143879 288 101731 2
S 125154878 288 101733 2
S 125165877 288 101730 2
S 125176877 288 101732 2
S 125187876 288 101732 2
S 125198875 288 101728 2
S 125209875 288 101729 2
S 125220874 288 101727 2
S 125231873 288 101730 2
S 125242872 288 101729 2
S 125253872 288 101729 2
S 125264871 288 101727 2
S 125275870 288 101727 2
S 125286870 288 101727 2
S 125297869 288 101730 2
S 125308868 288 101728 2
S 125319868 288 101727 2
S 125330867 288 101731 2
S 125341866 288 101725 2
S 125352866 288 101730 2
S 125363865 288 101730 2
S 125374864 288 101729 2
S 125385864 288 101727 2
S 125396863 288 101733 2
S 125407862 288 101729 2
S 125418861 288 101731 2
S 125429861 288 101733 2
S 125440860 288 101730 2
S 125451859 288 101733 2
S 125462859 288 101734 2
S 125473858 288 101733 2
S 125484857 288 101731 2
S 125495857 288 101734 2
S 125506856 288 101733 2
S 125517855 288 101733 2
S 125528855 288 101731 2
S 125539854 288 101733 2
S 125550853 288 101734 2
S 125561853 288 101733 2
S 125572852 288 101738 2
S 125583851 288 101735 2
S 125594850 288 101738 2
S 125605850 288 101737 2
S 125616849 288 101736 2
S 125627848 288 101740 2
S 125638848 288 101735 2
S 125649847 288 101733 2
S 125660846 288 101733 2
S 125671846 288 101730 2
S 125682845 288 101730 2
S 125693844 288 101730 2
S 125704844 288 101731 2
S 125715843 288 101737 2
S 125726842 288 101740 2
S 125737842 288 101733 2
S 125748841 288 101733 2
S 125759840 288 101735 2
S 125770839 288 101733 2
S 125781839 288 101735 2
S 125792838 288 101737 2
S 125803837 288 101735 2
S 125814837 288 101737 2
S 125825836 288 101732 2
S 125841835 288 101739 2
S 125852834 288 101737 2
S 125863834 288 101734 2
S 125874833 288 101735 2
S 125885832 288 101728 2
S 125896832 288 101728 2
S 125907831 288 101727 2
S 125918830 288 101729 2
S 125929830 288 101730 2
S 125940829 288 101730 2
S 125951828 288 101730 2
S 125962827 288 101728 2
S 125973827 288 101727 2
S 125984826 288 101730 2
S 125995825 288 101728 2
S 126006825 288 101724 2
S 126017824 288 101726 2
S 126028823 288 101734 2
S 126039823 288 101731 2
S 126050822 288 101727 2
S 126061821 288 101730 2
S 126072821 288 101728 2
S 126083820 288 101728 2
S 126094819 288 101722 2
S 126105819 288 101731 2
S 126116818 288 101735 2
S 126127817 288 101730 2
S 126138816 288 101729 2
S 126149816 288 101729 2
S 126160815 288 101727 2
S 126171814 288 101729 2
S 126182814 288 101730 2
S 126193813 288 101732 2
S 126204812 288 101731 2
S 126215812 288 101730 2
S 126226811 288 101725 2
S 126237810 288 101731 2
S 126248810 288 101729 2
S 126259809 288 101731 2
S 126270808 288 101733 2
S 126281808 288 101732 2
S 126292807 288 101730 2
S 126303806 288 101729 2
S 126314805 288 101728 2
S 126325805 288 101728 2
S 126336804 288 101731 2
S 126347803 288 101728 2
S 126358803 288 101730 2
S 126369802 288 101730 2
S 126380801 288 101726 2
S 126391801 288 101731 2
S 126402800 288 101730 2
S 126413799 288 101726 2
S 126424799 288 101726 2
S 126435798 288 101727 2
S 126446797 288 101730 2
S 126457797 288 101729 2
S 126468796 288 101729 2
S 126479795 288 101729 2
S 126490794 288 101724 2
S 126501794 288 101723 2
S 126512793 288 101727 2
S 126523792 288 101733 2
S 126534792 288 101734 2
S 126545791 288 101730 2
S 126556790 288 101730 2
S 126567790 288 101733 2
S 126578789 288 101728 2
S 126589788 288 101731 2
S 126600788 288 101727 2
S 126611787 288 101726 2
S 126622786 288 101733 2
S 126633786 288 101733 2
S 126644785 288 101733 2
S 126655784 288 101733 2
S 126666783 288 101730 2
S 126677783 288 101730 2
S 126688782 288 101737 2
S 126699781 288 101733 2
S 126710781 288 101730 2
S 126721780 288 101730 2
S 126732779 288 101730 2
S 126743779 288 101730 2
S 126754778 288 101731 2
S 126765777 288 101731 2
S 126776777 288 101730 2
S 126787776 288 101733 2
S 126798775 288 101731 2
S 126809775 288 101729 2
S 126820774 288 101728 2
S 126831773 288 101727 2
S 126847772 288 101732 2
S 126858771 288 101730 2
S 126869771 288 101735 2
S 126880770 288 101738 2
S 126891769 288 101733 2
S 126902769 288 101732 2
S 126913768 288 101730 2
S 126924767 288 101731 2
S 126935767 288 101728 2
S 126946766 288 101733 2
S 126957765 288 101730 2
S 126968765 288 101732 2
S 126979764 288 101727 2
S 126990763 288 101731 2
S 127001763 288 101730 2
S 127012762 288 101735 2
S 127023761 288 101729 2
S 127034760 288 101730 2
S 127045760 288 101729 2
S 127056759 288 101729 2
S 127067758 288 101727 2
S 127078758 288 101728 2
S 127089757 288 101730 2
S 127100756 288 101724 2
S 127111756 288 101729 2
S 127122755 288 101724 2
S 127133754 288 101722 2
S 127144754 288 101722 2
S 127155753 288 101721 2
S 127166752 288 101718 2
S 127177752 288 101722 2
S 127188751 288 101719 2
S 127199750 288 101725 2
S 127210749 288 101721 2
S 127221749 288 101723 2
S 127232748 288 101724 2
S 127243747 288 101727 2
S 127254747 288 101724 2
S 127265746 288 101721 2
S 127276745 288 101726 2
S 127287745 288 101730 2
S 127298744 288 101726 2
S 127309743 288 101723 2
S 127320743 288 101723 2
S 127331742 288 101728 2
S 127342741 288 101732 2
S 127353741 288 101730 2
S 127364740 288 101725 2
S 127375739 288 101731 2
S 127386738 288 101721 2
S 127397738 288 101721 2
S 127408737 288 101729 2
S 127419736 288 101730 2
S 127430736 288 101723 2
S 127441735 288 101727 2
S 127452734 288 101724 2
S 127463734 288 101729 2
S 127474733 288 101727 2
S 127485732 288 101729 2
S 127496732 288 101731 2
S 127507731 288 101728 2
S 127518730 288 101729 2
S 127529730 288 101730 2
S 127540729 288 101728 2
S 127551728 288 101729 2
S 127562727 288 101730 2
S 127573727 288 101724 2
S 127584726 288 101727 2
S 127595725 288 101730 2
S 127606725 288 101733 2
S 127617724 288 101729 2
S 127628723 288 101729 2
S 127639723 288 101728 2
S 127650722 288 101730 2
S 127661721 288 101733 2
S 127672721 288 101731 2
S 127683720 288 101733 2
S 127694719 288 101730 2
S 127705719 288 101733 2
S 127716718 288 101738 2
S 127727717 288 101732 2
S 127738716 288 101731 2
S 127749716 288 101732 2
S 127760715 288 101731 2
S 127771714 288 101734 2
S 127782714 288 101733 2
S 127793713 288 101730 2
S 127804712 288 101735 2
S 127815712 288 101737 2
S 127826711 288 101733 2
S 127837710 288 101733 2
S 127853709 288 101732 2
S 127864709 288 101734 2
S 127875708 288 101729 2
S 127886707 288 101729 2
S 127897707 288 101731 2
S 127908706 288 101728 2
S 127919705 288 101726 2
S 127930704 288 101726 2
S 127941704 288 101724 2
S 127952703 288 101729 2
S 127963702 288 101733 2
S 127974702 288 101732 2
S 127985701 288 101727 2
S 127996700 288 101729 2
S 128007700 288 101729 2
S 128018699 288 101726 2
S 128029698 288 101728 2
S 128040698 288 101728 2
S 128051697 288 101729 2
S 128062696 288 101727 2
S 128073696 288 101724 2
S 128084695 288 101727 2
S 128095694 288 101730 2
S 128106693 288 101729 2
S 128117693 288 101731 2
S 128128692 288 101729 2
S 128139691 288 101727 2
S 128150691 288 101728 2
S 128161690 288 101729 2
S 128172689 288 101729 2
S 128183689 288 101725 2
S 128194688 288 101723 2
S 128205687 288 101727 2
S 128216687 288 101727 2
S 128227686 288 101727 2
S 128238685 288 101725 2
S 128249685 288 101724 2
S 128260684 288 101725 2
S 128271683 288 101722 2
S 128282682 288 101727 2
S 128293682 288 101727 2
S 128304681 288 101727 2
S 128315680 288 101727 2
S 128326680 288 101729 2
S 128337679 288 101731 2
S 128348678 288 101724 2
S 128359678 288 101728 2
S 128370677 288 101727 2
S 128381676 288 101729 2
S 128392676 288 101725 2
S 128403675 288 101728 2
S 128414674 288 101727 2
S 128425674 288 101725 2
S 128436673 288 101725 2
S 128447672 288 101725 2
S 128458671 288 101722 2
S 128469671 288 101724 2
S 128480670 288 101723 2
S 128491669 288 101722 2
S 128502669 288 101725 2
S 128513668 288 101725 2
S 128524667 288 101720 2
S 128535667 288 101719 2
S 128546666 288 101725 2
S 128557665 288 101728 2
S 128568665 288 101729 2
S 128579664 288 101730 2
S 128590663 288 101728 2
S 128601663 288 101726 2
S 128612662 288 101726 2
S 128623661 288 101727 2
S 128634660 288 101729 2
S 128645660 288 101724 2
S 128656659 288 101726 2
S 128667658 288 101722 2
S 128678658 288 101721 2
S 128689657 288 101729 2
S 128700656 288 101726 2
S 128711656 288 101725 2
S 128722655 288 101724 2
S 128733654 288 101732 2
S 128744654 288 101726 2
S 128755653 288 101728 2
S 128766652 288 101727 2
S 128777652 288 101728 2
S 128788651 288 101729 2
S 128799650 288 101726 2
S 128810649 288 101727 2
S 128821649 288 101725 2
S 128832648 288 101725 2
S 128843647 288 101722 2
S 128859646 288 101726 2
S 128870646 288 101730 2
S 128881645 288 101729 2
S 128892644 288 101730 2
S 128903644 288 101732 2
S 128914643 288 101724 2
S 128925642 288 101727 2
S 128936642 288 101727 2
S 128947641 288 101729 2
S 128958640 288 101727 2
S 128969640 288 101729 2
S 128980639 288 101729 2
S 128991638 288 101729 2
S 129002637 288 101728 2
S 129013637 288 101727 2
S 129024636 288 101730 2
S 129035635 288 101733 2
S 129046635 288 101729 2
S 129057634 288 101729 2
S 129068633 288 101727 2
S 129079633 288 101729 2
S 129090632 288 101732 2
S 129101631 288 101728 2
S 129112631 288 101734 2
S 129123630 288 101730 2
S 129134629 288 101725 2
S 129145629 288 101728 2
S 129156628 288 101727 2
S 129167627 288 101731 2
S 129178626 288 101730 2
S 129189626 288 101727 2
S 129200625 288 101732 2
S 129211624 288 101729 2
S 129222624 288 101728 2
S 129233623 288 101730 2
S 129244622 288 101731 2
S 129255622 288 101727 2
S 129266621 288 101727 2
S 129277620 288 101729 2
S 129288620 288 101727 2
S 129299619 288 101732 2
S 129310618 288 101735 2
S 129321618 288 101731 2
S 129332617 288 101730 2
S 129343616 288 101733 2
S 129354615 288 101735 2
S 129365615 288 101730 2
S 129376614 288 101730 2
S 129387613 288 101730 2
S 129398613 288 101732 2
S 129409612 288 101730 2
S 129420611 288 101736 2
S 129431611 288 101731 2
S 129442610 288 101730 2
S 129453609 288 101730 2
S 129464609 288 101724 2
S 129475608 288 101727 2
S 129486607 288 101731 2
S 129497607 288 101728 2
S 129508606 288 101729 2
S 129519605 288 101733 2
S 129530604 288 101732 2
S 129541604 288 101730 2
S 129552603 288 101735 2
S 129563602 288 101733 2
S 129574602 288 101727 2
S 129585601 288 101732 2
S 129596600 288 101732 2
S 129607600 288 101728 2
S 129618599 288 101726 2
S 129629598 288 101729 2
S 129640598 288 101731 2
S 129651597 288 101734 2
S 129662596 288 101727 2
S 129673596 288 101732 2
S 129684595 288 101734 2
S 129695594 288 101733 2
S 129706593 288 101730 2
S 129717593 288 101733 2
S 129728592 288 101728 2
S 129739591 288 101733 2
S 129750591 288 101732 2
S 129761590 288 101731 2
S 129772589 288 101733 2
S 129783589 288 101728 2
S 129794588 288 101727 2
S 129805587 288 101727 2
S 129816587 288 101738 2
S 129827586 288 101735 2
S 129838585 288 101728 2
S 129849585 288 101732 2
S 129865584 288 101733 2
S 129876583 288 101731 2
S 129887582 288 101730 2
S 129898581 288 101730 2
S 129909581 288 101727 2
S 129920580 288 101729 2
S 129931579 288 101731 2
S 129942579 288 101733 2
S 129953578 288 101730 2
S 129964577 288 101730 2
S 129975577 288 101731 2
S 129986576 288 101732 2
S 129997575 288 101730 2
S 130008575 288 101731 2
S 130019574 288 101734 2
S 130030573 288 101737 2
S 130041573 288 101730 2
S 130052572 288 101735 2
S 130063571 288 101730 2
S 130074570 288 101729 2
S 130085570 288 101731 2
S 130096569 288 101732 2
S 130107568 288 101729 2
S 130118568 288 101731 2
S 130129567 288 101733 2
S 130140566 288 101736 2
S 130151566 288 101730 2
S 130162565 288 101729 2
S 130173564 288 101732 2
S 130184564 288 101732 2
S 130195563 288 101732 2
S 130206562 288 101729 2
S 130217562 288 101730 2
S 130228561 288 101730 2
S 130239560 288 101730 2
S 130250559 288 101729 2
S 130261559 288 101738 2
S 130272558 288 101733 2
S 130283557 288 101732 2
S 130294557 288 101727 2
S 130305556 288 101733 2
S 130316555 288 101733 2
S 130327555 288 101735 2
S 130338554 288 101732 2
S 130349553 288 101730 2
S 130360553 288 101724 2
S 130371552 288 101730 2
S 130382551 288 101729 2
S 130393551 288 101728 2
S 130404550 288 101732 2
S 130415549 288 101731 2
S 130426548 288 101730 2
S 130437548 288 101735 2
S 130448547 288 101731 2
S 130459546 288 101726 2
S 130470546 288 101731 2
S 130481545 288 101733 2
S 130492544 288 101729 2
S 130503544 288 101727 2
S 130514543 288 101730 2
S 130525542 288 101730 2
S 130536542 288 101733 2
S 130547541 288 101730 2
S 130558540 288 101731 2
S 130569540 288 101730 2
S 130580539 288 101730 2
S 130591538 288 101730 2
S 130602537 288 101731 2
S 130613537 288 101732 2
S 130624536 288 101733 2
S 130635535 288 101727 2
S 130646535 288 101727 2
S 130657534 288 101726 2
S 130668533 288 101727 2
S 130679533 288 101727 2
S 130690532 288 101730 2
S 130701531 288 101727 2
S 130712531 288 101733 2
S 130723530 288 101730 2
S 130734529 288 101730 2
S 130745529 288 101730 2
S 130756528 288 101730 2
S 130767527 288 101730 2
S 130778526 288 101729 2
S 130789526 288 101731 2
S 130800525 288 101730 2
S 130811524 288 101726 2
S 130822524 288 101728 2
S 130833523 288 101731 2
S 130844522 288 101730 2
S 130855522 288 101730 2
S 130871521 288 101730 2
S 130882520 288 101730 2
S 130893519 288 101727 2
S 130904519 288 101732 2
S 130915518 288 101730 2
S 130926517 288 101730 2
S 130937517 288 101730 2
S 130948516 288 101733 2
S 130959515 288 101733 2
S 130970514 288 101728 2
S 130981514 288 101728 2
S 130992513 288 101730 2
S 131003512 288 101728 2
S 131014512 288 101733 2
S 131025511 288 101732 2
S 131036510 288 101734 2
S 131047510 288 101732 2
S 131058509 288 101732 2
S 131069508 288 101730 2
S 131080508 288 101730 2
S 131091507 288 101729 2
S 131102506 288 101732 2
S 131113506 288 101730 2
S 131124505 288 101730 2
S 131135504 288 101729 2
S 131146503 288 101727 2
S 131157503 288 101735 2
S 131168502 288 101733 2
S 131179501 288 101733 2
S 131190501 288 101730 2
S 131201500 288 101728 2
S 131212499 288 101728 2
S 131223499 288 101729 2
S 131234498 288 101733 2
S 131245497 288 101733 2
S 131256497 288 101730 2
S 131267496 288 101731 2
S 131278495 288 101728 2
S 131289495 288 101735 2
S 131300494 288 101727 2
S 131311493 288 101731 2
S 131322492 288 101731 2
S 131333492 288 101731 2
S 131344491 288 101730 2
S 131355490 288 101723 2
S 131366490 288 101725 2
S 131377489 288 101729 2
S 131388488 288 101728 2
S 131399488 288 101727 2
S 131410487 288 101726 2
S 131421486 288 101731 2
S 131432486 288 101726 2
S 131443485 288 101727 2
S 131454484 288 101730 2
S 131465484 288 101732 2
S 131476483 288 101733 2
S 131487482 288 101728 2
S 131498481 288 101734 2
S 131509481 288 101727 2
S 131520480 288 101725 2
S 131531479 288 101727 2
S 131542479 288 101730 2
S 131553478 288 101732 2
S 131564477 288 101724 2
S 131575477 288 101729 2
S 131586476 288 101726 2
S 131597475 288 101725 2
S 131608475 288 101724 2
S 131619474 288 101725 2
S 131630473 288 101727 2
S 131641473 288 101725 2
S 131652472 288 101725 2
S 131663471 288 101726 2
S 131674470 288 101723 2
S 131685470 288 101730 2
S 131696469 288 101728 2
S 131707468 288 101728 2
S 131718468 288 101727 2
S 131729467 288 101733 2
S 131740466 288 101730 2
S 131751466 288 101729 2
S 131762465 288 101725 2
S 131773464 288 101728 2
S 131784464 288 101727 2
S 131795463 288 101727 2
S 131806462 288 101733 2
S 131817462 288 101732 2
S 131828461 288 101728 2
S 131839460 288 101721 2
S 131850459 288 101725 2
S 131861459 288 101724 2
S 131877458 288 101728 2
S 131888457 288 101732 2
S 131899456 288 101732 2
S 131910456 288 101728 2
S 131921455 288 101735 2
S 131932454 288 101730 2
S 131943454 288 101727 2
S 131954453 288 101727 2
S 131965452 288 101729 2
S 131976452 288 101725 2
S 131987451 288 101726 2
S 131998450 288 101727 2
S 132009450 288 101731 2
S 132020449 288 101730 2
S 132031448 288 101725 2
S 132042447 288 101729 2
S 132053447 288 101727 2
S 132064446 288 101729 2
S 132075445 288 101730 2
S 132086445 288 101732 2
S 132097444 288 101727 2
S 132108443 288 101730 2
S 132119443 288 101727 2
S 132130442 288 101725 2
S 132141441 288 101728 2
S 132152441 288 101727 2
S 132163440 288 101727 2
S 132174439 288 101729 2
S 132185439 288 101728 2
S 132196438 288 101727 2
S 132207437 288 101727 2
S 132218436 288 101724 2
S 132229436 288 101726 2
S 132240435 288 101724 2
S 132251434 288 101728 2
S 132262434 288 101724 2
S 132273433 288 101724 2
S 132284432 288 101726 2
S 132295432 288 101728 2
S 132306431 288 101732 2
S 132317430 288 101728 2
S 132328430 288 101727 2
S 132339429 288 101725 2
S 132350428 288 101730 2
S 132361428 288 101730 2
S 132372427 288 101727 2
S 132383426 288 101729 2
S 132394425 288 101730 2
S 132405425 288 101725 2
S 132416424 288 101724 2
S 132427423 288 101727 2
S 132438423 288 101729 2
S 132449422 288 101721 2
S 132460421 288 101727 2
S 132471421 288 101729 2
S 132482420 288 101723 2
S 132493419 288 101724 2
S 132504419 288 101733 2
S 132515418 288 101729 2
S 132526417 288 101727 2
S 132537417 288 101728 2
S 132548416 288 101727 2
S 132559415 288 101729 2
S 132570414 288 101729 2
S 132581414 288 101730 2
S 132592413 288 101727 2
S 132603412 288 101722 2
S 132614412 288 101724 2
S 132625411 288 101723 2
S 132636410 288 101730 2
S 132647410 288 101730 2
S 132658409 288 101727 2
S 132669408 288 101727 2
S 132680408 288 101726 2
S 132691407 288 101725 2
S 132702406 288 101730 2
S 132713406 288 101727 2
S 132724405 288 101727 2
S 132735404 288 101725 2
S 132746403 288 101726 2
S 132757403 288 101733 2
S 132768402 288 101729 2
S 132779401 288 101730 2
S 132790401 288 101724 2
S 132801400 288 101726 2
S 132812399 288 101727 2
S 132823399 288 101722 2
S 132834398 288 101724 2
S 132845397 288 101723 2
S 132856397 288 101734 2
S 132867396 288 101731 2
S 132883395 288 101729 2
S 132894394 288 101729 2
S 132905394 288 101727 2
S 132916393 288 101727 2
S 132927392 288 101730 2
S 132938391 288 101730 2
S 132949391 288 101731 2
S 132960390 288 101731 2
S 132971389 288 101731 2
S 132982389 288 101731 2
S 132993388 288 101732 2
S 133004387 288 101734 2
S 133015387 288 101729 2
S 133026386 288 101730 2
S 133037385 288 101731 2
S 133048385 288 101727 2
S 133059384 288 101731 2
S 133070383 288 101727 2
S 133081383 288 101730 2
S 133092382 288 101730 2
S 133103381 288 101730 2
S 133114380 288 101729 2
S 133125380 288 101730 2
S 133136379 288 101728 2
S 133147378 288 101727 2
S 133158378 288 101730 2
S 133169377 288 101730 2
S 133180376 288 101732 2
S 133191376 288 101729 2
S 133202375 288 101729 2
S 133213374 288 101732 2
S 133224374 288 101727 2
S 133235373 288 101727 2
S 133246372 288 101727 2
S 133257372 288 101730 2
S 133268371 288 101728 2
S 133279370 288 101727 2
S 133290369 288 101724 2
S 133301369 288 101728 2
S 133312368 288 101730 2
S 133323367 288 101724 2
S 133334367 288 101731 2
S 133345366 288 101725 2
S 133356365 288 101728 2
S 133367365 288 101728 2
S 133378364 288 101727 2
S 133389363 288 101730 2
S 133400363 288 101730 2
S 133411362 288 101731 2
S 133422361 288 101730 2
S 133433361 288 101733 2
S 133444360 288 101731 2
S 133455359 288 101733 2
S 133466358 288 101731 2
S 133477358 288 101732 2
S 133488357 288 101732 2
S 133499356 288 101728 2
S 133510356 288 101732 2
S 133521355 288 101735 2
S 133532354 288 101730 2
S 133543354 288 101732 2
S 133554353 288 101732 2
S 133565352 288 101731 2
S 133576352 288 101730 2
S 133587351 288 101730 2
S 133598350 288 101730 2
S 133609350 288 101734 2
S 133620349 288 101730 2
S 133631348 288 101726 2
S 133642347 288 101727 2
S 133653347 288 101728 2
S 133664346 288 101729 2
S 133675345 288 101728 2
S 133686345 288 101732 2
S 133697344 288 101729 2
S 133708343 288 101730 2
S 133719343 288 101730 2
S 133730342 288 101733 2
S 133741341 288 101730 2
S 133752341 288 101734 2
S 133763340 288 101730 2
S 133774339 288 101733 2
S 133785339 288 101732 2
S 133796338 288 101733 2
S 133807337 288 101730 2
S 133818336 288 101731 2
S 133829336 288 101731 2
S 133840335 288 101726 2
S 133851334 288 101729 2
S 133862334 288 101731 2
S 133873333 288 101730 2
S 133889332 288 101735 2
S 133900331 288 101730 2
S 133911331 288 101732 2
S 133922330 288 101733 2
S 133933329 288 101733 2
S 133944329 288 101732 2
S 133955328 288 101730 2
S 133966327 288 101730 2
S 133977327 288 101731 2
S 133988326 288 101730 2
S 133999325 288 101729 2
S 134010324 288 101730 2
S 134021324 288 101730 2
S 134032323 288 101730 2
S 134043322 288 101731 2
S 134054322 288 101728 2
S 134065321 288 101730 2
S 134076320 288 101734 2
S 134087320 288 101731 2
S 134098319 288 101738 2
S 134109318 288 101735 2
S 134120318 288 101732 2
S 134131317 288 101732 2
S 134142316 288 101733 2
S 134153316 288 101735 2
S 134164315 288 101733 2
S 134175314 288 101735 2
S 134186313 288 101728 2
S 134197313 288 101730 2
S 134208312 288 101732 2
S 134219311 288 101728 2
S 134230311 288 101732 2
S 134241310 288 101728 2
S 134252309 288 101730 2
S 134263309 288 101736 2
S 134274308 288 101733 2
S 134285307 288 101733 2
S 134296307 288 101735 2
S 134307306 288 101738 2
S 134318305 288 101734 2
S 134329305 288 101733 2
S 134340304 288 101735 2
S 134351303 288 101733 2
S 134362302 288 101733 2
S 134373302 288 101733 2
S 134384301 288 101735 2
S 134395300 288 101738 2
S 134406300 288 101735 2
S 134417299 288 101730 2
S 134428298 288 101732 2
S 134439298 288 101730 2
S 134450297 288 101735 2
S 134461296 288 101734 2
S 134472296 288 101730 2
S 134483295 288 101734 2
S 134494294 288 101737 2
S 134505294 288 101741 2
S 134516293 288 101733 2
S 134527292 288 101736 2
S 134538291 288 101732 2
S 134549291 288 101733 2
S 134560290 288 101735 2
S 134571289 288 101734 2
S 134582289 288 101735 2
S 134593288 288 101735 2
S 134604287 288 101733 2
S 134615287 288 101738 2
S 134626286 288 101734 2
S 134637285 288 101738 2
S 134648285 288 101741 2
S 134659284 288 101734 2
S 134670283 288 101736 2
S 134681283 288 101736 2
S 134692282 288 101736 2
S 134703281 288 101730 2
S 134714280 288 101731 2
S 134725280 288 101733 2
S 134736279 288 101733 2
S 134747278 288 101728 2
S 134758278 288 101733 2
S 134769277 288 101733 2
S 134780276 288 101730 2
S 134791276 288 101725 2
S 134802275 288 101730 2
S 134813274 288 101735 2
S 134824274 288 101736 2
S 134835273 288 101730 2
S 134846272 288 101732 2
S 134857272 288 101732 2
S 134868271 288 101735 2
S 134879270 288 101728 2
S 134895269 288 101737 2
S 134906268 288 101736 2
S 134917268 288 101734 2
S 134928267 288 101731 2
S 134939266 288 101733 2
S 134950266 288 101736 2
S 134961265 288 101735 2
S 134972264 288 101732 2
S 134983264 288 101738 2
S 134994263 288 101733 2
S 135005262 288 101738 2
S 135016262 288 101733 2
S 135027261 288 101734 2
S 135038260 288 101733 2
S 135049260 288 101733 2
S 135060259 288 101731 2
S 135071258 288 101735 2
S 135082257 288 101735 2
S 135093257 288 101736 2
S 135104256 288 101738 2
S 135115255 288 101735 2
S 135126255 288 101733 2
S 135137254 288 101731 2
S 135148253 288 101733 2
S 135159253 288 101734 2
S 135170252 288 101735 2
S 135181251 288 101735 2
S 135192251 288 101736 2
S 135203250 288 101735 2
S 135214249 288 101735 2
S 135225249 288 101737 2
S 135236248 288 101737 2
S 135247247 288 101733 2
S 135258246 288 101733 2
S 135269246 288 101737 2
S 135280245 288 101733 2
S 135291244 288 101735 2
S 135302244 288 101730 2
S 135313243 288 101732 2
S 135324242 288 101731 2
S 135335242 288 101734 2
S 135346241 288 101733 2
S 135357240 288 101733 2
S 135368240 288 101730 2
S 135379239 288 101733 2
S 135390238 288 101733 2
S 135401238 288 101735 2
S 135412237 288 101730 2
S 135423236 288 101730 2
S 135434235 288 101734 2
S 135445235 288 101729 2
S 135456234 288 101730 2
S 135467233 288 101730 2
S 135478233 288 101738 2
S 135489232 288 101733 2
S 135500231 288 101733 2
S 135511231 288 101729 2
S 135522230 288 101735 2
S 135533229 288 101734 2
S 135544229 288 101729 2
S 135555228 288 101741 2
S 135566227 288 101737 2
S 135577227 288 101734 2
S 135588226 288 101737 2
S 135599225 288 101736 2
S 135610224 288 101736 2
S 135621224 288 101736 2
S 135632223 288 101732 2
S 135643222 288 101735 2
S 135654222 288 101732 2
S 135665221 288 101734 2
S 135676220 288 101733 2
S 135687220 288 101734 2
S 135698219 288 101731 2
S 135709218 288 101733 2
S 135720218 288 101733 2
S 135731217 288 101737 2
S 135742216 288 101731 2
S 135753216 288 101727 2
S 135764215 288 101730 2
S 135775214 288 101732 2
S 135786213 288 101736 2
S 135797213 288 101733 2
S 135808212 288 101733 2
S 135819211 288 101730 2
S 135830211 288 101739 2
S 135841210 288 101735 2
S 135852209 288 101736 2
S 135863209 288 101733 2
S 135874208 288 101735 2
S 135885207 288 101736 2
S 135901206 288 101727 2
S 135912206 288 101732 2
S 135923205 288 101729 2
S 135934204 288 101729 2
S 135945204 288 101732 2
S 135956203 288 101731 2
S 135967202 288 101727 2
S 135978201 288 101735 2
S 135989201 288 101729 2
S 136000200 288 101731 2
S 136011199 288 101731 2
S 136022199 288 101734 2
S 136033198 288 101733 2
S 136044197 288 101732 2
S 136055197 288 101731 2
S 136066196 288 101729 2
S 136077195 288 101728 2
S 136088195 288 101729 2
S 136099194 288 101732 2
S 136110193 288 101726 2
S 136121193 288 101726 2
S 136132192 288 101727 2
S 136143191 288 101727 2
S 136154190 288 101730 2
S 136165190 288 101727 2
S 136176189 288 101731 2
S 136187188 288 101730 2
S 136198188 288 101729 2
S 136209187 288 101721 2
S 136220186 288 101725 2
S 136231186 288 101728 2
S 136242185 288 101727 2
S 136253184 288 101729 2
S 136264184 288 101732 2
S 136275183 288 101732 2
S 136286182 288 101730 2
S 136297182 288 101731 2
S 136308181 288 101735 2
S 136319180 288 101731 2
S 136330179 288 101735 2
S 136341179 288 101732 2
S 136352178 288 101729 2
S 136363177 288 101729 2
S 136374177 288 101727 2
S 136385176 288 101730 2
S 136396175 288 101733 2
S 136407175 288 101730 2
S 136418174 288 101734 2
S 136429173 288 101731 2
S 136440173 288 101729 2
S 136451172 288 101729 2
S 136462171 288 101730 2
S 136473171 288 101732 2
S 136484170 288 101730 2
S 136495169 288 101731 2
S 136506168 288 101733 2
S 136517168 288 101735 2
S 136528167 288 101729 2
S 136539166 288 101732 2
S 136550166 288 101732 2
S 136561165 288 101729 2
S 136572164 288 101737 2
S 136583164 288 101730 2
S 136594163 288 101728 2
S 136605162 288 101725 2
S 136616162 288 101729 2
S 136627161 288 101731 2
S 136638160 288 101729 2
S 136649160 288 101729 2
S 136660159 288 101728 2
S 136671158 288 101726 2
S 136682157 288 101728 2
S 136693157 288 101724 2
S 136704156 288 101728 2
S 136715155 288 101724 2
S 136726155 288 101728 2
S 136737154 288 101727 2
S 136748153 288 101725 2
S 136759153 288 101727 2
S 136770152 288 101732 2
S 136781151 288 101731 2
S 136792151 288 101728 2
S 136803150 288 101728 2
S 136814149 288 101728 2
S 136825149 288 101730 2
S 136836148 288 101724 2
S 136847147 288 101729 2
S 136858146 288 101724 2
S 136869146 288 101727 2
S 136880145 288 101730 2
S 136891144 288 101730 2
S 136907143 288 101732 2
S 136918143 288 101729 2
S 136929142 288 101729 2
S 136940141 288 101725 2
S 136951141 288 101724 2
S 136962140 288 101729 2
S 136973139 288 101735 2
S 136984139 288 101729 2
S 136995138 288 101729 2
S 137006137 288 101727 2
S 137017137 288 101732 2
S 137028136 288 101726 2
S 137039135 288 101727 2
S 137050134 288 101730 2
S 137061134 288 101735 2
S 137072133 288 101732 2
S 137083132 288 101733 2
S 137094132 288 101735 2
S 137105131 288 101730 2
S 137116130 288 101736 2
S 137127130 288 101729 2
S 137138129 288 101729 2
S 137149128 288 101732 2
S 137160128 288 101731 2
S 137171127 288 101729 2
S 137182126 288 101728 2
S 137193126 288 101729 2
S 137204125 288 101733 2
S 137215124 288 101732 2
S 137226123 288 101727 2
S 137237123 288 101727 2
S 137248122 288 101730 2
S 137259121 288 101729 2
S 137270121 288 101728 2
S 137281120 288 101724 2
S 137292119 288 101724 2
S 137303119 288 101732 2
S 137314118 288 101727 2
S 137325117 288 101733 2
S 137336117 288 101730 2
S 137347116 288 101728 2
S 137358115 288 101732 2
S 137369115 288 101726 2
S 137380114 288 101721 2
S 137391113 288 101721 2
S 137402112 288 101728 2
S 137413112 288 101725 2
S 137424111 288 101721 2
S 137435110 288 101729 2
S 137446110 288 101730 2
S 137457109 288 101732 2
S 137468108 288 101728 2
S 137479108 288 101724 2
S 137490107 288 101728 2
S 137501106 288 101727 2
S 137512106 288 101726 2
S 137523105 288 101724 2
S 137534104 288 101730 2
S 137545104 288 101729 2
S 137556103 288 101729 2
S 137567102 288 101728 2
S 137578101 288 101729 2
S 137589101 288 101732 2
S 137600100 288 101732 2
S 137611099 288 101733 2
S 137622099 288 101727 2
S 137633098 288 101725 2
S 137644097 288 101727 2
S 137655097 288 101727 2
S 137666096 288 101728 2
S 137677095 288 101725 2
S 137688095 288 101727 2
S 137699094 288 101725 2
S 137710093 288 101732 2
S 137721093 288 101732 2
S 137732092 288 101732 2
S 137743091 288 101729 2
S 137754090 288 101728 2
S 137765090 288 101732 2
S 137776089 288 101729 2
S 137787088 288 101730 2
S 137798088 288 101731 2
S 137809087 288 101727 2
S 137820086 288 101727 2
S 137831086 288 101729 2
S 137842085 288 101728 2
S 137853084 288 101731 2
S 137864084 288 101731 2
S 137875083 288 101731 2
S 137886082 288 101729 2
S 137897082 288 101727 2
S 137913081 288 101731 2
S 137924080 288 101729 2
S 137935079 288 101732 2
S 137946078 288 101729 2
S 137957078 288 101730 2
S 137968077 288 101729 2
S 137979076 288 101728 2
S 137990076 288 101729 2
S 138001076 288 101729 2
S 138012074 288 101732 2
S 138023074 288 101732 2
S 138034073 288 101730 2
S 138045072 288 101732 2
S 138056072 288 101729 2
S 138067071 288 101727 2
S 138078070 288 101726 2
S 138089070 288 101731 2
S 138100069 288 101733 2
S 138111068 288 101735 2
S 138122067 288 101736 2
S 138133067 288 101736 2
S 138144066 288 101733 2
S 138155065 288 101732 2
S 138166065 288 101732 2
S 138177064 288 101732 2
S 138188063 288 101727 2
S 138199063 288 101728 2
S 138210062 288 101728 2
S 138221061 288 101731 2
S 138232061 288 101726 2
S 138243060 288 101732 2
S 138254059 288 101729 2
S 138265059 288 101733 2
S 138276058 288 101735 2
S 138287057 288 101733 2
S 138298056 288 101739 2
S 138309056 288 101732 2
S 138320055 288 101735 2
S 138331054 288 101736 2
S 138342054 288 101735 2
S 138353053 288 101732 2
S 138364052 288 101727 2
S 138375052 288 101727 2
S 138386051 288 101731 2
S 138397050 288 101729 2
S 138408050 288 101738 2
S 138419049 288 101735 2
S 138430048 288 101741 2
S 138441048 288 101732 2
S 138452047 288 101731 2
S 138463046 288 101732 2
S 138474045 288 101733 2
S 138485045 288 101731 2
S 138496044 288 101735 2
S 138507043 288 101732 2
S 138518043 288 101730 2
S 138529042 288 101729 2
S 138540041 288 101732 2
S 138551041 288 101728 2
S 138562040 288 101729 2
S 138573039 288 101727 2
S 138584039 288 101730 2
S 138595038 288 101727 2
S 138606037 288 101728 2
S 138617037 288 101727 2
S 138628036 288 101729 2
S 138639035 288 101729 2
S 138650034 288 101727 2
S 138661034 288 101729 2
S 138672033 288 101728 2
S 138683032 288 101728 2
S 138694032 288 101729 2
S 138705031 288 101732 2
S 138716030 288 101728 2
S 138727030 288 101729 2
S 138738029 288 101727 2
S 138749028 288 101729 2
S 138760028 288 101730 2
S 138771027 288 101727 2
S 138782026 288 101730 2
S 138793026 288 101731 2
S 138804025 288 101730 2
S 138815024 288 101729 2
S 138826023 288 101735 2
S 138837023 288 101730 2
S 138848022 288 101728 2
S 138859021 288 101729 2
S 138870021 288 101732 2
S 138881020 288 101732 2
S 138892019 288 101729 2
S 138903019 288 101727 2
S 138919018 288 101729 2
S 138930017 288 101727 2
S 138941016 288 101731 2
S 138952016 288 101731 2
S 138963015 288 101730 2
S 138974014 288 101730 2
S 138985014 288 101729 2
S 138996013 288 101731 2
S 139007012 288 101729 2
S 139018011 288 101732 2
S 139029011 288 101735 2
S 139040010 288 101727 2
S 139051009 288 101729 2
S 139062009 288 101730 2
S 139073008 288 101733 2
S 139084007 288 101732 2
S 139095007 288 101729 2
S 139106006 288 101731 2
S 139117005 288 101732 2
S 139128005 288 101729 2
S 139139004 288 101732 2
S 139150003 288 101729 2
S 139161003 288 101724 2
S 139172002 288 101728 2
S 139183001 288 101727 2
S 139194000 288 101728 2
S 139205000 288 101732 2
S 139215999 288 101724 2
S 139226998 288 101733 2
S 139237998 288 101728 2
S 139248997 288 101729 2
S 139259996 288 101732 2
S 139270996 288 101729 2
S 139281995 288 101728 2
S 139292994 288 101725 2
S 139303994 288 101728 2
S 139314993 288 101726 2
S 139325992 288 101731 2
S 139336992 288 101734 2
S 139347991 288 101731 2
S 139358990 288 101732 2
S 139369989 288 101735 2
S 139380989 288 101731 2
S 139391988 288 101733 2
S 139402987 288 101733 2
S 139413987 288 101727 2
S 139424986 288 101732 2
S 139435985 288 101734 2
S 139446985 288 101732 2
S 139457984 288 101729 2
S 139468983 288 101731 2
S 139479983 288 101736 2
S 139490982 288 101729 2
S 139501981 288 101734 2
S 139512981 288 101730 2
S 139523980 288 101729 2
S 139534979 288 101731 2
S 139545978 288 101729 2
S 139556978 288 101735 2
S 139567977 288 101732 2
S 139578976 288 101735 2
S 139589976 288 101735 2
S 139600975 288 101735 2
S 139611974 288 101738 2
S 139622974 288 101728 2
S 139633973 288 101728 2
S 139644972 288 101728 2
S 139655972 288 101731 2
S 139666971 288 101734 2
S 139677970 288 101734 2
S 139688970 288 101733 2
S 139699969 288 101734 2
S 139710968 288 101734 2
S 139721967 288 101738 2
S 139732967 288 101736 2
S 139743966 288 101737 2
S 139754965 288 101735 2
S 139765965 288 101733 2
S 139776964 288 101735 2
S 139787963 288 101735 2
S 139798963 288 101733 2
S 139809962 288 101732 2
S 139820961 288 101732 2
S 139831961 288 101736 2
S 139842960 288 101735 2
S 139853959 288 101735 2
S 139864959 288 101731 2
S 139875958 288 101730 2
S 139886957 288 101729 2
S 139897956 288 101732 2
S 139908956 288 101735 2
S 139924955 288 101738 2
S 139935954 288 101732 2
S 139946953 288 101733 2
S 139957953 288 101735 2
S 139968952 288 101733 2
S 139979951 288 101736 2
S 139990951 288 101731 2
S 140001951 288 101732 2
S 140012949 288 101732 2
S 140023949 288 101735 2
S 140034948 288 101735 2
S 140045947 288 101736 2
S 140056947 288 101729 2
S 140067946 288 101734 2
S 140078945 288 101738 2
S 140089944 288 101738 2
S 140100944 288 101732 2
S 140111943 288 101738 2
S 140122942 288 101735 2
S 140133942 288 101737 2
S 140144941 288 101732 2
S 140155940 288 101733 2
S 140166940 288 101735 2
S 140177939 288 101735 2
S 140188938 288 101734 2
S 140199938 288 101739 2
S 140210937 288 101738 2
S 140221936 288 101740 2
S 140232936 288 101735 2
S 140243935 288 101736 2
S 140254934 288 101735 2
S 140265933 288 101733 2
S 140276933 288 101735 2
S 140287932 288 101729 2
S 140298931 288 101736 2
S 140309931 288 101735 2
S 140320930 288 101730 2
S 140331929 288 101732 2
S 140342929 288 101732 2
S 140353928 288 101736 2
S 140364927 288 101729 2
S 140375927 288 101729 2
S 140386926 288 101728 2
S 140397925 288 101732 2
S 140408925 288 101727 2
S 140419924 288 101735 2
S 140430923 288 101730 2
S 140441922 288 101731 2
S 140452922 288 101724 2
S 140463921 288 101727 2
S 140474920 288 101732 2
S 140485920 288 101730 2
S 140496919 288 101730 2
S 140507918 288 101731 2
S 140518918 288 101738 2
S 140529917 288 101733 2
S 140540916 288 101730 2
S 140551916 288 101730 2
S 140562915 288 101730 2
S 140573914 288 101728 2
S 140584914 288 101735 2
S 140595913 288 101732 2
S 140606912 288 101737 2
S 140617911 288 101736 2
S 140628911 288 101738 2
S 140639910 288 101729 2
S 140650909 288 101729 2
S 140661909 288 101732 2
S 140672908 288 101732 2
S 140683907 288 101736 2
S 140694907 288 101732 2
S 140705906 288 101735 2
S 140716905 288 101735 2
S 140727905 288 101738 2
S 140738904 288 101732 2
S 140749903 288 101738 2
S 140760903 288 101735 2
S 140771902 288 101735 2
S 140782901 288 101732 2
S 140793900 288 101730 2
S 140804900 288 101732 2
S 140815899 288 101732 2
S 140826898 288 101730 2
S 140837898 288 101732 2
S 140848897 288 101729 2
S 140859896 288 101728 2
S 140870896 288 101729 2
S 140881895 288 101727 2
S 140892894 288 101723 2
S 140903894 288 101729 2
S 140914893 288 101731 2
S 140930892 288 101737 2
S 140941891 288 101734 2
S 140952891 288 101731 2
S 140963890 288 101729 2
S 140974889 288 101728 2
S 140985888 288 101729 2
S 140996888 288 101727 2
S 141007887 288 101727 2
S 141018886 288 101734 2
S 141029886 288 101729 2
S 141040885 288 101735 2
S 141051884 288 101729 2
S 141062884 288 101733 2
S 141073883 288 101726 2
S 141084882 288 101733 2
S 141095882 288 101731 2
S 141106881 288 101729 2
S 141117880 288 101730 2
S 141128880 288 101730 2
S 141139879 288 101727 2
S 141150878 288 101733 2
S 141161877 288 101733 2
S 141172877 288 101730 2
S 141183876 288 101731 2
S 141194875 288 101729 2
S 141205875 288 101729 2
S 141216874 288 101734 2
S 141227873 288 101735 2
S 141238873 288 101738 2
S 141249872 288 101732 2
S 141260871 288 101732 2
S 141271871 288 101728 2
S 141282870 288 101725 2
S 141293869 288 101724 2
S 141304869 288 101727 2
S 141315868 288 101733 2
S 141326867 288 101728 2
S 141337866 288 101732 2
S 141348866 288 101729 2
S 141359865 288 101733 2
S 141370864 288 101734 2
S 141381864 288 101732 2
S 141392863 288 101731 2
S 141403862 288 101732 2
S 141414862 288 101732 2
S 141425861 288 101735 2
S 141436860 288 101733 2
S 141447860 288 101729 2
S 141458859 288 101733 2
S 141469858 288 101733 2
S 141480858 288 101733 2
S 141491857 288 101732 2
S 141502856 288 101733 2
S 141513855 288 101729 2
S 141524855 288 101729 2
S 141535854 288 101735 2
S 141546853 288 101733 2
S 141557853 288 101732 2
S 141568852 288 101730 2
S 141579851 288 101733 2
S 141590851 288 101732 2
S 141601850 288 101735 2
S 141612849 288 101734 2
S 141623849 288 101734 2
S 141634848 288 101731 2
S 141645847 288 101735 2
S 141656847 288 101730 2
S 141667846 288 101727 2
S 141678845 288 101729 2
S 141689844 288 101728 2
S 141700844 288 101729 2
S 141711843 288 101729 2
S 141722842 288 101729 2
S 141733842 288 101730 2
S 141744841 288 101734 2
S 141755840 288 101729 2
S 141766840 288 101730 2
S 141777839 288 101728 2
S 141788838 288 101728 2
S 141799838 288 101730 2
S 141810837 288 101729 2
S 141821836 288 101728 2
S 141832836 288 101727 2
S 141843835 288 101728 2
S 141854834 288 101729 2
S 141865833 288 101735 2
S 141876833 288 101730 2
S 141887832 288 101730 2
S 141898831 288 101731 2
S 141909831 288 101727 2
S 141920830 288 101733 2
S 141936829 288 101735 2
S 141947828 288 101732 2
S 141958828 288 101734 2
S 141969827 288 101739 2
S 141980826 288 101730 2
S 141991826 288 101730 2
S 142002825 288 101727 2
S 142013824 288 101728 2
S 142024824 288 101730 2
S 142035823 288 101729 2
S 142046822 288 101731 2
S 142057821 288 101735 2
S 142068821 288 101732 2
S 142079820 288 101728 2
S 142090819 288 101733 2
S 142101819 288 101733 2
S 142112818 288 101734 2
S 142123817 288 101734 2
S 142134817 288 101731 2
S 142145816 288 101730 2
S 142156815 288 101731 2
S 142167815 288 101735 2
S 142178814 288 101732 2
S 142189813 288 101727 2
S 142200813 288 101729 2
S 142211812 288 101732 2
S 142222811 288 101730 2
S 142233810 288 101732 2
S 142244810 288 101733 2
S 142255809 288 101734 2
S 142266808 288 101729 2
S 142277808 288 101731 2
S 142288807 288 101729 2
S 142299806 288 101730 2
S 142310806 288 101725 2
S 142321805 288 101729 2
S 142332804 288 101730 2
S 142343804 288 101732 2
S 142354803 288 101727 2
S 142365802 288 101727 2
S 142376802 288 101726 2
S 142387801 288 101727 2
S 142398800 288 101728 2
S 142409799 288 101723 2
S 142420799 288 101730 2
S 142431798 288 101732 2
S 142442797 288 101729 2
S 142453797 288 101727 2
S 142464796 288 101729 2
S 142475795 288 101730 2
S 142486795 288 101728 2
S 142497794 288 101725 2
S 142508793 288 101729 2
S 142519793 288 101722 2
S 142530792 288 101725 2
S 142541791 288 101729 2
S 142552791 288 101728 2
S 142563790 288 101727 2
S 142574789 288 101727 2
S 142585788 288 101726 2
S 142596788 288 101732 2
S 142607787 288 101729 2
S 142618786 288 101724 2
S 142629786 288 101727 2
S 142640785 288 101719 2
S 142651784 288 101730 2
S 142662784 288 101727 2
S 142673783 288 101726 2
S 142684782 288 101728 2
S 142695782 288 101727 2
S 142706781 288 101731 2
S 142717780 288 101732 2
S 142728780 288 101728 2
S 142739779 288 101732 2
S 142750778 288 101730 2
S 142761777 288 101724 2
S 142772777 288 101722 2
S 142783776 288 101726 2
S 142794775 288 101729 2
S 142805775 288 101727 2
S 142816774 288 101731 2
S 142827773 288 101723 2
S 142838773 288 101726 2
S 142849772 288 101730 2
S 142860771 288 101729 2
S 142871771 288 101725 2
S 142882770 288 101730 2
S 142893769 288 101729 2
S 142904769 288 101729 2
S 142915768 288 101732 2
S 142926767 288 101729 2
S 142942766 288 101735 2
S 142953765 288 101730 2
S 142964765 288 101730 2
S 142975764 288 101730 2
S 142986763 288 101733 2
S 142997763 288 101732 2
S 143008762 288 101730 2
S 143019761 288 101730 2
S 143030761 288 101732 2
S 143041760 288 101735 2
S 143052759 288 101733 2
S 143063759 288 101738 2
S 143074758 288 101733 2
S 143085757 288 101734 2
S 143096757 288 101737 2
S 143107756 288 101728 2
S 143118755 288 101733 2
S 143129754 288 101732 2
S 143140754 288 101732 2
S 143151753 288 101732 2
S 143162752 288 101735 2
S 143173752 288 101733 2
S 143184751 288 101727 2
S 143195750 288 101730 2
S 143206750 288 101735 2
S 143217749 288 101729 2
S 143228748 288 101730 2
S 143239748 288 101728 2
S 143250747 288 101733 2
S 143261746 288 101730 2
S 143272746 288 101732 2
S 143283745 288 101736 2
S 143294744 288 101736 2
S 143305743 288 101735 2
S 143316743 288 101727 2
S 143327742 288 101730 2
S 143338741 288 101730 2
S 143349741 288 101735 2
S 143360740 288 101733 2
S 143371739 288 101730 2
S 143382739 288 101727 2
S 143393738 288 101727 2
S 143404737 288 101730 2
S 143415737 288 101732 2
S 143426736 288 101731 2
S 143437735 288 101735 2
S 143448735 288 101736 2
S 143459734 288 101736 2
S 143470733 288 101740 2
S 143481732 288 101729 2
S 143492732 288 101730 2
S 143503731 288 101728 2
S 143514730 288 101735 2
S 143525730 288 101730 2
S 143536729 288 101730 2
S 143547728 288 101731 2
S 143558728 288 101730 2
S 143569727 288 101729 2
S 143580726 288 101721 2
S 143591726 288 101727 2
S 143602725 288 101729 2
S 143613724 288 101727 2
S 143624724 288 101727 2
S 143635723 288 101729 2
S 143646722 288 101728 2
S 143657721 288 101728 2
S 143668721 288 101727 2
S 143679720 288 101728 2
S 143690719 288 101727 2
S 143701719 288 101729 2
S 143712718 288 101733 2
S 143723717 288 101726 2
S 143734717 288 101727 2
S 143745716 288 101729 2
S 143756715 288 101727 2
S 143767715 288 101727 2
S 143778714 288 101728 2
S 143789713 288 101730 2
S 143800713 288 101729 2
S 143811712 288 101729 2
S 143822711 288 101729 2
S 143833710 288 101728 2
S 143844710 288 101730 2
S 143855709 288 101733 2
S 143866708 288 101734 2
S 143877708 288 101728 2
S 143888707 288 101733 2
S 143899706 288 101730 2
S 143910706 288 101730 2
S 143921705 288 101733 2
S 143932704 288 101730 2
S 143948703 288 101734 2
S 143959703 288 101736 2
S 143970702 288 101739 2
S 143981701 288 101735 2
S 143992701 288 101733 2
S 144003700 288 101733 2
S 144014699 288 101732 2
S 144025698 288 101737 2
S 144036698 288 101734 2
S 144047697 288 101735 2
S 144058696 288 101736 2
S 144069696 288 101733 2
S 144080695 288 101735 2
S 144091694 288 101737 2
S 144102694 288 101730 2
S 144113693 288 101738 2
S 144124692 288 101735 2
S 144135692 288 101735 2
S 144146691 288 101735 2
S 144157690 288 101734 2
S 144168690 288 101731 2
S 144179689 288 101733 2
S 144190688 288 101724 2
S 144201687 288 101731 2
S 144212687 288 101731 2
S 144223686 288 101732 2
S 144234685 288 101731 2
S 144245685 288 101728 2
S 144256684 288 101727 2
S 144267683 288 101729 2
S 144278683 288 101726 2
S 144289682 288 101721 2
S 144300681 288 101728 2
S 144311681 288 101730 2
S 144322680 288 101730 2
S 144333679 288 101731 2
S 144344679 288 101730 2
S 144355678 288 101733 2
S 144366677 288 101730 2
S 144377676 288 101733 2
S 144388676 288 101735 2
S 144399675 288 101736 2
S 144410674 288 101735 2
S 144421674 288 101733 2
S 144432673 288 101734 2
S 144443672 288 101730 2
S 144454672 288 101734 2
S 144465671 288 101733 2
S 144476670 288 101737 2
S 144487670 288 101733 2
S 144498669 288 101736 2
S 144509668 288 101735 2
S 144520668 288 101735 2
S 144531667 288 101735 2
S 144542666 288 101735 2
S 144553665 288 101734 2
S 144564665 288 101736 2
S 144575664 288 101733 2
S 144586663 288 101734 2
S 144597663 288 101734 2
S 144608662 288 101735 2
S 144619661 288 101738 2
S 144630661 288 101736 2
S 144641660 288 101740 2
S 144652659 288 101738 2
S 144663659 288 101739 2
S 144674658 288 101737 2
S 144685657 288 101733 2
S 144696657 288 101738 2
S 144707656 288 101735 2
S 144718655 288 101739 2
S 144729654 288 101733 2
S 144740654 288 101733 2
S 144751653 288 101735 2
S 144762652 288 101733 2
S 144773652 288 101737 2
S 144784651 288 101734 2
S 144795650 288 101733 2
S 144806650 288 101734 2
S 144817649 288 101735 2
S 144828648 288 101738 2
S 144839648 288 101737 2
S 144850647 288 101735 2
S 144861646 288 101733 2
S 144872646 288 101733 2
S 144883645 288 101735 2
S 144894644 288 101738 2
S 144905643 288 101737 2
S 144916643 288 101735 2
S 144927642 288 101741 2
S 144938641 288 101738 2
S 144954640 288 101741 2
S 144965640 288 101736 2
S 144976639 288 101738 2
S 144987638 288 101737 2
S 144998638 288 101739 2
S 145009637 288 101738 2
S 145020636 288 101738 2
S 145031636 288 101738 2
S 145042635 288 101735 2
S 145053634 288 101737 2
S 145064634 288 101735 2
S 145075633 288 101738 2
S 145086632 288 101735 2
S 145097631 288 101734 2
S 145108631 288 101733 2
S 145119630 288 101736 2
S 145130629 288 101733 2
S 145141629 288 101735 2
S 145152628 288 101736 2
S 145163627 288 101735 2
S 145174627 288 101735 2
S 145185626 288 101732 2
S 145196625 288 101730 2
S 145207625 288 101729 2
S 145218624 288 101731 2
S 145229623 288 101732 2
S 145240623 288 101735 2
S 145251622 288 101733 2
S 145262621 288 101732 2
S 145273620 288 101735 2
S 145284620 288 101735 2
S 145295619 288 101731 2
S 145306618 288 101732 2
S 145317618 288 101735 2
S 145328617 288 101732 2
S 145339616 288 101730 2
S 145350616 288 101733 2
S 145361615 288 101732 2
S 145372614 288 101728 2
S 145383614 288 101735 2
S 145394613 288 101733 2
S 145405612 288 101736 2
S 145416612 288 101734 2
S 145427611 288 101735 2
S 145438610 288 101738 2
S 145449609 288 101738 2
S 145460609 288 101733 2
S 145471608 288 101735 2
S 145482607 288 101738 2
S 145493607 288 101741 2
S 145504606 288 101737 2
S 145515605 288 101737 2
S 145526605 288 101735 2
S 145537604 288 101739 2
S 145548603 288 101736 2
S 145559603 288 101730 2
S 145570602 288 101733 2
S 145581601 288 101738 2
S 145592601 288 101738 2
S 145603600 288 101735 2
S 145614599 288 101737 2
S 145625598 288 101734 2
S 145636598 288 101737 2
S 145647597 288 101734 2
S 145658596 288 101735 2
S 145669596 288 101742 2
S 145680595 288 101738 2
S 145691594 288 101736 2
S 145702594 288 101734 2
S 145713593 288 101739 2
S 145724592 288 101734 2
S 145735592 288 101738 2
S 145746591 288 101738 2
S 145757590 288 101737 2
S 145768590 288 101739 2
S 145779589 288 101741 2
S 145790588 288 101732 2
S 145801587 288 101739 2
S 145812587 288 101733 2
S 145823586 288 101735 2
S 145834585 288 101736 2
S 145845585 288 101736 2
S 145856584 288 101735 2
S 145867583 288 101739 2
S 145878583 288 101736 2
S 145889582 288 101738 2
S 145900581 288 101740 2
S 145911581 288 101731 2
S 145922580 288 101736 2
S 145933579 288 101741 2
S 145944579 288 101737 2
S 145960578 288 101741 2
S 145971577 288 101741 2
S 145982576 288 101743 2
S 145993575 288 101744 2
S 146004575 288 101741 2
S 146015574 288 101743 2
S 146026573 288 101738 2
S 146037573 288 101741 2
S 146048572 288 101733 2
S 146059571 288 101739 2
S 146070571 288 101735 2
S 146081570 288 101734 2
S 146092569 288 101739 2
S 146103569 288 101735 2
S 146114568 288 101735 2
S 146125567 288 101737 2
S 146136567 288 101728 2
S 146147566 288 101736 2
S 146158565 288 101737 2
S 146169564 288 101739 2
S 146180564 288 101738 2
S 146191563 288 101739 2
S 146202562 288 101736 2
S 146213562 288 101733 2
S 146224561 288 101733 2
S 146235560 288 101727 2
S 146246560 288 101733 2
S 146257559 288 101735 2
S 146268558 288 101733 2
S 146279558 288 101733 2
S 146290557 288 101738 2
S 146301556 288 101733 2
S 146312556 288 101734 2
S 146323555 288 101730 2
S 146334554 288 101734 2
S 146345553 288 101732 2
S 146356553 288 101733 2
S 146367552 288 101733 2
S 146378551 288 101733 2
S 146389551 288 101738 2
S 146400550 288 101735 2
S 146411549 288 101733 2
S 146422549 288 101733 2
S 146433548 288 101736 2
S 146444547 288 101737 2
S 146455547 288 101738 2
S 146466546 288 101734 2
S 146477545 288 101731 2
S 146488545 288 101730 2
S 146499544 288 101730 2
S 146510543 288 101731 2
S 146521542 288 101737 2
S 146532542 288 101733 2
S 146543541 288 101733 2
S 146554540 288 101735 2
S 146565540 288 101735 2
S 146576539 288 101730 2
S 146587538 288 101735 2
S 146598538 288 101730 2
S 146609537 288 101731 2
S 146620536 288 101736 2
S 146631536 288 101735 2
S 146642535 288 101733 2
S 146653534 288 101735 2
S 146664534 288 101729 2
S 146675533 288 101733 2
S 146686532 288 101733 2
S 146697531 288 101729 2
S 146708531 288 101735 2
S 146719530 288 101735 2
S 146730529 288 101738 2
S 146741529 288 101732 2
S 146752528 288 101738 2
S 146763527 288 101730 2
S 146774527 288 101730 2
S 146785526 288 101733 2
S 146796525 288 101741 2
S 146807525 288 101738 2
S 146818524 288 101738 2
S 146829523 288 101736 2
S 146840523 288 101733 2
S 146851522 288 101736 2
S 146862521 288 101737 2
S 146873520 288 101732 2
S 146884520 288 101732 2
S 146895519 288 101735 2
S 146906518 288 101733 2
S 146917518 288 101733 2
S 146928517 288 101733 2
S 146939516 288 101732 2
S 146950516 288 101731 2
S 146966515 288 101730 2
S 146977514 288 101730 2
S 146988513 288 101735 2
S 146999513 288 101732 2
S 147010512 288 101728 2
S 147021511 288 101730 2
S 147032511 288 101732 2
S 147043510 288 101732 2
S 147054509 288 101730 2
S 147065508 288 101732 2
S 147076508 288 101733 2
S 147087507 288 101735 2
S 147098506 288 101735 2
S 147109506 288 101730 2
S 147120505 288 101735 2
S 147131504 288 101729 2
S 147142504 288 101733 2
S 147153503 288 101735 2
S 147164502 288 101730 2
S 147175502 288 101735 2
S 147186501 288 101736 2
S 147197500 288 101732 2
S 147208500 288 101735 2
S 147219499 288 101741 2
S 147230498 288 101738 2
S 147241497 288 101735 2
S 147252497 288 101732 2
S 147263496 288 101732 2
S 147274495 288 101726 2
S 147285495 288 101730 2
S 147296494 288 101733 2
S 147307493 288 101729 2
S 147318493 288 101731 2
S 147329492 288 101729 2
S 147340491 288 101728 2
S 147351491 288 101733 2
S 147362490 288 101736 2
S 147373489 288 101732 2
S 147384489 288 101734 2
S 147395488 288 101737 2
S 147406487 288 101735 2
S 147417486 288 101735 2
S 147428486 288 101729 2
S 147439485 288 101732 2
S 147450484 288 101733 2
S 147461484 288 101735 2
S 147472483 288 101732 2
S 147483482 288 101733 2
S 147494482 288 101738 2
S 147505481 288 101733 2
S 147516480 288 101732 2
S 147527480 288 101729 2
S 147538479 288 101727 2
S 147549478 288 101727 2
S 147560478 288 101730 2
S 147571477 288 101729 2
S 147582476 288 101729 2
S 147593475 288 101731 2
S 147604475 288 101727 2
S 147615474 288 101727 2
S 147626473 288 101729 2
S 147637473 288 101729 2
S 147648472 288 101730 2
S 147659471 288 101729 2
S 147670471 288 101729 2
S 147681470 288 101727 2
S 147692469 288 101727 2
S 147703469 288 101726 2
S 147714468 288 101729 2
S 147725467 288 101727 2
S 147736467 288 101731 2
S 147747466 288 101727 2
S 147758465 288 101729 2
S 147769464 288 101729 2
S 147780464 288 101728 2
S 147791463 288 101727 2
S 147802462 288 101726 2
S 147813462 288 101729 2
S 147824461 288 101732 2
S 147835460 288 101729 2
S 147846460 288 101729 2
S 147857459 288 101733 2
S 147868458 288 101736 2
S 147879458 288 101737 2
S 147890457 288 101741 2
S 147901456 288 101734 2
S 147912456 288 101732 2
S 147923455 288 101727 2
S 147934454 288 101729 2
S 147945453 288 101730 2
S 147956453 288 101732 2
S 147972452 288 101731 2
S 147983451 288 101731 2
S 147994450 288 101731 2
S 148005450 288 101729 2
S 148016449 288 101733 2
S 148027448 288 101731 2
S 148038448 288 101729 2
S 148049447 288 101732 2
S 148060446 288 101732 2
S 148071446 288 101726 2
S 148082445 288 101727 2
S 148093444 288 101733 2
S 148104444 288 101730 2
S 148115443 288 101729 2
S 148126442 288 101729 2
S 148137441 288 101730 2
S 148148441 288 101729 2
S 148159440 288 101735 2
S 148170439 288 101732 2
S 148181439 288 101729 2
S 148192438 288 101732 2
S 148203437 288 101731 2
S 148214437 288 101730 2
S 148225436 288 101728 2
S 148236435 288 101729 2
S 148247435 288 101728 2
S 148258434 288 101732 2
S 148269433 288 101730 2
S 148280433 288 101728 2
S 148291432 288 101728 2
S 148302431 288 101731 2
S 148313430 288 101733 2
S 148324430 288 101729 2
S 148335429 288 101731 2
S 148346428 288 101730 2
S 148357428 288 101728 2
S 148368427 288 101732 2
S 148379426 288 101728 2
S 148390426 288 101727 2
S 148401425 288 101728 2
S 148412424 288 101730 2
S 148423424 288 101729 2
S 148434423 288 101732 2
S 148445422 288 101731 2
S 148456422 288 101727 2
S 148467421 288 101729 2
S 148478420 288 101729 2
S 148489419 288 101730 2
S 148500419 288 101727 2
S 148511418 288 101729 2
S 148522417 288 101732 2
S 148533417 288 101735 2
S 148544416 288 101732 2
S 148555415 288 101729 2
S 148566415 288 101734 2
S 148577414 288 101735 2
S 148588413 288 101732 2
S 148599413 288 101730 2
S 148610412 288 101731 2
S 148621411 288 101729 2
S 148632411 288 101728 2
S 148643410 288 101731 2
S 148654409 288 101728 2
S 148665408 288 101729 2
S 148676408 288 101729 2
S 148687407 288 101737 2
S 148698406 288 101734 2
S 148709406 288 101733 2
S 148720405 288 101735 2
S 148731404 288 101732 2
S 148742404 288 101737 2
S 148753403 288 101733 2
S 148764402 288 101735 2
S 148775402 288 101733 2
S 148786401 288 101737 2
S 148797400 288 101738 2
S 148808400 288 101736 2
S 148819399 288 101729 2
S 148830398 288 101736 2
S 148841397 288 101736 2
S 148852397 288 101734 2
S 148863396 288 101738 2
S 148874395 288 101736 2
S 148885395 288 101736 2
S 148896394 288 101740 2
S 148907393 288 101742 2
S 148918393 288 101735 2
S 148929392 288 101735 2
S 148940391 288 101732 2
S 148951391 288 101731 2
S 148962390 288 101732 2
S 148978389 288 101732 2
S 148989388 288 101730 2
S 149000388 288 101731 2
S 149011387 288 101732 2
S 149022386 288 101729 2
S 149033385 288 101732 2
S 149044385 288 101730 2
S 149055384 288 101733 2
S 149066383 288 101735 2
S 149077383 288 101732 2
S 149088382 288 101735 2
S 149099381 288 101735 2
S 149110381 288 101736 2
S 149121380 288 101731 2
S 149132379 288 101736 2
S 149143379 288 101734 2
S 149154378 288 101738 2
S 149165377 288 101729 2
S 149176377 288 101732 2
S 149187376 288 101732 2
S 149198375 288 101732 2
S 149209374 288 101732 2
S 149220374 288 101732 2
S 149231373 288 101734 2
S 149242372 288 101733 2
S 149253372 288 101730 2
S 149264371 288 101732 2
S 149275370 288 101732 2
S 149286370 288 101734 2
S 149297369 288 101737 2
S 149308368 288 101734 2
S 149319368 288 101735 2
S 149330367 288 101733 2
S 149341366 288 101731 2
S 149352366 288 101730 2
S 149363365 288 101730 2
S 149374364 288 101730 2
S 149385363 288 101734 2
S 149396363 288 101732 2
S 149407362 288 101732 2
S 149418361 288 101729 2
S 149429361 288 101736 2
S 149440360 288 101735 2
S 149451359 288 101732 2
S 149462359 288 101731 2
S 149473358 288 101730 2
S 149484357 288 101732 2
S 149495357 288 101734 2
S 149506356 288 101730 2
S 149517355 288 101729 2
S 149528355 288 101732 2
S 149539354 288 101734 2
S 149550353 288 101732 2
S 149561352 288 101732 2
S 149572352 288 101731 2
S 149583351 288 101735 2
S 149594350 288 101735 2
S 149605350 288 101732 2
S 149616349 288 101728 2
S 149627348 288 101732 2
S 149638348 288 101735 2
S 149649347 288 101735 2
S 149660346 288 101734 2
S 149671346 288 101734 2
S 149682345 288 101733 2
S 149693344 288 101732 2
S 149704344 288 101734 2
S 149715343 288 101735 2
S 149726342 288 101735 2
S 149737341 288 101735 2
S 149748341 288 101729 2
S 149759340 288 101732 2
S 149770339 288 101733 2
S 149781339 288 101732 2
S 149792338 288 101735 2
S 149803337 288 101724 2
S 149814337 288 101732 2
S 149825336 288 101732 2
S 149836335 288 101730 2
S 149847335 288 101735 2
S 149858334 288 101732 2
S 149869333 288 101731 2
S 149880333 288 101725 2
S 149891332 288 101728 2
S 149902331 288 101729 2
S 149913330 288 101727 2
S 149924330 288 101727 2
S 149935329 288 101734 2
S 149946328 288 101729 2
S 149957328 288 101729 2
S 149968327 288 101730 2
S 149984326 288 101729 2
S 149995325 288 101730 2
S 150006325 288 101732 2
S 150017324 288 101732 2
S 150028323 288 101732 2
S 150039323 288 101729 2
S 150050322 288 101733 2
S 150061321 288 101724 2
S 150072321 288 101732 2
S 150083320 288 101735 2
S 150094319 288 101733 2
S 150105318 288 101732 2
S 150116318 288 101733 2
S 150127317 288 101729 2
S 150138316 288 101728 2
S 150149316 288 101725 2
S 150160315 288 101725 2
S 150171314 288 101724 2
S 150182314 288 101727 2
S 150193313 288 101732 2
S 150204312 288 101730 2
S 150215312 288 101728 2
S 150226311 288 101731 2
S 150237310 288 101726 2
S 150248310 288 101729 2
S 150259309 288 101727 2
