# capture_start_utc=2026-08-09T12:39:35Z
S 12319420 315 101742 1
S 12335419 315 101740 1
S 12351418 315 101740 1
S 12367417 315 101737 1
S 12383416 315 101739 1
S 12399415 315 101739 1
S 12415414 315 101739 1
S 12431413 315 101735 1
S 12447412 315 101740 1
[[DEBUG]] Starting [[SENSOR TASK]]
[SELFTEST] compensate: T=150 (exp 150)  P=69964 (exp 69964)  -> PASS
#BMP180 v1 fw=1.3.0 temp_ms=0
[[DEBUG]] BMP180 registered on /dev/bmp180-0
S 73186 315 101740 0
S 86185 315 101737 0
S 99184 315 101734 0
S 112183 315 101743 0
S 125182 315 101746 0
S 138181 315 101740 0
S 151181 315 101743 0
S 164180 315 101740 0
S 177179 315 101740 0
S 190178 315 101743 0
S 203177 315 101743 0
S 216177 315 101749 0
S 229176 315 101737 0
S 242175 315 101735 0
S 255174 315 101749 0
S 268173 315 101740 0
S 281173 315 101737 0
S 294172 315 101746 0
S 307171 315 101740 0
S 320170 315 101737 0
S 333169 315 101725 0
S 346168 315 101746 0
S 359168 315 101743 0
S 372167 315 101737 0
S 385166 315 101740 0
S 398165 315 101740 0
S 411164 315 101743 0
S 424164 315 101728 0
S 437163 315 101746 0
S 450162 315 101740 0
S 463161 315 101737 0
S 476160 315 101737 0
S 489160 315 101746 0
S 502159 315 101749 0
S 515158 315 101737 0
S 528157 315 101737 0
S 541156 315 101740 0
S 554155 315 101746 0
S 567155 315 101749 0
S 580154 315 101735 0
S 593153 315 101749 0
S 606152 316 101741 0
S 619151 315 101746 0
S 632151 315 101737 0
S 645150 315 101735 0
S 658149 315 101743 0
S 671148 315 101734 0
S 684147 315 101743 0
S 697147 315 101735 0
S 710146 315 101737 0
S 723145 315 101737 0
S 736144 315 101746 0
S 749143 315 101746 0
S 762142 315 101740 0
S 775142 315 101740 0
S 788141 315 101749 0
S 801140 315 101740 0
S 814139 315 101737 0
S 827138 315 101740 0
S 840138 315 101731 0
S 853137 315 101737 0
S 866136 315 101731 0
S 879135 315 101734 0
S 892134 315 101740 0
S 905134 315 101740 0
S 918133 315 101737 0
S 931132 315 101737 0
S 944131 315 101723 0
S 957130 315 101746 0
S 970129 315 101734 0
S 983129 315 101740 0
S 996128 315 101737 0
S 1009127 315 101737 0
S 1022126 315 101743 0
S 1035125 315 101740 0
S 1048125 315 101737 0
S 1061124 315 101743 0
S 1074123 315 101743 0
S 1087122 315 101740 0
S 1100121 315 101749 0
S 1113121 315 101740 0
S 1126120 315 101737 0
S 1139119 315 101737 0
S 1152118 315 101746 0
S 1165117 315 101752 0
S 1178116 315 101740 0
S 1191116 315 101746 0
S 1204115 315 101740 0
S 1217114 315 101746 0
S 1230113 315 101746 0
S 1243112 315 101728 0
S 1256112 315 101746 0
S 1269111 315 101737 0
S 1282110 315 101746 0
S 1295109 315 101734 0
S 1308108 315 101743 0
S 1321108 315 101746 0
S 1334107 315 101737 0
S 1347106 315 101743 0
S 1360105 315 101743 0
S 1373104 315 101743 0
S 1386103 315 101746 0
S 1399103 315 101737 0
S 1412102 315 101749 0
S 1425101 315 101749 0
S 1438100 315 101740 0
S 1451099 315 101743 0
S 1464099 315 101737 0
S 1477098 315 101746 0
S 1490097 315 101749 0
S 1503096 315 101735 0
S 1516095 315 101743 0
S 1529095 315 101749 0
S 1542094 315 101755 0
S 1555093 315 101749 0
S 1568092 315 101755 0
S 1581091 315 101752 0
S 1594090 315 101755 0
S 1607090 315 101752 0
S 1620089 315 101746 0
S 1633088 315 101752 0
S 1646087 315 101749 0
S 1659086 315 101752 0
S 1672086 315 101758 0
S 1685085 315 101752 0
S 1698084 315 101743 0
S 1711083 315 101743 0
S 1724082 315 101758 0
S 1737082 315 101746 0
S 1750081 315 101746 0
S 1763080 315 101740 0
S 1776079 315 101723 0
S 1789078 315 101743 0
S 1802077 315 101743 0
S 1815077 315 101731 0
S 1828076 315 101737 0
S 1841075 315 101740 0
S 1854074 315 101740 0
S 1867073 315 101749 0
S 1880073 315 101749 0
S 1893072 315 101737 0
S 1906071 315 101735 0
S 1919070 315 101728 0
S 1932069 315 101737 0
S 1945069 315 101740 0
S 1958068 315 101743 0
S 1971067 315 101749 0
S 1984066 315 101740 0
S 1997065 315 101746 0
S 2010064 315 101740 0
S 2023064 315 101743 0
S 2036063 315 101746 0
S 2049062 315 101746 0
S 2062061 315 101737 0
S 2075060 315 101740 0
S 2088060 315 101731 0
S 2101059 315 101746 0
S 2114058 315 101746 0
S 2127057 315 101752 0
S 2140056 315 101746 0
S 2153056 315 101746 0
S 2166055 315 101743 0
S 2179054 315 101737 0
S 2192053 315 101737 0
S 2205052 315 101746 0
S 2218051 315 101749 0
S 2231051 315 101743 0
S 2244050 315 101743 0
S 2257049 315 101743 0
S 2270048 315 101743 0
S 2283047 315 101746 0
S 2296047 315 101746 0
S 2309046 315 101746 0
S 2322045 315 101746 0
S 2335044 315 101731 0
S 2348043 315 101749 0
S 2361043 315 101737 0
S 2374042 315 101740 0
S 2387041 315 101740 0
S 2400040 315 101740 0
S 2413039 315 101735 0
S 2426038 315 101743 0
S 2439038 315 101731 0
S 2452037 315 101735 0
S 2465036 315 101737 0
S 2478035 315 101740 0
S 2491034 315 101746 0
S 2504034 315 101734 0
S 2517033 315 101731 0
S 2530032 315 101743 0
S 2543031 315 101737 0
S 2556030 315 101743 0
S 2569030 315 101749 0
S 2582029 315 101749 0
S 2595028 315 101735 0
S 2608027 315 101737 0
S 2621026 315 101743 0
S 2634025 315 101743 0
S 2647025 315 101737 0
S 2660024 315 101737 0
S 2673023 315 101737 0
S 2686022 315 101734 0
S 2699021 315 101737 0
S 2712021 315 101746 0
S 2725020 315 101740 0
S 2738019 315 101743 0
S 2751018 315 101740 0
S 2764017 315 101743 0
S 2777017 315 101749 0
S 2790016 315 101737 0
S 2803015 315 101737 0
S 2816014 315 101737 0
S 2829013 315 101735 0
S 2842012 315 101734 0
S 2855012 315 101728 0
S 2868011 315 101740 0
S 2881010 315 101731 0
S 2894009 315 101731 0
S 2907008 315 101737 0
S 2920008 315 101734 0
S 2933007 315 101743 0
S 2946006 315 101746 0
S 2959005 315 101734 0
S 2972004 315 101740 0
S 2985004 315 101731 0
S 2998003 315 101740 0
S 3011002 315 101731 0
S 3024001 315 101737 0
S 3037000 315 101740 0
S 3049999 315 101746 0
S 3062999 315 101732 0
S 3075998 315 101743 0
S 3088997 315 101740 0
S 3101996 315 101737 0
S 3114995 315 101746 0
S 3127995 315 101743 0
S 3140994 315 101734 0
S 3153993 315 101734 0
S 3166992 315 101735 0
S 3179991 315 101746 0
S 3192991 315 101743 0
S 3205990 315 101737 0
S 3218989 315 101737 0
S 3231988 315 101743 0
S 3244987 315 101746 0
S 3257986 315 101743 0
S 3270986 315 101746 0
S 3283985 315 101740 0
S 3296984 315 101740 0
S 3309983 315 101743 0
S 3322982 315 101743 0
S 3335982 315 101743 0
S 3348981 315 101740 0
S 3361980 315 101734 0
S 3374979 315 101740 0
S 3387978 315 101758 0
S 3400978 315 101734 0
S 3413977 315 101746 0
S 3426976 315 101737 0
S 3439975 315 101746 0
S 3452974 315 101737 0
S 3465973 315 101735 0
S 3478973 315 101749 0
S 3491972 315 101740 0
S 3504971 315 101746 0
S 3517970 315 101746 0
S 3530969 315 101749 0
S 3543969 315 101749 0
S 3556968 315 101749 0
S 3569967 315 101734 0
S 3582966 315 101743 0
S 3595965 315 101731 0
S 3608965 315 101740 0
S 3621964 315 101737 0
S 3634963 315 101737 0
S 3647962 315 101743 0
S 3660961 315 101737 0
S 3673960 315 101740 0
S 3686960 315 101746 0
S 3699959 315 101740 0
S 3712958 315 101746 0
S 3725957 315 101740 0
S 3738956 315 101737 0
S 3751956 315 101743 0
S 3764955 315 101740 0
S 3777954 315 101746 0
S 3790953 315 101737 0
S 3803952 315 101734 0
S 3816952 315 101743 0
S 3829951 315 101743 0
S 3842950 315 101735 0
S 3855949 315 101735 0
S 3868948 315 101737 0
S 3881947 315 101740 0
S 3894947 315 101728 0
S 3907946 315 101746 0
S 3920945 315 101746 0
S 3933944 315 101743 0
S 3946943 315 101735 0
S 3959943 315 101746 0
S 3972942 315 101743 0
S 3985941 315 101725 0
S 3998940 315 101740 0
S 4011939 315 101728 0
S 4024939 315 101743 0
S 4037938 315 101746 0
S 4050937 315 101734 0
S 4063936 315 101752 0
S 4076935 315 101737 0
S 4089934 315 101740 0
S 4102934 315 101737 0
S 4115933 315 101743 0
S 4128932 315 101734 0
S 4141931 315 101743 0
S 4154930 315 101743 0
S 4167930 315 101743 0
S 4180929 315 101740 0
S 4193928 315 101743 0
S 4206927 315 101740 0
S 4219926 315 101737 0
S 4232926 315 101740 0
S 4245925 315 101740 0
S 4258924 315 101731 0
S 4271923 315 101743 0
S 4284922 315 101743 0
S 4297921 315 101746 0
S 4310921 315 101740 0
S 4323920 315 101737 0
S 4336919 315 101743 0
S 4349918 315 101734 0
S 4362917 315 101743 0
S 4375917 315 101743 0
S 4388916 315 101740 0
S 4401915 315 101737 0
S 4414914 315 101743 0
S 4427913 315 101728 0
S 4440913 315 101731 0
S 4453912 315 101737 0
S 4466911 315 101752 0
S 4479910 315 101743 0
S 4492909 315 101743 0
S 4505908 315 101740 0
S 4518908 315 101743 0
S 4531907 315 101734 0
S 4544906 315 101740 0
S 4557905 315 101734 0
S 4570904 315 101746 0
S 4583904 315 101731 0
S 4596903 315 101740 0
S 4609902 315 101737 0
S 4622901 315 101737 0
S 4635900 315 101740 0
S 4648900 315 101734 0
S 4661899 315 101734 0
S 4674898 315 101740 0
S 4687897 315 101740 0
S 4700896 315 101734 0
S 4713895 315 101740 0
S 4726895 315 101740 0
S 4739894 315 101743 0
S 4752893 315 101740 0
S 4765892 315 101734 0
S 4778891 315 101743 0
S 4791891 315 101731 0
S 4804890 315 101737 0
S 4817889 315 101735 0
S 4830888 315 101740 0
S 4843887 315 101740 0
S 4856887 315 101746 0
S 4869886 315 101752 0
S 4882885 315 101737 0
S 4895884 315 101740 0
S 4908883 315 101735 0
S 4921882 315 101740 0
S 4934882 315 101749 0
S 4947881 315 101740 0
S 4960880 315 101746 0
S 4973879 315 101743 0
S 4986878 315 101740 0
S 4999878 315 101752 0
S 5012877 315 101743 0
S 5025876 315 101755 0
S 5038875 315 101746 0
S 5051874 315 101743 0
S 5064874 315 101737 0
S 5077873 315 101749 0
S 5090872 315 101740 0
S 5103871 315 101737 0
S 5116870 315 101746 0
S 5129869 315 101740 0
S 5142869 315 101749 0
S 5155868 315 101743 0
S 5168867 315 101743 0
S 5181866 315 101746 0
S 5194865 315 101743 0
S 5207865 315 101743 0
S 5220864 315 101737 0
S 5233863 315 101740 0
S 5246862 315 101734 0
S 5259861 315 101734 0
S 5272861 315 101749 0
S 5285860 315 101746 0
S 5298859 315 101749 0
S 5311858 315 101743 0
S 5324857 315 101746 0
S 5337856 315 101752 0
S 5350856 315 101749 0
S 5363855 315 101740 0
S 5376854 315 101737 0
S 5389853 315 101746 0
S 5402852 315 101752 0
S 5415852 315 101749 0
S 5428851 315 101746 0
S 5441850 315 101746 0
S 5454849 315 101740 0
S 5467848 315 101740 0
S 5480848 315 101746 0
S 5493847 315 101746 0
S 5506846 315 101746 0
S 5519845 315 101737 0
S 5532844 315 101734 0
S 5545843 315 101746 0
S 5558843 315 101746 0
S 5571842 315 101740 0
S 5584841 315 101752 0
S 5597840 315 101740 0
S 5610839 315 101737 0
S 5623839 315 101746 0
S 5636838 315 101743 0
S 5649837 315 101740 0
S 5662836 315 101740 0
S 5675835 315 101740 0
S 5688835 315 101740 0
S 5701834 315 101743 0
S 5714833 315 101731 0
S 5727832 315 101740 0
S 5740831 315 101740 0
S 5753830 315 101740 0
S 5766830 315 101740 0
S 5779829 315 101740 0
S 5792828 315 101740 0
S 5805827 315 101732 0
S 5818826 315 101728 0
S 5831826 315 101734 0
S 5844825 315 101731 0
S 5857824 315 101737 0
S 5870823 315 101743 0
S 5883822 315 101732 0
S 5896822 315 101740 0
S 5909821 315 101743 0
S 5922820 315 101746 0
S 5935819 315 101737 0
S 5948818 315 101743 0
S 5961817 315 101737 0
S 5974817 315 101746 0
S 5987816 315 101737 0
S 6000816 315 101737 0
S 6013814 315 101737 0
S 6026813 315 101737 0
S 6039813 315 101746 0
S 6052812 315 101746 0
S 6065811 315 101719 0
S 6078810 315 101737 0
S 6091809 315 101740 0
S 6104809 315 101740 0
S 6117808 315 101743 0
S 6130807 315 101743 0
S 6143806 315 101737 0
S 6156805 315 101746 0
S 6169804 315 101749 0
S 6182804 315 101743 0
S 6195803 315 101743 0
S 6208802 315 101749 0
S 6221801 315 101737 0
S 6234800 315 101740 0
S 6247800 315 101743 0
S 6260799 315 101746 0
S 6273798 315 101749 0
S 6286797 315 101743 0
S 6299796 315 101740 0
S 6312796 315 101746 0
S 6325795 315 101746 0
S 6338794 315 101746 0
S 6351793 315 101734 0
S 6364792 315 101743 0
S 6377791 315 101734 0
S 6390791 315 101746 0
S 6403790 315 101746 0
S 6416789 315 101737 0
S 6429788 315 101737 0
S 6442787 315 101737 0
S 6455787 315 101749 0
S 6468786 315 101734 0
S 6481785 315 101746 0
S 6494784 315 101743 0
S 6507783 315 101740 0
S 6520783 315 101734 0
S 6533782 315 101734 0
S 6546781 315 101743 0
S 6559780 315 101743 0
S 6623776 315 101743 1
S 6639775 315 101743 1
S 6655774 315 101742 1
S 6671773 315 101737 1
S 6687772 315 101742 1
S 6703771 315 101737 1
S 6719770 315 101739 1
S 6735769 315 101733 1
S 6751768 315 101743 1
S 6767767 315 101742 1
S 6783766 315 101742 1
S 6799765 315 101742 1
S 6815764 315 101737 1
S 6831763 315 101740 1
S 6847762 315 101733 1
S 6863761 315 101746 1
S 6879760 315 101734 1
S 6895759 315 101751 1
S 6911758 315 101737 1
S 6927757 315 101736 1
S 6943756 315 101739 1
S 6959755 315 101739 1
S 6975754 315 101748 1
S 6991753 315 101746 1
S 7007752 315 101746 1
S 7023751 315 101743 1
S 7039750 315 101739 1
S 7055749 315 101737 1
S 7071748 315 101743 1
S 7087747 315 101743 1
S 7103746 315 101748 1
S 7119745 315 101745 1
S 7135744 315 101746 1
S 7151743 315 101748 1
S 7167742 315 101751 1
S 7183741 315 101746 1
S 7199740 315 101742 1
S 7215739 315 101736 1
S 7231738 315 101740 1
S 7247737 315 101745 1
S 7263736 315 101745 1
S 7279735 315 101740 1
S 7295734 315 101742 1
S 7311733 315 101751 1
S 7327732 315 101743 1
S 7343731 315 101745 1
S 7359730 315 101740 1
S 7375729 315 101748 1
S 7391728 315 101743 1
S 7407727 315 101742 1
S 7423726 315 101745 1
S 7439725 315 101739 1
S 7455724 315 101742 1
S 7471723 315 101739 1
S 7487722 315 101736 1
S 7503721 315 101748 1
S 7519720 315 101737 1
S 7535719 315 101742 1
S 7551718 315 101743 1
S 7567717 315 101735 1
S 7583716 315 101743 1
S 7599715 315 101740 1
S 7615714 315 101743 1
S 7631713 315 101746 1
S 7647712 315 101746 1
S 7663711 315 101746 1
S 7679710 315 101739 1
S 7695709 315 101752 1
S 7711708 315 101748 1
S 7727707 315 101748 1
S 7743706 316 101747 1
S 7759705 315 101739 1
S 7775704 315 101739 1
S 7791703 315 101748 1
S 7807702 315 101746 1
S 7823701 315 101746 1
S 7839700 315 101737 1
S 7855699 315 101746 1
S 7871698 315 101746 1
S 7887697 315 101740 1
S 7903696 315 101737 1
S 7919695 315 101739 1
S 7935694 315 101739 1
S 7951693 315 101742 1
S 7967692 315 101742 1
S 7983691 315 101742 1
S 7999690 315 101746 1
S 8015689 315 101737 1
S 8031688 315 101740 1
S 8047687 315 101739 1
S 8063686 315 101739 1
S 8079685 315 101752 1
S 8095684 315 101742 1
S 8111683 315 101746 1
S 8127682 315 101740 1
S 8143681 315 101748 1
S 8159680 315 101743 1
S 8175679 315 101748 1
S 8191678 315 101749 1
S 8207677 315 101737 1
S 8223676 315 101737 1
S 8239675 315 101745 1
S 8255674 315 101739 1
S 8271673 315 101739 1
S 8287672 315 101737 1
S 8303671 315 101737 1
S 8319670 315 101739 1
S 8335669 315 101743 1
S 8351668 315 101743 1
S 8367667 315 101745 1
S 8383666 315 101737 1
S 8399665 315 101736 1
S 8415664 315 101742 1
S 8431663 315 101743 1
S 8447662 315 101745 1
S 8463661 315 101743 1
S 8479660 315 101735 1
S 8495659 315 101739 1
S 8511658 315 101739 1
S 8527657 315 101737 1
S 8543656 315 101739 1
S 8559655 315 101739 1
S 8575654 315 101739 1
S 8591653 315 101740 1
S 8607652 315 101733 1
S 8623651 315 101742 1
S 8639650 315 101743 1
S 8655649 315 101739 1
S 8671648 315 101740 1
S 8687647 315 101740 1
S 8703646 315 101739 1
S 8719645 315 101743 1
S 8735644 315 101739 1
S 8751643 315 101737 1
S 8767642 315 101737 1
S 8783641 315 101736 1
S 8799640 315 101733 1
S 8815639 315 101735 1
S 8831638 315 101736 1
S 8847637 315 101748 1
S 8863636 315 101739 1
S 8879635 315 101743 1
S 8895634 315 101739 1
S 8911633 315 101737 1
S 8927632 315 101746 1
S 8943631 315 101746 1
S 8959630 315 101736 1
S 8975629 315 101739 1
S 8991628 315 101739 1
S 9007627 315 101735 1
S 9023626 315 101742 1
S 9039625 315 101737 1
S 9055624 315 101742 1
S 9071623 315 101745 1
S 9087622 315 101745 1
S 9103621 315 101739 1
S 9119620 315 101743 1
S 9135619 315 101739 1
S 9151618 315 101745 1
S 9167617 315 101737 1
S 9183616 315 101745 1
S 9199615 315 101746 1
S 9215614 315 101742 1
S 9231613 315 101745 1
S 9247612 315 101745 1
S 9263611 315 101749 1
S 9279610 315 101739 1
S 9295609 315 101740 1
S 9311608 315 101739 1
S 9327607 315 101740 1
S 9343606 315 101737 1
S 9359605 315 101740 1
S 9375604 315 101745 1
S 9391603 315 101745 1
S 9407602 315 101742 1
S 9423601 315 101736 1
S 9439600 315 101745 1
S 9455599 315 101733 1
S 9471598 315 101748 1
S 9487597 315 101742 1
S 9503596 315 101742 1
S 9519595 315 101740 1
S 9535594 316 101751 1
S 9551593 315 101739 1
S 9567592 315 101735 1
S 9583591 315 101733 1
S 9599590 315 101736 1
S 9615589 315 101736 1
S 9631588 315 101730 1
S 9647587 315 101736 1
S 9663586 315 101743 1
S 9679585 315 101740 1
S 9695584 315 101737 1
S 9711583 315 101740 1
S 9727582 315 101740 1
S 9743581 315 101745 1
S 9759580 316 101739 1
S 9775579 315 101737 1
S 9791578 315 101740 1
S 9807577 315 101743 1
S 9823576 315 101742 1
S 9839575 316 101754 1
S 9855574 315 101742 1
S 9871573 315 101743 1
S 9887572 315 101748 1
S 9903571 315 101739 1
S 9919570 315 101733 1
S 9935569 315 101736 1
S 9951568 315 101742 1
S 9967567 315 101739 1
S 9983566 315 101737 1
S 9999565 315 101740 1
S 10015564 315 101737 1
S 10031563 315 101733 1
S 10047562 315 101737 1
S 10063561 315 101735 1
S 10079560 315 101733 1
S 10095559 315 101735 1
S 10111558 315 101743 1
S 10127557 315 101740 1
S 10143556 315 101735 1
S 10159555 315 101737 1
S 10175554 315 101743 1
S 10191553 315 101733 1
S 10207552 315 101735 1
S 10223551 315 101736 1
S 10239550 315 101732 1
S 10255549 315 101735 1
S 10271548 315 101737 1
S 10287547 315 101736 1
S 10303546 315 101735 1
S 10319545 315 101733 1
S 10335544 315 101742 1
S 10351543 315 101736 1
S 10367542 315 101743 1
S 10383541 316 101744 1
S 10399540 315 101748 1
S 10415539 315 101739 1
S 10431538 315 101743 1
S 10447537 315 101737 1
S 10463536 315 101743 1
S 10479535 315 101745 1
S 10495534 315 101745 1
S 10511533 315 101742 1
S 10527532 315 101739 1
S 10543531 315 101742 1
S 10559530 315 101742 1
S 10575529 315 101736 1
S 10591528 315 101742 1
S 10607527 315 101733 1
S 10623526 315 101733 1
S 10639525 315 101736 1
S 10655524 315 101732 1
S 10671523 315 101735 1
S 10687522 315 101733 1
S 10703521 315 101735 1
S 10719520 315 101733 1
S 10735519 315 101730 1
S 10751518 315 101729 1
S 10767517 315 101735 1
S 10783516 315 101732 1
S 10799515 315 101735 1
S 10815514 315 101737 1
S 10831513 315 101733 1
S 10847512 315 101733 1
S 10863511 315 101736 1
S 10879510 315 101740 1
S 10895509 315 101743 1
S 10911508 315 101736 1
S 10927507 316 101742 1
S 10943506 315 101739 1
S 10959505 315 101739 1
S 10975504 315 101736 1
S 10991503 315 101736 1
S 11007502 315 101740 1
S 11023501 315 101742 1
S 11039500 316 101745 1
S 11055499 315 101743 1
S 11071498 315 101737 1
S 11087497 315 101737 1
S 11103496 315 101733 1
S 11119495 315 101737 1
S 11135494 315 101740 1
S 11151493 315 101735 1
S 11167492 315 101740 1
S 11183491 315 101736 1
S 11199490 315 101737 1
S 11215489 315 101742 1
S 11231488 315 101742 1
S 11247487 315 101735 1
S 11263486 315 101742 1
S 11279485 315 101740 1
S 11295484 315 101740 1
S 11311483 315 101743 1
S 11327482 315 101740 1
S 11343481 315 101735 1
S 11359480 315 101735 1
S 11375479 315 101739 1
S 11391478 315 101733 1
S 11407477 315 101736 1
S 11423476 315 101730 1
S 11439475 315 101735 1
S 11455474 315 101733 1
S 11471473 315 101732 1
S 11487472 315 101735 1
S 11503471 315 101739 1
S 11519470 315 101737 1
S 11535469 315 101732 1
S 11551468 316 101747 1
S 11567467 316 101745 1
S 11583466 316 101742 1
S 11599465 315 101735 1
S 11615464 315 101739 1
S 11631463 315 101742 1
S 11647462 315 101742 1
S 11663461 316 101739 1
S 11679460 316 101736 1
S 11695459 315 101739 1
S 11711458 315 101732 1
S 11727457 315 101736 1
S 11743456 315 101733 1
S 11759455 315 101739 1
S 11775454 315 101736 1
S 11791453 315 101740 1
S 11807452 315 101739 1
S 11823451 315 101735 1
S 11839450 315 101735 1
S 11855449 315 101740 1
S 11871448 315 101740 1
S 11887447 315 101735 1
S 11903446 315 101740 1
S 11919445 316 101739 1
S 11935444 315 101730 1
S 11951443 315 101732 1
S 11967442 315 101736 1
S 11983441 315 101740 1
S 11999440 315 101743 1
S 12015439 315 101739 1
S 12031438 315 101740 1
S 12047437 315 101742 1
S 12063436 315 101735 1
S 12079435 315 101742 1
S 12095434 315 101740 1
S 12111433 315 101742 1
S 12127432 315 101742 1
S 12143431 315 101737 1
S 12159430 315 101745 1
S 12175429 316 101736 1
S 12191428 315 101735 1
S 12207427 315 101740 1
S 12223426 315 101739 1
S 12239425 315 101733 1
S 12255424 315 101736 1
S 12271423 315 101737 1
S 12287422 315 101737 1
S 12303421 315 101737 1
S 12319420 315 101737 1
S 12335419 315 101742 1
S 12351418 315 101733 1
S 12367417 315 101730 1
S 12383416 315 101739 1
S 12399415 315 101735 1
S 12415414 315 101739 1
S 12431413 315 101735 1
S 12447412 315 101733 1
S 12463411 316 101738 1
S 12479410 315 101733 1
S 12495409 316 101739 1
S 12511408 315 101735 1
S 12527407 315 101735 1
S 12543406 316 101733 1
S 12559405 315 101739 1
S 12575404 316 101744 1
S 12591403 315 101742 1
S 12607402 315 101737 1
S 12623401 315 101735 1
S 12639400 315 101740 1
S 12655399 316 101741 1
S 12671398 315 101742 1
S 12687397 315 101739 1
S 12703396 315 101737 1
S 12719395 315 101742 1
S 12735394 315 101752 1
S 12751393 315 101739 1
S 12767392 315 101743 1
S 12783391 315 101740 1
S 12799390 315 101736 1
S 12815389 315 101737 1
S 12831388 315 101735 1
S 12847387 315 101732 1
S 12863386 315 101739 1
S 12879385 315 101740 1
S 12895384 316 101736 1
S 12911383 315 101739 1
S 12927382 315 101743 1
S 12943381 315 101737 1
S 12959380 315 101737 1
S 12975379 315 101736 1
S 12991378 315 101737 1
S 13007377 315 101736 1
S 13023376 316 101748 1
S 13039375 315 101737 1
S 13055374 315 101742 1
S 13071373 315 101739 1
S 13087372 315 101733 1
S 13103371 316 101744 1
S 13119370 315 101737 1
S 13135369 315 101739 1
S 13151368 315 101733 1
S 13167367 315 101737 1
S 13183366 315 101733 1
S 13199365 315 101745 1
S 13215364 316 101739 1
S 13231363 316 101748 1
S 13247362 315 101732 1
S 13263361 315 101730 1
S 13279360 316 101739 1
S 13295359 315 101727 1
S 13311358 316 101742 1
S 13327357 315 101733 1
S 13343356 315 101730 1
S 13359355 315 101730 1
S 13375354 315 101729 1
S 13391353 315 101733 1
S 13407352 315 101721 1
S 13423351 316 101739 1
S 13439350 315 101735 1
S 13455349 315 101730 1
S 13471348 315 101729 1
S 13487347 315 101742 1
S 13503346 315 101739 1
S 13519345 315 101745 1
S 13535344 315 101740 1
S 13551343 315 101739 1
S 13567342 316 101748 1
S 13583341 315 101742 1
S 13599340 315 101740 1
S 13615339 315 101736 1
S 13631338 316 101744 1
S 13647337 316 101745 1
S 13663336 316 101741 1
S 13679335 316 101747 1
S 13695334 315 101736 1
S 13711333 315 101735 1
S 13727332 315 101735 1
S 13743331 315 101740 1
S 13759330 316 101739 1
S 13775329 315 101733 1
S 13791328 316 101739 1
S 13807327 316 101744 1
S 13823326 315 101743 1
S 13839325 316 101747 1
S 13855324 315 101742 1
S 13871323 316 101748 1
S 13887322 316 101744 1
S 13903321 315 101736 1
S 13919320 315 101745 1
S 13935319 315 101737 1
S 13951318 315 101737 1
S 13967317 315 101737 1
S 13983316 316 101751 1
S 13999315 316 101742 1
S 14015314 315 101742 1
S 14031313 316 101745 1
S 14047312 316 101751 1
S 14063311 316 101742 1
S 14079310 315 101742 1
S 14095309 315 101739 1
S 14111308 315 101743 1
S 14127307 315 101739 1
S 14143306 315 101739 1
S 14159305 315 101737 1
S 14175304 315 101739 1
S 14191303 315 101737 1
S 14207302 315 101737 1
S 14223301 315 101737 1
S 14239300 316 101745 1
S 14255299 316 101742 1
S 14271298 316 101744 1
S 14287297 316 101738 1
S 14303296 315 101736 1
S 14319295 315 101737 1
S 14335294 315 101739 1
S 14351293 315 101742 1
S 14367292 315 101745 1
S 14383291 315 101746 1
S 14399290 315 101737 1
S 14415289 315 101745 1
S 14431288 316 101744 1
S 14447287 315 101746 1
S 14463286 316 101748 1
S 14479285 315 101740 1
S 14495284 315 101742 1
S 14511283 315 101737 1
S 14527282 315 101733 1
S 14543281 315 101736 1
S 14559280 315 101733 1
S 14575279 315 101736 1
S 14591278 315 101739 1
S 14607277 315 101736 1
S 14695272 315 101737 2
S 14717270 315 101738 2
S 14739269 315 101735 2
S 14761267 316 101742 2
S 14783266 315 101736 2
S 14805265 316 101741 2
S 14827263 315 101733 2
S 14849262 316 101744 2
S 14871261 316 101742 2
S 14893259 316 101748 2
S 14915258 315 101735 2
S 14937256 316 101747 2
S 14959255 316 101750 2
S 14981254 316 101746 2
S 15003252 316 101740 2
S 15025251 316 101744 2
S 15047250 316 101744 2
S 15069248 316 101747 2
S 15091247 316 101741 2
S 15113245 316 101744 2
S 15135244 316 101742 2
S 15157243 316 101739 2
S 15179241 316 101740 2
S 15201240 316 101745 2
S 15223239 316 101744 2
S 15245237 316 101742 2
S 15267236 316 101749 2
S 15289234 316 101741 2
S 15311233 316 101744 2
S 15333232 316 101745 2
S 15355230 316 101744 2
S 15377229 316 101738 2
S 15399228 316 101743 2
S 15421226 316 101735 2
S 15443225 316 101738 2
S 15465223 316 101742 2
S 15487222 316 101742 2
S 15509221 316 101746 2
S 15531219 316 101732 2
S 15553218 316 101744 2
S 15575217 316 101737 2
S 15597215 316 101735 2
S 15619214 316 101739 2
S 15641212 316 101746 2
S 15663211 316 101744 2
S 15685210 316 101741 2
S 15707208 316 101744 2
S 15729207 316 101744 2
S 15751206 316 101736 2
S 15773204 316 101746 2
S 15795203 316 101737 2
S 15817201 316 101738 2
S 15839200 316 101741 2
S 15861199 316 101741 2
S 15883197 316 101742 2
S 15905196 316 101741 2
S 15927195 316 101738 2
S 15949193 316 101738 2
S 15971192 316 101738 2
S 15993190 316 101750 2
S 16015189 316 101745 2
S 16037188 316 101744 2
S 16059186 316 101741 2
S 16081185 316 101741 2
S 16103184 315 101738 2
S 16125182 316 101748 2
S 16147181 316 101743 2
S 16169179 316 101741 2
S 16191178 316 101744 2
S 16213177 316 101740 2
S 16235175 316 101740 2
S 16257174 316 101741 2
S 16279173 316 101739 2
S 16301171 316 101741 2
S 16323170 316 101741 2
S 16345168 316 101743 2
S 16367167 316 101738 2
S 16389166 316 101741 2
S 16411164 316 101744 2
S 16433163 316 101742 2
S 16455162 316 101732 2
S 16477160 316 101736 2
S 16499159 316 101740 2
S 16521157 316 101740 2
S 16543156 316 101741 2
S 16565155 316 101738 2
S 16587153 315 101726 2
S 16609152 316 101734 2
S 16631151 316 101734 2
S 16653149 316 101738 2
S 16675148 316 101738 2
S 16697146 316 101730 2
S 16719145 316 101735 2
S 16741144 316 101734 2
S 16763142 316 101744 2
S 16785141 316 101743 2
S 16807140 316 101741 2
S 16829138 316 101744 2
S 16851137 316 101741 2
S 16873135 316 101740 2
S 16895134 316 101747 2
S 16917133 316 101747 2
S 16939131 316 101740 2
S 16961130 316 101746 2
S 16983129 316 101747 2
S 17005127 316 101742 2
S 17027126 316 101743 2
S 17049124 316 101745 2
S 17071123 316 101742 2
S 17093122 316 101744 2
S 17115120 316 101746 2
S 17137119 316 101744 2
S 17159118 316 101752 2
S 17181116 316 101745 2
S 17203115 316 101747 2
S 17225113 316 101747 2
S 17247112 316 101748 2
S 17269111 316 101751 2
S 17291109 316 101747 2
S 17313108 316 101744 2
S 17335107 316 101744 2
S 17357105 316 101744 2
S 17379104 316 101743 2
S 17401102 316 101745 2
S 17423101 316 101747 2
S 17445100 316 101742 2
S 17467098 316 101743 2
S 17489097 316 101737 2
S 17511096 316 101738 2
S 17533094 316 101737 2
S 17555093 316 101746 2
S 17577091 316 101738 2
S 17599090 316 101738 2
S 17621089 316 101743 2
S 17643087 316 101747 2
S 17665086 316 101738 2
S 17687085 316 101735 2
S 17709083 316 101737 2
S 17731082 316 101741 2
S 17753080 316 101736 2
S 17775079 316 101737 2
S 17797078 316 101740 2
S 17819076 316 101740 2
S 17841075 316 101742 2
S 17863074 316 101741 2
S 17885072 316 101742 2
S 17907071 316 101741 2
S 17929069 316 101739 2
S 17951068 316 101748 2
S 17973067 316 101747 2
S 17995065 316 101742 2
S 18017064 316 101742 2
S 18039063 316 101742 2
S 18061061 316 101743 2
S 18083060 316 101746 2
S 18105058 316 101744 2
S 18127057 316 101746 2
S 18149056 316 101741 2
S 18171054 316 101738 2
S 18193053 316 101742 2
S 18215052 316 101744 2
S 18237050 316 101741 2
S 18259049 316 101744 2
S 18281047 316 101744 2
S 18303046 316 101741 2
S 18325045 316 101743 2
S 18347043 316 101739 2
S 18369042 316 101744 2
S 18391041 316 101744 2
S 18413039 316 101742 2
S 18435038 316 101741 2
S 18457036 316 101750 2
S 18479035 316 101743 2
S 18501034 316 101744 2
S 18523032 316 101742 2
S 18545031 316 101736 2
S 18567030 316 101738 2
S 18589028 316 101743 2
S 18611027 316 101744 2
S 18633025 316 101738 2
S 18655024 316 101737 2
S 18677023 316 101738 2
S 18699021 316 101740 2
S 18721020 316 101736 2
S 18743019 316 101739 2
S 18765017 316 101735 2
S 18787016 316 101740 2
S 18809014 316 101743 2
S 18831013 316 101742 2
S 18853012 316 101746 2
S 18875010 316 101744 2
S 18897009 316 101744 2
S 18919008 316 101742 2
S 18941006 316 101734 2
S 18963005 316 101736 2
S 18985003 316 101738 2
S 19007002 316 101739 2
S 19029001 316 101741 2
S 19050999 316 101739 2
S 19072998 316 101738 2
S 19094997 316 101737 2
S 19116995 316 101744 2
S 19138994 316 101745 2
S 19160992 316 101741 2
S 19182991 316 101743 2
S 19204990 316 101742 2
S 19226988 316 101744 2
S 19248987 316 101739 2
S 19270986 316 101739 2
S 19292984 316 101735 2
S 19314983 316 101744 2
S 19336981 316 101743 2
S 19358980 316 101738 2
S 19380979 316 101740 2
S 19402977 316 101735 2
S 19424976 316 101734 2
S 19446975 316 101738 2
S 19468973 316 101734 2
S 19490972 316 101741 2
S 19512970 316 101739 2
S 19534969 316 101737 2
S 19556968 316 101738 2
S 19578966 316 101738 2
S 19600965 316 101738 2
S 19622964 316 101741 2
S 19644962 316 101736 2
S 19666961 316 101736 2
S 19688959 316 101739 2
S 19710958 316 101737 2
S 19732957 316 101741 2
S 19754955 316 101744 2
S 19776954 316 101736 2
S 19798953 316 101745 2
S 19820951 316 101744 2
S 19842950 316 101740 2
S 19864948 316 101732 2
S 19886947 316 101734 2
S 19908946 316 101738 2
S 19930944 316 101747 2
S 19952943 316 101734 2
S 19974942 316 101744 2
S 19996940 316 101742 2
S 20018939 316 101744 2
S 20040937 316 101737 2
S 20062936 316 101737 2
S 20084935 316 101745 2
S 20106933 316 101741 2
S 20128932 316 101743 2
S 20150931 316 101735 2
S 20172929 316 101740 2
S 20194928 316 101741 2
S 20216926 316 101739 2
S 20238925 316 101741 2
S 20260924 316 101734 2
S 20282922 316 101739 2
S 20304921 316 101746 2
S 20326920 316 101744 2
S 20348918 316 101740 2
S 20370917 316 101743 2
S 20392915 316 101738 2
S 20414914 316 101744 2
S 20436913 316 101740 2
S 20458911 316 101744 2
S 20480910 316 101745 2
S 20502909 316 101747 2
S 20524907 316 101744 2
S 20546906 316 101743 2
S 20568904 316 101740 2
S 20590903 316 101743 2
S 20612902 316 101744 2
S 20634900 316 101741 2
S 20656899 316 101741 2
S 20678898 316 101739 2
S 20700896 316 101740 2
S 20722895 316 101740 2
S 20744893 316 101738 2
S 20766892 316 101741 2
S 20788891 316 101738 2
S 20810889 316 101738 2
S 20832888 316 101739 2
S 20854887 316 101742 2
S 20876885 316 101747 2
S 20898884 316 101741 2
S 20920882 316 101744 2
S 20942881 316 101740 2
S 20964880 316 101744 2
S 20986878 316 101740 2
S 21008877 316 101738 2
S 21030876 316 101743 2
S 21052874 316 101738 2
S 21074873 316 101744 2
S 21096871 316 101741 2
S 21118870 316 101743 2
S 21140869 316 101743 2
S 21162867 316 101744 2
S 21184866 316 101744 2
S 21206865 316 101747 2
S 21228863 316 101745 2
S 21250862 316 101744 2
S 21272860 316 101743 2
S 21294859 316 101739 2
S 21316858 316 101736 2
S 21338856 316 101741 2
S 21360855 316 101747 2
S 21382854 316 101749 2
S 21404852 316 101745 2
S 21426851 316 101747 2
S 21448849 316 101744 2
S 21470848 316 101742 2
S 21492847 316 101741 2
S 21514845 316 101739 2
S 21536844 316 101744 2
S 21558843 316 101741 2
S 21580841 316 101739 2
S 21602840 316 101741 2
S 21624838 316 101744 2
S 21646837 316 101747 2
S 21668836 316 101735 2
S 21690834 316 101740 2
S 21712833 316 101735 2
S 21734832 316 101735 2
S 21756830 316 101738 2
S 21778829 316 101734 2
S 21800827 316 101744 2
S 21822826 316 101738 2
S 21844825 316 101740 2
S 21866823 316 101735 2
S 21888822 316 101745 2
S 21910821 316 101744 2
S 21932819 316 101733 2
S 21954818 316 101738 2
S 21976816 316 101744 2
S 21998815 316 101736 2
S 22020814 316 101737 2
S 22042812 316 101737 2
S 22064811 316 101737 2
S 22086810 316 101733 2
S 22108808 316 101735 2
S 22130807 316 101741 2
S 22152805 316 101743 2
S 22174804 316 101743 2
S 22196803 316 101745 2
S 22218801 316 101750 2
S 22240800 316 101740 2
S 22262799 316 101734 2
S 22284797 316 101739 2
S 22306796 316 101738 2
S 22328794 316 101734 2
S 22350793 316 101746 2
S 22372792 316 101740 2
S 22394790 316 101744 2
S 22416789 316 101741 2
S 22438788 316 101741 2
S 22460786 316 101738 2
S 22482785 316 101738 2
S 22504783 316 101736 2
S 22526782 316 101741 2
S 22548781 316 101738 2
S 22570779 316 101743 2
S 22592778 316 101741 2
S 22614777 316 101742 2
S 22636775 316 101739 2
S 22658774 316 101741 2
S 22680772 316 101743 2
S 22702771 316 101744 2
S 22724770 316 101741 2
S 22746768 316 101741 2
S 22768767 316 101741 2
S 22790766 316 101741 2
S 22812764 316 101743 2
S 22834763 316 101738 2
S 22856761 316 101743 2
S 22878760 316 101744 2
S 22900759 316 101744 2
S 22922757 316 101742 2
S 22944756 316 101739 2
S 22966755 316 101743 2
S 22988753 316 101743 2
S 23010752 316 101749 2
S 23032750 316 101745 2
S 23054749 316 101744 2
S 23076748 316 101743 2
S 23098746 316 101746 2
S 23120745 316 101744 2
S 23142744 316 101738 2
S 23164742 316 101738 2
S 23186741 316 101746 2
S 23208739 316 101745 2
S 23230738 316 101738 2
S 23252737 316 101741 2
S 23274735 316 101743 2
S 23296734 316 101744 2
S 23318733 316 101744 2
S 23340731 316 101741 2
S 23362730 316 101737 2
S 23384728 316 101739 2
S 23406727 316 101741 2
S 23428726 316 101740 2
S 23450724 316 101737 2
S 23472723 316 101741 2
S 23494722 316 101743 2
S 23516720 316 101744 2
S 23538719 316 101750 2
S 23560717 316 101738 2
S 23582716 316 101745 2
S 23604715 316 101741 2
S 23626713 316 101749 2
S 23648712 316 101745 2
S 23670711 316 101739 2
S 23692709 316 101732 2
S 23714708 316 101738 2
S 23736706 316 101738 2
S 23758705 316 101734 2
S 23780704 316 101734 2
S 23802702 316 101735 2
S 23824701 316 101731 2
S 23846700 316 101742 2
S 23868698 316 101734 2
S 23890697 316 101744 2
S 23912695 316 101735 2
S 23934694 316 101734 2
S 23956693 316 101741 2
S 23978691 316 101738 2
S 24000690 316 101738 2
S 24022689 316 101743 2
S 24044687 316 101746 2
S 24066686 316 101741 2
S 24088684 316 101743 2
S 24110683 316 101738 2
S 24132682 316 101741 2
S 24154680 316 101745 2
S 24176679 316 101734 2
S 24198678 316 101743 2
S 24220676 316 101739 2
S 24242675 316 101743 2
S 24264673 316 101739 2
S 24286672 316 101735 2
S 24308671 316 101741 2
S 24330669 316 101741 2
S 24352668 316 101741 2
S 24374667 316 101738 2
S 24396665 316 101741 2
S 24418664 316 101742 2
S 24440662 316 101738 2
S 24462661 316 101744 2
S 24484660 316 101741 2
S 24506658 316 101744 2
S 24528657 316 101745 2
S 24550656 316 101735 2
S 24572654 316 101741 2
S 24594653 316 101740 2
S 24616651 316 101743 2
S 24638650 316 101746 2
S 24660649 316 101741 2
S 24682647 316 101734 2
S 24704646 316 101745 2
S 24726645 316 101741 2
S 24748643 316 101735 2
S 24770642 316 101740 2
S 24792640 316 101742 2
S 24814639 316 101734 2
S 24836638 316 101744 2
S 24858636 316 101735 2
S 24880635 316 101741 2
S 24902634 316 101733 2
S 24924632 316 101743 2
S 24946631 316 101742 2
S 24968629 316 101747 2
S 24990628 316 101745 2
S 25012627 316 101746 2
S 25034625 316 101738 2
S 25056624 316 101741 2
S 25078623 316 101740 2
S 25100621 316 101742 2
S 25122620 316 101735 2
S 25144618 316 101741 2
S 25166617 316 101740 2
S 25188616 316 101745 2
S 25210614 316 101738 2
S 25232613 316 101735 2
S 25254612 316 101737 2
S 25276610 316 101735 2
S 25298609 316 101728 2
S 25320607 316 101735 2
S 25342606 316 101742 2
S 25364605 316 101740 2
S 25386603 316 101737 2
S 25408602 316 101740 2
S 25430601 316 101735 2
S 25452599 316 101739 2
S 25474598 316 101738 2
S 25496596 316 101743 2
S 25518595 316 101743 2
S 25540594 316 101740 2
S 25562592 316 101738 2
S 25584591 316 101741 2
S 25606590 316 101737 2
S 25628588 316 101739 2
S 25650587 316 101735 2
S 25672585 316 101743 2
S 25808577 316 101738 3
S 25842575 316 101741 3
S 25876573 316 101742 3
S 25910571 316 101740 3
S 25944568 316 101746 3
S 25978566 316 101741 3
S 26012564 316 101738 3
S 26046562 316 101734 3
S 26080560 316 101737 3
S 26114558 316 101739 3
S 26148556 316 101733 3
S 26182554 316 101740 3
S 26216551 316 101741 3
S 26250549 316 101738 3
S 26284547 316 101743 3
S 26318545 316 101737 3
S 26352543 316 101737 3
S 26386541 316 101740 3
S 26420539 316 101741 3
S 26454537 316 101737 3
S 26488534 316 101744 3
S 26522532 316 101741 3
S 26556530 316 101740 3
S 26590528 316 101733 3
S 26624526 316 101740 3
S 26658524 316 101738 3
S 26692522 316 101738 3
S 26726520 316 101737 3
S 26760517 316 101736 3
S 26794515 316 101736 3
S 26828513 316 101740 3
S 26862511 316 101740 3
S 26896509 316 101733 3
S 26930507 316 101738 3
S 26964505 316 101739 3
S 26998503 316 101739 3
S 27032500 316 101743 3
S 27066498 316 101738 3
S 27100496 316 101742 3
S 27134494 316 101741 3
S 27168492 316 101737 3
S 27202490 316 101739 3
S 27236488 316 101738 3
S 27270486 316 101740 3
S 27304483 316 101739 3
S 27338481 316 101743 3
S 27372479 316 101737 3
S 27406477 316 101738 3
S 27440475 316 101737 3
S 27474473 316 101739 3
S 27508471 316 101740 3
S 27542469 316 101738 3
S 27576466 316 101735 3
S 27610464 316 101737 3
S 27644462 316 101742 3
S 27678460 316 101737 3
S 27712458 316 101738 3
S 27746456 316 101736 3
S 27780454 316 101735 3
S 27814452 316 101740 3
S 27848449 316 101731 3
S 27882447 316 101739 3
S 27916445 316 101738 3
S 27950443 316 101733 3
S 27984441 316 101734 3
S 28018439 316 101737 3
S 28052437 316 101735 3
S 28086435 316 101732 3
S 28120432 316 101735 3
S 28154430 316 101738 3
S 28188428 316 101740 3
S 28222426 316 101739 3
S 28256424 316 101739 3
S 28290422 316 101734 3
S 28324420 316 101736 3
S 28358418 316 101728 3
S 28392415 316 101736 3
S 28426413 316 101734 3
S 28460411 316 101735 3
S 28494409 316 101732 3
S 28528407 316 101730 3
S 28562405 316 101731 3
S 28596403 316 101737 3
S 28630401 316 101730 3
S 28664398 316 101735 3
S 28698396 316 101734 3
S 28732394 316 101731 3
S 28766392 316 101729 3
S 28800390 316 101738 3
S 28834388 316 101734 3
S 28868386 316 101737 3
S 28902384 316 101738 3
S 28936381 316 101740 3
S 28970379 316 101732 3
S 29004377 316 101736 3
S 29038375 316 101736 3
S 29072373 316 101739 3
S 29106371 316 101740 3
S 29140369 316 101740 3
S 29174367 316 101740 3
S 29208364 316 101738 3
S 29242362 316 101737 3
S 29276360 316 101737 3
S 29310358 316 101733 3
S 29344356 316 101738 3
S 29378354 316 101738 3
S 29412352 316 101737 3
S 29446350 316 101732 3
S 29480347 316 101735 3
S 29514345 316 101738 3
S 29548343 316 101738 3
S 29582341 316 101732 3
S 29616339 316 101732 3
S 29650337 316 101737 3
S 29684335 316 101738 3
S 29718333 316 101735 3
S 29752330 316 101735 3
S 29786328 316 101735 3
S 29820326 316 101732 3
S 29854324 316 101734 3
S 29888322 316 101740 3
S 29922320 316 101737 3
S 29956318 316 101740 3
S 29990316 316 101738 3
S 30024313 316 101742 3
S 30058311 316 101738 3
S 30092309 316 101739 3
S 30126307 316 101740 3
S 30160305 316 101740 3
S 30194303 316 101732 3
S 30228301 316 101733 3
S 30262299 316 101741 3
S 30296296 316 101740 3
S 30330294 316 101738 3
S 30364292 316 101741 3
S 30398290 316 101743 3
S 30432288 316 101741 3
S 30466286 316 101742 3
S 30500284 316 101740 3
S 30534282 316 101739 3
S 30568279 316 101740 3
S 30602277 316 101737 3
S 30636275 316 101737 3
S 30670273 316 101736 3
S 30704271 316 101739 3
S 30738269 316 101743 3
S 30772267 316 101741 3
S 30806265 316 101748 3
S 30840262 316 101740 3
S 30874260 316 101733 3
S 30908258 316 101737 3
S 30942256 316 101739 3
S 30976254 316 101740 3
S 31010252 316 101743 3
S 31044250 316 101736 3
S 31078248 316 101741 3
S 31112245 316 101742 3
S 31146243 316 101738 3
S 31180241 316 101738 3
S 31214239 316 101739 3
S 31248237 316 101738 3
S 31282235 316 101739 3
S 31316233 316 101740 3
S 31350231 316 101737 3
S 31384228 316 101737 3
S 31418226 316 101743 3
S 31452224 316 101740 3
S 31486222 316 101735 3
S 31520220 316 101739 3
S 31554218 316 101740 3
S 31588216 316 101738 3
S 31622214 316 101742 3
S 31656211 316 101742 3
S 31690209 316 101735 3
S 31724207 316 101738 3
S 31758205 316 101734 3
S 31792203 316 101735 3
S 31826201 316 101739 3
S 31860199 316 101735 3
S 31894197 316 101733 3
S 31928194 316 101734 3
S 31962192 316 101731 3
S 31996190 316 101735 3
S 32030188 316 101738 3
S 32064186 316 101736 3
S 32098184 316 101737 3
S 32132182 316 101738 3
S 32166180 316 101737 3
S 32200177 316 101735 3
S 32234175 316 101735 3
S 32268173 316 101740 3
S 32302171 316 101735 3
S 32336169 316 101739 3
S 32370167 316 101734 3
S 32404165 316 101738 3
S 32438163 316 101738 3
S 32472160 316 101739 3
S 32506158 316 101738 3
S 32540156 316 101737 3
S 32574154 316 101740 3
S 32608152 316 101736 3
S 32642150 316 101734 3
S 32676148 316 101733 3
S 32710146 316 101736 3
S 32744143 316 101731 3
S 32778141 316 101729 3
S 32812139 316 101733 3
S 32846137 316 101732 3
S 32880135 316 101735 3
S 32914133 316 101733 3
S 32948131 316 101733 3
S 32982129 316 101731 3
S 33016126 316 101733 3
S 33050124 316 101735 3
S 33084122 316 101737 3
S 33118120 316 101739 3
S 33152118 316 101732 3
S 33186116 316 101736 3
S 33220114 316 101731 3
S 33254112 316 101732 3
S 33288109 316 101736 3
S 33322107 316 101737 3
S 33356105 316 101733 3
S 33390103 316 101735 3
S 33424101 316 101731 3
S 33458099 316 101736 3
S 33492097 316 101738 3
S 33526095 316 101735 3
S 33560092 316 101729 3
S 33594090 316 101739 3
S 33628088 316 101734 3
S 33662086 316 101738 3
S 33696084 316 101740 3
S 33730082 316 101737 3
S 33764080 316 101737 3
S 33798078 316 101746 3
S 33832075 316 101744 3
S 33866073 316 101735 3
S 33900071 316 101740 3
S 33934069 316 101740 3
S 33968067 316 101743 3
S 34002065 316 101736 3
S 34036063 316 101727 3
S 34070061 316 101734 3
S 34104058 316 101741 3
S 34138056 316 101743 3
S 34172054 316 101737 3
S 34206052 316 101735 3
S 34240050 316 101748 3
S 34274048 316 101736 3
S 34308046 316 101733 3
S 34342044 316 101732 3
S 34376041 316 101733 3
S 34410039 316 101733 3
S 34444037 316 101734 3
S 34478035 316 101730 3
S 34512033 316 101736 3
S 34546031 316 101732 3
S 34580029 316 101734 3
S 34614027 316 101737 3
S 34648024 316 101735 3
S 34682022 316 101728 3
S 34716020 316 101732 3
S 34750018 316 101732 3
S 34784016 316 101734 3
S 34818014 316 101734 3
S 34852012 316 101728 3
S 34886010 316 101732 3
S 34920007 316 101732 3
S 34954005 316 101738 3
S 34988003 316 101732 3
S 35022001 316 101730 3
S 35055999 316 101737 3
S 35089997 316 101735 3
S 35123995 316 101729 3
S 35157993 316 101733 3
S 35191990 316 101731 3
S 35225988 316 101734 3
S 35259986 316 101738 3
S 35293984 316 101740 3
S 35327982 316 101751 3
S 35361980 316 101741 3
S 35395978 316 101743 3
S 35429976 316 101738 3
S 35463973 316 101740 3
S 35497971 316 101739 3
S 35531969 316 101735 3
S 35565967 316 101731 3
S 35599965 316 101732 3
S 35633963 316 101731 3
S 35667961 316 101731 3
S 35701959 316 101738 3
S 35735956 316 101736 3
S 35769954 316 101731 3
S 35803952 316 101734 3
S 35837950 316 101735 3
S 35871948 316 101732 3
S 35905946 316 101735 3
S 35939944 316 101737 3
S 35973942 316 101736 3
S 36007939 316 101733 3
S 36041937 316 101740 3
S 36075935 316 101731 3
S 36109933 316 101739 3
S 36143931 316 101734 3
S 36177929 316 101735 3
S 36211927 316 101730 3
S 36245925 316 101732 3
S 36279922 316 101737 3
S 36313920 316 101737 3
S 36347918 316 101743 3
S 36381916 316 101747 3
S 36415914 316 101740 3
S 36449912 316 101743 3
S 36483910 316 101735 3
S 36517908 316 101741 3
S 36551905 316 101736 3
S 36585903 316 101746 3
S 36619901 316 101743 3
S 36653899 316 101735 3
S 36687897 316 101742 3
S 36721895 316 101739 3
S 36755893 316 101740 3
S 36789891 316 101729 3
S 36823888 316 101737 3
S 36857886 316 101738 3
S 36891884 316 101732 3
S 36925882 316 101735 3
S 36959880 316 101745 3
S 36993878 316 101734 3
S 37027876 316 101743 3
S 37061874 316 101738 3
S 37095871 316 101731 3
S 37129869 316 101731 3
S 37163867 316 101733 3
S 37197865 316 101740 3
S 37231863 316 101740 3
S 37265861 316 101739 3
S 37299859 316 101729 3
S 37333857 316 101742 3
S 37367854 316 101742 3
S 37401852 316 101742 3
S 37435850 316 101732 3
S 37469848 316 101732 3
S 37503846 316 101732 3
S 37537844 316 101735 3
S 37571842 316 101734 3
S 37605840 316 101742 3
S 37639837 316 101741 3
S 37673835 316 101738 3
S 37707833 316 101746 3
S 37741831 316 101740 3
S 37775829 316 101735 3
S 37809827 316 101728 3
S 37843825 316 101733 3
S 37877823 316 101735 3
S 37911820 316 101732 3
S 37945818 316 101735 3
S 37979816 316 101736 3
S 38013814 316 101732 3
S 38047812 316 101735 3
S 38081810 316 101741 3
S 38115808 316 101739 3
S 38149806 316 101734 3
S 38183803 316 101741 3
S 38217801 316 101739 3
S 38251799 316 101734 3
S 38285797 316 101737 3
S 38319795 316 101725 3
S 38353793 316 101730 3
S 38387791 316 101740 3
S 38421789 316 101742 3
S 38455786 316 101740 3
S 38489784 316 101747 3
S 38523782 316 101741 3
S 38557780 316 101746 3
S 38591778 316 101735 3
S 38625776 316 101738 3
S 38659774 316 101734 3
S 38693772 316 101733 3
S 38727769 316 101735 3
S 38761767 316 101740 3
S 38795765 316 101738 3
S 38829763 316 101743 3
S 38863761 316 101743 3
S 38897759 316 101734 3
S 38931757 316 101731 3
S 38965755 316 101730 3
S 38999752 316 101734 3
S 39033750 316 101731 3
S 39067748 316 101736 3
S 39101746 316 101737 3
S 39135744 316 101737 3
S 39169742 316 101739 3
S 39203740 316 101732 3
S 39237738 316 101739 3
S 39271735 316 101734 3
S 39305733 316 101738 3
S 39339731 316 101737 3
S 39373729 316 101743 3
S 39407727 316 101737 3
S 39441725 316 101739 3
S 39475723 316 101742 3
S 39509721 316 101736 3
S 39543718 316 101734 3
S 39577716 316 101742 3
S 39611714 316 101740 3
S 39645712 316 101742 3
S 39679710 316 101734 3
S 39713708 316 101742 3
S 39747706 316 101737 3
S 39781704 316 101733 3
S 39815701 316 101739 3
S 39849699 316 101736 3
S 39883697 316 101737 3
S 39917695 316 101734 3
S 39951693 316 101741 3
S 39985691 316 101738 3
S 40019689 316 101734 3
S 40053687 316 101737 3
S 40087684 316 101734 3
S 40121682 316 101748 3
S 40155680 316 101740 3
S 40189678 316 101739 3
S 40223676 316 101746 3
S 40257674 316 101743 3
S 40291672 316 101744 3
S 40325670 316 101745 3
S 40359667 316 101740 3
S 40393665 316 101741 3
S 40427663 316 101739 3
S 40461661 316 101746 3
S 40495659 316 101747 3
S 40529657 316 101740 3
S 40563655 316 101732 3
S 40597653 316 101736 3
S 40631650 316 101734 3
S 40665648 316 101743 3
S 40699646 316 101742 3
S 40733644 316 101737 3
S 40767642 316 101746 3
S 40801640 316 101738 3
S 40835638 316 101737 3
S 40869636 316 101734 3
S 40903633 316 101740 3
S 40937631 316 101744 3
S 40971629 316 101739 3
S 41005627 316 101739 3
S 41039625 316 101742 3
S 41073623 316 101741 3
S 41107621 316 101734 3
S 41141619 316 101738 3
S 41175616 316 101737 3
S 41209614 316 101746 3
S 41243612 316 101738 3
S 41277610 316 101744 3
S 41311608 316 101737 3
S 41345606 316 101725 3
S 41379604 316 101740 3
S 41413602 316 101740 3
S 41447599 316 101737 3
S 41481597 316 101741 3
S 41515595 316 101744 3
S 41549593 316 101740 3
S 41583591 316 101727 3
S 41617589 316 101727 3
S 41651587 316 101739 3
S 41685585 316 101739 3
S 41719582 316 101739 3
S 41753580 316 101735 3
S 41787578 316 101737 3
S 41821576 316 101740 3
S 41855574 316 101740 3
S 41889572 316 101746 3
S 41923570 316 101743 3
S 41957568 316 101745 3
S 41991565 316 101737 3
S 42025563 316 101734 3
S 42059561 316 101737 3
S 42093559 316 101734 3
S 42127557 316 101736 3
S 42161555 316 101739 3
S 42195553 316 101743 3
S 42229551 316 101729 3
S 42263548 316 101739 3
S 42297546 316 101737 3
S 42331544 316 101737 3
S 42365542 316 101745 3
S 42399540 316 101742 3
S 42433538 316 101738 3
S 42467536 316 101742 3
S 42501534 316 101748 3
S 42535531 316 101739 3
S 42569529 316 101746 3
S 42603527 316 101739 3
S 42637525 316 101741 3
S 42671523 316 101742 3
S 42705521 316 101740 3
S 42739519 316 101740 3
S 42773517 316 101739 3
S 42795515 316 101731 2
S 42817514 316 101743 2
S 42839512 316 101742 2
S 42861511 316 101745 2
S 42883510 316 101742 2
S 42905508 316 101739 2
S 42927507 316 101739 2
S 42949506 316 101746 2
S 42971504 316 101742 2
S 42993503 316 101743 2
S 43015501 316 101738 2
S 43037500 316 101748 2
S 43059499 316 101746 2
S 43081497 316 101746 2
S 43103496 316 101742 2
S 43125495 316 101739 2
S 43147493 316 101742 2
S 43169492 316 101733 2
S 43191490 316 101736 2
S 43213489 316 101744 2
S 43235488 316 101741 2
S 43257486 316 101744 2
S 43279485 316 101735 2
S 43301484 316 101747 2
S 43323482 316 101738 2
S 43345481 316 101734 2
S 43367479 316 101741 2
S 43389478 316 101731 2
S 43411477 316 101742 2
S 43433475 316 101737 2
S 43455474 316 101741 2
S 43477473 316 101738 2
S 43499471 316 101738 2
S 43521470 316 101740 2
S 43543468 316 101738 2
S 43565467 316 101736 2
S 43587466 316 101745 2
S 43609464 316 101744 2
S 43631463 316 101740 2
S 43653462 316 101742 2
S 43675460 316 101737 2
S 43697459 316 101744 2
S 43719457 316 101743 2
S 43741456 316 101737 2
S 43763455 316 101739 2
S 43785453 316 101742 2
S 43807452 316 101735 2
S 43829451 316 101735 2
S 43851449 316 101742 2
S 43873448 316 101736 2
S 43895446 316 101736 2
S 43917445 316 101732 2
S 43939444 316 101733 2
S 43961442 316 101732 2
S 43983441 316 101735 2
S 44005440 316 101746 2
S 44027438 316 101738 2
S 44049437 316 101739 2
S 44071435 316 101743 2
S 44093434 316 101738 2
S 44115433 316 101735 2
S 44137431 316 101743 2
S 44159430 316 101734 2
S 44181429 316 101735 2
S 44203427 316 101737 2
S 44225426 316 101740 2
S 44247424 316 101729 2
S 44269423 316 101735 2
S 44291422 316 101729 2
S 44313420 316 101735 2
S 44335419 316 101734 2
S 44357418 316 101730 2
S 44379416 316 101741 2
S 44401415 316 101736 2
S 44423413 316 101728 2
S 44445412 316 101736 2
S 44467411 316 101735 2
S 44489409 316 101740 2
S 44511408 316 101739 2
S 44533407 316 101742 2
S 44555405 316 101748 2
S 44577404 316 101730 2
S 44599402 316 101729 2
S 44621401 316 101734 2
S 44643400 316 101738 2
S 44665398 316 101744 2
S 44687397 316 101733 2
S 44709396 316 101735 2
S 44731394 316 101738 2
S 44753393 316 101740 2
S 44775391 316 101732 2
S 44797390 316 101735 2
S 44819389 316 101733 2
S 44841387 316 101735 2
S 44863386 316 101739 2
S 44885385 316 101741 2
S 44907383 316 101740 2
S 44929382 316 101744 2
S 44951380 316 101739 2
S 44973379 316 101742 2
S 44995378 316 101739 2
S 45017376 316 101734 2
S 45039375 316 101736 2
S 45061374 316 101731 2
S 45083372 316 101730 2
S 45105371 316 101741 2
S 45127369 316 101739 2
S 45149368 316 101736 2
S 45171367 316 101738 2
S 45193365 316 101734 2
S 45215364 316 101741 2
S 45237363 316 101731 2
S 45259361 316 101736 2
S 45281360 316 101732 2
S 45303358 316 101745 2
S 45325357 316 101732 2
S 45347356 316 101732 2
S 45369354 316 101738 2
S 45391353 316 101742 2
S 45413352 316 101735 2
S 45435350 316 101739 2
S 45457349 316 101735 2
S 45479347 316 101731 2
S 45501346 316 101740 2
S 45523345 316 101740 2
S 45545343 316 101745 2
S 45567342 316 101740 2
S 45589341 316 101738 2
S 45611339 316 101734 2
S 45633338 316 101732 2
S 45655336 316 101738 2
S 45677335 316 101748 2
S 45699334 316 101736 2
S 45721332 316 101738 2
S 45743331 316 101735 2
S 45765330 316 101729 2
S 45787328 316 101736 2
S 45809327 316 101739 2
S 45831325 316 101732 2
S 45853324 316 101732 2
S 45875323 316 101733 2
S 45897321 316 101744 2
S 45919320 316 101739 2
S 45941319 316 101742 2
S 45963317 316 101741 2
S 45985316 316 101736 2
S 46007314 316 101744 2
S 46029313 316 101741 2
S 46051312 316 101737 2
S 46073310 316 101736 2
S 46095309 316 101732 2
S 46117308 316 101735 2
S 46139306 316 101735 2
S 46161305 316 101738 2
S 46183303 316 101741 2
S 46205302 316 101741 2
S 46227301 316 101739 2
S 46249299 316 101733 2
S 46271298 316 101740 2
S 46293297 316 101738 2
S 46315295 316 101738 2
S 46337294 316 101744 2
S 46359292 316 101744 2
S 46381291 316 101745 2
S 46403290 316 101736 2
S 46425288 316 101738 2
S 46447287 316 101742 2
S 46469286 316 101735 2
S 46491284 316 101734 2
S 46513283 316 101730 2
S 46535281 316 101737 2
S 46557280 316 101739 2
S 46579279 316 101742 2
S 46601277 316 101736 2
S 46623276 316 101745 2
S 46645275 316 101742 2
S 46667273 316 101744 2
S 46689272 316 101748 2
S 46711270 316 101742 2
S 46733269 316 101743 2
S 46755268 316 101730 2
S 46777266 316 101735 2
S 46799265 316 101748 2
S 46821264 316 101744 2
S 46843262 316 101729 2
S 46865261 316 101732 2
S 46887259 316 101738 2
S 46909258 316 101740 2
S 46931257 316 101739 2
S 46953255 316 101739 2
S 46975254 316 101742 2
S 46997253 316 101737 2
S 47019251 316 101741 2
S 47041250 316 101738 2
S 47063248 316 101736 2
S 47085247 316 101739 2
S 47107246 316 101736 2
S 47129244 316 101735 2
S 47151243 316 101738 2
S 47173242 316 101741 2
S 47195240 316 101740 2
S 47217239 316 101744 2
S 47239237 316 101754 2
S 47261236 316 101749 2
S 47283235 316 101741 2
S 47305233 316 101746 2
S 47327232 316 101748 2
S 47349231 316 101732 2
S 47371229 316 101744 2
S 47393228 316 101736 2
S 47415226 316 101731 2
S 47437225 316 101730 2
S 47459224 316 101735 2
S 47481222 316 101744 2
S 47503221 316 101736 2
S 47525220 316 101738 2
S 47547218 316 101744 2
S 47569217 316 101732 2
S 47591215 316 101739 2
S 47613214 316 101729 2
S 47635213 316 101739 2
S 47657211 316 101730 2
S 47679210 316 101728 2
S 47701209 316 101736 2
S 47723207 316 101741 2
S 47745206 316 101743 2
S 47767204 316 101747 2
S 47789203 316 101748 2
S 47811202 316 101738 2
S 47833200 316 101744 2
S 47855199 316 101743 2
S 47877198 316 101747 2
S 47899196 316 101743 2
S 47921195 316 101735 2
S 47943193 316 101748 2
S 47965192 316 101745 2
S 47987191 316 101740 2
S 48009189 316 101732 2
S 48031188 316 101727 2
S 48053187 316 101732 2
S 48075185 316 101733 2
S 48097184 316 101742 2
S 48119182 316 101735 2
S 48141181 316 101743 2
S 48163180 316 101750 2
S 48185178 316 101748 2
S 48207177 316 101743 2
S 48229176 316 101732 2
S 48251174 316 101739 2
S 48273173 316 101738 2
S 48295171 316 101748 2
S 48317170 316 101743 2
S 48339169 316 101744 2
S 48361167 316 101736 2
S 48383166 316 101738 2
S 48405165 316 101738 2
S 48427163 316 101743 2
S 48449162 316 101734 2
S 48471160 316 101735 2
S 48493159 316 101734 2
S 48515158 316 101742 2
S 48537156 316 101738 2
S 48559155 316 101735 2
S 48581154 316 101738 2
S 48603152 316 101730 2
S 48625151 316 101732 2
S 48647149 316 101733 2
S 48669148 316 101737 2
S 48691147 316 101743 2
S 48713145 316 101736 2
S 48735144 316 101738 2
S 48757143 316 101742 2
S 48779141 316 101736 2
S 48801140 316 101746 2
S 48823138 316 101741 2
S 48845137 316 101740 2
S 48867136 316 101738 2
S 48889134 316 101738 2
S 48911133 316 101744 2
S 48933132 316 101735 2
S 48955130 316 101735 2
S 48977129 316 101740 2
S 48999127 316 101737 2
S 49021126 316 101747 2
S 49043125 316 101738 2
S 49065123 316 101739 2
S 49087122 316 101733 2
S 49109121 316 101741 2
S 49131119 316 101736 2
S 49153118 316 101735 2
S 49175116 316 101741 2
S 49197115 316 101744 2
S 49219114 316 101745 2
S 49241112 316 101745 2
S 49263111 316 101745 2
S 49285110 316 101750 2
S 49307108 316 101746 2
S 49329107 316 101732 2
S 49351105 316 101741 2
S 49373104 316 101736 2
S 49395103 316 101737 2
S 49417101 316 101742 2
S 49439100 316 101746 2
S 49461099 316 101747 2
S 49483097 316 101741 2
S 49505096 316 101745 2
S 49527094 316 101738 2
S 49549093 316 101732 2
S 49571092 316 101744 2
S 49593090 316 101738 2
S 49615089 316 101741 2
S 49637088 316 101735 2
S 49659086 316 101745 2
S 49681085 316 101744 2
S 49703083 316 101750 2
S 49725082 316 101741 2
S 49747081 316 101741 2
S 49769079 316 101751 2
S 49791078 316 101740 2
S 49813077 316 101738 2
S 49835075 316 101746 2
S 49857074 316 101741 2
S 49879072 316 101747 2
S 49901071 316 101733 2
S 49923070 316 101733 2
S 49945068 316 101742 2
S 49967067 316 101741 2
S 49989066 316 101741 2
S 50011064 316 101745 2
S 50033063 316 101741 2
S 50055061 316 101736 2
S 50077060 316 101739 2
S 50099059 316 101745 2
S 50121057 316 101730 2
S 50143056 316 101734 2
S 50165055 316 101750 2
S 50187053 316 101743 2
S 50209052 316 101744 2
S 50231050 316 101735 2
S 50253049 316 101737 2
S 50275048 316 101734 2
S 50297046 316 101745 2
S 50319045 316 101736 2
S 50341044 316 101736 2
S 50363042 316 101735 2
S 50385041 316 101736 2
S 50407039 316 101735 2
S 50429038 316 101744 2
S 50451037 316 101740 2
S 50473035 316 101732 2
S 50495034 316 101734 2
S 50517033 316 101748 2
S 50539031 316 101747 2
S 50561030 316 101736 2
S 50583028 316 101735 2
S 50605027 316 101739 2
S 50627026 316 101746 2
S 50649024 316 101743 2
S 50671023 316 101748 2
S 50693022 316 101735 2
S 50715020 316 101737 2
S 50737019 316 101744 2
S 50759017 316 101732 2
S 50781016 316 101739 2
S 50803015 316 101740 2
S 50825013 316 101733 2
S 50847012 316 101738 2
S 50869011 316 101734 2
S 50891009 316 101738 2
S 50913008 316 101739 2
S 50935006 316 101739 2
S 50957005 316 101731 2
S 50979004 316 101733 2
S 51001003 316 101746 2
S 51023001 316 101743 2
S 51045000 316 101745 2
S 51066998 316 101732 2
S 51088997 316 101730 2
S 51110995 316 101732 2
S 51132994 316 101738 2
S 51154993 316 101742 2
S 51176991 316 101742 2
S 51198990 316 101740 2
S 51220989 316 101739 2
S 51242987 316 101742 2
S 51264986 316 101742 2
S 51286984 316 101741 2
S 51308983 316 101745 2
S 51330982 316 101736 2
S 51352980 316 101747 2
S 51374979 316 101735 2
S 51396978 316 101745 2
S 51418976 316 101744 2
S 51440975 316 101742 2
S 51462973 316 101736 2
S 51484972 316 101737 2
S 51506971 316 101743 2
S 51528969 316 101748 2
S 51550968 316 101742 2
S 51572967 316 101743 2
S 51594965 316 101748 2
S 51616964 316 101735 2
S 51638962 316 101737 2
S 51660961 316 101741 2
S 51682960 316 101748 2
S 51704958 316 101746 2
S 51726957 316 101738 2
S 51748956 316 101743 2
S 51770954 316 101739 2
S 51792953 316 101737 2
S 51814951 316 101735 2
S 51836950 316 101733 2
S 51858949 316 101736 2
S 51880947 316 101745 2
S 51902946 316 101738 2
S 51924945 316 101742 2
S 51946943 316 101738 2
S 51968942 316 101746 2
S 51990940 316 101734 2
S 52012939 316 101741 2
S 52034938 316 101748 2
S 52056936 316 101738 2
S 52078935 316 101744 2
S 52100934 316 101741 2
S 52122932 316 101730 2
S 52144931 316 101739 2
S 52166929 316 101741 2
S 52188928 316 101748 2
S 52210927 316 101736 2
S 52232925 316 101735 2
S 52254924 316 101745 2
S 52276923 316 101746 2
S 52298921 316 101748 2
S 52320920 316 101745 2
S 52342918 316 101747 2
S 52364917 316 101746 2
S 52386916 316 101747 2
S 52408914 316 101743 2
S 52430913 316 101748 2
S 52452912 316 101739 2
S 52474910 316 101747 2
S 52496909 316 101739 2
S 52518907 316 101751 2
S 52540906 316 101746 2
S 52562905 316 101744 2
S 52584903 316 101742 2
S 52606902 316 101748 2
S 52628901 316 101742 2
S 52650899 316 101744 2
S 52672898 316 101732 2
S 52694896 316 101741 2
S 52716895 316 101732 2
S 52738894 316 101738 2
S 52760892 316 101742 2
S 52782891 316 101744 2
S 52804890 316 101748 2
S 52826888 316 101742 2
S 52848887 316 101741 2
S 52870885 316 101743 2
S 52892884 316 101742 2
S 52914883 316 101743 2
S 52936881 316 101736 2
S 52958880 316 101740 2
S 52980879 316 101740 2
S 53002877 316 101742 2
S 53024876 316 101738 2
S 53046874 316 101742 2
S 53068873 316 101745 2
S 53090872 316 101741 2
S 53112870 316 101740 2
S 53134869 316 101744 2
S 53156868 316 101738 2
S 53178866 316 101745 2
S 53200865 316 101743 2
S 53222863 316 101747 2
S 53244862 316 101745 2
S 53266861 316 101743 2
S 53288859 316 101736 2
S 53310858 316 101750 2
S 53332857 316 101748 2
S 53354855 316 101741 2
S 53376854 316 101744 2
S 53398852 316 101745 2
S 53420851 316 101747 2
S 53442850 316 101739 2
S 53464848 316 101741 2
S 53486847 316 101745 2
S 53508846 316 101735 2
S 53530844 316 101744 2
S 53552843 316 101741 2
S 53574841 316 101742 2
S 53596840 316 101738 2
S 53618839 316 101731 2
S 53640837 316 101739 2
S 53662836 316 101732 2
S 53684835 316 101739 2
S 53706833 316 101728 2
S 53728832 316 101735 2
S 53750830 316 101734 2
S 53772829 316 101745 2
S 53794828 316 101748 2
S 53816826 316 101747 2
S 53838825 316 101748 2
S 53860824 316 101745 2
S 53882822 316 101734 2
S 53904821 316 101746 2
S 53926819 316 101743 2
S 53948818 316 101731 2
S 53970817 316 101744 2
S 53992815 316 101734 2
S 54014814 316 101739 2
S 54036813 316 101736 2
S 54058811 316 101744 2
S 54080810 316 101739 2
S 54102808 316 101752 2
S 54124807 316 101740 2
S 54146806 316 101739 2
S 54168804 316 101743 2
S 54190803 316 101739 2
S 54212802 316 101738 2
S 54234800 316 101736 2
S 54256799 316 101738 2
S 54278797 316 101744 2
S 54300796 316 101742 2
S 54322795 316 101735 2
S 54344793 316 101742 2
S 54366792 316 101741 2
S 54388791 316 101742 2
S 54410789 316 101746 2
S 54432788 316 101738 2
S 54454786 316 101746 2
S 54476785 316 101745 2
S 54498784 316 101732 2
S 54520782 316 101745 2
S 54542781 316 101745 2
S 54564780 316 101742 2
S 54586778 316 101743 2
S 54608777 316 101748 2
S 54630775 316 101744 2
S 54652774 316 101736 2
S 54674773 316 101743 2
S 54696771 316 101740 2
S 54718770 316 101746 2
S 54740769 316 101733 2
S 54762767 316 101739 2
S 54784766 316 101731 2
S 54806764 316 101739 2
S 54828763 316 101738 2
S 54850762 316 101734 2
S 54872760 316 101739 2
S 54894759 316 101735 2
S 54916758 316 101736 2
S 54938756 316 101739 2
S 54960755 316 101742 2
S 54982753 316 101730 2
S 55004752 316 101730 2
S 55026751 316 101739 2
S 55048749 316 101739 2
S 55070748 316 101733 2
S 55092747 316 101745 2
S 55114745 316 101747 2
S 55136744 316 101743 2
S 55158742 316 101746 2
S 55180741 316 101746 2
S 55202740 316 101733 2
S 55224738 316 101745 2
S 55246737 316 101741 2
S 55268736 316 101740 2
S 55290734 316 101742 2
S 55312733 316 101742 2
S 55334731 316 101736 2
S 55356730 316 101736 2
S 55378729 316 101731 2
S 55400727 316 101738 2
S 55422726 316 101733 2
S 55444725 316 101740 2
S 55466723 316 101735 2
S 55488722 316 101741 2
S 55510720 316 101734 2
S 55532719 316 101739 2
S 55554718 316 101739 2
S 55576716 316 101728 2
S 55598715 316 101749 2
S 55620714 316 101745 2
S 55642712 316 101737 2
S 55664711 316 101733 2
S 55686709 316 101737 2
S 55708708 316 101744 2
S 55730707 316 101742 2
S 55752705 316 101740 2
S 55774704 316 101736 2
S 55796703 316 101739 2
S 55818701 316 101738 2
S 55840700 316 101740 2
S 55862698 316 101742 2
S 55884697 316 101734 2
S 55906696 316 101736 2
S 55928694 316 101741 2
S 55950693 316 101742 2
S 55972692 316 101748 2
S 55994690 316 101732 2
S 56016689 316 101742 2
S 56038687 316 101742 2
S 56060686 316 101742 2
S 56082685 316 101736 2
S 56104683 316 101736 2
S 56126682 316 101742 2
S 56148681 316 101739 2
S 56170679 316 101735 2
S 56192678 316 101744 2
S 56214676 316 101742 2
S 56236675 316 101745 2
S 56258674 316 101732 2
S 56280672 316 101735 2
S 56302671 316 101728 2
S 56324670 316 101734 2
S 56346668 316 101736 2
S 56368667 316 101735 2
S 56390665 316 101740 2
S 56412664 316 101742 2
S 56434663 316 101736 2
S 56456661 316 101735 2
S 56478660 316 101745 2
S 56500659 316 101735 2
S 56522657 316 101736 2
S 56544656 316 101741 2
S 56566654 316 101739 2
S 56588653 316 101742 2
S 56610652 316 101739 2
S 56632650 316 101742 2
S 56654649 316 101742 2
S 56676648 316 101741 2
S 56698646 316 101742 2
S 56720645 316 101739 2
S 56742643 316 101737 2
S 56764642 316 101739 2
S 56786641 316 101737 2
S 56808639 316 101738 2
S 56830638 316 101743 2
S 56852637 316 101736 2
S 56874635 316 101734 2
S 56896634 316 101743 2
S 56918632 316 101739 2
S 56940631 316 101736 2
S 56962630 316 101748 2
S 56984628 316 101740 2
S 57006627 316 101742 2
S 57028626 316 101746 2
S 57050624 316 101737 2
S 57072623 316 101743 2
S 57094621 316 101742 2
S 57116620 316 101729 2
S 57138619 316 101736 2
S 57160617 316 101733 2
S 57182616 316 101728 2
S 57204615 316 101731 2
S 57226613 316 101730 2
S 57248612 316 101733 2
S 57270610 316 101734 2
S 57292609 316 101733 2
S 57314608 316 101738 2
S 57336606 316 101736 2
S 57358605 316 101736 2
S 57380604 316 101737 2
S 57402602 316 101736 2
S 57424601 316 101735 2
S 57446599 316 101741 2
S 57468598 316 101738 2
S 57490597 316 101735 2
S 57512595 316 101745 2
S 57534594 316 101742 2
S 57556593 316 101735 2
S 57578591 316 101740 2
S 57600590 316 101737 2
S 57622588 316 101742 2
S 57644587 316 101736 2
S 57666586 316 101733 2
S 57688584 316 101730 2
S 57710583 316 101742 2
S 57732582 316 101740 2
S 57754580 316 101739 2
S 57776579 316 101738 2
S 57798577 316 101737 2
S 57820576 316 101739 2
S 57842575 316 101741 2
S 57864573 316 101731 2
S 57886572 316 101731 2
S 57908571 316 101740 2
S 57930569 316 101745 2
S 57952568 316 101738 2
S 57974566 316 101740 2
S 57996565 316 101732 2
S 58018564 316 101734 2
S 58040562 316 101736 2
S 58062561 316 101737 2
S 58084560 316 101745 2
S 58106558 316 101741 2
S 58128557 316 101737 2
S 58150555 316 101741 2
S 58172554 316 101740 2
S 58194553 316 101746 2
S 58216551 316 101736 2
S 58238550 316 101734 2
S 58260549 316 101732 2
S 58282547 316 101743 2
S 58304546 316 101742 2
S 58326544 316 101732 2
S 58348543 316 101744 2
S 58370542 316 101738 2
S 58392540 316 101742 2
S 58414539 316 101732 2
S 58436538 316 101739 2
S 58458536 316 101736 2
S 58480535 316 101737 2
S 58502533 316 101744 2
S 58524532 316 101741 2
S 58546531 316 101733 2
S 58568529 316 101736 2
S 58590528 316 101736 2
S 58612527 316 101733 2
S 58634525 316 101742 2
S 58656524 316 101742 2
S 58678522 316 101738 2
S 58700521 316 101730 2
S 58722520 316 101736 2
S 58744518 316 101743 2
S 58766517 316 101734 2
S 58788516 316 101735 2
S 58810514 316 101732 2
S 58832513 316 101741 2
S 58854511 316 101745 2
S 58876510 316 101736 2
S 58898509 316 101743 2
S 58920507 316 101738 2
S 58942506 316 101748 2
S 58964505 316 101746 2
S 58986503 316 101745 2
S 59008502 316 101745 2
S 59030500 316 101740 2
S 59052499 316 101733 2
S 59074498 316 101738 2
S 59096496 316 101746 2
S 59118495 316 101736 2
S 59140494 316 101733 2
S 59162492 316 101744 2
S 59184491 316 101744 2
S 59206489 316 101740 2
S 59228488 316 101743 2
S 59250487 316 101742 2
S 59272485 316 101738 2
S 59294484 316 101747 2
S 59316483 316 101748 2
S 59338481 316 101738 2
S 59360480 316 101732 2
S 59382478 316 101739 2
S 59404477 316 101734 2
S 59426476 316 101730 2
S 59448474 316 101735 2
S 59470473 316 101730 2
S 59492472 316 101746 2
S 59514470 316 101742 2
S 59536469 316 101742 2
S 59558467 316 101742 2
S 59580466 316 101740 2
S 59602465 316 101743 2
S 59624463 316 101740 2
S 59646462 316 101730 2
S 59668461 316 101740 2
S 59690459 316 101739 2
S 59712458 316 101736 2
S 59734456 316 101730 2
S 59756455 316 101739 2
S 59778454 316 101735 2
S 59800452 316 101741 2
S 59822451 316 101741 2
S 59844450 316 101748 2
S 59866448 316 101739 2
S 59888447 316 101743 2
S 59910445 316 101734 2
S 59932444 316 101739 2
S 59954443 316 101748 2
S 59976441 316 101739 2
S 59998440 316 101739 2
S 60020439 316 101741 2
S 60042437 316 101739 2
S 60064436 316 101741 2
S 60086434 316 101740 2
S 60108433 316 101745 2
S 60130432 316 101732 2
S 60152430 316 101737 2
S 60174429 316 101735 2
S 60196428 316 101733 2
S 60218426 316 101745 2
S 60240425 316 101741 2
S 60262423 316 101742 2
S 60284422 316 101735 2
S 60306421 316 101741 2
S 60328419 316 101734 2
S 60350418 316 101739 2
S 60372417 316 101739 2
S 60394415 316 101744 2
S 60416414 316 101739 2
S 60438412 316 101740 2
S 60460411 316 101738 2
S 60482410 316 101743 2
S 60504408 316 101737 2
S 60526407 316 101741 2
S 60548406 316 101740 2
S 60570404 316 101740 2
S 60592403 316 101744 2
S 60614401 316 101744 2
S 60636400 316 101748 2
S 60658399 316 101739 2
S 60680397 316 101748 2
S 60702396 316 101736 2
S 60724395 316 101742 2
S 60746393 316 101741 2
S 60768392 316 101744 2
S 60790390 316 101745 2
S 60812389 316 101745 2
S 60834388 316 101736 2
S 60856386 316 101742 2
S 60878385 316 101751 2
S 60900384 316 101739 2
S 60922382 316 101747 2
S 60944381 316 101739 2
S 60966379 316 101746 2
S 60988378 316 101741 2
S 61010377 316 101748 2
S 61032375 316 101745 2
S 61054374 316 101740 2
S 61076373 316 101743 2
S 61098371 316 101739 2
S 61120370 316 101739 2
S 61142368 316 101746 2
S 61164367 316 101737 2
S 61186366 316 101742 2
S 61208364 316 101740 2
S 61230363 316 101749 2
S 61252362 316 101739 2
S 61274360 316 101742 2
S 61296359 316 101745 2
S 61318357 316 101745 2
S 61340356 316 101740 2
S 61362355 316 101737 2
S 61384353 316 101744 2
S 61406352 316 101756 2
S 61428351 316 101741 2
S 61450349 316 101738 2
S 61472348 316 101746 2
S 61494346 316 101746 2
S 61516345 316 101747 2
S 61538344 316 101743 2
S 61560342 316 101751 2
S 61582341 316 101743 2
S 61604340 316 101737 2
S 61626338 316 101742 2
S 61648337 316 101749 2
S 61670335 316 101743 2
S 61692334 316 101742 2
S 61714333 316 101740 2
S 61736331 316 101739 2
S 61758330 316 101745 2
S 61780329 316 101742 2
S 61802327 316 101740 2
S 61824326 316 101739 2
S 61846324 316 101745 2
S 61868323 316 101745 2
S 61890322 316 101748 2
S 61912320 316 101736 2
S 61934319 316 101743 2
S 61956318 316 101746 2
S 61978316 316 101742 2
S 62000315 316 101747 2
S 62022313 316 101736 2
S 62044312 316 101732 2
S 62066311 316 101744 2
S 62088309 316 101742 2
S 62110308 316 101739 2
S 62132307 316 101742 2
S 62154305 316 101742 2
S 62176304 316 101747 2
S 62198302 316 101731 2
S 62220301 316 101738 2
S 62242300 316 101743 2
S 62264298 316 101739 2
S 62286297 316 101740 2
S 62308296 316 101742 2
S 62330294 316 101737 2
S 62352293 316 101739 2
S 62374291 316 101743 2
S 62396290 316 101744 2
S 62418289 316 101747 2
S 62440287 316 101740 2
S 62462286 316 101734 2
S 62484285 316 101739 2
S 62506283 316 101739 2
S 62528282 316 101742 2
S 62550280 316 101743 2
S 62572279 316 101745 2
S 62594278 316 101742 2
S 62616276 316 101739 2
S 62638275 316 101737 2
S 62660274 316 101743 2
S 62682272 316 101742 2
S 62704271 316 101736 2
S 62726269 316 101745 2
S 62748268 316 101742 2
S 62770267 316 101743 2
S 62792265 316 101745 2
S 62814264 316 101745 2
S 62836263 316 101745 2
S 62858261 316 101740 2
S 62880260 316 101742 2
S 62902258 316 101740 2
S 62924257 316 101748 2
S 62946256 316 101739 2
S 62968254 316 101732 2
S 62990253 316 101740 2
S 63012252 316 101739 2
S 63034250 316 101748 2
S 63056249 316 101742 2
S 63078247 316 101744 2
S 63100246 316 101741 2
S 63122245 316 101739 2
S 63144243 316 101751 2
S 63166242 316 101739 2
S 63188241 316 101738 2
S 63210239 316 101739 2
S 63232238 316 101736 2
S 63254236 316 101738 2
S 63276235 316 101742 2
S 63298234 316 101737 2
S 63320232 316 101736 2
S 63342231 316 101742 2
S 63364230 316 101743 2
S 63386228 316 101740 2
S 63408227 316 101743 2
S 63430225 316 101740 2
S 63452224 316 101745 2
S 63474223 316 101740 2
S 63496221 316 101730 2
S 63518220 316 101740 2
S 63540219 316 101747 2
S 63562217 316 101739 2
S 63584216 316 101744 2
S 63606214 316 101733 2
S 63628213 316 101739 2
S 63650212 316 101743 2
S 63672210 316 101740 2
S 63694209 316 101744 2
S 63716208 316 101739 2
S 63738206 316 101743 2
S 63760205 316 101743 2
S 63782203 316 101744 2
S 63804202 316 101737 2
S 63826201 316 101733 2
S 63848199 316 101739 2
S 63870198 316 101736 2
S 63892197 316 101733 2
S 63914195 316 101739 2
S 63936194 316 101746 2
S 63958192 316 101738 2
S 63980191 316 101749 2
S 64002190 316 101736 2
S 64024188 316 101747 2
S 64046187 316 101742 2
S 64068186 316 101735 2
S 64090184 316 101731 2
S 64112183 316 101738 2
S 64134181 316 101740 2
S 64156180 316 101740 2
S 64178179 316 101745 2
S 64200177 316 101747 2
S 64222176 316 101742 2
S 64244175 316 101743 2
S 64266173 316 101742 2
S 64288172 316 101748 2
S 64310170 316 101742 2
S 64332169 316 101739 2
S 64354168 316 101742 2
S 64376166 316 101745 2
S 64398165 316 101740 2
S 64420164 316 101735 2
S 64442162 316 101730 2
S 64464161 316 101738 2
S 64486159 316 101743 2
S 64508158 316 101735 2
S 64530157 316 101736 2
S 64552155 316 101734 2
S 64574154 316 101744 2
S 64596153 316 101735 2
S 64618151 316 101734 2
S 64640150 316 101739 2
S 64662148 316 101739 2
S 64684147 316 101739 2
S 64706146 316 101740 2
S 64728144 316 101734 2
S 64750143 316 101736 2
S 64772142 316 101741 2
S 64794140 316 101732 2
S 64816139 316 101737 2
S 64838137 316 101733 2
S 64860136 316 101733 2
S 64882135 316 101742 2
S 64904133 316 101732 2
S 64926132 316 101740 2
S 64948131 316 101737 2
S 64970129 316 101742 2
S 64992128 316 101740 2
S 65014126 316 101745 2
S 65036125 316 101745 2
S 65058124 316 101745 2
S 65080122 316 101741 2
S 65102121 316 101739 2
S 65124120 316 101740 2
S 65146118 316 101741 2
S 65168117 316 101742 2
S 65190115 316 101748 2
S 65212114 316 101746 2
S 65234113 316 101745 2
S 65256111 316 101737 2
S 65278110 316 101736 2
S 65300109 316 101739 2
S 65322107 316 101744 2
S 65344106 316 101736 2
S 65366104 316 101742 2
S 65388103 316 101741 2
S 65410102 316 101745 2
S 65432100 316 101734 2
S 65454099 316 101742 2
S 65476098 316 101740 2
S 65498096 316 101746 2
S 65520095 316 101747 2
S 65542093 316 101741 2
S 65564092 316 101742 2
S 65586091 316 101738 2
S 65608089 316 101743 2
S 65630088 316 101742 2
S 65652087 316 101743 2
S 65674085 316 101742 2
S 65696084 316 101745 2
S 65718082 316 101736 2
S 65740081 316 101735 2
S 65762080 316 101736 2
S 65784078 316 101745 2
S 65806077 316 101743 2
S 65828076 316 101745 2
S 65850074 316 101748 2
S 65872073 316 101738 2
S 65894071 316 101735 2
S 65916070 316 101741 2
S 65938069 316 101738 2
S 65960067 316 101738 2
S 65982066 316 101738 2
S 66004065 316 101739 2
S 66026063 316 101748 2
S 66048062 316 101742 2
S 66070060 316 101739 2
S 66092059 316 101745 2
S 66114058 316 101743 2
S 66136056 316 101736 2
S 66158055 316 101748 2
S 66180054 316 101740 2
S 66202052 316 101744 2
S 66224051 316 101742 2
S 66246049 316 101737 2
S 66268048 316 101742 2
S 66290047 316 101740 2
S 66312045 316 101740 2
S 66334044 316 101738 2
S 66356043 316 101740 2
S 66378041 316 101736 2
S 66400040 316 101738 2
S 66422038 316 101745 2
S 66444037 316 101733 2
S 66466036 316 101741 2
S 66488034 316 101729 2
S 66510033 316 101742 2
S 66532032 316 101745 2
S 66554030 316 101742 2
S 66576029 316 101746 2
S 66598027 316 101739 2
S 66620026 316 101733 2
S 66642025 316 101741 2
S 66664023 316 101734 2
S 66686022 316 101739 2
S 66708021 316 101741 2
S 66730019 316 101742 2
S 66752018 316 101747 2
S 66774016 316 101751 2
S 66796015 316 101738 2
S 66818014 316 101742 2
S 66840012 316 101742 2
S 66862011 316 101740 2
S 66884010 316 101741 2
S 66906008 316 101747 2
S 66928007 316 101739 2
S 66950005 316 101739 2
S 66972004 316 101741 2
S 66994003 316 101737 2
S 67016001 316 101736 2
S 67038000 316 101733 2
S 67059999 316 101736 2
S 67081997 316 101739 2
S 67103996 316 101739 2
S 67125994 316 101732 2
S 67147993 316 101733 2
S 67169992 316 101741 2
S 67191990 316 101740 2
S 67213989 316 101736 2
S 67235988 316 101739 2
S 67257986 316 101730 2
S 67279985 316 101748 2
S 67301983 316 101736 2
S 67323982 316 101744 2
S 67345981 316 101745 2
S 67367979 316 101742 2
S 67389978 316 101736 2
S 67411977 316 101739 2
S 67433975 316 101736 2
S 67455974 316 101740 2
S 67477972 316 101742 2
S 67499971 316 101742 2
S 67521970 316 101746 2
S 67543968 316 101745 2
S 67565967 316 101745 2
S 67587966 316 101739 2
S 67609964 316 101739 2
S 67631963 316 101735 2
S 67653961 316 101736 2
S 67675960 316 101739 2
S 67697959 316 101733 2
S 67719957 316 101736 2
S 67741956 316 101735 2
S 67763955 316 101733 2
S 67785953 316 101739 2
S 67807952 316 101733 2
S 67829950 316 101740 2
S 67851949 316 101742 2
S 67873948 316 101742 2
S 67895946 316 101739 2
S 67917945 316 101739 2
S 67939944 316 101736 2
S 67961942 316 101736 2
S 67983941 316 101730 2
S 68005939 316 101733 2
S 68027938 316 101736 2
S 68049937 316 101736 2
S 68071935 316 101737 2
S 68093934 316 101748 2
S 68115933 316 101736 2
S 68137931 316 101742 2
S 68159930 316 101738 2
S 68181928 316 101734 2
S 68203927 316 101742 2
S 68225926 316 101740 2
S 68247924 316 101736 2
S 68269923 316 101739 2
S 68291922 316 101736 2
S 68313920 316 101739 2
S 68335919 316 101739 2
S 68357917 316 101736 2
S 68379916 316 101734 2
S 68401915 316 101743 2
S 68423913 316 101740 2
S 68445912 316 101742 2
S 68467911 316 101736 2
S 68489909 316 101738 2
S 68511908 316 101742 2
S 68533906 316 101736 2
S 68555905 316 101733 2
S 68577904 316 101742 2
S 68599902 316 101751 2
S 68621901 316 101739 2
S 68643900 316 101739 2
S 68665898 316 101744 2
S 68687897 316 101733 2
S 68709895 316 101738 2
S 68731894 316 101738 2
S 68753893 316 101731 2
S 68775891 316 101740 2
S 68797890 316 101736 2
S 68819889 316 101738 2
S 68841887 316 101743 2
S 68863886 316 101736 2
S 68885884 316 101738 2
S 68907883 316 101742 2
S 68929882 316 101735 2
S 68951880 316 101736 2
S 68973879 316 101738 2
S 68995878 316 101735 2
S 69017876 316 101733 2
S 69039875 316 101742 2
S 69061873 316 101736 2
S 69083872 316 101736 2
S 69105871 316 101739 2
S 69127869 316 101739 2
S 69149868 316 101739 2
S 69171867 316 101738 2
S 69193865 316 101730 2
S 69215864 316 101742 2
S 69237862 316 101741 2
S 69259861 316 101740 2
S 69281860 316 101739 2
S 69303858 316 101738 2
S 69325857 316 101735 2
S 69347856 316 101736 2
S 69369854 316 101730 2
S 69391853 316 101738 2
S 69413851 316 101737 2
S 69435850 316 101741 2
S 69457849 316 101739 2
S 69479847 316 101738 2
S 69501846 316 101749 2
S 69523845 316 101738 2
S 69545843 316 101741 2
S 69567842 316 101738 2
S 69589840 316 101745 2
S 69611839 316 101744 2
S 69633838 316 101741 2
S 69655836 316 101753 2
S 69677835 316 101739 2
S 69699834 316 101740 2
S 69721832 316 101742 2
S 69743831 316 101744 2
S 69765829 316 101742 2
S 69787828 316 101748 2
S 69809827 316 101742 2
S 69831825 316 101746 2
S 69853824 316 101751 2
S 69875823 316 101742 2
S 69897821 316 101742 2
S 69919820 316 101742 2
S 69941818 316 101740 2
S 69963817 316 101735 2
S 69985816 316 101732 2
S 70007814 316 101739 2
S 70029813 316 101733 2
S 70051812 316 101739 2
S 70073810 316 101739 2
S 70095809 316 101754 2
S 70117807 316 101743 2
S 70139806 316 101745 2
S 70161805 316 101745 2
S 70183803 316 101738 2
S 70205802 316 101741 2
S 70227801 316 101741 2
S 70249799 316 101739 2
S 70271798 316 101742 2
S 70293796 316 101746 2
S 70315795 316 101741 2
S 70337794 316 101746 2
S 70359792 316 101745 2
S 70381791 316 101748 2
S 70403790 316 101744 2
S 70425788 316 101742 2
S 70447787 316 101740 2
S 70469785 316 101746 2
S 70491784 316 101740 2
S 70513783 316 101747 2
S 70535781 316 101739 2
S 70557780 316 101739 2
S 70579779 316 101744 2
S 70601777 316 101739 2
S 70623776 316 101748 2
S 70645774 316 101749 2
S 70667773 316 101746 2
S 70689772 316 101741 2
S 70711770 316 101744 2
S 70733769 316 101743 2
S 70755768 316 101738 2
S 70777766 316 101736 2
S 70799765 316 101736 2
S 70821763 316 101742 2
S 70843762 316 101748 2
S 70865761 316 101742 2
S 70887759 316 101738 2
S 70909758 316 101737 2
S 70931757 316 101738 2
S 70953755 316 101739 2
S 70975754 316 101743 2
S 70997752 316 101735 2
S 71019751 316 101737 2
S 71041750 316 101736 2
S 71063748 316 101738 2
S 71085747 316 101737 2
S 71107746 316 101748 2
S 71129744 316 101737 2
S 71151743 316 101737 2
S 71173741 316 101739 2
S 71195740 316 101742 2
S 71217739 316 101741 2
S 71239737 316 101735 2
S 71261736 316 101745 2
S 71283735 316 101740 2
S 71305733 316 101740 2
S 71327732 316 101739 2
S 71349730 316 101743 2
S 71371729 316 101741 2
S 71393728 316 101736 2
S 71415726 316 101738 2
S 71437725 316 101739 2
S 71459724 316 101738 2
S 71481722 316 101741 2
S 71503721 316 101736 2
S 71525719 316 101733 2
S 71547718 316 101734 2
S 71569717 316 101750 2
S 71591715 316 101743 2
S 71613714 316 101740 2
S 71635713 316 101739 2
S 71657711 316 101742 2
S 71679710 316 101742 2
S 71701708 316 101744 2
S 71723707 316 101745 2
S 71745706 316 101742 2
S 71767704 316 101737 2
S 71789703 316 101744 2
S 71811702 316 101745 2
S 71833700 316 101746 2
S 71855699 316 101742 2
S 71877697 316 101744 2
S 71899696 316 101743 2
S 71921695 316 101745 2
S 71943693 316 101745 2
S 71965692 316 101743 2
S 71987691 316 101750 2
S 72009689 316 101741 2
S 72031688 316 101741 2
S 72053686 316 101736 2
S 72075685 316 101741 2
S 72097684 316 101741 2
S 72119682 316 101740 2
S 72141681 316 101736 2
S 72163680 316 101739 2
S 72185678 316 101740 2
S 72207677 316 101742 2
S 72229675 316 101745 2
S 72251674 316 101748 2
S 72273673 316 101741 2
S 72295671 316 101742 2
S 72317670 316 101733 2
S 72339669 316 101738 2
S 72361667 316 101741 2
S 72383666 316 101738 2
S 72405664 316 101736 2
S 72427663 316 101738 2
S 72449662 316 101739 2
S 72471660 316 101743 2
S 72493659 316 101744 2
S 72515658 316 101738 2
S 72537656 316 101736 2
S 72559655 316 101736 2
S 72581653 316 101741 2
S 72603652 316 101739 2
S 72625651 316 101741 2
S 72647649 316 101745 2
S 72669648 316 101745 2
S 72691647 316 101743 2
S 72713645 316 101742 2
S 72735644 316 101737 2
S 72757642 316 101742 2
S 72779641 316 101739 2
S 72801640 316 101748 2
S 72823638 316 101746 2
S 72845637 316 101744 2
S 72867636 316 101745 2
S 72889634 316 101743 2
S 72911633 316 101745 2
S 72933631 316 101739 2
S 72955630 316 101739 2
S 72977629 316 101748 2
S 72999627 316 101739 2
S 73021626 317 101740 2
S 73043625 316 101733 2
S 73065623 316 101736 2
S 73087622 316 101731 2
S 73109620 316 101734 2
S 73131619 316 101736 2
S 73153618 316 101741 2
S 73175616 316 101742 2
S 73197615 316 101738 2
S 73219614 316 101746 2
S 73241612 316 101737 2
S 73263611 316 101742 2
S 73285609 316 101745 2
S 73307608 316 101744 2
S 73329607 316 101742 2
S 73351605 316 101745 2
S 73373604 316 101743 2
S 73395603 316 101740 2
S 73417601 316 101742 2
S 73439600 316 101736 2
S 73461598 316 101736 2
S 73483597 316 101736 2
S 73505596 316 101737 2
S 73527594 316 101743 2
S 73549593 316 101734 2
S 73571592 316 101731 2
S 73593590 316 101736 2
S 73615589 316 101739 2
S 73637587 316 101743 2
S 73659586 316 101740 2
S 73681585 316 101733 2
S 73703583 316 101732 2
S 73725582 316 101734 2
S 73747581 316 101741 2
S 73769579 316 101741 2
S 73791578 316 101740 2
S 73813576 316 101742 2
S 73835575 316 101738 2
S 73857574 316 101739 2
S 73879572 316 101737 2
S 73901571 316 101745 2
S 73923570 316 101731 2
S 73945568 316 101742 2
S 73967567 316 101739 2
S 73989565 316 101739 2
S 74011564 316 101732 2
S 74033563 316 101738 2
S 74055561 316 101738 2
S 74077560 316 101745 2
S 74099559 316 101739 2
S 74121557 316 101739 2
S 74143556 316 101736 2
S 74165554 316 101729 2
S 74187553 316 101742 2
S 74209552 316 101743 2
S 74231550 316 101735 2
S 74253549 316 101735 2
S 74275548 316 101745 2
S 74297546 316 101742 2
S 74319545 316 101745 2
S 74341543 316 101743 2
S 74363542 316 101740 2
S 74385541 316 101745 2
S 74407539 316 101742 2
S 74429538 316 101745 2
S 74451537 316 101739 2
S 74473535 316 101744 2
S 74495534 316 101744 2
S 74517532 316 101745 2
S 74539531 316 101742 2
S 74561530 316 101740 2
S 74583528 316 101743 2
S 74605527 316 101739 2
S 74627526 316 101736 2
S 74649524 316 101742 2
S 74671523 316 101733 2
S 74693521 316 101736 2
S 74715520 316 101745 2
S 74737519 316 101742 2
S 74759517 316 101743 2
S 74781516 316 101740 2
S 74803515 316 101740 2
S 74825513 316 101738 2
S 74847512 316 101736 2
S 74869510 316 101736 2
S 74891509 316 101737 2
S 74913508 316 101742 2
S 74935506 316 101748 2
S 74957505 316 101742 2
S 74979504 316 101741 2
S 75001503 316 101750 2
S 75023501 316 101742 2
S 75045499 316 101739 2
S 75067498 316 101741 2
S 75089497 316 101742 2
S 75111495 316 101747 2
S 75133494 316 101745 2
S 75155493 316 101740 2
S 75177491 316 101742 2
S 75199490 316 101740 2
S 75221488 316 101740 2
S 75243487 316 101739 2
S 75265486 316 101736 2
S 75287484 316 101739 2
S 75309483 316 101733 2
S 75331482 316 101736 2
S 75353480 316 101739 2
S 75375479 316 101733 2
S 75397477 316 101739 2
S 75419476 316 101738 2
S 75441475 316 101736 2
S 75463473 316 101739 2
S 75485472 316 101736 2
S 75507471 316 101741 2
S 75529469 316 101738 2
S 75551468 316 101738 2
S 75573466 316 101745 2
S 75595465 316 101738 2
S 75617464 316 101733 2
S 75639462 316 101742 2
S 75661461 316 101740 2
S 75683460 316 101734 2
S 75705458 316 101727 2
S 75727457 316 101739 2
S 75749455 316 101739 2
S 75771454 316 101745 2
S 75793453 316 101742 2
S 75815451 316 101737 2
S 75837450 316 101740 2
S 75859449 316 101732 2
S 75881447 316 101735 2
S 75903446 316 101745 2
S 75925444 316 101742 2
S 75947443 316 101745 2
S 75969442 316 101744 2
S 75991440 316 101742 2
S 76013439 316 101743 2
S 76035438 316 101740 2
S 76057436 316 101740 2
S 76079435 316 101735 2
S 76101433 316 101738 2
S 76123432 316 101743 2
S 76145431 316 101747 2
S 76167429 316 101743 2
S 76189428 316 101739 2
S 76211427 316 101733 2
S 76233425 316 101742 2
S 76255424 316 101746 2
S 76277422 316 101740 2
S 76299421 316 101736 2
S 76321420 316 101739 2
S 76343418 316 101738 2
S 76365417 316 101742 2
S 76387416 316 101742 2
S 76409414 316 101736 2
S 76431413 316 101739 2
S 76453411 316 101743 2
S 76475410 316 101736 2
S 76497409 316 101738 2
S 76519407 316 101744 2
S 76541406 316 101736 2
S 76563405 316 101734 2
S 76585403 316 101737 2
S 76607402 316 101734 2
S 76629400 316 101737 2
S 76651399 316 101736 2
S 76673398 316 101739 2
S 76695396 316 101735 2
S 76717395 316 101741 2
S 76739394 316 101744 2
S 76761392 316 101734 2
S 76783391 316 101739 2
S 76805389 316 101741 2
S 76827388 316 101741 2
S 76849387 316 101742 2
S 76871385 316 101743 2
S 76893384 316 101742 2
S 76915383 316 101738 2
S 76937381 316 101739 2
S 76959380 316 101740 2
S 76981378 316 101740 2
S 77003377 316 101742 2
S 77025376 316 101739 2
S 77047374 316 101737 2
S 77069373 316 101738 2
S 77091372 316 101742 2
S 77113370 316 101739 2
S 77135369 316 101741 2
S 77157367 316 101735 2
S 77179366 316 101736 2
S 77201365 316 101733 2
S 77223363 316 101730 2
S 77245362 316 101742 2
S 77267361 317 101744 2
S 77289359 316 101742 2
S 77311358 316 101742 2
S 77333356 316 101741 2
S 77355355 316 101739 2
S 77377354 316 101742 2
S 77399352 316 101733 2
S 77421351 316 101739 2
S 77443350 316 101736 2
S 77465348 316 101736 2
S 77487347 316 101743 2
S 77509345 316 101740 2
S 77531344 316 101735 2
S 77553343 316 101742 2
S 77575341 316 101738 2
S 77597340 316 101739 2
S 77619339 316 101739 2
S 77641337 316 101739 2
S 77663336 316 101740 2
S 77685334 316 101736 2
S 77707333 316 101733 2
S 77729332 316 101739 2
S 77751330 316 101739 2
S 77773329 316 101731 2
S 77795328 316 101739 2
S 77817326 316 101736 2
S 77839325 316 101741 2
S 77861323 316 101738 2
S 77883322 316 101736 2
S 77905321 316 101751 2
S 77927319 316 101738 2
S 77949318 316 101738 2
S 77971317 316 101737 2
S 77993315 316 101739 2
S 78015314 316 101744 2
S 78037312 316 101744 2
S 78059311 316 101738 2
S 78081310 316 101736 2
S 78103308 316 101739 2
S 78125307 316 101739 2
S 78147306 316 101731 2
S 78169304 316 101734 2
S 78191303 316 101733 2
S 78213301 316 101736 2
S 78235300 316 101739 2
S 78257299 316 101736 2
S 78279297 316 101745 2
S 78301296 316 101739 2
S 78323295 316 101739 2
S 78345293 316 101738 2
S 78367292 316 101737 2
S 78389290 316 101736 2
S 78411289 316 101740 2
S 78433288 316 101733 2
S 78455286 316 101739 2
S 78477285 316 101733 2
S 78499284 316 101742 2
S 78521282 316 101740 2
S 78543281 316 101742 2
S 78565279 316 101742 2
S 78587278 316 101739 2
S 78609277 316 101737 2
S 78631275 316 101735 2
S 78653274 316 101738 2
S 78675273 316 101738 2
S 78697271 316 101742 2
S 78719270 316 101739 2
S 78741268 316 101740 2
S 78763267 316 101740 2
S 78785266 316 101736 2
S 78807264 316 101742 2
S 78829263 316 101741 2
S 78851262 316 101745 2
S 78873260 316 101744 2
S 78895259 316 101745 2
S 78917257 316 101750 2
S 78939256 316 101746 2
S 78961255 316 101742 2
S 78983253 316 101736 2
S 79005252 316 101739 2
S 79027251 316 101739 2
S 79049249 316 101736 2
S 79071248 316 101737 2
S 79093246 316 101737 2
S 79115245 316 101739 2
S 79137244 316 101739 2
S 79159242 316 101735 2
S 79181241 316 101742 2
S 79203240 316 101739 2
S 79225238 316 101738 2
S 79247237 316 101735 2
S 79269235 316 101740 2
S 79291234 316 101735 2
S 79313233 316 101737 2
S 79335231 316 101740 2
S 79357230 316 101741 2
S 79379229 316 101742 2
S 79401227 316 101738 2
S 79423226 316 101734 2
S 79445224 316 101735 2
S 79467223 316 101732 2
S 79489222 316 101737 2
S 79511220 316 101732 2
S 79533219 316 101737 2
S 79555218 316 101733 2
S 79577216 316 101741 2
S 79599215 316 101741 2
S 79621213 316 101742 2
S 79643212 316 101741 2
S 79665211 316 101736 2
S 79687209 316 101733 2
S 79709208 316 101733 2
S 79731207 316 101739 2
S 79753205 316 101745 2
S 79775204 316 101740 2
S 79797202 316 101739 2
S 79819201 316 101739 2
S 79841200 316 101739 2
S 79863198 316 101736 2
S 79885197 316 101740 2
S 79907196 316 101738 2
S 79929194 316 101733 2
S 79951193 316 101735 2
S 79973191 316 101731 2
S 79995190 316 101738 2
S 80017189 316 101736 2
S 80039187 316 101736 2
S 80061186 316 101733 2
S 80083185 316 101740 2
S 80105183 316 101733 2
S 80127182 316 101739 2
S 80149180 316 101740 2
S 80171179 316 101745 2
S 80193178 316 101739 2
S 80215176 316 101739 2
S 80237175 316 101745 2
S 80259174 316 101742 2
S 80281172 316 101741 2
S 80303171 316 101745 2
S 80325169 316 101741 2
S 80347168 316 101739 2
S 80369167 316 101736 2
S 80391165 316 101734 2
S 80413164 316 101740 2
S 80435163 316 101740 2
S 80457161 316 101736 2
S 80479160 316 101733 2
S 80501158 316 101739 2
S 80523157 316 101740 2
S 80545156 316 101738 2
S 80567154 316 101741 2
S 80589153 316 101740 2
S 80611152 316 101735 2
S 80633150 316 101738 2
S 80655149 316 101736 2
S 80677147 316 101748 2
S 80699146 316 101737 2
S 80721145 316 101736 2
S 80743143 316 101741 2
S 80765142 316 101733 2
S 80787141 316 101738 2
S 80809139 316 101736 2
S 80831138 316 101736 2
S 80853136 316 101741 2
S 80875135 316 101741 2
S 80897134 316 101740 2
S 80919132 316 101727 2
S 80941131 316 101737 2
S 80963130 316 101741 2
S 80985128 316 101742 2
S 81007127 316 101740 2
S 81029125 316 101737 2
S 81051124 316 101737 2
S 81073123 316 101742 2
S 81095121 316 101740 2
S 81117120 316 101737 2
S 81139119 316 101736 2
S 81161117 316 101739 2
S 81183116 316 101742 2
S 81205114 316 101739 2
S 81227113 316 101741 2
S 81249112 316 101736 2
S 81271110 316 101742 2
S 81293109 316 101739 2
S 81315108 316 101733 2
S 81337106 316 101733 2
S 81359105 316 101733 2
S 81381103 316 101736 2
S 81403102 316 101734 2
S 81425101 316 101735 2
S 81447099 316 101738 2
S 81469098 316 101724 2
S 81491097 316 101730 2
S 81513095 316 101733 2
S 81535094 316 101733 2
S 81557092 316 101741 2
S 81579091 316 101736 2
S 81601090 316 101733 2
S 81623088 316 101736 2
S 81645087 316 101731 2
S 81667086 316 101740 2
S 81689084 316 101731 2
S 81711083 316 101742 2
S 81733081 316 101739 2
S 81755080 316 101738 2
S 81777079 316 101733 2
S 81799077 316 101740 2
S 81821076 316 101741 2
S 81843075 316 101733 2
S 81865073 316 101736 2
S 81887072 316 101730 2
S 81909070 316 101736 2
S 81931069 316 101735 2
S 81953068 316 101730 2
S 81975066 316 101742 2
S 81997065 316 101733 2
S 82019064 316 101744 2
S 82041062 316 101735 2
S 82063061 316 101739 2
S 82085059 316 101742 2
S 82107058 316 101743 2
S 82129057 316 101741 2
S 82151055 317 101744 2
S 82173054 316 101739 2
S 82195053 316 101739 2
S 82217051 316 101736 2
S 82239050 316 101737 2
S 82261048 316 101738 2
S 82283047 316 101733 2
S 82305046 316 101734 2
S 82327044 316 101739 2
S 82349043 316 101732 2
S 82371042 316 101736 2
S 82393040 316 101736 2
S 82415039 316 101737 2
S 82437037 316 101737 2
S 82459036 316 101740 2
S 82481035 316 101742 2
S 82503033 316 101737 2
S 82525032 316 101735 2
S 82547031 316 101738 2
S 82569029 316 101735 2
S 82591028 316 101733 2
S 82613026 316 101734 2
S 82635025 317 101735 2
S 82657024 316 101736 2
S 82679022 316 101737 2
S 82701021 316 101739 2
S 82723020 317 101740 2
S 82745018 316 101732 2
S 82767017 316 101736 2
S 82789015 316 101735 2
S 82811014 316 101737 2
S 82833013 316 101736 2
S 82855011 316 101734 2
S 82877010 316 101741 2
S 82899009 317 101748 2
S 82921007 317 101733 2
S 82943006 316 101737 2
S 82965004 316 101733 2
S 82987003 316 101738 2
S 83009002 316 101733 2
S 83031000 316 101733 2
S 83052999 316 101738 2
S 83074998 316 101736 2
S 83096996 316 101731 2
S 83118995 316 101735 2
S 83140993 317 101739 2
S 83162992 316 101735 2
S 83184991 316 101736 2
S 83206989 316 101735 2
S 83228988 317 101739 2
S 83250987 316 101730 2
S 83272985 316 101736 2
S 83294984 316 101734 2
S 83316982 316 101733 2
S 83338981 316 101731 2
S 83360980 317 101738 2
S 83382978 316 101735 2
S 83404977 316 101733 2
S 83426976 316 101735 2
S 83448974 316 101730 2
S 83470973 316 101732 2
S 83492971 316 101735 2
S 83514970 316 101734 2
S 83536969 316 101737 2
S 83558967 316 101738 2
S 83580966 316 101741 2
S 83602965 317 101743 2
S 83624963 316 101742 2
S 83646962 316 101736 2
S 83668960 316 101736 2
S 83690959 316 101736 2
S 83712958 316 101736 2
S 83734956 317 101744 2
S 83756955 316 101737 2
S 83778954 316 101743 2
S 83800952 316 101745 2
S 83822951 316 101745 2
S 83844949 316 101740 2
S 83866948 316 101743 2
S 83888947 317 101742 2
S 83910945 316 101738 2
S 83932944 316 101741 2
S 83954943 316 101741 2
S 83976941 316 101744 2
S 83998940 316 101747 2
S 84020938 316 101742 2
S 84042937 316 101740 2
S 84064936 316 101737 2
S 84086934 316 101744 2
S 84108933 316 101745 2
S 84130932 316 101743 2
S 84152930 316 101742 2
S 84174929 316 101747 2
S 84196927 316 101741 2
S 84218926 316 101736 2
S 84240925 317 101740 2
S 84262923 316 101736 2
S 84284922 316 101729 2
S 84306921 316 101731 2
S 84328919 316 101739 2
S 84350918 316 101731 2
S 84372916 316 101738 2
S 84394915 316 101739 2
S 84416914 316 101736 2
S 84438912 316 101732 2
S 84460911 316 101736 2
S 84482910 316 101737 2
S 84504908 316 101734 2
S 84526907 316 101738 2
S 84548905 316 101739 2
S 84570904 316 101737 2
S 84592903 316 101738 2
S 84614901 316 101741 2
S 84636900 316 101740 2
S 84658899 316 101736 2
S 84680897 316 101736 2
S 84702896 316 101739 2
S 84724894 316 101739 2
S 84746893 316 101739 2
S 84768892 316 101730 2
S 84790890 317 101737 2
S 84812889 316 101739 2
S 84834888 316 101739 2
S 84856886 316 101739 2
S 84878885 316 101733 2
S 84900883 316 101737 2
S 84922882 316 101738 2
S 84944881 316 101738 2
S 84966879 316 101738 2
S 84988878 316 101739 2
S 85010877 316 101736 2
S 85032875 316 101741 2
S 85054874 317 101747 2
S 85076872 316 101736 2
S 85098871 316 101739 2
S 85120870 316 101741 2
S 85142868 316 101741 2
S 85164867 316 101741 2
S 85186866 316 101740 2
S 85208864 317 101744 2
S 85230863 316 101739 2
S 85252861 316 101738 2
S 85274860 316 101739 2
S 85296859 316 101735 2
S 85318857 316 101739 2
S 85340856 316 101741 2
S 85362855 316 101739 2
S 85384853 316 101736 2
S 85406852 316 101743 2
S 85428850 316 101741 2
S 85450849 316 101738 2
S 85472848 316 101739 2
S 85494846 316 101741 2
S 85516845 316 101736 2
S 85538844 316 101737 2
S 85560842 316 101742 2
S 85582841 316 101737 2
S 85604839 316 101736 2
S 85626838 316 101748 2
S 85648837 316 101742 2
S 85670835 316 101739 2
S 85692834 316 101739 2
S 85714833 316 101743 2
S 85736831 316 101741 2
S 85758830 316 101738 2
S 85780828 316 101743 2
S 85802827 317 101739 2
S 85824826 316 101730 2
S 85846824 316 101732 2
S 85868823 316 101740 2
S 85890822 316 101744 2
S 85912820 316 101739 2
S 85934819 316 101739 2
S 85956817 316 101738 2
S 85978816 316 101736 2
S 86000816 316 101743 2
S 86022813 316 101742 2
S 86044812 316 101733 2
S 86066811 317 101745 2
S 86088809 316 101740 2
S 86110808 316 101733 2
S 86132806 317 101743 2
S 86154805 317 101739 2
S 86176804 316 101735 2
S 86198802 317 101742 2
S 86220801 316 101734 2
S 86242800 316 101737 2
S 86264798 316 101740 2
S 86286797 316 101741 2
S 86308795 316 101736 2
S 86330794 316 101736 2
S 86352793 316 101732 2
S 86374791 316 101736 2
S 86396790 316 101734 2
S 86418789 316 101734 2
S 86440787 316 101739 2
S 86462786 316 101734 2
S 86484784 316 101737 2
S 86506783 316 101733 2
S 86528782 316 101733 2
S 86550780 316 101736 2
S 86572779 316 101736 2
S 86594778 316 101733 2
S 86616776 316 101727 2
S 86638775 316 101738 2
S 86660773 316 101730 2
S 86682772 316 101738 2
S 86704771 316 101735 2
S 86726769 316 101740 2
S 86748768 316 101733 2
S 86770767 316 101734 2
S 86792765 316 101733 2
S 86814764 316 101734 2
S 86836762 316 101739 2
S 86858761 316 101736 2
S 86880760 316 101737 2
S 86902758 316 101737 2
S 86924757 316 101729 2
S 86946756 316 101731 2
S 86968754 316 101735 2
S 86990753 316 101736 2
S 87012751 316 101739 2
S 87034750 316 101736 2
S 87056749 316 101733 2
S 87078747 316 101738 2
S 87100746 316 101736 2
S 87122745 316 101734 2
S 87144743 316 101737 2
S 87166742 316 101736 2
S 87188740 316 101731 2
S 87210739 316 101737 2
S 87232738 316 101740 2
S 87254736 316 101735 2
S 87276735 316 101738 2
S 87298734 316 101738 2
S 87320732 316 101742 2
S 87342731 316 101736 2
S 87364729 316 101733 2
S 87386728 316 101736 2
S 87408727 316 101738 2
S 87430725 316 101739 2
S 87452724 316 101745 2
S 87474723 316 101737 2
S 87496721 316 101733 2
S 87518720 316 101731 2
S 87540718 316 101735 2
S 87562717 316 101738 2
S 87584716 316 101736 2
S 87606714 316 101733 2
S 87628713 316 101736 2
S 87650712 316 101741 2
S 87672710 316 101735 2
S 87694709 316 101739 2
S 87716707 317 101752 2
S 87738706 316 101742 2
S 87760705 316 101743 2
S 87782703 316 101734 2
S 87804702 316 101737 2
S 87826701 316 101742 2
S 87848699 316 101735 2
S 87870698 316 101731 2
S 87892696 316 101735 2
S 87914695 316 101733 2
S 87936694 316 101733 2
S 87958692 316 101733 2
S 87980691 316 101733 2
S 88002690 316 101740 2
S 88024688 316 101732 2
S 88046687 316 101739 2
S 88068685 316 101733 2
S 88090684 316 101733 2
S 88112683 316 101740 2
S 88134681 316 101736 2
S 88156680 316 101736 2
S 88178679 316 101738 2
S 88200677 316 101735 2
S 88222676 316 101739 2
S 88244674 316 101736 2
S 88266673 316 101736 2
S 88288672 316 101740 2
S 88310670 316 101736 2
S 88332669 316 101734 2
S 88354668 316 101736 2
S 88376666 316 101740 2
S 88398665 316 101736 2
S 88420663 316 101738 2
S 88442662 316 101737 2
S 88464661 316 101733 2
S 88486659 317 101744 2
S 88508658 316 101733 2
S 88530657 316 101732 2
S 88552655 316 101740 2
S 88574654 316 101731 2
S 88596652 316 101731 2
S 88618651 316 101735 2
S 88640650 316 101739 2
S 88662648 316 101739 2
S 88684647 316 101735 2
S 88706646 316 101739 2
S 88728644 316 101741 2
S 88750643 317 101735 2
S 88772641 316 101739 2
S 88794640 316 101736 2
S 88816639 316 101734 2
S 88838637 316 101739 2
S 88860636 316 101731 2
S 88882635 316 101738 2
S 88904633 316 101737 2
S 88926632 316 101739 2
S 88948630 316 101737 2
S 88970629 316 101742 2
S 88992628 316 101739 2
S 89014626 316 101740 2
S 89036625 316 101739 2
S 89058624 316 101735 2
S 89080622 316 101740 2
S 89102621 316 101738 2
S 89124619 316 101736 2
S 89146618 316 101738 2
S 89168617 316 101731 2
S 89190615 316 101738 2
S 89212614 316 101739 2
S 89234613 316 101734 2
S 89256611 316 101729 2
S 89278610 316 101736 2
S 89300608 316 101736 2
S 89322607 316 101736 2
S 89344606 316 101727 2
S 89366604 316 101740 2
S 89388603 316 101739 2
S 89410602 316 101734 2
S 89432600 316 101735 2
S 89454599 316 101734 2
S 89476597 316 101741 2
S 89498596 316 101737 2
S 89520595 316 101738 2
S 89542593 316 101741 2
S 89564592 316 101739 2
S 89586591 316 101740 2
S 89608589 316 101748 2
S 89630588 316 101745 2
S 89652586 316 101745 2
S 89674585 316 101736 2
S 89696584 316 101731 2
S 89718582 316 101732 2
S 89740581 316 101737 2
S 89762580 316 101736 2
S 89784578 316 101733 2
S 89806577 316 101738 2
S 89828575 316 101733 2
S 89850574 317 101734 2
S 89872573 316 101733 2
S 89894571 316 101724 2
S 89916570 316 101733 2
S 89938569 316 101736 2
S 89960567 316 101743 2
S 89982566 316 101739 2
S 90004564 316 101733 2
S 90026563 316 101742 2
S 90048562 316 101736 2
S 90070560 316 101730 2
S 90092559 316 101736 2
S 90114558 316 101736 2
S 90136556 316 101731 2
S 90158555 316 101733 2
S 90180553 316 101734 2
S 90202552 316 101737 2
S 90224551 316 101730 2
S 90246549 316 101737 2
S 90268548 316 101732 2
S 90290547 316 101736 2
S 90312545 316 101736 2
S 90334544 316 101733 2
S 90356542 316 101740 2
S 90378541 316 101737 2
S 90400540 316 101729 2
S 90422538 316 101730 2
S 90444537 316 101729 2
S 90466536 316 101731 2
S 90488534 316 101734 2
S 90510533 317 101738 2
S 90532531 316 101733 2
S 90554530 316 101736 2
S 90576529 316 101731 2
S 90598527 316 101732 2
S 90620526 316 101736 2
S 90642525 316 101735 2
S 90664523 316 101730 2
S 90686522 316 101730 2
S 90708520 316 101731 2
S 90730519 316 101734 2
S 90752518 316 101733 2
S 90774516 316 101732 2
S 90796515 316 101732 2
S 90818514 316 101731 2
S 90840512 316 101736 2
S 90862511 316 101730 2
S 90884509 316 101733 2
S 90906508 316 101733 2
S 90928507 316 101730 2
S 90950505 316 101733 2
S 90972504 316 101736 2
S 90994503 316 101739 2
S 91016501 316 101738 2
S 91038500 316 101735 2
S 91060498 316 101733 2
S 91082497 317 101742 2
S 91104496 316 101738 2
S 91126494 316 101729 2
S 91148493 316 101731 2
S 91170492 316 101729 2
S 91192490 316 101737 2
S 91214489 316 101733 2
S 91236487 316 101730 2
S 91258486 316 101739 2
S 91280485 316 101734 2
S 91302483 316 101741 2
S 91324482 316 101735 2
S 91346481 316 101737 2
S 91368479 316 101736 2
S 91390478 316 101736 2
S 91412476 317 101742 2
S 91434475 316 101739 2
S 91456474 316 101730 2
S 91478472 316 101736 2
S 91500471 316 101734 2
S 91522470 316 101736 2
S 91544468 316 101739 2
S 91566467 316 101739 2
S 91588465 316 101739 2
S 91610464 316 101738 2
S 91632463 316 101731 2
S 91654461 316 101741 2
S 91676460 316 101737 2
S 91698459 316 101745 2
S 91720457 316 101740 2
S 91742456 316 101736 2
S 91764454 316 101736 2
S 91786453 316 101735 2
S 91808452 316 101737 2
S 91830450 316 101733 2
S 91852449 317 101741 2
S 91874448 316 101735 2
S 91896446 316 101739 2
S 91918445 316 101733 2
S 91940443 316 101732 2
S 91962442 316 101734 2
S 91984441 316 101743 2
S 92006439 316 101736 2
S 92028438 316 101739 2
S 92050437 316 101739 2
S 92072435 316 101739 2
S 92094434 316 101734 2
S 92116432 316 101745 2
S 92138431 316 101739 2
S 92160430 316 101736 2
S 92182428 317 101735 2
S 92204427 316 101733 2
S 92226426 316 101739 2
S 92248424 316 101739 2
S 92270423 316 101740 2
S 92292421 316 101736 2
S 92314420 316 101732 2
S 92336419 316 101733 2
S 92358417 316 101736 2
S 92380416 316 101733 2
S 92402415 316 101732 2
S 92424413 316 101733 2
S 92446412 316 101734 2
S 92468410 316 101734 2
S 92490409 316 101739 2
S 92512408 316 101736 2
S 92534406 316 101741 2
S 92556405 316 101744 2
S 92578404 316 101748 2
S 92600402 316 101736 2
S 92622401 316 101742 2
S 92644399 316 101739 2
S 92666398 316 101739 2
S 92688397 316 101742 2
S 92710395 317 101743 2
S 92732394 316 101743 2
S 92754393 316 101742 2
S 92776391 317 101745 2
S 92798390 316 101736 2
S 92820388 316 101733 2
S 92842387 316 101739 2
S 92864386 316 101741 2
S 92886384 316 101736 2
S 92908383 317 101740 2
S 92930382 316 101734 2
S 92952380 316 101734 2
S 92974379 316 101738 2
S 92996377 316 101738 2
S 93018376 316 101739 2
S 93040375 316 101736 2
S 93062373 316 101736 2
S 93084372 317 101740 2
S 93106371 316 101736 2
S 93128369 316 101727 2
S 93150368 316 101730 2
S 93172366 316 101739 2
S 93194365 316 101739 2
S 93216364 316 101733 2
S 93238362 316 101733 2
S 93260361 316 101737 2
S 93282360 316 101737 2
S 93304358 316 101736 2
S 93326357 316 101735 2
S 93348355 316 101732 2
S 93370354 316 101733 2
S 93392353 316 101736 2
S 93414351 316 101737 2
S 93436350 316 101736 2
S 93458349 316 101741 2
S 93480347 316 101742 2
S 93502346 316 101733 2
S 93524344 316 101739 2
S 93546343 316 101737 2
S 93568342 316 101736 2
S 93590340 316 101744 2
S 93612339 316 101736 2
S 93634338 316 101742 2
S 93656336 316 101740 2
S 93678335 316 101747 2
S 93700333 316 101742 2
S 93722332 316 101737 2
S 93744331 316 101733 2
S 93766329 316 101735 2
S 93788328 316 101738 2
S 93810327 316 101736 2
S 93832325 316 101737 2
S 93854324 316 101736 2
S 93876322 316 101735 2
S 93898321 316 101742 2
S 93920320 316 101740 2
S 93942318 317 101753 2
S 93964317 316 101740 2
S 93986316 316 101742 2
S 94008314 316 101744 2
S 94030313 316 101742 2
S 94052311 317 101749 2
S 94074310 316 101742 2
S 94096309 316 101744 2
S 94118307 316 101748 2
S 94140306 316 101736 2
S 94162305 316 101742 2
S 94184303 316 101745 2
S 94206302 316 101737 2
S 94228300 316 101740 2
S 94250299 316 101736 2
S 94272298 316 101735 2
S 94294296 316 101737 2
S 94316295 316 101743 2
S 94338294 316 101736 2
S 94360292 316 101740 2
S 94382291 316 101741 2
S 94404289 316 101735 2
S 94426288 316 101738 2
S 94448287 316 101736 2
S 94470285 316 101740 2
S 94492284 316 101736 2
S 94514283 317 101748 2
S 94536281 316 101738 2
S 94558280 316 101733 2
S 94580278 316 101736 2
S 94602277 316 101736 2
S 94624276 316 101739 2
S 94646274 316 101739 2
S 94668273 316 101736 2
S 94690272 316 101739 2
S 94712270 316 101736 2
S 94734269 316 101737 2
S 94756267 317 101747 2
S 94778266 316 101743 2
S 94800265 316 101741 2
S 94822263 316 101736 2
S 94844262 316 101742 2
S 94866261 316 101739 2
S 94888259 316 101739 2
S 94910258 316 101739 2
S 94932256 316 101735 2
S 94954255 317 101746 2
S 94976254 316 101737 2
S 94998252 317 101740 2
S 95020251 316 101739 2
S 95042250 316 101736 2
S 95064248 317 101740 2
S 95086247 316 101739 2
S 95108245 316 101736 2
S 95130244 317 101742 2
S 95152243 316 101731 2
S 95174241 317 101741 2
S 95196240 317 101745 2
S 95218239 316 101738 2
S 95240237 316 101739 2
S 95262236 316 101739 2
S 95284234 316 101740 2
S 95306233 316 101742 2
S 95328232 316 101739 2
S 95350230 316 101736 2
S 95372229 316 101732 2
S 95394228 316 101736 2
S 95416226 317 101746 2
S 95438225 316 101740 2
S 95460223 316 101744 2
S 95482222 316 101736 2
S 95504221 316 101737 2
S 95526219 317 101742 2
S 95548218 316 101730 2
S 95570217 316 101728 2
S 95592215 316 101736 2
S 95614214 316 101736 2
S 95636212 316 101734 2
S 95658211 317 101742 2
S 95680210 316 101739 2
S 95702208 316 101736 2
S 95724207 316 101738 2
S 95746206 316 101736 2
S 95768204 317 101741 2
S 95790203 316 101733 2
S 95812201 316 101739 2
S 95834200 317 101740 2
S 95856199 316 101736 2
S 95878197 316 101737 2
S 95900196 316 101742 2
S 95922195 316 101736 2
S 95944193 317 101741 2
S 95966192 316 101739 2
S 95988190 316 101737 2
S 96010189 316 101741 2
S 96032188 316 101732 2
S 96054186 316 101734 2
S 96076185 316 101736 2
S 96098184 316 101734 2
S 96120182 317 101743 2
S 96142181 317 101739 2
S 96164179 317 101738 2
S 96186178 316 101733 2
S 96208177 317 101734 2
S 96230175 316 101731 2
S 96252174 316 101736 2
S 96274173 316 101733 2
S 96296171 316 101731 2
S 96318170 316 101737 2
S 96340168 316 101733 2
S 96362167 317 101733 2
S 96384166 316 101738 2
S 96406164 316 101732 2
S 96428163 317 101739 2
S 96450162 317 101742 2
S 96472160 316 101741 2
S 96494159 316 101735 2
S 96516157 317 101739 2
S 96538156 316 101734 2
S 96560155 316 101739 2
S 96582153 316 101738 2
S 96604152 317 101743 2
S 96626151 317 101739 2
S 96648149 317 101738 2
S 96670148 316 101735 2
S 96692146 316 101734 2
S 96714145 316 101739 2
S 96736144 316 101737 2
S 96758142 316 101732 2
S 96780141 316 101737 2
S 96802140 316 101736 2
S 96824138 316 101736 2
S 96846137 316 101733 2
S 96868135 316 101729 2
S 96890134 316 101731 2
S 96912133 316 101735 2
S 96934131 316 101732 2
S 96956130 316 101735 2
S 96978129 317 101731 2
S 97000127 316 101736 2
S 97022126 316 101731 2
S 97044124 317 101741 2
S 97066123 317 101743 2
S 97088122 317 101734 2
S 97110120 317 101741 2
S 97132119 316 101741 2
S 97154118 316 101738 2
S 97176116 317 101742 2
S 97198115 316 101734 2
S 97220113 317 101737 2
S 97242112 316 101736 2
S 97264111 317 101740 2
S 97286109 316 101735 2
S 97308108 316 101735 2
S 97330107 317 101739 2
S 97352105 316 101736 2
S 97374104 317 101740 2
S 97396102 317 101742 2
S 97418101 316 101738 2
S 97440100 316 101733 2
S 97462098 316 101732 2
S 97484097 317 101740 2
S 97506096 317 101740 2
S 97528094 316 101733 2
S 97550093 316 101735 2
S 97572091 317 101737 2
S 97594090 316 101734 2
S 97616089 317 101749 2
S 97638087 317 101742 2
S 97660086 317 101741 2
S 97682085 316 101733 2
S 97704083 316 101732 2
S 97726082 317 101742 2
S 97748080 317 101736 2
S 97770079 317 101743 2
S 97792078 316 101740 2
S 97814076 317 101736 2
S 97836075 317 101738 2
S 97858074 317 101736 2
S 97880072 317 101737 2
S 97902071 317 101741 2
S 97924069 317 101739 2
S 97946068 317 101738 2
S 97968067 316 101731 2
S 97990065 317 101742 2
S 98012064 317 101738 2
S 98034063 317 101736 2
S 98056061 317 101738 2
S 98078060 317 101742 2
S 98100058 317 101739 2
S 98122057 316 101729 2
S 98144056 317 101736 2
S 98166054 316 101733 2
S 98188053 316 101729 2
S 98210052 317 101739 2
S 98232050 317 101736 2
S 98254049 317 101739 2
S 98276047 317 101734 2
S 98298046 317 101735 2
S 98320045 317 101736 2
S 98342043 317 101739 2
S 98364042 317 101739 2
S 98386041 317 101739 2
S 98408039 316 101732 2
S 98430038 317 101733 2
S 98452036 317 101736 2
S 98474035 317 101743 2
S 98496034 317 101740 2
S 98518032 317 101739 2
S 98540031 317 101742 2
S 98562030 316 101741 2
S 98584028 317 101735 2
S 98606027 317 101733 2
S 98628025 316 101740 2
S 98650024 316 101730 2
S 98672023 317 101742 2
S 98694021 316 101735 2
S 98716020 316 101734 2
S 98738019 317 101741 2
S 98760017 317 101733 2
S 98782016 317 101739 2
S 98804014 317 101737 2
S 98826013 316 101737 2
S 98848012 316 101736 2
S 98870010 317 101739 2
S 98892009 317 101741 2
S 98914008 316 101739 2
S 98936006 317 101739 2
S 98958005 317 101736 2
S 98980003 317 101735 2
S 99002002 316 101726 2
S 99024001 317 101730 2
S 99045999 317 101736 2
S 99067998 316 101736 2
S 99089997 317 101737 2
S 99111995 316 101736 2
S 99133994 316 101730 2
S 99155992 317 101741 2
S 99177991 316 101735 2
S 99199990 317 101738 2
S 99221988 316 101736 2
S 99243987 317 101740 2
S 99265986 317 101731 2
S 99287984 317 101737 2
S 99309983 317 101745 2
S 99331981 317 101739 2
S 99353980 316 101732 2
S 99375979 316 101730 2
S 99397977 317 101740 2
S 99419976 317 101740 2
S 99441975 316 101731 2
S 99463973 317 101742 2
S 99485972 316 101734 2
S 99507970 317 101735 2
S 99529969 316 101735 2
S 99551968 317 101740 2
S 99573966 316 101735 2
S 99595965 317 101736 2
S 99617964 317 101738 2
S 99639962 316 101739 2
S 99661961 317 101736 2
S 99683959 317 101739 2
S 99705958 317 101736 2
S 99727957 317 101736 2
S 99749955 316 101731 2
S 99771954 317 101736 2
S 99793953 317 101735 2
S 99815951 317 101739 2
S 99837950 316 101732 2
S 99859948 317 101744 2
S 99881947 317 101737 2
S 99903946 316 101736 2
S 99925944 316 101735 2
S 99947943 317 101741 2
S 99969942 317 101738 2
S 99991940 316 101728 2
S 100013939 317 101738 2
S 100035937 316 101734 2
S 100057936 317 101742 2
S 100079935 316 101730 2
S 100101933 317 101733 2
S 100123932 316 101737 2
S 100145931 316 101733 2
S 100167929 317 101735 2
S 100189928 317 101735 2
S 100211926 317 101740 2
S 100233925 317 101745 2
S 100255924 316 101735 2
S 100277922 317 101736 2
S 100299921 316 101736 2
S 100321920 316 101733 2
S 100343918 316 101734 2
S 100365917 317 101738 2
S 100387915 317 101739 2
S 100409914 317 101739 2
S 100431913 316 101733 2
S 100453911 317 101736 2
S 100475910 316 101732 2
S 100497909 317 101733 2
S 100519907 317 101736 2
S 100541906 317 101739 2
S 100563904 317 101734 2
S 100585903 317 101739 2
S 100607902 316 101730 2
S 100629900 317 101727 2
S 100651899 316 101725 2
S 100673898 316 101727 2
S 100695896 317 101733 2
S 100717895 317 101739 2
S 100739893 317 101736 2
S 100761892 316 101730 2
S 100783891 316 101732 2
S 100805889 317 101738 2
S 100827888 316 101728 2
S 100849887 317 101738 2
S 100871885 316 101730 2
S 100893884 316 101729 2
S 100915882 317 101732 2
S 100937881 317 101734 2
S 100959880 316 101729 2
S 100981878 316 101729 2
S 101003877 316 101732 2
S 101025876 317 101731 2
S 101047874 317 101735 2
S 101069873 317 101733 2
S 101091871 316 101731 2
S 101113870 316 101729 2
S 101135869 317 101739 2
S 101157867 317 101740 2
S 101179866 316 101733 2
S 101201865 317 101745 2
S 101223863 317 101745 2
S 101245862 317 101740 2
S 101267860 317 101738 2
S 101289859 317 101744 2
S 101311858 317 101740 2
S 101333856 317 101736 2
S 101355855 317 101736 2
S 101377854 316 101733 2
S 101399852 317 101739 2
S 101421851 317 101740 2
S 101443849 317 101739 2
S 101465848 317 101745 2
S 101487847 317 101740 2
S 101509845 317 101745 2
S 101531844 316 101737 2
S 101553843 317 101742 2
S 101575841 317 101742 2
S 101597840 317 101736 2
S 101619838 317 101736 2
S 101641837 317 101734 2
S 101663836 317 101739 2
S 101685834 317 101736 2
S 101707833 316 101731 2
S 101729832 316 101730 2
S 101751830 316 101732 2
S 101773829 317 101741 2
S 101795827 317 101739 2
S 101817826 317 101737 2
S 101839825 317 101730 2
S 101861823 317 101736 2
S 101883822 317 101736 2
S 101905821 317 101737 2
S 101927819 317 101736 2
S 101949818 317 101742 2
S 101971816 317 101736 2
S 101993815 317 101734 2
S 102015814 317 101736 2
S 102037812 317 101736 2
S 102059811 316 101736 2
S 102081810 316 101739 2
S 102103808 317 101737 2
S 102125807 317 101736 2
S 102147805 316 101734 2
S 102169804 316 101733 2
S 102191803 316 101737 2
S 102213801 317 101742 2
S 102235800 317 101737 2
S 102257799 316 101733 2
S 102279797 317 101737 2
S 102301796 317 101748 2
S 102323794 317 101739 2
S 102345793 317 101746 2
S 102367792 316 101742 2
S 102389790 316 101736 2
S 102411789 316 101738 2
S 102433788 316 101735 2
S 102455786 316 101727 2
S 102477785 317 101736 2
S 102499783 316 101733 2
S 102521782 317 101748 2
S 102543781 317 101745 2
S 102565779 317 101739 2
S 102587778 316 101742 2
S 102609777 317 101747 2
S 102631775 317 101741 2
S 102653774 316 101736 2
S 102675772 317 101740 2
S 102697771 317 101739 2
S 102719770 317 101736 2
S 102741768 317 101736 2
S 102763767 317 101731 2
S 102785766 317 101732 2
S 102807764 316 101732 2
S 102829763 317 101736 2
S 102851761 317 101732 2
S 102873760 316 101733 2
S 102895759 317 101726 2
S 102917757 317 101733 2
S 102939756 316 101728 2
S 102961755 316 101725 2
S 102983753 317 101733 2
S 103005752 317 101739 2
S 103027750 316 101725 2
S 103049749 317 101733 2
S 103071748 317 101731 2
S 103093746 317 101735 2
S 103115745 317 101739 2
S 103137744 317 101739 2
S 103159742 317 101739 2
S 103181741 317 101741 2
S 103203739 316 101733 2
S 103225738 317 101742 2
S 103247737 317 101741 2
S 103269735 317 101742 2
S 103291734 317 101736 2
S 103313733 317 101740 2
S 103335731 317 101742 2
S 103357730 317 101739 2
S 103379728 316 101727 2
S 103401727 317 101742 2
S 103423726 316 101736 2
S 103445724 317 101739 2
S 103467723 317 101741 2
S 103489722 316 101737 2
S 103511720 317 101736 2
S 103533719 317 101742 2
S 103555717 317 101737 2
S 103577716 316 101736 2
S 103599715 317 101742 2
S 103621713 317 101740 2
S 103643712 317 101739 2
S 103665711 316 101736 2
S 103687709 317 101739 2
S 103709708 316 101741 2
S 103731706 317 101741 2
S 103753705 316 101734 2
S 103775704 317 101742 2
S 103797702 317 101743 2
S 103819701 317 101744 2
S 103841700 317 101746 2
S 103863698 317 101742 2
S 103885697 317 101742 2
S 103907695 317 101739 2
S 103929694 317 101742 2
S 103951693 317 101742 2
S 103973691 317 101734 2
S 103995690 317 101739 2
S 104017689 316 101734 2
S 104039687 316 101733 2
S 104061686 317 101740 2
S 104083684 317 101753 2
S 104105683 317 101742 2
S 104127682 317 101742 2
S 104149680 317 101735 2
S 104171679 316 101732 2
S 104193678 316 101733 2
S 104215676 317 101736 2
S 104237675 317 101735 2
S 104259673 317 101736 2
S 104281672 317 101738 2
S 104303671 317 101737 2
S 104325669 316 101727 2
S 104347668 316 101741 2
S 104369667 317 101741 2
S 104391665 316 101736 2
S 104413664 316 101728 2
S 104435662 317 101734 2
S 104457661 316 101730 2
S 104479660 317 101737 2
S 104501658 317 101741 2
S 104523657 317 101743 2
S 104545656 317 101739 2
S 104567654 316 101736 2
S 104589653 317 101746 2
S 104611651 317 101740 2
S 104633650 317 101738 2
S 104655649 317 101748 2
S 104677647 317 101738 2
S 104699646 316 101731 2
S 104721645 317 101738 2
S 104743643 317 101742 2
S 104765642 317 101742 2
S 104787640 317 101739 2
S 104809639 317 101740 2
S 104831638 317 101739 2
S 104853636 316 101733 2
S 104875635 317 101733 2
S 104897634 317 101739 2
S 104919632 317 101733 2
S 104941631 317 101733 2
S 104963629 316 101731 2
S 104985628 317 101730 2
S 105007627 316 101733 2
S 105029625 317 101733 2
S 105051624 316 101730 2
S 105073623 316 101734 2
S 105095621 317 101736 2
S 105117620 317 101738 2
S 105139618 317 101743 2
S 105161617 317 101736 2
S 105183616 316 101736 2
S 105205614 317 101736 2
S 105227613 317 101737 2
S 105249612 317 101742 2
S 105271610 317 101737 2
S 105293609 317 101740 2
S 105315607 316 101733 2
S 105337606 317 101740 2
S 105359605 317 101739 2
S 105381603 316 101736 2
S 105403602 317 101739 2
S 105425601 316 101736 2
S 105447599 317 101745 2
S 105469598 316 101742 2
S 105491596 316 101733 2
S 105513595 316 101735 2
S 105535594 316 101730 2
S 105557592 317 101743 2
S 105579591 317 101739 2
S 105601590 317 101741 2
S 105623588 316 101733 2
S 105645587 317 101742 2
S 105667585 317 101740 2
S 105689584 317 101742 2
S 105711583 316 101742 2
S 105733581 317 101746 2
S 105755580 316 101737 2
S 105777579 316 101736 2
S 105799577 316 101735 2
S 105821576 317 101739 2
S 105843574 317 101742 2
S 105865573 316 101734 2
S 105887572 317 101742 2
S 105909570 316 101736 2
S 105931569 316 101729 2
S 105953568 317 101736 2
S 105975566 316 101733 2
S 105997565 316 101733 2
S 106019563 317 101733 2
S 106041562 316 101739 2
S 106063561 316 101734 2
S 106085559 317 101733 2
S 106107558 316 101734 2
S 106129557 317 101733 2
S 106151555 317 101736 2
S 106173554 316 101736 2
S 106195552 317 101739 2
S 106217551 316 101737 2
S 106239550 316 101728 2
S 106261548 317 101737 2
S 106283547 316 101736 2
S 106305546 317 101739 2
S 106327544 317 101740 2
S 106349543 317 101740 2
S 106371541 317 101741 2
S 106393540 317 101744 2
S 106415539 317 101739 2
S 106437537 317 101741 2
S 106459536 317 101743 2
S 106481535 317 101743 2
S 106503533 317 101742 2
S 106525532 317 101742 2
S 106547530 317 101744 2
S 106569529 317 101747 2
S 106591528 317 101740 2
S 106613526 317 101742 2
S 106635525 317 101738 2
S 106657524 316 101735 2
S 106679522 317 101742 2
S 106701521 317 101745 2
S 106723519 316 101735 2
S 106745518 317 101740 2
S 106767517 316 101739 2
S 106789515 317 101739 2
S 106811514 317 101742 2
S 106833513 317 101739 2
S 106855511 317 101739 2
S 106877510 317 101736 2
S 106899508 317 101735 2
S 106921507 316 101730 2
S 106943506 316 101730 2
S 106965504 316 101739 2
S 106987503 316 101737 2
S 107009502 317 101739 2
S 107031500 317 101739 2
S 107053499 317 101744 2
S 107075497 316 101740 2
S 107097496 317 101745 2
S 107119495 317 101739 2
S 107141493 316 101738 2
S 107163492 316 101736 2
S 107185491 317 101736 2
S 107207489 316 101731 2
S 107229488 316 101726 2
S 107251486 317 101742 2
S 107273485 316 101736 2
S 107295484 316 101733 2
S 107317482 316 101736 2
S 107339481 317 101739 2
S 107361480 317 101742 2
S 107383478 317 101742 2
S 107405477 316 101741 2
S 107427475 317 101741 2
S 107449474 317 101745 2
S 107471473 317 101741 2
S 107493471 316 101737 2
S 107515470 317 101740 2
S 107537469 316 101736 2
S 107559467 317 101737 2
S 107581466 317 101743 2
S 107603464 316 101736 2
S 107625463 316 101733 2
S 107647462 317 101742 2
S 107669460 317 101742 2
S 107691459 317 101742 2
S 107713458 317 101740 2
S 107735456 316 101731 2
S 107757455 317 101736 2
S 107779453 317 101741 2
S 107801452 317 101741 2
S 107823451 317 101738 2
S 107845449 317 101736 2
S 107867448 316 101728 2
S 107889447 317 101737 2
S 107911445 316 101736 2
S 107933444 317 101738 2
S 107955442 317 101737 2
S 107977441 317 101739 2
S 107999440 316 101738 2
S 108021438 317 101733 2
S 108043437 316 101737 2
S 108065436 316 101737 2
S 108087434 317 101737 2
S 108109433 317 101741 2
S 108131431 317 101745 2
S 108153430 317 101745 2
S 108175429 317 101748 2
S 108197427 317 101743 2
S 108219426 317 101743 2
S 108241425 317 101739 2
S 108263423 316 101739 2
S 108285422 317 101739 2
S 108307420 317 101741 2
S 108329419 316 101741 2
S 108351418 317 101742 2
S 108373416 316 101736 2
S 108395415 317 101742 2
S 108417414 317 101745 2
S 108439412 317 101741 2
S 108461411 317 101748 2
S 108483409 317 101742 2
S 108505408 317 101746 2
S 108527407 316 101735 2
S 108549405 317 101740 2
S 108571404 317 101738 2
S 108593403 317 101740 2
S 108615401 316 101732 2
S 108637400 317 101736 2
S 108659398 316 101736 2
S 108681397 317 101736 2
S 108703396 316 101738 2
S 108725394 317 101738 2
S 108747393 317 101739 2
S 108769392 317 101738 2
S 108791390 316 101740 2
S 108813389 317 101739 2
S 108835387 317 101738 2
S 108857386 317 101740 2
S 108879385 317 101736 2
S 108901383 317 101741 2
S 108923382 317 101740 2
S 108945381 317 101733 2
S 108967379 316 101732 2
S 108989378 316 101731 2
S 109011376 317 101737 2
S 109033375 317 101735 2
S 109055374 317 101738 2
S 109077372 317 101733 2
S 109099371 317 101733 2
S 109121370 317 101739 2
S 109143368 317 101739 2
S 109165367 317 101738 2
S 109187365 316 101732 2
S 109209364 317 101733 2
S 109231363 317 101738 2
S 109253361 316 101730 2
S 109275360 317 101740 2
S 109297359 317 101736 2
S 109319357 317 101740 2
S 109341356 317 101740 2
S 109363354 317 101741 2
S 109385353 316 101731 2
S 109407352 317 101745 2
S 109429350 317 101744 2
S 109451349 317 101744 2
S 109473348 317 101736 2
S 109495346 316 101737 2
S 109517345 317 101736 2
S 109539343 317 101734 2
S 109561342 317 101738 2
S 109583341 317 101738 2
S 109605339 317 101739 2
S 109627338 316 101732 2
S 109649337 317 101733 2
S 109671335 317 101739 2
S 109693334 316 101731 2
S 109715332 317 101736 2
S 109737331 317 101737 2
S 109759330 317 101735 2
S 109781328 317 101735 2
S 109803327 316 101731 2
S 109825326 317 101739 2
S 109847324 317 101736 2
S 109869323 317 101733 2
S 109891321 317 101732 2
S 109913320 316 101730 2
S 109935319 317 101736 2
S 109957317 316 101727 2
S 109979316 317 101736 2
S 110001315 317 101739 2
S 110023313 316 101732 2
S 110045312 316 101732 2
S 110067310 316 101729 2
S 110089309 317 101734 2
S 110111308 317 101733 2
S 110133306 317 101730 2
S 110155305 316 101733 2
S 110177304 317 101733 2
S 110199302 317 101735 2
S 110221301 317 101735 2
S 110243299 317 101744 2
S 110265298 316 101728 2
S 110287297 316 101735 2
S 110309295 317 101735 2
S 110331294 316 101731 2
S 110353293 317 101730 2
S 110375291 317 101735 2
S 110397290 317 101732 2
S 110419288 317 101738 2
S 110441287 317 101734 2
S 110463286 317 101740 2
S 110485284 317 101742 2
S 110507283 317 101740 2
S 110529282 317 101745 2
S 110551280 317 101739 2
S 110573279 317 101740 2
S 110595277 316 101732 2
S 110617276 316 101733 2
S 110639275 316 101734 2
S 110661273 317 101738 2
S 110683272 317 101736 2
S 110705271 317 101736 2
S 110727269 316 101732 2
S 110749268 316 101735 2
S 110771266 317 101737 2
S 110793265 317 101731 2
S 110815264 316 101729 2
S 110837262 317 101733 2
S 110859261 317 101736 2
S 110881260 316 101728 2
S 110903258 316 101727 2
S 110925257 317 101736 2
S 110947255 317 101736 2
S 110969254 316 101732 2
S 110991253 316 101735 2
S 111013251 316 101736 2
S 111035250 316 101733 2
S 111057249 317 101737 2
S 111079247 317 101734 2
S 111101246 317 101739 2
S 111123244 316 101731 2
S 111145243 317 101731 2
S 111167242 317 101736 2
S 111189240 317 101739 2
S 111211239 317 101736 2
S 111233238 317 101741 2
S 111255236 317 101742 2
S 111277235 316 101734 2
S 111299233 317 101735 2
S 111321232 316 101733 2
S 111343231 316 101736 2
S 111365229 317 101742 2
S 111387228 317 101745 2
S 111409227 317 101739 2
S 111431225 316 101734 2
S 111453224 317 101740 2
S 111475222 317 101738 2
S 111497221 316 101737 2
S 111519220 317 101739 2
S 111541218 316 101733 2
S 111563217 316 101736 2
S 111585216 317 101735 2
S 111607214 317 101742 2
S 111629213 317 101739 2
S 111651211 316 101732 2
S 111673210 316 101734 2
S 111695209 316 101737 2
S 111717207 317 101744 2
S 111739206 317 101740 2
S 111761205 317 101731 2
S 111783203 317 101741 2
S 111805202 316 101735 2
S 111827200 317 101736 2
S 111849199 316 101737 2
S 111871198 317 101745 2
S 111893196 317 101739 2
S 111915195 317 101738 2
S 111937194 316 101736 2
S 111959192 316 101728 2
S 111981191 317 101737 2
S 112003189 317 101742 2
S 112025188 316 101733 2
S 112047187 316 101737 2
S 112069185 317 101741 2
S 112091184 316 101730 2
S 112113183 316 101733 2
S 112135181 317 101736 2
S 112157180 316 101736 2
S 112179178 316 101733 2
S 112201177 317 101736 2
S 112223176 317 101736 2
S 112245174 317 101736 2
S 112267173 316 101733 2
S 112289172 317 101739 2
S 112311170 316 101733 2
S 112333169 317 101742 2
S 112355167 317 101734 2
S 112377166 317 101735 2
S 112399165 316 101733 2
S 112421163 317 101737 2
S 112443162 316 101732 2
S 112465161 317 101737 2
S 112487159 316 101730 2
S 112509158 317 101738 2
S 112531156 317 101733 2
S 112553155 317 101739 2
S 112575154 317 101745 2
S 112597152 317 101738 2
S 112619151 316 101736 2
S 112641150 317 101735 2
S 112663148 317 101738 2
S 112685147 316 101733 2
S 112707145 316 101731 2
S 112729144 316 101730 2
S 112751143 317 101738 2
S 112773141 316 101730 2
S 112795140 317 101737 2
S 112817139 317 101738 2
S 112839137 317 101737 2
S 112861136 317 101742 2
S 112883134 317 101736 2
S 112905133 316 101735 2
S 112927132 317 101736 2
S 112949130 317 101733 2
S 112971129 316 101732 2
S 112993128 316 101727 2
S 113015126 317 101739 2
S 113037125 317 101739 2
S 113059123 316 101730 2
S 113081122 317 101736 2
S 113103121 317 101740 2
S 113125119 316 101733 2
S 113147118 316 101735 2
S 113169117 317 101737 2
S 113191115 316 101736 2
S 113213114 316 101730 2
S 113235112 317 101737 2
S 113257111 317 101736 2
S 113279110 316 101736 2
S 113301108 316 101736 2
S 113323107 316 101733 2
S 113345106 317 101739 2
S 113367104 316 101737 2
S 113389103 317 101735 2
S 113411101 317 101742 2
S 113433100 317 101742 2
S 113455099 317 101736 2
S 113477097 316 101740 2
S 113499096 316 101733 2
S 113521095 317 101741 2
S 113543093 317 101741 2
S 113565092 316 101734 2
S 113587090 316 101735 2
S 113609089 316 101733 2
S 113631088 316 101739 2
S 113653086 317 101744 2
S 113675085 317 101742 2
S 113697084 316 101734 2
S 113719082 317 101739 2
S 113741081 317 101730 2
S 113763079 316 101729 2
S 113785078 316 101734 2
S 113807077 317 101741 2
S 113829075 317 101745 2
S 113851074 317 101745 2
S 113873073 317 101741 2
S 113895071 317 101741 2
S 113917070 317 101742 2
S 113939068 317 101738 2
S 113961067 316 101736 2
S 113983066 316 101733 2
S 114005064 316 101738 2
S 114027063 316 101736 2
S 114049062 317 101743 2
S 114071060 317 101736 2
S 114093059 317 101736 2
S 114115057 317 101741 2
S 114137056 317 101742 2
S 114159055 316 101734 2
S 114181053 317 101741 2
S 114203052 316 101735 2
S 114225051 316 101734 2
S 114247049 317 101733 2
S 114269048 316 101735 2
S 114291046 316 101735 2
S 114313045 317 101742 2
S 114335044 316 101739 2
S 114357042 317 101744 2
S 114379041 317 101742 2
S 114401040 316 101739 2
S 114423038 317 101740 2
S 114445037 316 101739 2
S 114467035 316 101739 2
S 114489034 317 101740 2
S 114511033 316 101739 2
S 114533031 316 101732 2
S 114555030 316 101733 2
S 114577029 316 101735 2
S 114599027 316 101734 2
S 114621026 316 101732 2
S 114643024 317 101733 2
S 114665023 317 101735 2
S 114687022 316 101727 2
S 114709020 317 101735 2
S 114731019 317 101736 2
S 114753018 316 101733 2
S 114775016 317 101738 2
S 114797015 316 101733 2
S 114819013 317 101737 2
S 114841012 316 101733 2
S 114863011 317 101737 2
S 114885009 317 101735 2
S 114907008 317 101736 2
S 114929007 316 101734 2
S 114951005 316 101738 2
S 114973004 316 101731 2
S 114995002 317 101740 2
S 115017001 316 101739 2
S 115039000 316 101739 2
S 115060998 317 101741 2
S 115082997 316 101739 2
S 115104996 317 101742 2
S 115126994 316 101735 2
S 115148993 317 101734 2
S 115170991 317 101739 2
S 115192990 316 101735 2
S 115214989 317 101745 2
S 115236987 317 101739 2
S 115258986 317 101738 2
S 115280985 317 101738 2
S 115302983 317 101736 2
S 115324982 316 101737 2
S 115346980 316 101730 2
S 115368979 316 101731 2
S 115390978 316 101732 2
S 115412976 317 101731 2
S 115434975 317 101743 2
S 115456974 316 101734 2
S 115478972 316 101733 2
S 115500971 317 101745 2
S 115522969 317 101739 2
S 115544968 316 101739 2
S 115566967 316 101734 2
S 115588965 317 101736 2
S 115610964 316 101733 2
S 115632963 317 101733 2
S 115654961 317 101736 2
S 115676960 317 101736 2
S 115698958 317 101739 2
S 115720957 316 101733 2
S 115742956 316 101733 2
S 115764954 317 101740 2
S 115786953 317 101735 2
S 115808952 316 101731 2
S 115830950 317 101736 2
S 115852949 317 101733 2
S 115874947 316 101736 2
S 115896946 316 101735 2
S 115918945 316 101729 2
S 115940943 317 101736 2
S 115962942 317 101742 2
S 115984941 316 101729 2
S 116006939 317 101734 2
S 116028938 316 101727 2
S 116050936 316 101732 2
S 116072935 317 101737 2
S 116094934 317 101740 2
S 116116932 316 101738 2
S 116138931 316 101734 2
S 116160930 317 101736 2
S 116182928 316 101730 2
S 116204927 317 101732 2
S 116226925 317 101740 2
S 116248924 317 101739 2
S 116270923 316 101731 2
S 116292921 317 101738 2
S 116314920 317 101733 2
S 116336919 317 101730 2
S 116358917 317 101732 2
S 116380916 317 101736 2
S 116402914 316 101727 2
S 116424913 316 101733 2
S 116446912 316 101730 2
S 116468910 316 101731 2
S 116490909 317 101736 2
S 116512908 317 101733 2
S 116534906 317 101736 2
S 116556905 317 101736 2
S 116578903 317 101733 2
S 116600902 316 101726 2
S 116622901 317 101734 2
S 116644899 317 101733 2
S 116666898 317 101730 2
S 116688897 317 101734 2
S 116710895 317 101735 2
S 116732894 316 101731 2
S 116754892 317 101740 2
S 116776891 316 101734 2
S 116798890 317 101744 2
S 116820888 317 101742 2
S 116842887 317 101741 2
S 116864886 317 101736 2
S 116886884 317 101734 2
S 116908883 317 101737 2
S 116930881 317 101742 2
S 116952880 317 101735 2
S 116974879 317 101737 2
S 116996877 317 101736 2
S 117018876 317 101738 2
S 117040875 316 101733 2
S 117062873 317 101738 2
S 117084872 317 101739 2
S 117106870 317 101742 2
S 117128869 317 101736 2
S 117150868 317 101740 2
S 117172866 316 101733 2
S 117194865 317 101742 2
S 117216864 317 101742 2
S 117238862 316 101735 2
S 117260861 317 101738 2
S 117282859 317 101737 2
S 117304858 317 101738 2
S 117326857 317 101733 2
S 117348855 317 101739 2
S 117370854 317 101739 2
S 117392853 317 101738 2
S 117414851 316 101733 2
S 117436850 317 101739 2
S 117458848 317 101730 2
S 117480847 317 101739 2
S 117502846 317 101734 2
S 117524844 317 101737 2
S 117546843 316 101730 2
S 117568842 317 101747 2
S 117590840 317 101733 2
S 117612839 316 101724 2
S 117634837 317 101741 2
S 117656836 317 101739 2
S 117678835 317 101741 2
S 117700833 317 101739 2
S 117722832 317 101740 2
S 117744831 317 101733 2
S 117766829 317 101734 2
S 117788828 317 101739 2
S 117810826 317 101733 2
S 117832825 317 101731 2
S 117854824 316 101727 2
S 117876822 317 101727 2
S 117898821 316 101730 2
S 117920820 317 101731 2
S 117942818 317 101737 2
S 117964817 317 101736 2
S 117986815 317 101736 2
S 118008814 317 101731 2
S 118030813 316 101732 2
S 118052811 316 101735 2
S 118074810 316 101719 2
S 118096809 317 101735 2
S 118118807 316 101730 2
S 118140806 317 101736 2
S 118162804 317 101735 2
S 118184803 316 101732 2
S 118206802 316 101733 2
S 118228800 316 101734 2
S 118250799 317 101738 2
S 118272798 316 101736 2
S 118294796 316 101732 2
S 118316795 317 101741 2
S 118338793 317 101732 2
S 118360792 317 101732 2
S 118382791 316 101736 2
S 118404789 317 101736 2
S 118426788 317 101737 2
S 118448787 317 101736 2
S 118470785 317 101736 2
S 118492784 317 101738 2
S 118514782 317 101738 2
S 118536781 317 101739 2
S 118558780 317 101737 2
S 118580778 317 101735 2
S 118602777 317 101739 2
S 118624776 317 101737 2
S 118646774 317 101730 2
S 118668773 317 101738 2
S 118690771 317 101734 2
S 118712770 317 101738 2
S 118734769 317 101736 2
S 118756767 317 101742 2
S 118778766 317 101739 2
S 118800765 317 101740 2
S 118822763 317 101743 2
S 118844762 317 101737 2
S 118866760 317 101735 2
S 118888759 317 101739 2
S 118910758 317 101730 2
S 118932756 317 101737 2
S 118954755 317 101738 2
S 118976754 317 101731 2
S 118998752 317 101743 2
S 119020751 317 101732 2
S 119042749 317 101734 2
S 119064748 316 101731 2
S 119086747 317 101734 2
S 119108745 317 101736 2
S 119130744 317 101730 2
S 119152743 317 101734 2
S 119174741 317 101733 2
S 119196740 317 101739 2
S 119218738 317 101736 2
S 119240737 317 101745 2
S 119262736 317 101738 2
S 119284734 317 101739 2
S 119306733 317 101739 2
S 119328732 317 101747 2
S 119350730 317 101746 2
S 119372729 317 101735 2
S 119394727 317 101745 2
S 119416726 317 101735 2
S 119438725 317 101741 2
S 119460723 317 101732 2
S 119482722 317 101734 2
S 119504721 317 101736 2
S 119526719 317 101737 2
S 119548718 317 101737 2
S 119570716 317 101739 2
S 119592715 317 101741 2
S 119614714 317 101736 2
S 119636712 317 101734 2
S 119658711 317 101736 2
S 119680710 317 101735 2
S 119702708 317 101736 2
S 119724707 317 101737 2
S 119746705 317 101741 2
S 119768704 317 101736 2
S 119790703 317 101738 2
S 119812701 317 101741 2
S 119834700 317 101742 2
S 119856699 317 101739 2
S 119878697 317 101735 2
S 119900696 317 101733 2
S 119922694 317 101735 2
S 119944693 317 101734 2
S 119966692 317 101739 2
S 119988690 317 101736 2
S 120010689 317 101733 2
S 120032688 317 101731 2
S 120054686 317 101733 2
S 120076685 317 101733 2
S 120098683 317 101739 2
S 120120682 317 101741 2
S 120142681 317 101733 2
S 120164679 317 101734 2
S 120186678 317 101738 2
S 120208677 317 101739 2
S 120230675 317 101735 2
S 120252674 317 101739 2
S 120274672 317 101731 2
S 120296671 317 101735 2
S 120318670 317 101745 2
S 120340668 317 101742 2
S 120362667 317 101732 2
S 120384666 317 101736 2
S 120406664 317 101743 2
S 120428663 317 101745 2
S 120450661 317 101738 2
S 120472660 317 101745 2
S 120494659 317 101736 2
S 120516657 317 101734 2
S 120538656 317 101732 2
S 120560655 317 101733 2
S 120582653 317 101747 2
S 120604652 317 101738 2
S 120626650 317 101741 2
S 120648649 317 101739 2
S 120670648 317 101744 2
S 120692646 317 101741 2
S 120714645 317 101739 2
S 120736644 317 101739 2
S 120758642 317 101735 2
S 120780641 317 101736 2
S 120802639 317 101741 2
S 120824638 316 101732 2
S 120846637 317 101735 2
S 120868635 317 101734 2
S 120890634 317 101739 2
S 120912633 317 101740 2
S 120934631 317 101736 2
S 120956630 317 101736 2
S 120978628 317 101737 2
S 121000627 317 101731 2
S 121022626 317 101738 2
S 121044624 317 101740 2
S 121066623 317 101737 2
S 121088622 317 101734 2
S 121110620 317 101733 2
S 121132619 317 101742 2
S 121154617 317 101738 2
S 121176616 317 101741 2
S 121198615 317 101736 2
S 121220613 317 101738 2
S 121242612 317 101741 2
S 121264611 317 101742 2
S 121286609 317 101744 2
S 121308608 317 101744 2
S 121330606 317 101748 2
S 121352605 317 101740 2
S 121374604 316 101732 2
S 121396602 317 101740 2
S 121418601 317 101736 2
S 121440600 317 101733 2
S 121462598 317 101733 2
S 121484597 317 101738 2
S 121506595 316 101735 2
S 121528594 317 101738 2
S 121550593 317 101736 2
S 121572591 317 101736 2
S 121594590 317 101739 2
S 121616589 317 101740 2
S 121638587 317 101738 2
S 121660586 317 101738 2
S 121682584 317 101745 2
S 121704583 316 101733 2
S 121726582 317 101744 2
S 121748580 317 101745 2
S 121770579 317 101739 2
S 121792578 317 101740 2
S 121814576 316 101735 2
S 121836575 316 101741 2
S 121858573 317 101745 2
S 121880572 317 101743 2
S 121902571 317 101738 2
S 121924569 317 101732 2
S 121946568 316 101727 2
S 121968567 317 101736 2
S 121990565 317 101738 2
S 122012564 317 101740 2
S 122034562 317 101737 2
S 122056561 317 101738 2
S 122078560 317 101746 2
S 122100558 317 101739 2
S 122122557 317 101733 2
S 122144556 317 101739 2
S 122166554 316 101736 2
S 122188553 317 101739 2
S 122210551 317 101734 2
S 122232550 317 101739 2
S 122254549 317 101742 2
S 122276547 316 101729 2
S 122298546 317 101738 2
S 122320545 317 101736 2
S 122342543 317 101736 2
S 122364542 317 101736 2
S 122386540 317 101745 2
S 122408539 317 101736 2
S 122430538 317 101737 2
S 122452536 316 101730 2
S 122474535 317 101735 2
S 122496534 317 101738 2
S 122518532 317 101732 2
S 122540531 317 101733 2
S 122562529 317 101736 2
S 122584528 317 101736 2
S 122606527 317 101739 2
S 122628525 317 101737 2
S 122650524 317 101733 2
S 122672523 317 101736 2
S 122694521 317 101744 2
S 122716520 317 101740 2
S 122738518 317 101738 2
S 122760517 317 101739 2
S 122782516 317 101735 2
S 122804514 317 101742 2
S 122826513 317 101736 2
S 122848512 317 101736 2
S 122870510 317 101742 2
S 122892509 316 101730 2
S 122914507 317 101745 2
S 122936506 317 101745 2
S 122958505 317 101743 2
S 122980503 317 101744 2
S 123002502 316 101732 2
S 123024501 317 101745 2
S 123046499 317 101740 2
S 123068498 317 101738 2
S 123090496 317 101736 2
S 123112495 317 101733 2
S 123134494 317 101742 2
S 123156492 317 101731 2
S 123178491 317 101738 2
S 123200490 317 101737 2
S 123222488 317 101743 2
S 123244487 317 101742 2
S 123266485 317 101741 2
S 123288484 317 101743 2
S 123310483 317 101737 2
S 123332481 317 101737 2
S 123354480 317 101747 2
S 123376479 317 101733 2
S 123398477 317 101746 2
S 123420476 317 101743 2
S 123442474 317 101742 2
S 123464473 317 101743 2
S 123486472 317 101737 2
S 123508470 317 101743 2
S 123530469 317 101733 2
S 123552468 317 101738 2
S 123574466 317 101743 2
S 123596465 317 101745 2
S 123618463 317 101742 2
S 123640462 317 101743 2
S 123662461 317 101738 2
S 123684459 317 101747 2
S 123706458 317 101737 2
S 123728457 317 101733 2
S 123750455 317 101745 2
S 123772454 317 101741 2
S 123794452 317 101742 2
S 123816451 317 101744 2
S 123838450 317 101736 2
S 123860448 317 101742 2
S 123882447 317 101738 2
S 123904446 317 101743 2
S 123926444 317 101736 2
S 123948443 317 101744 2
S 123970441 317 101739 2
S 123992440 317 101748 2
S 124014439 317 101745 2
S 124036437 317 101744 2
S 124058436 317 101741 2
S 124080435 317 101744 2
S 124102433 317 101739 2
S 124124432 317 101738 2
S 124146430 317 101739 2
S 124168429 317 101743 2
S 124190428 317 101743 2
S 124212426 317 101741 2
S 124234425 317 101743 2
S 124256424 317 101740 2
S 124278422 317 101733 2
S 124300421 317 101748 2
S 124322419 317 101743 2
S 124344418 317 101741 2
S 124366417 317 101739 2
S 124388415 317 101738 2
S 124410414 317 101731 2
S 124432413 317 101736 2
S 124454411 317 101737 2
S 124476410 317 101737 2
S 124498408 317 101735 2
S 124520407 317 101732 2
S 124542406 317 101733 2
S 124564404 317 101734 2
S 124586403 317 101741 2
S 124608402 317 101738 2
S 124630400 317 101742 2
S 124652399 317 101735 2
S 124674397 317 101741 2
S 124696396 317 101742 2
S 124718395 317 101745 2
S 124740393 317 101743 2
S 124762392 317 101736 2
S 124784391 317 101737 2
S 124806389 317 101738 2
S 124828388 317 101736 2
S 124850386 317 101739 2
S 124872385 317 101733 2
S 124894384 317 101734 2
S 124916382 317 101732 2
S 124938381 317 101742 2
S 124960380 317 101734 2
S 124982378 317 101740 2
S 125004377 317 101737 2
S 125026375 317 101736 2
S 125048374 317 101732 2
S 125070373 317 101737 2
S 125092371 317 101741 2
S 125114370 317 101742 2
S 125136369 317 101733 2
S 125158367 317 101740 2
S 125180366 317 101744 2
S 125202364 317 101739 2
S 125224363 317 101738 2
S 125246362 317 101745 2
S 125268360 317 101743 2
S 125290359 317 101743 2
S 125312358 317 101743 2
S 125334356 317 101739 2
S 125356355 317 101741 2
S 125378353 317 101742 2
S 125400352 317 101740 2
S 125422351 317 101744 2
S 125444349 317 101745 2
S 125466348 317 101745 2
S 125488347 317 101745 2
S 125510345 317 101745 2
S 125532344 317 101744 2
S 125554342 317 101734 2
S 125576341 317 101739 2
S 125598340 317 101743 2
S 125620338 317 101741 2
S 125642337 317 101740 2
S 125664336 317 101743 2
S 125686334 317 101744 2
S 125708333 317 101736 2
S 125730331 317 101738 2
S 125752330 317 101734 2
S 125774329 317 101740 2
S 125796327 317 101731 2
S 125818326 317 101736 2
S 125840325 317 101745 2
S 125862323 317 101742 2
S 125884322 317 101735 2
S 125906320 317 101740 2
S 125928319 317 101737 2
S 125950318 317 101737 2
S 125972316 317 101741 2
S 125994315 317 101739 2
S 126016314 317 101741 2
S 126038312 317 101741 2
S 126060311 317 101737 2
S 126082309 317 101742 2
S 126104308 317 101745 2
S 126126307 317 101738 2
S 126148305 317 101746 2
S 126170304 317 101743 2
S 126192303 317 101739 2
S 126214301 317 101741 2
S 126236300 317 101735 2
S 126258298 317 101739 2
S 126280297 317 101729 2
S 126302296 317 101736 2
S 126324294 317 101736 2
S 126346293 317 101740 2
S 126368292 317 101743 2
S 126390290 317 101741 2
S 126412289 317 101737 2
S 126434287 317 101733 2
S 126456286 317 101741 2
S 126478285 317 101740 2
S 126500283 317 101745 2
S 126522282 317 101746 2
S 126544281 317 101739 2
S 126566279 317 101736 2
S 126588278 317 101742 2
S 126610276 317 101742 2
S 126632275 317 101739 2
S 126654274 317 101736 2
S 126676272 317 101741 2
S 126698271 317 101740 2
S 126720270 317 101739 2
S 126742268 317 101743 2
S 126764267 317 101743 2
S 126786265 317 101745 2
S 126808264 317 101739 2
S 126830263 317 101737 2
S 126852261 317 101738 2
S 126874260 317 101741 2
S 126896259 317 101742 2
S 126918257 317 101740 2
S 126940256 317 101743 2
S 126962254 317 101739 2
S 126984253 317 101739 2
S 127006252 317 101734 2
S 127028250 317 101740 2
S 127050249 317 101741 2
S 127072248 317 101732 2
S 127094246 317 101743 2
S 127116245 317 101745 2
S 127138243 317 101739 2
S 127160242 317 101733 2
S 127182241 317 101743 2
S 127204239 317 101737 2
S 127226238 317 101749 2
S 127248237 317 101737 2
S 127270235 317 101744 2
S 127292234 317 101739 2
S 127314232 317 101739 2
S 127336231 317 101742 2
S 127358230 317 101745 2
S 127380228 317 101737 2
S 127402227 317 101738 2
S 127424226 317 101744 2
S 127446224 317 101743 2
S 127468223 317 101742 2
S 127490221 317 101744 2
S 127512220 317 101737 2
S 127534219 317 101741 2
S 127556217 317 101739 2
S 127578216 317 101742 2
S 127600215 317 101743 2
S 127622213 317 101740 2
S 127644212 317 101744 2
S 127666210 317 101740 2
S 127688209 317 101737 2
S 127710208 317 101740 2
S 127732206 317 101743 2
S 127754205 317 101731 2
S 127776204 317 101741 2
S 127798202 317 101737 2
S 127820201 317 101739 2
S 127842199 317 101739 2
S 127864198 317 101739 2
S 127886197 317 101734 2
S 127908195 317 101745 2
S 127930194 317 101736 2
S 127952193 317 101735 2
S 127974191 317 101736 2
S 127996190 317 101737 2
S 128018188 317 101728 2
S 128040187 317 101737 2
S 128062186 317 101735 2
S 128084184 317 101739 2
S 128106183 317 101740 2
S 128128182 317 101740 2
S 128150180 317 101740 2
S 128172179 317 101740 2
S 128194177 317 101735 2
S 128216176 317 101740 2
S 128238175 317 101739 2
S 128260173 317 101748 2
S 128282172 317 101745 2
S 128304171 317 101746 2
S 128326169 317 101742 2
S 128348168 317 101740 2
S 128370166 317 101738 2
S 128392165 317 101747 2
S 128414164 317 101747 2
S 128436162 317 101739 2
S 128458161 317 101740 2
S 128480160 317 101742 2
S 128502158 317 101740 2
S 128524157 317 101738 2
S 128546155 317 101731 2
S 128568154 317 101738 2
S 128590153 317 101735 2
S 128612151 317 101734 2
S 128634150 317 101740 2
S 128656149 317 101740 2
S 128678147 317 101741 2
S 128700146 317 101736 2
S 128722144 317 101731 2
S 128744143 317 101737 2
S 128766142 317 101736 2
S 128788140 317 101731 2
S 128810139 317 101736 2
S 128832138 317 101730 2
S 128854136 317 101736 2
S 128876135 317 101736 2
S 128898133 317 101737 2
S 128920132 317 101734 2
S 128942131 317 101729 2
S 128964129 317 101732 2
S 128986128 317 101736 2
S 129008127 317 101737 2
S 129030125 317 101737 2
S 129052124 317 101740 2
S 129074122 317 101737 2
S 129096121 317 101727 2
S 129118120 317 101733 2
S 129140118 317 101736 2
S 129162117 317 101733 2
S 129184116 317 101734 2
S 129206114 317 101736 2
S 129228113 317 101738 2
S 129250111 317 101731 2
S 129272110 317 101737 2
S 129294109 317 101738 2
S 129316107 317 101737 2
S 129338106 317 101739 2
S 129360105 317 101740 2
S 129382103 317 101740 2
S 129404102 317 101740 2
S 129426100 317 101741 2
S 129448099 317 101743 2
S 129470098 317 101739 2
S 129492096 317 101740 2
S 129514095 317 101734 2
S 129536094 317 101739 2
S 129558092 317 101746 2
S 129580091 317 101742 2
S 129602089 317 101738 2
S 129624088 317 101741 2
S 129646087 317 101740 2
S 129668085 317 101742 2
S 129690084 317 101743 2
S 129712083 317 101742 2
S 129734081 317 101740 2
S 129756080 317 101738 2
S 129778078 317 101740 2
S 129800077 317 101737 2
S 129822076 317 101743 2
S 129844074 317 101740 2
S 129866073 317 101738 2
S 129888072 317 101747 2
S 129910070 317 101743 2
S 129932069 317 101738 2
S 129954067 317 101745 2
S 129976066 317 101740 2
S 129998065 317 101742 2
S 130020063 317 101742 2
S 130042062 317 101743 2
S 130064061 317 101740 2
S 130086059 317 101734 2
S 130108058 317 101731 2
S 130130056 317 101735 2
S 130152055 317 101731 2
S 130174054 317 101737 2
S 130196052 317 101734 2
S 130218051 317 101732 2
S 130240050 317 101731 2
S 130262048 317 101739 2
S 130284047 317 101741 2
S 130306045 317 101739 2
S 130328044 317 101740 2
S 130350043 317 101740 2
S 130372041 317 101737 2
S 130394040 317 101737 2
S 130416039 317 101737 2
S 130438037 317 101735 2
S 130460036 317 101738 2
S 130482034 317 101737 2
S 130504033 317 101737 2
S 130526032 317 101737 2
S 130548030 317 101739 2
S 130570029 317 101738 2
S 130592028 317 101743 2
S 130614026 317 101742 2
S 130636025 317 101740 2
S 130658023 317 101743 2
S 130680022 317 101736 2
S 130702021 317 101740 2
S 130724019 317 101734 2
S 130746018 317 101739 2
S 130768017 317 101738 2
S 130790015 317 101739 2
S 130812014 317 101743 2
S 130834012 317 101739 2
S 130856011 317 101741 2
S 130878010 317 101739 2
S 130900008 317 101741 2
S 130922007 317 101738 2
S 130944006 317 101736 2
S 130966004 317 101743 2
S 130988003 317 101740 2
S 131010001 317 101745 2
S 131032000 317 101731 2
S 131053999 317 101735 2
S 131075997 317 101742 2
S 131097996 317 101740 2
S 131119995 317 101738 2
S 131141993 317 101743 2
S 131163992 317 101746 2
S 131185990 317 101734 2
S 131207989 317 101736 2
S 131229988 317 101737 2
S 131251986 317 101737 2
S 131273985 317 101741 2
S 131295984 317 101737 2
S 131317982 317 101733 2
S 131339981 317 101737 2
S 131361979 317 101740 2
S 131383978 317 101738 2
S 131405977 317 101740 2
S 131427975 317 101739 2
S 131449974 317 101739 2
S 131471973 317 101733 2
S 131493971 317 101734 2
S 131515970 317 101742 2
S 131537968 317 101729 2
S 131559967 317 101735 2
S 131581966 317 101731 2
S 131603964 317 101740 2
S 131625963 317 101738 2
S 131647962 317 101744 2
S 131669960 317 101733 2
S 131691959 317 101733 2
S 131713957 317 101734 2
S 131735956 317 101737 2
S 131757955 317 101735 2
S 131779953 317 101743 2
S 131801952 317 101741 2
S 131823951 317 101737 2
S 131845949 317 101734 2
S 131867948 317 101733 2
S 131889946 317 101734 2
S 131911945 317 101734 2
S 131933944 317 101736 2
S 131955942 317 101738 2
S 131977941 317 101740 2
S 131999940 317 101743 2
S 132021938 317 101737 2
S 132043937 317 101735 2
S 132065935 317 101737 2
S 132087934 317 101738 2
S 132109933 317 101740 2
S 132131931 317 101734 2
S 132153930 317 101737 2
S 132175929 317 101729 2
S 132197927 317 101739 2
S 132219926 317 101736 2
S 132241924 317 101733 2
S 132263923 317 101740 2
S 132285922 317 101737 2
S 132307920 317 101738 2
S 132329919 317 101732 2
S 132351918 317 101741 2
S 132373916 317 101741 2
S 132395915 317 101738 2
S 132417913 317 101737 2
S 132439912 317 101737 2
S 132461911 317 101738 2
S 132483909 317 101740 2
S 132505908 317 101740 2
S 132527907 317 101737 2
S 132549905 317 101739 2
S 132571904 317 101735 2
S 132593902 317 101737 2
S 132615901 317 101735 2
S 132637900 317 101743 2
S 132659898 317 101737 2
S 132681897 317 101746 2
S 132703896 317 101741 2
S 132725894 317 101738 2
S 132747893 317 101739 2
S 132769891 317 101741 2
S 132791890 317 101737 2
S 132813889 317 101746 2
S 132835887 317 101744 2
S 132857886 317 101742 2
S 132879885 317 101746 2
S 132901883 317 101746 2
S 132923882 317 101739 2
S 132945880 317 101742 2
S 132967879 317 101749 2
S 132989878 317 101741 2
S 133011876 317 101738 2
S 133033875 317 101745 2
S 133055874 317 101741 2
S 133077872 317 101743 2
S 133099871 317 101739 2
S 133121869 317 101740 2
S 133143868 317 101742 2
S 133165867 317 101740 2
S 133187865 317 101740 2
S 133209864 317 101743 2
S 133231863 317 101738 2
S 133253861 317 101743 2
S 133275860 317 101737 2
S 133297858 317 101743 2
S 133319857 317 101732 2
S 133341856 317 101737 2
S 133363854 317 101738 2
S 133385853 317 101746 2
S 133407852 317 101745 2
S 133429850 317 101743 2
S 133451849 317 101737 2
S 133473847 317 101743 2
S 133495846 317 101741 2
S 133517845 317 101737 2
S 133539843 317 101748 2
S 133561842 317 101737 2
S 133583841 317 101738 2
S 133605839 317 101740 2
S 133627838 317 101743 2
S 133649836 317 101736 2
S 133671835 317 101739 2
S 133693834 317 101741 2
S 133715832 317 101732 2
S 133737831 317 101737 2
S 133759830 317 101739 2
S 133781828 317 101739 2
S 133803827 317 101733 2
S 133825825 317 101744 2
S 133847824 317 101734 2
S 133869823 317 101738 2
S 133891821 317 101740 2
S 133913820 317 101739 2
S 133935819 317 101747 2
S 133957817 317 101745 2
S 133979816 317 101737 2
S 134001814 317 101740 2
S 134023813 317 101743 2
S 134045812 317 101737 2
S 134067810 317 101738 2
S 134089809 317 101738 2
S 134111808 317 101742 2
S 134133806 317 101737 2
S 134155805 317 101746 2
S 134177803 317 101740 2
S 134199802 317 101738 2
S 134221801 317 101731 2
S 134243799 317 101744 2
S 134265798 317 101742 2
S 134287797 317 101736 2
S 134309795 317 101737 2
S 134331794 317 101746 2
S 134353792 317 101743 2
S 134375791 317 101741 2
S 134397790 317 101737 2
S 134419788 317 101737 2
S 134441787 317 101740 2
S 134463786 317 101743 2
S 134485784 317 101742 2
S 134507783 317 101742 2
S 134529781 317 101733 2
S 134551780 317 101741 2
S 134573779 317 101746 2
S 134595777 317 101744 2
S 134617776 317 101744 2
S 134639775 317 101743 2
S 134661773 317 101741 2
S 134683772 317 101735 2
S 134705770 317 101743 2
S 134727769 317 101736 2
S 134749768 317 101738 2
S 134771766 317 101738 2
S 134793765 317 101731 2
S 134815764 317 101731 2
S 134837762 317 101731 2
S 134859761 317 101735 2
S 134881759 317 101728 2
S 134903758 317 101741 2
S 134925757 317 101737 2
S 134947755 317 101736 2
S 134969754 317 101737 2
S 134991753 317 101736 2
S 135013751 317 101740 2
S 135035750 317 101739 2
S 135057748 317 101736 2
S 135079747 317 101735 2
S 135101746 317 101738 2
S 135123744 317 101737 2
S 135145743 317 101740 2
S 135167742 317 101737 2
S 135189740 317 101737 2
S 135211739 317 101737 2
S 135233737 317 101737 2
S 135255736 317 101729 2
S 135277735 317 101730 2
S 135299733 317 101735 2
S 135321732 317 101737 2
S 135343731 317 101740 2
S 135365729 317 101736 2
S 135387728 317 101744 2
S 135409726 317 101737 2
S 135431725 317 101737 2
S 135453724 317 101741 2
S 135475722 317 101735 2
S 135497721 317 101740 2
S 135519720 317 101734 2
S 135541718 317 101735 2
S 135563717 317 101737 2
S 135585715 317 101741 2
S 135607714 317 101737 2
S 135629713 317 101740 2
S 135651711 317 101735 2
S 135673710 317 101742 2
S 135695709 317 101737 2
S 135717707 317 101743 2
S 135739706 317 101742 2
S 135761704 317 101742 2
S 135783703 317 101740 2
S 135805702 317 101744 2
S 135827700 317 101741 2
S 135849699 317 101737 2
S 135871698 317 101740 2
S 135893696 317 101738 2
S 135915695 317 101741 2
S 135937693 317 101740 2
S 135959692 317 101740 2
S 135981691 317 101736 2
S 136003689 317 101734 2
S 136025688 317 101740 2
S 136047687 317 101740 2
S 136069685 317 101746 2
S 136091684 317 101742 2
S 136113682 317 101744 2
S 136135681 317 101737 2
S 136157680 317 101743 2
S 136179678 317 101732 2
S 136201677 317 101735 2
S 136223676 317 101742 2
S 136245674 317 101738 2
S 136267673 317 101732 2
S 136289671 317 101734 2
S 136311670 317 101730 2
S 136333669 317 101734 2
S 136355667 317 101728 2
S 136377666 317 101734 2
S 136399665 317 101738 2
S 136421663 317 101733 2
S 136443662 317 101737 2
S 136465660 317 101738 2
S 136487659 317 101735 2
S 136509658 317 101742 2
S 136531656 317 101740 2
S 136553655 317 101740 2
S 136575654 317 101737 2
S 136597652 317 101733 2
S 136619651 317 101733 2
S 136641649 317 101734 2
S 136663648 317 101734 2
S 136685647 317 101737 2
S 136707645 317 101736 2
S 136729644 317 101736 2
S 136751643 317 101737 2
S 136773641 317 101731 2
S 136795640 317 101730 2
S 136817638 317 101734 2
S 136839637 317 101737 2
S 136861636 317 101734 2
S 136883634 317 101728 2
S 136905633 317 101728 2
S 136927632 317 101735 2
S 136949630 317 101737 2
S 136971629 317 101737 2
S 136993627 317 101742 2
S 137015626 317 101729 2
S 137037625 317 101737 2
S 137059623 317 101744 2
S 137081622 317 101734 2
S 137103621 317 101734 2
S 137125619 317 101737 2
S 137147618 317 101737 2
S 137169616 317 101733 2
S 137191615 317 101737 2
S 137213614 317 101735 2
S 137235612 317 101731 2
S 137257611 317 101737 2
S 137279610 317 101737 2
S 137301608 317 101736 2
S 137323607 317 101734 2
S 137345605 317 101736 2
S 137367604 317 101742 2
S 137389603 317 101740 2
S 137411601 317 101743 2
S 137433600 317 101738 2
S 137455599 317 101743 2
S 137477597 317 101737 2
S 137499596 317 101733 2
S 137521594 317 101738 2
S 137543593 317 101737 2
S 137565592 317 101741 2
S 137587590 317 101743 2
S 137609589 317 101742 2
S 137631588 317 101740 2
S 137653586 317 101737 2
S 137675585 317 101739 2
S 137697583 317 101737 2
S 137719582 317 101744 2
S 137741581 317 101738 2
S 137763579 317 101737 2
S 137785578 317 101733 2
S 137807577 317 101740 2
S 137829575 317 101743 2
S 137851574 317 101734 2
S 137873572 317 101743 2
S 137895571 317 101740 2
S 137917570 317 101740 2
S 137939568 317 101740 2
S 137961567 317 101734 2
S 137983566 317 101737 2
S 138005564 317 101743 2
S 138027563 317 101734 2
S 138049561 317 101732 2
S 138071560 317 101732 2
S 138093559 317 101733 2
S 138115557 317 101738 2
S 138137556 317 101731 2
S 138159555 317 101742 2
S 138181553 317 101728 2
S 138203552 317 101741 2
S 138225550 317 101736 2
S 138247549 317 101733 2
S 138269548 317 101740 2
S 138291546 317 101740 2
S 138313545 317 101734 2
S 138335544 317 101737 2
S 138357542 317 101733 2
S 138379541 317 101736 2
S 138401539 317 101727 2
S 138423538 317 101737 2
S 138445537 317 101731 2
S 138467535 317 101739 2
S 138489534 317 101743 2
S 138511533 317 101738 2
S 138533531 317 101737 2
S 138555530 317 101743 2
S 138577528 317 101734 2
S 138599527 317 101741 2
S 138621526 317 101736 2
S 138643524 317 101733 2
S 138665523 317 101736 2
S 138687522 317 101734 2
S 138709520 317 101736 2
S 138731519 317 101735 2
S 138753517 317 101732 2
S 138775516 317 101735 2
S 138797515 317 101737 2
S 138819513 317 101740 2
S 138841512 317 101732 2
S 138863511 317 101738 2
S 138885509 317 101733 2
S 138907508 317 101738 2
S 138929506 317 101740 2
S 138951505 317 101737 2
S 138973504 317 101736 2
S 138995502 317 101732 2
S 139017501 317 101734 2
S 139039500 317 101740 2
S 139061498 317 101738 2
S 139083497 317 101737 2
S 139105495 317 101732 2
S 139127494 317 101728 2
S 139149493 317 101728 2
S 139171491 317 101739 2
S 139193490 317 101730 2
S 139215489 317 101734 2
S 139237487 317 101735 2
S 139259486 317 101737 2
S 139281484 317 101735 2
S 139303483 317 101736 2
S 139325482 317 101742 2
S 139347480 317 101739 2
S 139369479 317 101737 2
S 139391478 317 101743 2
S 139413476 317 101738 2
S 139435475 317 101734 2
S 139457473 317 101734 2
S 139479472 317 101737 2
S 139501471 317 101736 2
S 139523469 317 101740 2
S 139545468 317 101736 2
S 139567467 317 101732 2
S 139589465 317 101729 2
S 139611464 317 101737 2
S 139633462 317 101731 2
S 139655461 317 101740 2
S 139677460 317 101742 2
S 139699458 317 101743 2
S 139721457 317 101740 2
S 139743456 317 101740 2
S 139765454 317 101737 2
S 139787453 317 101737 2
S 139809451 317 101731 2
S 139831450 317 101737 2
S 139853449 317 101729 2
S 139875447 317 101741 2
S 139897446 317 101735 2
S 139919445 317 101737 2
S 139941443 317 101739 2
S 139963442 317 101737 2
S 139985440 317 101741 2
S 140007439 317 101741 2
S 140029438 317 101739 2
S 140051436 317 101740 2
S 140073435 317 101729 2
S 140095434 317 101737 2
S 140117432 317 101737 2
S 140139431 317 101740 2
S 140161429 317 101734 2
S 140183428 317 101738 2
S 140205427 317 101733 2
S 140227425 317 101735 2
S 140249424 317 101734 2
S 140271423 317 101733 2
S 140293421 317 101735 2
S 140315420 317 101738 2
S 140337418 317 101740 2
S 140359417 317 101740 2
S 140381416 317 101732 2
S 140403414 317 101737 2
S 140425413 317 101735 2
S 140447412 317 101740 2
S 140469410 317 101739 2
S 140491409 317 101739 2
S 140513407 317 101739 2
S 140535406 317 101735 2
S 140557405 317 101740 2
S 140579403 317 101738 2
S 140601402 317 101734 2
S 140623401 317 101737 2
S 140645399 317 101742 2
S 140667398 317 101737 2
S 140689396 317 101736 2
S 140711395 317 101738 2
S 140733394 317 101734 2
S 140755392 317 101740 2
S 140777391 317 101740 2
S 140799390 317 101737 2
S 140821388 317 101740 2
S 140843387 317 101735 2
S 140865385 317 101739 2
S 140887384 317 101737 2
S 140909383 317 101733 2
S 140931381 317 101735 2
S 140953380 317 101734 2
S 140975379 317 101737 2
S 140997377 317 101741 2
S 141019376 317 101737 2
S 141041374 317 101735 2
S 141063373 317 101735 2
S 141085372 317 101740 2
S 141107370 317 101743 2
S 141129369 317 101739 2
S 141151368 317 101737 2
S 141173366 317 101731 2
S 141195365 317 101738 2
S 141217363 317 101739 2
S 141239362 317 101733 2
S 141261361 317 101737 2
S 141283359 317 101738 2
S 141305358 317 101737 2
S 141327357 317 101736 2
S 141349355 317 101737 2
S 141371354 317 101737 2
S 141393352 317 101729 2
S 141415351 317 101738 2
S 141437350 317 101738 2
S 141459348 317 101735 2
S 141481347 317 101736 2
S 141503346 317 101739 2
S 141525344 317 101734 2
S 141547343 317 101733 2
S 141569341 317 101737 2
S 141591340 317 101738 2
S 141613339 317 101740 2
S 141635337 317 101733 2
S 141657336 317 101740 2
S 141679335 317 101737 2
S 141701333 317 101733 2
S 141723332 317 101737 2
S 141745330 317 101743 2
S 141767329 317 101737 2
S 141789328 317 101735 2
S 141811326 317 101740 2
S 141833325 317 101734 2
S 141855324 317 101738 2
S 141877322 317 101736 2
S 141899321 317 101734 2
S 141921319 317 101734 2
S 141943318 317 101736 2
S 141965317 317 101733 2
S 141987315 317 101740 2
S 142009314 317 101743 2
S 142031313 317 101743 2
S 142053311 317 101742 2
S 142075310 317 101740 2
S 142097308 317 101740 2
S 142119307 317 101742 2
S 142141306 317 101743 2
S 142163304 317 101743 2
S 142185303 317 101732 2
S 142207302 317 101738 2
S 142229300 317 101738 2
S 142251299 317 101738 2
S 142273297 317 101736 2
S 142295296 317 101729 2
S 142317295 317 101733 2
S 142339293 317 101734 2
S 142361292 317 101737 2
S 142383291 317 101734 2
S 142405289 317 101732 2
S 142427288 317 101733 2
S 142449286 317 101734 2
S 142471285 317 101736 2
S 142493284 317 101731 2
S 142515282 317 101734 2
S 142537281 317 101734 2
S 142559280 317 101734 2
S 142581278 317 101740 2
S 142603277 317 101738 2
S 142625275 317 101736 2
S 142647274 317 101739 2
S 142669273 317 101739 2
S 142691271 317 101739 2
S 142713270 317 101735 2
S 142735269 317 101733 2
S 142757267 317 101734 2
S 142779266 317 101734 2
S 142801264 317 101735 2
S 142823263 317 101737 2
S 142845262 317 101738 2
S 142867260 317 101743 2
S 142889259 317 101741 2
S 142911258 317 101732 2
S 142933256 317 101737 2
S 142955255 317 101735 2
S 142977253 317 101737 2
S 142999252 317 101736 2
S 143021251 317 101734 2
S 143043249 317 101737 2
S 143065248 317 101737 2
S 143087247 317 101740 2
S 143109245 317 101740 2
S 143131244 317 101734 2
S 143153242 317 101728 2
S 143175241 317 101737 2
S 143197240 317 101738 2
S 143219238 317 101742 2
S 143241237 317 101732 2
S 143263236 317 101737 2
S 143285234 317 101740 2
S 143307233 317 101731 2
S 143329231 317 101727 2
S 143351230 317 101733 2
S 143373229 317 101732 2
S 143395227 317 101734 2
S 143417226 317 101738 2
S 143439225 317 101736 2
S 143461223 317 101737 2
S 143483222 317 101743 2
S 143505220 317 101740 2
S 143527219 317 101732 2
S 143549218 317 101744 2
S 143571216 317 101736 2
S 143593215 317 101738 2
S 143615214 317 101734 2
S 143637212 317 101734 2
S 143659211 317 101733 2
S 143681209 317 101736 2
S 143703208 317 101732 2
S 143725207 317 101731 2
S 143747205 317 101733 2
S 143769204 317 101737 2
S 143791203 317 101740 2
S 143813201 317 101739 2
S 143835200 317 101734 2
S 143857198 317 101737 2
S 143879197 317 101731 2
S 143901196 317 101740 2
S 143923194 317 101734 2
S 143945193 317 101736 2
S 143967192 317 101734 2
S 143989190 317 101736 2
S 144011189 317 101737 2
S 144033187 317 101741 2
S 144055186 317 101736 2
S 144077185 317 101736 2
S 144099183 317 101731 2
S 144121182 317 101735 2
S 144143181 317 101737 2
S 144165179 317 101741 2
S 144187178 317 101740 2
S 144209176 317 101740 2
S 144231175 317 101737 2
S 144253174 317 101739 2
S 144275172 317 101731 2
S 144297171 317 101738 2
S 144319170 317 101736 2
S 144341168 317 101735 2
S 144363167 317 101736 2
S 144385165 317 101732 2
S 144407164 317 101734 2
S 144429163 317 101734 2
S 144451161 317 101737 2
S 144473160 317 101735 2
S 144495159 317 101735 2
S 144517157 317 101737 2
S 144539156 317 101734 2
S 144561154 317 101732 2
S 144583153 317 101734 2
S 144605152 317 101738 2
S 144627150 317 101740 2
S 144649149 317 101735 2
S 144671148 317 101737 2
S 144693146 317 101732 2
S 144715145 317 101740 2
S 144737143 317 101737 2
S 144759142 317 101731 2
S 144781141 317 101737 2
S 144803139 317 101732 2
S 144825138 317 101737 2
S 144847137 317 101735 2
S 144869135 317 101738 2
S 144891134 317 101740 2
S 144913132 317 101742 2
S 144935131 317 101743 2
S 144957130 317 101740 2
S 144979128 317 101742 2
S 145001128 317 101737 2
S 145023126 317 101734 2
S 145045124 317 101734 2
S 145067123 317 101737 2
S 145089121 317 101739 2
S 145111120 317 101737 2
S 145133119 317 101740 2
S 145155117 317 101737 2
S 145177116 317 101736 2
S 145199115 317 101740 2
S 145221113 317 101734 2
S 145243112 317 101733 2
S 145265110 317 101738 2
S 145287109 317 101732 2
S 145309108 317 101728 2
S 145331106 317 101732 2
S 145353105 317 101730 2
S 145375104 317 101737 2
S 145397102 317 101734 2
S 145419101 317 101740 2
S 145441099 317 101735 2
S 145463098 317 101732 2
S 145485097 317 101737 2
S 145507095 317 101735 2
S 145529094 317 101734 2
S 145551093 317 101749 2
S 145573091 317 101734 2
S 145595090 317 101737 2
S 145617088 317 101735 2
S 145639087 317 101731 2
S 145661086 317 101726 2
S 145683084 317 101738 2
S 145705083 317 101738 2
S 145727082 317 101737 2
S 145749080 317 101736 2
S 145771079 317 101732 2
S 145793077 317 101734 2
S 145815076 317 101734 2
S 145837075 317 101735 2
S 145859073 317 101734 2
S 145881072 317 101739 2
S 145903071 317 101740 2
S 145925069 317 101745 2
S 145947068 317 101740 2
S 145969066 317 101738 2
S 145991065 317 101735 2
S 146013064 317 101734 2
S 146035062 317 101746 2
S 146057061 317 101736 2
S 146079060 317 101734 2
S 146101058 317 101736 2
S 146123057 317 101743 2
S 146145055 317 101738 2
S 146167054 317 101743 2
S 146189053 317 101729 2
S 146211051 317 101741 2
S 146233050 317 101734 2
S 146255049 317 101742 2
S 146277047 317 101743 2
S 146299046 317 101733 2
S 146321044 317 101731 2
S 146343043 317 101740 2
S 146365042 317 101735 2
S 146387040 317 101741 2
S 146409039 317 101733 2
S 146431038 317 101734 2
S 146453036 317 101731 2
S 146475035 317 101741 2
S 146497033 317 101739 2
S 146519032 317 101739 2
S 146541031 317 101737 2
S 146563029 317 101740 2
S 146585028 317 101737 2
S 146607027 317 101736 2
S 146629025 317 101731 2
S 146651024 317 101734 2
S 146673022 317 101734 2
S 146695021 317 101738 2
S 146717020 317 101731 2
S 146739018 317 101734 2
S 146761017 317 101736 2
S 146783016 317 101730 2
S 146805014 317 101734 2
S 146827013 317 101734 2
S 146849011 317 101731 2
S 146871010 317 101730 2
S 146893009 317 101734 2
S 146915007 317 101735 2
S 146937006 317 101734 2
S 146959005 317 101731 2
S 146981003 317 101734 2
S 147003002 317 101732 2
S 147025000 317 101734 2
S 147046999 317 101731 2
S 147068998 317 101741 2
S 147090996 317 101734 2
S 147112995 317 101742 2
S 147134994 317 101734 2
S 147156992 317 101733 2
S 147178991 317 101733 2
S 147200989 317 101732 2
S 147222988 317 101734 2
S 147244987 317 101736 2
S 147266985 317 101734 2
S 147288984 317 101734 2
S 147310983 317 101737 2
S 147332981 317 101740 2
S 147354980 317 101732 2
S 147376978 317 101735 2
S 147398977 317 101736 2
S 147420976 317 101743 2
S 147442974 317 101735 2
S 147464973 317 101739 2
S 147486972 317 101734 2
S 147508970 317 101735 2
S 147530969 317 101737 2
S 147552967 317 101735 2
S 147574966 317 101728 2
S 147596965 317 101732 2
S 147618963 317 101731 2
S 147640962 317 101733 2
S 147662961 317 101735 2
S 147684959 317 101736 2
S 147706958 317 101741 2
S 147728956 317 101733 2
S 147750955 317 101736 2
S 147772954 317 101734 2
S 147794952 317 101735 2
S 147816951 317 101734 2
S 147838950 317 101737 2
S 147860948 317 101728 2
S 147882947 317 101732 2
S 147904945 317 101733 2
S 147926944 317 101732 2
S 147948943 317 101734 2
S 147970941 317 101734 2
S 147992940 317 101731 2
S 148014939 317 101736 2
S 148036937 317 101733 2
S 148058936 317 101735 2
S 148080934 317 101737 2
S 148102933 317 101734 2
S 148124932 317 101737 2
S 148146930 317 101742 2
S 148168929 317 101739 2
S 148190928 317 101734 2
S 148212926 317 101734 2
S 148234925 317 101734 2
S 148256923 317 101734 2
S 148278922 317 101731 2
S 148300921 317 101733 2
S 148322919 317 101734 2
S 148344918 317 101737 2
S 148366917 317 101732 2
S 148388915 317 101736 2
S 148410914 317 101738 2
S 148432912 317 101740 2
S 148454911 317 101742 2
S 148476910 317 101743 2
S 148498908 317 101740 2
S 148520907 317 101742 2
S 148542906 317 101734 2
S 148564904 317 101736 2
S 148586903 317 101737 2
S 148608901 317 101738 2
S 148630900 317 101735 2
S 148652899 317 101732 2
S 148674897 317 101732 2
S 148696896 317 101737 2
S 148718895 317 101743 2
S 148740893 317 101740 2
S 148762892 317 101737 2
S 148784890 317 101728 2
S 148806889 317 101731 2
S 148828888 317 101741 2
S 148850886 317 101736 2
S 148872885 317 101738 2
S 148894884 317 101739 2
S 148916882 317 101735 2
S 148938881 317 101732 2
S 148960879 317 101739 2
S 148982878 317 101734 2
S 149004877 317 101740 2
S 149026875 317 101737 2
S 149048874 317 101736 2
S 149070873 317 101734 2
S 149092871 317 101732 2
S 149114870 317 101737 2
S 149136868 317 101728 2
S 149158867 317 101738 2
S 149180866 317 101732 2
S 149202864 317 101735 2
S 149224863 317 101735 2
S 149246862 317 101731 2
S 149268860 317 101731 2
S 149290859 317 101731 2
S 149312857 317 101736 2
S 149334856 317 101732 2
S 149356855 317 101729 2
S 149378853 317 101734 2
S 149400852 317 101737 2
S 149422851 317 101729 2
S 149444849 317 101733 2
S 149466848 317 101737 2
S 149488846 317 101737 2
S 149510845 317 101737 2
S 149532844 317 101735 2
S 149554842 317 101737 2
S 149576841 317 101737 2
S 149598840 317 101731 2
S 149620838 317 101734 2
S 149642837 317 101737 2
S 149664835 317 101733 2
S 149686834 317 101726 2
S 149708833 317 101733 2
S 149730831 317 101735 2
S 149752830 317 101732 2
S 149774829 317 101733 2
S 149796827 317 101735 2
S 149818826 317 101728 2
S 149840824 317 101734 2
S 149862823 317 101728 2
S 149884822 317 101737 2
S 149906820 317 101735 2
S 149928819 317 101730 2
S 149950818 317 101731 2
S 149972816 317 101743 2
S 149994815 317 101736 2
S 150016813 317 101729 2
S 150038812 317 101734 2
S 150060811 317 101734 2
S 150082809 317 101735 2
S 150104808 317 101734 2
S 150126807 317 101732 2
S 150148805 317 101728 2
S 150170804 317 101732 2
S 150192802 317 101729 2
S 150214801 317 101740 2
S 150236800 317 101737 2
S 150258798 317 101734 2
