# capture_start_utc=2026-08-29T17:33:14Z
[[DEBUG]] Starting [[SENSOR TASK]]
[SELFTEST] compensate: T=150 (exp 150)  P=69964 (exp 69964)  -> PASS
#BMP180 v1 fw=1.4.0 temp_ms=1000
[[DEBUG]] BMP180 registered on /dev/bmp180-0
S 46698 298 101643 0
S 51697 298 101652 0
S 56697 298 101646 0
S 61697 298 101649 0
S 66696 298 101640 0
S 71696 298 101646 0
S 76696 298 101640 0
S 81695 298 101652 0
S 86695 298 101646 0
S 91695 298 101640 0
S 96695 298 101646 0
S 101694 298 101631 0
S 106694 298 101643 0
S 111694 298 101655 0
S 116693 298 101640 0
S 121693 298 101646 0
S 126693 298 101640 0
S 131692 298 101652 0
S 136692 298 101634 0
S 141692 298 101640 0
S 146691 298 101640 0
S 151691 298 101634 0
S 156691 298 101634 0
S 161690 298 101640 0
S 166690 298 101637 0
S 171690 298 101637 0
S 176690 298 101631 0
S 181689 298 101643 0
S 186689 298 101640 0
S 191689 298 101631 0
S 196688 298 101634 0
S 201688 298 101634 0
S 206688 298 101628 0
S 211687 298 101634 0
S 216687 298 101640 0
S 221687 298 101628 0
S 226686 298 101634 0
S 231686 298 101631 0
S 236686 298 101625 0
S 241685 298 101631 0
S 246685 298 101628 0
S 251685 298 101628 0
S 256685 298 101634 0
S 261684 298 101631 0
S 266684 298 101625 0
S 271684 298 101631 0
S 276683 298 101628 0
S 281683 298 101625 0
S 286683 298 101628 0
S 291682 298 101628 0
S 296682 298 101622 0
S 301682 298 101625 0
S 306681 298 101631 0
S 311681 298 101622 0
S 316681 298 101631 0
S 321680 298 101628 0
S 326680 298 101637 0
S 331680 298 101634 0
S 336680 298 101634 0
S 341679 298 101625 0
S 346679 298 101625 0
S 351679 298 101622 0
S 356678 298 101622 0
S 361678 298 101616 0
S 366678 298 101625 0
S 371677 298 101625 0
S 376677 298 101622 0
S 381677 298 101619 0
S 386676 298 101628 0
S 391676 298 101625 0
S 396676 298 101625 0
S 401675 298 101628 0
S 406675 298 101628 0
S 411675 298 101622 0
S 416675 298 101625 0
S 421674 298 101628 0
S 426674 298 101625 0
S 431674 298 101616 0
S 436673 298 101619 0
S 441673 298 101625 0
S 446673 298 101622 0
S 451672 298 101628 0
S 456672 298 101622 0
S 461672 298 101622 0
S 466671 298 101622 0
S 471671 298 101616 0
S 476671 298 101622 0
S 481670 298 101619 0
S 486670 298 101616 0
S 491670 298 101622 0
S 496670 298 101613 0
S 501669 298 101613 0
S 506669 298 101622 0
S 511669 298 101628 0
S 516668 298 101622 0
S 521668 298 101622 0
S 526668 298 101622 0
S 531667 298 101613 0
S 536667 298 101613 0
S 541667 298 101608 0
S 546666 298 101616 0
S 551666 298 101613 0
S 556666 298 101608 0
S 561665 298 101616 0
S 566665 298 101616 0
S 571665 298 101622 0
S 576665 298 101622 0
S 581664 298 101628 0
S 586664 298 101616 0
S 591664 298 101622 0
S 596663 298 101625 0
S 601663 298 101631 0
S 606663 298 101625 0
S 611662 298 101619 0
S 616662 298 101622 0
S 621662 298 101622 0
S 626661 298 101622 0
S 631661 298 101622 0
S 636661 298 101622 0
S 641660 298 101625 0
S 646660 298 101622 0
S 651660 298 101622 0
S 656660 298 101616 0
S 661659 298 101616 0
S 666659 298 101622 0
S 671659 298 101622 0
S 676658 298 101616 0
S 681658 298 101616 0
S 686658 298 101616 0
S 691657 298 101616 0
S 696657 298 101622 0
S 701657 298 101613 0
S 706656 298 101619 0
S 711656 298 101616 0
S 716656 298 101608 0
S 721655 298 101622 0
S 726655 298 101616 0
S 731655 298 101622 0
S 736655 298 101605 0
S 741654 298 101616 0
S 746654 298 101622 0
S 751654 298 101616 0
S 756653 298 101616 0
S 761653 298 101622 0
S 766653 298 101616 0
S 771652 298 101613 0
S 776652 298 101622 0
S 781652 298 101622 0
S 786651 298 101613 0
S 791651 298 101608 0
S 796651 298 101613 0
S 801650 298 101608 0
S 806650 298 101616 0
S 811650 298 101622 0
S 816650 298 101616 0
S 821649 298 101613 0
S 826649 298 101605 0
S 831649 298 101619 0
S 836648 298 101613 0
S 841648 298 101608 0
S 846648 298 101625 0
S 851647 298 101619 0
S 856647 298 101613 0
S 861647 298 101608 0
S 866646 298 101616 0
S 871646 298 101613 0
S 876646 298 101613 0
S 881645 298 101613 0
S 886645 298 101613 0
S 891645 298 101622 0
S 896645 298 101622 0
S 901644 298 101616 0
S 906644 298 101622 0
S 911644 298 101605 0
S 916643 298 101613 0
S 921643 298 101613 0
S 926643 298 101613 0
S 931642 298 101605 0
S 936642 298 101613 0
S 941642 298 101608 0
S 946641 298 101605 0
S 951641 298 101613 0
S 956641 298 101622 0
S 961640 298 101625 0
S 966640 298 101613 0
S 971640 298 101613 0
S 976640 298 101608 0
S 981639 298 101605 0
S 986639 298 101608 0
S 991639 298 101622 0
S 996638 298 101605 0
S 1001639 298 101602 0
S 1006638 298 101608 0
S 1011637 298 101608 0
S 1016637 298 101613 0
S 1021637 298 101608 0
S 1026643 298 101608 0
S 1036636 299 101655 0
S 1041635 299 101649 0
S 1046635 299 101649 0
S 1051635 299 101649 0
S 1056635 299 101649 0
S 1061634 299 101649 0
S 1066634 299 101643 0
S 1071634 299 101640 0
S 1076640 299 101649 0
S 1081633 299 101655 0
S 1086633 299 101646 0
S 1091632 299 101640 0
S 1096632 299 101649 0
S 1101632 299 101646 0
S 1106631 299 101640 0
S 1111638 299 101649 0
S 1116631 299 101646 0
S 1121630 299 101640 0
S 1126630 299 101649 0
S 1131630 299 101655 0
S 1136630 299 101649 0
S 1141629 299 101652 0
S 1146636 299 101649 0
S 1151629 299 101649 0
S 1156628 299 101646 0
S 1161628 299 101646 0
S 1166628 299 101652 0
S 1171627 299 101643 0
S 1176627 299 101652 0
S 1181634 299 101655 0
S 1186626 299 101649 0
S 1191626 299 101649 0
S 1196626 299 101646 0
S 1201625 299 101652 0
S 1206625 299 101649 0
S 1211625 299 101640 0
S 1216632 299 101643 0
S 1221624 299 101640 0
S 1226624 299 101649 0
S 1231624 299 101649 0
S 1236623 299 101649 0
S 1241623 299 101652 0
S 1246623 299 101649 0
S 1251622 299 101649 0
S 1256622 299 101652 0
S 1261622 299 101646 0
S 1266628 299 101640 0
S 1271621 299 101646 0
S 1276621 299 101643 0
S 1281620 299 101649 0
S 1286620 299 101643 0
S 1291620 299 101649 0
S 1296620 299 101649 0
S 1301626 299 101655 0
S 1306619 299 101649 0
S 1311619 299 101649 0
S 1316618 299 101652 0
S 1321618 299 101652 0
S 1326618 299 101661 0
S 1331617 299 101646 0
S 1336624 299 101652 0
S 1341617 299 101655 0
S 1346616 299 101661 0
S 1351616 299 101646 0
S 1356616 299 101661 0
S 1361615 299 101646 0
S 1366615 299 101640 0
S 1371622 299 101652 0
S 1376615 299 101643 0
S 1381614 299 101643 0
S 1386614 299 101652 0
S 1391614 299 101649 0
S 1396613 299 101646 0
S 1401613 299 101649 0
S 1406613 299 101649 0
S 1411612 299 101649 0
S 1416612 299 101652 0
S 1421612 299 101646 0
S 1426611 299 101643 0
S 1431611 299 101646 0
S 1436611 299 101652 0
S 1441610 299 101643 0
S 1446610 299 101646 0
S 1451610 299 101649 0
S 1456617 299 101646 0
S 1461609 299 101661 0
S 1466609 299 101652 0
S 1471609 299 101652 0
S 1476608 299 101655 0
S 1481608 299 101655 0
S 1486608 299 101655 0
S 1491614 299 101652 0
S 1496607 299 101652 0
S 1501607 299 101652 0
S 1506606 299 101655 0
S 1511606 299 101649 0
S 1516606 299 101646 0
S 1521605 299 101646 0
S 1526612 299 101643 0
S 1531605 299 101652 0
S 1536605 299 101646 0
S 1541604 299 101640 0
S 1546604 299 101649 0
S 1551604 299 101643 0
S 1556603 299 101655 0
S 1561610 299 101652 0
S 1566603 299 101649 0
S 1571602 299 101646 0
S 1576602 299 101649 0
S 1581602 299 101646 0
S 1586601 299 101655 0
S 1591601 299 101640 0
S 1596601 299 101649 0
S 1601600 299 101643 0
S 1606600 299 101643 0
S 1611600 299 101646 0
S 1616600 299 101649 0
S 1621599 299 101646 0
S 1626599 299 101649 0
S 1631599 299 101652 0
S 1636598 299 101652 0
S 1641598 299 101655 0
S 1646605 299 101649 0
S 1651597 299 101649 0
S 1656597 299 101649 0
S 1661597 299 101646 0
S 1666596 299 101652 0
S 1671596 299 101652 0
S 1676596 299 101649 0
S 1681603 299 101649 0
S 1686595 299 101643 0
S 1691595 299 101652 0
S 1696595 299 101649 0
S 1701594 299 101655 0
S 1706594 299 101643 0
S 1711594 299 101649 0
S 1716600 299 101652 0
S 1721593 299 101649 0
S 1726593 299 101652 0
S 1731592 299 101649 0
S 1736592 299 101646 0
S 1741592 299 101649 0
S 1746591 299 101652 0
S 1751591 299 101646 0
S 1756591 299 101652 0
S 1761590 299 101649 0
S 1766590 299 101649 0
S 1771590 299 101643 0
S 1776590 299 101649 0
S 1781589 299 101649 0
S 1786589 299 101649 0
S 1791589 299 101640 0
S 1796588 299 101646 0
S 1801595 299 101643 0
S 1806588 299 101646 0
S 1811587 299 101646 0
S 1816587 299 101640 0
S 1821587 299 101643 0
S 1826586 299 101652 0
S 1831586 299 101652 0
S 1836593 299 101646 0
S 1841585 299 101637 0
S 1846585 299 101646 0
S 1851585 299 101649 0
S 1856585 299 101643 0
S 1861584 299 101649 0
S 1866584 299 101649 0
S 1871584 299 101649 0
S 1876583 299 101643 0
S 1881583 299 101646 0
S 1886583 299 101655 0
S 1891582 299 101643 0
S 1896582 299 101646 0
S 1901582 299 101637 0
S 1906581 299 101649 0
S 1911581 299 101646 0
S 1916581 299 101649 0
S 1921580 299 101652 0
S 1926580 299 101652 0
S 1931580 299 101643 0
S 1936580 299 101646 0
S 1941579 299 101646 0
S 1946579 299 101649 0
S 1951579 299 101649 0
S 1956578 299 101655 0
S 1961578 299 101646 0
S 1966578 299 101649 0
S 1971577 299 101643 0
S 1976577 299 101649 0
S 1981577 299 101649 0
S 1986576 299 101652 0
S 1991583 299 101649 0
S 1996576 299 101649 0
S 2001576 299 101646 0
S 2006575 299 101646 0
S 2011575 299 101649 0
S 2016575 299 101649 0
S 2021574 299 101646 0
S 2026581 299 101646 0
S 2031574 299 101649 0
S 2041573 300 101652 0
S 2046573 300 101655 0
S 2051572 300 101661 0
S 2056572 300 101664 0
S 2061572 300 101658 0
S 2066571 300 101652 0
S 2071571 300 101652 0
S 2076571 300 101670 0
S 2081570 300 101658 0
S 2086570 300 101658 0
S 2091570 300 101655 0
S 2096570 300 101658 0
S 2101569 300 101658 0
S 2106569 300 101658 0
S 2111569 300 101658 0
S 2116568 300 101670 0
S 2121568 300 101661 0
S 2126568 300 101658 0
S 2131567 300 101655 0
S 2136567 300 101652 0
S 2141567 300 101655 0
S 2146566 300 101655 0
S 2151566 300 101649 0
S 2156566 300 101658 0
S 2161565 300 101655 0
S 2166565 300 101658 0
S 2171565 300 101655 0
S 2176565 300 101658 0
S 2181571 300 101652 0
S 2186564 300 101655 0
S 2191564 300 101649 0
S 2196563 300 101658 0
S 2201563 300 101652 0
S 2206563 300 101661 0
S 2211562 300 101670 0
S 2216562 300 101664 0
S 2221562 300 101655 0
S 2226561 300 101661 0
S 2231561 300 101661 0
S 2236561 300 101670 0
S 2241560 300 101661 0
S 2246560 300 101655 0
S 2251560 300 101661 0
S 2256560 300 101658 0
S 2261559 300 101658 0
S 2266559 300 101658 0
S 2271559 300 101658 0
S 2276558 300 101658 0
S 2281558 300 101661 0
S 2286558 300 101661 0
S 2291557 300 101649 0
S 2296557 300 101664 0
S 2301557 300 101652 0
S 2306556 300 101658 0
S 2311556 300 101658 0
S 2316556 300 101658 0
S 2321555 300 101661 0
S 2326555 300 101658 0
S 2331555 300 101655 0
S 2336562 300 101658 0
S 2341554 300 101652 0
S 2346554 300 101649 0
S 2351554 300 101652 0
S 2356553 300 101658 0
S 2361553 300 101658 0
S 2366553 300 101658 0
S 2371559 300 101649 0
S 2376552 300 101655 0
S 2381552 300 101664 0
S 2386551 300 101658 0
S 2391551 300 101652 0
S 2396551 300 101658 0
S 2401550 300 101661 0
S 2406550 300 101658 0
S 2411550 300 101655 0
S 2416550 300 101658 0
S 2421549 300 101649 0
S 2426549 300 101652 0
S 2431549 300 101655 0
S 2436548 300 101664 0
S 2441548 300 101655 0
S 2446548 300 101646 0
S 2451547 300 101661 0
S 2456547 300 101664 0
S 2461547 300 101658 0
S 2466546 300 101655 0
S 2471546 300 101649 0
S 2476546 300 101658 0
S 2481545 300 101664 0
S 2486545 300 101658 0
S 2491545 300 101652 0
S 2496545 300 101664 0
S 2501544 300 101664 0
S 2506544 300 101661 0
S 2511544 300 101661 0
S 2516543 300 101655 0
S 2521543 300 101658 0
S 2526550 300 101664 0
S 2531542 300 101658 0
S 2536542 300 101655 0
S 2541542 300 101655 0
S 2546541 300 101658 0
S 2551541 300 101649 0
S 2579539 300 101655 1
S 2586539 300 101655 1
S 2593538 300 101655 1
S 2600538 300 101655 1
S 2607538 300 101655 1
S 2614537 300 101649 1
S 2621537 300 101654 1
S 2628536 300 101654 1
S 2635536 300 101654 1
S 2642535 300 101655 1
S 2649535 300 101657 1
S 2656535 300 101654 1
S 2663534 300 101649 1
S 2670534 300 101652 1
S 2677533 300 101657 1
S 2684533 300 101660 1
S 2691532 300 101655 1
S 2698532 300 101649 1
S 2705531 300 101642 1
S 2712531 300 101654 1
S 2719531 300 101658 1
S 2726530 300 101651 1
S 2733530 300 101645 1
S 2740529 300 101652 1
S 2747529 300 101648 1
S 2754528 300 101654 1
S 2761528 300 101649 1
S 2768528 300 101654 1
S 2775527 300 101652 1
S 2782527 300 101654 1
S 2789526 300 101654 1
S 2796526 300 101655 1
S 2803525 300 101655 1
S 2810525 300 101652 1
S 2817524 300 101654 1
S 2824524 300 101652 1
S 2831524 300 101652 1
S 2838523 300 101652 1
S 2845523 300 101652 1
S 2852522 300 101658 1
S 2859522 300 101649 1
S 2866521 300 101645 1
S 2873521 300 101651 1
S 2880521 300 101652 1
S 2887520 300 101642 1
S 2894520 300 101649 1
S 2901519 300 101651 1
S 2908519 300 101648 1
S 2915518 300 101649 1
S 2922518 300 101657 1
S 2929517 300 101652 1
S 2936517 300 101651 1
S 2943517 300 101652 1
S 2950516 300 101654 1
S 2957516 300 101649 1
S 2964515 300 101652 1
S 2971515 300 101652 1
S 2978514 300 101651 1
S 2985514 300 101652 1
S 2992514 300 101651 1
S 2999513 300 101652 1
S 3006513 300 101654 1
S 3013512 300 101652 1
S 3020512 300 101657 1
S 3027511 300 101652 1
S 3034511 300 101652 1
S 3041510 300 101652 1
S 3053510 300 101657 1
S 3060509 300 101655 1
S 3067509 300 101658 1
S 3074508 300 101652 1
S 3081508 300 101652 1
S 3088508 300 101658 1
S 3095507 300 101654 1
S 3102507 300 101654 1
S 3109506 300 101652 1
S 3116506 300 101658 1
S 3123505 300 101661 1
S 3130505 300 101664 1
S 3137504 300 101657 1
S 3144504 300 101657 1
S 3151504 300 101655 1
S 3158503 300 101651 1
S 3165503 300 101652 1
S 3172502 300 101657 1
S 3179502 300 101652 1
S 3186501 300 101660 1
S 3193501 300 101657 1
S 3200501 300 101663 1
S 3207500 300 101654 1
S 3214500 300 101657 1
S 3221499 300 101655 1
S 3228499 300 101651 1
S 3235498 300 101654 1
S 3242498 300 101654 1
S 3249497 300 101652 1
S 3256497 300 101654 1
S 3263497 300 101655 1
S 3270496 300 101655 1
S 3277496 300 101658 1
S 3284495 300 101657 1
S 3291495 300 101655 1
S 3298494 300 101651 1
S 3305494 300 101657 1
S 3312494 300 101654 1
S 3319493 300 101655 1
S 3326493 300 101657 1
S 3333492 300 101654 1
S 3340492 300 101657 1
S 3347491 300 101657 1
S 3354491 300 101652 1
S 3361490 300 101655 1
S 3368490 300 101651 1
S 3375490 300 101660 1
S 3382489 300 101658 1
S 3389489 300 101651 1
S 3396488 300 101655 1
S 3403488 300 101649 1
S 3410487 300 101658 1
S 3417487 300 101652 1
S 3424487 300 101651 1
S 3431486 300 101652 1
S 3438486 300 101655 1
S 3445485 300 101654 1
S 3452485 300 101657 1
S 3459484 300 101660 1
S 3466484 300 101654 1
S 3473483 300 101654 1
S 3480483 300 101655 1
S 3487483 300 101655 1
S 3494482 300 101652 1
S 3501482 300 101655 1
S 3508481 300 101657 1
S 3515481 300 101657 1
S 3522480 300 101651 1
S 3529480 300 101654 1
S 3536480 300 101654 1
S 3543479 300 101654 1
S 3550479 300 101657 1
S 3557478 300 101657 1
S 3564478 300 101651 1
S 3571477 300 101649 1
S 3578477 300 101654 1
S 3585476 300 101657 1
S 3592476 300 101652 1
S 3599476 300 101649 1
S 3606475 300 101651 1
S 3613475 300 101652 1
S 3620474 300 101657 1
S 3627474 300 101654 1
S 3634473 300 101651 1
S 3641473 300 101655 1
S 3648473 300 101657 1
S 3655472 300 101649 1
S 3662472 300 101651 1
S 3669471 300 101655 1
S 3676471 300 101660 1
S 3683470 300 101652 1
S 3690470 300 101651 1
S 3697469 300 101649 1
S 3704469 300 101655 1
S 3711469 300 101648 1
S 3718468 300 101654 1
S 3725468 300 101655 1
S 3732467 300 101655 1
S 3739467 300 101651 1
S 3746466 300 101652 1
S 3753466 300 101654 1
S 3760466 300 101655 1
S 3767465 300 101655 1
S 3774465 300 101660 1
S 3781464 300 101657 1
S 3788464 300 101657 1
S 3795463 300 101652 1
S 3802463 300 101651 1
S 3809462 300 101666 1
S 3816462 300 101660 1
S 3823462 300 101652 1
S 3830461 300 101655 1
S 3837461 300 101652 1
S 3844460 300 101652 1
S 3851460 300 101649 1
S 3858459 300 101655 1
S 3865459 300 101651 1
S 3872459 300 101651 1
S 3879458 300 101655 1
S 3886458 300 101654 1
S 3893457 300 101657 1
S 3900457 300 101652 1
S 3907456 300 101657 1
S 3914456 300 101657 1
S 3921455 300 101657 1
S 3928455 300 101655 1
S 3935455 300 101655 1
S 3942454 300 101661 1
S 3949454 300 101652 1
S 3956453 300 101649 1
S 3963453 300 101652 1
S 3970452 300 101654 1
S 3977452 300 101651 1
S 3984452 300 101652 1
S 3991451 300 101652 1
S 3998451 300 101655 1
S 4005450 300 101655 1
S 4012450 300 101651 1
S 4019449 300 101646 1
S 4026449 300 101655 1
S 4033448 300 101651 1
S 4040448 300 101655 1
S 4047448 300 101648 1
S 4059447 300 101658 1
S 4066446 300 101663 1
S 4073446 300 101663 1
S 4080446 300 101658 1
S 4087445 300 101657 1
S 4094445 300 101663 1
S 4101444 300 101654 1
S 4108444 300 101663 1
S 4115443 300 101651 1
S 4122443 300 101655 1
S 4129442 300 101651 1
S 4136442 300 101658 1
S 4143442 300 101655 1
S 4150441 300 101651 1
S 4157441 300 101654 1
S 4164440 300 101645 1
S 4171440 300 101649 1
S 4178439 300 101646 1
S 4185439 300 101652 1
S 4192439 300 101651 1
S 4199438 300 101658 1
S 4206438 300 101655 1
S 4213437 300 101649 1
S 4220437 300 101657 1
S 4227436 300 101655 1
S 4234436 300 101654 1
S 4241435 300 101654 1
S 4248435 300 101648 1
S 4255435 300 101654 1
S 4262434 300 101655 1
S 4269434 300 101651 1
S 4276433 300 101655 1
S 4283433 300 101654 1
S 4290432 300 101657 1
S 4297432 300 101651 1
S 4304432 300 101652 1
S 4311431 300 101657 1
S 4318431 300 101651 1
S 4325430 300 101658 1
S 4332430 300 101655 1
S 4339429 300 101658 1
S 4346429 300 101655 1
S 4353428 300 101651 1
S 4360428 300 101654 1
S 4367428 300 101652 1
S 4374427 300 101654 1
S 4381427 300 101654 1
S 4388426 300 101657 1
S 4395426 300 101658 1
S 4402425 300 101657 1
S 4409425 300 101655 1
S 4416425 300 101654 1
S 4423424 300 101657 1
S 4430424 300 101649 1
S 4437423 300 101652 1
S 4444423 300 101652 1
S 4451422 300 101648 1
S 4458422 300 101649 1
S 4465421 300 101652 1
S 4472421 300 101654 1
S 4479421 300 101657 1
S 4486420 300 101655 1
S 4493420 300 101652 1
S 4500419 300 101652 1
S 4507419 300 101652 1
S 4514418 300 101658 1
S 4521418 300 101646 1
S 4528418 300 101654 1
S 4535417 300 101651 1
S 4542417 300 101649 1
S 4549416 300 101657 1
S 4556416 300 101658 1
S 4563415 300 101655 1
S 4570415 300 101660 1
S 4577414 300 101652 1
S 4584414 300 101655 1
S 4591414 300 101649 1
S 4598413 300 101649 1
S 4605413 300 101654 1
S 4612412 300 101652 1
S 4619412 300 101648 1
S 4626411 300 101651 1
S 4633411 300 101654 1
S 4640411 300 101655 1
S 4647410 300 101655 1
S 4654410 300 101654 1
S 4661409 300 101652 1
S 4668409 300 101654 1
S 4675408 300 101654 1
S 4682408 300 101648 1
S 4689407 300 101657 1
S 4696407 300 101655 1
S 4703407 300 101652 1
S 4710406 300 101658 1
S 4717406 300 101658 1
S 4724405 300 101658 1
S 4731405 300 101652 1
S 4738404 300 101648 1
S 4745404 300 101645 1
S 4752404 300 101654 1
S 4759403 300 101655 1
S 4766403 300 101651 1
S 4773402 300 101648 1
S 4780402 300 101654 1
S 4787401 300 101661 1
S 4794401 300 101648 1
S 4801400 300 101651 1
S 4808400 300 101648 1
S 4815400 300 101655 1
S 4822399 300 101654 1
S 4829399 300 101649 1
S 4836398 300 101651 1
S 4843398 300 101646 1
S 4850397 300 101648 1
S 4857397 300 101652 1
S 4864397 300 101654 1
S 4871396 300 101657 1
S 4878396 300 101655 1
S 4885395 300 101655 1
S 4892395 300 101651 1
S 4899394 300 101655 1
S 4906394 300 101658 1
S 4913393 300 101652 1
S 4920393 300 101652 1
S 4927393 300 101654 1
S 4934392 300 101654 1
S 4941392 300 101655 1
S 4948391 300 101658 1
S 4955391 300 101655 1
S 4962390 300 101654 1
S 4969390 300 101654 1
S 4976390 300 101654 1
S 4983389 300 101655 1
S 4990389 300 101658 1
S 4997388 300 101658 1
S 5004388 300 101654 1
S 5011387 300 101649 1
S 5018387 300 101654 1
S 5025386 300 101654 1
S 5032386 300 101657 1
S 5039386 300 101657 1
S 5046385 300 101657 1
S 5053385 300 101657 1
S 5065384 300 101657 1
S 5072384 300 101657 1
S 5079383 300 101648 1
S 5086383 300 101651 1
S 5093382 300 101657 1
S 5100382 300 101657 1
S 5107381 300 101658 1
S 5114381 300 101655 1
S 5121380 300 101657 1
S 5128380 300 101658 1
S 5135380 300 101655 1
S 5142379 300 101657 1
S 5149379 300 101654 1
S 5156378 300 101660 1
S 5163378 300 101660 1
S 5170377 300 101663 1
S 5177377 300 101664 1
S 5184377 300 101658 1
S 5191376 300 101658 1
S 5198376 300 101660 1
S 5205375 300 101661 1
S 5212375 300 101654 1
S 5219374 300 101658 1
S 5226374 300 101655 1
S 5233373 300 101655 1
S 5240373 300 101654 1
S 5247373 300 101655 1
S 5254372 300 101660 1
S 5261372 300 101657 1
S 5268371 300 101649 1
S 5275371 300 101655 1
S 5282370 300 101652 1
S 5289370 300 101655 1
S 5296370 300 101654 1
S 5303369 300 101654 1
S 5310369 300 101661 1
S 5317368 300 101655 1
S 5324368 300 101658 1
S 5331367 300 101654 1
S 5338367 300 101651 1
S 5345366 300 101657 1
S 5352366 300 101654 1
S 5359366 300 101657 1
S 5366365 300 101655 1
S 5373365 300 101658 1
S 5380364 300 101660 1
S 5387364 300 101655 1
S 5394363 300 101660 1
S 5401363 300 101660 1
S 5408363 300 101655 1
S 5415362 300 101654 1
S 5422362 300 101660 1
S 5429361 300 101654 1
S 5436361 300 101649 1
S 5443360 300 101651 1
S 5450360 300 101655 1
S 5457359 300 101651 1
S 5464359 300 101651 1
S 5471359 300 101652 1
S 5478358 300 101649 1
S 5485358 300 101649 1
S 5492357 300 101652 1
S 5499357 300 101654 1
S 5506356 300 101652 1
S 5513356 300 101654 1
S 5520356 300 101648 1
S 5527355 300 101652 1
S 5534355 300 101652 1
S 5541354 300 101646 1
S 5548354 300 101658 1
S 5555353 300 101649 1
S 5562353 300 101649 1
S 5569352 300 101654 1
S 5576352 300 101652 1
S 5583352 300 101646 1
S 5590351 300 101649 1
S 5597351 300 101652 1
S 5604350 300 101651 1
S 5611350 300 101657 1
S 5618349 300 101652 1
S 5625349 300 101649 1
S 5632349 300 101654 1
S 5639348 300 101655 1
S 5646348 300 101652 1
S 5653347 300 101646 1
S 5660347 300 101652 1
S 5667346 300 101648 1
S 5674346 300 101658 1
S 5681345 300 101657 1
S 5688345 300 101649 1
S 5695345 300 101648 1
S 5702344 300 101657 1
S 5709344 300 101652 1
S 5716343 300 101652 1
S 5723343 300 101651 1
S 5730342 300 101654 1
S 5737342 300 101651 1
S 5744342 300 101658 1
S 5751341 300 101651 1
S 5758341 300 101652 1
S 5765340 300 101655 1
S 5772340 300 101652 1
S 5779339 300 101658 1
S 5786339 300 101651 1
S 5793338 300 101651 1
S 5800338 300 101658 1
S 5807338 300 101655 1
S 5814337 300 101660 1
S 5821337 300 101652 1
S 5828336 300 101655 1
S 5835336 300 101652 1
S 5842335 300 101657 1
S 5849335 300 101655 1
S 5856335 300 101658 1
S 5863334 300 101654 1
S 5870334 300 101654 1
S 5877333 300 101652 1
S 5884333 300 101649 1
S 5891332 300 101655 1
S 5898332 300 101654 1
S 5905331 300 101654 1
S 5912331 300 101660 1
S 5919331 300 101657 1
S 5926330 300 101657 1
S 5933330 300 101663 1
S 5940329 300 101652 1
S 5947329 300 101660 1
S 5954328 300 101658 1
S 5961328 300 101655 1
S 5968328 300 101658 1
S 5975327 300 101660 1
S 5982327 300 101652 1
S 5989326 300 101654 1
S 5996326 300 101655 1
S 6003325 300 101652 1
S 6010325 300 101661 1
S 6017324 300 101657 1
S 6024324 300 101651 1
S 6031324 300 101654 1
S 6038323 300 101657 1
S 6045323 300 101655 1
S 6052322 300 101661 1
S 6059322 300 101663 1
S 6071321 300 101654 1
S 6078321 300 101655 1
S 6085320 300 101652 1
S 6092320 300 101655 1
S 6136317 300 101649 2
S 6147316 300 101649 2
S 6158316 300 101650 2
S 6169315 300 101652 2
S 6180314 300 101647 2
S 6191314 300 101652 2
S 6202313 300 101652 2
S 6213312 300 101654 2
S 6224312 300 101654 2
S 6235311 300 101655 2
S 6246310 300 101651 2
S 6257309 300 101652 2
S 6268309 300 101653 2
S 6279308 300 101650 2
S 6290307 300 101649 2
S 6301307 300 101649 2
S 6312306 300 101653 2
S 6323305 300 101649 2
S 6334305 300 101649 2
S 6345304 300 101646 2
S 6356303 300 101648 2
S 6367303 300 101649 2
S 6378302 300 101651 2
S 6389301 300 101647 2
S 6400301 300 101650 2
S 6411300 300 101650 2
S 6422299 300 101649 2
S 6433298 300 101649 2
S 6444298 300 101649 2
S 6455297 300 101654 2
S 6466296 300 101653 2
S 6477296 300 101649 2
S 6488295 300 101650 2
S 6499294 300 101652 2
S 6510294 300 101651 2
S 6521293 300 101645 2
S 6532292 300 101645 2
S 6543292 300 101644 2
S 6554291 300 101644 2
S 6565290 300 101642 2
S 6576290 300 101640 2
S 6587289 300 101649 2
S 6598288 300 101646 2
S 6609287 300 101644 2
S 6620287 300 101648 2
S 6631286 300 101646 2
S 6642285 300 101647 2
S 6653285 300 101645 2
S 6664284 300 101649 2
S 6675283 300 101645 2
S 6686283 300 101646 2
S 6697282 300 101646 2
S 6708281 300 101641 2
S 6719281 300 101651 2
S 6730280 300 101644 2
S 6741279 300 101646 2
S 6752279 300 101649 2
S 6763278 300 101648 2
S 6774277 300 101648 2
S 6785276 300 101655 2
S 6796276 300 101649 2
S 6807275 300 101651 2
S 6818274 300 101647 2
S 6829274 300 101649 2
S 6840273 300 101644 2
S 6851272 300 101647 2
S 6862272 300 101646 2
S 6873271 300 101649 2
S 6884270 300 101652 2
S 6895270 300 101646 2
S 6906269 300 101650 2
S 6917268 300 101644 2
S 6928268 300 101642 2
S 6939267 300 101652 2
S 6950266 300 101648 2
S 6961265 300 101646 2
S 6972265 300 101647 2
S 6983264 300 101651 2
S 6994263 300 101641 2
S 7005263 300 101652 2
S 7016262 300 101649 2
S 7027261 300 101650 2
S 7038261 300 101648 2
S 7049260 300 101648 2
S 7060259 300 101649 2
S 7071259 300 101649 2
S 7087258 300 101653 2
S 7098257 300 101652 2
S 7109256 300 101650 2
S 7120256 300 101655 2
S 7131255 300 101652 2
S 7142254 300 101650 2
S 7153253 300 101652 2
S 7164253 300 101655 2
S 7175252 300 101652 2
S 7186251 300 101655 2
S 7197251 300 101655 2
S 7208250 300 101647 2
S 7219249 300 101651 2
S 7230249 300 101648 2
S 7241248 300 101651 2
S 7252247 300 101650 2
S 7263247 300 101652 2
S 7274246 300 101652 2
S 7285245 300 101650 2
S 7296245 300 101650 2
S 7307244 300 101657 2
S 7318243 300 101654 2
S 7329242 300 101654 2
S 7340242 300 101649 2
S 7351241 300 101652 2
S 7362240 300 101652 2
S 7373240 300 101651 2
S 7384239 300 101648 2
S 7395238 300 101654 2
S 7406238 300 101650 2
S 7417237 300 101655 2
S 7428236 300 101648 2
S 7439236 300 101652 2
S 7450235 300 101651 2
S 7461234 300 101650 2
S 7472234 300 101654 2
S 7483233 300 101649 2
S 7494232 300 101652 2
S 7505231 300 101650 2
S 7516231 300 101648 2
S 7527230 300 101652 2
S 7538229 300 101649 2
S 7549229 300 101654 2
S 7560228 300 101652 2
S 7571227 300 101655 2
S 7582227 300 101653 2
S 7593226 300 101654 2
S 7604225 300 101657 2
S 7615225 300 101657 2
S 7626224 300 101657 2
S 7637223 300 101651 2
S 7648223 300 101651 2
S 7659222 300 101650 2
S 7670221 300 101653 2
S 7681220 300 101649 2
S 7692220 300 101648 2
S 7703219 300 101651 2
S 7714218 300 101646 2
S 7725218 300 101649 2
S 7736217 300 101648 2
S 7747216 300 101648 2
S 7758216 300 101649 2
S 7769215 300 101648 2
S 7780214 300 101646 2
S 7791214 300 101650 2
S 7802213 300 101646 2
S 7813212 300 101647 2
S 7824212 300 101645 2
S 7835211 300 101646 2
S 7846210 300 101648 2
S 7857209 300 101652 2
S 7868209 300 101645 2
S 7879208 300 101645 2
S 7890207 300 101647 2
S 7901207 300 101654 2
S 7912206 300 101649 2
S 7923205 300 101649 2
S 7934205 300 101649 2
S 7945204 300 101649 2
S 7956203 300 101646 2
S 7967203 300 101652 2
S 7978202 300 101650 2
S 7989201 300 101649 2
S 8000201 300 101646 2
S 8011200 300 101655 2
S 8022199 300 101656 2
S 8033198 300 101654 2
S 8044198 300 101655 2
S 8055197 300 101656 2
S 8066196 300 101657 2
S 8077196 300 101654 2
S 8093195 300 101652 2
S 8104194 300 101646 2
S 8115193 300 101646 2
S 8126193 300 101652 2
S 8137192 300 101652 2
S 8148191 300 101650 2
S 8159191 300 101649 2
S 8170190 300 101648 2
S 8181189 300 101654 2
S 8192189 300 101653 2
S 8203188 300 101648 2
S 8214187 300 101646 2
S 8225186 300 101643 2
S 8236186 300 101646 2
S 8247185 300 101647 2
S 8258184 300 101654 2
S 8269184 300 101650 2
S 8280183 300 101652 2
S 8291182 300 101646 2
S 8302182 300 101651 2
S 8313181 300 101651 2
S 8324180 300 101646 2
S 8335180 300 101652 2
S 8346179 300 101652 2
S 8357178 300 101643 2
S 8368178 300 101649 2
S 8379177 300 101646 2
S 8390176 300 101645 2
S 8401175 300 101643 2
S 8412175 300 101645 2
S 8423174 300 101649 2
S 8434173 300 101650 2
S 8445173 300 101649 2
S 8456172 300 101648 2
S 8467171 300 101647 2
S 8478171 300 101645 2
S 8489170 300 101647 2
S 8500169 300 101646 2
S 8511169 300 101649 2
S 8522168 300 101652 2
S 8533167 300 101649 2
S 8544167 300 101650 2
S 8555166 300 101650 2
S 8566165 300 101654 2
S 8577164 300 101646 2
S 8588164 300 101650 2
S 8599163 300 101646 2
S 8610162 300 101648 2
S 8621162 300 101649 2
S 8632161 300 101653 2
S 8643160 300 101657 2
S 8654160 300 101655 2
S 8665159 300 101653 2
S 8676158 300 101651 2
S 8687158 300 101646 2
S 8698157 300 101644 2
S 8709156 300 101640 2
S 8720156 300 101643 2
S 8731155 300 101649 2
S 8742154 300 101646 2
S 8753153 300 101646 2
S 8764153 300 101643 2
S 8775152 300 101649 2
S 8786151 300 101646 2
S 8797151 300 101643 2
S 8808150 300 101641 2
S 8819149 300 101643 2
S 8830149 300 101644 2
S 8841148 300 101646 2
S 8852147 300 101644 2
S 8863147 300 101645 2
S 8874146 300 101648 2
S 8885145 300 101649 2
S 8896145 300 101649 2
S 8907144 300 101654 2
S 8918143 300 101650 2
S 8929142 300 101652 2
S 8940142 300 101650 2
S 8951141 300 101654 2
S 8962140 300 101649 2
S 8973140 300 101652 2
S 8984139 300 101654 2
S 8995138 300 101652 2
S 9006138 300 101650 2
S 9017137 300 101650 2
S 9028136 300 101649 2
S 9039136 300 101646 2
S 9050135 300 101647 2
S 9061134 300 101649 2
S 9072134 300 101653 2
S 9083133 300 101646 2
S 9099132 300 101650 2
S 9110131 300 101650 2
S 9121130 300 101649 2
S 9132130 300 101646 2
S 9143129 300 101652 2
S 9154128 300 101649 2
S 9165128 300 101645 2
S 9176127 300 101645 2
S 9187126 300 101648 2
S 9198126 300 101652 2
S 9209125 300 101655 2
S 9220124 300 101655 2
S 9231124 300 101653 2
S 9242123 300 101651 2
S 9253122 300 101652 2
S 9264122 300 101649 2
S 9275121 300 101653 2
S 9286120 300 101651 2
S 9297119 300 101652 2
S 9308119 300 101652 2
S 9319118 300 101656 2
S 9330117 300 101653 2
S 9341117 300 101654 2
S 9352116 300 101652 2
S 9363115 300 101652 2
S 9374115 300 101649 2
S 9385114 300 101649 2
S 9396113 300 101649 2
S 9407113 300 101652 2
S 9418112 300 101652 2
S 9429111 300 101652 2
S 9440111 300 101651 2
S 9451110 300 101646 2
S 9462109 300 101658 2
S 9473108 300 101653 2
S 9484108 300 101652 2
S 9495107 300 101649 2
S 9506106 300 101650 2
S 9517106 300 101657 2
S 9528105 300 101652 2
S 9539104 300 101656 2
S 9550104 300 101653 2
S 9561103 300 101649 2
S 9572102 300 101650 2
S 9583102 300 101654 2
S 9594101 300 101648 2
S 9605100 300 101651 2
S 9616100 300 101657 2
S 9627099 300 101653 2
S 9638098 300 101654 2
S 9649097 300 101653 2
S 9660097 300 101654 2
S 9671096 300 101655 2
S 9682095 300 101658 2
S 9693095 300 101655 2
S 9704094 300 101652 2
S 9715093 300 101653 2
S 9726093 300 101657 2
S 9737092 300 101652 2
S 9748091 300 101655 2
S 9759091 300 101651 2
S 9770090 300 101654 2
S 9781089 300 101653 2
S 9792089 300 101658 2
S 9803088 300 101655 2
S 9814087 300 101658 2
S 9825086 300 101659 2
S 9836086 300 101656 2
S 9847085 300 101655 2
S 9858084 300 101655 2
S 9869084 300 101653 2
S 9880083 300 101654 2
S 9891082 300 101656 2
S 9902082 300 101657 2
S 9913081 300 101653 2
S 9924080 300 101654 2
S 9935080 300 101655 2
S 9946079 300 101655 2
S 9957078 300 101654 2
S 9968078 300 101658 2
S 9979077 300 101658 2
S 9990076 300 101662 2
S 10001076 300 101660 2
S 10012075 300 101654 2
S 10023074 300 101652 2
S 10034073 300 101658 2
S 10045073 300 101661 2
S 10056072 300 101661 2
S 10067071 300 101663 2
S 10078071 300 101658 2
S 10089070 300 101658 2
S 10105069 300 101661 2
S 10116068 300 101656 2
S 10127068 300 101659 2
S 10138067 300 101658 2
S 10149066 300 101658 2
S 10160066 300 101657 2
S 10171065 300 101659 2
S 10182064 300 101660 2
S 10193063 300 101655 2
S 10204063 300 101657 2
S 10215062 300 101657 2
S 10226061 300 101658 2
S 10237061 300 101652 2
S 10248060 300 101652 2
S 10259059 300 101654 2
S 10270059 300 101660 2
S 10281058 300 101658 2
S 10292057 300 101658 2
S 10303057 300 101658 2
S 10314056 300 101654 2
S 10325055 300 101652 2
S 10336055 300 101657 2
S 10347054 300 101656 2
S 10358053 300 101653 2
S 10369052 300 101652 2
S 10380052 300 101661 2
S 10391051 300 101656 2
S 10402050 300 101659 2
S 10413050 300 101653 2
S 10424049 300 101658 2
S 10435048 300 101658 2
S 10446048 300 101656 2
S 10457047 300 101661 2
S 10468046 300 101658 2
S 10479046 300 101655 2
S 10490045 300 101657 2
S 10501044 300 101658 2
S 10512044 300 101656 2
S 10523043 300 101659 2
S 10534042 300 101654 2
S 10545041 300 101653 2
S 10556041 300 101657 2
S 10567040 300 101651 2
S 10578039 300 101655 2
S 10589039 300 101653 2
S 10600038 300 101655 2
S 10611037 300 101658 2
S 10622037 300 101655 2
S 10633036 300 101654 2
S 10644035 300 101655 2
S 10655035 300 101655 2
S 10666034 300 101655 2
S 10677033 300 101654 2
S 10688033 300 101658 2
S 10699032 300 101652 2
S 10710031 300 101655 2
S 10721030 300 101646 2
S 10732030 300 101651 2
S 10743029 300 101652 2
S 10754028 300 101653 2
S 10765028 300 101655 2
S 10776027 300 101653 2
S 10787026 300 101652 2
S 10798026 300 101655 2
S 10809025 300 101659 2
S 10820024 300 101660 2
S 10831024 300 101664 2
S 10842023 300 101655 2
S 10853022 300 101663 2
S 10864022 300 101662 2
S 10875021 300 101661 2
S 10886020 300 101664 2
S 10897019 300 101656 2
S 10908019 300 101661 2
S 10919018 300 101658 2
S 10930017 300 101658 2
S 10941017 300 101655 2
S 10952016 300 101659 2
S 10963015 300 101658 2
S 10974015 300 101658 2
S 10985014 300 101654 2
S 10996013 300 101656 2
S 11007013 300 101655 2
S 11018012 300 101661 2
S 11029011 300 101663 2
S 11040011 300 101659 2
S 11051010 300 101664 2
S 11062009 300 101661 2
S 11073008 300 101664 2
S 11084008 300 101661 2
S 11095007 300 101659 2
S 11111006 300 101656 2
S 11122005 300 101654 2
S 11133005 300 101652 2
S 11144004 300 101652 2
S 11155003 300 101656 2
S 11166003 300 101655 2
S 11177002 300 101655 2
S 11188001 300 101654 2
S 11199001 300 101653 2
S 11210000 300 101655 2
S 11220999 300 101652 2
S 11231999 300 101653 2
S 11242998 300 101654 2
S 11253997 300 101660 2
S 11264996 300 101656 2
S 11275996 300 101657 2
S 11286995 300 101660 2
S 11297994 300 101657 2
S 11308994 300 101661 2
S 11319993 300 101658 2
S 11330992 300 101652 2
S 11341992 300 101653 2
S 11352991 300 101649 2
S 11363990 300 101653 2
S 11374990 300 101657 2
S 11385989 300 101654 2
S 11396988 300 101655 2
S 11407988 300 101657 2
S 11418987 300 101661 2
S 11429986 300 101658 2
S 11440985 300 101655 2
S 11451985 300 101655 2
S 11462984 300 101656 2
S 11473983 300 101658 2
S 11484983 300 101659 2
S 11495982 300 101654 2
S 11506981 300 101652 2
S 11517981 300 101658 2
S 11528980 300 101654 2
S 11539979 300 101659 2
S 11550979 300 101654 2
S 11561978 300 101655 2
S 11572977 300 101652 2
S 11583977 300 101655 2
S 11594976 300 101655 2
S 11605975 300 101656 2
S 11616974 300 101659 2
S 11627974 300 101657 2
S 11638973 300 101658 2
S 11649972 300 101659 2
S 11725968 300 101659 3
S 11744966 300 101657 3
S 11763965 300 101658 3
S 11782964 300 101656 3
S 11801963 300 101655 3
S 11820962 300 101655 3
S 11839961 300 101656 3
S 11858959 300 101658 3
S 11877958 300 101656 3
S 11896957 300 101656 3
S 11915956 300 101659 3
S 11934955 300 101657 3
S 11953953 300 101659 3
S 11972952 300 101657 3
S 11991951 300 101654 3
S 12010950 300 101653 3
S 12029949 300 101656 3
S 12048947 300 101655 3
S 12067946 300 101654 3
S 12086945 300 101652 3
S 12105944 300 101651 3
S 12128942 300 101661 3
S 12147941 300 101661 3
S 12166940 300 101659 3
S 12185939 300 101662 3
S 12204938 300 101662 3
S 12223937 300 101656 3
S 12242935 300 101659 3
S 12261934 300 101660 3
S 12280933 300 101659 3
S 12299932 300 101659 3
S 12318931 300 101659 3
S 12337929 300 101661 3
S 12356928 300 101656 3
S 12375927 300 101656 3
S 12394926 300 101658 3
S 12413925 300 101659 3
S 12432923 300 101652 3
S 12451922 300 101658 3
S 12470921 300 101658 3
S 12489920 300 101657 3
S 12508919 300 101658 3
S 12527918 300 101657 3
S 12546916 300 101661 3
S 12565915 300 101658 3
S 12584914 300 101655 3
S 12603913 300 101655 3
S 12622912 300 101656 3
S 12641910 300 101657 3
S 12660909 300 101652 3
S 12679908 300 101652 3
S 12698907 300 101657 3
S 12717906 300 101660 3
S 12736904 300 101655 3
S 12755903 300 101653 3
S 12774902 300 101656 3
S 12793901 300 101653 3
S 12812900 300 101649 3
S 12831899 300 101652 3
S 12850897 300 101653 3
S 12869896 300 101654 3
S 12888895 300 101651 3
S 12907894 300 101654 3
S 12926893 300 101649 3
S 12945891 300 101656 3
S 12964890 300 101655 3
S 12983889 300 101655 3
S 13002888 300 101655 3
S 13021887 300 101655 3
S 13040885 300 101653 3
S 13059884 300 101656 3
S 13078883 300 101653 3
S 13097882 300 101650 3
S 13116881 300 101654 3
S 13139879 300 101658 3
S 13158878 300 101658 3
S 13177877 300 101655 3
S 13196876 300 101656 3
S 13215875 300 101660 3
S 13234873 300 101659 3
S 13253872 300 101661 3
S 13272871 300 101658 3
S 13291870 300 101658 3
S 13310869 300 101656 3
S 13329867 300 101660 3
S 13348866 300 101657 3
S 13367865 300 101655 3
S 13386864 300 101655 3
S 13405863 300 101660 3
S 13424861 300 101660 3
S 13443860 300 101655 3
S 13462859 300 101655 3
S 13481858 300 101658 3
S 13500857 300 101661 3
S 13519856 300 101656 3
S 13538854 300 101652 3
S 13557853 300 101652 3
S 13576852 300 101657 3
S 13595851 300 101653 3
S 13614850 300 101655 3
S 13633848 300 101655 3
S 13652847 300 101652 3
S 13671846 300 101652 3
S 13690845 300 101655 3
S 13709844 300 101660 3
S 13728842 300 101654 3
S 13747841 300 101656 3
S 13766840 300 101656 3
S 13785839 300 101656 3
S 13804838 300 101656 3
S 13823837 300 101654 3
S 13842835 300 101656 3
S 13861834 300 101651 3
S 13880833 300 101655 3
S 13899832 300 101655 3
S 13918831 300 101656 3
S 13937829 300 101652 3
S 13956828 300 101653 3
S 13975827 300 101655 3
S 13994826 300 101651 3
S 14013825 300 101650 3
S 14032823 300 101652 3
S 14051822 300 101654 3
S 14070821 300 101656 3
S 14089820 300 101656 3
S 14108819 300 101653 3
S 14127818 300 101656 3
S 14150816 300 101662 3
S 14169815 300 101659 3
S 14188814 300 101661 3
S 14207813 300 101659 3
S 14226811 300 101657 3
S 14245810 300 101661 3
S 14264809 300 101656 3
S 14283808 300 101659 3
S 14302807 300 101655 3
S 14321805 300 101654 3
S 14340804 300 101656 3
S 14359803 300 101655 3
S 14378802 300 101657 3
S 14397801 300 101656 3
S 14416799 300 101657 3
S 14435798 300 101656 3
S 14454797 300 101652 3
S 14473796 300 101655 3
S 14492795 300 101656 3
S 14511794 300 101659 3
S 14530792 300 101659 3
S 14549791 300 101658 3
S 14568790 300 101658 3
S 14587789 300 101659 3
S 14606788 300 101657 3
S 14625786 300 101660 3
S 14644785 300 101659 3
S 14663784 300 101655 3
S 14682783 300 101653 3
S 14701782 300 101654 3
S 14720780 300 101652 3
S 14739779 300 101653 3
S 14758778 300 101652 3
S 14777777 300 101652 3
S 14796776 300 101652 3
S 14815775 300 101655 3
S 14834773 300 101654 3
S 14853772 300 101657 3
S 14872771 300 101655 3
S 14891770 300 101655 3
S 14910769 300 101662 3
S 14929767 300 101657 3
S 14948766 300 101658 3
S 14967765 300 101657 3
S 14986764 300 101657 3
S 15005763 300 101653 3
S 15024761 300 101658 3
S 15043760 300 101658 3
S 15062759 300 101653 3
S 15081758 300 101651 3
S 15100757 300 101655 3
S 15119756 300 101653 3
S 15138754 300 101656 3
S 15161753 300 101652 3
S 15180752 300 101649 3
S 15199751 300 101652 3
S 15218749 300 101652 3
S 15237748 300 101651 3
S 15256747 300 101651 3
S 15275746 300 101651 3
S 15294745 300 101651 3
S 15313743 300 101654 3
S 15332742 300 101651 3
S 15351741 300 101658 3
S 15370740 300 101654 3
S 15389739 300 101650 3
S 15408737 300 101656 3
S 15427736 300 101657 3
S 15446735 300 101656 3
S 15465734 300 101654 3
S 15484733 300 101651 3
S 15503732 300 101654 3
S 15522730 300 101655 3
S 15541729 300 101656 3
S 15560728 300 101653 3
S 15579727 300 101648 3
S 15598726 300 101650 3
S 15617724 300 101646 3
S 15636723 300 101646 3
S 15655722 300 101651 3
S 15674721 300 101644 3
S 15693720 300 101647 3
S 15712718 300 101644 3
S 15731717 300 101650 3
S 15750716 300 101649 3
S 15769715 300 101650 3
S 15788714 300 101649 3
S 15807713 300 101650 3
S 15826711 300 101649 3
S 15845710 300 101649 3
S 15864709 300 101646 3
S 15883708 300 101652 3
S 15902707 300 101650 3
S 15921705 300 101650 3
S 15940704 300 101652 3
S 15959703 300 101647 3
S 15978702 300 101652 3
S 15997701 300 101649 3
S 16016699 300 101648 3
S 16035698 300 101650 3
S 16054697 300 101649 3
S 16073696 300 101648 3
S 16092695 300 101647 3
S 16111694 300 101648 3
S 16130692 300 101647 3
S 16149691 300 101650 3
S 16172690 300 101654 3
S 16191689 300 101655 3
S 16210687 300 101652 3
S 16229686 300 101652 3
S 16248685 300 101652 3
S 16267684 300 101649 3
S 16286683 300 101653 3
S 16305681 300 101651 3
S 16324680 300 101652 3
S 16343679 300 101651 3
S 16362678 300 101650 3
S 16381677 300 101654 3
S 16400675 300 101653 3
S 16419674 300 101651 3
S 16438673 300 101655 3
S 16457672 300 101653 3
S 16476671 300 101654 3
S 16495670 300 101654 3
S 16514668 300 101655 3
S 16533667 300 101656 3
S 16552666 300 101653 3
S 16571665 300 101652 3
S 16590664 300 101654 3
S 16609662 300 101646 3
S 16628661 300 101650 3
S 16647660 300 101648 3
S 16666659 300 101646 3
S 16685658 300 101646 3
S 16704656 300 101648 3
S 16723655 300 101645 3
S 16742654 300 101643 3
S 16761653 300 101645 3
S 16780652 300 101651 3
S 16799651 300 101648 3
S 16818649 300 101648 3
S 16837648 300 101649 3
S 16856647 300 101645 3
S 16875646 300 101649 3
S 16894645 300 101652 3
S 16913643 300 101652 3
S 16932642 300 101653 3
S 16951641 300 101646 3
S 16970640 300 101652 3
S 16989639 300 101651 3
S 17008637 300 101649 3
S 17027636 300 101652 3
S 17046635 300 101647 3
S 17065634 300 101647 3
S 17084633 300 101652 3
S 17103632 300 101650 3
S 17122630 300 101648 3
S 17141629 300 101649 3
S 17160628 300 101648 3
S 17183626 300 101654 3
S 17202625 300 101652 3
S 17221624 300 101652 3
S 17240623 300 101648 3
S 17259622 300 101654 3
S 17278621 300 101652 3
S 17297619 300 101656 3
S 17316618 300 101657 3
S 17335617 300 101653 3
S 17354616 300 101652 3
S 17373615 300 101648 3
S 17392613 300 101648 3
S 17411612 300 101651 3
S 17430611 300 101647 3
S 17449610 300 101645 3
S 17468609 300 101648 3
S 17487608 300 101649 3
S 17506606 300 101648 3
S 17525605 300 101648 3
S 17544604 300 101647 3
S 17563603 300 101651 3
S 17582602 300 101649 3
S 17601600 300 101647 3
S 17620599 300 101653 3
S 17639598 300 101649 3
S 17658597 300 101652 3
S 17677596 300 101649 3
S 17696594 300 101652 3
S 17715593 300 101646 3
S 17734592 300 101649 3
S 17753591 300 101654 3
S 17772590 300 101652 3
S 17791589 300 101650 3
S 17810587 300 101649 3
S 17829586 300 101651 3
S 17848585 300 101645 3
S 17867584 300 101649 3
S 17886583 300 101650 3
S 17905581 300 101645 3
S 17924580 300 101649 3
S 17943579 300 101652 3
S 17962578 300 101652 3
S 17981577 300 101652 3
S 18000576 300 101651 3
S 18019574 300 101650 3
S 18038573 300 101647 3
S 18057572 300 101650 3
S 18076571 300 101649 3
S 18095570 300 101652 3
S 18114568 300 101650 3
S 18133567 300 101652 3
S 18152566 300 101653 3
S 18171565 300 101648 3
S 18194563 300 101655 3
S 18213562 300 101660 3
S 18232561 300 101656 3
S 18251560 300 101660 3
S 18270559 300 101655 3
S 18289557 300 101659 3
S 18308556 300 101655 3
S 18327555 300 101653 3
S 18346554 300 101658 3
S 18365553 300 101660 3
S 18384551 300 101656 3
S 18403550 300 101658 3
S 18422549 300 101657 3
S 18441548 300 101654 3
S 18460547 300 101651 3
S 18479546 300 101657 3
S 18498544 300 101658 3
S 18517543 300 101657 3
S 18536542 300 101659 3
S 18555541 300 101654 3
S 18574540 300 101652 3
S 18593538 300 101651 3
S 18612537 300 101651 3
S 18631536 300 101651 3
S 18650535 300 101654 3
S 18669534 300 101654 3
S 18688532 300 101656 3
S 18707531 300 101654 3
S 18726530 300 101654 3
S 18745529 300 101656 3
S 18764528 300 101658 3
S 18783527 300 101656 3
S 18802525 300 101652 3
S 18821524 300 101652 3
S 18840523 300 101648 3
S 18859522 300 101649 3
S 18878521 300 101651 3
S 18897519 300 101652 3
S 18916518 300 101652 3
S 18935517 300 101655 3
S 18954516 300 101648 3
S 18973515 300 101653 3
S 18992513 300 101656 3
S 19011512 300 101654 3
S 19030511 300 101654 3
S 19049510 300 101652 3
S 19068509 300 101654 3
S 19087508 300 101652 3
S 19106506 300 101651 3
S 19125505 300 101658 3
S 19144504 300 101655 3
S 19163503 300 101657 3
S 19182502 300 101655 3
S 19205500 300 101664 3
S 19224499 300 101659 3
S 19243498 300 101658 3
S 19262497 300 101653 3
S 19281495 300 101660 3
S 19300494 300 101658 3
S 19319493 300 101658 3
S 19338492 300 101660 3
S 19357491 300 101658 3
S 19376489 300 101662 3
S 19395488 300 101664 3
S 19414487 300 101664 3
S 19433486 300 101665 3
S 19452485 300 101660 3
S 19471484 300 101657 3
S 19490482 300 101658 3
S 19509481 300 101658 3
S 19528480 300 101658 3
S 19547479 300 101662 3
S 19566478 300 101662 3
S 19585476 300 101658 3
S 19604475 300 101659 3
S 19623474 300 101664 3
S 19642473 300 101661 3
S 19661472 300 101658 3
S 19680470 300 101655 3
S 19699469 300 101656 3
S 19718468 300 101654 3
S 19737467 300 101653 3
S 19756466 300 101658 3
S 19775465 300 101654 3
S 19794463 300 101660 3
S 19813462 300 101658 3
S 19832461 300 101658 3
S 19851460 300 101658 3
S 19870459 300 101658 3
S 19889457 300 101657 3
S 19908456 300 101660 3
S 19927455 300 101661 3
S 19946454 300 101659 3
S 19965453 300 101656 3
S 19984451 300 101656 3
S 20003450 300 101657 3
S 20022449 300 101657 3
S 20041448 300 101659 3
S 20060447 300 101657 3
S 20079446 300 101659 3
S 20098444 300 101656 3
S 20117443 300 101655 3
S 20136442 300 101658 3
S 20155441 300 101655 3
S 20174440 300 101655 3
S 20193438 300 101654 3
S 20216437 300 101654 3
S 20235436 300 101648 3
S 20254435 300 101654 3
S 20273433 300 101654 3
S 20292432 300 101651 3
S 20311431 300 101653 3
S 20330430 300 101651 3
S 20349429 300 101654 3
S 20368427 300 101652 3
S 20387426 300 101646 3
S 20406425 300 101655 3
S 20425424 300 101654 3
S 20444423 300 101654 3
S 20463422 300 101651 3
S 20482420 300 101653 3
S 20501419 300 101651 3
S 20520418 300 101652 3
S 20539417 300 101647 3
S 20558416 300 101648 3
S 20577414 300 101652 3
S 20596413 300 101645 3
S 20615412 300 101649 3
S 20634411 300 101647 3
S 20653410 300 101645 3
S 20672408 300 101647 3
S 20691407 300 101653 3
S 20710406 300 101652 3
S 20729405 300 101651 3
S 20748404 300 101651 3
S 20767403 300 101648 3
S 20786401 300 101654 3
S 20805400 300 101647 3
S 20824399 300 101649 3
S 20843398 300 101656 3
S 20862397 300 101648 3
S 20881395 300 101649 3
S 20900394 300 101651 3
S 20919393 300 101650 3
S 20938392 300 101649 3
S 20957391 300 101652 3
S 20976389 300 101649 3
S 20995388 300 101651 3
S 21014387 300 101651 3
S 21033386 300 101649 3
S 21052385 300 101651 3
S 21071384 300 101650 3
S 21090382 300 101649 3
S 21109381 300 101652 3
S 21128380 300 101648 3
S 21147379 300 101647 3
S 21166378 300 101651 3
S 21185376 300 101652 3
S 21204375 300 101650 3
S 21227374 300 101654 3
S 21246373 300 101651 3
S 21257372 300 101647 2
S 21268371 300 101656 2
S 21279371 300 101644 2
S 21290370 300 101644 2
S 21301369 300 101647 2
S 21312368 300 101646 2
S 21323368 300 101647 2
S 21334367 300 101652 2
S 21345366 300 101650 2
S 21356366 300 101651 2
S 21367365 300 101651 2
S 21378364 300 101647 2
S 21389364 300 101649 2
S 21400363 300 101649 2
S 21411362 300 101644 2
S 21422362 300 101655 2
S 21433361 300 101650 2
S 21444360 300 101655 2
S 21455360 300 101658 2
S 21466359 300 101650 2
S 21477358 300 101651 2
S 21488357 300 101651 2
S 21499357 300 101658 2
S 21510356 300 101652 2
S 21521355 300 101649 2
S 21532355 300 101648 2
S 21543354 300 101656 2
S 21554353 300 101656 2
S 21565353 300 101652 2
S 21576352 300 101653 2
S 21587351 300 101651 2
S 21598351 300 101652 2
S 21609350 300 101655 2
S 21620349 300 101650 2
S 21631349 300 101652 2
S 21642348 300 101657 2
S 21653347 300 101653 2
S 21664346 300 101655 2
S 21675346 300 101651 2
S 21686345 300 101652 2
S 21697344 300 101651 2
S 21708344 300 101649 2
S 21719343 300 101654 2
S 21730342 300 101652 2
S 21741342 300 101653 2
S 21752341 300 101655 2
S 21763340 300 101654 2
S 21774340 300 101657 2
S 21785339 300 101649 2
S 21796338 300 101655 2
S 21807338 300 101656 2
S 21818337 300 101653 2
S 21829336 300 101657 2
S 21840335 300 101658 2
S 21851335 300 101655 2
S 21862334 300 101655 2
S 21873333 300 101652 2
S 21884333 300 101655 2
S 21895332 300 101658 2
S 21906331 300 101654 2
S 21917331 300 101652 2
S 21928330 300 101658 2
S 21939329 300 101652 2
S 21950329 300 101655 2
S 21961328 300 101651 2
S 21972327 300 101658 2
S 21983327 300 101654 2
S 21994326 300 101652 2
S 22005325 300 101653 2
S 22016324 300 101655 2
S 22027324 300 101661 2
S 22038323 300 101663 2
S 22049322 300 101655 2
S 22060322 300 101651 2
S 22071321 300 101651 2
S 22082320 300 101651 2
S 22093320 300 101654 2
S 22104319 300 101652 2
S 22115318 300 101649 2
S 22126318 300 101652 2
S 22137317 300 101654 2
S 22148316 300 101656 2
S 22159316 300 101659 2
S 22170315 300 101657 2
S 22181314 300 101655 2
S 22192313 300 101655 2
S 22203313 300 101656 2
S 22214312 300 101656 2
S 22230311 300 101653 2
S 22241310 300 101651 2
S 22252310 300 101652 2
S 22263309 300 101653 2
S 22274308 300 101656 2
S 22285308 300 101660 2
S 22296307 300 101655 2
S 22307306 300 101651 2
S 22318306 300 101652 2
S 22329305 300 101649 2
S 22340304 300 101652 2
S 22351304 300 101652 2
S 22362303 300 101650 2
S 22373302 300 101649 2
S 22384301 300 101645 2
S 22395301 300 101646 2
S 22406300 300 101645 2
S 22417299 300 101652 2
S 22428299 300 101652 2
S 22439298 300 101651 2
S 22450297 300 101650 2
S 22461297 300 101654 2
S 22472296 300 101648 2
S 22483295 300 101652 2
S 22494295 300 101648 2
S 22505294 300 101655 2
S 22516293 300 101651 2
S 22527293 300 101646 2
S 22538292 300 101644 2
S 22549291 300 101652 2
S 22560290 300 101654 2
S 22571290 300 101654 2
S 22582289 300 101651 2
S 22593288 300 101655 2
S 22604288 300 101652 2
S 22615287 300 101649 2
S 22626286 300 101650 2
S 22637286 300 101651 2
S 22648285 300 101651 2
S 22659284 300 101654 2
S 22670284 300 101650 2
S 22681283 300 101651 2
S 22692282 300 101649 2
S 22703282 300 101646 2
S 22714281 300 101648 2
S 22725280 300 101649 2
S 22736279 300 101655 2
S 22747279 300 101649 2
S 22758278 300 101650 2
S 22769277 300 101652 2
S 22780277 300 101648 2
S 22791276 300 101639 2
S 22802275 300 101642 2
S 22813275 300 101646 2
S 22824274 300 101651 2
S 22835273 300 101653 2
S 22846273 300 101643 2
S 22857272 300 101649 2
S 22868271 300 101652 2
S 22879271 300 101649 2
S 22890270 300 101653 2
S 22901269 300 101652 2
S 22912268 300 101652 2
S 22923268 300 101652 2
S 22934267 300 101655 2
S 22945266 300 101657 2
S 22956266 300 101660 2
S 22967265 300 101652 2
S 22978264 300 101658 2
S 22989264 300 101655 2
S 23000264 300 101654 2
S 23011262 300 101659 2
S 23022262 300 101657 2
S 23033261 300 101656 2
S 23044260 300 101652 2
S 23055260 300 101654 2
S 23066259 300 101649 2
S 23077258 300 101649 2
S 23088257 300 101647 2
S 23099257 300 101655 2
S 23110256 300 101655 2
S 23121255 300 101655 2
S 23132255 300 101650 2
S 23143254 300 101649 2
S 23154253 300 101654 2
S 23165253 300 101651 2
S 23176252 300 101655 2
S 23187251 300 101655 2
S 23198251 300 101654 2
S 23209250 300 101658 2
S 23220249 300 101652 2
S 23236248 300 101656 2
S 23247248 300 101652 2
S 23258247 300 101662 2
S 23269246 300 101655 2
S 23280245 300 101656 2
S 23291245 300 101655 2
S 23302244 300 101654 2
S 23313243 300 101655 2
S 23324243 300 101656 2
S 23335242 300 101654 2
S 23346241 300 101653 2
S 23357241 300 101657 2
S 23368240 300 101661 2
S 23379239 300 101656 2
S 23390239 300 101658 2
S 23401238 300 101655 2
S 23412237 300 101656 2
S 23423237 300 101658 2
S 23434236 300 101659 2
S 23445235 300 101661 2
S 23456234 300 101657 2
S 23467234 300 101654 2
S 23478233 300 101651 2
S 23489232 300 101656 2
S 23500232 300 101655 2
S 23511231 300 101660 2
S 23522230 300 101655 2
S 23533230 300 101658 2
S 23544229 300 101660 2
S 23555228 300 101662 2
S 23566228 300 101661 2
S 23577227 300 101658 2
S 23588226 300 101658 2
S 23599226 300 101654 2
S 23610225 300 101659 2
S 23621224 300 101659 2
S 23632223 300 101654 2
S 23643223 300 101653 2
S 23654222 300 101660 2
S 23665221 300 101658 2
S 23676221 300 101657 2
S 23687220 300 101655 2
S 23698219 300 101647 2
S 23709219 300 101654 2
S 23720218 300 101654 2
S 23731217 300 101655 2
S 23742217 300 101655 2
S 23753216 300 101655 2
S 23764215 300 101652 2
S 23775215 300 101649 2
S 23786214 300 101657 2
S 23797213 300 101658 2
S 23808212 300 101654 2
S 23819212 300 101655 2
S 23830211 300 101654 2
S 23841210 300 101655 2
S 23852210 300 101656 2
S 23863209 300 101649 2
S 23874208 300 101653 2
S 23885208 300 101652 2
S 23896207 300 101650 2
S 23907206 300 101646 2
S 23918206 300 101649 2
S 23929205 300 101655 2
S 23940204 300 101652 2
S 23951204 300 101650 2
S 23962203 300 101652 2
S 23973202 300 101648 2
S 23984201 300 101649 2
S 23995201 300 101649 2
S 24006200 300 101649 2
S 24017199 300 101656 2
S 24028199 300 101654 2
S 24039198 300 101652 2
S 24050197 300 101652 2
S 24061197 300 101652 2
S 24072196 300 101651 2
S 24083195 300 101652 2
S 24094195 300 101647 2
S 24105194 300 101649 2
S 24116193 300 101652 2
S 24127193 300 101655 2
S 24138192 300 101653 2
S 24149191 300 101652 2
S 24160190 300 101649 2
S 24171190 300 101652 2
S 24182189 300 101647 2
S 24193188 300 101653 2
S 24204188 300 101654 2
S 24215187 300 101652 2
S 24226186 300 101652 2
S 24242185 300 101650 2
S 24253185 300 101646 2
S 24264184 300 101655 2
S 24275183 300 101652 2
S 24286183 300 101651 2
S 24297182 300 101654 2
S 24308181 300 101651 2
S 24319181 300 101647 2
S 24330180 300 101651 2
S 24341179 300 101652 2
S 24352178 300 101649 2
S 24363178 300 101656 2
S 24374177 300 101650 2
S 24385176 300 101652 2
S 24396176 300 101651 2
S 24407175 300 101647 2
S 24418174 300 101651 2
S 24429174 300 101652 2
S 24440173 300 101649 2
S 24451172 300 101654 2
S 24462172 300 101652 2
S 24473171 300 101652 2
S 24484170 300 101653 2
S 24495170 300 101658 2
S 24506169 300 101655 2
S 24517168 300 101650 2
S 24528167 300 101652 2
S 24539167 300 101658 2
S 24550166 300 101658 2
S 24561165 300 101648 2
S 24572165 300 101648 2
S 24583164 300 101653 2
S 24594163 300 101647 2
S 24605163 300 101653 2
S 24616162 300 101651 2
S 24627161 300 101655 2
S 24638161 300 101649 2
S 24649160 300 101650 2
S 24660159 300 101647 2
S 24671159 300 101647 2
S 24682158 300 101649 2
S 24693157 300 101646 2
S 24704156 300 101647 2
S 24715156 300 101649 2
S 24726155 300 101646 2
S 24737154 300 101649 2
S 24748154 300 101649 2
S 24759153 300 101650 2
S 24770152 300 101652 2
S 24781152 300 101652 2
S 24792151 300 101651 2
S 24803150 300 101653 2
S 24814150 300 101650 2
S 24825149 300 101649 2
S 24836148 300 101649 2
S 24847148 300 101648 2
S 24858147 300 101652 2
S 24869146 300 101649 2
S 24880145 300 101650 2
S 24891145 300 101652 2
S 24902144 300 101648 2
S 24913143 300 101649 2
S 24924143 300 101648 2
S 24935142 300 101650 2
S 24946141 300 101650 2
S 24957141 300 101651 2
S 24968140 300 101649 2
S 24979139 300 101659 2
S 24990139 300 101650 2
S 25001139 300 101649 2
S 25012137 300 101654 2
S 25023137 300 101654 2
S 25034136 300 101645 2
S 25045135 300 101650 2
S 25056134 300 101653 2
S 25067134 300 101651 2
S 25078133 300 101650 2
S 25089132 300 101653 2
S 25100132 300 101655 2
S 25111131 300 101651 2
S 25122130 300 101649 2
S 25133130 300 101648 2
S 25144129 300 101647 2
S 25155128 300 101649 2
S 25166128 300 101652 2
S 25177127 300 101650 2
S 25188126 300 101649 2
S 25199126 300 101647 2
S 25210125 300 101651 2
S 25221124 300 101654 2
S 25232123 300 101652 2
S 25248122 300 101652 2
S 25259122 300 101654 2
S 25270121 300 101660 2
S 25281120 300 101652 2
S 25292120 300 101651 2
S 25303119 300 101650 2
S 25314118 300 101656 2
S 25325118 300 101655 2
S 25336117 300 101655 2
S 25347116 300 101654 2
S 25358116 300 101650 2
S 25369115 300 101649 2
S 25380114 300 101650 2
S 25391114 300 101650 2
S 25402113 300 101647 2
S 25413112 300 101645 2
S 25424111 300 101649 2
S 25435111 300 101650 2
S 25446110 300 101652 2
S 25457109 300 101651 2
S 25468109 300 101649 2
S 25479108 300 101653 2
S 25490107 300 101653 2
S 25501107 300 101655 2
S 25512106 300 101655 2
S 25523105 300 101653 2
S 25534105 300 101652 2
S 25545104 300 101651 2
S 25556103 300 101652 2
S 25567103 300 101650 2
S 25578102 300 101652 2
S 25589101 300 101654 2
S 25600100 300 101655 2
S 25611100 300 101653 2
S 25622099 300 101655 2
S 25633098 300 101659 2
S 25644098 300 101652 2
S 25655097 300 101652 2
S 25666096 300 101655 2
S 25677096 300 101655 2
S 25688095 300 101650 2
S 25699094 300 101654 2
S 25710094 300 101654 2
S 25721093 300 101655 2
S 25732092 300 101656 2
S 25743092 300 101655 2
S 25754091 300 101657 2
S 25765090 300 101657 2
S 25776089 300 101653 2
S 25787089 300 101656 2
S 25798088 300 101654 2
S 25809087 300 101656 2
S 25820087 300 101652 2
S 25831086 300 101654 2
S 25842085 300 101659 2
S 25853085 300 101656 2
S 25864084 300 101654 2
S 25875083 300 101655 2
S 25886083 300 101655 2
S 25897082 300 101652 2
S 25908081 300 101654 2
S 25919081 300 101654 2
S 25930080 300 101660 2
S 25941079 300 101652 2
S 25952078 300 101656 2
S 25963078 300 101661 2
S 25974077 300 101655 2
S 25985076 300 101655 2
S 25996076 300 101655 2
S 26007075 300 101655 2
S 26018074 300 101659 2
S 26029074 300 101655 2
S 26040073 300 101658 2
S 26051072 300 101653 2
S 26062072 300 101655 2
S 26073071 300 101656 2
S 26084070 300 101653 2
S 26095070 300 101658 2
S 26106069 300 101657 2
S 26117068 300 101662 2
S 26128067 300 101657 2
S 26139067 300 101654 2
S 26150066 300 101659 2
S 26161065 300 101655 2
S 26172065 300 101659 2
S 26183064 300 101661 2
S 26194063 300 101663 2
S 26205063 300 101656 2
S 26216062 300 101658 2
S 26227061 300 101653 2
S 26238061 300 101654 2
S 26254060 300 101657 2
S 26265059 300 101658 2
S 26276058 300 101658 2
S 26287058 300 101651 2
S 26298057 300 101656 2
S 26309056 300 101657 2
S 26320055 300 101664 2
S 26331055 300 101654 2
S 26342054 300 101654 2
S 26353053 300 101650 2
S 26364053 300 101651 2
S 26375052 300 101655 2
S 26386051 300 101656 2
S 26397051 300 101654 2
S 26408050 300 101653 2
S 26419049 300 101656 2
S 26430049 300 101658 2
S 26441048 300 101656 2
S 26452047 300 101649 2
S 26463047 300 101652 2
S 26474046 300 101655 2
S 26485045 300 101655 2
S 26496044 300 101654 2
S 26507044 300 101652 2
S 26518043 300 101655 2
S 26529042 300 101653 2
S 26540042 300 101655 2
S 26551041 300 101658 2
S 26562040 300 101652 2
S 26573040 300 101657 2
S 26584039 300 101659 2
S 26595038 300 101656 2
S 26606038 300 101655 2
S 26617037 300 101657 2
S 26628036 300 101656 2
S 26639036 300 101653 2
S 26650035 300 101658 2
S 26661034 300 101656 2
S 26672033 300 101659 2
S 26683033 300 101658 2
S 26694032 300 101658 2
S 26705031 300 101656 2
S 26716031 300 101652 2
S 26727030 300 101656 2
S 26738029 300 101652 2
S 26749029 300 101656 2
S 26760028 300 101655 2
S 26771027 300 101655 2
S 26782027 300 101654 2
S 26793026 300 101655 2
S 26804025 300 101658 2
S 26815025 300 101655 2
S 26826024 300 101659 2
S 26837023 300 101658 2
S 26848022 300 101656 2
S 26859022 300 101655 2
S 26870021 300 101654 2
S 26881020 300 101658 2
S 26892020 300 101658 2
S 26903019 300 101656 2
S 26914018 300 101661 2
S 26925018 300 101654 2
S 26936017 300 101657 2
S 26947016 300 101658 2
S 26958016 300 101652 2
S 26969015 300 101652 2
S 26980014 300 101651 2
S 26991014 300 101655 2
S 27002014 300 101654 2
S 27013012 300 101658 2
S 27024011 300 101655 2
S 27035011 300 101652 2
S 27046010 300 101655 2
S 27057009 300 101652 2
S 27068009 300 101658 2
S 27079008 300 101659 2
S 27090007 300 101655 2
S 27101007 300 101652 2
S 27112006 300 101655 2
S 27123005 300 101659 2
S 27134005 300 101658 2
S 27145004 300 101655 2
S 27156003 300 101653 2
S 27167003 300 101653 2
S 27178002 300 101655 2
S 27189001 300 101653 2
S 27200000 300 101652 2
S 27211000 300 101652 2
S 27221999 300 101658 2
S 27232998 300 101655 2
S 27243998 300 101655 2
S 27259997 300 101658 2
S 27270996 300 101657 2
S 27281995 300 101655 2
S 27292995 300 101655 2
S 27303994 300 101656 2
S 27314993 300 101654 2
S 27325993 300 101651 2
S 27336992 300 101658 2
S 27347991 300 101657 2
S 27358991 300 101657 2
S 27369990 300 101661 2
S 27380989 300 101658 2
S 27391988 300 101660 2
S 27402988 300 101661 2
S 27413987 300 101659 2
S 27424986 300 101657 2
S 27435986 300 101656 2
S 27446985 300 101658 2
S 27457984 300 101658 2
S 27468984 300 101658 2
S 27479983 300 101658 2
S 27490982 300 101657 2
S 27501982 300 101656 2
S 27512981 300 101654 2
S 27523980 300 101655 2
S 27534980 300 101658 2
S 27545979 300 101655 2
S 27556978 300 101655 2
S 27567977 300 101655 2
S 27578977 300 101661 2
S 27589976 300 101658 2
S 27600975 300 101657 2
S 27611975 300 101657 2
S 27622974 300 101656 2
S 27633973 300 101655 2
S 27644973 300 101657 2
S 27655972 300 101658 2
S 27666971 300 101659 2
S 27677971 300 101658 2
S 27688970 300 101658 2
S 27699969 300 101658 2
S 27710969 300 101656 2
S 27721968 300 101657 2
S 27732967 300 101657 2
S 27743966 300 101652 2
S 27754966 300 101657 2
S 27765965 300 101655 2
S 27776964 300 101655 2
S 27787964 300 101656 2
S 27798963 300 101658 2
S 27809962 300 101658 2
S 27820962 300 101661 2
S 27831961 300 101658 2
S 27842960 300 101655 2
S 27853960 300 101660 2
S 27864959 300 101658 2
S 27875958 300 101657 2
S 27886958 300 101652 2
S 27897957 300 101656 2
S 27908956 300 101657 2
S 27919955 300 101658 2
S 27930955 300 101661 2
S 27941954 300 101658 2
S 27952953 300 101658 2
S 27963953 300 101659 2
S 27974952 300 101656 2
S 27985951 300 101663 2
S 27996951 300 101663 2
S 28007950 300 101664 2
S 28018949 300 101658 2
S 28029949 300 101663 2
S 28040948 300 101665 2
S 28051947 300 101661 2
S 28062947 300 101663 2
S 28073946 300 101661 2
S 28084945 300 101664 2
S 28095944 300 101661 2
S 28106944 300 101662 2
S 28117943 300 101657 2
S 28128942 300 101661 2
S 28139942 300 101657 2
S 28150941 300 101658 2
S 28161940 300 101658 2
S 28172940 300 101655 2
S 28183939 300 101659 2
S 28194938 300 101662 2
S 28205938 300 101660 2
S 28216937 300 101661 2
S 28227936 300 101657 2
S 28238936 300 101657 2
S 28249935 300 101659 2
S 28265934 300 101659 2
S 28276933 300 101659 2
S 28287932 300 101660 2
S 28298932 300 101655 2
S 28309931 300 101656 2
S 28320930 300 101655 2
S 28331930 300 101655 2
S 28342929 300 101656 2
S 28353928 300 101656 2
S 28364928 300 101661 2
S 28375927 300 101660 2
S 28386926 300 101664 2
S 28397926 300 101657 2
S 28408925 300 101654 2
S 28419924 300 101655 2
S 28430924 300 101658 2
S 28441923 300 101656 2
S 28452922 300 101661 2
S 28463921 300 101661 2
S 28474921 300 101658 2
S 28485920 300 101661 2
S 28496919 300 101661 2
S 28507919 300 101658 2
S 28518918 300 101659 2
S 28529917 300 101658 2
S 28540917 300 101656 2
S 28551916 300 101656 2
S 28562915 300 101657 2
S 28573915 300 101655 2
S 28584914 300 101655 2
S 28595913 300 101661 2
S 28606913 300 101657 2
S 28617912 300 101656 2
S 28628911 300 101656 2
S 28639910 300 101657 2
S 28650910 300 101660 2
S 28661909 300 101656 2
S 28672908 300 101658 2
S 28683908 300 101655 2
S 28694907 300 101652 2
S 28705906 300 101658 2
S 28716906 300 101663 2
S 28727905 300 101658 2
S 28738904 300 101655 2
S 28749904 300 101657 2
S 28760903 300 101656 2
S 28771902 300 101661 2
S 28782902 300 101655 2
S 28793901 300 101656 2
S 28804900 300 101654 2
S 28815899 300 101656 2
S 28826899 300 101653 2
S 28837898 300 101658 2
S 28848897 300 101656 2
S 28859897 300 101652 2
S 28870896 300 101652 2
S 28881895 300 101649 2
S 28892895 300 101646 2
S 28903894 300 101649 2
S 28914893 300 101654 2
S 28925893 300 101656 2
S 28936892 300 101655 2
S 28947891 300 101660 2
S 28958891 300 101654 2
S 28969890 300 101661 2
S 28980889 300 101655 2
S 28991888 300 101649 2
S 29002888 300 101652 2
S 29013887 300 101652 2
S 29024886 300 101651 2
S 29035886 300 101653 2
S 29046885 300 101657 2
S 29057884 300 101652 2
S 29068884 300 101653 2
S 29079883 300 101651 2
S 29090882 300 101653 2
S 29101882 300 101653 2
S 29112881 300 101648 2
S 29123880 300 101649 2
S 29134880 300 101654 2
S 29145879 300 101652 2
S 29156878 300 101652 2
S 29167877 300 101655 2
S 29178877 300 101657 2
S 29189876 300 101648 2
S 29200875 300 101649 2
S 29211875 300 101654 2
S 29222874 300 101658 2
S 29233873 300 101658 2
S 29244873 300 101655 2
S 29255872 300 101655 2
S 29271871 300 101655 2
S 29282870 300 101655 2
S 29293870 300 101654 2
S 29304869 300 101655 2
S 29315868 300 101655 2
S 29326868 300 101654 2
S 29337867 300 101651 2
S 29348866 300 101654 2
S 29359865 300 101654 2
S 29370865 300 101658 2
S 29381864 300 101655 2
S 29392863 300 101653 2
S 29403863 300 101654 2
S 29414862 300 101658 2
S 29425861 300 101654 2
S 29436861 300 101658 2
S 29447860 300 101658 2
S 29458859 300 101654 2
S 29469859 300 101657 2
S 29480858 300 101657 2
S 29491857 300 101657 2
S 29502857 300 101658 2
S 29513856 300 101657 2
S 29524855 300 101657 2
S 29535854 300 101659 2
S 29546854 300 101662 2
S 29557853 300 101652 2
S 29568852 300 101652 2
S 29579852 300 101649 2
S 29590851 300 101651 2
S 29601850 300 101656 2
S 29612850 300 101653 2
S 29623849 300 101655 2
S 29634848 300 101657 2
S 29645848 300 101657 2
S 29656847 300 101657 2
S 29667846 300 101657 2
S 29678846 300 101654 2
S 29689845 300 101655 2
S 29700844 300 101658 2
S 29711843 300 101656 2
S 29722843 300 101655 2
S 29733842 300 101656 2
S 29744841 300 101655 2
S 29755841 300 101650 2
S 29766840 300 101649 2
S 29777839 300 101652 2
S 29788839 300 101653 2
S 29799838 300 101654 2
S 29810837 300 101655 2
S 29821837 300 101652 2
S 29832836 300 101654 2
S 29843835 300 101658 2
S 29854835 300 101655 2
S 29865834 300 101649 2
S 29876833 300 101652 2
S 29887832 300 101646 2
S 29898832 300 101652 2
S 29909831 300 101652 2
S 29920830 300 101645 2
S 29931830 300 101655 2
S 29942829 300 101654 2
S 29953828 300 101651 2
S 29964828 300 101654 2
S 29975827 300 101651 2
S 29986826 300 101652 2
S 29997826 300 101657 2
S 30008825 300 101655 2
S 30019824 300 101655 2
S 30030824 300 101654 2
S 30041823 300 101654 2
S 30052822 300 101657 2
S 30063821 300 101643 2
S 30074821 300 101652 2
S 30085820 300 101655 2
S 30096819 300 101648 2
S 30107819 300 101653 2
S 30118818 300 101658 2
S 30129817 300 101655 2
S 30140817 300 101653 2
S 30151816 300 101654 2
S 30162815 300 101652 2
S 30173815 300 101649 2
S 30184814 300 101654 2
S 30195813 300 101655 2
S 30206813 300 101652 2
S 30217812 300 101655 2
S 30228811 300 101656 2
S 30239810 300 101652 2
S 30250810 300 101657 2
S 30261809 300 101657 2
S 30277808 300 101658 2
S 30288807 300 101658 2
S 30299807 300 101661 2
S 30310806 300 101654 2
S 30321805 300 101652 2
S 30332805 300 101654 2
S 30343804 300 101650 2
S 30354803 300 101653 2
S 30365803 300 101650 2
S 30376802 300 101654 2
S 30387801 300 101655 2
S 30398801 300 101652 2
S 30409800 300 101655 2
S 30420799 300 101652 2
S 30431798 300 101655 2
S 30442798 300 101653 2
S 30453797 300 101652 2
S 30464796 300 101652 2
S 30475796 300 101656 2
S 30486795 300 101649 2
S 30497794 300 101655 2
S 30508794 300 101654 2
S 30519793 300 101655 2
S 30530792 300 101649 2
S 30541792 300 101652 2
S 30552791 300 101651 2
S 30563790 300 101655 2
S 30574790 300 101655 2
S 30585789 300 101650 2
S 30596788 300 101656 2
S 30607787 300 101655 2
S 30618787 300 101653 2
S 30629786 300 101655 2
S 30640785 300 101653 2
S 30651785 300 101657 2
S 30662784 300 101655 2
S 30673783 300 101654 2
S 30684783 300 101652 2
S 30695782 300 101657 2
S 30706781 300 101649 2
S 30717781 300 101652 2
S 30728780 300 101651 2
S 30739779 300 101655 2
S 30750779 300 101647 2
S 30761778 300 101650 2
S 30772777 300 101648 2
S 30783776 300 101649 2
S 30794776 300 101652 2
S 30805775 300 101652 2
S 30816774 300 101653 2
S 30827774 300 101658 2
S 30838773 300 101650 2
S 30849772 300 101646 2
S 30860772 300 101657 2
S 30871771 300 101655 2
S 30882770 300 101652 2
S 30893770 300 101649 2
S 30904769 300 101652 2
S 30915768 300 101656 2
S 30926768 300 101657 2
S 30937767 300 101657 2
S 30948766 300 101654 2
S 30959765 300 101653 2
S 30970765 300 101653 2
S 30981764 300 101649 2
S 30992763 300 101655 2
S 31003763 300 101654 2
S 31014762 300 101657 2
S 31025761 300 101657 2
S 31036761 300 101658 2
S 31047760 300 101655 2
S 31058759 300 101654 2
S 31069759 300 101659 2
S 31080758 300 101657 2
S 31091757 300 101662 2
S 31102757 300 101659 2
S 31113756 300 101656 2
S 31124755 300 101655 2
S 31135754 300 101658 2
S 31146754 300 101661 2
S 31157753 300 101655 2
S 31168752 300 101655 2
S 31179752 300 101658 2
S 31190751 300 101658 2
S 31201750 300 101657 2
S 31212750 300 101654 2
S 31223749 300 101659 2
S 31234748 300 101660 2
S 31245748 300 101658 2
S 31256747 300 101651 2
S 31267746 300 101650 2
S 31283745 300 101661 2
S 31294745 300 101649 2
S 31305744 300 101656 2
S 31316743 300 101661 2
S 31327742 300 101660 2
S 31338742 300 101657 2
S 31349741 300 101654 2
S 31360740 300 101655 2
S 31371740 300 101658 2
S 31382739 300 101655 2
S 31393738 300 101656 2
S 31404738 300 101654 2
S 31415737 300 101654 2
S 31426736 300 101651 2
S 31437736 300 101652 2
S 31448735 300 101650 2
S 31459734 300 101651 2
S 31470734 300 101650 2
S 31481733 300 101650 2
S 31492732 300 101651 2
S 31503731 300 101652 2
S 31514731 300 101649 2
S 31525730 300 101655 2
S 31536729 300 101658 2
S 31547729 300 101660 2
S 31558728 300 101656 2
S 31569727 300 101650 2
S 31580727 300 101653 2
S 31591726 300 101651 2
S 31602725 300 101653 2
S 31613725 300 101657 2
S 31624724 300 101653 2
S 31635723 300 101650 2
S 31646723 300 101653 2
S 31657722 300 101654 2
S 31668721 300 101654 2
S 31679720 300 101654 2
S 31690720 300 101655 2
S 31701719 300 101650 2
S 31712718 300 101650 2
S 31723718 300 101655 2
S 31734717 300 101641 2
S 31745716 300 101653 2
S 31756716 300 101653 2
S 31767715 300 101652 2
S 31778714 300 101655 2
S 31789714 300 101661 2
S 31800713 300 101657 2
S 31811712 300 101656 2
S 31822712 300 101659 2
S 31833711 300 101656 2
S 31844710 300 101652 2
S 31855709 300 101654 2
S 31866709 300 101655 2
S 31877708 300 101655 2
S 31888707 300 101660 2
S 31899707 300 101658 2
S 31910706 300 101661 2
S 31921705 300 101660 2
S 31932705 300 101659 2
S 31943704 300 101660 2
S 31954703 300 101656 2
S 31965703 300 101652 2
S 31976702 300 101658 2
S 31987701 300 101654 2
S 31998701 300 101661 2
S 32009700 300 101652 2
S 32020699 300 101658 2
S 32031698 300 101659 2
S 32042698 300 101653 2
S 32053697 300 101652 2
S 32064696 300 101660 2
S 32075696 300 101661 2
S 32086695 300 101658 2
S 32097694 300 101651 2
S 32108694 300 101648 2
S 32119693 300 101655 2
S 32130692 300 101652 2
S 32141692 300 101651 2
S 32152691 300 101649 2
S 32163690 300 101652 2
S 32174690 300 101653 2
S 32185689 300 101652 2
S 32196688 300 101652 2
S 32207687 300 101654 2
S 32218687 300 101652 2
S 32229686 300 101650 2
S 32240685 300 101650 2
S 32251685 300 101649 2
S 32262684 300 101652 2
S 32273683 300 101652 2
S 32289682 300 101666 2
S 32300682 300 101664 2
S 32311681 300 101661 2
S 32322680 300 101662 2
S 32333680 300 101661 2
S 32344679 300 101658 2
S 32355678 300 101660 2
S 32366678 300 101661 2
S 32377677 300 101661 2
S 32388676 300 101661 2
S 32399675 300 101660 2
S 32410675 300 101663 2
S 32421674 300 101662 2
S 32432673 300 101655 2
S 32443673 300 101662 2
S 32454672 300 101662 2
S 32465671 300 101661 2
S 32476671 300 101661 2
S 32487670 300 101661 2
S 32498669 300 101658 2
S 32509669 300 101661 2
S 32520668 300 101658 2
S 32531667 300 101655 2
S 32542667 300 101655 2
S 32553666 300 101654 2
S 32564665 300 101661 2
S 32575664 300 101660 2
S 32586664 300 101659 2
S 32597663 300 101657 2
S 32608662 300 101659 2
S 32619662 300 101657 2
S 32630661 300 101657 2
S 32641660 300 101658 2
S 32652660 300 101658 2
S 32663659 300 101659 2
S 32674658 300 101659 2
S 32685658 300 101661 2
S 32696657 300 101663 2
S 32707656 300 101658 2
S 32718656 300 101661 2
S 32729655 300 101664 2
S 32740654 300 101667 2
S 32751653 300 101664 2
S 32762653 300 101658 2
S 32773652 300 101663 2
S 32784651 300 101661 2
S 32795651 300 101662 2
S 32806650 300 101659 2
S 32817649 300 101657 2
S 32828649 300 101659 2
S 32839648 300 101663 2
S 32850647 300 101660 2
S 32861647 300 101664 2
S 32872646 300 101660 2
S 32883645 300 101662 2
S 32894645 300 101653 2
S 32905644 300 101659 2
S 32916643 300 101659 2
S 32927642 300 101654 2
S 32938642 300 101655 2
S 32949641 300 101656 2
S 32960640 300 101652 2
S 32971640 300 101653 2
S 32982639 300 101661 2
S 32993638 300 101656 2
S 33004638 300 101655 2
S 33015637 300 101657 2
S 33026636 300 101661 2
S 33037636 300 101660 2
S 33048635 300 101659 2
S 33059634 300 101661 2
S 33070634 300 101662 2
S 33081633 300 101661 2
S 33092632 300 101660 2
S 33103631 300 101659 2
S 33114631 300 101655 2
S 33125630 300 101661 2
S 33136629 300 101658 2
S 33147629 300 101661 2
S 33158628 300 101661 2
S 33169627 300 101659 2
S 33180627 300 101657 2
S 33191626 300 101660 2
S 33202625 300 101662 2
S 33213625 300 101661 2
S 33224624 300 101659 2
S 33235623 300 101660 2
S 33246623 300 101661 2
S 33257622 300 101655 2
S 33268621 300 101660 2
S 33279620 300 101658 2
S 33295619 300 101658 2
S 33306619 300 101658 2
S 33317618 300 101662 2
S 33328617 300 101661 2
S 33339617 300 101661 2
S 33350616 300 101661 2
S 33361615 300 101664 2
S 33372615 300 101664 2
S 33383614 300 101658 2
S 33394613 300 101659 2
S 33405613 300 101663 2
S 33416612 300 101661 2
S 33427611 300 101659 2
S 33438611 300 101663 2
S 33449610 300 101661 2
S 33460609 300 101664 2
S 33471608 300 101661 2
S 33482608 300 101658 2
S 33493607 300 101658 2
S 33504606 300 101656 2
S 33515606 300 101661 2
S 33526605 300 101652 2
S 33537604 300 101651 2
S 33548604 300 101654 2
S 33559603 300 101658 2
S 33570602 300 101653 2
S 33581602 300 101657 2
S 33592601 300 101655 2
S 33603600 300 101657 2
S 33614600 300 101661 2
S 33625599 300 101651 2
S 33636598 300 101658 2
S 33647597 300 101662 2
S 33658597 300 101661 2
S 33669596 300 101658 2
S 33680595 300 101655 2
S 33691595 300 101656 2
S 33702594 300 101658 2
S 33713593 300 101659 2
S 33724593 300 101658 2
S 33735592 300 101653 2
S 33746591 300 101656 2
S 33757591 300 101658 2
S 33768590 300 101660 2
S 33779589 300 101652 2
S 33790589 300 101657 2
S 33801588 300 101655 2
S 33812587 300 101659 2
S 33823586 300 101667 2
S 33834586 300 101662 2
S 33845585 300 101657 2
S 33856584 300 101657 2
S 33867584 300 101661 2
S 33878583 300 101658 2
S 33889582 300 101659 2
S 33900582 300 101658 2
S 33911581 300 101655 2
S 33922580 300 101655 2
S 33933580 300 101655 2
S 33944579 300 101658 2
S 33955578 300 101655 2
S 33966578 300 101655 2
S 33977577 300 101656 2
S 33988576 300 101657 2
S 33999575 300 101659 2
S 34010575 300 101664 2
S 34021574 300 101661 2
S 34032573 300 101659 2
S 34043573 300 101659 2
S 34054572 300 101659 2
S 34065571 300 101658 2
S 34076571 300 101661 2
S 34087570 300 101664 2
S 34098569 300 101664 2
S 34109569 300 101663 2
S 34120568 300 101658 2
S 34131567 300 101661 2
S 34142567 300 101662 2
S 34153566 300 101662 2
S 34164565 300 101660 2
S 34175564 300 101662 2
S 34186564 300 101659 2
S 34197563 300 101661 2
S 34208562 300 101661 2
S 34219562 300 101659 2
S 34230561 300 101655 2
S 34241560 300 101659 2
S 34252560 300 101665 2
S 34263559 300 101660 2
S 34274558 300 101662 2
S 34285558 300 101661 2
S 34301557 300 101657 2
S 34312556 300 101655 2
S 34323555 300 101659 2
S 34334555 300 101649 2
S 34345554 300 101652 2
S 34356553 300 101656 2
S 34367552 300 101650 2
S 34378552 300 101658 2
S 34389551 300 101652 2
S 34400550 300 101658 2
S 34411550 300 101661 2
S 34422549 300 101659 2
S 34433548 300 101661 2
S 34444548 300 101657 2
S 34455547 300 101655 2
S 34466546 300 101662 2
S 34477546 300 101656 2
S 34488545 300 101657 2
S 34499544 300 101654 2
S 34510544 300 101657 2
S 34521543 300 101654 2
S 34532542 300 101653 2
S 34543541 300 101653 2
S 34554541 300 101655 2
S 34565540 300 101658 2
S 34576539 300 101655 2
S 34587539 300 101655 2
S 34598538 300 101658 2
S 34609537 300 101653 2
S 34620537 300 101655 2
S 34631536 300 101656 2
S 34642535 300 101656 2
S 34653535 300 101657 2
S 34664534 300 101658 2
S 34675533 300 101655 2
S 34686533 300 101655 2
S 34697532 300 101652 2
S 34708531 300 101658 2
S 34719530 300 101659 2
S 34730530 300 101655 2
S 34741529 300 101658 2
S 34752528 300 101662 2
S 34763528 300 101655 2
S 34774527 300 101655 2
S 34785526 300 101655 2
S 34796526 300 101655 2
S 34807525 300 101661 2
S 34818524 300 101654 2
S 34829524 300 101655 2
S 34840523 300 101661 2
S 34851522 300 101651 2
S 34862522 300 101651 2
S 34873521 300 101649 2
S 34884520 300 101656 2
S 34895519 300 101660 2
S 34906519 300 101655 2
S 34917518 300 101661 2
S 34928517 300 101658 2
S 34939517 300 101659 2
S 34950516 300 101658 2
S 34961515 300 101659 2
S 34972515 300 101660 2
S 34983514 300 101659 2
S 34994513 300 101655 2
S 35005513 300 101658 2
S 35016512 300 101657 2
S 35027511 300 101657 2
S 35038511 300 101655 2
S 35049510 300 101663 2
S 35060509 300 101664 2
S 35071508 300 101663 2
S 35082508 300 101661 2
S 35093507 300 101657 2
S 35104506 300 101654 2
S 35115506 300 101656 2
S 35126505 300 101654 2
S 35137504 300 101656 2
S 35148504 300 101658 2
S 35159503 300 101655 2
S 35170502 300 101657 2
S 35181502 300 101656 2
S 35192501 300 101658 2
S 35203500 300 101662 2
S 35214500 300 101660 2
S 35225499 300 101658 2
S 35236498 300 101658 2
S 35247497 300 101657 2
S 35258497 300 101658 2
S 35269496 300 101654 2
S 35280495 300 101655 2
S 35291495 300 101655 2
S 35307494 300 101658 2
S 35318493 300 101658 2
S 35329492 300 101652 2
S 35340492 300 101649 2
S 35351491 300 101655 2
S 35362490 300 101655 2
S 35373490 300 101654 2
S 35384489 300 101653 2
S 35395488 300 101655 2
S 35406488 300 101657 2
S 35417487 300 101655 2
S 35428486 300 101650 2
S 35439485 300 101654 2
S 35450485 300 101646 2
S 35461484 300 101659 2
S 35472483 300 101652 2
S 35483483 300 101654 2
S 35494482 300 101653 2
S 35505481 300 101655 2
S 35516481 300 101654 2
S 35527480 300 101652 2
S 35538479 300 101650 2
S 35549479 300 101650 2
S 35560478 300 101657 2
S 35571477 300 101649 2
S 35582477 300 101648 2
S 35593476 300 101648 2
S 35604475 300 101650 2
S 35615474 300 101652 2
S 35626474 300 101654 2
S 35637473 300 101655 2
S 35648472 300 101659 2
S 35659472 300 101651 2
S 35670471 300 101655 2
S 35681470 300 101661 2
S 35692470 300 101656 2
S 35703469 300 101662 2
S 35714468 300 101659 2
S 35725468 300 101658 2
S 35736467 300 101656 2
S 35747466 300 101658 2
S 35758466 300 101662 2
S 35769465 300 101655 2
S 35780464 300 101659 2
S 35791463 300 101655 2
S 35802463 300 101658 2
S 35813462 300 101657 2
S 35824461 300 101658 2
S 35835461 300 101661 2
S 35846460 300 101660 2
S 35857459 300 101659 2
S 35868459 300 101660 2
S 35879458 300 101658 2
S 35890457 300 101653 2
S 35901457 300 101652 2
S 35912456 300 101662 2
S 35923455 300 101655 2
S 35934455 300 101655 2
S 35945454 300 101659 2
S 35956453 300 101656 2
S 35967452 300 101656 2
S 35978452 300 101660 2
S 35989451 300 101658 2
S 36000451 300 101654 2
S 36011450 300 101656 2
S 36022449 300 101658 2
S 36033448 300 101655 2
S 36044448 300 101655 2
S 36055447 300 101654 2
S 36066446 300 101655 2
S 36077446 300 101655 2
S 36088445 300 101656 2
S 36099444 300 101658 2
S 36110444 300 101657 2
S 36121443 300 101658 2
S 36132442 300 101663 2
S 36143441 300 101664 2
S 36154441 300 101663 2
S 36165440 300 101661 2
S 36176439 300 101660 2
S 36187439 300 101658 2
S 36198438 300 101660 2
S 36209437 300 101661 2
S 36220437 300 101659 2
S 36231436 300 101663 2
S 36242435 300 101661 2
S 36253435 300 101660 2
S 36264434 300 101658 2
S 36275433 300 101660 2
S 36286433 300 101657 2
S 36297432 300 101660 2
S 36313431 300 101657 2
S 36324430 300 101652 2
S 36335429 300 101653 2
S 36346429 300 101652 2
S 36357428 300 101656 2
S 36368427 300 101648 2
S 36379427 300 101649 2
S 36390426 300 101652 2
S 36401425 300 101653 2
S 36412425 300 101646 2
S 36423424 300 101655 2
S 36434423 300 101653 2
S 36445423 300 101652 2
S 36456422 300 101653 2
S 36467421 300 101652 2
S 36478421 300 101651 2
S 36489420 300 101651 2
S 36500419 300 101655 2
S 36511418 300 101648 2
S 36522418 300 101650 2
S 36533417 300 101648 2
S 36544416 300 101649 2
S 36555416 300 101653 2
S 36566415 300 101646 2
S 36577414 300 101646 2
S 36588414 300 101652 2
S 36599413 300 101645 2
S 36610412 300 101649 2
S 36621412 300 101646 2
S 36632411 300 101652 2
S 36643410 300 101649 2
S 36654410 300 101641 2
S 36665409 300 101645 2
S 36676408 300 101644 2
S 36687407 300 101645 2
S 36698407 300 101647 2
S 36709406 300 101647 2
S 36720405 300 101649 2
S 36731405 300 101647 2
S 36742404 300 101653 2
S 36753403 300 101649 2
S 36764403 300 101646 2
S 36775402 300 101649 2
S 36786401 300 101647 2
S 36797401 300 101650 2
S 36808400 300 101649 2
S 36819399 300 101646 2
S 36830399 300 101649 2
S 36841398 300 101643 2
S 36852397 300 101649 2
S 36863396 300 101644 2
S 36874396 300 101652 2
S 36885395 300 101652 2
S 36896394 300 101651 2
S 36907394 300 101651 2
S 36918393 300 101652 2
S 36929392 300 101651 2
S 36940392 300 101646 2
S 36951391 300 101651 2
S 36962390 300 101649 2
S 36973390 300 101649 2
S 36984389 300 101649 2
S 36995388 300 101652 2
S 37006388 300 101651 2
S 37017387 300 101652 2
S 37028386 300 101651 2
S 37039385 300 101649 2
S 37050385 300 101648 2
S 37061384 300 101647 2
S 37072383 300 101652 2
S 37083383 300 101653 2
S 37094382 300 101651 2
S 37105381 300 101649 2
S 37116381 300 101651 2
S 37127380 300 101652 2
S 37138379 300 101650 2
S 37149379 300 101648 2
S 37160378 300 101650 2
S 37171377 300 101647 2
S 37182377 300 101650 2
S 37193376 300 101643 2
S 37204375 300 101655 2
S 37215374 300 101653 2
S 37226374 300 101652 2
S 37237373 300 101653 2
S 37248372 300 101651 2
S 37259372 300 101654 2
S 37270371 300 101652 2
S 37281370 300 101650 2
S 37292370 300 101646 2
S 37303369 300 101652 2
S 37319368 300 101648 2
S 37330367 300 101652 2
S 37341367 300 101651 2
S 37352366 300 101646 2
S 37363365 300 101652 2
S 37374365 300 101652 2
S 37385364 300 101649 2
S 37396363 300 101651 2
S 37407362 300 101649 2
S 37418362 300 101650 2
S 37429361 300 101651 2
S 37440360 300 101652 2
S 37451360 300 101652 2
S 37462359 300 101657 2
S 37473358 300 101656 2
S 37484358 300 101643 2
S 37495357 300 101649 2
S 37506356 300 101652 2
S 37517356 300 101649 2
S 37528355 300 101647 2
S 37539354 300 101651 2
S 37550354 300 101652 2
S 37561353 300 101653 2
S 37572352 300 101653 2
S 37583351 300 101651 2
S 37594351 300 101651 2
S 37605350 300 101652 2
S 37616349 300 101651 2
S 37627349 300 101653 2
S 37638348 300 101647 2
S 37649347 300 101649 2
S 37660347 300 101651 2
S 37671346 300 101650 2
S 37682345 300 101653 2
S 37693345 300 101655 2
S 37704344 300 101651 2
S 37715343 300 101652 2
S 37726343 300 101653 2
S 37737342 300 101654 2
S 37748341 300 101654 2
S 37759340 300 101654 2
S 37770340 300 101655 2
S 37781339 300 101656 2
S 37792338 300 101652 2
S 37803338 300 101652 2
S 37814337 300 101653 2
S 37825336 300 101652 2
S 37836336 300 101654 2
S 37847335 300 101651 2
S 37858334 300 101655 2
S 37869334 300 101649 2
S 37880333 300 101653 2
S 37891332 300 101650 2
S 37902332 300 101652 2
S 37913331 300 101654 2
S 37924330 300 101652 2
S 37935329 300 101652 2
S 37946329 300 101658 2
S 37957328 300 101657 2
S 37968327 300 101653 2
S 37979327 300 101657 2
S 37990326 300 101655 2
S 38001326 300 101658 2
S 38012325 300 101660 2
S 38023324 300 101651 2
S 38034323 300 101656 2
S 38045323 300 101654 2
S 38056322 300 101656 2
S 38067321 300 101659 2
S 38078321 300 101655 2
S 38089320 300 101658 2
S 38100319 300 101660 2
S 38111318 300 101656 2
S 38122318 300 101658 2
S 38133317 300 101655 2
S 38144316 300 101658 2
S 38155316 300 101661 2
S 38166315 300 101661 2
S 38177314 300 101657 2
S 38188314 300 101655 2
S 38199313 300 101649 2
S 38210312 300 101658 2
S 38221312 300 101662 2
S 38232311 300 101659 2
S 38243310 300 101658 2
S 38254310 300 101658 2
S 38265309 300 101659 2
S 38276308 300 101658 2
S 38287307 300 101655 2
S 38298307 300 101657 2
S 38309306 300 101656 2
S 38325305 300 101661 2
S 38336304 300 101664 2
S 38347304 300 101658 2
S 38358303 300 101661 2
S 38369302 300 101660 2
S 38380302 300 101663 2
S 38391301 300 101658 2
S 38402300 300 101656 2
S 38413300 300 101657 2
S 38424299 300 101655 2
S 38435298 300 101658 2
S 38446298 300 101658 2
S 38457297 300 101663 2
S 38468296 300 101655 2
S 38479295 300 101656 2
S 38490295 300 101657 2
S 38501294 300 101651 2
S 38512293 300 101658 2
S 38523293 300 101659 2
S 38534292 300 101660 2
S 38545291 300 101658 2
S 38556291 300 101658 2
S 38567290 300 101658 2
S 38578289 300 101660 2
S 38589289 300 101657 2
S 38600288 300 101656 2
S 38611287 300 101658 2
S 38622287 300 101664 2
S 38633286 300 101660 2
S 38644285 300 101659 2
S 38655284 300 101663 2
S 38666284 300 101658 2
S 38677283 300 101662 2
S 38688282 300 101663 2
S 38699282 300 101658 2
S 38710281 300 101656 2
S 38721280 300 101660 2
S 38732280 300 101656 2
S 38743279 300 101657 2
S 38754278 300 101658 2
S 38765278 300 101661 2
S 38776277 300 101658 2
S 38787276 300 101657 2
S 38798276 300 101661 2
S 38809275 300 101655 2
S 38820274 300 101660 2
S 38831273 300 101657 2
S 38842273 300 101661 2
S 38853272 300 101661 2
S 38864271 300 101655 2
S 38875271 300 101656 2
S 38886270 300 101658 2
S 38897269 300 101661 2
S 38908269 300 101655 2
S 38919268 300 101656 2
S 38930267 300 101662 2
S 38941267 300 101655 2
S 38952266 300 101655 2
S 38963265 300 101654 2
S 38974265 300 101658 2
S 38985264 300 101660 2
S 38996263 300 101655 2
S 39007262 300 101660 2
S 39018262 300 101658 2
S 39029261 300 101660 2
S 39040260 300 101658 2
S 39051260 300 101658 2
S 39062259 300 101661 2
S 39073258 300 101656 2
S 39084258 300 101658 2
S 39095257 300 101666 2
S 39106256 300 101667 2
S 39117256 300 101661 2
S 39128255 300 101662 2
S 39139254 300 101658 2
S 39150254 300 101661 2
S 39161253 300 101666 2
S 39172252 300 101660 2
S 39183251 300 101656 2
S 39194251 300 101662 2
S 39205250 300 101665 2
S 39216249 300 101663 2
S 39227249 300 101661 2
S 39238248 300 101658 2
S 39249247 300 101661 2
S 39260247 300 101661 2
S 39271246 300 101663 2
S 39282245 300 101663 2
S 39293245 300 101666 2
S 39304244 300 101663 2
S 39315243 300 101658 2
S 39331242 300 101663 2
S 39342242 300 101663 2
S 39353241 300 101662 2
S 39364240 300 101658 2
S 39375239 300 101658 2
S 39386239 300 101662 2
S 39397238 300 101661 2
S 39408237 300 101659 2
S 39419237 300 101661 2
S 39430236 300 101663 2
S 39441235 300 101665 2
S 39452235 300 101667 2
S 39463234 300 101665 2
S 39474233 300 101663 2
S 39485233 300 101663 2
S 39496232 300 101660 2
S 39507231 300 101661 2
S 39518231 300 101658 2
S 39529230 300 101659 2
S 39540229 300 101660 2
S 39551228 300 101661 2
S 39562228 300 101661 2
S 39573227 300 101658 2
S 39584226 300 101659 2
S 39595226 300 101658 2
S 39606225 300 101659 2
S 39617224 300 101658 2
S 39628224 300 101661 2
S 39639223 300 101660 2
S 39650222 300 101660 2
S 39661222 300 101658 2
S 39672221 300 101662 2
S 39683220 300 101661 2
S 39694220 300 101661 2
S 39705219 300 101660 2
S 39716218 300 101662 2
S 39727217 300 101663 2
S 39738217 300 101665 2
S 39749216 300 101665 2
S 39760215 300 101660 2
S 39771215 300 101662 2
S 39782214 300 101661 2
S 39793213 300 101659 2
S 39804213 300 101666 2
S 39815212 300 101660 2
S 39826211 300 101658 2
S 39837211 300 101663 2
S 39848210 300 101658 2
S 39859209 300 101666 2
S 39870209 300 101665 2
S 39881208 300 101662 2
S 39892207 300 101658 2
S 39903206 300 101661 2
S 39914206 300 101661 2
S 39925205 300 101664 2
S 39936204 300 101661 2
S 39947204 300 101663 2
S 39958203 300 101658 2
S 39969202 300 101661 2
S 39980202 300 101658 2
S 39991201 300 101659 2
S 40002201 300 101662 2
S 40013200 300 101661 2
S 40024199 300 101661 2
S 40035198 300 101663 2
S 40046198 300 101657 2
S 40057197 300 101656 2
S 40068196 300 101660 2
S 40079195 300 101660 2
S 40090195 300 101663 2
S 40101194 300 101660 2
S 40112193 300 101655 2
S 40123193 300 101658 2
S 40134192 300 101658 2
S 40145191 300 101663 2
S 40156191 300 101660 2
S 40167190 300 101657 2
S 40178189 300 101658 2
S 40189189 300 101658 2
S 40200188 300 101658 2
S 40211187 300 101664 2
S 40222187 300 101661 2
S 40233186 300 101661 2
S 40244185 300 101660 2
S 40255184 300 101665 2
S 40266184 300 101661 2
S 40277183 300 101664 2
S 40288182 300 101662 2
S 40299182 300 101660 2
S 40310181 300 101662 2
S 40321180 300 101663 2
S 40337179 300 101666 2
S 40348179 300 101665 2
S 40359178 300 101664 2
S 40370177 300 101660 2
S 40381177 300 101658 2
S 40392176 300 101660 2
S 40403175 300 101658 2
S 40414175 300 101659 2
S 40425174 300 101662 2
S 40436173 300 101658 2
S 40447172 300 101661 2
S 40458172 300 101664 2
S 40469171 300 101664 2
S 40480170 300 101658 2
S 40491170 300 101656 2
S 40502169 300 101656 2
S 40513168 300 101663 2
S 40524168 300 101660 2
S 40535167 300 101660 2
S 40546166 300 101660 2
S 40557166 300 101658 2
S 40568165 300 101659 2
S 40579164 300 101652 2
S 40590164 300 101660 2
S 40601163 300 101658 2
S 40612162 300 101663 2
S 40623161 300 101663 2
S 40634161 300 101660 2
S 40645160 300 101659 2
S 40656159 300 101660 2
S 40667159 300 101658 2
S 40678158 300 101657 2
S 40689157 300 101661 2
S 40700157 300 101661 2
S 40711156 300 101657 2
S 40722155 300 101662 2
S 40733155 300 101657 2
S 40744154 300 101659 2
S 40755153 300 101658 2
S 40766153 300 101657 2
S 40777152 300 101657 2
S 40788151 300 101660 2
S 40799150 300 101662 2
S 40810150 300 101660 2
S 40821149 300 101661 2
S 40832148 300 101659 2
S 40843148 300 101657 2
S 40854147 300 101656 2
S 40865146 300 101657 2
S 40876146 300 101657 2
S 40887145 300 101655 2
S 40898144 300 101660 2
S 40909144 300 101658 2
S 40920143 300 101661 2
S 40931142 300 101661 2
S 40942142 300 101660 2
S 40953141 300 101657 2
S 40964140 300 101661 2
S 40975139 300 101663 2
S 40986139 300 101661 2
S 40997138 300 101661 2
S 41008137 300 101660 2
S 41019137 300 101654 2
S 41030136 300 101657 2
S 41041135 300 101658 2
S 41052135 300 101663 2
S 41063134 300 101660 2
S 41074133 300 101662 2
S 41085133 300 101657 2
S 41096132 300 101651 2
S 41107131 300 101655 2
S 41118131 300 101658 2
S 41129130 300 101655 2
S 41140129 300 101654 2
S 41151128 300 101658 2
S 41162128 300 101653 2
S 41173127 300 101655 2
S 41184126 300 101652 2
S 41195126 300 101658 2
S 41206125 300 101658 2
S 41217124 300 101653 2
S 41228124 300 101655 2
S 41239123 300 101655 2
S 41250122 300 101652 2
S 41261122 300 101654 2
S 41272121 300 101652 2
S 41283120 300 101649 2
S 41294120 300 101655 2
S 41305119 300 101662 2
S 41316118 300 101657 2
S 41327117 300 101658 2
S 41343116 300 101660 2
S 41354116 300 101660 2
S 41365115 300 101660 2
S 41376114 300 101656 2
S 41387114 300 101656 2
S 41398113 300 101663 2
S 41409112 300 101658 2
S 41420112 300 101659 2
S 41431111 300 101656 2
S 41442110 300 101658 2
S 41453110 300 101658 2
S 41464109 300 101658 2
S 41475108 300 101661 2
S 41486108 300 101660 2
S 41497107 300 101663 2
S 41508106 300 101664 2
S 41519105 300 101666 2
S 41530105 300 101664 2
S 41541104 300 101661 2
S 41552103 300 101661 2
S 41563103 300 101665 2
S 41574102 300 101661 2
S 41585101 300 101667 2
S 41596101 300 101661 2
S 41607100 300 101656 2
S 41618099 300 101663 2
S 41629099 300 101662 2
S 41640098 300 101661 2
S 41651097 300 101660 2
S 41662097 300 101663 2
S 41673096 300 101663 2
S 41684095 300 101666 2
S 41695094 300 101664 2
S 41706094 300 101666 2
S 41717093 300 101669 2
S 41728092 300 101660 2
S 41739092 300 101666 2
S 41750091 300 101664 2
S 41761090 300 101665 2
S 41772090 300 101665 2
S 41783089 300 101658 2
S 41794088 300 101667 2
S 41805088 300 101665 2
S 41816087 300 101661 2
S 41827086 300 101662 2
S 41838086 300 101660 2
S 41849085 300 101660 2
S 41860084 300 101658 2
S 41871083 300 101657 2
S 41882083 300 101662 2
S 41893082 300 101663 2
S 41904081 300 101656 2
S 41915081 300 101663 2
S 41926080 300 101652 2
S 41937079 300 101655 2
S 41948079 300 101651 2
S 41959078 300 101654 2
S 41970077 300 101655 2
S 41981077 300 101659 2
S 41992076 300 101667 2
S 42003075 300 101665 2
S 42014075 300 101663 2
S 42025074 300 101661 2
S 42036073 300 101662 2
S 42047072 300 101667 2
S 42058072 300 101663 2
S 42069071 300 101663 2
S 42080070 300 101662 2
S 42091070 300 101662 2
S 42102069 300 101666 2
S 42113068 300 101657 2
S 42124068 300 101658 2
S 42135067 300 101657 2
S 42146066 300 101661 2
S 42157066 300 101656 2
S 42168065 300 101658 2
S 42179064 300 101657 2
S 42190064 300 101657 2
S 42201063 300 101662 2
S 42212062 300 101660 2
S 42223061 300 101660 2
S 42234061 300 101662 2
S 42245060 300 101657 2
S 42256059 300 101663 2
S 42267059 300 101659 2
S 42278058 300 101658 2
S 42289057 300 101658 2
S 42300057 300 101657 2
S 42311056 300 101665 2
S 42322055 300 101660 2
S 42333055 300 101655 2
S 42349054 300 101667 2
S 42360053 300 101662 2
S 42371052 300 101660 2
S 42382052 300 101660 2
S 42393051 300 101658 2
S 42404050 300 101660 2
S 42415049 300 101662 2
S 42426049 300 101666 2
S 42437048 300 101663 2
S 42448047 300 101663 2
S 42459047 300 101656 2
S 42470046 300 101665 2
S 42481045 300 101661 2
S 42492045 300 101666 2
S 42503044 300 101662 2
S 42514043 300 101656 2
S 42525043 300 101657 2
S 42536042 300 101660 2
S 42547041 300 101659 2
S 42558041 300 101661 2
S 42569040 300 101664 2
S 42580039 300 101663 2
S 42591038 300 101661 2
S 42602038 300 101660 2
S 42613037 300 101661 2
S 42624036 300 101660 2
S 42635036 300 101660 2
S 42646035 300 101657 2
S 42657034 300 101659 2
S 42668034 300 101664 2
S 42679033 300 101663 2
S 42690032 300 101659 2
S 42701032 300 101662 2
S 42712031 300 101666 2
S 42723030 300 101666 2
S 42734030 300 101666 2
S 42745029 300 101669 2
S 42756028 300 101664 2
S 42767027 300 101660 2
S 42778027 300 101659 2
S 42789026 300 101663 2
S 42800025 300 101663 2
S 42811025 300 101657 2
S 42822024 300 101662 2
S 42833023 300 101664 2
S 42844023 300 101658 2
S 42855022 300 101662 2
S 42866021 300 101663 2
S 42877021 300 101660 2
S 42888020 300 101660 2
S 42899019 300 101661 2
S 42910019 300 101657 2
S 42921018 300 101655 2
S 42932017 300 101658 2
S 42943016 300 101659 2
S 42954016 300 101660 2
S 42965015 300 101662 2
S 42976014 300 101660 2
S 42987014 300 101662 2
S 42998013 300 101659 2
S 43009012 300 101657 2
S 43020012 300 101655 2
S 43031011 300 101661 2
S 43042010 300 101660 2
S 43053010 300 101660 2
S 43064009 300 101656 2
S 43075008 300 101660 2
S 43086008 300 101664 2
S 43097007 300 101657 2
S 43108006 300 101663 2
S 43119005 300 101660 2
S 43130005 300 101660 2
S 43141004 300 101658 2
S 43152003 300 101660 2
S 43163003 300 101663 2
S 43174002 300 101659 2
S 43185001 300 101659 2
S 43196001 300 101661 2
S 43207000 300 101659 2
S 43217999 300 101660 2
S 43228999 300 101658 2
S 43239998 300 101656 2
S 43250997 300 101666 2
S 43261997 300 101661 2
S 43272996 300 101660 2
S 43283995 300 101661 2
S 43294994 300 101660 2
S 43305994 300 101657 2
S 43316993 300 101656 2
S 43327992 300 101660 2
S 43338992 300 101656 2
S 43354991 300 101660 2
S 43365990 300 101657 2
S 43376989 300 101660 2
S 43387989 300 101662 2
S 43398988 300 101660 2
S 43409987 300 101660 2
S 43420987 300 101658 2
S 43431986 300 101659 2
S 43442985 300 101660 2
S 43453985 300 101658 2
S 43464984 300 101660 2
S 43475983 300 101660 2
S 43486982 300 101660 2
S 43497982 300 101662 2
S 43508981 300 101665 2
S 43519980 300 101663 2
S 43530980 300 101662 2
S 43541979 300 101662 2
S 43552978 300 101656 2
S 43563978 300 101660 2
S 43574977 300 101657 2
S 43585976 300 101660 2
S 43596976 300 101658 2
S 43607975 300 101654 2
S 43618974 300 101657 2
S 43629974 300 101657 2
S 43640973 300 101661 2
S 43651972 300 101660 2
S 43662971 300 101656 2
S 43673971 300 101657 2
S 43684970 300 101657 2
S 43695969 300 101656 2
S 43706969 300 101660 2
S 43717968 300 101663 2
S 43728967 300 101666 2
S 43739967 300 101667 2
S 43750966 300 101663 2
S 43761965 300 101663 2
S 43772965 300 101660 2
S 43783964 300 101663 2
S 43794963 300 101664 2
S 43805963 300 101663 2
S 43816962 300 101666 2
S 43827961 300 101667 2
S 43838960 300 101667 2
S 43849960 300 101663 2
S 43860959 300 101666 2
S 43871958 300 101669 2
S 43882958 300 101663 2
S 43893957 300 101663 2
S 43904956 300 101662 2
S 43915956 300 101666 2
S 43926955 300 101660 2
S 43937954 300 101660 2
S 43948954 300 101659 2
S 43959953 300 101658 2
S 43970952 300 101655 2
S 43981952 300 101656 2
S 43992951 300 101661 2
S 44003950 300 101660 2
S 44014949 300 101656 2
S 44025949 300 101657 2
S 44036948 300 101658 2
S 44047947 300 101656 2
S 44058947 300 101655 2
S 44069946 300 101660 2
S 44080945 300 101655 2
S 44091945 300 101659 2
S 44102944 300 101657 2
S 44113943 300 101659 2
S 44124943 300 101657 2
S 44135942 300 101657 2
S 44146941 300 101662 2
S 44157941 300 101655 2
S 44168940 300 101657 2
S 44179939 300 101655 2
S 44190938 300 101654 2
S 44201938 300 101655 2
S 44212937 300 101657 2
S 44223936 300 101657 2
S 44234936 300 101657 2
S 44245935 300 101658 2
S 44256934 300 101657 2
S 44267934 300 101656 2
S 44278933 300 101659 2
S 44289932 300 101660 2
S 44300932 300 101656 2
S 44311931 300 101656 2
S 44322930 300 101655 2
S 44333930 300 101660 2
S 44344929 300 101651 2
S 44360928 300 101659 2
S 44371927 300 101659 2
S 44382926 300 101656 2
S 44393926 300 101663 2
S 44404925 300 101658 2
S 44415924 300 101658 2
S 44426924 300 101656 2
S 44437923 300 101658 2
S 44448922 300 101657 2
S 44459922 300 101661 2
S 44470921 300 101659 2
S 44481920 300 101660 2
S 44492920 300 101664 2
S 44503919 300 101664 2
S 44514918 300 101660 2
S 44525918 300 101660 2
S 44536917 300 101662 2
S 44547916 300 101657 2
S 44558915 300 101661 2
S 44569915 300 101658 2
S 44580914 300 101659 2
S 44591913 300 101659 2
S 44602913 300 101660 2
S 44613912 300 101657 2
S 44624911 300 101658 2
S 44635911 300 101660 2
S 44646910 300 101660 2
S 44657909 300 101659 2
S 44668909 300 101659 2
S 44679908 300 101657 2
S 44690907 300 101657 2
S 44701907 300 101656 2
S 44712906 300 101658 2
S 44723905 300 101655 2
S 44734904 300 101658 2
S 44745904 300 101658 2
S 44756903 300 101658 2
S 44767902 300 101657 2
S 44778902 300 101661 2
S 44789901 300 101660 2
S 44800900 300 101659 2
S 44811900 300 101660 2
S 44822899 300 101657 2
S 44833898 300 101660 2
S 44844898 300 101658 2
S 44855897 300 101660 2
S 44866896 300 101666 2
S 44877896 300 101661 2
S 44888895 300 101661 2
S 44899894 300 101664 2
S 44910893 300 101660 2
S 44921893 300 101663 2
S 44932892 300 101664 2
S 44943891 300 101660 2
S 44954891 300 101662 2
S 44965890 300 101661 2
S 44976889 300 101657 2
S 44987889 300 101660 2
S 44998888 300 101657 2
S 45009887 300 101655 2
S 45020887 300 101657 2
S 45031886 300 101662 2
S 45042885 300 101660 2
S 45053885 300 101660 2
S 45064884 300 101666 2
S 45075883 300 101667 2
S 45086882 300 101668 2
S 45097882 300 101658 2
S 45108881 300 101664 2
S 45119880 300 101663 2
S 45130880 300 101655 2
S 45141879 300 101658 2
S 45152878 300 101657 2
S 45163878 300 101653 2
S 45174877 300 101657 2
S 45185876 300 101657 2
S 45196876 300 101657 2
S 45207875 300 101659 2
S 45218874 300 101652 2
S 45229874 300 101655 2
S 45240873 300 101659 2
S 45251872 300 101655 2
S 45262871 300 101657 2
S 45273871 300 101655 2
S 45284870 300 101655 2
S 45295869 300 101655 2
S 45306869 300 101659 2
S 45317868 300 101658 2
S 45328867 300 101657 2
S 45339867 300 101658 2
S 45350866 300 101660 2
S 45366865 300 101662 2
S 45377864 300 101660 2
S 45388864 300 101663 2
S 45399863 300 101655 2
S 45410862 300 101663 2
S 45421862 300 101661 2
S 45432861 300 101660 2
S 45443860 300 101662 2
S 45454859 300 101658 2
S 45465859 300 101656 2
S 45476858 300 101660 2
S 45487857 300 101660 2
S 45498857 300 101663 2
S 45509856 300 101655 2
S 45520855 300 101657 2
S 45531855 300 101655 2
S 45542854 300 101653 2
S 45553853 300 101656 2
S 45564853 300 101655 2
S 45575852 300 101655 2
S 45586851 300 101660 2
S 45597851 300 101652 2
S 45608850 300 101657 2
S 45619849 300 101655 2
S 45630848 300 101651 2
S 45641848 300 101656 2
S 45652847 300 101660 2
S 45663846 300 101661 2
S 45674846 300 101652 2
S 45685845 300 101655 2
S 45696844 300 101654 2
S 45707844 300 101655 2
S 45718843 300 101657 2
S 45729842 300 101659 2
S 45740842 300 101658 2
S 45751841 300 101652 2
S 45762840 300 101652 2
S 45773840 300 101658 2
S 45784839 300 101652 2
S 45795838 300 101657 2
S 45806837 300 101655 2
S 45817837 300 101661 2
S 45828836 300 101661 2
S 45839835 300 101657 2
S 45850835 300 101655 2
S 45861834 300 101651 2
S 45872833 300 101650 2
S 45883833 300 101662 2
S 45894832 300 101661 2
S 45905831 300 101659 2
S 45916831 300 101663 2
S 45927830 300 101667 2
S 45938829 300 101660 2
S 45949829 300 101661 2
S 45960828 300 101659 2
S 45971827 300 101660 2
S 45982826 300 101658 2
S 45993826 300 101658 2
S 46004825 300 101662 2
S 46015824 300 101657 2
S 46026824 300 101659 2
S 46037823 300 101661 2
S 46048822 300 101658 2
S 46059822 300 101656 2
S 46070821 300 101663 2
S 46081820 300 101657 2
S 46092820 300 101660 2
S 46103819 300 101663 2
S 46114818 300 101656 2
S 46125818 300 101660 2
S 46136817 300 101660 2
S 46147816 300 101657 2
S 46158815 300 101660 2
S 46169815 300 101660 2
S 46180814 300 101659 2
S 46191813 300 101659 2
S 46202813 300 101657 2
S 46213812 300 101658 2
S 46224811 300 101658 2
S 46235811 300 101662 2
S 46246810 300 101661 2
S 46257809 300 101657 2
S 46268809 300 101656 2
S 46279808 300 101656 2
S 46290807 300 101657 2
S 46301807 300 101658 2
S 46312806 300 101659 2
S 46323805 300 101658 2
S 46334804 300 101657 2
S 46345804 300 101659 2
S 46356803 300 101657 2
S 46372802 299 101654 2
S 46383801 299 101654 2
S 46394801 299 101659 2
S 46405800 299 101654 2
S 46416799 299 101654 2
S 46427799 299 101654 2
S 46438798 299 101657 2
S 46449797 299 101659 2
S 46460797 299 101653 2
S 46471796 299 101654 2
S 46482795 299 101660 2
S 46493795 299 101658 2
S 46504794 299 101651 2
S 46515793 299 101652 2
S 46526792 299 101652 2
S 46537792 299 101651 2
S 46548791 299 101655 2
S 46559790 299 101654 2
S 46570790 299 101653 2
S 46581789 299 101656 2
S 46592788 299 101654 2
S 46603788 299 101652 2
S 46614787 299 101654 2
S 46625786 299 101662 2
S 46636786 299 101653 2
S 46647785 299 101659 2
S 46658784 299 101654 2
S 46669784 299 101655 2
S 46680783 299 101653 2
S 46691782 299 101657 2
S 46702781 299 101659 2
S 46713781 299 101654 2
S 46724780 299 101659 2
S 46735779 299 101656 2
S 46746779 299 101652 2
S 46757778 299 101654 2
S 46768777 299 101651 2
S 46779777 299 101656 2
S 46790776 299 101657 2
S 46801775 299 101657 2
S 46812775 299 101654 2
S 46823774 299 101657 2
S 46834773 299 101656 2
S 46845773 299 101655 2
S 46856772 299 101653 2
S 46867771 299 101654 2
S 46878770 299 101654 2
S 46889770 299 101663 2
S 46900769 299 101654 2
S 46911768 299 101657 2
S 46922768 299 101654 2
S 46933767 299 101657 2
S 46944766 299 101659 2
S 46955766 299 101663 2
S 46966765 299 101657 2
S 46977764 299 101655 2
S 46988764 299 101654 2
S 46999763 299 101658 2
S 47010762 299 101658 2
S 47021762 299 101655 2
S 47032761 299 101656 2
S 47043760 299 101657 2
S 47054759 299 101648 2
S 47065759 299 101655 2
S 47076758 299 101662 2
S 47087757 299 101659 2
S 47098757 299 101657 2
S 47109756 299 101660 2
S 47120755 299 101653 2
S 47131755 299 101654 2
S 47142754 299 101654 2
S 47153753 299 101657 2
S 47164753 299 101653 2
S 47175752 299 101651 2
S 47186751 299 101654 2
S 47197751 299 101654 2
S 47208750 299 101657 2
S 47219749 299 101655 2
S 47230748 299 101653 2
S 47241748 299 101659 2
S 47252747 299 101654 2
S 47263746 299 101659 2
S 47274746 299 101657 2
S 47285745 299 101657 2
S 47296744 299 101650 2
S 47307744 299 101654 2
S 47318743 299 101655 2
S 47329742 299 101658 2
S 47340742 299 101656 2
S 47351741 299 101654 2
S 47362740 299 101651 2
S 47378739 299 101653 2
S 47389739 299 101653 2
S 47400738 299 101657 2
S 47411737 299 101660 2
S 47422736 299 101657 2
S 47433736 299 101659 2
S 47444735 299 101660 2
S 47455734 299 101660 2
S 47466734 299 101661 2
S 47477733 299 101659 2
S 47488732 299 101658 2
S 47499732 299 101655 2
S 47510731 299 101661 2
S 47521730 299 101660 2
S 47532730 299 101657 2
S 47543729 299 101658 2
S 47554728 299 101660 2
S 47565728 299 101661 2
S 47576727 299 101660 2
S 47587726 299 101654 2
S 47598725 299 101666 2
S 47609725 299 101663 2
S 47620724 299 101661 2
S 47631723 299 101660 2
S 47642723 299 101660 2
S 47653722 299 101661 2
S 47664721 299 101662 2
S 47675721 299 101660 2
S 47686720 299 101660 2
S 47697719 299 101656 2
S 47708719 299 101664 2
S 47719718 299 101659 2
S 47730717 299 101657 2
S 47741717 299 101658 2
S 47752716 299 101656 2
S 47763715 299 101660 2
S 47774714 299 101661 2
S 47785714 299 101666 2
S 47796713 299 101663 2
S 47807712 299 101659 2
S 47818712 299 101661 2
S 47829711 299 101656 2
S 47840710 299 101660 2
S 47851710 299 101659 2
S 47862709 299 101656 2
S 47873708 299 101663 2
S 47884708 299 101663 2
S 47895707 299 101660 2
S 47906706 299 101664 2
S 47917706 299 101663 2
S 47928705 299 101666 2
S 47939704 299 101662 2
S 47950703 299 101658 2
S 47961703 299 101662 2
S 47972702 299 101665 2
S 47983701 299 101663 2
S 47994701 299 101662 2
S 48005700 299 101665 2
S 48016699 299 101659 2
S 48027699 299 101660 2
S 48038698 299 101660 2
S 48049697 299 101660 2
S 48060697 299 101657 2
S 48071696 299 101657 2
S 48082695 299 101661 2
S 48093695 299 101663 2
S 48104694 299 101660 2
S 48115693 299 101658 2
S 48126692 299 101657 2
S 48137692 299 101663 2
S 48148691 299 101659 2
S 48159690 299 101658 2
S 48170690 299 101657 2
S 48181689 299 101660 2
S 48192688 299 101660 2
S 48203688 299 101660 2
S 48214687 299 101663 2
S 48225686 299 101664 2
S 48236686 299 101660 2
S 48247685 299 101658 2
S 48258684 299 101663 2
S 48269684 299 101660 2
S 48280683 299 101658 2
S 48291682 299 101657 2
S 48302681 299 101662 2
S 48313681 299 101663 2
S 48324680 299 101665 2
S 48335679 299 101665 2
S 48346679 299 101657 2
S 48357678 299 101660 2
S 48368677 299 101656 2
S 48384676 299 101666 2
S 48395676 299 101666 2
S 48406675 299 101663 2
S 48417674 299 101663 2
S 48428674 299 101662 2
S 48439673 299 101656 2
S 48450672 299 101663 2
S 48461672 299 101661 2
S 48472671 299 101662 2
S 48483670 299 101662 2
S 48494669 299 101665 2
S 48505669 299 101659 2
S 48516668 299 101660 2
S 48527667 299 101658 2
S 48538667 299 101664 2
S 48549666 299 101663 2
S 48560665 299 101662 2
S 48571665 299 101660 2
S 48582664 299 101660 2
S 48593663 299 101663 2
S 48604663 299 101661 2
S 48615662 299 101667 2
S 48626661 299 101666 2
S 48637661 299 101663 2
S 48648660 299 101664 2
S 48659659 299 101660 2
S 48670658 299 101660 2
S 48681658 299 101660 2
S 48692657 299 101658 2
S 48703656 299 101660 2
S 48714656 299 101663 2
S 48725655 299 101659 2
S 48736654 299 101660 2
S 48747654 299 101660 2
S 48758653 299 101654 2
S 48769652 299 101656 2
S 48780652 299 101656 2
S 48791651 299 101656 2
S 48802650 299 101662 2
S 48813650 299 101659 2
S 48824649 299 101658 2
S 48835648 299 101664 2
S 48846647 299 101662 2
S 48857647 299 101662 2
S 48868646 299 101662 2
S 48879645 299 101663 2
S 48890645 299 101663 2
S 48901644 299 101655 2
S 48912643 299 101655 2
S 48923643 299 101658 2
S 48934642 299 101657 2
S 48945641 299 101661 2
S 48956641 299 101657 2
S 48967640 299 101658 2
S 48978639 299 101660 2
S 48989639 299 101654 2
S 49000639 299 101657 2
S 49011637 299 101657 2
S 49022636 299 101660 2
S 49033636 299 101657 2
S 49044635 299 101652 2
S 49055634 299 101654 2
S 49066634 299 101655 2
S 49077633 299 101654 2
S 49088632 299 101661 2
S 49099632 299 101654 2
S 49110631 299 101660 2
S 49121630 299 101662 2
S 49132630 299 101657 2
S 49143629 299 101663 2
S 49154628 299 101660 2
S 49165628 299 101662 2
S 49176627 299 101659 2
S 49187626 299 101663 2
S 49198625 299 101663 2
S 49209625 299 101662 2
S 49220624 299 101660 2
S 49231623 299 101661 2
S 49242623 299 101666 2
S 49253622 299 101661 2
S 49264621 299 101660 2
S 49275621 299 101661 2
S 49286620 299 101659 2
S 49297619 299 101661 2
S 49308619 299 101658 2
S 49319618 299 101662 2
S 49330617 299 101662 2
S 49341617 299 101663 2
S 49352616 299 101663 2
S 49363615 299 101657 2
S 49374614 299 101664 2
S 49390613 299 101660 2
S 49401613 299 101663 2
S 49412612 299 101657 2
S 49423611 299 101658 2
S 49434611 299 101660 2
S 49445610 299 101658 2
S 49456609 299 101657 2
S 49467609 299 101657 2
S 49478608 299 101660 2
S 49489607 299 101656 2
S 49500607 299 101660 2
S 49511606 299 101654 2
S 49522605 299 101656 2
S 49533605 299 101658 2
S 49544604 299 101655 2
S 49555603 299 101657 2
S 49566602 299 101659 2
S 49577602 299 101660 2
S 49588601 299 101659 2
S 49599600 299 101657 2
S 49610600 299 101655 2
S 49621599 299 101656 2
S 49632598 299 101660 2
S 49643598 299 101656 2
S 49654597 299 101661 2
S 49665596 299 101656 2
S 49676596 299 101655 2
S 49687595 299 101658 2
S 49698594 299 101663 2
S 49709594 299 101661 2
S 49720593 299 101658 2
S 49731592 299 101654 2
S 49742591 299 101660 2
S 49753591 299 101664 2
S 49764590 299 101657 2
S 49775589 299 101657 2
S 49786589 299 101658 2
S 49797588 299 101659 2
S 49808587 299 101662 2
S 49819587 299 101660 2
S 49830586 299 101660 2
S 49841585 299 101656 2
S 49852585 299 101660 2
S 49863584 299 101661 2
S 49874583 299 101656 2
S 49885583 299 101657 2
S 49896582 299 101660 2
S 49907581 299 101665 2
S 49918580 299 101661 2
S 49929580 299 101659 2
S 49940579 299 101658 2
S 49951578 299 101661 2
S 49962578 299 101655 2
S 49973577 299 101654 2
S 49984576 299 101660 2
S 49995576 299 101663 2
S 50006575 299 101663 2
S 50017574 299 101663 2
S 50028574 299 101659 2
S 50039573 299 101659 2
S 50050572 299 101657 2
S 50061572 299 101660 2
S 50072571 299 101653 2
S 50083570 299 101653 2
S 50094569 299 101657 2
S 50105569 299 101653 2
S 50116568 299 101659 2
S 50127567 299 101654 2
S 50138567 299 101654 2
S 50149566 299 101660 2
S 50160565 299 101657 2
S 50171565 299 101660 2
S 50182564 299 101655 2
S 50193563 299 101655 2
S 50204563 299 101653 2
S 50215562 299 101655 2
S 50226561 299 101657 2
S 50237561 299 101658 2
S 50248560 299 101656 2
S 50259559 299 101654 2
S 50270558 299 101656 2
S 50281558 299 101649 2
S 50292557 299 101655 2
S 50303556 299 101654 2
S 50314556 299 101657 2
S 50325555 299 101656 2
S 50336554 299 101659 2
S 50347554 299 101656 2
S 50358553 299 101658 2
S 50369552 299 101654 2
S 50380552 299 101659 2
S 50396551 300 101670 2
S 50407550 300 101668 2
S 50418549 300 101664 2
S 50429549 300 101662 2
S 50440548 300 101666 2
S 50451547 300 101665 2
S 50462546 300 101663 2
S 50473546 300 101665 2
S 50484545 300 101665 2
S 50495544 300 101660 2
S 50506544 300 101658 2
S 50517543 300 101661 2
S 50528542 300 101661 2
S 50539542 300 101665 2
S 50550541 300 101663 2
S 50561540 300 101663 2
S 50572540 300 101659 2
S 50583539 300 101662 2
S 50594538 300 101661 2
S 50605538 300 101666 2
S 50616537 300 101666 2
S 50627536 300 101664 2
S 50638535 300 101668 2
S 50649535 300 101664 2
S 50660534 300 101665 2
S 50671533 300 101657 2
S 50682533 300 101663 2
S 50693532 300 101663 2
S 50704531 300 101656 2
S 50715531 300 101660 2
S 50726530 300 101658 2
S 50737529 300 101663 2
S 50748529 300 101659 2
S 50759528 300 101664 2
S 50770527 300 101667 2
S 50781527 300 101665 2
S 50792526 300 101661 2
S 50803525 300 101660 2
S 50814524 300 101661 2
S 50825524 300 101659 2
S 50836523 300 101664 2
S 50847522 300 101666 2
S 50858522 300 101669 2
S 50869521 300 101664 2
S 50880520 300 101662 2
S 50891520 300 101661 2
S 50902519 300 101658 2
S 50913518 300 101662 2
S 50924518 300 101663 2
S 50935517 300 101659 2
S 50946516 300 101659 2
S 50957516 300 101662 2
S 50968515 300 101660 2
S 50979514 300 101662 2
S 50990513 300 101664 2
S 51001514 300 101663 2
S 51012512 300 101663 2
S 51023511 300 101657 2
S 51034511 300 101661 2
S 51045510 300 101663 2
S 51056509 300 101665 2
S 51067509 300 101657 2
S 51078508 300 101658 2
S 51089507 300 101660 2
S 51100507 300 101655 2
S 51111506 300 101659 2
S 51122505 300 101664 2
S 51133505 300 101657 2
S 51144504 300 101657 2
S 51155503 300 101659 2
S 51166502 300 101660 2
S 51177502 300 101659 2
S 51188501 300 101653 2
S 51199500 300 101654 2
S 51210500 300 101655 2
S 51221499 300 101662 2
S 51232498 300 101659 2
S 51243498 300 101657 2
S 51254497 300 101655 2
S 51265496 300 101660 2
S 51276496 300 101655 2
S 51287495 300 101659 2
S 51298494 300 101659 2
S 51309494 300 101657 2
S 51320493 300 101658 2
S 51331492 300 101655 2
S 51342491 300 101659 2
S 51353491 300 101660 2
S 51364490 300 101662 2
S 51375489 300 101657 2
S 51386489 300 101654 2
S 51402488 299 101654 2
S 51413487 299 101656 2
S 51424486 299 101655 2
S 51435486 299 101656 2
S 51446485 299 101655 2
S 51457484 299 101653 2
S 51468484 299 101653 2
S 51479483 299 101657 2
S 51490482 299 101653 2
S 51501482 299 101657 2
S 51512481 299 101657 2
S 51523480 299 101654 2
S 51534479 299 101657 2
S 51545479 299 101652 2
S 51556478 299 101657 2
S 51567477 299 101659 2
S 51578477 299 101654 2
S 51589476 299 101651 2
S 51600475 299 101654 2
S 51611475 299 101652 2
S 51622474 299 101654 2
S 51633473 299 101649 2
S 51644473 299 101651 2
S 51655472 299 101651 2
S 51666471 299 101651 2
S 51677471 299 101648 2
S 51688470 299 101649 2
S 51699469 299 101646 2
S 51710468 299 101651 2
S 51721468 299 101651 2
S 51732467 299 101651 2
S 51743466 299 101656 2
S 51754466 299 101649 2
S 51765465 299 101651 2
S 51776464 299 101650 2
S 51787464 299 101651 2
S 51798463 299 101650 2
S 51809462 299 101653 2
S 51820462 299 101657 2
S 51831461 299 101655 2
S 51842460 299 101656 2
S 51853460 299 101654 2
S 51864459 299 101656 2
S 51875458 299 101654 2
S 51886457 299 101652 2
S 51897457 299 101654 2
S 51908456 299 101654 2
S 51919455 299 101651 2
S 51930455 299 101654 2
S 51941454 299 101653 2
S 51952453 299 101657 2
S 51963453 299 101650 2
S 51974452 299 101652 2
S 51985451 299 101653 2
S 51996451 299 101650 2
S 52007450 299 101652 2
S 52018449 299 101653 2
S 52029449 299 101651 2
S 52040448 299 101654 2
S 52051447 299 101656 2
S 52062446 299 101653 2
S 52073446 299 101652 2
S 52084445 299 101661 2
S 52095444 299 101656 2
S 52106444 299 101654 2
S 52117443 299 101651 2
S 52128442 299 101654 2
S 52139442 299 101654 2
S 52150441 299 101655 2
S 52161440 299 101656 2
S 52172440 299 101653 2
S 52183439 299 101651 2
S 52194438 299 101656 2
S 52205438 299 101654 2
S 52216437 299 101653 2
S 52227436 299 101651 2
S 52238435 299 101649 2
S 52249435 299 101651 2
S 52260434 299 101656 2
S 52271433 299 101651 2
S 52282433 299 101653 2
S 52293432 299 101650 2
S 52304431 299 101651 2
S 52315431 299 101651 2
S 52326430 299 101655 2
S 52337429 299 101653 2
S 52348429 299 101651 2
S 52359428 299 101654 2
S 52370427 299 101657 2
S 52381427 299 101651 2
S 52392426 299 101657 2
S 52408425 300 101659 2
S 52419424 300 101656 2
S 52430423 300 101658 2
S 52441423 300 101659 2
S 52452422 300 101655 2
S 52463421 300 101659 2
S 52474421 300 101657 2
S 52485420 300 101660 2
S 52496419 300 101657 2
S 52507419 300 101657 2
S 52518418 300 101654 2
S 52529417 300 101656 2
S 52540417 300 101657 2
S 52551416 300 101657 2
S 52562415 300 101656 2
S 52573415 300 101653 2
S 52584414 300 101652 2
S 52595413 300 101658 2
S 52606412 300 101657 2
S 52617412 300 101653 2
S 52628411 300 101653 2
S 52639410 300 101658 2
S 52650410 300 101654 2
S 52661409 300 101655 2
S 52672408 300 101654 2
S 52683408 300 101652 2
S 52694407 300 101657 2
S 52705406 300 101659 2
S 52716406 300 101656 2
S 52727405 300 101655 2
S 52738404 300 101653 2
S 52749404 300 101656 2
S 52760403 300 101654 2
S 52771402 300 101659 2
S 52782401 300 101657 2
S 52793401 300 101653 2
S 52804400 300 101659 2
S 52815399 300 101655 2
S 52826399 300 101654 2
S 52837398 300 101660 2
S 52848397 300 101655 2
S 52859397 300 101651 2
S 52870396 300 101655 2
S 52881395 300 101649 2
S 52892395 300 101654 2
S 52903394 300 101655 2
S 52914393 300 101660 2
S 52925393 300 101660 2
S 52936392 300 101656 2
S 52947391 300 101663 2
S 52958390 300 101655 2
S 52969390 300 101657 2
S 52980389 300 101660 2
S 52991388 300 101655 2
S 53002388 300 101657 2
S 53013387 300 101657 2
S 53024386 300 101660 2
S 53035386 300 101656 2
S 53046385 300 101658 2
S 53057384 300 101657 2
S 53068384 300 101657 2
S 53079383 300 101656 2
S 53090382 300 101657 2
S 53101382 300 101655 2
S 53112381 300 101658 2
S 53123380 300 101658 2
S 53134379 300 101658 2
S 53145379 300 101660 2
S 53156378 300 101666 2
S 53167377 300 101660 2
S 53178377 300 101659 2
S 53189376 300 101657 2
S 53200375 300 101655 2
S 53211375 300 101658 2
S 53222374 300 101658 2
S 53233373 300 101663 2
S 53244373 300 101659 2
S 53255372 300 101664 2
S 53266371 300 101657 2
S 53277371 300 101659 2
S 53288370 300 101658 2
S 53299369 300 101660 2
S 53310368 300 101655 2
S 53321368 300 101656 2
S 53332367 300 101657 2
S 53343366 300 101655 2
S 53354366 300 101655 2
S 53365365 300 101654 2
S 53376364 300 101655 2
S 53387364 300 101650 2
S 53398363 300 101657 2
S 53414362 299 101655 2
S 53425361 299 101657 2
S 53436361 299 101652 2
S 53447360 299 101654 2
S 53458359 299 101657 2
S 53469359 299 101656 2
S 53480358 299 101652 2
S 53491357 299 101656 2
S 53502356 299 101652 2
S 53513356 299 101653 2
S 53524355 299 101653 2
S 53535354 299 101651 2
S 53546354 299 101653 2
S 53557353 299 101651 2
S 53568352 299 101654 2
S 53579352 299 101655 2
S 53590351 299 101653 2
S 53601350 299 101656 2
S 53612350 299 101657 2
S 53623349 299 101656 2
S 53634348 299 101654 2
S 53645348 299 101654 2
S 53656347 299 101656 2
S 53667346 299 101661 2
S 53678345 299 101660 2
S 53689345 299 101660 2
S 53700344 299 101658 2
S 53711343 299 101656 2
S 53722343 299 101655 2
S 53733342 299 101660 2
S 53744341 299 101660 2
S 53755341 299 101654 2
S 53766340 299 101655 2
S 53777339 299 101658 2
S 53788339 299 101657 2
S 53799338 299 101657 2
S 53810337 299 101656 2
S 53821337 299 101653 2
S 53832336 299 101648 2
S 53843335 299 101657 2
S 53854334 299 101657 2
S 53865334 299 101654 2
S 53876333 299 101654 2
S 53887332 299 101651 2
S 53898332 299 101652 2
S 53909331 299 101654 2
S 53920330 299 101654 2
S 53931330 299 101654 2
S 53942329 299 101660 2
S 53953328 299 101659 2
S 53964328 299 101657 2
S 53975327 299 101657 2
S 53986326 299 101654 2
S 53997326 299 101657 2
S 54008325 299 101660 2
S 54019324 299 101655 2
S 54030323 299 101654 2
S 54041323 299 101659 2
S 54052322 299 101650 2
S 54063321 299 101652 2
S 54074321 299 101654 2
S 54085320 299 101651 2
S 54096319 299 101646 2
S 54107319 299 101651 2
S 54118318 299 101651 2
S 54129317 299 101653 2
S 54140317 299 101656 2
S 54151316 299 101650 2
S 54162315 299 101652 2
S 54173315 299 101658 2
S 54184314 299 101656 2
S 54195313 299 101654 2
S 54206312 299 101654 2
S 54217312 299 101658 2
S 54228311 299 101656 2
S 54239310 299 101651 2
S 54250310 299 101650 2
S 54261309 299 101652 2
S 54272308 299 101651 2
S 54283308 299 101652 2
S 54294307 299 101659 2
S 54305306 299 101656 2
S 54316306 299 101658 2
S 54327305 299 101653 2
S 54338304 299 101654 2
S 54349304 299 101655 2
S 54360303 299 101654 2
S 54371302 299 101652 2
S 54382301 299 101654 2
S 54393301 299 101659 2
S 54404300 299 101656 2
S 54420299 299 101656 2
S 54431298 299 101658 2
S 54442298 299 101658 2
S 54453297 299 101657 2
S 54464296 299 101659 2
S 54475296 299 101660 2
S 54486295 299 101657 2
S 54497294 299 101657 2
S 54508294 299 101660 2
S 54519293 299 101662 2
S 54530292 299 101663 2
S 54541292 299 101659 2
S 54552291 299 101658 2
S 54563290 299 101658 2
S 54574289 299 101655 2
S 54585289 299 101653 2
S 54596288 299 101651 2
S 54607287 299 101654 2
S 54618287 299 101655 2
S 54629286 299 101654 2
S 54640285 299 101652 2
S 54651285 299 101648 2
S 54662284 299 101651 2
S 54673283 299 101654 2
S 54684283 299 101656 2
S 54695282 299 101654 2
S 54706281 299 101654 2
S 54717281 299 101651 2
S 54728280 299 101648 2
S 54739279 299 101653 2
S 54750278 299 101647 2
S 54761278 299 101657 2
S 54772277 299 101657 2
S 54783276 299 101653 2
S 54794276 299 101657 2
S 54805275 299 101654 2
S 54816274 299 101657 2
S 54827274 299 101659 2
S 54838273 299 101656 2
S 54849272 299 101657 2
S 54860272 299 101654 2
S 54871271 299 101656 2
S 54882270 299 101652 2
S 54893270 299 101657 2
S 54904269 299 101654 2
S 54915268 299 101651 2
S 54926267 299 101651 2
S 54937267 299 101651 2
S 54948266 299 101654 2
S 54959265 299 101652 2
S 54970265 299 101653 2
S 54981264 299 101653 2
S 54992263 299 101650 2
S 55003263 299 101648 2
S 55014262 299 101650 2
S 55025261 299 101654 2
S 55036261 299 101654 2
S 55047260 299 101654 2
S 55058259 299 101658 2
S 55069259 299 101647 2
S 55080258 299 101649 2
S 55091257 299 101648 2
S 55102256 299 101651 2
S 55113256 299 101658 2
S 55124255 299 101649 2
S 55135254 299 101651 2
S 55146254 299 101650 2
S 55157253 299 101655 2
S 55168252 299 101652 2
S 55179252 299 101650 2
S 55190251 299 101651 2
S 55201250 299 101654 2
S 55212250 299 101654 2
S 55223249 299 101658 2
S 55234248 299 101654 2
S 55245248 299 101658 2
S 55256247 299 101656 2
S 55267246 299 101654 2
S 55278245 299 101653 2
S 55289245 299 101656 2
S 55300244 299 101650 2
S 55311243 299 101654 2
S 55322243 299 101653 2
S 55333242 299 101656 2
S 55344241 299 101657 2
S 55355241 299 101657 2
S 55366240 299 101651 2
S 55377239 299 101657 2
S 55388239 299 101648 2
S 55399238 299 101651 2
S 55410237 299 101651 2
S 55426236 299 101654 2
S 55437236 299 101660 2
S 55448235 299 101657 2
S 55459234 299 101660 2
S 55470233 299 101655 2
S 55481233 299 101657 2
S 55492232 299 101655 2
S 55503231 299 101660 2
S 55514231 299 101660 2
S 55525230 299 101655 2
S 55536229 299 101657 2
S 55547229 299 101657 2
S 55558228 299 101655 2
S 55569227 299 101660 2
S 55580227 299 101657 2
S 55591226 299 101654 2
S 55602225 299 101653 2
S 55613225 299 101657 2
S 55624224 299 101654 2
S 55635223 299 101654 2
S 55646222 299 101655 2
S 55657222 299 101654 2
S 55668221 299 101658 2
S 55679220 299 101658 2
S 55690220 299 101655 2
S 55701219 299 101651 2
S 55712218 299 101649 2
S 55723218 299 101652 2
S 55734217 299 101655 2
S 55745216 299 101651 2
S 55756216 299 101654 2
S 55767215 299 101650 2
S 55778214 299 101650 2
S 55789214 299 101654 2
S 55800213 299 101654 2
S 55811212 299 101650 2
S 55822211 299 101654 2
S 55833211 299 101651 2
S 55844210 299 101652 2
S 55855209 299 101654 2
S 55866209 299 101647 2
S 55877208 299 101651 2
S 55888207 299 101648 2
S 55899207 299 101652 2
S 55910206 299 101657 2
S 55921205 299 101655 2
S 55932205 299 101652 2
S 55943204 299 101648 2
S 55954203 299 101646 2
S 55965203 299 101653 2
S 55976202 299 101648 2
S 55987201 299 101649 2
S 55998200 299 101646 2
S 56009200 299 101648 2
S 56020199 299 101650 2
S 56031198 299 101655 2
S 56042198 299 101653 2
S 56053197 299 101648 2
S 56064196 299 101648 2
S 56075196 299 101648 2
S 56086195 299 101653 2
S 56097194 299 101652 2
S 56108194 299 101657 2
S 56119193 299 101654 2
S 56130192 299 101653 2
S 56141192 299 101656 2
S 56152191 299 101656 2
S 56163190 299 101653 2
S 56174189 299 101651 2
S 56185189 299 101655 2
S 56196188 299 101654 2
S 56207187 299 101651 2
S 56218187 299 101646 2
S 56229186 299 101646 2
S 56240185 299 101651 2
S 56251185 299 101648 2
S 56262184 299 101648 2
S 56273183 299 101645 2
S 56284183 299 101647 2
S 56295182 299 101646 2
S 56306181 299 101654 2
S 56317181 299 101649 2
S 56328180 299 101651 2
S 56339179 299 101651 2
S 56350178 299 101656 2
S 56361178 299 101656 2
S 56372177 299 101649 2
S 56383176 299 101652 2
S 56394176 299 101651 2
S 56405175 299 101648 2
S 56416174 299 101649 2
S 56432173 300 101653 2
S 56443173 300 101647 2
S 56454172 300 101650 2
S 56465171 300 101654 2
S 56476171 300 101655 2
S 56487170 300 101649 2
S 56498169 300 101649 2
S 56509169 300 101654 2
S 56520168 300 101655 2
S 56531167 300 101660 2
S 56542166 300 101660 2
S 56553166 300 101652 2
S 56564165 300 101652 2
S 56575164 300 101653 2
S 56586164 300 101652 2
S 56597163 300 101655 2
S 56608162 300 101654 2
S 56619162 300 101656 2
S 56630161 300 101655 2
S 56641160 300 101651 2
S 56652160 300 101652 2
S 56663159 300 101657 2
S 56674158 300 101653 2
S 56685158 300 101653 2
S 56696157 300 101651 2
S 56707156 300 101653 2
S 56718155 300 101652 2
S 56729155 300 101652 2
S 56740154 300 101649 2
S 56751153 300 101651 2
S 56762153 300 101652 2
S 56773152 300 101653 2
S 56784151 300 101652 2
S 56795151 300 101654 2
S 56806150 300 101650 2
S 56817149 300 101652 2
S 56828149 300 101652 2
S 56839148 300 101656 2
S 56850147 300 101655 2
S 56861147 300 101655 2
S 56872146 300 101654 2
S 56883145 300 101656 2
S 56894144 300 101651 2
S 56905144 300 101651 2
S 56916143 300 101652 2
S 56927142 300 101649 2
S 56938142 300 101653 2
S 56949141 300 101654 2
S 56960140 300 101651 2
S 56971140 300 101655 2
S 56982139 300 101650 2
S 56993138 300 101649 2
S 57004138 300 101660 2
S 57015137 300 101655 2
S 57026136 300 101654 2
S 57037136 300 101654 2
S 57048135 300 101654 2
S 57059134 300 101653 2
S 57070133 300 101655 2
S 57081133 300 101652 2
S 57092132 300 101653 2
S 57103131 300 101655 2
S 57114131 300 101653 2
S 57125130 300 101655 2
S 57136129 300 101653 2
S 57147129 300 101659 2
S 57158128 300 101657 2
S 57169127 300 101656 2
S 57180127 300 101657 2
S 57191126 300 101658 2
S 57202125 300 101655 2
S 57213125 300 101655 2
S 57224124 300 101655 2
S 57235123 300 101654 2
S 57246122 300 101657 2
S 57257122 300 101653 2
S 57268121 300 101655 2
S 57279120 300 101660 2
S 57290120 300 101652 2
S 57301119 300 101645 2
S 57312118 300 101652 2
S 57323118 300 101651 2
S 57334117 300 101654 2
S 57345116 300 101649 2
S 57356116 300 101650 2
S 57367115 300 101645 2
S 57378114 300 101652 2
S 57389114 300 101655 2
S 57400113 300 101654 2
S 57411112 300 101653 2
S 57422111 300 101652 2
S 57438110 300 101657 2
S 57449110 300 101660 2
S 57460109 300 101659 2
S 57471108 300 101658 2
S 57482108 300 101657 2
S 57493107 300 101661 2
S 57504106 300 101657 2
S 57515106 300 101656 2
S 57526105 300 101657 2
S 57537104 300 101660 2
S 57548104 300 101656 2
S 57559103 300 101655 2
S 57570102 300 101655 2
S 57581102 300 101654 2
S 57592101 300 101657 2
S 57603100 300 101661 2
S 57614099 300 101657 2
S 57625099 300 101655 2
S 57636098 300 101655 2
S 57647097 300 101653 2
S 57658097 300 101658 2
S 57669096 300 101656 2
S 57680095 300 101658 2
S 57691095 300 101660 2
S 57702094 300 101663 2
S 57713093 300 101657 2
S 57724093 300 101659 2
S 57735092 300 101657 2
S 57746091 300 101660 2
S 57757091 300 101660 2
S 57768090 300 101659 2
S 57779089 300 101660 2
S 57790088 300 101660 2
S 57801088 300 101660 2
S 57812087 300 101659 2
S 57823086 300 101657 2
S 57834086 300 101655 2
S 57845085 300 101659 2
S 57856084 300 101651 2
S 57867084 300 101654 2
S 57878083 300 101658 2
S 57889082 300 101663 2
S 57900082 300 101660 2
S 57911081 300 101657 2
S 57922080 300 101656 2
S 57933080 300 101663 2
S 57944079 300 101652 2
S 57955078 300 101660 2
S 57966077 300 101656 2
S 57977077 300 101657 2
S 57988076 300 101655 2
S 57999075 300 101657 2
S 58010075 300 101663 2
S 58021074 300 101658 2
S 58032073 300 101659 2
S 58043073 300 101658 2
S 58054072 300 101660 2
S 58065071 300 101655 2
S 58076071 300 101662 2
S 58087070 300 101655 2
S 58098069 300 101657 2
S 58109069 300 101658 2
S 58120068 300 101658 2
S 58131067 300 101660 2
S 58142066 300 101660 2
S 58153066 300 101660 2
S 58164065 300 101660 2
S 58175064 300 101657 2
S 58186064 300 101655 2
S 58197063 300 101658 2
S 58208062 300 101659 2
S 58219062 300 101665 2
S 58230061 300 101660 2
S 58241060 300 101660 2
S 58252060 300 101664 2
S 58263059 300 101656 2
S 58274058 300 101655 2
S 58285058 300 101660 2
S 58296057 300 101655 2
S 58307056 300 101663 2
S 58318055 300 101660 2
S 58329055 300 101660 2
S 58340054 300 101657 2
S 58351053 300 101660 2
S 58362053 300 101657 2
S 58373052 300 101660 2
S 58384051 300 101662 2
S 58395051 300 101656 2
S 58406050 300 101657 2
S 58417049 300 101654 2
S 58428049 300 101660 2
S 58444048 300 101660 2
S 58455047 300 101658 2
S 58466046 300 101660 2
S 58477046 300 101665 2
S 58488045 300 101660 2
S 58499044 300 101660 2
S 58510043 300 101665 2
S 58521043 300 101657 2
S 58532042 300 101655 2
S 58543041 300 101668 2
S 58554041 300 101660 2
S 58565040 300 101664 2
S 58576039 300 101664 2
S 58587039 300 101664 2
S 58598038 300 101661 2
S 58609037 300 101660 2
S 58620037 300 101660 2
S 58631036 300 101657 2
S 58642035 300 101655 2
S 58653035 300 101658 2
S 58664034 300 101659 2
S 58675033 300 101662 2
S 58686032 300 101660 2
S 58697032 300 101656 2
S 58708031 300 101661 2
S 58719030 300 101657 2
S 58730030 300 101658 2
S 58741029 300 101659 2
S 58752028 300 101655 2
S 58763028 300 101660 2
S 58774027 300 101657 2
S 58785026 300 101663 2
S 58796026 300 101660 2
S 58807025 300 101663 2
S 58818024 300 101661 2
S 58829024 300 101661 2
S 58840023 300 101660 2
S 58851022 300 101660 2
S 58862021 300 101661 2
S 58873021 300 101659 2
S 58884020 300 101658 2
S 58895019 300 101655 2
S 58906019 300 101663 2
S 58917018 300 101665 2
S 58928017 300 101663 2
S 58939017 300 101661 2
S 58950016 300 101658 2
S 58961015 300 101660 2
S 58972015 300 101662 2
S 58983014 300 101661 2
S 58994013 300 101657 2
S 59005013 300 101659 2
S 59016012 300 101657 2
S 59027011 300 101661 2
S 59038010 300 101661 2
S 59049010 300 101660 2
S 59060009 300 101663 2
S 59071008 300 101657 2
S 59082008 300 101656 2
S 59093007 300 101660 2
S 59104006 300 101657 2
S 59115006 300 101657 2
S 59126005 300 101659 2
S 59137004 300 101659 2
S 59148004 300 101661 2
S 59159003 300 101658 2
S 59170002 300 101655 2
S 59181002 300 101657 2
S 59192001 300 101656 2
S 59203000 300 101655 2
S 59213999 300 101658 2
S 59224999 300 101661 2
S 59235998 300 101659 2
S 59246997 300 101655 2
S 59257997 300 101653 2
S 59268996 300 101658 2
S 59279995 300 101655 2
S 59290995 300 101655 2
S 59301994 300 101655 2
S 59312993 300 101655 2
S 59323993 300 101660 2
S 59334992 300 101658 2
S 59345991 300 101657 2
S 59356991 300 101659 2
S 59367990 300 101655 2
S 59378989 300 101657 2
S 59389988 300 101659 2
S 59400988 300 101663 2
S 59411987 300 101660 2
S 59422986 300 101661 2
S 59433986 300 101660 2
S 59449985 300 101664 2
S 59460984 300 101666 2
S 59471983 300 101662 2
S 59482983 300 101663 2
S 59493982 300 101661 2
S 59504981 300 101669 2
S 59515981 300 101666 2
S 59526980 300 101664 2
S 59537979 300 101661 2
S 59548979 300 101666 2
S 59559978 300 101669 2
S 59570977 300 101660 2
S 59581976 300 101661 2
S 59592976 300 101666 2
S 59603975 300 101661 2
S 59614974 300 101663 2
S 59625974 300 101666 2
S 59636973 300 101662 2
S 59647972 300 101669 2
S 59658972 300 101662 2
S 59669971 300 101660 2
S 59680970 300 101663 2
S 59691970 300 101662 2
S 59702969 300 101663 2
S 59713968 300 101661 2
S 59724968 300 101658 2
S 59735967 300 101658 2
S 59746966 300 101655 2
S 59757965 300 101659 2
S 59768965 300 101658 2
S 59779964 300 101660 2
S 59790963 300 101658 2
S 59801963 300 101655 2
S 59812962 300 101658 2
S 59823961 300 101656 2
S 59834961 300 101659 2
S 59845960 300 101657 2
S 59856959 300 101659 2
S 59867959 300 101656 2
S 59878958 300 101654 2
S 59889957 300 101656 2
S 59900957 300 101655 2
S 59911956 300 101657 2
S 59922955 300 101660 2
S 59933954 300 101661 2
S 59944954 300 101665 2
S 59955953 300 101664 2
S 59966952 300 101663 2
S 59977952 300 101660 2
S 59988951 300 101658 2
S 59999950 300 101658 2
S 60010950 300 101659 2
S 60021949 300 101658 2
S 60032948 300 101658 2
S 60043948 300 101655 2
S 60054947 300 101655 2
S 60065946 300 101655 2
S 60076946 300 101658 2
S 60087945 300 101659 2
S 60098944 300 101657 2
S 60109943 300 101662 2
S 60120943 300 101658 2
S 60131942 300 101658 2
S 60142941 300 101658 2
S 60153941 300 101657 2
S 60164940 300 101662 2
S 60175939 300 101659 2
S 60186939 300 101661 2
S 60197938 300 101662 2
S 60208937 300 101655 2
S 60219937 300 101658 2
S 60230936 300 101658 2
S 60241935 300 101658 2
S 60252935 300 101654 2
S 60263934 300 101657 2
S 60274933 300 101661 2
S 60285932 300 101659 2
S 60296932 300 101660 2
S 60307931 300 101661 2
S 60318930 300 101656 2
S 60329930 300 101660 2
S 60340929 300 101658 2
S 60351928 300 101657 2
S 60362928 300 101658 2
S 60373927 300 101655 2
S 60384926 300 101659 2
S 60395926 300 101655 2
S 60406925 300 101657 2
S 60417924 300 101661 2
S 60428924 300 101658 2
S 60439923 300 101655 2
S 60455922 300 101655 2
S 60466921 300 101656 2
S 60477920 300 101657 2
S 60488920 300 101655 2
S 60499919 300 101660 2
S 60510918 300 101656 2
S 60521918 300 101666 2
S 60532917 300 101660 2
S 60543916 300 101652 2
S 60554916 300 101655 2
S 60565915 300 101656 2
S 60576914 300 101654 2
S 60587914 300 101659 2
S 60598913 300 101655 2
S 60609912 300 101655 2
S 60620912 300 101657 2
S 60631911 300 101662 2
S 60642910 300 101657 2
S 60653909 300 101654 2
S 60664909 300 101656 2
S 60675908 300 101658 2
S 60686907 300 101655 2
S 60697907 300 101656 2
S 60708906 300 101656 2
S 60719905 300 101656 2
S 60730905 300 101654 2
S 60741904 300 101658 2
S 60752903 300 101656 2
S 60763903 300 101658 2
S 60774902 300 101664 2
S 60785901 300 101660 2
S 60796901 300 101656 2
S 60807900 300 101660 2
S 60818899 300 101663 2
S 60829898 300 101656 2
S 60840898 300 101659 2
S 60851897 300 101657 2
S 60862896 300 101662 2
S 60873896 300 101662 2
S 60884895 300 101657 2
S 60895894 300 101657 2
S 60906894 300 101660 2
S 60917893 300 101661 2
S 60928892 300 101659 2
S 60939892 300 101660 2
S 60950891 300 101659 2
S 60961890 300 101659 2
S 60972890 300 101661 2
S 60983889 300 101659 2
S 60994888 300 101657 2
S 61005887 300 101659 2
S 61016887 300 101659 2
S 61027886 300 101659 2
S 61038885 300 101660 2
S 61049885 300 101657 2
S 61060884 300 101656 2
S 61071883 300 101651 2
S 61082883 300 101655 2
S 61093882 300 101653 2
S 61104881 300 101655 2
S 61115881 300 101663 2
S 61126880 300 101657 2
S 61137879 300 101658 2
S 61148879 300 101659 2
S 61159878 300 101657 2
S 61170877 300 101655 2
S 61181876 300 101657 2
S 61192876 300 101657 2
S 61203875 300 101660 2
S 61214874 300 101657 2
S 61225874 300 101657 2
S 61236873 300 101656 2
S 61247872 300 101652 2
S 61258872 300 101655 2
S 61269871 300 101661 2
S 61280870 300 101657 2
S 61291870 300 101656 2
S 61302869 300 101658 2
S 61313868 300 101666 2
S 61324868 300 101661 2
S 61335867 300 101661 2
S 61346866 300 101655 2
S 61357865 300 101654 2
S 61368865 300 101657 2
S 61379864 300 101655 2
S 61390863 300 101655 2
S 61401863 300 101657 2
S 61412862 300 101657 2
S 61423861 300 101661 2
S 61434861 300 101660 2
S 61445860 300 101662 2
S 61461859 300 101664 2
S 61472858 300 101660 2
S 61483858 300 101663 2
S 61494857 300 101661 2
S 61505856 300 101661 2
S 61516856 300 101659 2
S 61527855 300 101660 2
S 61538854 300 101658 2
S 61549853 300 101660 2
S 61560853 300 101654 2
S 61571852 300 101657 2
S 61582851 300 101657 2
S 61593851 300 101666 2
S 61604850 300 101660 2
S 61615849 300 101662 2
S 61626849 300 101659 2
S 61637848 300 101662 2
S 61648847 300 101656 2
S 61659847 300 101660 2
S 61670846 300 101658 2
S 61681845 300 101657 2
S 61692845 300 101662 2
S 61703844 300 101663 2
S 61714843 300 101657 2
S 61725842 300 101657 2
S 61736842 300 101657 2
S 61747841 300 101658 2
S 61758840 300 101655 2
S 61769840 300 101656 2
S 61780839 300 101660 2
S 61791838 300 101655 2
S 61802838 300 101652 2
S 61813837 300 101658 2
S 61824836 300 101656 2
S 61835836 300 101655 2
S 61846835 300 101655 2
S 61857834 300 101657 2
S 61868834 300 101659 2
S 61879833 300 101655 2
S 61890832 300 101656 2
S 61901831 300 101663 2
S 61912831 300 101660 2
S 61923830 300 101657 2
S 61934829 300 101660 2
S 61945829 300 101664 2
S 61956828 300 101662 2
S 61967827 300 101657 2
S 61978827 300 101658 2
S 61989826 300 101659 2
S 62000826 300 101657 2
S 62011825 300 101664 2
S 62022824 300 101655 2
S 62033823 300 101660 2
S 62044823 300 101661 2
S 62055822 300 101661 2
S 62066821 300 101655 2
S 62077820 300 101659 2
S 62088820 300 101658 2
S 62099819 300 101655 2
S 62110818 300 101658 2
S 62121818 300 101657 2
S 62132817 300 101657 2
S 62143816 300 101657 2
S 62154816 300 101660 2
S 62165815 300 101663 2
S 62176814 300 101660 2
S 62187814 300 101654 2
S 62198813 300 101663 2
S 62209812 300 101657 2
S 62220812 300 101651 2
S 62231811 300 101657 2
S 62242810 300 101655 2
S 62253809 300 101658 2
S 62264809 300 101655 2
S 62275808 300 101653 2
S 62286807 300 101655 2
S 62297807 300 101656 2
S 62308806 300 101661 2
S 62319805 300 101655 2
S 62330805 300 101663 2
S 62341804 300 101660 2
S 62352803 300 101662 2
S 62363803 300 101661 2
S 62374802 300 101658 2
S 62385801 300 101659 2
S 62396801 300 101656 2
S 62407800 300 101654 2
S 62418799 300 101656 2
S 62429798 300 101659 2
S 62440798 300 101660 2
S 62451797 300 101658 2
S 62467796 300 101661 2
S 62478795 300 101662 2
S 62489795 300 101658 2
S 62500794 300 101654 2
S 62511793 300 101663 2
S 62522793 300 101657 2
S 62533792 300 101655 2
S 62544791 300 101656 2
S 62555791 300 101656 2
S 62566790 300 101658 2
S 62577789 300 101657 2
S 62588789 300 101662 2
S 62599788 300 101659 2
S 62610787 300 101661 2
S 62621786 300 101655 2
S 62632786 300 101654 2
S 62643785 300 101659 2
S 62654784 300 101658 2
S 62665784 300 101661 2
S 62676783 300 101663 2
S 62687782 300 101664 2
S 62698782 300 101665 2
S 62709781 300 101666 2
S 62720780 300 101664 2
S 62731780 300 101659 2
S 62742779 300 101661 2
S 62753778 300 101660 2
S 62764778 300 101661 2
S 62775777 300 101659 2
S 62786776 300 101657 2
S 62797775 300 101649 2
S 62808775 300 101657 2
S 62819774 300 101661 2
S 62830773 300 101661 2
S 62841773 300 101658 2
S 62852772 300 101658 2
S 62863771 300 101661 2
S 62874771 300 101661 2
S 62885770 300 101659 2
S 62896769 300 101655 2
S 62907769 300 101659 2
S 62918768 300 101661 2
S 62929767 300 101657 2
S 62940767 300 101656 2
S 62951766 300 101659 2
S 62962765 300 101658 2
S 62973764 300 101658 2
S 62984764 300 101659 2
S 62995763 300 101658 2
S 63006762 300 101663 2
S 63017762 300 101659 2
S 63028761 300 101662 2
S 63039760 300 101661 2
S 63050760 300 101660 2
S 63061759 300 101663 2
S 63072758 300 101661 2
S 63083758 300 101662 2
S 63094757 300 101661 2
S 63105756 300 101660 2
S 63116756 300 101659 2
S 63127755 300 101658 2
S 63138754 300 101658 2
S 63149753 300 101658 2
S 63160753 300 101657 2
S 63171752 300 101658 2
S 63182751 300 101656 2
S 63193751 300 101659 2
S 63204750 300 101661 2
S 63215749 300 101660 2
S 63226749 300 101659 2
S 63237748 300 101661 2
S 63248747 300 101661 2
S 63259747 300 101658 2
S 63270746 300 101659 2
S 63281745 300 101661 2
S 63292745 300 101656 2
S 63303744 300 101659 2
S 63314743 300 101662 2
S 63325742 300 101662 2
S 63336742 300 101661 2
S 63347741 300 101659 2
S 63358740 300 101657 2
S 63369740 300 101663 2
S 63380739 300 101660 2
S 63391738 300 101658 2
S 63402738 300 101658 2
S 63413737 300 101655 2
S 63424736 300 101663 2
S 63435736 300 101655 2
S 63446735 300 101659 2
S 63457734 300 101662 2
S 63473733 300 101661 2
S 63484733 300 101661 2
S 63495732 300 101659 2
S 63506731 300 101660 2
S 63517730 300 101662 2
S 63528730 300 101660 2
S 63539729 300 101665 2
S 63550728 300 101658 2
S 63561728 300 101660 2
S 63572727 300 101663 2
S 63583726 300 101660 2
S 63594726 300 101661 2
S 63605725 300 101658 2
S 63616724 300 101659 2
S 63627724 300 101657 2
S 63638723 300 101661 2
S 63649722 300 101655 2
S 63660722 300 101657 2
S 63671721 300 101656 2
S 63682720 300 101655 2
S 63693719 300 101651 2
S 63704719 300 101660 2
S 63715718 300 101655 2
S 63726717 300 101652 2
S 63737717 300 101656 2
S 63748716 300 101655 2
S 63759715 300 101655 2
S 63770715 300 101657 2
S 63781714 300 101662 2
S 63792713 300 101655 2
S 63803713 300 101655 2
S 63814712 300 101658 2
S 63825711 300 101656 2
S 63836711 300 101656 2
S 63847710 300 101655 2
S 63858709 300 101662 2
S 63869708 300 101661 2
S 63880708 300 101657 2
S 63891707 300 101660 2
S 63902706 300 101658 2
S 63913706 300 101658 2
S 63924705 300 101657 2
S 63935704 300 101657 2
S 63946704 300 101661 2
S 63957703 300 101663 2
S 63968702 300 101659 2
S 63979702 300 101661 2
S 63990701 300 101660 2
S 64001701 300 101660 2
S 64012700 300 101657 2
S 64023699 300 101661 2
S 64034698 300 101662 2
S 64045697 300 101662 2
S 64056697 300 101660 2
S 64067696 300 101661 2
S 64078695 300 101659 2
S 64089695 300 101657 2
S 64100694 300 101660 2
S 64111693 300 101655 2
S 64122693 300 101663 2
S 64133692 300 101665 2
S 64144691 300 101663 2
S 64155691 300 101665 2
S 64166690 300 101661 2
S 64177689 300 101660 2
S 64188689 300 101657 2
S 64199688 300 101660 2
S 64210687 300 101660 2
S 64221686 300 101660 2
S 64232686 300 101661 2
S 64243685 300 101662 2
S 64254684 300 101662 2
S 64265684 300 101657 2
S 64276683 300 101661 2
S 64287682 300 101665 2
S 64298682 300 101658 2
S 64309681 300 101656 2
S 64320680 300 101655 2
S 64331680 300 101653 2
S 64342679 300 101653 2
S 64353678 300 101656 2
S 64364678 300 101654 2
S 64375677 300 101652 2
S 64386676 300 101658 2
S 64397675 300 101655 2
S 64408675 300 101652 2
S 64419674 300 101654 2
S 64430673 300 101655 2
S 64441673 300 101659 2
S 64452672 300 101650 2
S 64463671 300 101656 2
S 64479670 300 101661 2
S 64490670 300 101658 2
S 64501669 300 101660 2
S 64512668 300 101659 2
S 64523668 300 101655 2
S 64534667 300 101662 2
S 64545666 300 101662 2
S 64556666 300 101664 2
S 64567665 300 101663 2
S 64578664 300 101658 2
S 64589663 300 101654 2
S 64600663 300 101658 2
S 64611662 300 101655 2
S 64622661 300 101661 2
S 64633661 300 101657 2
S 64644660 300 101661 2
S 64655659 300 101658 2
S 64666659 300 101659 2
S 64677658 300 101658 2
S 64688657 300 101657 2
S 64699657 300 101656 2
S 64710656 300 101658 2
S 64721655 300 101658 2
S 64732655 300 101658 2
S 64743654 300 101657 2
S 64754653 300 101649 2
S 64765652 300 101652 2
S 64776652 300 101648 2
S 64787651 300 101653 2
S 64798650 300 101659 2
S 64809650 300 101659 2
S 64820649 300 101655 2
S 64831648 300 101652 2
S 64842648 300 101655 2
S 64853647 300 101661 2
S 64864646 300 101658 2
S 64875646 300 101664 2
S 64886645 300 101661 2
S 64897644 300 101662 2
S 64908644 300 101664 2
S 64919643 300 101663 2
S 64930642 300 101660 2
S 64941641 300 101664 2
S 64952641 300 101662 2
S 64963640 300 101660 2
S 64974639 300 101659 2
S 64985639 300 101655 2
S 64996638 300 101657 2
S 65007637 300 101654 2
S 65018637 300 101659 2
S 65029636 300 101658 2
S 65040635 300 101657 2
S 65051635 300 101658 2
S 65062634 300 101652 2
S 65073633 300 101657 2
S 65084633 300 101657 2
S 65095632 300 101655 2
S 65106631 300 101652 2
S 65117630 300 101655 2
S 65128630 300 101654 2
S 65139629 300 101654 2
S 65150628 300 101657 2
S 65161628 300 101659 2
S 65172627 300 101655 2
S 65183626 300 101661 2
S 65194626 300 101659 2
S 65205625 300 101655 2
S 65216624 300 101658 2
S 65227624 300 101658 2
S 65238623 300 101656 2
S 65249622 300 101658 2
S 65260622 300 101655 2
S 65271621 300 101658 2
S 65282620 300 101658 2
S 65293619 300 101658 2
S 65304619 300 101659 2
S 65315618 300 101663 2
S 65326617 300 101658 2
S 65337617 300 101658 2
S 65348616 300 101663 2
S 65359615 300 101658 2
S 65370615 300 101659 2
S 65381614 300 101655 2
S 65392613 300 101658 2
S 65403613 300 101659 2
S 65414612 300 101660 2
S 65425611 300 101660 2
S 65436611 300 101658 2
S 65447610 300 101660 2
S 65458609 300 101654 2
S 65469608 300 101657 2
S 65485607 300 101651 2
S 65496607 300 101655 2
S 65507606 300 101651 2
S 65518605 300 101651 2
S 65529605 300 101655 2
S 65540604 300 101658 2
S 65551603 300 101652 2
S 65562603 300 101655 2
S 65573602 300 101652 2
S 65584601 300 101652 2
S 65595601 300 101656 2
S 65606600 300 101655 2
S 65617599 300 101657 2
S 65628599 300 101650 2
S 65639598 300 101656 2
S 65650597 300 101657 2
S 65661596 300 101655 2
S 65672596 300 101657 2
S 65683595 300 101657 2
S 65694594 300 101660 2
S 65705594 300 101658 2
S 65716593 300 101658 2
S 65727592 300 101658 2
S 65738592 300 101657 2
S 65749591 300 101660 2
S 65760590 300 101660 2
S 65771590 300 101659 2
S 65782589 300 101659 2
S 65793588 300 101658 2
S 65804588 300 101658 2
S 65815587 300 101658 2
S 65826586 300 101658 2
S 65837585 300 101654 2
S 65848585 300 101660 2
S 65859584 300 101651 2
S 65870583 300 101657 2
S 65881583 300 101655 2
S 65892582 300 101654 2
S 65903581 300 101657 2
S 65914581 300 101659 2
S 65925580 300 101658 2
S 65936579 300 101655 2
S 65947579 300 101657 2
S 65958578 300 101660 2
S 65969577 300 101659 2
S 65980577 300 101657 2
S 65991576 300 101657 2
S 66002575 300 101661 2
S 66013574 300 101660 2
S 66024574 300 101665 2
S 66035573 300 101660 2
S 66046572 300 101656 2
S 66057572 300 101657 2
S 66068571 300 101660 2
S 66079570 300 101655 2
S 66090570 300 101656 2
S 66101569 300 101657 2
S 66112568 300 101655 2
S 66123568 300 101660 2
S 66134567 300 101652 2
S 66145566 300 101657 2
S 66156566 300 101655 2
S 66167565 300 101657 2
S 66178564 300 101657 2
S 66189563 300 101660 2
S 66200563 300 101659 2
S 66211562 300 101657 2
S 66222561 300 101661 2
S 66233561 300 101656 2
S 66244560 300 101655 2
S 66255559 300 101657 2
S 66266559 300 101657 2
S 66277558 300 101655 2
S 66288557 300 101658 2
S 66299557 300 101655 2
S 66310556 300 101657 2
S 66321555 300 101657 2
S 66332555 300 101657 2
S 66343554 300 101655 2
S 66354553 300 101658 2
S 66365552 300 101661 2
S 66376552 300 101655 2
S 66387551 300 101654 2
S 66398550 300 101657 2
S 66409550 300 101655 2
S 66420549 300 101657 2
S 66431548 300 101652 2
S 66442548 300 101657 2
S 66453547 300 101655 2
S 66464546 300 101654 2
S 66475546 300 101654 2
S 66491545 299 101654 2
S 66502544 299 101656 2
S 66513543 299 101653 2
S 66524543 299 101651 2
S 66535542 299 101652 2
S 66546541 299 101651 2
S 66557540 299 101651 2
S 66568540 299 101652 2
S 66579539 299 101657 2
S 66590538 299 101655 2
S 66601538 299 101654 2
S 66612537 299 101651 2
S 66623536 299 101653 2
S 66634536 299 101651 2
S 66645535 299 101650 2
S 66656534 299 101652 2
S 66667534 299 101648 2
S 66678533 299 101649 2
S 66689532 299 101646 2
S 66700532 299 101651 2
S 66711531 299 101649 2
S 66722530 299 101653 2
S 66733529 299 101651 2
S 66744529 299 101654 2
S 66755528 299 101652 2
S 66766527 299 101655 2
S 66777527 299 101656 2
S 66788526 299 101660 2
S 66799525 299 101658 2
S 66810525 299 101658 2
S 66821524 299 101654 2
S 66832523 299 101653 2
S 66843523 299 101650 2
S 66854522 299 101654 2
S 66865521 299 101654 2
S 66876521 299 101649 2
S 66887520 299 101651 2
S 66898519 299 101656 2
S 66909518 299 101654 2
S 66920518 299 101654 2
S 66931517 299 101654 2
S 66942516 299 101651 2
S 66953516 299 101652 2
S 66964515 299 101654 2
S 66975514 299 101654 2
S 66986514 299 101648 2
S 66997513 299 101648 2
S 67008512 299 101654 2
S 67019512 299 101655 2
S 67030511 299 101654 2
S 67041510 299 101649 2
S 67052510 299 101651 2
S 67063509 299 101650 2
S 67074508 299 101654 2
S 67085507 299 101654 2
S 67096507 299 101657 2
S 67107506 299 101657 2
S 67118505 299 101658 2
S 67129505 299 101656 2
S 67140504 299 101650 2
S 67151503 299 101653 2
S 67162503 299 101653 2
S 67173502 299 101649 2
S 67184501 299 101651 2
S 67195501 299 101652 2
S 67206500 299 101657 2
S 67217499 299 101653 2
S 67228499 299 101656 2
S 67239498 299 101657 2
S 67250497 299 101656 2
S 67261496 299 101649 2
S 67272496 299 101654 2
S 67283495 299 101651 2
S 67294494 299 101654 2
S 67305494 299 101651 2
S 67316493 299 101656 2
S 67327492 299 101660 2
S 67338492 299 101657 2
S 67349491 299 101658 2
S 67360490 299 101658 2
S 67371490 299 101655 2
S 67382489 299 101652 2
S 67393488 299 101654 2
S 67404488 299 101660 2
S 67415487 299 101656 2
S 67426486 299 101653 2
S 67437485 299 101658 2
S 67448485 299 101657 2
S 67459484 299 101653 2
S 67470483 299 101657 2
S 67481483 299 101657 2
S 67497482 299 101657 2
S 67508481 299 101660 2
S 67519480 299 101660 2
S 67530480 299 101657 2
S 67541479 299 101657 2
S 67552478 299 101659 2
S 67563478 299 101659 2
S 67574477 299 101659 2
S 67585476 299 101660 2
S 67596476 299 101652 2
S 67607475 299 101652 2
S 67618474 299 101661 2
S 67629473 299 101654 2
S 67640473 299 101650 2
S 67651472 299 101657 2
S 67662471 299 101655 2
S 67673471 299 101661 2
S 67684470 299 101657 2
S 67695469 299 101660 2
S 67706469 299 101656 2
S 67717468 299 101653 2
S 67728467 299 101653 2
S 67739467 299 101654 2
S 67750466 299 101651 2
S 67761465 299 101654 2
S 67772465 299 101657 2
S 67783464 299 101659 2
S 67794463 299 101656 2
S 67805462 299 101655 2
S 67816462 299 101656 2
S 67827461 299 101655 2
S 67838460 299 101658 2
S 67849460 299 101657 2
S 67860459 299 101655 2
S 67871458 299 101654 2
S 67882458 299 101659 2
S 67893457 299 101661 2
S 67904456 299 101655 2
S 67915456 299 101656 2
S 67926455 299 101654 2
S 67937454 299 101652 2
S 67948454 299 101651 2
S 67959453 299 101654 2
S 67970452 299 101654 2
S 67981451 299 101654 2
S 67992451 299 101654 2
S 68003450 299 101657 2
S 68014449 299 101654 2
S 68025449 299 101652 2
S 68036448 299 101657 2
S 68047447 299 101654 2
S 68058447 299 101653 2
S 68069446 299 101652 2
S 68080445 299 101651 2
S 68091445 299 101648 2
S 68102444 299 101656 2
S 68113443 299 101651 2
S 68124443 299 101656 2
S 68135442 299 101656 2
S 68146441 299 101653 2
S 68157440 299 101657 2
S 68168440 299 101658 2
S 68179439 299 101654 2
S 68190438 299 101656 2
S 68201438 299 101653 2
S 68212437 299 101654 2
S 68223436 299 101654 2
S 68234436 299 101652 2
S 68245435 299 101653 2
S 68256434 299 101654 2
S 68267434 299 101654 2
S 68278433 299 101648 2
S 68289432 299 101651 2
S 68300432 299 101653 2
S 68311431 299 101652 2
S 68322430 299 101648 2
S 68333429 299 101654 2
S 68344429 299 101654 2
S 68355428 299 101653 2
S 68366427 299 101649 2
S 68377427 299 101654 2
S 68388426 299 101654 2
S 68399425 299 101648 2
S 68410425 299 101654 2
S 68421424 299 101653 2
S 68432423 299 101648 2
S 68443423 299 101650 2
S 68454422 299 101652 2
S 68465421 299 101656 2
S 68476421 299 101656 2
S 68487420 299 101653 2
S 68503419 300 101659 2
S 68514418 300 101660 2
S 68525417 300 101663 2
S 68536417 300 101660 2
S 68547416 300 101660 2
S 68558415 300 101660 2
S 68569415 300 101663 2
S 68580414 300 101661 2
S 68591413 300 101657 2
S 68602413 300 101658 2
S 68613412 300 101657 2
S 68624411 300 101660 2
S 68635411 300 101657 2
S 68646410 300 101652 2
S 68657409 300 101651 2
S 68668409 300 101656 2
S 68679408 300 101657 2
S 68690407 300 101658 2
S 68701406 300 101659 2
S 68712406 300 101656 2
S 68723405 300 101660 2
S 68734404 300 101660 2
S 68745404 300 101660 2
S 68756403 300 101661 2
S 68767402 300 101655 2
S 68778402 300 101660 2
S 68789401 300 101660 2
S 68800400 300 101655 2
S 68811400 300 101654 2
S 68822399 300 101657 2
S 68833398 300 101658 2
S 68844398 300 101659 2
S 68855397 300 101662 2
S 68866396 300 101658 2
S 68877395 300 101663 2
S 68888395 300 101659 2
S 68899394 300 101655 2
S 68910393 300 101657 2
S 68921393 300 101659 2
S 68932392 300 101660 2
S 68943391 300 101655 2
S 68954391 300 101660 2
S 68965390 300 101665 2
S 68976389 300 101659 2
S 68987389 300 101666 2
S 68998388 300 101664 2
S 69009387 300 101661 2
S 69020387 300 101666 2
S 69031386 300 101664 2
S 69042385 300 101666 2
S 69053384 300 101668 2
S 69064384 300 101664 2
S 69075383 300 101660 2
S 69086382 300 101663 2
S 69097382 300 101664 2
S 69108381 300 101662 2
S 69119380 300 101666 2
S 69130380 300 101664 2
S 69141379 300 101662 2
S 69152378 300 101663 2
S 69163378 300 101662 2
S 69174377 300 101665 2
S 69185376 300 101661 2
S 69196376 300 101657 2
S 69207375 300 101659 2
S 69218374 300 101663 2
S 69229373 300 101661 2
S 69240373 300 101664 2
S 69251372 300 101660 2
S 69262371 300 101664 2
S 69273371 300 101663 2
S 69284370 300 101657 2
S 69295369 300 101661 2
S 69306369 300 101663 2
S 69317368 300 101661 2
S 69328367 300 101660 2
S 69339367 300 101665 2
S 69350366 300 101660 2
S 69361365 300 101663 2
S 69372365 300 101661 2
S 69383364 300 101669 2
S 69394363 300 101669 2
S 69405362 300 101669 2
S 69416362 300 101666 2
S 69427361 300 101665 2
S 69438360 300 101668 2
S 69449360 300 101664 2
S 69460359 300 101667 2
S 69471358 300 101670 2
S 69482358 300 101669 2
S 69493357 300 101667 2
S 69509356 299 101666 2
S 69520355 299 101661 2
S 69531355 299 101659 2
S 69542354 299 101658 2
S 69553353 299 101657 2
S 69564353 299 101664 2
S 69575352 299 101657 2
S 69586351 299 101657 2
S 69597350 299 101658 2
S 69608350 299 101659 2
S 69619349 299 101663 2
S 69630348 299 101656 2
S 69641348 299 101659 2
S 69652347 299 101660 2
S 69663346 299 101658 2
S 69674346 299 101661 2
S 69685345 299 101668 2
S 69696344 299 101663 2
S 69707344 299 101660 2
S 69718343 299 101662 2
S 69729342 299 101660 2
S 69740342 299 101661 2
S 69751341 299 101655 2
S 69762340 299 101660 2
S 69773339 299 101658 2
S 69784339 299 101662 2
S 69795338 299 101663 2
S 69806337 299 101659 2
S 69817337 299 101662 2
S 69828336 299 101657 2
S 69839335 299 101659 2
S 69850335 299 101660 2
S 69861334 299 101659 2
S 69872333 299 101655 2
S 69883333 299 101657 2
S 69894332 299 101657 2
S 69905331 299 101651 2
S 69916331 299 101656 2
S 69927330 299 101651 2
S 69938329 299 101660 2
S 69949328 299 101658 2
S 69960328 299 101660 2
S 69971327 299 101660 2
S 69982326 299 101654 2
S 69993326 299 101653 2
S 70004325 299 101659 2
S 70015324 299 101657 2
S 70026324 299 101650 2
S 70037323 299 101654 2
S 70048322 299 101652 2
S 70059322 299 101654 2
S 70070321 299 101651 2
S 70081320 299 101654 2
S 70092320 299 101652 2
S 70103319 299 101648 2
S 70114318 299 101656 2
S 70125317 299 101655 2
S 70136317 299 101652 2
S 70147316 299 101660 2
S 70158315 299 101655 2
S 70169315 299 101657 2
S 70180314 299 101656 2
S 70191313 299 101655 2
S 70202313 299 101656 2
S 70213312 299 101655 2
S 70224311 299 101656 2
S 70235311 299 101654 2
S 70246310 299 101654 2
S 70257309 299 101651 2
S 70268309 299 101657 2
S 70279308 299 101654 2
S 70290307 299 101655 2
S 70301306 299 101656 2
S 70312306 299 101654 2
S 70323305 299 101655 2
S 70334304 299 101651 2
S 70345304 299 101651 2
S 70356303 299 101660 2
S 70367302 299 101660 2
S 70378302 299 101655 2
S 70389301 299 101657 2
S 70400300 299 101651 2
S 70411300 299 101653 2
S 70422299 299 101653 2
S 70433298 299 101654 2
S 70444298 299 101656 2
S 70455297 299 101654 2
S 70466296 299 101657 2
S 70477295 299 101653 2
S 70488295 299 101654 2
S 70499294 299 101660 2
S 70515293 299 101664 2
S 70526292 299 101662 2
S 70537292 299 101658 2
S 70548291 299 101659 2
S 70559290 299 101657 2
S 70570290 299 101659 2
S 70581289 299 101651 2
S 70592288 299 101657 2
S 70603288 299 101653 2
S 70614287 299 101660 2
S 70625286 299 101652 2
S 70636286 299 101657 2
S 70647285 299 101656 2
S 70658284 299 101652 2
S 70669283 299 101651 2
S 70680283 299 101657 2
S 70691282 299 101653 2
S 70702281 299 101657 2
S 70713281 299 101652 2
S 70724280 299 101654 2
S 70735279 299 101650 2
S 70746279 299 101651 2
S 70757278 299 101655 2
S 70768277 299 101653 2
S 70779277 299 101653 2
S 70790276 299 101659 2
S 70801275 299 101657 2
S 70812275 299 101657 2
S 70823274 299 101666 2
S 70834273 299 101660 2
S 70845272 299 101659 2
S 70856272 299 101654 2
S 70867271 299 101655 2
S 70878270 299 101660 2
S 70889270 299 101656 2
S 70900269 299 101657 2
S 70911268 299 101655 2
S 70922268 299 101655 2
S 70933267 299 101660 2
S 70944266 299 101657 2
S 70955266 299 101656 2
S 70966265 299 101656 2
S 70977264 299 101653 2
S 70988264 299 101651 2
S 70999263 299 101651 2
S 71010262 299 101648 2
S 71021261 299 101651 2
S 71032261 299 101652 2
S 71043260 299 101656 2
S 71054259 299 101655 2
S 71065259 299 101657 2
S 71076258 299 101656 2
S 71087257 299 101657 2
S 71098257 299 101663 2
S 71109256 299 101659 2
S 71120255 299 101662 2
S 71131255 299 101664 2
S 71142254 299 101665 2
S 71153253 299 101662 2
S 71164253 299 101660 2
S 71175252 299 101662 2
S 71186251 299 101657 2
S 71197250 299 101658 2
S 71208250 299 101661 2
S 71219249 299 101663 2
S 71230248 299 101666 2
S 71241248 299 101660 2
S 71252247 299 101661 2
S 71263246 299 101660 2
S 71274246 299 101665 2
S 71285245 299 101660 2
S 71296244 299 101664 2
S 71307244 299 101660 2
S 71318243 299 101660 2
S 71329242 299 101659 2
S 71340242 299 101660 2
S 71351241 299 101660 2
S 71362240 299 101659 2
S 71373239 299 101659 2
S 71384239 299 101661 2
S 71395238 299 101663 2
S 71406237 299 101663 2
S 71417237 299 101659 2
S 71428236 299 101660 2
S 71439235 299 101662 2
S 71450235 299 101658 2
S 71461234 299 101658 2
S 71472233 299 101662 2
S 71483233 299 101664 2
S 71494232 299 101663 2
S 71505231 299 101660 2
S 71521230 299 101666 2
S 71532230 299 101660 2
S 71543229 299 101662 2
S 71554228 299 101657 2
S 71565227 299 101658 2
S 71576227 299 101662 2
S 71587226 299 101660 2
S 71598225 299 101663 2
S 71609225 299 101661 2
S 71620224 299 101659 2
S 71631223 299 101656 2
S 71642223 299 101662 2
S 71653222 299 101663 2
S 71664221 299 101661 2
S 71675221 299 101659 2
S 71686220 299 101659 2
S 71697219 299 101657 2
S 71708219 299 101659 2
S 71719218 299 101663 2
S 71730217 299 101661 2
S 71741216 299 101660 2
S 71752216 299 101662 2
S 71763215 299 101657 2
S 71774214 299 101657 2
S 71785214 299 101658 2
S 71796213 299 101657 2
S 71807212 299 101661 2
S 71818212 299 101654 2
S 71829211 299 101660 2
S 71840210 299 101655 2
S 71851210 299 101657 2
S 71862209 299 101657 2
S 71873208 299 101663 2
S 71884208 299 101659 2
S 71895207 299 101660 2
S 71906206 299 101663 2
S 71917205 299 101657 2
S 71928205 299 101660 2
S 71939204 299 101654 2
S 71950203 299 101657 2
S 71961203 299 101663 2
S 71972202 299 101657 2
S 71983201 299 101662 2
S 71994201 299 101654 2
S 72005200 299 101663 2
S 72016199 299 101660 2
S 72027199 299 101657 2
S 72038198 299 101657 2
S 72049197 299 101660 2
S 72060197 299 101660 2
S 72071196 299 101657 2
S 72082195 299 101656 2
S 72093194 299 101660 2
S 72104194 299 101658 2
S 72115193 299 101659 2
S 72126192 299 101658 2
S 72137192 299 101654 2
S 72148191 299 101661 2
S 72159190 299 101657 2
S 72170190 299 101656 2
S 72181189 299 101654 2
S 72192188 299 101657 2
S 72203188 299 101648 2
S 72214187 299 101654 2
S 72225186 299 101657 2
S 72236186 299 101656 2
S 72247185 299 101658 2
S 72258184 299 101657 2
S 72269183 299 101662 2
S 72280183 299 101657 2
S 72291182 299 101657 2
S 72302181 299 101656 2
S 72313181 299 101659 2
S 72324180 299 101655 2
S 72335179 299 101657 2
S 72346179 299 101654 2
S 72357178 299 101654 2
S 72368177 299 101653 2
S 72379177 299 101654 2
S 72390176 299 101650 2
S 72401175 299 101649 2
S 72412175 299 101652 2
S 72423174 299 101653 2
S 72434173 299 101651 2
S 72445172 299 101654 2
S 72456172 299 101654 2
S 72467171 299 101651 2
S 72478170 299 101654 2
S 72489170 299 101651 2
S 72500169 299 101657 2
S 72511168 299 101657 2
S 72527167 299 101657 2
S 72538167 299 101648 2
S 72549166 299 101649 2
S 72560165 299 101655 2
S 72571165 299 101654 2
S 72582164 299 101654 2
S 72593163 299 101653 2
S 72604163 299 101654 2
S 72615162 299 101654 2
S 72626161 299 101648 2
S 72637160 299 101652 2
S 72648160 299 101654 2
S 72659159 299 101652 2
S 72670158 299 101651 2
S 72681158 299 101657 2
S 72692157 299 101654 2
S 72703156 299 101653 2
S 72714156 299 101648 2
S 72725155 299 101651 2
S 72736154 299 101650 2
S 72747154 299 101648 2
S 72758153 299 101651 2
S 72769152 299 101653 2
S 72780152 299 101650 2
S 72791151 299 101651 2
S 72802150 299 101652 2
S 72813149 299 101653 2
S 72824149 299 101653 2
S 72835148 299 101651 2
S 72846147 299 101655 2
S 72857147 299 101653 2
S 72868146 299 101650 2
S 72879145 299 101651 2
S 72890145 299 101656 2
S 72901144 299 101656 2
S 72912143 299 101657 2
S 72923143 299 101657 2
S 72934142 299 101654 2
S 72945141 299 101656 2
S 72956141 299 101651 2
S 72967140 299 101661 2
S 72978139 299 101655 2
S 72989138 299 101659 2
S 73000138 299 101657 2
S 73011137 299 101654 2
S 73022136 299 101649 2
S 73033136 299 101654 2
S 73044135 299 101655 2
S 73055134 299 101654 2
S 73066134 299 101654 2
S 73077133 299 101651 2
S 73088132 299 101657 2
S 73099132 299 101653 2
S 73110131 299 101655 2
S 73121130 299 101658 2
S 73132130 299 101653 2
S 73143129 299 101651 2
S 73154128 299 101652 2
S 73165127 299 101654 2
S 73176127 299 101654 2
S 73187126 299 101654 2
S 73198125 299 101658 2
S 73209125 299 101657 2
S 73220124 299 101653 2
S 73231123 299 101655 2
S 73242123 299 101654 2
S 73253122 299 101653 2
S 73264121 299 101654 2
S 73275121 299 101658 2
S 73286120 299 101654 2
S 73297119 299 101654 2
S 73308119 299 101656 2
S 73319118 299 101654 2
S 73330117 299 101653 2
S 73341116 299 101653 2
S 73352116 299 101654 2
S 73363115 299 101652 2
S 73374114 299 101652 2
S 73385114 299 101653 2
S 73396113 299 101653 2
S 73407112 299 101651 2
S 73418112 299 101657 2
S 73429111 299 101653 2
S 73440110 299 101651 2
S 73451110 299 101652 2
S 73462109 299 101655 2
S 73473108 299 101655 2
S 73484108 299 101657 2
S 73495107 299 101657 2
S 73506106 299 101657 2
S 73517105 299 101656 2
S 73533104 299 101661 2
S 73544104 299 101664 2
S 73555103 299 101664 2
S 73566102 299 101663 2
S 73577102 299 101659 2
S 73588101 299 101657 2
S 73599100 299 101661 2
S 73610100 299 101660 2
S 73621099 299 101662 2
S 73632098 299 101663 2
S 73643098 299 101663 2
S 73654097 299 101663 2
S 73665096 299 101663 2
S 73676096 299 101662 2
S 73687095 299 101662 2
S 73698094 299 101664 2
S 73709093 299 101663 2
S 73720093 299 101657 2
S 73731092 299 101659 2
S 73742091 299 101661 2
S 73753091 299 101662 2
S 73764090 299 101662 2
S 73775089 299 101658 2
S 73786089 299 101657 2
S 73797088 299 101654 2
S 73808087 299 101664 2
S 73819087 299 101662 2
S 73830086 299 101662 2
S 73841085 299 101662 2
S 73852085 299 101661 2
S 73863084 299 101657 2
S 73874083 299 101664 2
S 73885082 299 101655 2
S 73896082 299 101658 2
S 73907081 299 101663 2
S 73918080 299 101663 2
S 73929080 299 101660 2
S 73940079 299 101662 2
S 73951078 299 101663 2
S 73962078 299 101663 2
S 73973077 299 101664 2
S 73984076 299 101668 2
S 73995076 299 101660 2
S 74006075 299 101662 2
S 74017074 299 101661 2
S 74028074 299 101660 2
S 74039073 299 101659 2
S 74050072 299 101663 2
S 74061071 299 101661 2
S 74072071 299 101663 2
S 74083070 299 101659 2
S 74094069 299 101663 2
S 74105069 299 101663 2
S 74116068 299 101660 2
S 74127067 299 101666 2
S 74138067 299 101662 2
S 74149066 299 101660 2
S 74160065 299 101658 2
S 74171065 299 101663 2
S 74182064 299 101664 2
S 74193063 299 101667 2
S 74204063 299 101662 2
S 74215062 299 101657 2
S 74226061 299 101658 2
S 74237060 299 101656 2
S 74248060 299 101663 2
S 74259059 299 101659 2
S 74270058 299 101658 2
S 74281058 299 101659 2
S 74292057 299 101660 2
S 74303056 299 101655 2
S 74314056 299 101660 2
S 74325055 299 101660 2
S 74336054 299 101661 2
S 74347054 299 101662 2
S 74358053 299 101663 2
S 74369052 299 101663 2
S 74380052 299 101650 2
S 74391051 299 101658 2
S 74402050 299 101656 2
S 74413049 299 101658 2
S 74424049 299 101659 2
S 74435048 299 101657 2
S 74446047 299 101660 2
S 74457047 299 101660 2
S 74468046 299 101657 2
S 74479045 299 101657 2
S 74490045 299 101660 2
S 74501044 299 101655 2
S 74512043 299 101666 2
S 74523043 299 101658 2
S 74539042 299 101658 2
S 74550041 299 101656 2
S 74561040 299 101657 2
S 74572040 299 101653 2
S 74583039 299 101660 2
S 74594038 299 101650 2
S 74605037 299 101654 2
S 74616037 299 101657 2
S 74627036 299 101660 2
S 74638035 299 101657 2
S 74649035 299 101656 2
S 74660034 299 101655 2
S 74671033 299 101657 2
S 74682033 299 101658 2
S 74693032 299 101659 2
S 74704031 299 101659 2
S 74715031 299 101660 2
S 74726030 299 101658 2
S 74737029 299 101661 2
S 74748029 299 101657 2
S 74759028 299 101657 2
S 74770027 299 101660 2
S 74781026 299 101663 2
S 74792026 299 101659 2
S 74803025 299 101654 2
S 74814024 299 101657 2
S 74825024 299 101657 2
S 74836023 299 101657 2
S 74847022 299 101659 2
S 74858022 299 101662 2
S 74869021 299 101660 2
S 74880020 299 101657 2
S 74891020 299 101657 2
S 74902019 299 101654 2
S 74913018 299 101660 2
S 74924018 299 101656 2
S 74935017 299 101660 2
S 74946016 299 101660 2
S 74957015 299 101659 2
S 74968015 299 101660 2
S 74979014 299 101660 2
S 74990013 299 101652 2
S 75001014 299 101657 2
S 75012012 299 101652 2
S 75023011 299 101656 2
S 75034011 299 101659 2
S 75045010 299 101660 2
S 75056009 299 101659 2
S 75067009 299 101662 2
S 75078008 299 101659 2
S 75089007 299 101651 2
S 75100007 299 101655 2
S 75111006 299 101659 2
S 75122005 299 101659 2
S 75133004 299 101658 2
S 75144004 299 101657 2
S 75155003 299 101649 2
S 75166002 299 101654 2
S 75177002 299 101652 2
S 75188001 299 101648 2
S 75199000 299 101656 2
S 75210000 299 101657 2
S 75220999 299 101659 2
S 75231998 299 101657 2
S 75242998 299 101654 2
S 75253997 299 101659 2
S 75264996 299 101658 2
S 75275996 299 101658 2
S 75286995 299 101663 2
S 75297994 299 101663 2
S 75308993 299 101660 2
S 75319993 299 101662 2
S 75330992 299 101665 2
S 75341991 299 101663 2
S 75352991 299 101663 2
S 75363990 299 101663 2
S 75374989 299 101660 2
S 75385989 299 101662 2
S 75396988 299 101658 2
S 75407987 299 101660 2
S 75418987 299 101660 2
S 75429986 299 101659 2
S 75440985 299 101655 2
S 75451985 299 101658 2
S 75462984 299 101657 2
S 75473983 299 101654 2
S 75484982 299 101654 2
S 75495982 299 101657 2
S 75506981 299 101660 2
S 75517980 299 101656 2
S 75528980 299 101660 2
S 75544979 299 101665 2
S 75555978 299 101662 2
S 75566977 299 101656 2
S 75577977 299 101661 2
S 75588976 299 101658 2
S 75599975 299 101662 2
S 75610975 299 101661 2
S 75621974 299 101661 2
S 75632973 299 101660 2
S 75643973 299 101655 2
S 75654972 299 101657 2
S 75665971 299 101661 2
S 75676970 299 101659 2
S 75687970 299 101657 2
S 75698969 299 101657 2
S 75709968 299 101659 2
S 75720968 299 101657 2
S 75731967 299 101658 2
S 75742966 299 101658 2
S 75753966 299 101657 2
S 75764965 299 101654 2
S 75775964 299 101656 2
S 75786964 299 101660 2
S 75797963 299 101660 2
S 75808962 299 101665 2
S 75819962 299 101661 2
S 75830961 299 101657 2
S 75841960 299 101657 2
S 75852959 299 101662 2
S 75863959 299 101663 2
S 75874958 299 101657 2
S 75885957 299 101659 2
S 75896957 299 101658 2
S 75907956 299 101655 2
S 75918955 299 101654 2
S 75929955 299 101660 2
S 75940954 299 101656 2
S 75951953 299 101654 2
S 75962953 299 101660 2
S 75973952 299 101655 2
S 75984951 299 101656 2
S 75995951 299 101652 2
S 76006950 299 101655 2
S 76017949 299 101658 2
S 76028948 299 101659 2
S 76039948 299 101656 2
S 76050947 299 101654 2
S 76061946 299 101658 2
S 76072946 299 101654 2
S 76083945 299 101652 2
S 76094944 299 101656 2
S 76105944 299 101657 2
S 76116943 299 101660 2
S 76127942 299 101658 2
S 76138942 299 101657 2
S 76149941 299 101655 2
S 76160940 299 101657 2
S 76171940 299 101654 2
S 76182939 299 101656 2
S 76193938 299 101654 2
S 76204937 299 101655 2
S 76215937 299 101657 2
S 76226936 299 101654 2
S 76237935 299 101661 2
S 76248935 299 101660 2
S 76259934 299 101657 2
S 76270933 299 101662 2
S 76281933 299 101660 2
S 76292932 299 101660 2
S 76303931 299 101658 2
S 76314931 299 101659 2
S 76325930 299 101659 2
S 76336929 299 101662 2
S 76347929 299 101660 2
S 76358928 299 101661 2
S 76369927 299 101662 2
S 76380926 299 101663 2
S 76391926 299 101659 2
S 76402925 299 101662 2
S 76413924 299 101659 2
S 76424924 299 101658 2
S 76435923 299 101660 2
S 76446922 299 101660 2
S 76457922 299 101659 2
S 76468921 299 101663 2
S 76479920 299 101663 2
S 76490920 299 101660 2
S 76501919 299 101666 2
S 76512918 299 101664 2
S 76523918 299 101663 2
S 76534917 299 101666 2
S 76550916 299 101666 2
S 76561915 299 101666 2
S 76572914 299 101667 2
S 76583914 299 101669 2
S 76594913 299 101662 2
S 76605912 299 101664 2
S 76616912 299 101663 2
S 76627911 299 101663 2
S 76638910 299 101660 2
S 76649910 299 101660 2
S 76660909 299 101663 2
S 76671908 299 101667 2
S 76682908 299 101665 2
S 76693907 299 101669 2
S 76704906 299 101669 2
S 76715906 299 101666 2
S 76726905 299 101662 2
S 76737904 299 101666 2
S 76748903 299 101668 2
S 76759903 299 101663 2
S 76770902 299 101660 2
S 76781901 299 101664 2
S 76792901 299 101662 2
S 76803900 299 101663 2
S 76814899 299 101663 2
S 76825899 299 101660 2
S 76836898 299 101664 2
S 76847897 299 101666 2
S 76858897 299 101669 2
S 76869896 299 101666 2
S 76880895 299 101663 2
S 76891895 299 101666 2
S 76902894 299 101673 2
S 76913893 299 101667 2
S 76924892 299 101665 2
S 76935892 299 101665 2
S 76946891 299 101666 2
S 76957890 299 101665 2
S 76968890 299 101664 2
S 76979889 299 101668 2
S 76990888 299 101663 2
S 77001888 299 101663 2
S 77012887 299 101662 2
S 77023886 299 101665 2
S 77034886 299 101668 2
S 77045885 299 101662 2
S 77056884 299 101666 2
S 77067884 299 101665 2
S 77078883 299 101660 2
S 77089882 299 101663 2
S 77100881 299 101660 2
S 77111881 299 101666 2
S 77122880 299 101663 2
S 77133879 299 101662 2
S 77144879 299 101663 2
S 77155878 299 101666 2
S 77166877 299 101664 2
S 77177877 299 101661 2
S 77188876 299 101665 2
S 77199875 299 101666 2
S 77210875 299 101672 2
S 77221874 299 101661 2
S 77232873 299 101667 2
S 77243873 299 101668 2
S 77254872 299 101663 2
S 77265871 299 101665 2
S 77276870 299 101666 2
S 77287870 299 101667 2
S 77298869 299 101664 2
S 77309868 299 101663 2
S 77320868 299 101666 2
S 77331867 299 101663 2
S 77342866 299 101669 2
S 77353866 299 101666 2
S 77364865 299 101665 2
S 77375864 299 101667 2
S 77386864 299 101668 2
S 77397863 299 101669 2
S 77408862 299 101670 2
S 77419862 299 101668 2
S 77430861 299 101669 2
S 77441860 299 101667 2
S 77452859 299 101666 2
S 77463859 299 101666 2
S 77474858 299 101665 2
S 77485857 299 101668 2
S 77496857 299 101665 2
S 77507856 299 101664 2
S 77518855 299 101671 2
S 77529855 299 101666 2
S 77540854 299 101669 2
S 77556853 299 101667 2
S 77567852 299 101667 2
S 77578852 299 101665 2
S 77589851 299 101667 2
S 77600850 299 101668 2
S 77611850 299 101670 2
S 77622849 299 101668 2
S 77633848 299 101669 2
S 77644847 299 101666 2
S 77655847 299 101663 2
S 77666846 299 101666 2
S 77677845 299 101666 2
S 77688845 299 101666 2
S 77699844 299 101663 2
S 77710843 299 101664 2
S 77721843 299 101662 2
S 77732842 299 101666 2
S 77743841 299 101665 2
S 77754841 299 101667 2
S 77765840 299 101664 2
S 77776839 299 101660 2
S 77787839 299 101660 2
S 77798838 299 101661 2
S 77809837 299 101663 2
S 77820836 299 101661 2
S 77831836 299 101662 2
S 77842835 299 101660 2
S 77853834 299 101656 2
S 77864834 299 101657 2
S 77875833 299 101660 2
S 77886832 299 101660 2
S 77897832 299 101656 2
S 77908831 299 101655 2
S 77919830 299 101654 2
S 77930830 299 101657 2
S 77941829 299 101657 2
S 77952828 299 101655 2
S 77963828 299 101661 2
S 77974827 299 101663 2
S 77985826 299 101658 2
S 77996825 299 101658 2
S 78007825 299 101657 2
S 78018824 299 101659 2
S 78029823 299 101662 2
S 78040823 299 101662 2
S 78051822 299 101660 2
S 78062821 299 101660 2
S 78073821 299 101662 2
S 78084820 299 101663 2
S 78095819 299 101658 2
S 78106819 299 101663 2
S 78117818 299 101663 2
S 78128817 299 101661 2
S 78139817 299 101661 2
S 78150816 299 101663 2
S 78161815 299 101661 2
S 78172814 299 101661 2
S 78183814 299 101660 2
S 78194813 299 101657 2
S 78205812 299 101666 2
S 78216812 299 101662 2
S 78227811 299 101659 2
S 78238810 299 101657 2
S 78249810 299 101657 2
S 78260809 299 101662 2
S 78271808 299 101666 2
S 78282808 299 101663 2
S 78293807 299 101661 2
S 78304806 299 101659 2
S 78315806 299 101658 2
S 78326805 299 101659 2
S 78337804 299 101663 2
S 78348803 299 101660 2
S 78359803 299 101663 2
S 78370802 299 101657 2
S 78381801 299 101663 2
S 78392801 299 101663 2
S 78403800 299 101658 2
S 78414799 299 101661 2
S 78425799 299 101659 2
S 78436798 299 101660 2
S 78447797 299 101657 2
S 78458797 299 101660 2
S 78469796 299 101660 2
S 78480795 299 101659 2
S 78491795 299 101659 2
S 78502794 299 101657 2
S 78513793 299 101656 2
S 78524792 299 101658 2
S 78535792 299 101659 2
S 78546791 299 101660 2
S 78562790 299 101656 2
S 78573789 299 101657 2
S 78584789 299 101656 2
S 78595788 299 101654 2
S 78606787 299 101654 2
S 78617787 299 101655 2
S 78628786 299 101656 2
S 78639785 299 101654 2
S 78650785 299 101656 2
S 78661784 299 101659 2
S 78672783 299 101655 2
S 78683783 299 101657 2
S 78694782 299 101653 2
S 78705781 299 101655 2
S 78716780 299 101657 2
S 78727780 299 101656 2
S 78738779 299 101657 2
S 78749778 299 101658 2
S 78760778 299 101658 2
S 78771777 299 101657 2
S 78782776 299 101660 2
S 78793776 299 101653 2
S 78804775 299 101651 2
S 78815774 299 101656 2
S 78826774 299 101651 2
S 78837773 299 101652 2
S 78848772 299 101656 2
S 78859772 299 101654 2
S 78870771 299 101658 2
S 78881770 299 101657 2
S 78892769 299 101652 2
S 78903769 299 101654 2
S 78914768 299 101654 2
S 78925767 299 101654 2
S 78936767 299 101651 2
S 78947766 299 101655 2
S 78958765 299 101657 2
S 78969765 299 101658 2
S 78980764 299 101662 2
S 78991763 299 101660 2
S 79002763 299 101656 2
S 79013762 299 101653 2
S 79024761 299 101655 2
S 79035761 299 101653 2
S 79046760 299 101653 2
S 79057759 299 101659 2
S 79068758 299 101654 2
S 79079758 299 101654 2
S 79090757 299 101655 2
S 79101756 299 101654 2
S 79112756 299 101652 2
S 79123755 299 101657 2
S 79134754 299 101656 2
S 79145754 299 101657 2
S 79156753 299 101654 2
S 79167752 299 101651 2
S 79178752 299 101651 2
S 79189751 299 101651 2
S 79200750 299 101654 2
S 79211750 299 101651 2
S 79222749 299 101656 2
S 79233748 299 101654 2
S 79244747 299 101655 2
S 79255747 299 101652 2
S 79266746 299 101654 2
S 79277745 299 101654 2
S 79288745 299 101649 2
S 79299744 299 101648 2
S 79310743 299 101648 2
S 79321743 299 101651 2
S 79332742 299 101649 2
S 79343741 299 101655 2
S 79354741 299 101650 2
S 79365740 299 101653 2
S 79376739 299 101651 2
S 79387739 299 101652 2
S 79398738 299 101654 2
S 79409737 299 101656 2
S 79420736 299 101654 2
S 79431736 299 101654 2
S 79442735 299 101656 2
S 79453734 299 101655 2
S 79464734 299 101657 2
S 79475733 299 101657 2
S 79486732 299 101654 2
S 79497732 299 101650 2
S 79508731 299 101652 2
S 79519730 299 101654 2
S 79530730 299 101652 2
S 79541729 299 101650 2
S 79552728 299 101654 2
S 79568727 299 101658 2
S 79579727 299 101656 2
S 79590726 299 101654 2
S 79601725 299 101656 2
S 79612724 299 101655 2
S 79623724 299 101657 2
S 79634723 299 101660 2
S 79645722 299 101660 2
S 79656722 299 101658 2
S 79667721 299 101655 2
S 79678720 299 101654 2
S 79689720 299 101656 2
S 79700719 299 101657 2
S 79711718 299 101657 2
S 79722718 299 101659 2
S 79733717 299 101658 2
S 79744716 299 101660 2
S 79755716 299 101660 2
S 79766715 299 101657 2
S 79777714 299 101657 2
S 79788713 299 101658 2
S 79799713 299 101656 2
S 79810712 299 101658 2
S 79821711 299 101659 2
S 79832711 299 101660 2
S 79843710 299 101657 2
S 79854709 299 101657 2
S 79865709 299 101652 2
S 79876708 299 101656 2
S 79887707 299 101660 2
S 79898707 299 101654 2
S 79909706 299 101653 2
S 79920705 299 101655 2
S 79931705 299 101656 2
S 79942704 299 101655 2
S 79953703 299 101654 2
S 79964702 299 101651 2
S 79975702 299 101654 2
S 79986701 299 101648 2
S 79997700 299 101652 2
S 80008700 299 101654 2
S 80019699 299 101653 2
S 80030698 299 101649 2
S 80041698 299 101648 2
S 80052697 299 101648 2
S 80063696 299 101648 2
S 80074696 299 101652 2
S 80085695 299 101653 2
S 80096694 299 101656 2
S 80107694 299 101651 2
S 80118693 299 101654 2
S 80129692 299 101655 2
S 80140691 299 101654 2
S 80151691 299 101658 2
S 80162690 299 101659 2
S 80173689 299 101660 2
S 80184689 299 101658 2
S 80195688 299 101658 2
S 80206687 299 101654 2
S 80217687 299 101648 2
S 80228686 299 101655 2
S 80239685 299 101657 2
S 80250685 299 101653 2
S 80261684 299 101653 2
S 80272683 299 101651 2
S 80283683 299 101658 2
S 80294682 299 101654 2
S 80305681 299 101653 2
S 80316680 299 101651 2
S 80327680 299 101655 2
S 80338679 299 101650 2
S 80349678 299 101656 2
S 80360678 299 101655 2
S 80371677 299 101647 2
S 80382676 299 101654 2
S 80393676 299 101658 2
S 80404675 299 101655 2
S 80415674 299 101654 2
S 80426674 299 101657 2
S 80437673 299 101656 2
S 80448672 299 101652 2
S 80459672 299 101656 2
S 80470671 299 101655 2
S 80481670 299 101657 2
S 80492669 299 101657 2
S 80503669 299 101654 2
S 80514668 299 101654 2
S 80525667 299 101653 2
S 80536667 299 101656 2
S 80547666 299 101655 2
S 80558665 299 101657 2
S 80574664 299 101663 2
S 80585664 299 101664 2
S 80596663 299 101662 2
S 80607662 299 101666 2
S 80618662 299 101659 2
S 80629661 299 101663 2
S 80640660 299 101660 2
S 80651660 299 101662 2
S 80662659 299 101661 2
S 80673658 299 101659 2
S 80684657 299 101660 2
S 80695657 299 101663 2
S 80706656 299 101660 2
S 80717655 299 101663 2
S 80728655 299 101662 2
S 80739654 299 101659 2
S 80750653 299 101662 2
S 80761653 299 101662 2
S 80772652 299 101663 2
S 80783651 299 101665 2
S 80794651 299 101661 2
S 80805650 299 101663 2
S 80816649 299 101664 2
S 80827649 299 101666 2
S 80838648 299 101660 2
S 80849647 299 101662 2
S 80860646 299 101665 2
S 80871646 299 101661 2
S 80882645 299 101661 2
S 80893644 299 101662 2
S 80904644 299 101658 2
S 80915643 299 101659 2
S 80926642 299 101662 2
S 80937642 299 101663 2
S 80948641 299 101664 2
S 80959640 299 101666 2
S 80970640 299 101668 2
S 80981639 299 101663 2
S 80992638 299 101664 2
S 81003638 299 101666 2
S 81014637 299 101670 2
S 81025636 299 101668 2
S 81036635 299 101663 2
S 81047635 299 101668 2
S 81058634 299 101663 2
S 81069633 299 101666 2
S 81080633 299 101661 2
S 81091632 299 101660 2
S 81102631 299 101666 2
S 81113631 299 101663 2
S 81124630 299 101658 2
S 81135629 299 101667 2
S 81146629 299 101664 2
S 81157628 299 101662 2
S 81168627 299 101660 2
S 81179627 299 101660 2
S 81190626 299 101658 2
S 81201625 299 101660 2
S 81212624 299 101661 2
S 81223624 299 101664 2
S 81234623 299 101660 2
S 81245622 299 101659 2
S 81256622 299 101665 2
S 81267621 299 101666 2
S 81278620 299 101659 2
S 81289620 299 101660 2
S 81300619 299 101667 2
S 81311618 299 101661 2
S 81322618 299 101666 2
S 81333617 299 101663 2
S 81344616 299 101658 2
S 81355616 299 101666 2
S 81366615 299 101664 2
S 81377614 299 101664 2
S 81388613 299 101663 2
S 81399613 299 101664 2
S 81410612 299 101660 2
S 81421611 299 101665 2
S 81432611 299 101657 2
S 81443610 299 101663 2
S 81454609 299 101660 2
S 81465609 299 101664 2
S 81476608 299 101662 2
S 81487607 299 101663 2
S 81498607 299 101663 2
S 81509606 299 101663 2
S 81520605 299 101663 2
S 81531605 299 101662 2
S 81542604 299 101660 2
S 81553603 299 101664 2
S 81564602 299 101660 2
S 81580601 299 101661 2
S 81591601 299 101658 2
S 81602600 299 101659 2
S 81613599 299 101665 2
S 81624599 299 101661 2
S 81635598 299 101655 2
S 81646597 299 101662 2
S 81657597 299 101662 2
S 81668596 299 101662 2
S 81679595 299 101665 2
S 81690595 299 101663 2
S 81701594 299 101660 2
S 81712593 299 101659 2
S 81723593 299 101665 2
S 81734592 299 101661 2
S 81745591 299 101660 2
S 81756590 299 101661 2
S 81767590 299 101662 2
S 81778589 299 101662 2
S 81789588 299 101660 2
S 81800588 299 101660 2
S 81811587 299 101659 2
S 81822586 299 101660 2
S 81833586 299 101659 2
S 81844585 299 101661 2
S 81855584 299 101660 2
S 81866584 299 101662 2
S 81877583 299 101660 2
S 81888582 299 101661 2
S 81899582 299 101660 2
S 81910581 299 101659 2
S 81921580 299 101662 2
S 81932579 299 101657 2
S 81943579 299 101663 2
S 81954578 299 101660 2
S 81965577 299 101660 2
S 81976577 299 101659 2
S 81987576 299 101660 2
S 81998575 299 101658 2
S 82009575 299 101657 2
S 82020574 299 101660 2
S 82031573 299 101660 2
S 82042573 299 101659 2
S 82053572 299 101662 2
S 82064571 299 101657 2
S 82075571 299 101660 2
S 82086570 299 101662 2
S 82097569 299 101660 2
S 82108568 299 101662 2
S 82119568 299 101661 2
S 82130567 299 101661 2
S 82141566 299 101658 2
S 82152566 299 101656 2
S 82163565 299 101660 2
S 82174564 299 101663 2
S 82185564 299 101661 2
S 82196563 299 101661 2
S 82207562 299 101661 2
S 82218562 299 101662 2
S 82229561 299 101660 2
S 82240560 299 101660 2
S 82251560 299 101659 2
S 82262559 299 101660 2
S 82273558 299 101660 2
S 82284557 299 101662 2
S 82295557 299 101661 2
S 82306556 299 101664 2
S 82317555 299 101660 2
S 82328555 299 101662 2
S 82339554 299 101664 2
S 82350553 299 101668 2
S 82361553 299 101667 2
S 82372552 299 101666 2
S 82383551 299 101660 2
S 82394551 299 101665 2
S 82405550 299 101661 2
S 82416549 299 101666 2
S 82427549 299 101661 2
S 82438548 299 101663 2
S 82449547 299 101660 2
S 82460546 299 101666 2
S 82471546 299 101665 2
S 82482545 299 101665 2
S 82493544 299 101661 2
S 82504544 299 101665 2
S 82515543 299 101665 2
S 82526542 299 101663 2
S 82537542 299 101662 2
S 82548541 299 101666 2
S 82559540 299 101662 2
S 82570540 299 101664 2
S 82586539 299 101662 2
S 82597538 299 101659 2
S 82608537 299 101658 2
S 82619537 299 101654 2
S 82630536 299 101661 2
S 82641535 299 101664 2
S 82652534 299 101659 2
S 82663534 299 101663 2
S 82674533 299 101659 2
S 82685532 299 101656 2
S 82696532 299 101655 2
S 82707531 299 101658 2
S 82718530 299 101660 2
S 82729530 299 101659 2
S 82740529 299 101661 2
S 82751528 299 101659 2
S 82762528 299 101659 2
S 82773527 299 101659 2
S 82784526 299 101659 2
S 82795526 299 101659 2
S 82806525 299 101662 2
S 82817524 299 101659 2
S 82828523 299 101659 2
S 82839523 299 101659 2
S 82850522 299 101658 2
S 82861521 299 101660 2
S 82872521 299 101657 2
S 82883520 299 101653 2
S 82894519 299 101659 2
S 82905519 299 101656 2
S 82916518 299 101656 2
S 82927517 299 101659 2
S 82938517 299 101656 2
S 82949516 299 101660 2
S 82960515 299 101662 2
S 82971515 299 101661 2
S 82982514 299 101662 2
S 82993513 299 101666 2
S 83004512 299 101659 2
S 83015512 299 101662 2
S 83026511 299 101662 2
S 83037510 299 101662 2
S 83048510 299 101660 2
S 83059509 299 101659 2
S 83070508 299 101662 2
S 83081508 299 101666 2
S 83092507 299 101662 2
S 83103506 299 101656 2
S 83114506 299 101658 2
S 83125505 299 101662 2
S 83136504 299 101659 2
S 83147504 299 101660 2
S 83158503 299 101662 2
S 83169502 299 101661 2
S 83180501 299 101660 2
S 83191501 299 101660 2
S 83202500 299 101664 2
S 83213499 299 101662 2
S 83224499 299 101662 2
S 83235498 299 101665 2
S 83246497 299 101664 2
S 83257497 299 101670 2
S 83268496 299 101671 2
S 83279495 299 101666 2
S 83290495 299 101665 2
S 83301494 299 101660 2
S 83312493 299 101666 2
S 83323493 299 101665 2
S 83334492 299 101664 2
S 83345491 299 101660 2
S 83356490 299 101660 2
S 83367490 299 101662 2
S 83378489 299 101666 2
S 83389488 299 101658 2
S 83400488 299 101659 2
S 83411487 299 101662 2
S 83422486 299 101661 2
S 83433486 299 101666 2
S 83444485 299 101661 2
S 83455484 299 101660 2
S 83466484 299 101659 2
S 83477483 299 101662 2
S 83488482 299 101661 2
S 83499482 299 101657 2
S 83510481 299 101667 2
S 83521480 299 101666 2
S 83532479 299 101665 2
S 83543479 299 101663 2
S 83554478 299 101664 2
S 83565477 299 101663 2
S 83576477 299 101667 2
S 83592476 299 101662 2
S 83603475 299 101664 2
S 83614474 299 101671 2
S 83625474 299 101668 2
S 83636473 299 101666 2
S 83647472 299 101665 2
S 83658472 299 101664 2
S 83669471 299 101662 2
S 83680470 299 101664 2
S 83691470 299 101662 2
S 83702469 299 101662 2
S 83713468 299 101669 2
S 83724467 299 101670 2
S 83735467 299 101661 2
S 83746466 299 101664 2
S 83757465 299 101660 2
S 83768465 299 101664 2
S 83779464 299 101665 2
S 83790463 299 101665 2
S 83801463 299 101662 2
S 83812462 299 101663 2
S 83823461 299 101664 2
S 83834461 299 101665 2
S 83845460 299 101667 2
S 83856459 299 101664 2
S 83867459 299 101666 2
S 83878458 299 101665 2
S 83889457 299 101665 2
S 83900456 299 101661 2
S 83911456 299 101659 2
S 83922455 299 101661 2
S 83933454 299 101663 2
S 83944454 299 101665 2
S 83955453 299 101659 2
S 83966452 299 101662 2
S 83977452 299 101659 2
S 83988451 299 101662 2
S 83999450 299 101659 2
S 84010450 299 101666 2
S 84021449 299 101666 2
S 84032448 299 101663 2
S 84043448 299 101666 2
S 84054447 299 101662 2
S 84065446 299 101665 2
S 84076445 299 101665 2
S 84087445 299 101665 2
S 84098444 299 101666 2
S 84109443 299 101663 2
S 84120443 299 101668 2
S 84131442 299 101671 2
S 84142441 299 101666 2
S 84153441 299 101668 2
S 84164440 299 101667 2
S 84175439 299 101664 2
S 84186439 299 101668 2
S 84197438 299 101670 2
S 84208437 299 101671 2
S 84219437 299 101668 2
S 84230436 299 101671 2
S 84241435 299 101674 2
S 84252434 299 101672 2
S 84263434 299 101670 2
S 84274433 299 101671 2
S 84285432 299 101672 2
S 84296432 299 101672 2
S 84307431 299 101673 2
S 84318430 299 101671 2
S 84329430 299 101674 2
S 84340429 299 101671 2
S 84351428 299 101665 2
S 84362428 299 101668 2
S 84373427 299 101668 2
S 84384426 299 101668 2
S 84395426 299 101673 2
S 84406425 299 101668 2
S 84417424 299 101670 2
S 84428423 299 101671 2
S 84439423 299 101671 2
S 84450422 299 101673 2
S 84461421 299 101670 2
S 84472421 299 101667 2
S 84483420 299 101669 2
S 84494419 299 101669 2
S 84505419 299 101674 2
S 84516418 299 101671 2
S 84527417 299 101674 2
S 84538417 299 101667 2
S 84549416 299 101666 2
S 84560415 299 101670 2
S 84571415 299 101666 2
S 84582414 299 101665 2
S 84598413 298 101663 2
S 84609412 298 101661 2
S 84620411 298 101664 2
S 84631411 298 101662 2
S 84642410 298 101663 2
S 84653409 298 101662 2
S 84664409 298 101661 2
S 84675408 298 101660 2
S 84686407 298 101654 2
S 84697407 298 101655 2
S 84708406 298 101662 2
S 84719405 298 101665 2
S 84730405 298 101661 2
S 84741404 298 101665 2
S 84752403 298 101660 2
S 84763403 298 101665 2
S 84774402 298 101666 2
S 84785401 298 101658 2
S 84796400 298 101666 2
S 84807400 298 101665 2
S 84818399 298 101663 2
S 84829398 298 101662 2
S 84840398 298 101660 2
S 84851397 298 101665 2
S 84862396 298 101659 2
S 84873396 298 101663 2
S 84884395 298 101660 2
S 84895394 298 101658 2
S 84906394 298 101661 2
S 84917393 298 101659 2
S 84928392 298 101661 2
S 84939392 298 101662 2
S 84950391 298 101663 2
S 84961390 298 101665 2
S 84972389 298 101659 2
S 84983389 298 101662 2
S 84994388 298 101665 2
S 85005387 298 101666 2
S 85016387 298 101668 2
S 85027386 298 101663 2
S 85038385 298 101661 2
S 85049385 298 101665 2
S 85060384 298 101660 2
S 85071383 298 101662 2
S 85082383 298 101664 2
S 85093382 298 101659 2
S 85104381 298 101661 2
S 85115381 298 101661 2
S 85126380 298 101663 2
S 85137379 298 101662 2
S 85148378 298 101664 2
S 85159378 298 101663 2
S 85170377 298 101663 2
S 85181376 298 101664 2
S 85192376 298 101659 2
S 85203375 298 101662 2
S 85214374 298 101659 2
S 85225374 298 101661 2
S 85236373 298 101664 2
S 85247372 298 101662 2
S 85258372 298 101660 2
S 85269371 298 101662 2
S 85280370 298 101663 2
S 85291370 298 101665 2
S 85302369 298 101664 2
S 85313368 298 101665 2
S 85324367 298 101663 2
S 85335367 298 101665 2
S 85346366 298 101667 2
S 85357365 298 101665 2
S 85368365 298 101665 2
S 85379364 298 101667 2
S 85390363 298 101662 2
S 85401363 298 101664 2
S 85412362 298 101667 2
S 85423361 298 101666 2
S 85434361 298 101663 2
S 85445360 298 101665 2
S 85456359 298 101665 2
S 85467359 298 101661 2
S 85478358 298 101662 2
S 85489357 298 101664 2
S 85500356 298 101663 2
S 85511356 298 101662 2
S 85522355 298 101663 2
S 85533354 298 101668 2
S 85544354 298 101666 2
S 85555353 298 101665 2
S 85566352 298 101663 2
S 85577352 298 101662 2
S 85588351 298 101662 2
S 85604350 298 101658 2
S 85615349 298 101652 2
S 85626349 298 101653 2
S 85637348 298 101652 2
S 85648347 298 101652 2
S 85659347 298 101655 2
S 85670346 298 101656 2
S 85681345 298 101655 2
S 85692344 298 101651 2
S 85703344 298 101651 2
S 85714343 298 101657 2
S 85725342 298 101652 2
S 85736342 298 101653 2
S 85747341 298 101652 2
S 85758340 298 101652 2
S 85769340 298 101652 2
S 85780339 298 101656 2
S 85791338 298 101655 2
S 85802338 298 101654 2
S 85813337 298 101659 2
S 85824336 298 101659 2
S 85835336 298 101655 2
S 85846335 298 101652 2
S 85857334 298 101655 2
S 85868333 298 101659 2
S 85879333 298 101655 2
S 85890332 298 101659 2
S 85901331 298 101655 2
S 85912331 298 101656 2
S 85923330 298 101652 2
S 85934329 298 101653 2
S 85945329 298 101652 2
S 85956328 298 101651 2
S 85967327 298 101659 2
S 85978327 298 101652 2
S 85989326 298 101651 2
S 86000326 298 101648 2
S 86011325 298 101649 2
S 86022324 298 101650 2
S 86033323 298 101650 2
S 86044322 298 101648 2
S 86055322 298 101655 2
S 86066321 298 101655 2
S 86077320 298 101651 2
S 86088320 298 101649 2
S 86099319 298 101653 2
S 86110318 298 101656 2
S 86121318 298 101655 2
S 86132317 298 101655 2
S 86143316 298 101654 2
S 86154316 298 101647 2
S 86165315 298 101652 2
S 86176314 298 101649 2
S 86187314 298 101652 2
S 86198313 298 101652 2
S 86209312 298 101651 2
S 86220311 298 101652 2
S 86231311 298 101650 2
S 86242310 298 101647 2
S 86253309 298 101652 2
S 86264309 298 101653 2
S 86275308 298 101650 2
S 86286307 298 101648 2
S 86297307 298 101646 2
S 86308306 298 101658 2
S 86319305 298 101658 2
S 86330305 298 101653 2
S 86341304 298 101654 2
S 86352303 298 101654 2
S 86363303 298 101660 2
S 86374302 298 101652 2
S 86385301 298 101656 2
S 86396300 298 101661 2
S 86407300 298 101655 2
S 86418299 298 101655 2
S 86429298 298 101653 2
S 86440298 298 101658 2
S 86451297 298 101653 2
S 86462296 298 101654 2
S 86473296 298 101655 2
S 86484295 298 101654 2
S 86495294 298 101658 2
S 86506294 298 101657 2
S 86517293 298 101654 2
S 86528292 298 101655 2
S 86539292 298 101661 2
S 86550291 298 101661 2
S 86561290 298 101661 2
S 86572289 298 101659 2
S 86583289 298 101658 2
S 86594288 298 101658 2
S 86610287 298 101664 2
S 86621286 298 101664 2
S 86632286 298 101661 2
S 86643285 298 101655 2
S 86654284 298 101660 2
S 86665284 298 101656 2
S 86676283 298 101655 2
S 86687282 298 101655 2
S 86698282 298 101655 2
S 86709281 298 101655 2
S 86720280 298 101655 2
S 86731280 298 101655 2
S 86742279 298 101658 2
S 86753278 298 101657 2
S 86764277 298 101656 2
S 86775277 298 101662 2
S 86786276 298 101659 2
S 86797275 298 101656 2
S 86808275 298 101661 2
S 86819274 298 101659 2
S 86830273 298 101661 2
S 86841273 298 101660 2
S 86852272 298 101661 2
S 86863271 298 101662 2
S 86874271 298 101668 2
S 86885270 298 101663 2
S 86896269 298 101664 2
S 86907269 298 101659 2
S 86918268 298 101659 2
S 86929267 298 101659 2
S 86940266 298 101658 2
S 86951266 298 101661 2
S 86962265 298 101665 2
S 86973264 298 101663 2
S 86984264 298 101662 2
S 86995263 298 101661 2
S 87006262 298 101654 2
S 87017262 298 101661 2
S 87028261 298 101662 2
S 87039260 298 101658 2
S 87050260 298 101663 2
S 87061259 298 101659 2
S 87072258 298 101661 2
S 87083258 298 101659 2
S 87094257 298 101658 2
S 87105256 298 101655 2
S 87116255 298 101661 2
S 87127255 298 101656 2
S 87138254 298 101663 2
S 87149253 298 101664 2
S 87160253 298 101656 2
S 87171252 298 101658 2
S 87182251 298 101661 2
S 87193251 298 101663 2
S 87204250 298 101658 2
S 87215249 298 101660 2
S 87226249 298 101655 2
S 87237248 298 101658 2
S 87248247 298 101661 2
S 87259247 298 101655 2
S 87270246 298 101651 2
S 87281245 298 101658 2
S 87292244 298 101665 2
S 87303244 298 101662 2
S 87314243 298 101662 2
S 87325242 298 101659 2
S 87336242 298 101661 2
S 87347241 298 101659 2
S 87358240 298 101662 2
S 87369240 298 101659 2
S 87380239 298 101658 2
S 87391238 298 101660 2
S 87402238 298 101660 2
S 87413237 298 101660 2
S 87424236 298 101658 2
S 87435236 298 101660 2
S 87446235 298 101656 2
S 87457234 298 101657 2
S 87468233 298 101655 2
S 87479233 298 101656 2
S 87490232 298 101653 2
S 87501231 298 101652 2
S 87512231 298 101661 2
S 87523230 298 101660 2
S 87534229 298 101654 2
S 87545229 298 101655 2
S 87556228 298 101658 2
S 87567227 298 101663 2
S 87578227 298 101660 2
S 87589226 298 101660 2
S 87600225 298 101656 2
S 87616224 298 101664 2
S 87627224 298 101662 2
S 87638223 298 101662 2
S 87649222 298 101664 2
S 87660221 298 101663 2
S 87671221 298 101661 2
S 87682220 298 101664 2
S 87693219 298 101665 2
S 87704219 298 101664 2
S 87715218 298 101661 2
S 87726217 298 101659 2
S 87737217 298 101658 2
S 87748216 298 101659 2
S 87759215 298 101658 2
S 87770215 298 101658 2
S 87781214 298 101660 2
S 87792213 298 101658 2
S 87803213 298 101663 2
S 87814212 298 101655 2
S 87825211 298 101657 2
S 87836210 298 101662 2
S 87847210 298 101659 2
S 87858209 298 101661 2
S 87869208 298 101661 2
S 87880208 298 101659 2
S 87891207 298 101658 2
S 87902206 298 101658 2
S 87913206 298 101655 2
S 87924205 298 101656 2
S 87935204 298 101659 2
S 87946204 298 101659 2
S 87957203 298 101660 2
S 87968202 298 101653 2
S 87979202 298 101661 2
S 87990201 298 101655 2
S 88001201 298 101658 2
S 88012199 298 101661 2
S 88023199 298 101657 2
S 88034198 298 101661 2
S 88045197 298 101661 2
S 88056197 298 101658 2
S 88067196 298 101658 2
S 88078195 298 101661 2
S 88089195 298 101655 2
S 88100194 298 101661 2
S 88111193 298 101655 2
S 88122193 298 101657 2
S 88133192 298 101658 2
S 88144191 298 101659 2
S 88155191 298 101661 2
S 88166190 298 101658 2
S 88177189 298 101660 2
S 88188188 298 101661 2
S 88199188 298 101658 2
S 88210187 298 101660 2
S 88221186 298 101658 2
S 88232186 298 101661 2
S 88243185 298 101661 2
S 88254184 298 101656 2
S 88265184 298 101658 2
S 88276183 298 101660 2
S 88287182 298 101661 2
S 88298182 298 101660 2
S 88309181 298 101661 2
S 88320180 298 101661 2
S 88331180 298 101662 2
S 88342179 298 101658 2
S 88353178 298 101663 2
S 88364177 298 101661 2
S 88375177 298 101664 2
S 88386176 298 101658 2
S 88397175 298 101663 2
S 88408175 298 101658 2
S 88419174 298 101661 2
S 88430173 298 101658 2
S 88441173 298 101658 2
S 88452172 298 101662 2
S 88463171 298 101659 2
S 88474171 298 101661 2
S 88485170 298 101657 2
S 88496169 298 101658 2
S 88507169 298 101653 2
S 88518168 298 101660 2
S 88529167 298 101658 2
S 88540166 298 101662 2
S 88551166 298 101656 2
S 88562165 298 101658 2
S 88573164 298 101658 2
S 88584164 298 101655 2
S 88595163 298 101661 2
S 88606162 298 101660 2
S 88622161 298 101663 2
S 88633161 298 101664 2
S 88644160 298 101661 2
S 88655159 298 101664 2
S 88666159 298 101655 2
S 88677158 298 101661 2
S 88688157 298 101661 2
S 88699157 298 101662 2
S 88710156 298 101663 2
S 88721155 298 101658 2
S 88732154 298 101660 2
S 88743154 298 101662 2
S 88754153 298 101661 2
S 88765152 298 101660 2
S 88776152 298 101662 2
S 88787151 298 101657 2
S 88798150 298 101659 2
S 88809150 298 101660 2
S 88820149 298 101662 2
S 88831148 298 101657 2
S 88842148 298 101661 2
S 88853147 298 101662 2
S 88864146 298 101662 2
S 88875146 298 101660 2
S 88886145 298 101660 2
S 88897144 298 101658 2
S 88908143 298 101664 2
S 88919143 298 101661 2
S 88930142 298 101658 2
S 88941141 298 101661 2
S 88952141 298 101657 2
S 88963140 298 101663 2
S 88974139 298 101657 2
S 88985139 298 101657 2
S 88996138 298 101657 2
S 89007137 298 101658 2
S 89018137 298 101657 2
S 89029136 298 101658 2
S 89040135 298 101658 2
S 89051135 298 101660 2
S 89062134 298 101658 2
S 89073133 298 101661 2
S 89084132 298 101660 2
S 89095132 298 101657 2
S 89106131 298 101661 2
S 89117130 298 101655 2
S 89128130 298 101657 2
S 89139129 298 101659 2
S 89150128 298 101664 2
S 89161128 298 101659 2
S 89172127 298 101660 2
S 89183126 298 101658 2
S 89194126 298 101656 2
S 89205125 298 101656 2
S 89216124 298 101658 2
S 89227124 298 101655 2
S 89238123 298 101654 2
S 89249122 298 101656 2
S 89260121 298 101655 2
S 89271121 298 101655 2
S 89282120 298 101656 2
S 89293119 298 101658 2
S 89304119 298 101651 2
S 89315118 298 101652 2
S 89326117 298 101662 2
S 89337117 298 101655 2
S 89348116 298 101659 2
S 89359115 298 101657 2
S 89370115 298 101653 2
S 89381114 298 101652 2
S 89392113 298 101661 2
S 89403113 298 101660 2
S 89414112 298 101661 2
S 89425111 298 101658 2
S 89436110 298 101661 2
S 89447110 298 101659 2
S 89458109 298 101660 2
S 89469108 298 101658 2
S 89480108 298 101658 2
S 89491107 298 101655 2
S 89502106 298 101654 2
S 89513106 298 101653 2
S 89524105 298 101655 2
S 89535104 298 101655 2
S 89546104 298 101660 2
S 89557103 298 101659 2
S 89568102 298 101658 2
S 89579102 298 101655 2
S 89590101 298 101661 2
S 89601100 298 101657 2
S 89612099 298 101666 2
S 89628098 298 101661 2
S 89639098 298 101662 2
S 89650097 298 101664 2
S 89661096 298 101659 2
S 89672096 298 101662 2
S 89683095 298 101662 2
S 89694094 298 101656 2
S 89705094 298 101661 2
S 89716093 298 101658 2
S 89727092 298 101661 2
S 89738092 298 101661 2
S 89749091 298 101660 2
S 89760090 298 101658 2
S 89771090 298 101658 2
S 89782089 298 101657 2
S 89793088 298 101657 2
S 89804087 298 101659 2
S 89815087 298 101657 2
S 89826086 298 101655 2
S 89837085 298 101657 2
S 89848085 298 101658 2
S 89859084 298 101661 2
S 89870083 298 101658 2
S 89881083 298 101656 2
S 89892082 298 101654 2
S 89903081 298 101661 2
S 89914081 298 101654 2
S 89925080 298 101658 2
S 89936079 298 101654 2
S 89947079 298 101658 2
S 89958078 298 101658 2
S 89969077 298 101657 2
S 89980076 298 101656 2
S 89991076 298 101661 2
S 90002076 298 101666 2
S 90013074 298 101661 2
S 90024074 298 101657 2
S 90035073 298 101663 2
S 90046072 298 101658 2
S 90057072 298 101656 2
S 90068071 298 101658 2
S 90079070 298 101654 2
S 90090070 298 101655 2
S 90101069 298 101658 2
S 90112068 298 101657 2
S 90123068 298 101656 2
S 90134067 298 101658 2
S 90145066 298 101658 2
S 90156065 298 101662 2
S 90167065 298 101654 2
S 90178064 298 101656 2
S 90189063 298 101655 2
S 90200063 298 101658 2
S 90211062 298 101652 2
S 90222061 298 101655 2
S 90233061 298 101656 2
S 90244060 298 101658 2
S 90255059 298 101655 2
S 90266059 298 101657 2
S 90277058 298 101658 2
S 90288057 298 101655 2
S 90299057 298 101655 2
S 90310056 298 101659 2
S 90321055 298 101658 2
S 90332054 298 101657 2
S 90343054 298 101659 2
S 90354053 298 101655 2
S 90365052 298 101655 2
S 90376052 298 101655 2
S 90387051 298 101658 2
S 90398050 298 101655 2
S 90409050 298 101657 2
S 90420049 298 101659 2
S 90431048 298 101658 2
S 90442048 298 101653 2
S 90453047 298 101655 2
S 90464046 298 101655 2
S 90475046 298 101654 2
S 90486045 298 101662 2
S 90497044 298 101655 2
S 90508043 298 101655 2
S 90519043 298 101658 2
S 90530042 298 101652 2
S 90541041 298 101658 2
S 90552041 298 101657 2
S 90563040 298 101652 2
S 90574039 298 101658 2
S 90585039 298 101660 2
S 90596038 298 101655 2
S 90607037 298 101660 2
S 90618037 298 101660 2
S 90634036 298 101658 2
S 90645035 298 101661 2
S 90656034 298 101652 2
S 90667034 298 101656 2
S 90678033 298 101661 2
S 90689032 298 101653 2
S 90700031 298 101657 2
S 90711031 298 101650 2
S 90722030 298 101653 2
S 90733029 298 101662 2
S 90744029 298 101655 2
S 90755028 298 101653 2
S 90766027 298 101659 2
S 90777027 298 101655 2
S 90788026 298 101660 2
S 90799025 298 101656 2
S 90810025 298 101657 2
S 90821024 298 101659 2
S 90832023 298 101659 2
S 90843023 298 101662 2
S 90854022 298 101658 2
S 90865021 298 101658 2
S 90876020 298 101655 2
S 90887020 298 101659 2
S 90898019 298 101660 2
S 90909018 298 101659 2
S 90920018 298 101661 2
S 90931017 298 101658 2
S 90942016 298 101658 2
S 90953016 298 101658 2
S 90964015 298 101658 2
S 90975014 298 101659 2
S 90986014 298 101659 2
S 90997013 298 101661 2
S 91008012 298 101654 2
S 91019012 298 101653 2
S 91030011 298 101655 2
S 91041010 298 101661 2
S 91052009 298 101655 2
S 91063009 298 101655 2
S 91074008 298 101654 2
S 91085007 298 101652 2
S 91096007 298 101657 2
S 91107006 298 101656 2
S 91118005 298 101656 2
S 91129005 298 101654 2
S 91140004 298 101654 2
S 91151003 298 101655 2
S 91162003 298 101654 2
S 91173002 298 101652 2
S 91184001 298 101658 2
S 91195001 298 101655 2
S 91206000 298 101654 2
S 91216999 298 101655 2
S 91227998 298 101660 2
S 91238998 298 101658 2
S 91249997 298 101655 2
S 91260996 298 101654 2
S 91271996 298 101652 2
S 91282995 298 101652 2
S 91293994 298 101655 2
S 91304994 298 101652 2
S 91315993 298 101660 2
S 91326992 298 101656 2
S 91337992 298 101661 2
S 91348991 298 101655 2
S 91359990 298 101657 2
S 91370990 298 101657 2
S 91381989 298 101655 2
S 91392988 298 101661 2
S 91403987 298 101652 2
S 91414987 298 101655 2
S 91425986 298 101656 2
S 91436985 298 101657 2
S 91447985 298 101653 2
S 91458984 298 101658 2
S 91469983 298 101651 2
S 91480983 298 101653 2
S 91491982 298 101659 2
S 91502981 298 101656 2
S 91513981 298 101652 2
S 91524980 298 101652 2
S 91535979 298 101654 2
S 91546979 298 101655 2
S 91557978 298 101655 2
S 91568977 298 101654 2
S 91579976 298 101655 2
S 91590976 298 101655 2
S 91601975 298 101651 2
S 91612974 298 101659 2
S 91623974 298 101647 2
S 91639973 298 101656 2
S 91650972 298 101652 2
S 91661971 298 101650 2
S 91672971 298 101655 2
S 91683970 298 101651 2
S 91694969 298 101652 2
S 91705969 298 101658 2
S 91716968 298 101654 2
S 91727967 298 101649 2
S 91738967 298 101655 2
S 91749966 298 101653 2
S 91760965 298 101657 2
S 91771964 298 101655 2
S 91782964 298 101655 2
S 91793963 298 101654 2
S 91804962 298 101652 2
S 91815962 298 101655 2
S 91826961 298 101651 2
S 91837960 298 101655 2
S 91848960 298 101653 2
S 91859959 298 101651 2
S 91870958 298 101653 2
S 91881958 298 101652 2
S 91892957 298 101653 2
S 91903956 298 101644 2
S 91914956 298 101653 2
S 91925955 298 101654 2
S 91936954 298 101649 2
S 91947953 298 101649 2
S 91958953 298 101652 2
S 91969952 298 101654 2
S 91980951 298 101653 2
S 91991951 298 101655 2
S 92002950 298 101650 2
S 92013949 298 101654 2
S 92024949 298 101660 2
S 92035948 298 101651 2
S 92046947 298 101652 2
S 92057947 298 101655 2
S 92068946 298 101652 2
S 92079945 298 101650 2
S 92090945 298 101647 2
S 92101944 298 101653 2
S 92112943 298 101657 2
S 92123942 298 101655 2
S 92134942 298 101658 2
S 92145941 298 101657 2
S 92156940 298 101652 2
S 92167940 298 101654 2
S 92178939 298 101655 2
S 92189938 298 101655 2
S 92200938 298 101654 2
S 92211937 298 101655 2
S 92222936 298 101656 2
S 92233936 298 101654 2
S 92244935 298 101655 2
S 92255934 298 101657 2
S 92266934 298 101655 2
S 92277933 298 101652 2
S 92288932 298 101657 2
S 92299931 298 101655 2
S 92310931 298 101656 2
S 92321930 298 101657 2
S 92332929 298 101655 2
S 92343929 298 101657 2
S 92354928 298 101655 2
S 92365927 298 101655 2
S 92376927 298 101649 2
S 92387926 298 101655 2
S 92398925 298 101651 2
S 92409925 298 101655 2
S 92420924 298 101649 2
S 92431923 298 101656 2
S 92442923 298 101655 2
S 92453922 298 101652 2
S 92464921 298 101657 2
S 92475920 298 101657 2
S 92486920 298 101655 2
S 92497919 298 101654 2
S 92508918 298 101655 2
S 92519918 298 101652 2
S 92530917 298 101653 2
S 92541916 298 101652 2
S 92552916 298 101652 2
S 92563915 298 101655 2
S 92574914 298 101661 2
S 92585914 298 101655 2
S 92596913 298 101657 2
S 92607912 298 101655 2
S 92618912 298 101658 2
S 92629911 298 101655 2
S 92645910 298 101661 2
S 92656909 298 101659 2
S 92667908 298 101659 2
S 92678908 298 101658 2
S 92689907 298 101652 2
S 92700906 298 101655 2
S 92711906 298 101654 2
S 92722905 298 101653 2
S 92733904 298 101654 2
S 92744904 298 101657 2
S 92755903 298 101655 2
S 92766902 298 101649 2
S 92777902 298 101651 2
S 92788901 298 101650 2
S 92799900 298 101655 2
S 92810900 298 101652 2
S 92821899 298 101655 2
S 92832898 298 101655 2
S 92843897 298 101652 2
S 92854897 298 101655 2
S 92865896 298 101655 2
S 92876895 298 101655 2
S 92887895 298 101655 2
S 92898894 298 101654 2
S 92909893 298 101655 2
S 92920893 298 101656 2
S 92931892 298 101661 2
S 92942891 298 101655 2
S 92953891 298 101660 2
S 92964890 298 101655 2
S 92975889 298 101659 2
S 92986889 298 101656 2
S 92997888 298 101657 2
S 93008887 298 101656 2
S 93019886 298 101654 2
S 93030886 298 101658 2
S 93041885 298 101655 2
S 93052884 298 101662 2
S 93063884 298 101656 2
S 93074883 298 101656 2
S 93085882 298 101656 2
S 93096882 298 101656 2
S 93107881 298 101654 2
S 93118880 298 101652 2
S 93129880 298 101658 2
S 93140879 298 101654 2
S 93151878 298 101664 2
S 93162878 298 101658 2
S 93173877 298 101661 2
S 93184876 298 101654 2
S 93195875 298 101658 2
S 93206875 298 101661 2
S 93217874 298 101658 2
S 93228873 298 101657 2
S 93239873 298 101660 2
S 93250872 298 101660 2
S 93261871 298 101656 2
S 93272871 298 101657 2
S 93283870 298 101658 2
S 93294869 298 101658 2
S 93305869 298 101659 2
S 93316868 298 101655 2
S 93327867 298 101656 2
S 93338867 298 101658 2
S 93349866 298 101658 2
S 93360865 298 101658 2
S 93371864 298 101658 2
S 93382864 298 101658 2
S 93393863 298 101661 2
S 93404862 298 101657 2
S 93415862 298 101659 2
S 93426861 298 101661 2
S 93437860 298 101662 2
S 93448860 298 101664 2
S 93459859 298 101664 2
S 93470858 298 101663 2
S 93481858 298 101659 2
S 93492857 298 101661 2
S 93503856 298 101659 2
S 93514856 298 101666 2
S 93525855 298 101662 2
S 93536854 298 101664 2
S 93547853 298 101661 2
S 93558853 298 101664 2
S 93569852 298 101661 2
S 93580851 298 101655 2
S 93591851 298 101658 2
S 93602850 298 101661 2
S 93613849 298 101661 2
S 93624849 298 101658 2
S 93635848 298 101658 2
S 93651847 298 101663 2
S 93662846 298 101664 2
S 93673846 298 101663 2
S 93684845 298 101663 2
S 93695844 298 101664 2
S 93706844 298 101657 2
S 93717843 298 101661 2
S 93728842 298 101658 2
S 93739841 298 101653 2
S 93750841 298 101664 2
S 93761840 298 101661 2
S 93772839 298 101658 2
S 93783839 298 101658 2
S 93794838 298 101657 2
S 93805837 298 101658 2
S 93816837 298 101658 2
S 93827836 298 101661 2
S 93838835 298 101663 2
S 93849835 298 101658 2
S 93860834 298 101658 2
S 93871833 298 101664 2
S 93882833 298 101661 2
S 93893832 298 101661 2
S 93904831 298 101660 2
S 93915830 298 101657 2
S 93926830 298 101658 2
S 93937829 298 101659 2
S 93948828 298 101655 2
S 93959828 298 101656 2
S 93970827 298 101657 2
S 93981826 298 101660 2
S 93992826 298 101662 2
S 94003825 298 101656 2
S 94014824 298 101662 2
S 94025824 298 101661 2
S 94036823 298 101659 2
S 94047822 298 101660 2
S 94058822 298 101660 2
S 94069821 298 101657 2
S 94080820 298 101655 2
S 94091819 298 101656 2
S 94102819 298 101659 2
S 94113818 298 101659 2
S 94124817 298 101658 2
S 94135817 298 101662 2
S 94146816 298 101662 2
S 94157815 298 101659 2
S 94168815 298 101659 2
S 94179814 298 101663 2
S 94190813 298 101659 2
S 94201813 298 101662 2
S 94212812 298 101658 2
S 94223811 298 101658 2
S 94234811 298 101661 2
S 94245810 298 101654 2
S 94256809 298 101655 2
S 94267808 298 101653 2
S 94278808 298 101661 2
S 94289807 298 101656 2
S 94300806 298 101658 2
S 94311806 298 101656 2
S 94322805 298 101663 2
S 94333804 298 101662 2
S 94344804 298 101664 2
S 94355803 298 101660 2
S 94366802 298 101658 2
S 94377802 298 101655 2
S 94388801 298 101657 2
S 94399800 298 101657 2
S 94410800 298 101655 2
S 94421799 298 101661 2
S 94432798 298 101655 2
S 94443797 298 101661 2
S 94454797 298 101664 2
S 94465796 298 101661 2
S 94476795 298 101664 2
S 94487795 298 101658 2
S 94498794 298 101660 2
S 94509793 298 101662 2
S 94520793 298 101661 2
S 94531792 298 101658 2
S 94542791 298 101662 2
S 94553791 298 101665 2
S 94564790 298 101661 2
S 94575789 298 101657 2
S 94586789 298 101654 2
S 94597788 298 101656 2
S 94608787 298 101663 2
S 94619786 298 101658 2
S 94630786 298 101662 2
S 94641785 298 101664 2
S 94657784 298 101656 2
S 94668783 298 101659 2
S 94679783 298 101659 2
S 94690782 298 101661 2
S 94701781 298 101661 2
S 94712781 298 101654 2
S 94723780 298 101654 2
S 94734779 298 101652 2
S 94745779 298 101661 2
S 94756778 298 101653 2
S 94767777 298 101655 2
S 94778777 298 101661 2
S 94789776 298 101650 2
S 94800775 298 101652 2
S 94811774 298 101661 2
S 94822774 298 101661 2
S 94833773 298 101658 2
S 94844772 298 101660 2
S 94855772 298 101660 2
S 94866771 298 101662 2
S 94877770 298 101658 2
S 94888770 298 101657 2
S 94899769 298 101658 2
S 94910768 298 101658 2
S 94921768 298 101658 2
S 94932767 298 101662 2
S 94943766 298 101658 2
S 94954766 298 101658 2
S 94965765 298 101656 2
S 94976764 298 101657 2
S 94987763 298 101660 2
S 94998763 298 101659 2
S 95009762 298 101656 2
S 95020761 298 101650 2
S 95031761 298 101656 2
S 95042760 298 101659 2
S 95053759 298 101659 2
S 95064759 298 101657 2
S 95075758 298 101661 2
S 95086757 298 101654 2
S 95097757 298 101651 2
S 95108756 298 101654 2
S 95119755 298 101654 2
S 95130755 298 101655 2
S 95141754 298 101658 2
S 95152753 298 101660 2
S 95163752 298 101658 2
S 95174752 298 101660 2
S 95185751 298 101659 2
S 95196750 298 101664 2
S 95207750 298 101657 2
S 95218749 298 101661 2
S 95229748 298 101661 2
S 95240748 298 101659 2
S 95251747 298 101663 2
S 95262746 298 101659 2
S 95273746 298 101656 2
S 95284745 298 101661 2
S 95295744 298 101655 2
S 95306744 298 101652 2
S 95317743 298 101658 2
S 95328742 298 101658 2
S 95339741 298 101659 2
S 95350741 298 101656 2
S 95361740 298 101660 2
S 95372739 298 101659 2
S 95383739 298 101661 2
S 95394738 298 101662 2
S 95405737 298 101658 2
S 95416737 298 101662 2
S 95427736 298 101661 2
S 95438735 298 101664 2
S 95449735 298 101656 2
S 95460734 298 101662 2
S 95471733 298 101661 2
S 95482733 298 101664 2
S 95493732 298 101664 2
S 95504731 298 101660 2
S 95515730 298 101662 2
S 95526730 298 101661 2
S 95537729 298 101661 2
S 95548728 298 101661 2
S 95559728 298 101658 2
S 95570727 298 101655 2
S 95581726 298 101663 2
S 95592726 298 101663 2
S 95603725 298 101666 2
S 95614724 298 101661 2
S 95625724 298 101662 2
S 95636723 298 101661 2
S 95647722 298 101658 2
S 95663721 298 101654 2
S 95674721 298 101658 2
S 95685720 298 101663 2
S 95696719 298 101657 2
S 95707718 298 101654 2
S 95718718 298 101658 2
S 95729717 298 101658 2
S 95740716 298 101652 2
S 95751716 298 101655 2
S 95762715 298 101658 2
S 95773714 298 101658 2
S 95784714 298 101655 2
S 95795713 298 101655 2
S 95806712 298 101652 2
S 95817712 298 101651 2
S 95828711 298 101653 2
S 95839710 298 101658 2
S 95850710 298 101661 2
S 95861709 298 101659 2
S 95872708 298 101660 2
S 95883707 298 101657 2
S 95894707 298 101655 2
S 95905706 298 101656 2
S 95916705 298 101658 2
S 95927705 298 101654 2
S 95938704 298 101657 2
S 95949703 298 101658 2
S 95960703 298 101658 2
S 95971702 298 101656 2
S 95982701 298 101655 2
S 95993701 298 101657 2
S 96004700 298 101653 2
S 96015699 298 101658 2
S 96026699 298 101658 2
S 96037698 298 101656 2
S 96048697 298 101658 2
S 96059696 298 101654 2
S 96070696 298 101655 2
S 96081695 298 101659 2
S 96092694 298 101653 2
S 96103694 298 101657 2
S 96114693 298 101654 2
S 96125692 298 101654 2
S 96136692 298 101655 2
S 96147691 298 101656 2
S 96158690 298 101658 2
S 96169690 298 101659 2
S 96180689 298 101661 2
S 96191688 298 101652 2
S 96202688 298 101652 2
S 96213687 298 101655 2
S 96224686 298 101652 2
S 96235685 298 101654 2
S 96246685 298 101650 2
S 96257684 298 101655 2
S 96268683 298 101656 2
S 96279683 298 101658 2
S 96290682 298 101658 2
S 96301681 298 101649 2
S 96312681 298 101651 2
S 96323680 298 101657 2
S 96334679 298 101657 2
S 96345679 298 101656 2
S 96356678 298 101657 2
S 96367677 298 101659 2
S 96378677 298 101658 2
S 96389676 298 101652 2
S 96400675 298 101651 2
S 96411674 298 101656 2
S 96422674 298 101655 2
S 96433673 298 101658 2
S 96444672 298 101654 2
S 96455672 298 101651 2
S 96466671 298 101655 2
S 96477670 298 101652 2
S 96488670 298 101654 2
S 96499669 298 101652 2
S 96510668 298 101654 2
S 96521668 298 101658 2
S 96532667 298 101651 2
S 96543666 298 101652 2
S 96554666 298 101657 2
S 96565665 298 101657 2
S 96576664 298 101660 2
S 96587663 298 101656 2
S 96598663 298 101658 2
S 96609662 298 101652 2
S 96620661 298 101655 2
S 96631661 298 101656 2
S 96642660 298 101657 2
S 96653659 298 101654 2
S 96669658 298 101656 2
S 96680658 298 101661 2
S 96691657 298 101658 2
S 96702656 298 101660 2
S 96713656 298 101659 2
S 96724655 298 101657 2
S 96735654 298 101661 2
S 96746654 298 101658 2
S 96757653 298 101654 2
S 96768652 298 101655 2
S 96779651 298 101656 2
S 96790651 298 101658 2
S 96801650 298 101662 2
S 96812649 298 101662 2
S 96823649 298 101663 2
S 96834648 298 101660 2
S 96845647 298 101661 2
S 96856647 298 101662 2
S 96867646 298 101658 2
S 96878645 298 101658 2
S 96889645 298 101661 2
S 96900644 298 101661 2
S 96911643 298 101658 2
S 96922643 298 101664 2
S 96933642 298 101661 2
S 96944641 298 101663 2
S 96955640 298 101658 2
S 96966640 298 101660 2
S 96977639 298 101661 2
S 96988638 298 101662 2
S 96999638 298 101655 2
S 97010637 298 101657 2
S 97021636 298 101658 2
S 97032636 298 101657 2
S 97043635 298 101661 2
S 97054634 298 101666 2
S 97065634 298 101661 2
S 97076633 298 101661 2
S 97087632 298 101661 2
S 97098632 298 101661 2
S 97109631 298 101659 2
S 97120630 298 101660 2
S 97131629 298 101659 2
S 97142629 298 101658 2
S 97153628 298 101663 2
S 97164627 298 101661 2
S 97175627 298 101662 2
S 97186626 298 101660 2
S 97197625 298 101661 2
S 97208625 298 101656 2
S 97219624 298 101658 2
S 97230623 298 101662 2
S 97241623 298 101659 2
S 97252622 298 101665 2
S 97263621 298 101662 2
S 97274621 298 101664 2
S 97285620 298 101666 2
S 97296619 298 101663 2
S 97307618 298 101657 2
S 97318618 298 101661 2
S 97329617 298 101661 2
S 97340616 298 101661 2
S 97351616 298 101658 2
S 97362615 298 101658 2
S 97373614 298 101660 2
S 97384614 298 101659 2
S 97395613 298 101661 2
S 97406612 298 101661 2
S 97417612 298 101661 2
S 97428611 298 101665 2
S 97439610 298 101662 2
S 97450610 298 101660 2
S 97461609 298 101659 2
S 97472608 298 101661 2
S 97483607 298 101664 2
S 97494607 298 101663 2
S 97505606 298 101663 2
S 97516605 298 101664 2
S 97527605 298 101661 2
S 97538604 298 101664 2
S 97549603 298 101661 2
S 97560603 298 101663 2
S 97571602 298 101660 2
S 97582601 298 101661 2
S 97593601 298 101665 2
S 97604600 298 101658 2
S 97615599 298 101666 2
S 97626599 298 101661 2
S 97637598 298 101661 2
S 97648597 298 101663 2
S 97659596 298 101661 2
S 97675595 298 101659 2
S 97686595 298 101658 2
S 97697594 298 101656 2
S 97708593 298 101658 2
S 97719593 298 101660 2
S 97730592 298 101658 2
S 97741591 298 101654 2
S 97752591 298 101663 2
S 97763590 298 101658 2
S 97774589 298 101655 2
S 97785589 298 101655 2
S 97796588 298 101654 2
S 97807587 298 101656 2
S 97818587 298 101659 2
S 97829586 298 101659 2
S 97840585 298 101663 2
S 97851584 298 101660 2
S 97862584 298 101654 2
S 97873583 298 101654 2
S 97884582 298 101659 2
S 97895582 298 101657 2
S 97906581 298 101657 2
S 97917580 298 101661 2
S 97928580 298 101660 2
S 97939579 298 101656 2
S 97950578 298 101657 2
S 97961578 298 101656 2
S 97972577 298 101656 2
S 97983576 298 101658 2
S 97994576 298 101657 2
S 98005575 298 101660 2
S 98016574 298 101660 2
S 98027573 298 101651 2
S 98038573 298 101659 2
S 98049572 298 101657 2
S 98060571 298 101657 2
S 98071571 298 101658 2
S 98082570 298 101654 2
S 98093569 298 101652 2
S 98104569 298 101657 2
S 98115568 298 101659 2
S 98126567 298 101660 2
S 98137567 298 101657 2
S 98148566 298 101659 2
S 98159565 298 101652 2
S 98170565 298 101657 2
S 98181564 298 101660 2
S 98192563 298 101666 2
S 98203562 298 101660 2
S 98214562 298 101657 2
S 98225561 298 101661 2
S 98236560 298 101656 2
S 98247560 298 101658 2
S 98258559 298 101658 2
S 98269558 298 101661 2
S 98280558 298 101660 2
S 98291557 298 101656 2
S 98302556 298 101658 2
S 98313556 298 101657 2
S 98324555 298 101657 2
S 98335554 298 101658 2
S 98346554 298 101658 2
S 98357553 298 101659 2
S 98368552 298 101660 2
S 98379551 298 101660 2
S 98390551 298 101658 2
S 98401550 298 101655 2
S 98412549 298 101653 2
S 98423549 298 101655 2
S 98434548 298 101658 2
S 98445547 298 101659 2
S 98456547 298 101658 2
S 98467546 298 101655 2
S 98478545 298 101656 2
S 98489545 298 101657 2
S 98500544 298 101660 2
S 98511543 298 101649 2
S 98522543 298 101654 2
S 98533542 298 101654 2
S 98544541 298 101650 2
S 98555540 298 101657 2
S 98566540 298 101657 2
S 98577539 298 101656 2
S 98588538 298 101658 2
S 98599538 298 101654 2
S 98610537 298 101653 2
S 98621536 298 101654 2
S 98632536 298 101652 2
S 98643535 298 101654 2
S 98654534 298 101654 2
S 98665534 298 101660 2
S 98681533 297 101658 2
S 98692532 297 101654 2
S 98703531 297 101659 2
S 98714531 297 101654 2
S 98725530 297 101653 2
S 98736529 297 101651 2
S 98747528 297 101656 2
S 98758528 297 101653 2
S 98769527 297 101660 2
S 98780526 297 101654 2
S 98791526 297 101654 2
S 98802525 297 101654 2
S 98813524 297 101654 2
S 98824524 297 101656 2
S 98835523 297 101651 2
S 98846522 297 101654 2
S 98857522 297 101651 2
S 98868521 297 101660 2
S 98879520 297 101653 2
S 98890520 297 101650 2
S 98901519 297 101648 2
S 98912518 297 101654 2
S 98923517 297 101655 2
S 98934517 297 101654 2
S 98945516 297 101654 2
S 98956515 297 101650 2
S 98967515 297 101655 2
S 98978514 297 101653 2
S 98989513 297 101653 2
S 99000513 297 101654 2
S 99011512 297 101651 2
S 99022511 297 101652 2
S 99033511 297 101649 2
S 99044510 297 101653 2
S 99055509 297 101654 2
S 99066509 297 101653 2
S 99077508 297 101651 2
S 99088507 297 101653 2
S 99099506 297 101651 2
S 99110506 297 101654 2
S 99121505 297 101654 2
S 99132504 297 101655 2
S 99143504 297 101654 2
S 99154503 297 101654 2
S 99165502 297 101652 2
S 99176502 297 101655 2
S 99187501 297 101654 2
S 99198500 297 101652 2
S 99209500 297 101652 2
S 99220499 297 101653 2
S 99231498 297 101653 2
S 99242498 297 101654 2
S 99253497 297 101652 2
S 99264496 297 101654 2
S 99275495 297 101652 2
S 99286495 297 101654 2
S 99297494 297 101654 2
S 99308493 297 101654 2
S 99319493 297 101651 2
S 99330492 297 101651 2
S 99341491 297 101651 2
S 99352491 297 101654 2
S 99363490 297 101651 2
S 99374489 297 101653 2
S 99385489 297 101652 2
S 99396488 297 101651 2
S 99407487 297 101652 2
S 99418487 297 101651 2
S 99429486 297 101650 2
S 99440485 297 101651 2
S 99451484 297 101647 2
S 99462484 297 101651 2
S 99473483 297 101651 2
S 99484482 297 101648 2
S 99495482 297 101648 2
S 99506481 297 101653 2
S 99517480 297 101653 2
S 99528480 297 101650 2
S 99539479 297 101652 2
S 99550478 297 101652 2
S 99561478 297 101654 2
S 99572477 297 101652 2
S 99583476 297 101654 2
S 99594476 297 101650 2
S 99605475 297 101651 2
S 99616474 297 101651 2
S 99627473 297 101653 2
S 99638473 297 101652 2
S 99649472 297 101652 2
S 99660471 297 101654 2
S 99671471 297 101651 2
S 99687470 297 101654 2
S 99698469 297 101655 2
S 99709468 297 101656 2
S 99720468 297 101656 2
S 99731467 297 101655 2
S 99742466 297 101655 2
S 99753466 297 101650 2
S 99764465 297 101651 2
S 99775464 297 101648 2
S 99786464 297 101651 2
S 99797463 297 101649 2
S 99808462 297 101655 2
S 99819461 297 101653 2
S 99830461 297 101655 2
S 99841460 297 101651 2
S 99852459 297 101650 2
S 99863459 297 101651 2
S 99874458 297 101653 2
S 99885457 297 101654 2
S 99896457 297 101653 2
S 99907456 297 101657 2
S 99918455 297 101656 2
S 99929455 297 101651 2
S 99940454 297 101648 2
S 99951453 297 101654 2
S 99962453 297 101648 2
S 99973452 297 101650 2
S 99984451 297 101653 2
S 99995450 297 101660 2
S 100006450 297 101655 2
S 100017449 297 101654 2
S 100028448 297 101649 2
S 100039448 297 101650 2
S 100050447 297 101653 2
S 100061446 297 101653 2
S 100072446 297 101652 2
S 100083445 297 101648 2
S 100094444 297 101654 2
S 100105444 297 101658 2
S 100116443 297 101651 2
S 100127442 297 101654 2
S 100138442 297 101654 2
S 100149441 297 101655 2
S 100160440 297 101657 2
S 100171439 297 101656 2
S 100182439 297 101654 2
S 100193438 297 101654 2
S 100204437 297 101654 2
S 100215437 297 101651 2
S 100226436 297 101652 2
S 100237435 297 101654 2
S 100248435 297 101656 2
S 100259434 297 101655 2
S 100270433 297 101652 2
S 100281433 297 101651 2
S 100292432 297 101654 2
S 100303431 297 101654 2
S 100314431 297 101654 2
S 100325430 297 101654 2
S 100336429 297 101652 2
S 100347428 297 101649 2
S 100358428 297 101655 2
S 100369427 297 101660 2
S 100380426 297 101651 2
S 100391426 297 101651 2
S 100402425 297 101652 2
S 100413424 297 101651 2
S 100424424 297 101651 2
S 100435423 297 101658 2
S 100446422 297 101652 2
S 100457422 297 101658 2
S 100468421 297 101659 2
S 100479420 297 101654 2
S 100490420 297 101657 2
S 100501419 297 101656 2
S 100512418 297 101657 2
S 100523417 297 101652 2
S 100534417 297 101654 2
S 100545416 297 101653 2
S 100556415 297 101656 2
S 100567415 297 101657 2
S 100578414 297 101656 2
S 100589413 297 101657 2
S 100600413 297 101659 2
S 100611412 297 101655 2
S 100622411 297 101655 2
S 100633411 297 101658 2
S 100644410 297 101654 2
S 100655409 297 101654 2
S 100666409 297 101655 2
S 100677408 297 101650 2
S 100693407 297 101660 2
S 100704406 297 101660 2
S 100715405 297 101663 2
S 100726405 297 101660 2
S 100737404 297 101659 2
S 100748403 297 101658 2
S 100759403 297 101660 2
S 100770402 297 101655 2
S 100781401 297 101651 2
S 100792401 297 101653 2
S 100803400 297 101652 2
S 100814399 297 101651 2
S 100825399 297 101654 2
S 100836398 297 101657 2
S 100847397 297 101655 2
S 100858397 297 101657 2
S 100869396 297 101653 2
S 100880395 297 101656 2
S 100891394 297 101653 2
S 100902394 297 101654 2
S 100913393 297 101654 2
S 100924392 297 101654 2
S 100935392 297 101655 2
S 100946391 297 101654 2
S 100957390 297 101649 2
S 100968390 297 101657 2
S 100979389 297 101652 2
S 100990388 297 101657 2
S 101001388 297 101657 2
S 101012387 297 101652 2
S 101023386 297 101653 2
S 101034386 297 101652 2
S 101045385 297 101653 2
S 101056384 297 101652 2
S 101067383 297 101654 2
S 101078383 297 101655 2
S 101089382 297 101654 2
S 101100381 297 101654 2
S 101111381 297 101654 2
S 101122380 297 101651 2
S 101133379 297 101654 2
S 101144379 297 101652 2
S 101155378 297 101651 2
S 101166377 297 101651 2
S 101177377 297 101651 2
S 101188376 297 101654 2
S 101199375 297 101655 2
S 101210375 297 101656 2
S 101221374 297 101651 2
S 101232373 297 101652 2
S 101243372 297 101653 2
S 101254372 297 101655 2
S 101265371 297 101658 2
S 101276370 297 101652 2
S 101287370 297 101654 2
S 101298369 297 101659 2
S 101309368 297 101654 2
S 101320368 297 101655 2
S 101331367 297 101654 2
S 101342366 297 101657 2
S 101353366 297 101654 2
S 101364365 297 101657 2
S 101375364 297 101654 2
S 101386364 297 101651 2
S 101397363 297 101654 2
S 101408362 297 101654 2
S 101419361 297 101649 2
S 101430361 297 101652 2
S 101441360 297 101651 2
S 101452359 297 101651 2
S 101463359 297 101654 2
S 101474358 297 101654 2
S 101485357 297 101653 2
S 101496357 297 101656 2
S 101507356 297 101660 2
S 101518355 297 101657 2
S 101529355 297 101657 2
S 101540354 297 101660 2
S 101551353 297 101655 2
S 101562353 297 101660 2
S 101573352 297 101652 2
S 101584351 297 101658 2
S 101595350 297 101655 2
S 101606350 297 101653 2
S 101617349 297 101652 2
S 101628348 297 101657 2
S 101639348 297 101657 2
S 101650347 297 101654 2
S 101661346 297 101654 2
S 101672346 297 101656 2
S 101683345 297 101654 2
S 101699344 297 101654 2
S 101710343 297 101657 2
S 101721343 297 101657 2
S 101732342 297 101653 2
S 101743341 297 101652 2
S 101754341 297 101651 2
S 101765340 297 101651 2
S 101776339 297 101659 2
S 101787338 297 101654 2
S 101798338 297 101655 2
S 101809337 297 101656 2
S 101820336 297 101654 2
S 101831336 297 101654 2
S 101842335 297 101655 2
S 101853334 297 101651 2
S 101864334 297 101656 2
S 101875333 297 101656 2
S 101886332 297 101654 2
S 101897332 297 101657 2
S 101908331 297 101657 2
S 101919330 297 101652 2
S 101930330 297 101651 2
S 101941329 297 101651 2
S 101952328 297 101653 2
S 101963327 297 101650 2
S 101974327 297 101653 2
S 101985326 297 101652 2
S 101996325 297 101660 2
S 102007325 297 101652 2
S 102018324 297 101655 2
S 102029323 297 101650 2
S 102040323 297 101651 2
S 102051322 297 101648 2
S 102062321 297 101652 2
S 102073321 297 101651 2
S 102084320 297 101654 2
S 102095319 297 101650 2
S 102106319 297 101651 2
S 102117318 297 101653 2
S 102128317 297 101653 2
S 102139316 297 101651 2
S 102150316 297 101651 2
S 102161315 297 101653 2
S 102172314 297 101648 2
S 102183314 297 101648 2
S 102194313 297 101651 2
S 102205312 297 101651 2
S 102216312 297 101650 2
S 102227311 297 101654 2
S 102238310 297 101662 2
S 102249310 297 101655 2
S 102260309 297 101655 2
S 102271308 297 101651 2
S 102282308 297 101652 2
S 102293307 297 101656 2
S 102304306 297 101651 2
S 102315305 297 101654 2
S 102326305 297 101649 2
S 102337304 297 101650 2
S 102348303 297 101649 2
S 102359303 297 101651 2
S 102370302 297 101651 2
S 102381301 297 101654 2
S 102392301 297 101654 2
S 102403300 297 101653 2
S 102414299 297 101656 2
S 102425299 297 101654 2
S 102436298 297 101658 2
S 102447297 297 101653 2
S 102458297 297 101653 2
S 102469296 297 101654 2
S 102480295 297 101650 2
S 102491294 297 101653 2
S 102502294 297 101653 2
S 102513293 297 101656 2
S 102524292 297 101650 2
S 102535292 297 101654 2
S 102546291 297 101651 2
S 102557290 297 101654 2
S 102568290 297 101654 2
S 102579289 297 101651 2
S 102590288 297 101652 2
S 102601288 297 101652 2
S 102612287 297 101649 2
S 102623286 297 101650 2
S 102634286 297 101655 2
S 102645285 297 101654 2
S 102656284 297 101654 2
S 102667283 297 101651 2
S 102678283 297 101659 2
S 102689282 297 101657 2
S 102705281 297 101666 2
S 102716280 297 101657 2
S 102727280 297 101657 2
S 102738279 297 101660 2
S 102749278 297 101655 2
S 102760278 297 101661 2
S 102771277 297 101660 2
S 102782276 297 101660 2
S 102793276 297 101657 2
S 102804275 297 101660 2
S 102815274 297 101659 2
S 102826274 297 101654 2
S 102837273 297 101655 2
S 102848272 297 101660 2
S 102859271 297 101654 2
S 102870271 297 101657 2
S 102881270 297 101656 2
S 102892269 297 101658 2
S 102903269 297 101662 2
S 102914268 297 101660 2
S 102925267 297 101658 2
S 102936267 297 101657 2
S 102947266 297 101659 2
S 102958265 297 101650 2
S 102969265 297 101650 2
S 102980264 297 101652 2
S 102991263 297 101655 2
S 103002263 297 101660 2
S 103013262 297 101657 2
S 103024261 297 101661 2
S 103035260 297 101660 2
S 103046260 297 101657 2
S 103057259 297 101656 2
S 103068258 297 101657 2
S 103079258 297 101656 2
S 103090257 297 101653 2
S 103101256 297 101655 2
S 103112256 297 101656 2
S 103123255 297 101651 2
S 103134254 297 101650 2
S 103145254 297 101651 2
S 103156253 297 101654 2
S 103167252 297 101651 2
S 103178252 297 101657 2
S 103189251 297 101657 2
S 103200250 297 101654 2
S 103211249 297 101655 2
S 103222249 297 101655 2
S 103233248 297 101657 2
S 103244247 297 101661 2
S 103255247 297 101658 2
S 103266246 297 101661 2
S 103277245 297 101657 2
S 103288245 297 101658 2
S 103299244 297 101656 2
S 103310243 297 101657 2
S 103321243 297 101652 2
S 103332242 297 101657 2
S 103343241 297 101657 2
S 103354241 297 101656 2
S 103365240 297 101658 2
S 103376239 297 101656 2
S 103387238 297 101656 2
S 103398238 297 101660 2
S 103409237 297 101666 2
S 103420236 297 101660 2
S 103431236 297 101654 2
S 103442235 297 101659 2
S 103453234 297 101658 2
S 103464234 297 101659 2
S 103475233 297 101657 2
S 103486232 297 101660 2
S 103497232 297 101662 2
S 103508231 297 101655 2
S 103519230 297 101660 2
S 103530230 297 101661 2
S 103541229 297 101652 2
S 103552228 297 101659 2
S 103563227 297 101654 2
S 103574227 297 101657 2
S 103585226 297 101657 2
S 103596225 297 101662 2
S 103607225 297 101665 2
S 103618224 297 101658 2
S 103629223 297 101661 2
S 103640223 297 101654 2
S 103651222 297 101654 2
S 103662221 297 101656 2
S 103673221 297 101657 2
S 103684220 297 101660 2
S 103695219 297 101653 2
S 103711218 297 101654 2
S 103722218 297 101652 2
S 103733217 297 101654 2
S 103744216 297 101654 2
S 103755215 297 101656 2
S 103766215 297 101654 2
S 103777214 297 101655 2
S 103788213 297 101652 2
S 103799213 297 101652 2
S 103810212 297 101654 2
S 103821211 297 101656 2
S 103832211 297 101656 2
S 103843210 297 101654 2
S 103854209 297 101663 2
S 103865209 297 101657 2
S 103876208 297 101656 2
S 103887207 297 101654 2
S 103898207 297 101654 2
S 103909206 297 101652 2
S 103920205 297 101657 2
S 103931204 297 101651 2
S 103942204 297 101654 2
S 103953203 297 101655 2
S 103964202 297 101655 2
S 103975202 297 101659 2
S 103986201 297 101657 2
S 103997200 297 101654 2
S 104008200 297 101652 2
S 104019199 297 101652 2
S 104030198 297 101657 2
S 104041198 297 101657 2
S 104052197 297 101658 2
S 104063196 297 101660 2
S 104074196 297 101654 2
S 104085195 297 101655 2
S 104096194 297 101654 2
S 104107193 297 101656 2
S 104118193 297 101654 2
S 104129192 297 101657 2
S 104140191 297 101660 2
S 104151191 297 101652 2
S 104162190 297 101652 2
S 104173189 297 101651 2
S 104184189 297 101653 2
S 104195188 297 101651 2
S 104206187 297 101659 2
S 104217187 297 101654 2
S 104228186 297 101652 2
S 104239185 297 101657 2
S 104250185 297 101659 2
S 104261184 297 101660 2
S 104272183 297 101656 2
S 104283182 297 101663 2
S 104294182 297 101658 2
S 104305181 297 101653 2
S 104316180 297 101656 2
S 104327180 297 101655 2
S 104338179 297 101652 2
S 104349178 297 101659 2
S 104360178 297 101651 2
S 104371177 297 101651 2
S 104382176 297 101655 2
S 104393176 297 101655 2
S 104404175 297 101650 2
S 104415174 297 101651 2
S 104426174 297 101651 2
S 104437173 297 101651 2
S 104448172 297 101653 2
S 104459171 297 101649 2
S 104470171 297 101654 2
S 104481170 297 101655 2
S 104492169 297 101651 2
S 104503169 297 101648 2
S 104514168 297 101651 2
S 104525167 297 101651 2
S 104536167 297 101652 2
S 104547166 297 101650 2
S 104558165 297 101650 2
S 104569165 297 101651 2
S 104580164 297 101654 2
S 104591163 297 101653 2
S 104602163 297 101654 2
S 104613162 297 101654 2
S 104624161 297 101649 2
S 104635160 297 101652 2
S 104646160 297 101654 2
S 104657159 297 101650 2
S 104668158 297 101650 2
S 104679158 297 101654 2
S 104690157 297 101654 2
S 104701156 297 101651 2
S 104717155 297 101654 2
S 104728155 297 101654 2
S 104739154 297 101655 2
S 104750153 297 101655 2
S 104761153 297 101658 2
S 104772152 297 101657 2
S 104783151 297 101651 2
S 104794151 297 101651 2
S 104805150 297 101651 2
S 104816149 297 101655 2
S 104827148 297 101656 2
S 104838148 297 101657 2
S 104849147 297 101654 2
S 104860146 297 101654 2
S 104871146 297 101652 2
S 104882145 297 101652 2
S 104893144 297 101653 2
S 104904144 297 101651 2
S 104915143 297 101653 2
S 104926142 297 101653 2
S 104937142 297 101652 2
S 104948141 297 101651 2
S 104959140 297 101654 2
S 104970140 297 101657 2
S 104981139 297 101652 2
S 104992138 297 101652 2
S 105003137 297 101660 2
S 105014137 297 101657 2
S 105025136 297 101655 2
S 105036135 297 101657 2
S 105047135 297 101653 2
S 105058134 297 101654 2
S 105069133 297 101654 2
S 105080133 297 101655 2
S 105091132 297 101656 2
S 105102131 297 101654 2
S 105113131 297 101651 2
S 105124130 297 101653 2
S 105135129 297 101651 2
S 105146129 297 101647 2
S 105157128 297 101649 2
S 105168127 297 101648 2
S 105179126 297 101646 2
S 105190126 297 101649 2
S 105201125 297 101651 2
S 105212124 297 101652 2
S 105223124 297 101651 2
S 105234123 297 101654 2
S 105245122 297 101650 2
S 105256122 297 101646 2
S 105267121 297 101649 2
S 105278120 297 101650 2
S 105289120 297 101651 2
S 105300119 297 101651 2
S 105311118 297 101647 2
S 105322118 297 101648 2
S 105333117 297 101651 2
S 105344116 297 101651 2
S 105355115 297 101648 2
S 105366115 297 101651 2
S 105377114 297 101650 2
S 105388113 297 101651 2
S 105399113 297 101654 2
S 105410112 297 101654 2
S 105421111 297 101651 2
S 105432111 297 101652 2
S 105443110 297 101655 2
S 105454109 297 101654 2
S 105465109 297 101653 2
S 105476108 297 101657 2
S 105487107 297 101656 2
S 105498107 297 101658 2
S 105509106 297 101654 2
S 105520105 297 101652 2
S 105531104 297 101655 2
S 105542104 297 101652 2
S 105553103 297 101656 2
S 105564102 297 101657 2
S 105575102 297 101654 2
S 105586101 297 101654 2
S 105597100 297 101658 2
S 105608100 297 101654 2
S 105619099 297 101654 2
S 105630098 297 101653 2
S 105641098 297 101660 2
S 105652097 297 101655 2
S 105663096 297 101654 2
S 105674096 297 101654 2
S 105685095 297 101655 2
S 105696094 297 101654 2
S 105707093 297 101653 2
S 105723092 297 101660 2
S 105734092 297 101659 2
S 105745091 297 101656 2
S 105756090 297 101659 2
S 105767090 297 101657 2
S 105778089 297 101659 2
S 105789088 297 101655 2
S 105800088 297 101655 2
S 105811087 297 101658 2
S 105822086 297 101656 2
S 105833086 297 101657 2
S 105844085 297 101660 2
S 105855084 297 101655 2
S 105866084 297 101657 2
S 105877083 297 101657 2
S 105888082 297 101657 2
S 105899081 297 101660 2
S 105910081 297 101656 2
S 105921080 297 101657 2
S 105932079 297 101654 2
S 105943079 297 101654 2
S 105954078 297 101653 2
S 105965077 297 101650 2
S 105976077 297 101657 2
S 105987076 297 101654 2
S 105998075 297 101654 2
S 106009075 297 101651 2
S 106020074 297 101656 2
S 106031073 297 101659 2
S 106042073 297 101654 2
S 106053072 297 101655 2
S 106064071 297 101657 2
S 106075070 297 101660 2
S 106086070 297 101651 2
S 106097069 297 101654 2
S 106108068 297 101657 2
S 106119068 297 101657 2
S 106130067 297 101652 2
S 106141066 297 101657 2
S 106152066 297 101649 2
S 106163065 297 101654 2
S 106174064 297 101651 2
S 106185064 297 101654 2
S 106196063 297 101651 2
S 106207062 297 101653 2
S 106218062 297 101650 2
S 106229061 297 101651 2
S 106240060 297 101654 2
S 106251059 297 101650 2
S 106262059 297 101654 2
S 106273058 297 101651 2
S 106284057 297 101651 2
S 106295057 297 101651 2
S 106306056 297 101651 2
S 106317055 297 101653 2
S 106328055 297 101653 2
S 106339054 297 101654 2
S 106350053 297 101650 2
S 106361053 297 101649 2
S 106372052 297 101651 2
S 106383051 297 101657 2
S 106394051 297 101656 2
S 106405050 297 101651 2
S 106416049 297 101654 2
S 106427048 297 101651 2
S 106438048 297 101648 2
S 106449047 297 101650 2
S 106460046 297 101654 2
S 106471046 297 101656 2
S 106482045 297 101654 2
S 106493044 297 101648 2
S 106504044 297 101644 2
S 106515043 297 101647 2
S 106526042 297 101652 2
S 106537042 297 101658 2
S 106548041 297 101653 2
S 106559040 297 101651 2
S 106570040 297 101657 2
S 106581039 297 101655 2
S 106592038 297 101659 2
S 106603037 297 101656 2
S 106614037 297 101654 2
S 106625036 297 101656 2
S 106636035 297 101655 2
S 106647035 297 101658 2
S 106658034 297 101654 2
S 106669033 297 101651 2
S 106680033 297 101654 2
S 106691032 297 101648 2
S 106702031 297 101650 2
S 106713031 297 101654 2
S 106729030 297 101652 2
S 106740029 297 101652 2
S 106751028 297 101654 2
S 106762028 297 101647 2
S 106773027 297 101651 2
S 106784026 297 101649 2
S 106795025 297 101650 2
S 106806025 297 101654 2
S 106817024 297 101653 2
S 106828023 297 101653 2
S 106839023 297 101651 2
S 106850022 297 101656 2
S 106861021 297 101647 2
S 106872021 297 101648 2
S 106883020 297 101654 2
S 106894019 297 101648 2
S 106905019 297 101654 2
S 106916018 297 101652 2
S 106927017 297 101655 2
S 106938017 297 101655 2
S 106949016 297 101660 2
S 106960015 297 101662 2
S 106971014 297 101652 2
S 106982014 297 101647 2
S 106993013 297 101655 2
S 107004012 297 101652 2
S 107015012 297 101651 2
S 107026011 297 101653 2
S 107037010 297 101648 2
S 107048010 297 101654 2
S 107059009 297 101657 2
S 107070008 297 101655 2
S 107081008 297 101650 2
S 107092007 297 101652 2
S 107103006 297 101649 2
S 107114006 297 101651 2
S 107125005 297 101651 2
S 107136004 297 101657 2
S 107147003 297 101658 2
S 107158003 297 101654 2
S 107169002 297 101654 2
S 107180001 297 101648 2
S 107191001 297 101652 2
S 107202000 297 101652 2
S 107212999 297 101651 2
S 107223999 297 101652 2
S 107234998 297 101652 2
S 107245997 297 101651 2
S 107256997 297 101657 2
S 107267996 297 101660 2
S 107278995 297 101660 2
S 107289995 297 101660 2
S 107300994 297 101660 2
S 107311993 297 101657 2
S 107322992 297 101660 2
S 107333992 297 101659 2
S 107344991 297 101659 2
S 107355990 297 101657 2
S 107366990 297 101662 2
S 107377989 297 101660 2
S 107388988 297 101662 2
S 107399988 297 101657 2
S 107410987 297 101661 2
S 107421986 297 101654 2
S 107432986 297 101654 2
S 107443985 297 101659 2
S 107454984 297 101658 2
S 107465984 297 101657 2
S 107476983 297 101662 2
S 107487982 297 101662 2
S 107498981 297 101660 2
S 107509981 297 101656 2
S 107520980 297 101658 2
S 107531979 297 101661 2
S 107542979 297 101660 2
S 107553978 297 101657 2
S 107564977 297 101658 2
S 107575977 297 101658 2
S 107586976 297 101652 2
S 107597975 297 101657 2
S 107608975 297 101656 2
S 107619974 297 101658 2
S 107630973 297 101662 2
S 107641973 297 101659 2
S 107652972 297 101660 2
S 107663971 297 101659 2
S 107674970 297 101658 2
S 107685970 297 101658 2
S 107696969 297 101662 2
S 107707968 297 101658 2
S 107718968 297 101654 2
S 107734967 297 101663 2
S 107745966 297 101662 2
S 107756965 297 101662 2
S 107767965 297 101663 2
S 107778964 297 101662 2
S 107789963 297 101659 2
S 107800963 297 101659 2
S 107811962 297 101660 2
S 107822961 297 101654 2
S 107833961 297 101662 2
S 107844960 297 101657 2
S 107855959 297 101660 2
S 107866958 297 101664 2
S 107877958 297 101655 2
S 107888957 297 101651 2
S 107899956 297 101656 2
S 107910956 297 101660 2
S 107921955 297 101657 2
S 107932954 297 101660 2
S 107943954 297 101659 2
S 107954953 297 101659 2
S 107965952 297 101660 2
S 107976952 297 101657 2
S 107987951 297 101657 2
S 107998950 297 101657 2
S 108009950 297 101658 2
S 108020949 297 101659 2
S 108031948 297 101657 2
S 108042947 297 101657 2
S 108053947 297 101656 2
S 108064946 297 101655 2
S 108075945 297 101661 2
S 108086945 297 101660 2
S 108097944 297 101659 2
S 108108943 297 101660 2
S 108119943 297 101660 2
S 108130942 297 101656 2
S 108141941 297 101654 2
S 108152941 297 101653 2
S 108163940 297 101653 2
S 108174939 297 101653 2
S 108185939 297 101654 2
S 108196938 297 101654 2
S 108207937 297 101657 2
S 108218936 297 101657 2
S 108229936 297 101656 2
S 108240935 297 101654 2
S 108251934 297 101654 2
S 108262934 297 101656 2
S 108273933 297 101657 2
S 108284932 297 101655 2
S 108295932 297 101653 2
S 108306931 297 101657 2
S 108317930 297 101654 2
S 108328930 297 101659 2
S 108339929 297 101661 2
S 108350928 297 101661 2
S 108361928 297 101656 2
S 108372927 297 101664 2
S 108383926 297 101657 2
S 108394925 297 101662 2
S 108405925 297 101652 2
S 108416924 297 101653 2
S 108427923 297 101656 2
S 108438923 297 101660 2
S 108449922 297 101662 2
S 108460921 297 101664 2
S 108471921 297 101660 2
S 108482920 297 101661 2
S 108493919 297 101659 2
S 108504919 297 101656 2
S 108515918 297 101654 2
S 108526917 297 101656 2
S 108537917 297 101660 2
S 108548916 297 101651 2
S 108559915 297 101656 2
S 108570914 297 101661 2
S 108581914 297 101657 2
S 108592913 297 101658 2
S 108603912 297 101660 2
S 108614912 297 101661 2
S 108625911 297 101657 2
S 108636910 297 101658 2
S 108647910 297 101655 2
S 108658909 297 101660 2
S 108669908 297 101655 2
S 108680908 297 101663 2
S 108691907 297 101659 2
S 108702906 297 101664 2
S 108713906 297 101656 2
S 108724905 297 101658 2
S 108740904 297 101665 2
S 108751903 297 101667 2
S 108762902 297 101663 2
S 108773902 297 101660 2
S 108784901 297 101657 2
S 108795900 297 101660 2
S 108806900 297 101657 2
S 108817899 297 101658 2
S 108828898 297 101664 2
S 108839898 297 101665 2
S 108850897 297 101662 2
S 108861896 297 101663 2
S 108872896 297 101664 2
S 108883895 297 101665 2
S 108894894 297 101663 2
S 108905894 297 101667 2
S 108916893 297 101666 2
S 108927892 297 101662 2
S 108938891 297 101664 2
S 108949891 297 101666 2
S 108960890 297 101667 2
S 108971889 297 101667 2
S 108982889 297 101666 2
S 108993888 297 101660 2
S 109004887 297 101667 2
S 109015887 297 101664 2
S 109026886 297 101668 2
S 109037885 297 101661 2
S 109048885 297 101668 2
S 109059884 297 101663 2
S 109070883 297 101657 2
S 109081883 297 101659 2
S 109092882 297 101668 2
S 109103881 297 101664 2
S 109114880 297 101663 2
S 109125880 297 101666 2
S 109136879 297 101665 2
S 109147878 297 101666 2
S 109158878 297 101665 2
S 109169877 297 101663 2
S 109180876 297 101663 2
S 109191876 297 101662 2
S 109202875 297 101664 2
S 109213874 297 101666 2
S 109224874 297 101660 2
S 109235873 297 101660 2
S 109246872 297 101668 2
S 109257872 297 101664 2
S 109268871 297 101666 2
S 109279870 297 101663 2
S 109290869 297 101668 2
S 109301869 297 101667 2
S 109312868 297 101660 2
S 109323867 297 101666 2
S 109334867 297 101662 2
S 109345866 297 101662 2
S 109356865 297 101663 2
S 109367865 297 101660 2
S 109378864 297 101666 2
S 109389863 297 101663 2
S 109400863 297 101666 2
S 109411862 297 101659 2
S 109422861 297 101660 2
S 109433861 297 101663 2
S 109444860 297 101663 2
S 109455859 297 101665 2
S 109466858 297 101667 2
S 109477858 297 101668 2
S 109488857 297 101666 2
S 109499856 297 101662 2
S 109510856 297 101666 2
S 109521855 297 101665 2
S 109532854 297 101661 2
S 109543854 297 101658 2
S 109554853 297 101663 2
S 109565852 297 101660 2
S 109576852 297 101657 2
S 109587851 297 101668 2
S 109598850 297 101661 2
S 109609850 297 101664 2
S 109620849 297 101658 2
S 109631848 297 101666 2
S 109642847 297 101663 2
S 109653847 297 101663 2
S 109664846 297 101664 2
S 109675845 297 101661 2
S 109686845 297 101665 2
S 109697844 297 101663 2
S 109708843 297 101662 2
S 109719843 297 101661 2
S 109730842 297 101666 2
S 109746841 297 101661 2
S 109757840 297 101659 2
S 109768840 297 101654 2
S 109779839 297 101661 2
S 109790838 297 101656 2
S 109801838 297 101656 2
S 109812837 297 101657 2
S 109823836 297 101659 2
S 109834835 297 101655 2
S 109845835 297 101653 2
S 109856834 297 101658 2
S 109867833 297 101660 2
S 109878833 297 101656 2
S 109889832 297 101654 2
S 109900831 297 101659 2
S 109911831 297 101651 2
S 109922830 297 101657 2
S 109933829 297 101655 2
S 109944829 297 101654 2
S 109955828 297 101656 2
S 109966827 297 101654 2
S 109977827 297 101655 2
S 109988826 297 101656 2
S 109999825 297 101658 2
S 110010824 297 101656 2
S 110021824 297 101653 2
S 110032823 297 101657 2
S 110043822 297 101656 2
S 110054822 297 101656 2
S 110065821 297 101656 2
S 110076820 297 101656 2
S 110087820 297 101656 2
S 110098819 297 101658 2
S 110109818 297 101653 2
S 110120818 297 101659 2
S 110131817 297 101656 2
S 110142816 297 101661 2
S 110153816 297 101661 2
S 110164815 297 101660 2
S 110175814 297 101656 2
S 110186813 297 101656 2
S 110197813 297 101654 2
S 110208812 297 101657 2
S 110219811 297 101657 2
S 110230811 297 101656 2
S 110241810 297 101655 2
S 110252809 297 101659 2
S 110263809 297 101654 2
S 110274808 297 101656 2
S 110285807 297 101651 2
S 110296807 297 101657 2
S 110307806 297 101661 2
S 110318805 297 101658 2
S 110329805 297 101659 2
S 110340804 297 101661 2
S 110351803 297 101657 2
S 110362802 297 101657 2
S 110373802 297 101659 2
S 110384801 297 101659 2
S 110395800 297 101658 2
S 110406800 297 101660 2
S 110417799 297 101657 2
S 110428798 297 101661 2
S 110439798 297 101658 2
S 110450797 297 101662 2
S 110461796 297 101655 2
S 110472796 297 101656 2
S 110483795 297 101660 2
S 110494794 297 101659 2
S 110505794 297 101659 2
S 110516793 297 101662 2
S 110527792 297 101654 2
S 110538791 297 101656 2
S 110549791 297 101660 2
S 110560790 297 101656 2
S 110571789 297 101652 2
S 110582789 297 101654 2
S 110593788 297 101652 2
S 110604787 297 101654 2
S 110615787 297 101659 2
S 110626786 297 101655 2
S 110637785 297 101654 2
S 110648785 297 101652 2
S 110659784 297 101657 2
S 110670783 297 101659 2
S 110681783 297 101660 2
S 110692782 297 101659 2
S 110703781 297 101662 2
S 110714780 297 101657 2
S 110725780 297 101659 2
S 110736779 297 101658 2
S 110752778 297 101662 2
S 110763777 297 101659 2
S 110774777 297 101662 2
S 110785776 297 101664 2
S 110796775 297 101661 2
S 110807775 297 101655 2
S 110818774 297 101662 2
S 110829773 297 101659 2
S 110840773 297 101668 2
S 110851772 297 101661 2
S 110862771 297 101661 2
S 110873771 297 101660 2
S 110884770 297 101661 2
S 110895769 297 101659 2
S 110906768 297 101657 2
S 110917768 297 101659 2
S 110928767 297 101657 2
S 110939766 297 101655 2
S 110950766 297 101657 2
S 110961765 297 101660 2
S 110972764 297 101656 2
S 110983764 297 101662 2
S 110994763 297 101661 2
S 111005762 297 101658 2
S 111016762 297 101659 2
S 111027761 297 101659 2
S 111038760 297 101659 2
S 111049760 297 101659 2
S 111060759 297 101659 2
S 111071758 297 101655 2
S 111082757 297 101654 2
S 111093757 297 101660 2
S 111104756 297 101660 2
S 111115755 297 101657 2
S 111126755 297 101659 2
S 111137754 297 101656 2
S 111148753 297 101656 2
S 111159753 297 101659 2
S 111170752 297 101655 2
S 111181751 297 101659 2
S 111192751 297 101662 2
S 111203750 297 101664 2
S 111214749 297 101659 2
S 111225749 297 101660 2
S 111236748 297 101659 2
S 111247747 297 101656 2
S 111258746 297 101654 2
S 111269746 297 101654 2
S 111280745 297 101659 2
S 111291744 297 101656 2
S 111302744 297 101660 2
S 111313743 297 101659 2
S 111324742 297 101659 2
S 111335742 297 101659 2
S 111346741 297 101656 2
S 111357740 297 101662 2
S 111368740 297 101660 2
S 111379739 297 101660 2
S 111390738 297 101658 2
S 111401738 297 101660 2
S 111412737 297 101662 2
S 111423736 297 101664 2
S 111434735 297 101664 2
S 111445735 297 101662 2
S 111456734 297 101660 2
S 111467733 297 101660 2
S 111478733 297 101662 2
S 111489732 297 101661 2
S 111500731 297 101661 2
S 111511731 297 101665 2
S 111522730 297 101660 2
S 111533729 297 101662 2
S 111544729 297 101661 2
S 111555728 297 101663 2
S 111566727 297 101658 2
S 111577727 297 101658 2
S 111588726 297 101662 2
S 111599725 297 101659 2
S 111610724 297 101662 2
S 111621724 297 101661 2
S 111632723 297 101664 2
S 111643722 297 101659 2
S 111654722 297 101662 2
S 111665721 297 101659 2
S 111676720 297 101662 2
S 111687720 297 101660 2
S 111698719 297 101658 2
S 111709718 297 101660 2
S 111720718 297 101656 2
S 111731717 297 101659 2
S 111742716 297 101658 2
S 111758715 297 101655 2
S 111769715 297 101655 2
S 111780714 297 101654 2
S 111791713 297 101653 2
S 111802712 297 101653 2
S 111813712 297 101656 2
S 111824711 297 101655 2
S 111835710 297 101654 2
S 111846710 297 101657 2
S 111857709 297 101658 2
S 111868708 297 101659 2
S 111879708 297 101657 2
S 111890707 297 101655 2
S 111901706 297 101656 2
S 111912706 297 101656 2
S 111923705 297 101654 2
S 111934704 297 101655 2
S 111945704 297 101655 2
S 111956703 297 101656 2
S 111967702 297 101656 2
S 111978701 297 101658 2
S 111989701 297 101653 2
S 112000701 297 101657 2
S 112011699 297 101656 2
S 112022699 297 101656 2
S 112033698 297 101662 2
S 112044697 297 101656 2
S 112055697 297 101656 2
S 112066696 297 101658 2
S 112077695 297 101657 2
S 112088695 297 101657 2
S 112099694 297 101657 2
S 112110693 297 101656 2
S 112121693 297 101659 2
S 112132692 297 101656 2
S 112143691 297 101653 2
S 112154690 297 101655 2
S 112165690 297 101654 2
S 112176689 297 101652 2
S 112187688 297 101659 2
S 112198688 297 101658 2
S 112209687 297 101659 2
S 112220686 297 101653 2
S 112231686 297 101658 2
S 112242685 297 101659 2
S 112253684 297 101659 2
S 112264684 297 101657 2
S 112275683 297 101659 2
S 112286682 297 101659 2
S 112297682 297 101658 2
S 112308681 297 101659 2
S 112319680 297 101656 2
S 112330679 297 101659 2
S 112341679 297 101658 2
S 112352678 297 101655 2
S 112363677 297 101655 2
S 112374677 297 101659 2
S 112385676 297 101656 2
S 112396675 297 101661 2
S 112407675 297 101658 2
S 112418674 297 101656 2
S 112429673 297 101657 2
S 112440673 297 101656 2
S 112451672 297 101653 2
S 112462671 297 101654 2
S 112473671 297 101655 2
S 112484670 297 101652 2
S 112495669 297 101657 2
S 112506668 297 101655 2
S 112517668 297 101656 2
S 112528667 297 101656 2
S 112539666 297 101658 2
S 112550666 297 101655 2
S 112561665 297 101656 2
S 112572664 297 101656 2
S 112583664 297 101653 2
S 112594663 297 101655 2
S 112605662 297 101654 2
S 112616662 297 101656 2
S 112627661 297 101655 2
S 112638660 297 101656 2
S 112649660 297 101656 2
S 112660659 297 101654 2
S 112671658 297 101656 2
S 112682657 297 101658 2
S 112693657 297 101657 2
S 112704656 297 101657 2
S 112715655 297 101654 2
S 112726655 297 101654 2
S 112737654 297 101656 2
S 112748653 297 101659 2
S 112764652 297 101657 2
S 112775652 297 101656 2
S 112786651 297 101656 2
S 112797650 297 101656 2
S 112808650 297 101659 2
S 112819649 297 101655 2
S 112830648 297 101655 2
S 112841648 297 101656 2
S 112852647 297 101655 2
S 112863646 297 101656 2
S 112874645 297 101656 2
S 112885645 297 101656 2
S 112896644 297 101660 2
S 112907643 297 101657 2
S 112918643 297 101659 2
S 112929642 297 101655 2
S 112940641 297 101658 2
S 112951641 297 101653 2
S 112962640 297 101656 2
S 112973639 297 101656 2
S 112984639 297 101655 2
S 112995638 297 101654 2
S 113006637 297 101654 2
S 113017637 297 101651 2
S 113028636 297 101653 2
S 113039635 297 101653 2
S 113050634 297 101659 2
S 113061634 297 101657 2
S 113072633 297 101659 2
S 113083632 297 101659 2
S 113094632 297 101654 2
S 113105631 297 101656 2
S 113116630 297 101658 2
S 113127630 297 101654 2
S 113138629 297 101656 2
S 113149628 297 101659 2
S 113160628 297 101658 2
S 113171627 297 101656 2
S 113182626 297 101655 2
S 113193626 297 101656 2
S 113204625 297 101658 2
S 113215624 297 101658 2
S 113226623 297 101656 2
S 113237623 297 101655 2
S 113248622 297 101658 2
S 113259621 297 101657 2
S 113270621 297 101654 2
S 113281620 297 101655 2
S 113292619 297 101651 2
S 113303619 297 101656 2
S 113314618 297 101656 2
S 113325617 297 101656 2
S 113336617 297 101654 2
S 113347616 297 101656 2
S 113358615 297 101652 2
S 113369615 297 101653 2
S 113380614 297 101657 2
S 113391613 297 101656 2
S 113402612 297 101656 2
S 113413612 297 101657 2
S 113424611 297 101654 2
S 113435610 297 101655 2
S 113446610 297 101657 2
S 113457609 297 101657 2
S 113468608 297 101660 2
S 113479608 297 101660 2
S 113490607 297 101659 2
S 113501606 297 101657 2
S 113512606 297 101659 2
S 113523605 297 101655 2
S 113534604 297 101657 2
S 113545604 297 101655 2
S 113556603 297 101656 2
S 113567602 297 101657 2
S 113578601 297 101660 2
S 113589601 297 101656 2
S 113600600 297 101655 2
S 113611599 297 101652 2
S 113622599 297 101654 2
S 113633598 297 101653 2
S 113644597 297 101659 2
S 113655597 297 101659 2
S 113666596 297 101663 2
S 113677595 297 101657 2
S 113688595 297 101656 2
S 113699594 297 101659 2
S 113710593 297 101659 2
S 113721593 297 101661 2
S 113732592 297 101659 2
S 113743591 297 101659 2
S 113754590 297 101662 2
S 113770589 297 101664 2
S 113781589 297 101660 2
S 113792588 297 101656 2
S 113803587 297 101656 2
S 113814587 297 101655 2
S 113825586 297 101654 2
S 113836585 297 101658 2
S 113847585 297 101661 2
S 113858584 297 101656 2
S 113869583 297 101656 2
S 113880583 297 101657 2
S 113891582 297 101656 2
S 113902581 297 101659 2
S 113913581 297 101657 2
S 113924580 297 101654 2
S 113935579 297 101657 2
S 113946578 297 101656 2
S 113957578 297 101651 2
S 113968577 297 101653 2
S 113979576 297 101650 2
S 113990576 297 101654 2
S 114001576 297 101651 2
S 114012574 297 101652 2
S 114023574 297 101650 2
S 114034573 297 101655 2
S 114045572 297 101656 2
S 114056572 297 101652 2
S 114067571 297 101652 2
S 114078570 297 101654 2
S 114089570 297 101656 2
S 114100569 297 101657 2
S 114111568 297 101656 2
S 114122567 297 101652 2
S 114133567 297 101650 2
S 114144566 297 101651 2
S 114155565 297 101653 2
S 114166565 297 101652 2
S 114177564 297 101654 2
S 114188563 297 101654 2
S 114199563 297 101653 2
S 114210562 297 101654 2
S 114221561 297 101660 2
S 114232561 297 101655 2
S 114243560 297 101653 2
S 114254559 297 101656 2
S 114265559 297 101652 2
S 114276558 297 101651 2
S 114287557 297 101654 2
S 114298556 297 101653 2
S 114309556 297 101651 2
S 114320555 297 101653 2
S 114331554 297 101656 2
S 114342554 297 101656 2
S 114353553 297 101653 2
S 114364552 297 101653 2
S 114375552 297 101660 2
S 114386551 297 101658 2
S 114397550 297 101653 2
S 114408550 297 101656 2
S 114419549 297 101659 2
S 114430548 297 101656 2
S 114441548 297 101656 2
S 114452547 297 101654 2
S 114463546 297 101654 2
S 114474545 297 101655 2
S 114485545 297 101653 2
S 114496544 297 101654 2
S 114507543 297 101655 2
S 114518543 297 101653 2
S 114529542 297 101651 2
S 114540541 297 101655 2
S 114551541 297 101656 2
S 114562540 297 101654 2
S 114573539 297 101651 2
S 114584539 297 101649 2
S 114595538 297 101649 2
S 114606537 297 101653 2
S 114617537 297 101656 2
S 114628536 297 101653 2
S 114639535 297 101650 2
S 114650534 297 101652 2
S 114661534 297 101655 2
S 114672533 297 101653 2
S 114683532 297 101653 2
S 114694532 297 101651 2
S 114705531 297 101652 2
S 114716530 297 101651 2
S 114727530 297 101653 2
S 114738529 297 101649 2
S 114749528 297 101650 2
S 114760528 297 101652 2
S 114776527 297 101662 2
S 114787526 297 101664 2
S 114798525 297 101662 2
S 114809525 297 101659 2
S 114820524 297 101664 2
S 114831523 297 101662 2
S 114842522 297 101661 2
S 114853522 297 101659 2
S 114864521 297 101656 2
S 114875520 297 101658 2
S 114886520 297 101659 2
S 114897519 297 101656 2
S 114908518 297 101663 2
S 114919518 297 101660 2
S 114930517 297 101660 2
S 114941516 297 101659 2
S 114952516 297 101659 2
S 114963515 297 101659 2
S 114974514 297 101660 2
S 114985514 297 101658 2
S 114996513 297 101659 2
S 115007512 297 101659 2
S 115018511 297 101659 2
S 115029511 297 101659 2
S 115040510 297 101658 2
S 115051509 297 101656 2
S 115062509 297 101657 2
S 115073508 297 101656 2
S 115084507 297 101659 2
S 115095507 297 101656 2
S 115106506 297 101661 2
S 115117505 297 101661 2
S 115128505 297 101663 2
S 115139504 297 101660 2
S 115150503 297 101661 2
S 115161503 297 101659 2
S 115172502 297 101660 2
S 115183501 297 101654 2
S 115194500 297 101657 2
S 115205500 297 101656 2
S 115216499 297 101659 2
S 115227498 297 101659 2
S 115238498 297 101651 2
S 115249497 297 101660 2
S 115260496 297 101659 2
S 115271496 297 101660 2
S 115282495 297 101660 2
S 115293494 297 101661 2
S 115304494 297 101656 2
S 115315493 297 101659 2
S 115326492 297 101653 2
S 115337492 297 101655 2
S 115348491 297 101659 2
S 115359490 297 101661 2
S 115370489 297 101654 2
S 115381489 297 101659 2
S 115392488 297 101660 2
S 115403487 297 101654 2
S 115414487 297 101655 2
S 115425486 297 101657 2
S 115436485 297 101659 2
S 115447485 297 101657 2
S 115458484 297 101661 2
S 115469483 297 101658 2
S 115480483 297 101656 2
S 115491482 297 101657 2
S 115502481 297 101656 2
S 115513481 297 101659 2
S 115524480 297 101658 2
S 115535479 297 101656 2
S 115546478 297 101662 2
S 115557478 297 101657 2
S 115568477 297 101658 2
S 115579476 297 101660 2
S 115590476 297 101661 2
S 115601475 297 101660 2
S 115612474 297 101656 2
S 115623474 297 101658 2
S 115634473 297 101659 2
S 115645472 297 101655 2
S 115656472 297 101657 2
S 115667471 297 101656 2
S 115678470 297 101651 2
S 115689470 297 101650 2
S 115700469 297 101659 2
S 115711468 297 101653 2
S 115722467 297 101659 2
S 115733467 297 101652 2
S 115744466 297 101656 2
S 115755465 297 101654 2
S 115766465 297 101659 2
S 115782464 297 101658 2
S 115793463 297 101656 2
S 115804462 297 101656 2
S 115815462 297 101651 2
S 115826461 297 101656 2
S 115837460 297 101656 2
S 115848460 297 101658 2
S 115859459 297 101657 2
S 115870458 297 101650 2
S 115881458 297 101653 2
S 115892457 297 101657 2
S 115903456 297 101654 2
S 115914455 297 101654 2
S 115925455 297 101653 2
S 115936454 297 101656 2
S 115947453 297 101650 2
S 115958453 297 101656 2
S 115969452 297 101650 2
S 115980451 297 101657 2
S 115991451 297 101656 2
S 116002450 297 101653 2
S 116013449 297 101656 2
S 116024449 297 101653 2
S 116035448 297 101650 2
S 116046447 297 101650 2
S 116057447 297 101655 2
S 116068446 297 101651 2
S 116079445 297 101656 2
S 116090444 297 101653 2
S 116101444 297 101656 2
S 116112443 297 101656 2
S 116123442 297 101656 2
S 116134442 297 101653 2
S 116145441 297 101653 2
S 116156440 297 101648 2
S 116167440 297 101653 2
S 116178439 297 101656 2
S 116189438 297 101653 2
S 116200438 297 101657 2
S 116211437 297 101656 2
S 116222436 297 101652 2
S 116233436 297 101653 2
S 116244435 297 101651 2
S 116255434 297 101650 2
S 116266433 297 101654 2
S 116277433 297 101653 2
S 116288432 297 101652 2
S 116299431 297 101659 2
S 116310431 297 101658 2
S 116321430 297 101658 2
S 116332429 297 101659 2
S 116343429 297 101665 2
S 116354428 297 101656 2
S 116365427 297 101654 2
S 116376427 297 101656 2
S 116387426 297 101653 2
S 116398425 297 101654 2
S 116409425 297 101656 2
S 116420424 297 101651 2
S 116431423 297 101660 2
S 116442422 297 101658 2
S 116453422 297 101657 2
S 116464421 297 101652 2
S 116475420 297 101655 2
S 116486420 297 101656 2
S 116497419 297 101656 2
S 116508418 297 101657 2
S 116519418 297 101658 2
S 116530417 297 101655 2
S 116541416 297 101652 2
S 116552416 297 101656 2
S 116563415 297 101653 2
S 116574414 297 101653 2
S 116585414 297 101650 2
S 116596413 297 101653 2
S 116607412 297 101650 2
S 116618411 297 101648 2
S 116629411 297 101651 2
S 116640410 297 101653 2
S 116651409 297 101652 2
S 116662409 297 101653 2
S 116673408 297 101650 2
S 116684407 297 101648 2
S 116695407 297 101650 2
S 116706406 297 101654 2
S 116717405 297 101649 2
S 116728405 297 101652 2
S 116739404 297 101652 2
S 116750403 297 101657 2
S 116761403 297 101652 2
S 116772402 297 101659 2
S 116788401 297 101656 2
S 116799400 297 101659 2
S 116810399 297 101654 2
S 116821399 297 101659 2
S 116832398 297 101655 2
S 116843397 297 101662 2
S 116854397 297 101658 2
S 116865396 297 101661 2
S 116876395 297 101656 2
S 116887395 297 101658 2
S 116898394 297 101660 2
S 116909393 297 101658 2
S 116920393 297 101656 2
S 116931392 297 101655 2
S 116942391 297 101657 2
S 116953391 297 101659 2
S 116964390 297 101655 2
S 116975389 297 101658 2
S 116986388 297 101656 2
S 116997388 297 101658 2
S 117008387 297 101659 2
S 117019386 297 101659 2
S 117030386 297 101661 2
S 117041385 297 101651 2
S 117052384 297 101653 2
S 117063384 297 101650 2
S 117074383 297 101655 2
S 117085382 297 101651 2
S 117096382 297 101656 2
S 117107381 297 101660 2
S 117118380 297 101655 2
S 117129380 297 101659 2
S 117140379 297 101662 2
S 117151378 297 101656 2
S 117162377 297 101654 2
S 117173377 297 101648 2
S 117184376 297 101650 2
S 117195375 297 101655 2
S 117206375 297 101654 2
S 117217374 297 101653 2
S 117228373 297 101657 2
S 117239373 297 101655 2
S 117250372 297 101654 2
S 117261371 297 101654 2
S 117272371 297 101651 2
S 117283370 297 101655 2
S 117294369 297 101654 2
S 117305369 297 101656 2
S 117316368 297 101656 2
S 117327367 297 101657 2
S 117338366 297 101659 2
S 117349366 297 101654 2
S 117360365 297 101651 2
S 117371364 297 101660 2
S 117382364 297 101656 2
S 117393363 297 101659 2
S 117404362 297 101656 2
S 117415362 297 101656 2
S 117426361 297 101655 2
S 117437360 297 101660 2
S 117448360 297 101654 2
S 117459359 297 101659 2
S 117470358 297 101656 2
S 117481358 297 101660 2
S 117492357 297 101659 2
S 117503356 297 101659 2
S 117514355 297 101655 2
S 117525355 297 101659 2
S 117536354 297 101664 2
S 117547353 297 101660 2
S 117558353 297 101655 2
S 117569352 297 101660 2
S 117580351 297 101662 2
S 117591351 297 101655 2
S 117602350 297 101654 2
S 117613349 297 101660 2
S 117624349 297 101660 2
S 117635348 297 101652 2
S 117646347 297 101659 2
S 117657347 297 101657 2
S 117668346 297 101659 2
S 117679345 297 101654 2
S 117690344 297 101651 2
S 117701344 297 101660 2
S 117712343 297 101659 2
S 117723342 297 101660 2
S 117734342 297 101654 2
S 117745341 297 101658 2
S 117756340 297 101657 2
S 117767340 297 101658 2
S 117778339 297 101659 2
S 117794338 297 101662 2
S 117805337 297 101658 2
S 117816337 297 101661 2
S 117827336 297 101659 2
S 117838335 297 101654 2
S 117849335 297 101659 2
S 117860334 297 101660 2
S 117871333 297 101659 2
S 117882332 297 101659 2
S 117893332 297 101659 2
S 117904331 297 101659 2
S 117915330 297 101659 2
S 117926330 297 101660 2
S 117937329 297 101659 2
S 117948328 297 101654 2
S 117959328 297 101662 2
S 117970327 297 101659 2
S 117981326 297 101658 2
S 117992326 297 101657 2
S 118003325 297 101653 2
S 118014324 297 101659 2
S 118025324 297 101655 2
S 118036323 297 101662 2
S 118047322 297 101661 2
S 118058321 297 101659 2
S 118069321 297 101654 2
S 118080320 297 101659 2
S 118091319 297 101662 2
S 118102319 297 101652 2
S 118113318 297 101656 2
S 118124317 297 101654 2
S 118135317 297 101653 2
S 118146316 297 101656 2
S 118157315 297 101658 2
S 118168315 297 101656 2
S 118179314 297 101662 2
S 118190313 297 101661 2
S 118201313 297 101659 2
S 118212312 297 101658 2
S 118223311 297 101659 2
S 118234310 297 101655 2
S 118245310 297 101656 2
S 118256309 297 101655 2
S 118267308 297 101659 2
S 118278308 297 101656 2
S 118289307 297 101657 2
S 118300306 297 101658 2
S 118311306 297 101655 2
S 118322305 297 101658 2
S 118333304 297 101659 2
S 118344304 297 101661 2
S 118355303 297 101659 2
S 118366302 297 101656 2
S 118377302 297 101659 2
S 118388301 297 101659 2
S 118399300 297 101657 2
S 118410299 297 101658 2
S 118421299 297 101659 2
S 118432298 297 101658 2
S 118443297 297 101656 2
S 118454297 297 101660 2
S 118465296 297 101656 2
S 118476295 297 101654 2
S 118487295 297 101659 2
S 118498294 297 101659 2
S 118509293 297 101661 2
S 118520293 297 101659 2
S 118531292 297 101661 2
S 118542291 297 101661 2
S 118553291 297 101656 2
S 118564290 297 101659 2
S 118575289 297 101661 2
S 118586288 297 101664 2
S 118597288 297 101659 2
S 118608287 297 101659 2
S 118619286 297 101660 2
S 118630286 297 101655 2
S 118641285 297 101656 2
S 118652284 297 101657 2
S 118663284 297 101655 2
S 118674283 297 101659 2
S 118685282 297 101657 2
S 118696282 297 101661 2
S 118707281 297 101660 2
S 118718280 297 101659 2
S 118729280 297 101659 2
S 118740279 297 101662 2
S 118751278 297 101659 2
S 118762277 297 101654 2
S 118773277 297 101654 2
S 118784276 297 101655 2
S 118800275 297 101661 2
S 118811274 297 101660 2
S 118822274 297 101657 2
S 118833273 297 101658 2
S 118844272 297 101656 2
S 118855272 297 101659 2
S 118866271 297 101660 2
S 118877270 297 101658 2
S 118888270 297 101653 2
S 118899269 297 101656 2
S 118910268 297 101658 2
S 118921268 297 101656 2
S 118932267 297 101654 2
S 118943266 297 101653 2
S 118954265 297 101651 2
S 118965265 297 101656 2
S 118976264 297 101652 2
S 118987263 297 101649 2
S 118998263 297 101658 2
S 119009262 297 101653 2
S 119020261 297 101654 2
S 119031261 297 101656 2
S 119042260 297 101658 2
S 119053259 297 101657 2
S 119064259 297 101656 2
S 119075258 297 101659 2
S 119086257 297 101659 2
S 119097257 297 101655 2
S 119108256 297 101658 2
S 119119255 297 101656 2
S 119130254 297 101659 2
S 119141254 297 101650 2
S 119152253 297 101648 2
S 119163252 297 101654 2
S 119174252 297 101652 2
S 119185251 297 101652 2
S 119196250 297 101657 2
S 119207250 297 101656 2
S 119218249 297 101650 2
S 119229248 297 101651 2
S 119240248 297 101654 2
S 119251247 297 101657 2
S 119262246 297 101659 2
S 119273246 297 101656 2
S 119284245 297 101656 2
S 119295244 297 101656 2
S 119306243 297 101656 2
S 119317243 297 101656 2
S 119328242 297 101656 2
S 119339241 297 101652 2
S 119350241 297 101652 2
S 119361240 297 101654 2
S 119372239 297 101656 2
S 119383239 297 101654 2
S 119394238 297 101652 2
S 119405237 297 101651 2
S 119416237 297 101657 2
S 119427236 297 101654 2
S 119438235 297 101656 2
S 119449235 297 101653 2
S 119460234 297 101651 2
S 119471233 297 101654 2
S 119482232 297 101653 2
S 119493232 297 101648 2
S 119504231 297 101654 2
S 119515230 297 101655 2
S 119526230 297 101654 2
S 119537229 297 101651 2
S 119548228 297 101654 2
S 119559228 297 101659 2
S 119570227 297 101651 2
S 119581226 297 101659 2
S 119592226 297 101655 2
S 119603225 297 101655 2
S 119614224 297 101651 2
S 119625224 297 101652 2
S 119636223 297 101649 2
S 119647222 297 101655 2
S 119658221 297 101651 2
S 119669221 297 101651 2
S 119680220 297 101653 2
S 119691219 297 101648 2
S 119702219 297 101649 2
S 119713218 297 101651 2
S 119724217 297 101649 2
S 119735217 297 101648 2
S 119746216 297 101650 2
S 119757215 297 101651 2
S 119768215 297 101651 2
S 119779214 297 101648 2
S 119790213 297 101651 2
S 119806212 297 101661 2
S 119817212 297 101663 2
S 119828211 297 101663 2
S 119839210 297 101660 2
S 119850209 297 101666 2
S 119861209 297 101666 2
S 119872208 297 101660 2
S 119883207 297 101657 2
S 119894207 297 101663 2
S 119905206 297 101662 2
S 119916205 297 101663 2
S 119927205 297 101660 2
S 119938204 297 101662 2
S 119949203 297 101657 2
S 119960203 297 101660 2
S 119971202 297 101657 2
S 119982201 297 101660 2
S 119993201 297 101656 2
S 120004200 297 101652 2
S 120015199 297 101657 2
S 120026198 297 101656 2
S 120037198 297 101657 2
S 120048197 297 101663 2
S 120059196 297 101666 2
S 120070196 297 101659 2
S 120081195 297 101660 2
S 120092194 297 101656 2
S 120103194 297 101654 2
S 120114193 297 101656 2
S 120125192 297 101663 2
S 120136192 297 101658 2
S 120147191 297 101660 2
S 120158190 297 101659 2
S 120169190 297 101660 2
S 120180189 297 101654 2
S 120191188 297 101659 2
S 120202187 297 101654 2
S 120213187 297 101659 2
S 120224186 297 101662 2
S 120235185 297 101659 2
S 120246185 297 101657 2
S 120257184 297 101657 2
S 120268183 297 101660 2
S 120279183 297 101656 2
S 120290182 297 101660 2
S 120301181 297 101654 2
S 120312181 297 101654 2
S 120323180 297 101658 2
S 120334179 297 101655 2
S 120345179 297 101658 2
S 120356178 297 101659 2
S 120367177 297 101652 2
S 120378176 297 101654 2
S 120389176 297 101653 2
S 120400175 297 101657 2
S 120411174 297 101657 2
S 120422174 297 101654 2
S 120433173 297 101654 2
S 120444172 297 101652 2
S 120455172 297 101654 2
S 120466171 297 101655 2
S 120477170 297 101648 2
S 120488170 297 101654 2
S 120499169 297 101655 2
S 120510168 297 101654 2
S 120521168 297 101655 2
S 120532167 297 101659 2
S 120543166 297 101656 2
S 120554165 297 101655 2
S 120565165 297 101656 2
S 120576164 297 101653 2
S 120587163 297 101657 2
S 120598163 297 101651 2
S 120609162 297 101652 2
S 120620161 297 101656 2
S 120631161 297 101652 2
S 120642160 297 101652 2
S 120653159 297 101654 2
S 120664159 297 101654 2
S 120675158 297 101656 2
S 120686157 297 101655 2
S 120697157 297 101654 2
S 120708156 297 101652 2
S 120719155 297 101652 2
S 120730154 297 101656 2
S 120741154 297 101654 2
S 120752153 297 101654 2
S 120763152 297 101657 2
S 120774152 297 101655 2
S 120785151 297 101654 2
S 120796150 297 101651 2
S 120812149 297 101657 2
S 120823149 297 101658 2
S 120834148 297 101657 2
S 120845147 297 101657 2
S 120856147 297 101656 2
S 120867146 297 101656 2
S 120878145 297 101656 2
S 120889145 297 101660 2
S 120900144 297 101655 2
S 120911143 297 101660 2
S 120922142 297 101654 2
S 120933142 297 101660 2
S 120944141 297 101655 2
S 120955140 297 101662 2
S 120966140 297 101653 2
S 120977139 297 101660 2
S 120988138 297 101654 2
S 120999138 297 101653 2
S 121010137 297 101657 2
S 121021136 297 101651 2
S 121032136 297 101656 2
S 121043135 297 101651 2
S 121054134 297 101657 2
S 121065134 297 101653 2
S 121076133 297 101656 2
S 121087132 297 101653 2
S 121098131 297 101653 2
S 121109131 297 101657 2
S 121120130 297 101657 2
S 121131129 297 101659 2
S 121142129 297 101658 2
S 121153128 297 101660 2
S 121164127 297 101656 2
S 121175127 297 101657 2
S 121186126 297 101658 2
S 121197125 297 101660 2
S 121208125 297 101656 2
S 121219124 297 101653 2
S 121230123 297 101652 2
S 121241123 297 101659 2
S 121252122 297 101653 2
S 121263121 297 101658 2
S 121274120 297 101658 2
S 121285120 297 101657 2
S 121296119 297 101656 2
S 121307118 297 101660 2
S 121318118 297 101656 2
S 121329117 297 101658 2
S 121340116 297 101658 2
S 121351116 297 101654 2
S 121362115 297 101660 2
S 121373114 297 101660 2
S 121384114 297 101655 2
S 121395113 297 101663 2
S 121406112 297 101657 2
S 121417112 297 101659 2
S 121428111 297 101660 2
S 121439110 297 101658 2
S 121450109 297 101661 2
S 121461109 297 101657 2
S 121472108 297 101657 2
S 121483107 297 101657 2
S 121494107 297 101654 2
S 121505106 297 101653 2
S 121516105 297 101654 2
S 121527105 297 101657 2
S 121538104 297 101657 2
S 121549103 297 101653 2
S 121560103 297 101655 2
S 121571102 297 101653 2
S 121582101 297 101656 2
S 121593101 297 101655 2
S 121604100 297 101657 2
S 121615099 297 101657 2
S 121626098 297 101654 2
S 121637098 297 101655 2
S 121648097 297 101657 2
S 121659096 297 101656 2
S 121670096 297 101657 2
S 121681095 297 101652 2
S 121692094 297 101651 2
S 121703094 297 101651 2
S 121714093 297 101651 2
S 121725092 297 101653 2
S 121736092 297 101656 2
S 121747091 297 101652 2
S 121758090 297 101651 2
S 121769090 297 101648 2
S 121780089 297 101654 2
S 121791088 297 101654 2
S 121802087 297 101653 2
S 121818086 297 101651 2
S 121829086 297 101649 2
S 121840085 297 101654 2
S 121851084 297 101651 2
S 121862084 297 101649 2
S 121873083 297 101654 2
S 121884082 297 101657 2
S 121895082 297 101657 2
S 121906081 297 101660 2
S 121917080 297 101649 2
S 121928080 297 101651 2
S 121939079 297 101649 2
S 121950078 297 101653 2
S 121961078 297 101651 2
S 121972077 297 101647 2
S 121983076 297 101648 2
S 121994075 297 101648 2
S 122005075 297 101650 2
S 122016074 297 101652 2
S 122027073 297 101646 2
S 122038073 297 101651 2
S 122049072 297 101648 2
S 122060071 297 101651 2
S 122071071 297 101651 2
S 122082070 297 101650 2
S 122093069 297 101646 2
S 122104069 297 101648 2
S 122115068 297 101645 2
S 122126067 297 101645 2
S 122137067 297 101645 2
S 122148066 297 101644 2
S 122159065 297 101651 2
S 122170064 297 101645 2
S 122181064 297 101646 2
S 122192063 297 101648 2
S 122203062 297 101646 2
S 122214062 297 101647 2
S 122225061 297 101647 2
S 122236060 297 101650 2
S 122247060 297 101648 2
S 122258059 297 101645 2
S 122269058 297 101647 2
S 122280058 297 101645 2
S 122291057 297 101652 2
S 122302056 297 101649 2
S 122313056 297 101651 2
S 122324055 297 101656 2
S 122335054 297 101648 2
S 122346053 297 101648 2
S 122357053 297 101651 2
S 122368052 297 101649 2
S 122379051 297 101648 2
S 122390051 297 101650 2
S 122401050 297 101649 2
S 122412049 297 101657 2
S 122423049 297 101647 2
S 122434048 297 101647 2
S 122445047 297 101648 2
S 122456047 297 101648 2
S 122467046 297 101650 2
S 122478045 297 101652 2
S 122489045 297 101648 2
S 122500044 297 101648 2
S 122511043 297 101652 2
S 122522042 297 101647 2
S 122533042 297 101648 2
S 122544041 297 101650 2
S 122555040 297 101651 2
S 122566040 297 101651 2
S 122577039 297 101651 2
S 122588038 297 101654 2
S 122599038 297 101648 2
S 122610037 297 101647 2
S 122621036 297 101649 2
S 122632036 297 101651 2
S 122643035 297 101649 2
S 122654034 297 101653 2
S 122665034 297 101652 2
S 122676033 297 101645 2
S 122687032 297 101648 2
S 122698031 297 101647 2
S 122709031 297 101647 2
S 122720030 297 101652 2
S 122731029 297 101648 2
S 122742029 297 101648 2
S 122753028 297 101650 2
S 122764027 297 101646 2
S 122775027 297 101651 2
S 122786026 297 101652 2
S 122797025 297 101651 2
S 122808025 297 101651 2
S 122824024 297 101659 2
S 122835023 297 101658 2
S 122846022 297 101663 2
S 122857022 297 101654 2
S 122868021 297 101657 2
S 122879020 297 101657 2
S 122890019 297 101656 2
S 122901019 297 101654 2
S 122912018 297 101659 2
S 122923017 297 101656 2
S 122934017 297 101657 2
S 122945016 297 101658 2
S 122956015 297 101657 2
S 122967015 297 101654 2
S 122978014 297 101657 2
S 122989013 297 101655 2
S 123000013 297 101654 2
S 123011012 297 101658 2
S 123022011 297 101654 2
S 123033011 297 101657 2
S 123044010 297 101655 2
S 123055009 297 101657 2
S 123066008 297 101652 2
S 123077008 297 101660 2
S 123088007 297 101656 2
S 123099006 297 101656 2
S 123110006 297 101657 2
S 123121005 297 101659 2
S 123132004 297 101657 2
S 123143004 297 101660 2
S 123154003 297 101658 2
S 123165002 297 101658 2
S 123176002 297 101656 2
S 123187001 297 101654 2
S 123198000 297 101657 2
S 123209000 297 101655 2
S 123219999 297 101655 2
S 123230998 297 101652 2
S 123241997 297 101657 2
S 123252997 297 101654 2
S 123263996 297 101653 2
S 123274995 297 101657 2
S 123285995 297 101656 2
S 123296994 297 101655 2
S 123307993 297 101651 2
S 123318993 297 101654 2
S 123329992 297 101659 2
S 123340991 297 101658 2
S 123351991 297 101660 2
S 123362990 297 101656 2
S 123373989 297 101655 2
S 123384989 297 101654 2
S 123395988 297 101657 2
S 123406987 297 101660 2
S 123417986 297 101657 2
S 123428986 297 101656 2
S 123439985 297 101657 2
S 123450984 297 101660 2
S 123461984 297 101654 2
S 123472983 297 101656 2
S 123483982 297 101660 2
S 123494982 297 101660 2
S 123505981 297 101660 2
S 123516980 297 101660 2
S 123527980 297 101660 2
S 123538979 297 101657 2
S 123549978 297 101657 2
S 123560978 297 101659 2
S 123571977 297 101659 2
S 123582976 297 101654 2
S 123593975 297 101660 2
S 123604975 297 101655 2
S 123615974 297 101657 2
S 123626973 297 101656 2
S 123637973 297 101659 2
S 123648972 297 101657 2
S 123659971 297 101655 2
S 123670971 297 101654 2
S 123681970 297 101657 2
S 123692969 297 101661 2
S 123703969 297 101657 2
S 123714968 297 101652 2
S 123725967 297 101654 2
S 123736967 297 101654 2
S 123747966 297 101655 2
S 123758965 297 101654 2
S 123769964 297 101655 2
S 123780964 297 101656 2
S 123791963 297 101653 2
S 123802962 297 101654 2
S 123813962 297 101656 2
S 123829961 298 101659 2
S 123840960 298 101662 2
S 123851959 298 101661 2
S 123862959 298 101663 2
S 123873958 298 101663 2
S 123884957 298 101665 2
S 123895957 298 101662 2
S 123906956 298 101663 2
S 123917955 298 101662 2
S 123928955 298 101663 2
S 123939954 298 101663 2
S 123950953 298 101668 2
S 123961952 298 101661 2
S 123972952 298 101665 2
S 123983951 298 101663 2
S 123994950 298 101663 2
S 124005950 298 101660 2
S 124016949 298 101663 2
S 124027948 298 101664 2
S 124038948 298 101658 2
S 124049947 298 101659 2
S 124060946 298 101661 2
S 124071946 298 101657 2
S 124082945 298 101660 2
S 124093944 298 101660 2
S 124104944 298 101663 2
S 124115943 298 101661 2
S 124126942 298 101666 2
S 124137941 298 101663 2
S 124148941 298 101660 2
S 124159940 298 101662 2
S 124170939 298 101663 2
S 124181939 298 101659 2
S 124192938 298 101665 2
S 124203937 298 101669 2
S 124214937 298 101665 2
S 124225936 298 101664 2
S 124236935 298 101663 2
S 124247935 298 101667 2
S 124258934 298 101665 2
S 124269933 298 101663 2
S 124280933 298 101665 2
S 124291932 298 101665 2
S 124302931 298 101664 2
S 124313930 298 101663 2
S 124324930 298 101663 2
S 124335929 298 101658 2
S 124346928 298 101667 2
S 124357928 298 101668 2
S 124368927 298 101669 2
S 124379926 298 101660 2
S 124390926 298 101665 2
S 124401925 298 101663 2
S 124412924 298 101663 2
S 124423924 298 101664 2
S 124434923 298 101662 2
S 124445922 298 101666 2
S 124456922 298 101663 2
S 124467921 298 101666 2
S 124478920 298 101669 2
S 124489919 298 101665 2
S 124500919 298 101664 2
S 124511918 298 101660 2
S 124522917 298 101664 2
S 124533917 298 101662 2
S 124544916 298 101663 2
S 124555915 298 101661 2
S 124566915 298 101663 2
S 124577914 298 101663 2
S 124588913 298 101660 2
S 124599913 298 101662 2
S 124610912 298 101666 2
S 124621911 298 101669 2
S 124632911 298 101661 2
S 124643910 298 101663 2
S 124654909 298 101666 2
S 124665908 298 101664 2
S 124676908 298 101661 2
S 124687907 298 101663 2
S 124698906 298 101658 2
S 124709906 298 101659 2
S 124720905 298 101664 2
S 124731904 298 101663 2
S 124742904 298 101662 2
S 124753903 298 101666 2
S 124764902 298 101665 2
S 124775902 298 101664 2
S 124786901 298 101662 2
S 124797900 298 101659 2
S 124808900 298 101663 2
S 124819899 298 101663 2
S 124835898 298 101663 2
S 124846897 298 101661 2
S 124857896 298 101666 2
S 124868896 298 101665 2
S 124879895 298 101666 2
S 124890894 298 101664 2
S 124901894 298 101660 2
S 124912893 298 101658 2
S 124923892 298 101657 2
S 124934892 298 101660 2
S 124945891 298 101658 2
S 124956890 298 101666 2
S 124967890 298 101662 2
S 124978889 298 101663 2
S 124989888 298 101660 2
S 125000888 298 101658 2
S 125011887 298 101660 2
S 125022886 298 101659 2
S 125033885 298 101666 2
S 125044885 298 101660 2
S 125055884 298 101657 2
S 125066883 298 101663 2
S 125077883 298 101660 2
S 125088882 298 101666 2
S 125099881 298 101658 2
S 125110881 298 101663 2
S 125121880 298 101658 2
S 125132879 298 101655 2
S 125143879 298 101660 2
S 125154878 298 101663 2
S 125165877 298 101659 2
S 125176877 298 101663 2
S 125187876 298 101668 2
S 125198875 298 101662 2
S 125209874 298 101661 2
S 125220874 298 101660 2
S 125231873 298 101665 2
S 125242872 298 101661 2
S 125253872 298 101666 2
S 125264871 298 101662 2
S 125275870 298 101664 2
S 125286870 298 101662 2
S 125297869 298 101660 2
S 125308868 298 101661 2
S 125319868 298 101661 2
S 125330867 298 101662 2
S 125341866 298 101662 2
S 125352866 298 101658 2
S 125363865 298 101659 2
S 125374864 298 101662 2
S 125385863 298 101660 2
S 125396863 298 101659 2
S 125407862 298 101660 2
S 125418861 298 101661 2
S 125429861 298 101659 2
S 125440860 298 101658 2
S 125451859 298 101661 2
S 125462859 298 101657 2
S 125473858 298 101657 2
S 125484857 298 101658 2
S 125495857 298 101665 2
S 125506856 298 101661 2
S 125517855 298 101659 2
S 125528855 298 101663 2
S 125539854 298 101662 2
S 125550853 298 101661 2
S 125561852 298 101660 2
S 125572852 298 101655 2
S 125583851 298 101660 2
S 125594850 298 101660 2
S 125605850 298 101657 2
S 125616849 298 101656 2
S 125627848 298 101654 2
S 125638848 298 101655 2
S 125649847 298 101654 2
S 125660846 298 101655 2
S 125671846 298 101654 2
S 125682845 298 101658 2
S 125693844 298 101657 2
S 125704844 298 101656 2
S 125715843 298 101655 2
S 125726842 298 101660 2
S 125737841 298 101656 2
S 125748841 298 101659 2
S 125759840 298 101654 2
S 125770839 298 101655 2
S 125781839 298 101660 2
S 125792838 298 101656 2
S 125803837 298 101656 2
S 125814837 298 101658 2
S 125825836 298 101657 2
S 125841835 298 101672 2
S 125852834 298 101666 2
S 125863834 298 101666 2
S 125874833 298 101666 2
S 125885832 298 101664 2
S 125896832 298 101668 2
S 125907831 298 101665 2
S 125918830 298 101661 2
S 125929829 298 101664 2
S 125940829 298 101668 2
S 125951828 298 101666 2
S 125962827 298 101668 2
S 125973827 298 101664 2
S 125984826 298 101665 2
S 125995825 298 101667 2
S 126006825 298 101666 2
S 126017824 298 101666 2
S 126028823 298 101667 2
S 126039823 298 101667 2
S 126050822 298 101666 2
S 126061821 298 101664 2
S 126072821 298 101664 2
S 126083820 298 101667 2
S 126094819 298 101664 2
S 126105818 298 101663 2
S 126116818 298 101666 2
S 126127817 298 101669 2
S 126138816 298 101667 2
S 126149816 298 101664 2
S 126160815 298 101668 2
S 126171814 298 101666 2
S 126182814 298 101664 2
S 126193813 298 101668 2
S 126204812 298 101664 2
S 126215812 298 101666 2
S 126226811 298 101661 2
S 126237810 298 101661 2
S 126248810 298 101657 2
S 126259809 298 101658 2
S 126270808 298 101661 2
S 126281807 298 101664 2
S 126292807 298 101664 2
S 126303806 298 101666 2
S 126314805 298 101666 2
S 126325805 298 101664 2
S 126336804 298 101663 2
S 126347803 298 101664 2
S 126358803 298 101666 2
S 126369802 298 101664 2
S 126380801 298 101664 2
S 126391801 298 101663 2
S 126402800 298 101663 2
S 126413799 298 101665 2
S 126424799 298 101660 2
S 126435798 298 101665 2
S 126446797 298 101664 2
S 126457796 298 101662 2
S 126468796 298 101659 2
S 126479795 298 101661 2
S 126490794 298 101658 2
S 126501794 298 101661 2
S 126512793 298 101664 2
S 126523792 298 101659 2
S 126534792 298 101661 2
S 126545791 298 101663 2
S 126556790 298 101659 2
S 126567790 298 101661 2
S 126578789 298 101661 2
S 126589788 298 101661 2
S 126600788 298 101663 2
S 126611787 298 101664 2
S 126622786 298 101664 2
S 126633785 298 101662 2
S 126644785 298 101663 2
S 126655784 298 101663 2
S 126666783 298 101658 2
S 126677783 298 101658 2
S 126688782 298 101653 2
S 126699781 298 101660 2
S 126710781 298 101662 2
S 126721780 298 101664 2
S 126732779 298 101664 2
S 126743779 298 101660 2
S 126754778 298 101662 2
S 126765777 298 101664 2
S 126776777 298 101660 2
S 126787776 298 101660 2
S 126798775 298 101657 2
S 126809774 298 101658 2
S 126820774 298 101660 2
S 126831773 298 101661 2
S 126847772 298 101661 2
S 126858771 298 101663 2
S 126869771 298 101660 2
S 126880770 298 101661 2
S 126891769 298 101658 2
S 126902769 298 101658 2
S 126913768 298 101657 2
S 126924767 298 101658 2
S 126935767 298 101661 2
S 126946766 298 101661 2
S 126957765 298 101663 2
S 126968765 298 101660 2
S 126979764 298 101661 2
S 126990763 298 101658 2
S 127001763 298 101658 2
S 127012762 298 101661 2
S 127023761 298 101659 2
S 127034760 298 101656 2
S 127045760 298 101655 2
S 127056759 298 101656 2
S 127067758 298 101656 2
S 127078758 298 101653 2
S 127089757 298 101657 2
S 127100756 298 101652 2
S 127111756 298 101662 2
S 127122755 298 101663 2
S 127133754 298 101655 2
S 127144754 298 101660 2
S 127155753 298 101654 2
S 127166752 298 101656 2
S 127177751 298 101661 2
S 127188751 298 101661 2
S 127199750 298 101661 2
S 127210749 298 101656 2
S 127221749 298 101658 2
S 127232748 298 101656 2
S 127243747 298 101658 2
S 127254747 298 101651 2
S 127265746 298 101655 2
S 127276745 298 101652 2
S 127287745 298 101655 2
S 127298744 298 101657 2
S 127309743 298 101657 2
S 127320743 298 101658 2
S 127331742 298 101656 2
S 127342741 298 101657 2
S 127353740 298 101661 2
S 127364740 298 101658 2
S 127375739 298 101656 2
S 127386738 298 101658 2
S 127397738 298 101655 2
S 127408737 298 101659 2
S 127419736 298 101655 2
S 127430736 298 101656 2
S 127441735 298 101658 2
S 127452734 298 101660 2
S 127463734 298 101657 2
S 127474733 298 101660 2
S 127485732 298 101659 2
S 127496732 298 101655 2
S 127507731 298 101655 2
S 127518730 298 101658 2
S 127529729 298 101657 2
S 127540729 298 101655 2
S 127551728 298 101655 2
S 127562727 298 101656 2
S 127573727 298 101658 2
S 127584726 298 101656 2
S 127595725 298 101660 2
S 127606725 298 101659 2
S 127617724 298 101657 2
S 127628723 298 101657 2
S 127639723 298 101658 2
S 127650722 298 101657 2
S 127661721 298 101665 2
S 127672721 298 101661 2
S 127683720 298 101664 2
S 127694719 298 101661 2
S 127705718 298 101658 2
S 127716718 298 101661 2
S 127727717 298 101656 2
S 127738716 298 101661 2
S 127749716 298 101655 2
S 127760715 298 101657 2
S 127771714 298 101655 2
S 127782714 298 101655 2
S 127793713 298 101658 2
S 127804712 298 101657 2
S 127815712 298 101655 2
S 127826711 298 101659 2
S 127837710 298 101660 2
S 127853709 298 101659 2
S 127864709 298 101659 2
S 127875708 298 101655 2
S 127886707 298 101655 2
S 127897706 298 101655 2
S 127908706 298 101655 2
S 127919705 298 101655 2
S 127930704 298 101656 2
S 127941704 298 101654 2
S 127952703 298 101654 2
S 127963702 298 101658 2
S 127974702 298 101655 2
S 127985701 298 101652 2
S 127996700 298 101657 2
S 128007700 298 101656 2
S 128018699 298 101657 2
S 128029698 298 101656 2
S 128040698 298 101655 2
S 128051697 298 101652 2
S 128062696 298 101652 2
S 128073695 298 101657 2
S 128084695 298 101653 2
S 128095694 298 101653 2
S 128106693 298 101655 2
S 128117693 298 101655 2
S 128128692 298 101658 2
S 128139691 298 101655 2
S 128150691 298 101656 2
S 128161690 298 101653 2
S 128172689 298 101655 2
S 128183689 298 101658 2
S 128194688 298 101656 2
S 128205687 298 101651 2
S 128216687 298 101658 2
S 128227686 298 101658 2
S 128238685 298 101653 2
S 128249684 298 101655 2
S 128260684 298 101655 2
S 128271683 298 101655 2
S 128282682 298 101656 2
S 128293682 298 101655 2
S 128304681 298 101656 2
S 128315680 298 101652 2
S 128326680 298 101654 2
S 128337679 298 101651 2
S 128348678 298 101655 2
S 128359678 298 101658 2
S 128370677 298 101649 2
S 128381676 298 101652 2
S 128392676 298 101652 2
S 128403675 298 101650 2
S 128414674 298 101654 2
S 128425673 298 101655 2
S 128436673 298 101656 2
S 128447672 298 101653 2
S 128458671 298 101652 2
S 128469671 298 101649 2
S 128480670 298 101653 2
S 128491669 298 101649 2
S 128502669 298 101654 2
S 128513668 298 101652 2
S 128524667 298 101649 2
S 128535667 298 101649 2
S 128546666 298 101646 2
S 128557665 298 101649 2
S 128568665 298 101652 2
S 128579664 298 101648 2
S 128590663 298 101649 2
S 128601662 298 101649 2
S 128612662 298 101650 2
S 128623661 298 101650 2
S 128634660 298 101658 2
S 128645660 298 101653 2
S 128656659 298 101656 2
S 128667658 298 101658 2
S 128678658 298 101658 2
S 128689657 298 101657 2
S 128700656 298 101656 2
S 128711656 298 101653 2
S 128722655 298 101656 2
S 128733654 298 101656 2
S 128744654 298 101658 2
S 128755653 298 101655 2
S 128766652 298 101655 2
S 128777651 298 101655 2
S 128788651 298 101658 2
S 128799650 298 101661 2
S 128810649 298 101656 2
S 128821649 298 101660 2
S 128832648 298 101657 2
S 128843647 298 101657 2
S 128859646 298 101667 2
S 128870646 298 101667 2
S 128881645 298 101667 2
S 128892644 298 101661 2
S 128903644 298 101667 2
S 128914643 298 101662 2
S 128925642 298 101665 2
S 128936642 298 101660 2
S 128947641 298 101661 2
S 128958640 298 101668 2
S 128969639 298 101665 2
S 128980639 298 101666 2
S 128991638 298 101662 2
S 129002637 298 101667 2
S 129013637 298 101662 2
S 129024636 298 101661 2
S 129035635 298 101665 2
S 129046635 298 101661 2
S 129057634 298 101659 2
S 129068633 298 101662 2
S 129079633 298 101659 2
S 129090632 298 101662 2
S 129101631 298 101664 2
S 129112631 298 101667 2
S 129123630 298 101667 2
S 129134629 298 101664 2
S 129145628 298 101663 2
S 129156628 298 101665 2
S 129167627 298 101665 2
S 129178626 298 101661 2
S 129189626 298 101665 2
S 129200625 298 101660 2
S 129211624 298 101661 2
S 129222624 298 101664 2
S 129233623 298 101660 2
S 129244622 298 101658 2
S 129255622 298 101661 2
S 129266621 298 101663 2
S 129277620 298 101662 2
S 129288620 298 101663 2
S 129299619 298 101667 2
S 129310618 298 101665 2
S 129321617 298 101661 2
S 129332617 298 101662 2
S 129343616 298 101661 2
S 129354615 298 101662 2
S 129365615 298 101663 2
S 129376614 298 101667 2
S 129387613 298 101661 2
S 129398613 298 101660 2
S 129409612 298 101658 2
S 129420611 298 101661 2
S 129431611 298 101660 2
S 129442610 298 101661 2
S 129453609 298 101659 2
S 129464609 298 101662 2
S 129475608 298 101666 2
S 129486607 298 101661 2
S 129497606 298 101658 2
S 129508606 298 101661 2
S 129519605 298 101662 2
S 129530604 298 101661 2
S 129541604 298 101662 2
S 129552603 298 101661 2
S 129563602 298 101661 2
S 129574602 298 101656 2
S 129585601 298 101658 2
S 129596600 298 101657 2
S 129607600 298 101661 2
S 129618599 298 101659 2
S 129629598 298 101657 2
S 129640598 298 101658 2
S 129651597 298 101664 2
S 129662596 298 101661 2
S 129673595 298 101658 2
S 129684595 298 101656 2
S 129695594 298 101655 2
S 129706593 298 101653 2
S 129717593 298 101657 2
S 129728592 298 101655 2
S 129739591 298 101663 2
S 129750591 298 101656 2
S 129761590 298 101660 2
S 129772589 298 101657 2
S 129783589 298 101661 2
S 129794588 298 101658 2
S 129805587 298 101658 2
S 129816587 298 101661 2
S 129827586 298 101658 2
S 129838585 298 101663 2
S 129849584 298 101661 2
S 129865583 298 101661 2
S 129876583 298 101661 2
S 129887582 298 101666 2
S 129898581 298 101661 2
S 129909581 298 101655 2
S 129920580 298 101661 2
S 129931579 298 101655 2
S 129942579 298 101661 2
S 129953578 298 101659 2
S 129964577 298 101661 2
S 129975577 298 101659 2
S 129986576 298 101661 2
S 129997575 298 101661 2
S 130008575 298 101660 2
S 130019574 298 101658 2
S 130030573 298 101655 2
S 130041572 298 101658 2
S 130052572 298 101656 2
S 130063571 298 101657 2
S 130074570 298 101659 2
S 130085570 298 101663 2
S 130096569 298 101660 2
S 130107568 298 101654 2
S 130118568 298 101658 2
S 130129567 298 101660 2
S 130140566 298 101655 2
S 130151566 298 101656 2
S 130162565 298 101655 2
S 130173564 298 101655 2
S 130184564 298 101655 2
S 130195563 298 101654 2
S 130206562 298 101653 2
S 130217561 298 101654 2
S 130228561 298 101652 2
S 130239560 298 101649 2
S 130250559 298 101654 2
S 130261559 298 101655 2
S 130272558 298 101653 2
S 130283557 298 101657 2
S 130294557 298 101659 2
S 130305556 298 101655 2
S 130316555 298 101658 2
S 130327555 298 101651 2
S 130338554 298 101652 2
S 130349553 298 101653 2
S 130360553 298 101656 2
S 130371552 298 101657 2
S 130382551 298 101660 2
S 130393550 298 101656 2
S 130404550 298 101661 2
S 130415549 298 101662 2
S 130426548 298 101658 2
S 130437548 298 101660 2
S 130448547 298 101661 2
S 130459546 298 101656 2
S 130470546 298 101656 2
S 130481545 298 101658 2
S 130492544 298 101653 2
S 130503544 298 101656 2
S 130514543 298 101656 2
S 130525542 298 101658 2
S 130536542 298 101658 2
S 130547541 298 101660 2
S 130558540 298 101656 2
S 130569539 298 101655 2
S 130580539 298 101652 2
S 130591538 298 101652 2
S 130602537 298 101656 2
S 130613537 298 101654 2
S 130624536 298 101655 2
S 130635535 298 101653 2
S 130646535 298 101658 2
S 130657534 298 101660 2
S 130668533 298 101655 2
S 130679533 298 101659 2
S 130690532 298 101655 2
S 130701531 298 101654 2
S 130712531 298 101653 2
S 130723530 298 101658 2
S 130734529 298 101658 2
S 130745528 298 101655 2
S 130756528 298 101652 2
S 130767527 298 101653 2
S 130778526 298 101655 2
S 130789526 298 101656 2
S 130800525 298 101658 2
S 130811524 298 101655 2
S 130822524 298 101658 2
S 130833523 298 101658 2
S 130844522 298 101655 2
S 130855522 298 101661 2
S 130871521 298 101670 2
S 130882520 298 101662 2
S 130893519 298 101664 2
S 130904519 298 101664 2
S 130915518 298 101660 2
S 130926517 298 101663 2
S 130937516 298 101668 2
S 130948516 298 101667 2
S 130959515 298 101667 2
S 130970514 298 101662 2
S 130981514 298 101662 2
S 130992513 298 101660 2
S 131003512 298 101663 2
S 131014512 298 101660 2
S 131025511 298 101659 2
S 131036510 298 101664 2
S 131047510 298 101661 2
S 131058509 298 101662 2
S 131069508 298 101662 2
S 131080508 298 101663 2
S 131091507 298 101659 2
S 131102506 298 101662 2
S 131113505 298 101667 2
S 131124505 298 101663 2
S 131135504 298 101662 2
S 131146503 298 101663 2
S 131157503 298 101667 2
S 131168502 298 101663 2
S 131179501 298 101661 2
S 131190501 298 101662 2
S 131201500 298 101662 2
S 131212499 298 101664 2
S 131223499 298 101660 2
S 131234498 298 101662 2
S 131245497 298 101663 2
S 131256497 298 101663 2
S 131267496 298 101665 2
S 131278495 298 101664 2
S 131289494 298 101664 2
S 131300494 298 101664 2
S 131311493 298 101660 2
S 131322492 298 101663 2
S 131333492 298 101663 2
S 131344491 298 101659 2
S 131355490 298 101659 2
S 131366490 298 101663 2
S 131377489 298 101664 2
S 131388488 298 101662 2
S 131399488 298 101662 2
S 131410487 298 101663 2
S 131421486 298 101664 2
S 131432486 298 101664 2
S 131443485 298 101661 2
S 131454484 298 101662 2
S 131465483 298 101665 2
S 131476483 298 101663 2
S 131487482 298 101664 2
S 131498481 298 101662 2
S 131509481 298 101662 2
S 131520480 298 101660 2
S 131531479 298 101657 2
S 131542479 298 101659 2
S 131553478 298 101660 2
S 131564477 298 101659 2
S 131575477 298 101659 2
S 131586476 298 101659 2
S 131597475 298 101658 2
S 131608475 298 101658 2
S 131619474 298 101658 2
S 131630473 298 101661 2
S 131641472 298 101653 2
S 131652472 298 101661 2
S 131663471 298 101662 2
S 131674470 298 101661 2
S 131685470 298 101659 2
S 131696469 298 101658 2
S 131707468 298 101656 2
S 131718468 298 101659 2
S 131729467 298 101659 2
S 131740466 298 101655 2
S 131751466 298 101659 2
S 131762465 298 101659 2
S 131773464 298 101662 2
S 131784464 298 101659 2
S 131795463 298 101659 2
S 131806462 298 101659 2
S 131817461 298 101661 2
S 131828461 298 101659 2
S 131839460 298 101658 2
S 131850459 298 101657 2
S 131861459 298 101659 2
S 131877458 298 101663 2
S 131888457 298 101659 2
S 131899456 298 101662 2
S 131910456 298 101661 2
S 131921455 298 101659 2
S 131932454 298 101663 2
S 131943454 298 101663 2
S 131954453 298 101659 2
S 131965452 298 101662 2
S 131976452 298 101664 2
S 131987451 298 101663 2
S 131998450 298 101660 2
S 132009449 298 101667 2
S 132020449 298 101662 2
S 132031448 298 101663 2
S 132042447 298 101667 2
S 132053447 298 101664 2
S 132064446 298 101663 2
S 132075445 298 101663 2
S 132086445 298 101664 2
S 132097444 298 101661 2
S 132108443 298 101663 2
S 132119443 298 101663 2
S 132130442 298 101656 2
S 132141441 298 101662 2
S 132152441 298 101662 2
S 132163440 298 101661 2
S 132174439 298 101664 2
S 132185438 298 101660 2
S 132196438 298 101661 2
S 132207437 298 101664 2
S 132218436 298 101659 2
S 132229436 298 101661 2
S 132240435 298 101662 2
S 132251434 298 101656 2
S 132262434 298 101659 2
S 132273433 298 101659 2
S 132284432 298 101660 2
S 132295432 298 101658 2
S 132306431 298 101659 2
S 132317430 298 101658 2
S 132328430 298 101660 2
S 132339429 298 101661 2
S 132350428 298 101661 2
S 132361427 298 101661 2
S 132372427 298 101664 2
S 132383426 298 101664 2
S 132394425 298 101666 2
S 132405425 298 101659 2
S 132416424 298 101654 2
S 132427423 298 101661 2
S 132438423 298 101660 2
S 132449422 298 101657 2
S 132460421 298 101656 2
S 132471421 298 101659 2
S 132482420 298 101662 2
S 132493419 298 101663 2
S 132504419 298 101659 2
S 132515418 298 101661 2
S 132526417 298 101659 2
S 132537416 298 101658 2
S 132548416 298 101656 2
S 132559415 298 101659 2
S 132570414 298 101657 2
S 132581414 298 101662 2
S 132592413 298 101663 2
S 132603412 298 101660 2
S 132614412 298 101660 2
S 132625411 298 101660 2
S 132636410 298 101659 2
S 132647410 298 101661 2
S 132658409 298 101661 2
S 132669408 298 101656 2
S 132680408 298 101661 2
S 132691407 298 101659 2
S 132702406 298 101659 2
S 132713405 298 101659 2
S 132724405 298 101659 2
S 132735404 298 101658 2
S 132746403 298 101660 2
S 132757403 298 101663 2
S 132768402 298 101659 2
S 132779401 298 101651 2
S 132790401 298 101659 2
S 132801400 298 101659 2
S 132812399 298 101661 2
S 132823399 298 101656 2
S 132834398 298 101659 2
S 132845397 298 101658 2
S 132856397 298 101659 2
S 132867396 298 101661 2
S 132883395 298 101654 2
S 132894394 298 101659 2
S 132905393 298 101661 2
S 132916393 298 101664 2
S 132927392 298 101653 2
S 132938391 298 101656 2
S 132949391 298 101658 2
S 132960390 298 101659 2
S 132971389 298 101657 2
S 132982389 298 101662 2
S 132993388 298 101662 2
S 133004387 298 101660 2
S 133015387 298 101657 2
S 133026386 298 101660 2
S 133037385 298 101656 2
S 133048385 298 101656 2
S 133059384 298 101661 2
S 133070383 298 101660 2
S 133081382 298 101659 2
S 133092382 298 101657 2
S 133103381 298 101656 2
S 133114380 298 101656 2
S 133125380 298 101656 2
S 133136379 298 101656 2
S 133147378 298 101661 2
S 133158378 298 101660 2
S 133169377 298 101659 2
S 133180376 298 101657 2
S 133191376 298 101660 2
S 133202375 298 101659 2
S 133213374 298 101659 2
S 133224374 298 101660 2
S 133235373 298 101659 2
S 133246372 298 101660 2
S 133257371 298 101661 2
S 133268371 298 101656 2
S 133279370 298 101658 2
S 133290369 298 101659 2
S 133301369 298 101654 2
S 133312368 298 101653 2
S 133323367 298 101655 2
S 133334367 298 101657 2
S 133345366 298 101655 2
S 133356365 298 101657 2
S 133367365 298 101663 2
S 133378364 298 101658 2
S 133389363 298 101660 2
S 133400363 298 101660 2
S 133411362 298 101656 2
S 133422361 298 101661 2
S 133433360 298 101659 2
S 133444360 298 101656 2
S 133455359 298 101657 2
S 133466358 298 101658 2
S 133477358 298 101656 2
S 133488357 298 101658 2
S 133499356 298 101657 2
S 133510356 298 101659 2
S 133521355 298 101653 2
S 133532354 298 101658 2
S 133543354 298 101659 2
S 133554353 298 101665 2
S 133565352 298 101665 2
S 133576352 298 101664 2
S 133587351 298 101659 2
S 133598350 298 101664 2
S 133609349 298 101662 2
S 133620349 298 101663 2
S 133631348 298 101670 2
S 133642347 298 101668 2
S 133653347 298 101661 2
S 133664346 298 101661 2
S 133675345 298 101660 2
S 133686345 298 101661 2
S 133697344 298 101660 2
S 133708343 298 101658 2
S 133719343 298 101662 2
S 133730342 298 101660 2
S 133741341 298 101659 2
S 133752341 298 101663 2
S 133763340 298 101666 2
S 133774339 298 101661 2
S 133785338 298 101666 2
S 133796338 298 101664 2
S 133807337 298 101667 2
S 133818336 298 101663 2
S 133829336 298 101661 2
S 133840335 298 101663 2
S 133851334 298 101660 2
S 133862334 298 101659 2
S 133873333 298 101664 2
S 133889332 298 101666 2
S 133900331 298 101667 2
S 133911331 298 101664 2
S 133922330 298 101660 2
S 133933329 298 101664 2
S 133944329 298 101664 2
S 133955328 298 101664 2
S 133966327 298 101665 2
S 133977326 298 101664 2
S 133988326 298 101661 2
S 133999325 298 101664 2
S 134010324 298 101669 2
S 134021324 298 101667 2
S 134032323 298 101662 2
S 134043322 298 101663 2
S 134054322 298 101661 2
S 134065321 298 101664 2
S 134076320 298 101664 2
S 134087320 298 101658 2
S 134098319 298 101663 2
S 134109318 298 101659 2
S 134120318 298 101659 2
S 134131317 298 101661 2
S 134142316 298 101667 2
S 134153315 298 101662 2
S 134164315 298 101664 2
S 134175314 298 101664 2
S 134186313 298 101663 2
S 134197313 298 101664 2
S 134208312 298 101663 2
S 134219311 298 101666 2
S 134230311 298 101664 2
S 134241310 298 101659 2
S 134252309 298 101664 2
S 134263309 298 101664 2
S 134274308 298 101663 2
S 134285307 298 101661 2
S 134296307 298 101659 2
S 134307306 298 101664 2
S 134318305 298 101664 2
S 134329304 298 101662 2
S 134340304 298 101661 2
S 134351303 298 101656 2
S 134362302 298 101659 2
S 134373302 298 101658 2
S 134384301 298 101660 2
S 134395300 298 101660 2
S 134406300 298 101659 2
S 134417299 298 101664 2
S 134428298 298 101662 2
S 134439298 298 101660 2
S 134450297 298 101661 2
S 134461296 298 101659 2
S 134472296 298 101661 2
S 134483295 298 101661 2
S 134494294 298 101661 2
S 134505293 298 101661 2
S 134516293 298 101659 2
S 134527292 298 101661 2
S 134538291 298 101659 2
S 134549291 298 101656 2
S 134560290 298 101657 2
S 134571289 298 101661 2
S 134582289 298 101664 2
S 134593288 298 101664 2
S 134604287 298 101661 2
S 134615287 298 101658 2
S 134626286 298 101655 2
S 134637285 298 101662 2
S 134648285 298 101661 2
S 134659284 298 101662 2
S 134670283 298 101656 2
S 134681282 298 101659 2
S 134692282 298 101661 2
S 134703281 298 101663 2
S 134714280 298 101659 2
S 134725280 298 101663 2
S 134736279 298 101660 2
S 134747278 298 101660 2
S 134758278 298 101661 2
S 134769277 298 101661 2
S 134780276 298 101663 2
S 134791276 298 101661 2
S 134802275 298 101664 2
S 134813274 298 101659 2
S 134824274 298 101661 2
S 134835273 298 101661 2
S 134846272 298 101661 2
S 134857271 298 101657 2
S 134868271 298 101654 2
S 134879270 298 101656 2
S 134895269 298 101666 2
S 134906268 298 101660 2
S 134917268 298 101664 2
S 134928267 298 101661 2
S 134939266 298 101656 2
S 134950266 298 101657 2
S 134961265 298 101661 2
S 134972264 298 101661 2
S 134983264 298 101659 2
S 134994263 298 101653 2
S 135005262 298 101660 2
S 135016262 298 101662 2
S 135027261 298 101655 2
S 135038260 298 101659 2
S 135049259 298 101663 2
S 135060259 298 101659 2
S 135071258 298 101656 2
S 135082257 298 101657 2
S 135093257 298 101660 2
S 135104256 298 101654 2
S 135115255 298 101654 2
S 135126255 298 101659 2
S 135137254 298 101657 2
S 135148253 298 101659 2
S 135159253 298 101656 2
S 135170252 298 101661 2
S 135181251 298 101659 2
S 135192251 298 101661 2
S 135203250 298 101656 2
S 135214249 298 101656 2
S 135225248 298 101659 2
S 135236248 298 101659 2
S 135247247 298 101661 2
S 135258246 298 101660 2
S 135269246 298 101657 2
S 135280245 298 101658 2
S 135291244 298 101661 2
S 135302244 298 101661 2
S 135313243 298 101659 2
S 135324242 298 101659 2
S 135335242 298 101662 2
S 135346241 298 101659 2
S 135357240 298 101660 2
S 135368240 298 101661 2
S 135379239 298 101655 2
S 135390238 298 101660 2
S 135401237 298 101660 2
S 135412237 298 101663 2
S 135423236 298 101661 2
S 135434235 298 101658 2
S 135445235 298 101659 2
S 135456234 298 101659 2
S 135467233 298 101657 2
S 135478233 298 101657 2
S 135489232 298 101659 2
S 135500231 298 101657 2
S 135511231 298 101659 2
S 135522230 298 101659 2
S 135533229 298 101657 2
S 135544229 298 101659 2
S 135555228 298 101656 2
S 135566227 298 101659 2
S 135577226 298 101659 2
S 135588226 298 101660 2
S 135599225 298 101657 2
S 135610224 298 101660 2
S 135621224 298 101664 2
S 135632223 298 101661 2
S 135643222 298 101664 2
S 135654222 298 101664 2
S 135665221 298 101663 2
S 135676220 298 101661 2
S 135687220 298 101656 2
S 135698219 298 101661 2
S 135709218 298 101661 2
S 135720218 298 101656 2
S 135731217 298 101656 2
S 135742216 298 101656 2
S 135753215 298 101656 2
S 135764215 298 101660 2
S 135775214 298 101653 2
S 135786213 298 101657 2
S 135797213 298 101658 2
S 135808212 298 101659 2
S 135819211 298 101656 2
S 135830211 298 101659 2
S 135841210 298 101658 2
S 135852209 298 101661 2
S 135863209 298 101660 2
S 135874208 298 101660 2
S 135885207 298 101657 2
S 135901206 298 101663 2
S 135912206 298 101661 2
S 135923205 298 101664 2
S 135934204 298 101658 2
S 135945203 298 101653 2
S 135956203 298 101654 2
S 135967202 298 101663 2
S 135978201 298 101657 2
S 135989201 298 101660 2
S 136000200 298 101661 2
S 136011199 298 101661 2
S 136022199 298 101661 2
S 136033198 298 101659 2
S 136044197 298 101657 2
S 136055197 298 101659 2
S 136066196 298 101661 2
S 136077195 298 101663 2
S 136088195 298 101661 2
S 136099194 298 101662 2
S 136110193 298 101661 2
S 136121192 298 101664 2
S 136132192 298 101663 2
S 136143191 298 101664 2
S 136154190 298 101661 2
S 136165190 298 101656 2
S 136176189 298 101661 2
S 136187188 298 101657 2
S 136198188 298 101661 2
S 136209187 298 101657 2
S 136220186 298 101662 2
S 136231186 298 101666 2
S 136242185 298 101662 2
S 136253184 298 101668 2
S 136264184 298 101660 2
S 136275183 298 101663 2
S 136286182 298 101666 2
S 136297181 298 101665 2
S 136308181 298 101665 2
S 136319180 298 101667 2
S 136330179 298 101667 2
S 136341179 298 101661 2
S 136352178 298 101662 2
S 136363177 298 101656 2
S 136374177 298 101659 2
S 136385176 298 101661 2
S 136396175 298 101660 2
S 136407175 298 101661 2
S 136418174 298 101660 2
S 136429173 298 101663 2
S 136440173 298 101659 2
S 136451172 298 101661 2
S 136462171 298 101657 2
S 136473170 298 101661 2
S 136484170 298 101663 2
S 136495169 298 101659 2
S 136506168 298 101662 2
S 136517168 298 101663 2
S 136528167 298 101666 2
S 136539166 298 101664 2
S 136550166 298 101661 2
S 136561165 298 101661 2
S 136572164 298 101660 2
S 136583164 298 101660 2
S 136594163 298 101659 2
S 136605162 298 101659 2
S 136616162 298 101657 2
S 136627161 298 101657 2
S 136638160 298 101664 2
S 136649159 298 101661 2
S 136660159 298 101662 2
S 136671158 298 101664 2
S 136682157 298 101661 2
S 136693157 298 101660 2
S 136704156 298 101662 2
S 136715155 298 101661 2
S 136726155 298 101661 2
S 136737154 298 101661 2
S 136748153 298 101661 2
S 136759153 298 101662 2
S 136770152 298 101667 2
S 136781151 298 101662 2
S 136792151 298 101660 2
S 136803150 298 101659 2
S 136814149 298 101660 2
S 136825148 298 101662 2
S 136836148 298 101661 2
S 136847147 298 101663 2
S 136858146 298 101664 2
S 136869146 298 101661 2
S 136880145 298 101663 2
S 136891144 298 101663 2
S 136907143 298 101665 2
S 136918143 298 101664 2
S 136929142 298 101665 2
S 136940141 298 101665 2
S 136951141 298 101664 2
S 136962140 298 101667 2
S 136973139 298 101665 2
S 136984139 298 101666 2
S 136995138 298 101665 2
S 137006137 298 101667 2
S 137017136 298 101669 2
S 137028136 298 101659 2
S 137039135 298 101664 2
S 137050134 298 101660 2
S 137061134 298 101664 2
S 137072133 298 101661 2
S 137083132 298 101664 2
S 137094132 298 101665 2
S 137105131 298 101661 2
S 137116130 298 101661 2
S 137127130 298 101661 2
S 137138129 298 101660 2
S 137149128 298 101660 2
S 137160128 298 101662 2
S 137171127 298 101666 2
S 137182126 298 101661 2
S 137193125 298 101661 2
S 137204125 298 101666 2
S 137215124 298 101667 2
S 137226123 298 101667 2
S 137237123 298 101660 2
S 137248122 298 101661 2
S 137259121 298 101661 2
S 137270121 298 101664 2
S 137281120 298 101662 2
S 137292119 298 101667 2
S 137303119 298 101664 2
S 137314118 298 101661 2
S 137325117 298 101667 2
S 137336117 298 101664 2
S 137347116 298 101662 2
S 137358115 298 101666 2
S 137369114 298 101662 2
S 137380114 298 101661 2
S 137391113 298 101664 2
S 137402112 298 101663 2
S 137413112 298 101665 2
S 137424111 298 101666 2
S 137435110 298 101665 2
S 137446110 298 101666 2
S 137457109 298 101666 2
S 137468108 298 101664 2
S 137479108 298 101661 2
S 137490107 298 101665 2
S 137501106 298 101666 2
S 137512106 298 101667 2
S 137523105 298 101670 2
S 137534104 298 101665 2
S 137545103 298 101667 2
S 137556103 298 101669 2
S 137567102 298 101662 2
S 137578101 298 101660 2
S 137589101 298 101664 2
S 137600100 298 101667 2
S 137611099 298 101669 2
S 137622099 298 101667 2
S 137633098 298 101661 2
S 137644097 298 101664 2
S 137655097 298 101664 2
S 137666096 298 101666 2
S 137677095 298 101661 2
S 137688095 298 101665 2
S 137699094 298 101668 2
S 137710093 298 101664 2
S 137721092 298 101664 2
S 137732092 298 101662 2
S 137743091 298 101661 2
S 137754090 298 101661 2
S 137765090 298 101664 2
S 137776089 298 101662 2
S 137787088 298 101668 2
S 137798088 298 101663 2
S 137809087 298 101661 2
S 137820086 298 101667 2
S 137831086 298 101664 2
S 137842085 298 101667 2
S 137853084 298 101665 2
S 137864084 298 101665 2
S 137875083 298 101664 2
S 137886082 298 101666 2
S 137897081 298 101664 2
S 137913080 298 101659 2
S 137924080 298 101659 2
S 137935079 298 101660 2
S 137946078 298 101659 2
S 137957078 298 101661 2
S 137968077 298 101659 2
S 137979076 298 101662 2
S 137990076 298 101659 2
S 138001076 298 101658 2
S 138012074 298 101655 2
S 138023074 298 101658 2
S 138034073 298 101659 2
S 138045072 298 101658 2
S 138056072 298 101658 2
S 138067071 298 101659 2
S 138078070 298 101658 2
S 138089069 298 101658 2
S 138100069 298 101659 2
S 138111068 298 101664 2
S 138122067 298 101657 2
S 138133067 298 101661 2
S 138144066 298 101662 2
S 138155065 298 101660 2
S 138166065 298 101661 2
S 138177064 298 101659 2
S 138188063 298 101658 2
S 138199063 298 101664 2
S 138210062 298 101661 2
S 138221061 298 101652 2
S 138232061 298 101659 2
S 138243060 298 101653 2
S 138254059 298 101662 2
S 138265058 298 101664 2
S 138276058 298 101657 2
S 138287057 298 101661 2
S 138298056 298 101661 2
S 138309056 298 101656 2
S 138320055 298 101658 2
S 138331054 298 101657 2
S 138342054 298 101657 2
S 138353053 298 101657 2
S 138364052 298 101661 2
S 138375052 298 101664 2
S 138386051 298 101663 2
S 138397050 298 101661 2
S 138408050 298 101658 2
S 138419049 298 101652 2
S 138430048 298 101658 2
S 138441047 298 101660 2
S 138452047 298 101658 2
S 138463046 298 101658 2
S 138474045 298 101656 2
S 138485045 298 101658 2
S 138496044 298 101657 2
S 138507043 298 101664 2
S 138518043 298 101658 2
S 138529042 298 101652 2
S 138540041 298 101659 2
S 138551041 298 101660 2
S 138562040 298 101654 2
S 138573039 298 101655 2
S 138584039 298 101655 2
S 138595038 298 101652 2
S 138606037 298 101657 2
S 138617036 298 101656 2
S 138628036 298 101657 2
S 138639035 298 101656 2
S 138650034 298 101654 2
S 138661034 298 101653 2
S 138672033 298 101655 2
S 138683032 298 101652 2
S 138694032 298 101658 2
S 138705031 298 101650 2
S 138716030 298 101656 2
S 138727030 298 101653 2
S 138738029 298 101657 2
S 138749028 298 101663 2
S 138760028 298 101664 2
S 138771027 298 101662 2
S 138782026 298 101657 2
S 138793025 298 101659 2
S 138804025 298 101658 2
S 138815024 298 101658 2
S 138826023 298 101653 2
S 138837023 298 101652 2
S 138848022 298 101659 2
S 138859021 298 101654 2
S 138870021 298 101657 2
S 138881020 298 101655 2
S 138892019 298 101655 2
S 138903019 298 101661 2
S 138919018 298 101663 2
S 138930017 298 101662 2
S 138941016 298 101658 2
S 138952016 298 101669 2
S 138963015 298 101664 2
S 138974014 298 101661 2
S 138985013 298 101661 2
S 138996013 298 101661 2
S 139007012 298 101663 2
S 139018011 298 101665 2
S 139029011 298 101666 2
S 139040010 298 101660 2
S 139051009 298 101667 2
S 139062009 298 101663 2
S 139073008 298 101662 2
S 139084007 298 101660 2
S 139095007 298 101658 2
S 139106006 298 101663 2
S 139117005 298 101663 2
S 139128005 298 101664 2
S 139139004 298 101655 2
S 139150003 298 101660 2
S 139161002 298 101656 2
S 139172002 298 101663 2
S 139183001 298 101661 2
S 139194000 298 101663 2
S 139205000 298 101660 2
S 139215999 298 101663 2
S 139226998 298 101667 2
S 139237998 298 101659 2
S 139248997 298 101662 2
S 139259996 298 101664 2
S 139270996 298 101658 2
S 139281995 298 101666 2
S 139292994 298 101663 2
S 139303994 298 101665 2
S 139314993 298 101665 2
S 139325992 298 101662 2
S 139336991 298 101667 2
S 139347991 298 101664 2
S 139358990 298 101665 2
S 139369989 298 101664 2
S 139380989 298 101667 2
S 139391988 298 101663 2
S 139402987 298 101661 2
S 139413987 298 101663 2
S 139424986 298 101662 2
S 139435985 298 101661 2
S 139446985 298 101664 2
S 139457984 298 101659 2
S 139468983 298 101661 2
S 139479983 298 101666 2
S 139490982 298 101663 2
S 139501981 298 101661 2
S 139512980 298 101664 2
S 139523980 298 101658 2
S 139534979 298 101662 2
S 139545978 298 101658 2
S 139556978 298 101660 2
S 139567977 298 101665 2
S 139578976 298 101661 2
S 139589976 298 101664 2
S 139600975 298 101666 2
S 139611974 298 101664 2
S 139622974 298 101664 2
S 139633973 298 101666 2
S 139644972 298 101665 2
S 139655972 298 101665 2
S 139666971 298 101660 2
S 139677970 298 101663 2
S 139688969 298 101664 2
S 139699969 298 101657 2
S 139710968 298 101661 2
S 139721967 298 101659 2
S 139732967 298 101661 2
S 139743966 298 101659 2
S 139754965 298 101660 2
S 139765965 298 101664 2
S 139776964 298 101662 2
S 139787963 298 101661 2
S 139798963 298 101665 2
S 139809962 298 101664 2
S 139820961 298 101659 2
S 139831961 298 101661 2
S 139842960 298 101659 2
S 139853959 298 101661 2
S 139864958 298 101660 2
S 139875958 298 101657 2
S 139886957 298 101657 2
S 139897956 298 101661 2
S 139908956 298 101657 2
S 139924955 298 101663 2
S 139935954 298 101664 2
S 139946953 298 101663 2
S 139957953 298 101661 2
S 139968952 298 101661 2
S 139979951 298 101658 2
S 139990951 298 101658 2
S 140001951 298 101663 2
S 140012949 298 101660 2
S 140023949 298 101661 2
S 140034948 298 101657 2
S 140045947 298 101664 2
S 140056946 298 101664 2
S 140067946 298 101664 2
S 140078945 298 101661 2
S 140089944 298 101660 2
S 140100944 298 101663 2
S 140111943 298 101657 2
S 140122942 298 101657 2
S 140133942 298 101658 2
S 140144941 298 101655 2
S 140155940 298 101660 2
S 140166940 298 101658 2
S 140177939 298 101656 2
S 140188938 298 101655 2
S 140199938 298 101655 2
S 140210937 298 101655 2
S 140221936 298 101656 2
S 140232935 298 101661 2
S 140243935 298 101662 2
S 140254934 298 101661 2
S 140265933 298 101661 2
S 140276933 298 101660 2
S 140287932 298 101661 2
S 140298931 298 101662 2
S 140309931 298 101659 2
S 140320930 298 101664 2
S 140331929 298 101658 2
S 140342929 298 101666 2
S 140353928 298 101662 2
S 140364927 298 101662 2
S 140375927 298 101658 2
S 140386926 298 101658 2
S 140397925 298 101663 2
S 140408924 298 101660 2
S 140419924 298 101660 2
S 140430923 298 101660 2
S 140441922 298 101662 2
S 140452922 298 101659 2
S 140463921 298 101662 2
S 140474920 298 101661 2
S 140485920 298 101661 2
S 140496919 298 101662 2
S 140507918 298 101664 2
S 140518918 298 101664 2
S 140529917 298 101659 2
S 140540916 298 101664 2
S 140551916 298 101659 2
S 140562915 298 101664 2
S 140573914 298 101664 2
S 140584913 298 101664 2
S 140595913 298 101662 2
S 140606912 298 101663 2
S 140617911 298 101666 2
S 140628911 298 101661 2
S 140639910 298 101664 2
S 140650909 298 101664 2
S 140661909 298 101667 2
S 140672908 298 101662 2
S 140683907 298 101667 2
S 140694907 298 101665 2
S 140705906 298 101667 2
S 140716905 298 101664 2
S 140727905 298 101664 2
S 140738904 298 101664 2
S 140749903 298 101665 2
S 140760902 298 101666 2
S 140771902 298 101661 2
S 140782901 298 101665 2
S 140793900 298 101664 2
S 140804900 298 101666 2
S 140815899 298 101664 2
S 140826898 298 101664 2
S 140837898 298 101664 2
S 140848897 298 101661 2
S 140859896 298 101661 2
S 140870896 298 101666 2
S 140881895 298 101662 2
S 140892894 298 101664 2
S 140903894 298 101660 2
S 140914893 298 101662 2
S 140930892 298 101662 2
S 140941891 298 101662 2
S 140952890 298 101660 2
S 140963890 298 101664 2
S 140974889 298 101661 2
S 140985888 298 101664 2
S 140996888 298 101664 2
S 141007887 298 101662 2
S 141018886 298 101664 2
S 141029886 298 101664 2
S 141040885 298 101664 2
S 141051884 298 101664 2
S 141062884 298 101662 2
S 141073883 298 101656 2
S 141084882 298 101662 2
S 141095882 298 101661 2
S 141106881 298 101666 2
S 141117880 298 101663 2
S 141128879 298 101663 2
S 141139879 298 101663 2
S 141150878 298 101664 2
S 141161877 298 101664 2
S 141172877 298 101662 2
S 141183876 298 101667 2
S 141194875 298 101666 2
S 141205875 298 101664 2
S 141216874 298 101663 2
S 141227873 298 101661 2
S 141238873 298 101660 2
S 141249872 298 101663 2
S 141260871 298 101663 2
S 141271871 298 101662 2
S 141282870 298 101666 2
S 141293869 298 101662 2
S 141304868 298 101667 2
S 141315868 298 101663 2
S 141326867 298 101663 2
S 141337866 298 101664 2
S 141348866 298 101658 2
S 141359865 298 101663 2
S 141370864 298 101664 2
S 141381864 298 101665 2
S 141392863 298 101666 2
S 141403862 298 101669 2
S 141414862 298 101667 2
S 141425861 298 101673 2
S 141436860 298 101672 2
S 141447860 298 101665 2
S 141458859 298 101667 2
S 141469858 298 101667 2
S 141480857 298 101669 2
S 141491857 298 101670 2
S 141502856 298 101669 2
S 141513855 298 101667 2
S 141524855 298 101669 2
S 141535854 298 101672 2
S 141546853 298 101668 2
S 141557853 298 101669 2
S 141568852 298 101668 2
S 141579851 298 101670 2
S 141590851 298 101669 2
S 141601850 298 101667 2
S 141612849 298 101668 2
S 141623849 298 101670 2
S 141634848 298 101669 2
S 141645847 298 101673 2
S 141656846 298 101669 2
S 141667846 298 101671 2
S 141678845 298 101674 2
S 141689844 298 101675 2
S 141700844 298 101670 2
S 141711843 298 101670 2
S 141722842 298 101671 2
S 141733842 298 101671 2
S 141744841 298 101669 2
S 141755840 298 101669 2
S 141766840 298 101667 2
S 141777839 298 101667 2
S 141788838 298 101670 2
S 141799838 298 101667 2
S 141810837 298 101668 2
S 141821836 298 101670 2
S 141832835 298 101670 2
S 141843835 298 101667 2
S 141854834 298 101671 2
S 141865833 298 101672 2
S 141876833 298 101670 2
S 141887832 298 101668 2
S 141898831 298 101670 2
S 141909831 298 101667 2
S 141920830 298 101669 2
S 141936829 298 101663 2
S 141947828 298 101664 2
S 141958828 298 101665 2
S 141969827 298 101659 2
S 141980826 298 101663 2
S 141991826 298 101661 2
S 142002825 298 101660 2
S 142013824 298 101664 2
S 142024823 298 101661 2
S 142035823 298 101658 2
S 142046822 298 101663 2
S 142057821 298 101660 2
S 142068821 298 101655 2
S 142079820 298 101658 2
S 142090819 298 101655 2
S 142101819 298 101664 2
S 142112818 298 101659 2
S 142123817 298 101657 2
S 142134817 298 101660 2
S 142145816 298 101658 2
S 142156815 298 101663 2
S 142167815 298 101661 2
S 142178814 298 101661 2
S 142189813 298 101661 2
S 142200812 298 101661 2
S 142211812 298 101660 2
S 142222811 298 101661 2
S 142233810 298 101661 2
S 142244810 298 101661 2
S 142255809 298 101658 2
S 142266808 298 101660 2
S 142277808 298 101657 2
S 142288807 298 101662 2
S 142299806 298 101662 2
S 142310806 298 101660 2
S 142321805 298 101658 2
S 142332804 298 101660 2
S 142343804 298 101661 2
S 142354803 298 101663 2
S 142365802 298 101655 2
S 142376801 298 101661 2
S 142387801 298 101656 2
S 142398800 298 101661 2
S 142409799 298 101657 2
S 142420799 298 101659 2
S 142431798 298 101659 2
S 142442797 298 101661 2
S 142453797 298 101659 2
S 142464796 298 101659 2
S 142475795 298 101661 2
S 142486795 298 101663 2
S 142497794 298 101661 2
S 142508793 298 101657 2
S 142519793 298 101661 2
S 142530792 298 101658 2
S 142541791 298 101662 2
S 142552790 298 101661 2
S 142563790 298 101663 2
S 142574789 298 101665 2
S 142585788 298 101661 2
S 142596788 298 101663 2
S 142607787 298 101662 2
S 142618786 298 101659 2
S 142629786 298 101662 2
S 142640785 298 101658 2
S 142651784 298 101661 2
S 142662784 298 101667 2
S 142673783 298 101666 2
S 142684782 298 101665 2
S 142695782 298 101661 2
S 142706781 298 101661 2
S 142717780 298 101660 2
S 142728779 298 101661 2
S 142739779 298 101661 2
S 142750778 298 101660 2
S 142761777 298 101663 2
S 142772777 298 101662 2
S 142783776 298 101660 2
S 142794775 298 101658 2
S 142805775 298 101658 2
S 142816774 298 101655 2
S 142827773 298 101661 2
S 142838773 298 101658 2
S 142849772 298 101659 2
S 142860771 298 101659 2
S 142871771 298 101662 2
S 142882770 298 101662 2
S 142893769 298 101662 2
S 142904768 298 101657 2
S 142915768 298 101661 2
S 142926767 298 101661 2
S 142942766 298 101659 2
S 142953765 298 101661 2
S 142964765 298 101662 2
S 142975764 298 101661 2
S 142986763 298 101662 2
S 142997763 298 101661 2
S 143008762 298 101661 2
S 143019761 298 101658 2
S 143030761 298 101661 2
S 143041760 298 101658 2
S 143052759 298 101661 2
S 143063759 298 101663 2
S 143074758 298 101660 2
S 143085757 298 101660 2
S 143096756 298 101663 2
S 143107756 298 101661 2
S 143118755 298 101663 2
S 143129754 298 101659 2
S 143140754 298 101665 2
S 143151753 298 101661 2
S 143162752 298 101664 2
S 143173752 298 101658 2
S 143184751 298 101664 2
S 143195750 298 101660 2
S 143206750 298 101666 2
S 143217749 298 101665 2
S 143228748 298 101666 2
S 143239748 298 101666 2
S 143250747 298 101660 2
S 143261746 298 101662 2
S 143272745 298 101665 2
S 143283745 298 101664 2
S 143294744 298 101661 2
S 143305743 298 101660 2
S 143316743 298 101662 2
S 143327742 298 101663 2
S 143338741 298 101658 2
S 143349741 298 101664 2
S 143360740 298 101659 2
S 143371739 298 101659 2
S 143382739 298 101662 2
S 143393738 298 101658 2
S 143404737 298 101659 2
S 143415737 298 101660 2
S 143426736 298 101665 2
S 143437735 298 101663 2
S 143448734 298 101661 2
S 143459734 298 101659 2
S 143470733 298 101662 2
S 143481732 298 101661 2
S 143492732 298 101660 2
S 143503731 298 101663 2
S 143514730 298 101663 2
S 143525730 298 101662 2
S 143536729 298 101658 2
S 143547728 298 101655 2
S 143558728 298 101661 2
S 143569727 298 101661 2
S 143580726 298 101655 2
S 143591726 298 101655 2
S 143602725 298 101658 2
S 143613724 298 101664 2
S 143624723 298 101661 2
S 143635723 298 101658 2
S 143646722 298 101660 2
S 143657721 298 101660 2
S 143668721 298 101661 2
S 143679720 298 101657 2
S 143690719 298 101658 2
S 143701719 298 101661 2
S 143712718 298 101660 2
S 143723717 298 101661 2
S 143734717 298 101655 2
S 143745716 298 101654 2
S 143756715 298 101654 2
S 143767715 298 101653 2
S 143778714 298 101657 2
S 143789713 298 101658 2
S 143800712 298 101659 2
S 143811712 298 101653 2
S 143822711 298 101661 2
S 143833710 298 101659 2
S 143844710 298 101658 2
S 143855709 298 101657 2
S 143866708 298 101653 2
S 143877708 298 101657 2
S 143888707 298 101658 2
S 143899706 298 101664 2
S 143910706 298 101658 2
S 143921705 298 101661 2
S 143932704 298 101661 2
S 143948703 298 101663 2
S 143959703 298 101658 2
S 143970702 298 101664 2
S 143981701 298 101661 2
S 143992700 298 101661 2
S 144003700 298 101661 2
S 144014699 298 101663 2
S 144025698 298 101657 2
S 144036698 298 101658 2
S 144047697 298 101661 2
S 144058696 298 101660 2
S 144069696 298 101658 2
S 144080695 298 101658 2
S 144091694 298 101660 2
S 144102694 298 101662 2
S 144113693 298 101661 2
S 144124692 298 101664 2
S 144135692 298 101661 2
S 144146691 298 101663 2
S 144157690 298 101663 2
S 144168689 298 101663 2
S 144179689 298 101658 2
S 144190688 298 101658 2
S 144201687 298 101655 2
S 144212687 298 101654 2
S 144223686 298 101656 2
S 144234685 298 101657 2
S 144245685 298 101660 2
S 144256684 298 101658 2
S 144267683 298 101661 2
S 144278683 298 101663 2
S 144289682 298 101663 2
S 144300681 298 101659 2
S 144311681 298 101664 2
S 144322680 298 101660 2
S 144333679 298 101658 2
S 144344678 298 101656 2
S 144355678 298 101658 2
S 144366677 298 101655 2
S 144377676 298 101655 2
S 144388676 298 101657 2
S 144399675 298 101659 2
S 144410674 298 101658 2
S 144421674 298 101655 2
S 144432673 298 101657 2
S 144443672 298 101661 2
S 144454672 298 101661 2
S 144465671 298 101661 2
S 144476670 298 101657 2
S 144487670 298 101659 2
S 144498669 298 101661 2
S 144509668 298 101661 2
S 144520667 298 101657 2
S 144531667 298 101658 2
S 144542666 298 101664 2
S 144553665 298 101651 2
S 144564665 298 101653 2
S 144575664 298 101662 2
S 144586663 298 101658 2
S 144597663 298 101652 2
S 144608662 298 101654 2
S 144619661 298 101658 2
S 144630661 298 101659 2
S 144641660 298 101656 2
S 144652659 298 101655 2
S 144663659 298 101657 2
S 144674658 298 101657 2
S 144685657 298 101656 2
S 144696656 298 101657 2
S 144707656 298 101656 2
S 144718655 298 101655 2
S 144729654 298 101658 2
S 144740654 298 101652 2
S 144751653 298 101655 2
S 144762652 298 101659 2
