# capture_start_utc=2026-08-29T17:48:48Z
S 278651284 295 101664 2
S 278662283 295 101668 2
S 278673282 295 101663 2
S 278684282 295 101660 2
S 278695281 295 101660 2
S 278706280 295 101662 2
S 278717280 295 101662 2
S 278728279 295 101663 2
S 278744278 295 101661 2
S 278755277 295 101660 2
S 278766277 295 101662 2
S 278777276 295 101663 2
S 278788275 295 101663 2
S 278799275 295 101660 2
S 278810274 295 101660 2
S 278821273 295 101660 2
S 278832272 295 101667 2
S 278843272 295 101668 2
S 278854271 295 101668 2
S 278865270 295 101670 2
S 278876270 295 101665 2
S 278887269 295 101663 2
S 278898268 295 101668 2
S 278909268 295 101666 2
S 278920267 295 101667 2
S 278931266 295 101670 2
S 278942266 295 101665 2
S 278953265 295 101664 2
S 278964264 295 101669 2
S 278975264 295 101664 2
S 278986263 295 101661 2
S 278997262 295 101659 2
S 279008261 295 101663 2
S 279019261 295 101659 2
S 279030260 295 101661 2
S 279041259 295 101661 2
S 279052259 295 101660 2
S 279063258 295 101660 2
S 279074257 295 101662 2
S 279085257 295 101663 2
S 279096256 295 101661 2
S 279107255 295 101664 2
S 279118255 295 101661 2
S 279129254 295 101662 2
S 279140253 295 101665 2
S 279151253 295 101667 2
S 279162252 295 101665 2
S 279173251 295 101662 2
S 279184250 295 101663 2
S 279195250 295 101663 2
S 279206249 295 101668 2
S 279217248 295 101665 2
S 279228248 295 101665 2
S 279239247 295 101670 2
S 279250246 295 101658 2
S 279261246 295 101663 2
S 279272245 295 101663 2
S 279283244 295 101664 2
S 279294244 295 101664 2
S 279305243 295 101660 2
S 279316242 295 101662 2
S 279327242 295 101663 2
S 279338241 295 101665 2
S 279349240 295 101663 2
S 279360239 295 101662 2
S 279371239 295 101662 2
S 279382238 295 101661 2
S 279393237 295 101660 2
S 279404237 295 101663 2
S 279415236 295 101658 2
S 279426235 295 101662 2
S 279437235 295 101663 2
S 279448234 295 101663 2
S 279459233 295 101664 2
S 279470233 295 101659 2
S 279481232 295 101658 2
S 279492231 295 101660 2
S 279503231 295 101652 2
S 279514230 295 101663 2
S 279525229 295 101656 2
S 279536228 295 101660 2
S 279547228 295 101663 2
S 279558227 295 101659 2
S 279569226 295 101660 2
S 279580226 295 101657 2
S 279591225 295 101658 2
S 279602224 295 101662 2
S 279613224 295 101663 2
S 279624223 295 101657 2
S 279635222 295 101661 2
S 279646222 295 101661 2
S 279657221 295 101660 2
S 279668220 295 101656 2
S 279679220 295 101662 2
S 279690219 295 101657 2
S 279701218 295 101663 2
S 279712217 295 101662 2
S 279723217 295 101663 2
S 279734216 295 101660 2
S 279750215 295 101659 2
S 279761214 295 101659 2
S 279772214 295 101654 2
S 279783213 295 101654 2
S 279794212 295 101654 2
S 279805212 295 101657 2
S 279816211 295 101658 2
S 279827210 295 101655 2
S 279838210 295 101652 2
S 279849209 295 101658 2
S 279860208 295 101659 2
S 279871208 295 101658 2
S 279882207 295 101659 2
S 279893206 295 101657 2
S 279904205 295 101657 2
S 279915205 295 101661 2
S 279926204 295 101662 2
S 279937203 295 101659 2
S 279948203 295 101659 2
S 279959202 295 101663 2
S 279970201 295 101657 2
S 279981201 295 101660 2
S 279992200 295 101657 2
S 280003199 295 101659 2
S 280014199 295 101660 2
S 280025198 295 101662 2
S 280036197 295 101662 2
S 280047197 295 101659 2
S 280058196 295 101662 2
S 280069195 295 101664 2
S 280080194 295 101664 2
S 280091194 295 101661 2
S 280102193 295 101659 2
S 280113192 295 101662 2
S 280124192 295 101668 2
S 280135191 295 101662 2
S 280146190 295 101662 2
S 280157190 295 101662 2
S 280168189 295 101661 2
S 280179188 295 101661 2
S 280190188 295 101663 2
S 280201187 295 101659 2
S 280212186 295 101664 2
S 280223186 295 101659 2
S 280234185 295 101657 2
S 280245184 295 101662 2
S 280256183 295 101662 2
S 280267183 295 101659 2
S 280278182 295 101660 2
S 280289181 295 101665 2
S 280300181 295 101660 2
S 280311180 295 101659 2
S 280322179 295 101656 2
S 280333179 295 101654 2
S 280344178 295 101659 2
S 280355177 295 101659 2
S 280366177 295 101659 2
S 280377176 295 101661 2
S 280388175 295 101659 2
S 280399175 295 101660 2
S 280410174 295 101660 2
S 280421173 295 101659 2
S 280432172 295 101662 2
S 280443172 295 101657 2
S 280454171 295 101657 2
S 280465170 295 101658 2
S 280476170 295 101657 2
S 280487169 295 101658 2
S 280498168 295 101658 2
S 280509168 295 101657 2
S 280520167 295 101654 2
S 280531166 295 101657 2
S 280542166 295 101648 2
S 280553165 295 101657 2
S 280564164 295 101657 2
S 280575164 295 101655 2
S 280586163 295 101659 2
S 280597162 295 101659 2
S 280608161 295 101662 2
S 280619161 295 101658 2
S 280630160 295 101656 2
S 280641159 295 101658 2
S 280652159 295 101660 2
S 280663158 295 101657 2
S 280674157 295 101659 2
S 280685157 295 101659 2
S 280696156 295 101658 2
S 280707155 295 101657 2
S 280718155 295 101656 2
S 280729154 295 101657 2
S 280740153 295 101656 2
S 280756152 295 101659 2
S 280767152 295 101656 2
S 280778151 295 101660 2
S 280789150 295 101660 2
S 280800149 295 101656 2
S 280811149 295 101657 2
S 280822148 295 101658 2
S 280833147 295 101653 2
S 280844147 295 101653 2
S 280855146 295 101658 2
S 280866145 295 101659 2
S 280877145 295 101659 2
S 280888144 295 101658 2
S 280899143 295 101661 2
S 280910143 295 101659 2
S 280921142 295 101659 2
S 280932141 295 101656 2
S 280943141 295 101662 2
S 280954140 295 101657 2
S 280965139 295 101655 2
S 280976138 295 101659 2
S 280987138 295 101658 2
S 280998137 295 101659 2
S 281009136 295 101658 2
S 281020136 295 101658 2
S 281031135 295 101659 2
S 281042134 295 101655 2
S 281053134 295 101659 2
S 281064133 295 101662 2
S 281075132 295 101654 2
S 281086132 295 101657 2
S 281097131 295 101656 2
S 281108130 295 101659 2
S 281119130 295 101656 2
S 281130129 295 101657 2
S 281141128 295 101658 2
S 281152127 295 101659 2
S 281163127 295 101658 2
S 281174126 295 101656 2
S 281185125 295 101661 2
S 281196125 295 101661 2
S 281207124 295 101657 2
S 281218123 295 101654 2
S 281229123 295 101655 2
S 281240122 295 101660 2
S 281251121 295 101657 2
S 281262121 295 101654 2
S 281273120 295 101657 2
S 281284119 295 101656 2
S 281295119 295 101655 2
S 281306118 295 101656 2
S 281317117 295 101657 2
S 281328116 295 101656 2
S 281339116 295 101654 2
S 281350115 295 101657 2
S 281361114 295 101657 2
S 281372114 295 101659 2
S 281383113 295 101661 2
S 281394112 295 101659 2
S 281405112 295 101662 2
S 281416111 295 101659 2
S 281427110 295 101659 2
S 281438110 295 101660 2
S 281449109 295 101657 2
S 281460108 295 101660 2
S 281471108 295 101658 2
S 281482107 295 101661 2
S 281493106 295 101660 2
S 281504105 295 101659 2
S 281515105 295 101661 2
S 281526104 295 101662 2
S 281537103 295 101662 2
S 281548103 295 101658 2
S 281559102 295 101657 2
S 281570101 295 101657 2
S 281581101 295 101653 2
S 281592100 295 101659 2
S 281603099 295 101657 2
S 281614099 295 101659 2
S 281625098 295 101659 2
S 281636097 295 101656 2
S 281647097 295 101657 2
S 281658096 295 101665 2
S 281669095 295 101652 2
S 281680094 295 101657 2
S 281691094 295 101657 2
S 281702093 295 101658 2
S 281713092 295 101657 2
S 281724092 295 101657 2
S 281735091 295 101668 2
S 281746090 295 101662 2
S 281762089 295 101662 2
S 281773089 295 101664 2
S 281784088 295 101657 2
S 281795087 295 101657 2
S 281806087 295 101659 2
S 281817086 295 101659 2
S 281828085 295 101660 2
S 281839085 295 101657 2
S 281850084 295 101662 2
S 281861083 295 101659 2
S 281872082 295 101657 2
S 281883082 295 101655 2
S 281894081 295 101660 2
S 281905080 295 101659 2
S 281916080 295 101662 2
S 281927079 295 101665 2
S 281938078 295 101657 2
S 281949078 295 101657 2
S 281960077 295 101662 2
S 281971076 295 101657 2
S 281982076 295 101661 2
S 281993075 295 101661 2
S 282004074 295 101661 2
S 282015074 295 101653 2
S 282026073 295 101659 2
S 282037072 295 101660 2
S 282048071 295 101661 2
S 282059071 295 101657 2
S 282070070 295 101659 2
S 282081069 295 101657 2
S 282092069 295 101657 2
S 282103068 295 101660 2
S 282114067 295 101659 2
S 282125067 295 101662 2
S 282136066 295 101661 2
S 282147065 295 101662 2
S 282158065 295 101660 2
S 282169064 295 101663 2
S 282180063 295 101665 2
S 282191063 295 101659 2
S 282202062 295 101660 2
S 282213061 295 101659 2
S 282224060 295 101662 2
S 282235060 295 101659 2
S 282246059 295 101662 2
S 282257058 295 101659 2
S 282268058 295 101659 2
S 282279057 295 101659 2
S 282290056 295 101659 2
S 282301056 295 101662 2
S 282312055 295 101662 2
S 282323054 295 101661 2
S 282334054 295 101661 2
S 282345053 295 101653 2
S 282356052 295 101660 2
S 282367052 295 101658 2
S 282378051 295 101656 2
S 282389050 295 101659 2
S 282400049 295 101663 2
S 282411049 295 101651 2
S 282422048 295 101654 2
S 282433047 295 101654 2
S 282444047 295 101657 2
S 282455046 295 101659 2
S 282466045 295 101659 2
S 282477045 295 101658 2
S 282488044 295 101658 2
S 282499043 295 101658 2
S 282510043 295 101658 2
S 282521042 295 101659 2
S 282532041 295 101662 2
S 282543041 295 101662 2
S 282554040 295 101659 2
S 282565039 295 101665 2
S 282576038 295 101664 2
S 282587038 295 101663 2
S 282598037 295 101656 2
S 282609036 295 101658 2
S 282620036 295 101659 2
S 282631035 295 101661 2
S 282642034 295 101659 2
S 282653034 295 101658 2
S 282664033 295 101665 2
S 282675032 295 101657 2
S 282686032 295 101662 2
S 282697031 295 101661 2
S 282708030 295 101664 2
S 282719030 295 101659 2
S 282730029 295 101658 2
S 282741028 295 101664 2
S 282752027 295 101667 2
S 282768026 295 101674 2
S 282779026 295 101673 2
S 282790025 295 101673 2
S 282801024 295 101677 2
S 282812024 295 101676 2
S 282823023 295 101672 2
S 282834022 295 101678 2
S 282845022 295 101667 2
S 282856021 295 101666 2
S 282867020 295 101671 2
S 282878020 295 101671 2
S 282889019 295 101668 2
S 282900018 295 101670 2
S 282911018 295 101671 2
S 282922017 295 101676 2
S 282933016 295 101670 2
S 282944015 295 101673 2
S 282955015 295 101666 2
S 282966014 295 101674 2
S 282977013 295 101670 2
S 282988013 295 101665 2
S 282999012 295 101667 2
S 283010011 295 101665 2
S 283021011 295 101667 2
S 283032010 295 101668 2
S 283043009 295 101665 2
S 283054009 295 101664 2
S 283065008 295 101671 2
S 283076007 295 101668 2
S 283087007 295 101668 2
S 283098006 295 101668 2
S 283109005 295 101674 2
S 283120004 295 101662 2
S 283131004 295 101669 2
S 283142003 295 101663 2
S 283153002 295 101662 2
S 283164002 295 101665 2
S 283175001 295 101668 2
S 283186000 295 101665 2
S 283197000 295 101665 2
S 283207999 295 101665 2
S 283218998 295 101665 2
S 283229998 295 101664 2
S 283240997 295 101669 2
S 283251996 295 101670 2
S 283262996 295 101670 2
S 283273995 295 101666 2
S 283284994 295 101665 2
S 283295993 295 101663 2
S 283306993 295 101662 2
S 283317992 295 101672 2
S 283328991 295 101668 2
S 283339991 295 101671 2
S 283350990 295 101668 2
S 283361989 295 101665 2
S 283372989 295 101667 2
S 283383988 295 101665 2
S 283394987 295 101671 2
S 283405987 295 101664 2
S 283416986 295 101668 2
S 283427985 295 101668 2
S 283438985 295 101665 2
S 283449984 295 101669 2
S 283460983 295 101668 2
S 283471982 295 101662 2
S 283482982 295 101663 2
S 283493981 295 101662 2
S 283504980 295 101665 2
S 283515980 295 101665 2
S 283526979 295 101664 2
S 283537978 295 101665 2
S 283548978 295 101672 2
S 283559977 295 101667 2
S 283570976 295 101667 2
S 283581976 295 101665 2
S 283592975 295 101666 2
S 283603974 295 101665 2
S 283614974 295 101668 2
S 283625973 295 101668 2
S 283636972 295 101668 2
S 283647971 295 101668 2
S 283658971 295 101667 2
S 283669970 295 101661 2
S 283680969 295 101666 2
S 283691969 295 101668 2
S 283702968 295 101672 2
S 283713967 295 101670 2
S 283724967 295 101668 2
S 283735966 295 101668 2
S 283746965 295 101666 2
S 283757965 295 101668 2
S 283773964 295 101668 2
S 283784963 295 101671 2
S 283795962 295 101671 2
S 283806962 295 101665 2
S 283817961 295 101665 2
S 283828960 295 101666 2
S 283839959 295 101667 2
S 283850959 295 101664 2
S 283861958 295 101674 2
S 283872957 295 101674 2
S 283883957 295 101669 2
S 283894956 295 101667 2
S 283905955 295 101665 2
S 283916955 295 101662 2
S 283927954 295 101664 2
S 283938953 295 101661 2
S 283949953 295 101665 2
S 283960952 295 101670 2
S 283971951 295 101671 2
S 283982951 295 101670 2
S 283993950 295 101669 2
S 284004949 295 101668 2
S 284015948 295 101666 2
S 284026948 295 101669 2
S 284037947 295 101670 2
S 284048946 295 101668 2
S 284059946 295 101669 2
S 284070945 295 101665 2
S 284081944 295 101662 2
S 284092944 295 101667 2
S 284103943 295 101664 2
S 284114942 295 101668 2
S 284125942 295 101665 2
S 284136941 295 101671 2
S 284147940 295 101663 2
S 284158940 295 101666 2
S 284169939 295 101665 2
S 284180938 295 101667 2
S 284191937 295 101670 2
S 284202937 295 101659 2
S 284213936 295 101658 2
S 284224935 295 101670 2
S 284235935 295 101666 2
S 284246934 295 101671 2
S 284257933 295 101670 2
S 284268933 295 101670 2
S 284279932 295 101669 2
S 284290931 295 101663 2
S 284301931 295 101666 2
S 284312930 295 101669 2
S 284323929 295 101668 2
S 284334929 295 101671 2
S 284345928 295 101669 2
S 284356927 295 101663 2
S 284367926 295 101663 2
S 284378926 295 101669 2
S 284389925 295 101665 2
S 284400924 295 101668 2
S 284411924 295 101668 2
S 284422923 295 101666 2
S 284433922 295 101668 2
S 284444922 295 101671 2
S 284455921 295 101667 2
S 284466920 295 101667 2
S 284477920 295 101665 2
S 284488919 295 101667 2
S 284499918 295 101668 2
S 284510918 295 101669 2
S 284521917 295 101664 2
S 284532916 295 101665 2
S 284543915 295 101669 2
S 284554915 295 101668 2
S 284565914 295 101666 2
S 284576913 295 101669 2
S 284587913 295 101674 2
S 284598912 295 101672 2
S 284609911 295 101668 2
S 284620911 295 101677 2
S 284631910 295 101668 2
S 284642909 295 101668 2
S 284653909 295 101666 2
S 284664908 295 101671 2
S 284675907 295 101668 2
S 284686907 295 101674 2
S 284697906 295 101665 2
S 284708905 295 101672 2
S 284719904 295 101668 2
S 284730904 295 101671 2
S 284741903 295 101666 2
S 284752902 295 101668 2
S 284763902 295 101668 2
S 284779901 295 101662 2
S 284790900 295 101665 2
S 284801899 295 101662 2
S 284812899 295 101665 2
S 284823898 295 101665 2
S 284834897 295 101662 2
[[DEBUG]] Starting [[SENSOR TASK]]
[SELFTEST] compensate: T=150 (exp 150)  P=69964 (exp 69964)  -> PASS
#BMP180 v1 fw=1.4.0 temp_ms=1000
[[DEBUG]] BMP180 registered on /dev/bmp180-0
S 46698 295 101662 0
S 51697 295 101662 0
S 56697 295 101654 0
S 61697 295 101662 0
S 66696 295 101656 0
S 71696 295 101662 0
S 76696 295 101654 0
S 81695 295 101651 0
S 86695 295 101665 0
S 91695 295 101674 0
S 96695 295 101654 0
S 101694 295 101656 0
S 106694 295 101662 0
S 111694 295 101656 0
S 116693 295 101674 0
S 121693 295 101654 0
S 126693 295 101665 0
S 131692 295 101662 0
S 136692 295 101665 0
S 141692 295 101674 0
S 146691 295 101662 0
S 151691 295 101662 0
S 156691 295 101674 0
S 161690 295 101674 0
S 166690 295 101659 0
S 171690 295 101662 0
S 176690 295 101654 0
S 181689 295 101659 0
S 186689 295 101674 0
S 191689 295 101654 0
S 196688 295 101674 0
S 201688 295 101656 0
S 206688 295 101662 0
S 211687 295 101674 0
S 216687 295 101674 0
S 221687 295 101662 0
S 226686 295 101662 0
S 231686 295 101659 0
S 236686 295 101674 0
S 241685 295 101665 0
S 246685 295 101665 0
S 251685 295 101665 0
S 256685 295 101659 0
S 261684 295 101674 0
S 266684 295 101662 0
S 271684 295 101674 0
S 276683 295 101665 0
S 281683 295 101665 0
S 286683 295 101662 0
S 291682 295 101654 0
S 296682 295 101659 0
S 301682 295 101662 0
S 306681 295 101665 0
S 311681 295 101674 0
S 316681 295 101665 0
S 321680 295 101662 0
S 326680 295 101674 0
S 331680 295 101674 0
S 336680 295 101674 0
S 341679 295 101665 0
S 346679 295 101656 0
S 351679 295 101656 0
S 356678 295 101674 0
S 361678 295 101674 0
S 366678 295 101674 0
S 371677 295 101662 0
S 376677 295 101674 0
S 381677 295 101674 0
S 386676 295 101674 0
S 391676 295 101674 0
S 396676 295 101665 0
S 401675 295 101662 0
S 406675 295 101662 0
S 411675 295 101665 0
S 416675 295 101662 0
S 421674 295 101674 0
S 426674 295 101674 0
S 431674 295 101677 0
S 436673 295 101674 0
S 441673 295 101674 0
S 446673 295 101674 0
S 451672 295 101674 0
S 456672 295 101677 0
S 461672 295 101662 0
S 466671 295 101674 0
S 471671 295 101674 0
S 476671 295 101662 0
S 481670 295 101662 0
S 486670 295 101674 0
S 491670 295 101674 0
S 496670 295 101677 0
S 501669 295 101674 0
S 506669 295 101674 0
S 511669 295 101674 0
S 516668 295 101674 0
S 521668 295 101674 0
S 526668 295 101674 0
S 531667 295 101674 0
S 536667 295 101665 0
S 541667 295 101674 0
S 546666 295 101674 0
S 551666 295 101674 0
S 556666 295 101662 0
S 561665 295 101665 0
S 566665 295 101674 0
S 571665 295 101674 0
S 576665 295 101674 0
S 581664 295 101674 0
S 586664 295 101674 0
S 591664 295 101674 0
S 596663 295 101674 0
S 601663 295 101674 0
S 606663 295 101674 0
S 611662 295 101674 0
S 616662 295 101662 0
S 621662 295 101662 0
S 626661 295 101662 0
S 631661 295 101656 0
S 636661 295 101674 0
S 641660 295 101662 0
S 646660 295 101674 0
S 651660 295 101662 0
S 656660 295 101659 0
S 661659 295 101674 0
S 666659 295 101674 0
S 671659 295 101665 0
S 676658 295 101662 0
S 681658 295 101659 0
S 686658 295 101659 0
S 691657 295 101656 0
S 696657 295 101674 0
S 701657 295 101674 0
S 706656 295 101662 0
S 711656 295 101674 0
S 716656 295 101674 0
S 721655 295 101674 0
S 726655 295 101674 0
S 731655 295 101662 0
S 736655 295 101659 0
S 741654 295 101662 0
S 746654 295 101659 0
S 751654 295 101665 0
S 756653 295 101674 0
S 761653 295 101662 0
S 766653 295 101659 0
S 771652 295 101674 0
S 776652 295 101662 0
S 781652 295 101674 0
S 786651 295 101659 0
S 791651 295 101674 0
S 796651 295 101674 0
S 801650 295 101674 0
S 806650 295 101674 0
S 811650 295 101674 0
S 816650 295 101659 0
S 821649 295 101665 0
S 826649 295 101674 0
S 831649 295 101674 0
S 836648 295 101677 0
S 841648 295 101674 0
S 846648 295 101674 0
S 851647 295 101674 0
S 856647 295 101674 0
S 861647 295 101674 0
S 866646 295 101662 0
S 871646 295 101662 0
S 876646 295 101665 0
S 881645 295 101665 0
S 886645 295 101674 0
S 891645 295 101674 0
S 896645 295 101674 0
S 901644 295 101662 0
S 906644 295 101662 0
S 911644 295 101674 0
S 916643 295 101674 0
S 921643 295 101674 0
S 926643 295 101665 0
S 931642 295 101674 0
S 936642 295 101665 0
S 941642 295 101659 0
S 946641 295 101665 0
S 951641 295 101674 0
S 956641 295 101674 0
S 961640 295 101674 0
S 966640 295 101656 0
S 971640 295 101674 0
S 976640 295 101674 0
S 981639 295 101674 0
S 986639 295 101662 0
S 991639 295 101674 0
S 996638 295 101674 0
S 1001639 295 101674 0
S 1006638 295 101674 0
S 1011637 295 101674 0
S 1016637 295 101662 0
S 1021637 295 101662 0
S 1026643 295 101662 0
S 1036636 294 101662 0
S 1041635 294 101662 0
S 1046635 294 101662 0
S 1051635 294 101665 0
S 1056635 294 101662 0
S 1061634 294 101653 0
S 1066634 294 101644 0
S 1071634 294 101662 0
S 1076640 294 101662 0
S 1081633 294 101662 0
S 1086633 294 101662 0
S 1091632 294 101662 0
S 1096632 294 101662 0
S 1101632 294 101662 0
S 1106631 294 101650 0
S 1111638 294 101662 0
S 1116631 294 101662 0
S 1121630 294 101653 0
S 1126630 294 101662 0
S 1131630 294 101665 0
S 1136630 294 101662 0
S 1141629 294 101662 0
S 1146636 294 101662 0
S 1151629 294 101662 0
S 1156628 294 101653 0
S 1161628 294 101662 0
S 1166628 294 101662 0
S 1171627 294 101665 0
S 1176627 294 101662 0
S 1181634 294 101665 0
S 1186626 294 101662 0
S 1191626 294 101662 0
S 1196626 294 101653 0
S 1201625 294 101662 0
S 1206625 294 101662 0
S 1211625 294 101647 0
S 1216632 294 101662 0
S 1221624 294 101662 0
S 1226624 294 101653 0
S 1231624 294 101662 0
S 1236623 294 101662 0
S 1241623 294 101662 0
S 1246623 294 101665 0
S 1251622 294 101662 0
S 1256622 294 101662 0
S 1261622 294 101662 0
S 1266628 294 101650 0
S 1271621 294 101662 0
S 1276621 294 101662 0
S 1281620 294 101650 0
S 1286620 294 101653 0
S 1291620 294 101662 0
S 1296620 294 101653 0
S 1301626 294 101653 0
S 1306619 294 101650 0
S 1311619 294 101662 0
S 1316618 294 101662 0
S 1321618 294 101653 0
S 1326618 294 101653 0
S 1331617 294 101650 0
S 1336624 294 101662 0
S 1341617 294 101662 0
S 1346616 294 101662 0
S 1351616 294 101662 0
S 1356616 294 101662 0
S 1361615 294 101653 0
S 1366615 294 101662 0
S 1371622 294 101662 0
S 1376615 294 101662 0
S 1381614 294 101662 0
S 1386614 294 101650 0
S 1391614 294 101662 0
S 1396613 294 101662 0
S 1401613 294 101662 0
S 1406613 294 101662 0
S 1411612 294 101662 0
S 1416612 294 101650 0
S 1421612 294 101662 0
S 1426611 294 101662 0
S 1431611 294 101662 0
S 1436611 294 101662 0
S 1441610 294 101662 0
S 1446610 294 101662 0
S 1451610 294 101653 0
S 1456617 294 101662 0
S 1461609 294 101662 0
S 1466609 294 101650 0
S 1471609 294 101653 0
S 1476608 294 101662 0
S 1481608 294 101662 0
S 1486608 294 101662 0
S 1491614 294 101662 0
S 1496607 294 101662 0
S 1501607 294 101662 0
S 1506606 294 101662 0
S 1511606 294 101650 0
S 1516606 294 101653 0
S 1521605 294 101650 0
S 1526612 294 101662 0
S 1531605 294 101662 0
S 1536605 294 101662 0
S 1541604 294 101662 0
S 1546604 294 101662 0
S 1551604 294 101662 0
S 1556603 294 101662 0
S 1561610 294 101665 0
S 1566603 294 101662 0
S 1571602 294 101662 0
S 1576602 294 101665 0
S 1581602 294 101665 0
S 1586601 294 101662 0
S 1591601 294 101662 0
S 1596601 294 101662 0
S 1601600 294 101662 0
S 1606600 294 101662 0
S 1611600 294 101662 0
S 1616600 294 101662 0
S 1621599 294 101662 0
S 1626599 294 101665 0
S 1631599 294 101662 0
S 1636598 294 101662 0
S 1641598 294 101662 0
S 1646605 294 101662 0
S 1651597 294 101653 0
S 1656597 294 101662 0
S 1661597 294 101662 0
S 1666596 294 101662 0
S 1671596 294 101662 0
S 1676596 294 101662 0
S 1681603 294 101662 0
S 1686595 294 101662 0
S 1691595 294 101665 0
S 1696595 294 101662 0
S 1701594 294 101662 0
S 1706594 294 101662 0
S 1711594 294 101662 0
S 1716600 294 101662 0
S 1721593 294 101662 0
S 1726593 294 101662 0
S 1731592 294 101662 0
S 1736592 294 101662 0
S 1741592 294 101668 0
S 1746591 294 101662 0
S 1751591 294 101665 0
S 1756591 294 101668 0
S 1761590 294 101665 0
S 1766590 294 101668 0
S 1771590 294 101662 0
S 1776590 294 101662 0
S 1781589 294 101662 0
S 1786589 294 101665 0
S 1791589 294 101665 0
S 1796588 294 101662 0
S 1801595 294 101662 0
S 1806588 294 101662 0
S 1811587 294 101662 0
S 1816587 294 101662 0
S 1821587 294 101668 0
S 1826586 294 101662 0
S 1831586 294 101662 0
S 1836593 294 101662 0
S 1841585 294 101662 0
S 1846585 294 101662 0
S 1851585 294 101662 0
S 1856585 294 101662 0
S 1861584 294 101662 0
S 1866584 294 101668 0
S 1871584 294 101662 0
S 1876583 294 101662 0
S 1881583 294 101671 0
S 1886583 294 101665 0
S 1891582 294 101653 0
S 1896582 294 101671 0
S 1901582 294 101662 0
S 1906581 294 101665 0
S 1911581 294 101665 0
S 1916581 294 101668 0
S 1921580 294 101668 0
S 1926580 294 101662 0
S 1931580 294 101665 0
S 1936580 294 101665 0
S 1941579 294 101662 0
S 1946579 294 101668 0
S 1951579 294 101665 0
S 1956578 294 101662 0
S 1961578 294 101662 0
S 1966578 294 101662 0
S 1971577 294 101653 0
S 1976577 294 101662 0
S 1981577 294 101662 0
S 1986576 294 101662 0
S 1991583 294 101662 0
S 1996576 294 101662 0
S 2001576 294 101662 0
S 2006575 294 101668 0
S 2011575 294 101662 0
S 2016575 294 101662 0
S 2021574 294 101665 0
S 2026581 294 101665 0
S 2031574 294 101662 0
S 2041573 294 101671 0
S 2046573 294 101662 0
S 2051572 294 101668 0
S 2056572 294 101665 0
S 2061572 294 101662 0
S 2066571 294 101668 0
S 2071571 294 101671 0
S 2076571 294 101662 0
S 2081570 294 101665 0
S 2086570 294 101662 0
S 2091570 294 101662 0
S 2096570 294 101662 0
S 2101569 294 101665 0
S 2106569 294 101662 0
S 2111569 294 101665 0
S 2116568 294 101665 0
S 2121568 294 101665 0
S 2126568 294 101662 0
S 2131567 294 101662 0
S 2136567 294 101662 0
S 2141567 294 101662 0
S 2146566 294 101662 0
S 2151566 294 101665 0
S 2156566 294 101668 0
S 2161565 294 101662 0
S 2166565 294 101668 0
S 2171565 294 101662 0
S 2176565 294 101662 0
S 2181571 294 101653 0
S 2186564 294 101662 0
S 2191564 294 101662 0
S 2196563 294 101665 0
S 2201563 294 101665 0
S 2206563 294 101662 0
S 2211562 294 101674 0
S 2216562 294 101665 0
S 2221562 294 101671 0
S 2226561 294 101662 0
S 2231561 294 101665 0
S 2236561 294 101662 0
S 2241560 294 101662 0
S 2246560 294 101662 0
S 2251560 294 101665 0
S 2256560 294 101662 0
S 2261559 294 101662 0
S 2266559 294 101668 0
S 2271559 294 101662 0
S 2276558 294 101662 0
S 2281558 294 101662 0
S 2286558 294 101662 0
S 2291557 294 101662 0
S 2296557 294 101662 0
S 2301557 294 101662 0
S 2306556 294 101653 0
S 2311556 294 101662 0
S 2316556 294 101665 0
S 2321555 294 101662 0
S 2326555 294 101662 0
S 2331555 294 101662 0
S 2336562 294 101662 0
S 2341554 294 101662 0
S 2346554 294 101662 0
S 2351554 294 101662 0
S 2356553 294 101662 0
S 2361553 294 101665 0
S 2366553 294 101662 0
S 2371559 294 101662 0
S 2376552 294 101662 0
S 2381552 294 101662 0
S 2386551 294 101668 0
S 2391551 294 101668 0
S 2396551 294 101662 0
S 2401550 294 101668 0
S 2406550 294 101662 0
S 2411550 294 101665 0
S 2416550 294 101662 0
S 2421549 294 101662 0
S 2426549 294 101665 0
S 2431549 294 101662 0
S 2436548 294 101668 0
S 2441548 294 101662 0
S 2446548 294 101662 0
S 2451547 294 101662 0
S 2456547 294 101662 0
S 2461547 294 101653 0
S 2466546 294 101662 0
S 2471546 294 101662 0
S 2476546 294 101662 0
S 2481545 294 101662 0
S 2486545 294 101662 0
S 2491545 294 101662 0
S 2496545 294 101671 0
S 2501544 294 101665 0
S 2506544 294 101662 0
S 2511544 294 101668 0
S 2516543 294 101662 0
S 2521543 294 101668 0
S 2526550 294 101662 0
S 2531542 294 101671 0
S 2536542 294 101662 0
S 2541542 294 101668 0
S 2546541 294 101662 0
S 2551541 294 101662 0
S 2579539 294 101665 1
S 2586539 294 101667 1
S 2593538 294 101668 1
S 2600538 294 101668 1
S 2607538 294 101667 1
S 2614537 294 101665 1
S 2621537 294 101664 1
S 2628536 294 101659 1
S 2635536 294 101664 1
S 2642535 294 101667 1
S 2649535 294 101664 1
S 2656535 294 101668 1
S 2663534 294 101667 1
S 2670534 294 101664 1
S 2677533 294 101664 1
S 2684533 294 101658 1
S 2691532 294 101661 1
S 2698532 294 101664 1
S 2705531 294 101665 1
S 2712531 294 101664 1
S 2719531 294 101667 1
S 2726530 294 101664 1
S 2733530 294 101664 1
S 2740529 294 101665 1
S 2747529 294 101665 1
S 2754528 294 101667 1
S 2761528 294 101664 1
S 2768528 294 101664 1
S 2775527 294 101668 1
S 2782527 294 101664 1
S 2789526 294 101665 1
S 2796526 294 101665 1
S 2803525 294 101665 1
S 2810525 294 101659 1
S 2817524 294 101659 1
S 2824524 294 101664 1
S 2831524 294 101664 1
S 2838523 294 101665 1
S 2845523 294 101664 1
S 2852522 294 101665 1
S 2859522 294 101667 1
S 2866521 294 101667 1
S 2873521 294 101661 1
S 2880521 294 101664 1
S 2887520 294 101664 1
S 2894520 294 101664 1
S 2901519 294 101659 1
S 2908519 294 101664 1
S 2915518 294 101664 1
S 2922518 294 101664 1
S 2929517 294 101665 1
S 2936517 294 101662 1
S 2943517 294 101659 1
S 2950516 294 101659 1
S 2957516 294 101664 1
S 2964515 294 101664 1
S 2971515 294 101664 1
S 2978514 294 101664 1
S 2985514 294 101650 1
S 2992514 294 101664 1
S 2999513 294 101664 1
S 3006513 294 101656 1
S 3013512 294 101653 1
S 3020512 294 101664 1
S 3027511 294 101658 1
S 3034511 294 101656 1
S 3041510 294 101664 1
S 3053510 294 101668 1
S 3060509 294 101658 1
S 3067509 294 101665 1
S 3074508 294 101667 1
S 3081508 294 101664 1
S 3088508 294 101664 1
S 3095507 294 101664 1
S 3102507 294 101661 1
S 3109506 294 101664 1
S 3116506 294 101653 1
S 3123505 294 101664 1
S 3130505 294 101664 1
S 3137504 294 101658 1
S 3144504 294 101659 1
S 3151504 294 101664 1
S 3158503 294 101665 1
S 3165503 294 101659 1
S 3172502 294 101659 1
S 3179502 294 101659 1
S 3186501 294 101658 1
S 3193501 294 101656 1
S 3200501 294 101659 1
S 3207500 294 101659 1
S 3214500 294 101664 1
S 3221499 294 101664 1
S 3228499 294 101656 1
S 3235498 294 101664 1
S 3242498 294 101664 1
S 3249497 294 101664 1
S 3256497 294 101658 1
S 3263497 294 101664 1
S 3270496 294 101664 1
S 3277496 294 101664 1
S 3284495 294 101658 1
S 3291495 294 101655 1
S 3298494 294 101664 1
S 3305494 294 101656 1
S 3312494 294 101658 1
S 3319493 294 101659 1
S 3326493 294 101664 1
S 3333492 294 101653 1
S 3340492 294 101664 1
S 3347491 294 101665 1
S 3354491 294 101658 1
S 3361490 294 101659 1
S 3368490 294 101661 1
S 3375490 294 101661 1
S 3382489 294 101659 1
S 3389489 294 101659 1
S 3396488 294 101665 1
S 3403488 294 101665 1
S 3410487 294 101664 1
S 3417487 294 101664 1
S 3424487 294 101665 1
S 3431486 294 101665 1
S 3438486 294 101664 1
S 3445485 294 101664 1
S 3452485 294 101653 1
S 3459484 294 101659 1
S 3466484 294 101664 1
S 3473483 294 101664 1
S 3480483 294 101664 1
S 3487483 294 101664 1
S 3494482 294 101664 1
S 3501482 294 101665 1
S 3508481 294 101664 1
S 3515481 294 101665 1
S 3522480 294 101664 1
S 3529480 294 101664 1
S 3536480 294 101664 1
S 3543479 294 101664 1
S 3550479 294 101664 1
S 3557478 294 101665 1
S 3564478 294 101664 1
S 3571477 294 101664 1
S 3578477 294 101653 1
S 3585476 294 101664 1
S 3592476 294 101664 1
S 3599476 294 101664 1
S 3606475 294 101664 1
S 3613475 294 101665 1
S 3620474 294 101664 1
S 3627474 294 101664 1
S 3634473 294 101664 1
S 3641473 294 101659 1
S 3648473 294 101667 1
S 3655472 294 101664 1
S 3662472 294 101655 1
S 3669471 294 101664 1
S 3676471 294 101661 1
S 3683470 294 101662 1
S 3690470 294 101665 1
S 3697469 294 101664 1
S 3704469 294 101665 1
S 3711469 294 101664 1
S 3718468 294 101656 1
S 3725468 294 101664 1
S 3732467 294 101658 1
S 3739467 294 101653 1
S 3746466 294 101664 1
S 3753466 294 101658 1
S 3760466 294 101658 1
S 3767465 294 101664 1
S 3774465 294 101659 1
S 3781464 294 101662 1
S 3788464 294 101652 1
S 3795463 294 101661 1
S 3802463 294 101659 1
S 3809462 294 101664 1
S 3816462 294 101665 1
S 3823462 294 101664 1
S 3830461 294 101661 1
S 3837461 294 101661 1
S 3844460 294 101670 1
S 3851460 294 101664 1
S 3858459 294 101664 1
S 3865459 294 101667 1
S 3872459 294 101664 1
S 3879458 294 101664 1
S 3886458 294 101664 1
S 3893457 294 101664 1
S 3900457 294 101664 1
S 3907456 294 101667 1
S 3914456 294 101664 1
S 3921455 294 101665 1
S 3928455 294 101664 1
S 3935455 294 101659 1
S 3942454 294 101664 1
S 3949454 294 101667 1
S 3956453 294 101665 1
S 3963453 294 101664 1
S 3970452 294 101664 1
S 3977452 294 101665 1
S 3984452 294 101664 1
S 3991451 294 101664 1
S 3998451 294 101664 1
S 4005450 294 101659 1
S 4012450 294 101664 1
S 4019449 294 101664 1
S 4026449 294 101664 1
S 4033448 294 101664 1
S 4040448 294 101664 1
S 4047448 294 101664 1
S 4059447 294 101664 1
S 4066446 294 101659 1
S 4073446 294 101659 1
S 4080446 294 101652 1
S 4087445 294 101659 1
S 4094445 294 101664 1
S 4101444 294 101658 1
S 4108444 294 101665 1
S 4115443 294 101668 1
S 4122443 294 101664 1
S 4129442 294 101664 1
S 4136442 294 101659 1
S 4143442 294 101659 1
S 4150441 294 101664 1
S 4157441 294 101664 1
S 4164440 294 101658 1
S 4171440 294 101664 1
S 4178439 294 101664 1
S 4185439 294 101664 1
S 4192439 294 101665 1
S 4199438 294 101659 1
S 4206438 294 101664 1
S 4213437 294 101656 1
S 4220437 294 101661 1
S 4227436 294 101667 1
S 4234436 294 101659 1
S 4241435 294 101665 1
S 4248435 294 101664 1
S 4255435 294 101658 1
S 4262434 294 101665 1
S 4269434 294 101664 1
S 4276433 294 101661 1
S 4283433 294 101665 1
S 4290432 294 101664 1
S 4297432 294 101664 1
S 4304432 294 101664 1
S 4311431 294 101667 1
S 4318431 294 101664 1
S 4325430 294 101665 1
S 4332430 294 101664 1
S 4339429 294 101665 1
S 4346429 294 101665 1
S 4353428 294 101662 1
S 4360428 294 101664 1
S 4367428 294 101664 1
S 4374427 294 101659 1
S 4381427 294 101664 1
S 4388426 294 101665 1
S 4395426 294 101664 1
S 4402425 294 101664 1
S 4409425 294 101659 1
S 4416425 294 101667 1
S 4423424 294 101664 1
S 4430424 294 101659 1
S 4437423 294 101661 1
S 4444423 294 101665 1
S 4451422 294 101668 1
S 4458422 294 101665 1
S 4465421 294 101670 1
S 4472421 294 101667 1
S 4479421 294 101665 1
S 4486420 294 101665 1
S 4493420 294 101664 1
S 4500419 294 101664 1
S 4507419 294 101664 1
S 4514418 294 101667 1
S 4521418 294 101661 1
S 4528418 294 101664 1
S 4535417 294 101664 1
S 4542417 294 101664 1
S 4549416 294 101664 1
S 4556416 294 101665 1
S 4563415 294 101664 1
S 4570415 294 101665 1
S 4577414 294 101659 1
S 4584414 294 101656 1
S 4591414 294 101656 1
S 4598413 294 101658 1
S 4605413 294 101664 1
S 4612412 294 101659 1
S 4619412 294 101661 1
S 4626411 294 101664 1
S 4633411 294 101665 1
S 4640411 294 101664 1
S 4647410 294 101667 1
S 4654410 294 101664 1
S 4661409 294 101664 1
S 4668409 294 101664 1
S 4675408 294 101659 1
S 4682408 294 101665 1
S 4689407 294 101664 1
S 4696407 294 101659 1
S 4703407 294 101664 1
S 4710406 294 101664 1
S 4717406 294 101664 1
S 4724405 294 101664 1
S 4731405 294 101661 1
S 4738404 294 101667 1
S 4745404 294 101665 1
S 4752404 294 101664 1
S 4759403 294 101667 1
S 4766403 294 101664 1
S 4773402 294 101664 1
S 4780402 294 101667 1
S 4787401 294 101664 1
S 4794401 294 101670 1
S 4801400 294 101665 1
S 4808400 294 101664 1
S 4815400 294 101659 1
S 4822399 294 101670 1
S 4829399 294 101664 1
S 4836398 294 101664 1
S 4843398 294 101664 1
S 4850397 294 101664 1
S 4857397 294 101664 1
S 4864397 294 101664 1
S 4871396 294 101664 1
S 4878396 294 101659 1
S 4885395 294 101668 1
S 4892395 294 101667 1
S 4899394 294 101665 1
S 4906394 294 101664 1
S 4913393 294 101658 1
S 4920393 294 101665 1
S 4927393 294 101664 1
S 4934392 294 101655 1
S 4941392 294 101664 1
S 4948391 294 101664 1
S 4955391 294 101659 1
S 4962390 294 101665 1
S 4969390 294 101664 1
S 4976390 294 101665 1
S 4983389 294 101662 1
S 4990389 294 101658 1
S 4997388 294 101664 1
S 5004388 294 101665 1
S 5011387 294 101664 1
S 5018387 294 101664 1
S 5025386 294 101661 1
S 5032386 294 101664 1
S 5039386 294 101659 1
S 5046385 294 101664 1
S 5053385 294 101664 1
S 5065384 294 101664 1
S 5072384 294 101665 1
S 5079383 294 101667 1
S 5086383 294 101671 1
S 5093382 294 101665 1
S 5100382 294 101664 1
S 5107381 294 101664 1
S 5114381 294 101664 1
S 5121380 294 101659 1
S 5128380 294 101664 1
S 5135380 294 101665 1
S 5142379 294 101664 1
S 5149379 294 101667 1
S 5156378 294 101673 1
S 5163378 294 101667 1
S 5170377 294 101673 1
S 5177377 294 101667 1
S 5184377 294 101670 1
S 5191376 294 101667 1
S 5198376 294 101667 1
S 5205375 294 101667 1
S 5212375 294 101665 1
S 5219374 294 101668 1
S 5226374 294 101671 1
S 5233373 294 101665 1
S 5240373 294 101671 1
S 5247373 294 101664 1
S 5254372 294 101664 1
S 5261372 294 101670 1
S 5268371 294 101670 1
S 5275371 294 101665 1
S 5282370 294 101665 1
S 5289370 294 101668 1
S 5296370 294 101665 1
S 5303369 294 101670 1
S 5310369 294 101664 1
S 5317368 294 101676 1
S 5324368 294 101674 1
S 5331367 294 101665 1
S 5338367 294 101668 1
S 5345366 294 101667 1
S 5352366 294 101665 1
S 5359366 294 101665 1
S 5366365 294 101664 1
S 5373365 294 101670 1
S 5380364 294 101664 1
S 5387364 294 101664 1
S 5394363 294 101667 1
S 5401363 294 101665 1
S 5408363 294 101661 1
S 5415362 294 101665 1
S 5422362 294 101665 1
S 5429361 294 101664 1
S 5436361 294 101664 1
S 5443360 294 101665 1
S 5450360 294 101665 1
S 5457359 294 101670 1
S 5464359 294 101665 1
S 5471359 294 101665 1
S 5478358 294 101664 1
S 5485358 294 101658 1
S 5492357 294 101664 1
S 5499357 294 101665 1
S 5506356 294 101665 1
S 5513356 294 101670 1
S 5520356 294 101664 1
S 5527355 294 101661 1
S 5534355 294 101668 1
S 5541354 294 101664 1
S 5548354 294 101664 1
S 5555353 294 101665 1
S 5562353 294 101667 1
S 5569352 294 101665 1
S 5576352 294 101667 1
S 5583352 294 101670 1
S 5590351 294 101667 1
S 5597351 294 101673 1
S 5604350 294 101671 1
S 5611350 294 101664 1
S 5618349 294 101664 1
S 5625349 294 101664 1
S 5632349 294 101665 1
S 5639348 294 101667 1
S 5646348 294 101665 1
S 5653347 294 101668 1
S 5660347 294 101667 1
S 5667346 294 101670 1
S 5674346 294 101664 1
S 5681345 294 101668 1
S 5688345 294 101667 1
S 5695345 294 101664 1
S 5702344 294 101665 1
S 5709344 294 101667 1
S 5716343 294 101670 1
S 5723343 294 101668 1
S 5730342 294 101664 1
S 5737342 294 101668 1
S 5744342 294 101664 1
S 5751341 294 101664 1
S 5758341 294 101670 1
S 5765340 294 101664 1
S 5772340 294 101671 1
S 5779339 294 101664 1
S 5786339 294 101665 1
S 5793338 294 101665 1
S 5800338 294 101665 1
S 5807338 294 101661 1
S 5814337 294 101664 1
S 5821337 294 101664 1
S 5828336 294 101665 1
S 5835336 294 101664 1
S 5842335 294 101658 1
S 5849335 294 101659 1
S 5856335 294 101665 1
S 5863334 294 101665 1
S 5870334 294 101659 1
S 5877333 294 101665 1
S 5884333 294 101664 1
S 5891332 294 101664 1
S 5898332 294 101667 1
S 5905331 294 101664 1
S 5912331 294 101664 1
S 5919331 294 101664 1
S 5926330 294 101665 1
S 5933330 294 101664 1
S 5940329 294 101661 1
S 5947329 294 101664 1
S 5954328 294 101664 1
S 5961328 294 101658 1
S 5968328 294 101664 1
S 5975327 294 101665 1
S 5982327 294 101665 1
S 5989326 294 101664 1
S 5996326 294 101665 1
S 6003325 294 101667 1
S 6010325 294 101665 1
S 6017324 294 101667 1
S 6024324 294 101665 1
S 6031324 294 101665 1
S 6038323 294 101664 1
S 6045323 294 101664 1
S 6052322 294 101664 1
S 6059322 294 101667 1
S 6071321 294 101662 1
S 6078321 294 101668 1
S 6085320 294 101676 1
S 6092320 294 101673 1
S 6136317 294 101668 2
S 6147316 294 101668 2
S 6158316 294 101668 2
S 6169315 294 101668 2
S 6180314 294 101662 2
S 6191314 294 101665 2
S 6202313 294 101667 2
S 6213312 294 101668 2
S 6224312 294 101662 2
S 6235311 294 101667 2
S 6246310 294 101668 2
S 6257309 294 101660 2
S 6268309 294 101668 2
S 6279308 294 101667 2
S 6290307 294 101665 2
S 6301307 294 101666 2
S 6312306 294 101666 2
S 6323305 294 101664 2
S 6334305 294 101666 2
S 6345304 294 101661 2
S 6356303 294 101665 2
S 6367303 294 101665 2
S 6378302 294 101666 2
S 6389301 294 101668 2
S 6400301 294 101661 2
S 6411300 294 101666 2
S 6422299 294 101661 2
S 6433298 294 101663 2
S 6444298 294 101661 2
S 6455297 294 101662 2
S 6466296 294 101664 2
S 6477296 294 101661 2
S 6488295 294 101668 2
S 6499294 294 101667 2
S 6510294 294 101668 2
S 6521293 294 101666 2
S 6532292 294 101668 2
S 6543292 294 101668 2
S 6554291 294 101662 2
S 6565290 294 101662 2
S 6576290 294 101663 2
S 6587289 294 101660 2
S 6598288 294 101658 2
S 6609287 294 101656 2
S 6620287 294 101663 2
S 6631286 294 101663 2
S 6642285 294 101653 2
S 6653285 294 101661 2
S 6664284 294 101665 2
S 6675283 294 101662 2
S 6686283 294 101663 2
S 6697282 294 101656 2
S 6708281 294 101657 2
S 6719281 294 101666 2
S 6730280 294 101654 2
S 6741279 294 101656 2
S 6752279 294 101668 2
S 6763278 294 101666 2
S 6774277 294 101661 2
S 6785276 294 101665 2
S 6796276 294 101661 2
S 6807275 294 101659 2
S 6818274 294 101666 2
S 6829274 294 101668 2
S 6840273 294 101663 2
S 6851272 294 101659 2
S 6862272 294 101666 2
S 6873271 294 101655 2
S 6884270 294 101656 2
S 6895270 294 101656 2
S 6906269 294 101658 2
S 6917268 294 101661 2
S 6928268 294 101664 2
S 6939267 294 101660 2
S 6950266 294 101665 2
S 6961265 294 101656 2
S 6972265 294 101653 2
S 6983264 294 101658 2
S 6994263 294 101659 2
S 7005263 294 101662 2
S 7016262 294 101656 2
S 7027261 294 101658 2
S 7038261 294 101657 2
S 7049260 294 101666 2
S 7060259 294 101659 2
S 7071259 294 101663 2
S 7087258 294 101659 2
S 7098257 294 101662 2
S 7109256 294 101662 2
S 7120256 294 101659 2
S 7131255 294 101663 2
S 7142254 294 101657 2
S 7153253 294 101656 2
S 7164253 294 101653 2
S 7175252 294 101655 2
S 7186251 294 101661 2
S 7197251 294 101657 2
S 7208250 294 101668 2
S 7219249 294 101664 2
S 7230249 294 101660 2
S 7241248 294 101662 2
S 7252247 294 101666 2
S 7263247 294 101660 2
S 7274246 294 101653 2
S 7285245 294 101658 2
S 7296245 294 101661 2
S 7307244 294 101657 2
S 7318243 294 101659 2
S 7329242 294 101657 2
S 7340242 294 101656 2
S 7351241 294 101663 2
S 7362240 294 101668 2
S 7373240 294 101663 2
S 7384239 294 101661 2
S 7395238 294 101668 2
S 7406238 294 101665 2
S 7417237 294 101660 2
S 7428236 294 101665 2
S 7439236 294 101662 2
S 7450235 294 101662 2
S 7461234 294 101661 2
S 7472234 294 101660 2
S 7483233 294 101666 2
S 7494232 294 101656 2
S 7505231 294 101653 2
S 7516231 294 101660 2
S 7527230 294 101661 2
S 7538229 294 101656 2
S 7549229 294 101653 2
S 7560228 294 101665 2
S 7571227 294 101659 2
S 7582227 294 101654 2
S 7593226 294 101657 2
S 7604225 294 101664 2
S 7615225 294 101666 2
S 7626224 294 101660 2
S 7637223 294 101659 2
S 7648223 294 101658 2
S 7659222 294 101654 2
S 7670221 294 101659 2
S 7681220 294 101661 2
S 7692220 294 101662 2
S 7703219 294 101665 2
S 7714218 294 101656 2
S 7725218 294 101662 2
S 7736217 294 101666 2
S 7747216 294 101667 2
S 7758216 294 101656 2
S 7769215 294 101659 2
S 7780214 294 101664 2
S 7791214 294 101659 2
S 7802213 294 101662 2
S 7813212 294 101658 2
S 7824212 294 101665 2
S 7835211 294 101658 2
S 7846210 294 101661 2
S 7857209 294 101658 2
S 7868209 294 101656 2
S 7879208 294 101664 2
S 7890207 294 101656 2
S 7901207 294 101653 2
S 7912206 294 101666 2
S 7923205 294 101658 2
S 7934205 294 101659 2
S 7945204 294 101661 2
S 7956203 294 101659 2
S 7967203 294 101663 2
S 7978202 294 101661 2
S 7989201 294 101662 2
S 8000201 294 101661 2
S 8011200 294 101658 2
S 8022199 294 101662 2
S 8033198 294 101663 2
S 8044198 294 101662 2
S 8055197 294 101663 2
S 8066196 294 101668 2
S 8077196 294 101656 2
S 8093195 294 101653 2
S 8104194 294 101656 2
S 8115193 294 101659 2
S 8126193 294 101656 2
S 8137192 294 101662 2
S 8148191 294 101659 2
S 8159191 294 101656 2
S 8170190 294 101656 2
S 8181189 294 101654 2
S 8192189 294 101655 2
S 8203188 294 101657 2
S 8214187 294 101664 2
S 8225186 294 101660 2
S 8236186 294 101656 2
S 8247185 294 101655 2
S 8258184 294 101653 2
S 8269184 294 101648 2
S 8280183 294 101658 2
S 8291182 294 101656 2
S 8302182 294 101662 2
S 8313181 294 101662 2
S 8324180 294 101662 2
S 8335180 294 101657 2
S 8346179 294 101659 2
S 8357178 294 101662 2
S 8368178 294 101659 2
S 8379177 294 101659 2
S 8390176 294 101659 2
S 8401175 294 101659 2
S 8412175 294 101662 2
S 8423174 294 101658 2
S 8434173 294 101655 2
S 8445173 294 101656 2
S 8456172 294 101664 2
S 8467171 294 101661 2
S 8478171 294 101662 2
S 8489170 294 101659 2
S 8500169 294 101662 2
S 8511169 294 101665 2
S 8522168 294 101664 2
S 8533167 294 101665 2
S 8544167 294 101662 2
S 8555166 294 101659 2
S 8566165 294 101658 2
S 8577164 294 101665 2
S 8588164 294 101664 2
S 8599163 294 101665 2
S 8610162 294 101659 2
S 8621162 294 101662 2
S 8632161 294 101662 2
S 8643160 294 101659 2
S 8654160 294 101653 2
S 8665159 294 101662 2
S 8676158 294 101656 2
S 8687158 294 101662 2
S 8698157 294 101665 2
S 8709156 294 101664 2
S 8720156 294 101662 2
S 8731155 294 101659 2
S 8742154 294 101662 2
S 8753153 294 101656 2
S 8764153 294 101662 2
S 8775152 294 101661 2
S 8786151 294 101665 2
S 8797151 294 101660 2
S 8808150 294 101664 2
S 8819149 294 101662 2
S 8830149 294 101664 2
S 8841148 294 101665 2
S 8852147 294 101666 2
S 8863147 294 101661 2
S 8874146 294 101659 2
S 8885145 294 101660 2
S 8896145 294 101664 2
S 8907144 294 101661 2
S 8918143 294 101658 2
S 8929142 294 101664 2
S 8940142 294 101662 2
S 8951141 294 101661 2
S 8962140 294 101657 2
S 8973140 294 101657 2
S 8984139 294 101659 2
S 8995138 294 101656 2
S 9006138 294 101662 2
S 9017137 294 101662 2
S 9028136 294 101664 2
S 9039136 294 101664 2
S 9050135 294 101659 2
S 9061134 294 101665 2
S 9072134 294 101664 2
S 9083133 294 101660 2
S 9099132 294 101661 2
S 9110131 294 101661 2
S 9121130 294 101660 2
S 9132130 294 101656 2
S 9143129 294 101663 2
S 9154128 294 101665 2
S 9165128 294 101662 2
S 9176127 294 101668 2
S 9187126 294 101666 2
S 9198126 294 101666 2
S 9209125 294 101665 2
S 9220124 294 101665 2
S 9231124 294 101665 2
S 9242123 294 101664 2
S 9253122 294 101666 2
S 9264122 294 101665 2
S 9275121 294 101660 2
S 9286120 294 101665 2
S 9297119 294 101663 2
S 9308119 294 101665 2
S 9319118 294 101665 2
S 9330117 294 101669 2
S 9341117 294 101665 2
S 9352116 294 101666 2
S 9363115 294 101665 2
S 9374115 294 101660 2
S 9385114 294 101662 2
S 9396113 294 101662 2
S 9407113 294 101658 2
S 9418112 294 101665 2
S 9429111 294 101660 2
S 9440111 294 101663 2
S 9451110 294 101665 2
S 9462109 294 101660 2
S 9473108 294 101656 2
S 9484108 294 101657 2
S 9495107 294 101659 2
S 9506106 294 101660 2
S 9517106 294 101659 2
S 9528105 294 101665 2
S 9539104 294 101657 2
S 9550104 294 101662 2
S 9561103 294 101660 2
S 9572102 294 101662 2
S 9583102 294 101659 2
S 9594101 294 101659 2
S 9605100 294 101657 2
S 9616100 294 101662 2
S 9627099 294 101662 2
S 9638098 294 101664 2
S 9649097 294 101662 2
S 9660097 294 101663 2
S 9671096 294 101663 2
S 9682095 294 101662 2
S 9693095 294 101662 2
S 9704094 294 101659 2
S 9715093 294 101665 2
S 9726093 294 101662 2
S 9737092 294 101662 2
S 9748091 294 101662 2
S 9759091 294 101662 2
S 9770090 294 101659 2
S 9781089 294 101662 2
S 9792089 294 101659 2
S 9803088 294 101665 2
S 9814087 294 101656 2
S 9825086 294 101662 2
S 9836086 294 101663 2
S 9847085 294 101664 2
S 9858084 294 101663 2
S 9869084 294 101659 2
S 9880083 294 101657 2
S 9891082 294 101662 2
S 9902082 294 101662 2
S 9913081 294 101662 2
S 9924080 294 101665 2
S 9935080 294 101665 2
S 9946079 294 101659 2
S 9957078 294 101665 2
S 9968078 294 101662 2
S 9979077 294 101662 2
S 9990076 294 101665 2
S 10001076 294 101665 2
S 10012075 294 101662 2
S 10023074 294 101667 2
S 10034073 294 101669 2
S 10045073 294 101665 2
S 10056072 294 101666 2
S 10067071 294 101665 2
S 10078071 294 101666 2
S 10089070 294 101666 2
S 10105069 294 101669 2
S 10116068 294 101670 2
S 10127068 294 101662 2
S 10138067 294 101668 2
S 10149066 294 101663 2
S 10160066 294 101665 2
S 10171065 294 101667 2
S 10182064 294 101666 2
S 10193063 294 101667 2
S 10204063 294 101668 2
S 10215062 294 101667 2
S 10226061 294 101666 2
S 10237061 294 101671 2
S 10248060 294 101671 2
S 10259059 294 101668 2
S 10270059 294 101668 2
S 10281058 294 101666 2
S 10292057 294 101668 2
S 10303057 294 101668 2
S 10314056 294 101670 2
S 10325055 294 101670 2
S 10336055 294 101668 2
S 10347054 294 101669 2
S 10358053 294 101670 2
S 10369052 294 101668 2
S 10380052 294 101664 2
S 10391051 294 101666 2
S 10402050 294 101668 2
S 10413050 294 101666 2
S 10424049 294 101668 2
S 10435048 294 101669 2
S 10446048 294 101669 2
S 10457047 294 101668 2
S 10468046 294 101670 2
S 10479046 294 101670 2
S 10490045 294 101672 2
S 10501044 294 101666 2
S 10512044 294 101662 2
S 10523043 294 101667 2
S 10534042 294 101668 2
S 10545041 294 101668 2
S 10556041 294 101665 2
S 10567040 294 101664 2
S 10578039 294 101666 2
S 10589039 294 101668 2
S 10600038 294 101665 2
S 10611037 294 101668 2
S 10622037 294 101662 2
S 10633036 294 101663 2
S 10644035 294 101666 2
S 10655035 294 101663 2
S 10666034 294 101663 2
S 10677033 294 101657 2
S 10688033 294 101666 2
S 10699032 294 101668 2
S 10710031 294 101666 2
S 10721030 294 101668 2
S 10732030 294 101664 2
S 10743029 294 101668 2
S 10754028 294 101668 2
S 10765028 294 101668 2
S 10776027 294 101666 2
S 10787026 294 101666 2
S 10798026 294 101668 2
S 10809025 294 101667 2
S 10820024 294 101662 2
S 10831024 294 101663 2
S 10842023 294 101661 2
S 10853022 294 101660 2
S 10864022 294 101668 2
S 10875021 294 101666 2
S 10886020 294 101654 2
S 10897019 294 101662 2
S 10908019 294 101666 2
S 10919018 294 101662 2
S 10930017 294 101665 2
S 10941017 294 101665 2
S 10952016 294 101657 2
S 10963015 294 101663 2
S 10974015 294 101666 2
S 10985014 294 101667 2
S 10996013 294 101657 2
S 11007013 294 101660 2
S 11018012 294 101660 2
S 11029011 294 101666 2
S 11040011 294 101662 2
S 11051010 294 101664 2
S 11062009 294 101663 2
S 11073008 294 101670 2
S 11084008 294 101663 2
S 11095007 294 101662 2
S 11111006 294 101673 2
S 11122005 294 101672 2
S 11133005 294 101668 2
S 11144004 294 101671 2
S 11155003 294 101674 2
S 11166003 294 101670 2
S 11177002 294 101672 2
S 11188001 294 101673 2
S 11199001 294 101665 2
S 11210000 294 101669 2
S 11220999 294 101673 2
S 11231999 294 101672 2
S 11242998 294 101668 2
S 11253997 294 101674 2
S 11264996 294 101671 2
S 11275996 294 101673 2
S 11286995 294 101672 2
S 11297994 294 101667 2
S 11308994 294 101672 2
S 11319993 294 101674 2
S 11330992 294 101672 2
S 11341992 294 101674 2
S 11352991 294 101673 2
S 11363990 294 101671 2
S 11374990 294 101672 2
S 11385989 294 101669 2
S 11396988 294 101673 2
S 11407988 294 101672 2
S 11418987 294 101672 2
S 11429986 294 101670 2
S 11440985 294 101666 2
S 11451985 294 101659 2
S 11462984 294 101667 2
S 11473983 294 101659 2
S 11484983 294 101665 2
S 11495982 294 101672 2
S 11506981 294 101667 2
S 11517981 294 101670 2
S 11528980 294 101671 2
S 11539979 294 101669 2
S 11550979 294 101672 2
S 11561978 294 101668 2
S 11572977 294 101670 2
S 11583977 294 101672 2
S 11594976 294 101668 2
S 11605975 294 101668 2
S 11616974 294 101665 2
S 11627974 294 101660 2
S 11638973 294 101658 2
S 11649972 294 101661 2
S 11725968 294 101663 3
S 11744966 294 101668 3
S 11763965 294 101666 3
S 11782964 294 101664 3
S 11801963 294 101668 3
S 11820962 294 101663 3
S 11839961 294 101670 3
S 11858959 294 101663 3
S 11877958 294 101665 3
S 11896957 294 101663 3
S 11915956 294 101667 3
S 11934955 294 101662 3
S 11953953 294 101663 3
S 11972952 294 101663 3
S 11991951 294 101666 3
S 12010950 294 101662 3
S 12029949 294 101663 3
S 12048947 294 101663 3
S 12067946 294 101661 3
S 12086945 294 101668 3
S 12105944 294 101659 3
S 12128942 295 101672 3
S 12147941 295 101674 3
S 12166940 295 101667 3
S 12185939 295 101664 3
S 12204938 295 101670 3
S 12223937 295 101669 3
S 12242935 295 101667 3
S 12261934 295 101667 3
S 12280933 295 101668 3
S 12299932 295 101673 3
S 12318931 295 101673 3
S 12337929 295 101670 3
S 12356928 295 101669 3
S 12375927 295 101671 3
S 12394926 295 101662 3
S 12413925 295 101664 3
S 12432923 295 101671 3
S 12451922 295 101667 3
S 12470921 295 101667 3
S 12489920 295 101664 3
S 12508919 295 101667 3
S 12527918 295 101667 3
S 12546916 295 101665 3
S 12565915 295 101666 3
S 12584914 295 101667 3
S 12603913 295 101663 3
S 12622912 295 101665 3
S 12641910 295 101662 3
S 12660909 295 101661 3
S 12679908 295 101663 3
S 12698907 295 101664 3
S 12717906 295 101661 3
S 12736904 295 101661 3
S 12755903 295 101664 3
S 12774902 295 101662 3
S 12793901 295 101661 3
S 12812900 295 101662 3
S 12831899 295 101665 3
S 12850897 295 101669 3
S 12869896 295 101670 3
S 12888895 295 101670 3
S 12907894 295 101667 3
S 12926893 295 101668 3
S 12945891 295 101671 3
S 12964890 295 101669 3
S 12983889 295 101672 3
S 13002888 295 101670 3
S 13021887 295 101665 3
S 13040885 295 101665 3
S 13059884 295 101665 3
S 13078883 295 101667 3
S 13097882 295 101669 3
S 13116881 295 101668 3
S 13139879 295 101675 3
S 13158878 295 101668 3
S 13177877 295 101667 3
S 13196876 295 101665 3
S 13215875 295 101665 3
S 13234873 295 101668 3
S 13253872 295 101669 3
S 13272871 295 101664 3
S 13291870 295 101665 3
S 13310869 295 101668 3
S 13329867 295 101667 3
S 13348866 295 101668 3
S 13367865 295 101668 3
S 13386864 295 101669 3
S 13405863 295 101676 3
S 13424861 295 101671 3
S 13443860 295 101671 3
S 13462859 295 101678 3
S 13481858 295 101672 3
S 13500857 295 101676 3
S 13519856 295 101673 3
S 13538854 295 101675 3
S 13557853 295 101675 3
S 13576852 295 101670 3
S 13595851 295 101672 3
S 13614850 295 101679 3
S 13633848 295 101674 3
S 13652847 295 101671 3
S 13671846 295 101669 3
S 13690845 295 101667 3
S 13709844 295 101668 3
S 13728842 295 101671 3
S 13747841 295 101667 3
S 13766840 295 101669 3
S 13785839 295 101669 3
S 13804838 295 101669 3
S 13823837 295 101668 3
S 13842835 295 101673 3
S 13861834 295 101666 3
S 13880833 295 101670 3
S 13899832 295 101669 3
S 13918831 295 101672 3
S 13937829 295 101676 3
S 13956828 295 101671 3
S 13975827 295 101673 3
S 13994826 295 101672 3
S 14013825 295 101668 3
S 14032823 295 101668 3
S 14051822 295 101670 3
S 14070821 295 101672 3
S 14089820 295 101669 3
S 14108819 295 101671 3
S 14127818 295 101670 3
S 14150816 295 101671 3
S 14169815 295 101670 3
S 14188814 295 101667 3
S 14207813 295 101671 3
S 14226811 295 101668 3
S 14245810 295 101668 3
S 14264809 295 101670 3
S 14283808 295 101668 3
S 14302807 295 101667 3
S 14321805 295 101669 3
S 14340804 295 101670 3
S 14359803 295 101672 3
S 14378802 295 101670 3
S 14397801 295 101671 3
S 14416799 295 101672 3
S 14435798 295 101669 3
S 14454797 295 101672 3
S 14473796 295 101676 3
S 14492795 295 101672 3
S 14511794 295 101676 3
S 14530792 295 101678 3
S 14549791 295 101672 3
S 14568790 295 101670 3
S 14587789 295 101668 3
S 14606788 295 101669 3
S 14625786 295 101668 3
S 14644785 295 101669 3
S 14663784 295 101673 3
S 14682783 295 101670 3
S 14701782 295 101668 3
S 14720780 295 101672 3
S 14739779 295 101675 3
S 14758778 295 101674 3
S 14777777 295 101667 3
S 14796776 295 101669 3
S 14815775 295 101670 3
S 14834773 295 101668 3
S 14853772 295 101669 3
S 14872771 295 101668 3
S 14891770 295 101667 3
S 14910769 295 101664 3
S 14929767 295 101663 3
S 14948766 295 101667 3
S 14967765 295 101666 3
S 14986764 295 101669 3
S 15005763 295 101668 3
S 15024761 295 101671 3
S 15043760 295 101671 3
S 15062759 295 101668 3
S 15081758 295 101665 3
S 15100757 295 101671 3
S 15119756 295 101669 3
S 15138754 295 101668 3
S 15161753 295 101670 3
S 15180752 295 101669 3
S 15199751 295 101667 3
S 15218749 295 101666 3
S 15237748 295 101662 3
S 15256747 295 101664 3
S 15275746 295 101666 3
S 15294745 295 101665 3
S 15313743 295 101665 3
S 15332742 295 101667 3
S 15351741 295 101672 3
S 15370740 295 101670 3
S 15389739 295 101664 3
S 15408737 295 101663 3
S 15427736 295 101664 3
S 15446735 295 101667 3
S 15465734 295 101670 3
S 15484733 295 101672 3
S 15503732 295 101664 3
S 15522730 295 101666 3
S 15541729 295 101665 3
S 15560728 295 101664 3
S 15579727 295 101664 3
S 15598726 295 101666 3
S 15617724 295 101667 3
S 15636723 295 101667 3
S 15655722 295 101665 3
S 15674721 295 101664 3
S 15693720 295 101662 3
S 15712718 295 101662 3
S 15731717 295 101667 3
S 15750716 295 101666 3
S 15769715 295 101668 3
S 15788714 295 101667 3
S 15807713 295 101663 3
S 15826711 295 101663 3
S 15845710 295 101666 3
S 15864709 295 101662 3
S 15883708 295 101664 3
S 15902707 295 101663 3
S 15921705 295 101664 3
S 15940704 295 101662 3
S 15959703 295 101661 3
S 15978702 295 101663 3
S 15997701 295 101664 3
S 16016699 295 101664 3
S 16035698 295 101659 3
S 16054697 295 101661 3
S 16073696 295 101662 3
S 16092695 295 101658 3
S 16111694 295 101661 3
S 16130692 295 101663 3
S 16149691 295 101665 3
S 16172690 295 101668 3
S 16191689 295 101663 3
S 16210687 295 101660 3
S 16229686 295 101662 3
S 16248685 295 101663 3
S 16267684 295 101661 3
S 16286683 295 101662 3
S 16305681 295 101666 3
S 16324680 295 101664 3
S 16343679 295 101664 3
S 16362678 295 101665 3
S 16381677 295 101661 3
S 16400675 295 101658 3
S 16419674 295 101661 3
S 16438673 295 101665 3
S 16457672 295 101667 3
S 16476671 295 101665 3
S 16495670 295 101663 3
S 16514668 295 101662 3
S 16533667 295 101664 3
S 16552666 295 101662 3
S 16571665 295 101662 3
S 16590664 295 101663 3
S 16609662 295 101661 3
S 16628661 295 101667 3
S 16647660 295 101665 3
S 16666659 295 101663 3
S 16685658 295 101663 3
S 16704656 295 101670 3
S 16723655 295 101667 3
S 16742654 295 101666 3
S 16761653 295 101666 3
S 16780652 295 101663 3
S 16799651 295 101666 3
S 16818649 295 101666 3
S 16837648 295 101663 3
S 16856647 295 101662 3
S 16875646 295 101661 3
S 16894645 295 101659 3
S 16913643 295 101665 3
S 16932642 295 101659 3
S 16951641 295 101663 3
S 16970640 295 101664 3
S 16989639 295 101664 3
S 17008637 295 101664 3
S 17027636 295 101665 3
S 17046635 295 101663 3
S 17065634 295 101659 3
S 17084633 295 101661 3
S 17103632 295 101663 3
S 17122630 295 101665 3
S 17141629 295 101662 3
S 17160628 295 101666 3
S 17183626 295 101665 3
S 17202625 295 101662 3
S 17221624 295 101664 3
S 17240623 295 101664 3
S 17259622 295 101668 3
S 17278621 295 101663 3
S 17297619 295 101664 3
S 17316618 295 101668 3
S 17335617 295 101665 3
S 17354616 295 101665 3
S 17373615 295 101661 3
S 17392613 295 101661 3
S 17411612 295 101663 3
S 17430611 295 101663 3
S 17449610 295 101662 3
S 17468609 295 101662 3
S 17487608 295 101663 3
S 17506606 295 101662 3
S 17525605 295 101659 3
S 17544604 295 101662 3
S 17563603 295 101659 3
S 17582602 295 101663 3
S 17601600 295 101663 3
S 17620599 295 101665 3
S 17639598 295 101666 3
S 17658597 295 101662 3
S 17677596 295 101664 3
S 17696594 295 101660 3
S 17715593 295 101662 3
S 17734592 295 101658 3
S 17753591 295 101659 3
S 17772590 295 101662 3
S 17791589 295 101661 3
S 17810587 295 101659 3
S 17829586 295 101660 3
S 17848585 295 101665 3
S 17867584 295 101663 3
S 17886583 295 101666 3
S 17905581 295 101664 3
S 17924580 295 101662 3
S 17943579 295 101660 3
S 17962578 295 101666 3
S 17981577 295 101662 3
S 18000576 295 101665 3
S 18019574 295 101661 3
S 18038573 295 101662 3
S 18057572 295 101665 3
S 18076571 295 101663 3
S 18095570 295 101666 3
S 18114568 295 101666 3
S 18133567 295 101664 3
S 18152566 295 101662 3
S 18171565 295 101664 3
S 18194563 295 101668 3
S 18213562 295 101665 3
S 18232561 295 101665 3
S 18251560 295 101660 3
S 18270559 295 101662 3
S 18289557 295 101663 3
S 18308556 295 101662 3
S 18327555 295 101663 3
S 18346554 295 101662 3
S 18365553 295 101665 3
S 18384551 295 101664 3
S 18403550 295 101665 3
S 18422549 295 101662 3
S 18441548 295 101661 3
S 18460547 295 101662 3
S 18479546 295 101659 3
S 18498544 295 101663 3
S 18517543 295 101662 3
S 18536542 295 101663 3
S 18555541 295 101664 3
S 18574540 295 101667 3
S 18593538 295 101665 3
S 18612537 295 101665 3
S 18631536 295 101665 3
S 18650535 295 101665 3
S 18669534 295 101666 3
S 18688532 295 101666 3
S 18707531 295 101659 3
S 18726530 295 101666 3
S 18745529 295 101661 3
S 18764528 295 101663 3
S 18783527 295 101657 3
S 18802525 295 101668 3
S 18821524 295 101662 3
S 18840523 295 101670 3
S 18859522 295 101664 3
S 18878521 295 101667 3
S 18897519 295 101664 3
S 18916518 295 101663 3
S 18935517 295 101667 3
S 18954516 295 101666 3
S 18973515 295 101668 3
S 18992513 295 101667 3
S 19011512 295 101664 3
S 19030511 295 101666 3
S 19049510 295 101665 3
S 19068509 295 101664 3
S 19087508 295 101667 3
S 19106506 295 101662 3
S 19125505 295 101662 3
S 19144504 295 101663 3
S 19163503 295 101665 3
S 19182502 295 101664 3
S 19205500 295 101670 3
S 19224499 295 101662 3
S 19243498 295 101661 3
S 19262497 295 101661 3
S 19281495 295 101664 3
S 19300494 295 101658 3
S 19319493 295 101659 3
S 19338492 295 101661 3
S 19357491 295 101659 3
S 19376489 295 101662 3
S 19395488 295 101658 3
S 19414487 295 101659 3
S 19433486 295 101659 3
S 19452485 295 101661 3
S 19471484 295 101658 3
S 19490482 295 101658 3
S 19509481 295 101658 3
S 19528480 295 101661 3
S 19547479 295 101661 3
S 19566478 295 101658 3
S 19585476 295 101662 3
S 19604475 295 101659 3
S 19623474 295 101661 3
S 19642473 295 101659 3
S 19661472 295 101659 3
S 19680470 295 101659 3
S 19699469 295 101657 3
S 19718468 295 101657 3
S 19737467 295 101662 3
S 19756466 295 101664 3
S 19775465 295 101665 3
S 19794463 295 101662 3
S 19813462 295 101663 3
S 19832461 295 101661 3
S 19851460 295 101661 3
S 19870459 295 101664 3
S 19889457 295 101666 3
S 19908456 295 101668 3
S 19927455 295 101668 3
S 19946454 295 101662 3
S 19965453 295 101662 3
S 19984451 295 101663 3
S 20003450 295 101662 3
S 20022449 295 101666 3
S 20041448 295 101665 3
S 20060447 295 101668 3
S 20079446 295 101660 3
S 20098444 295 101658 3
S 20117443 295 101663 3
S 20136442 295 101663 3
S 20155441 295 101667 3
S 20174440 295 101663 3
S 20193438 295 101660 3
S 20216437 295 101669 3
S 20235436 295 101664 3
S 20254435 295 101662 3
S 20273433 295 101661 3
S 20292432 295 101664 3
S 20311431 295 101662 3
S 20330430 295 101668 3
S 20349429 295 101670 3
S 20368427 295 101668 3
S 20387426 295 101668 3
S 20406425 295 101667 3
S 20425424 295 101665 3
S 20444423 295 101662 3
S 20463422 295 101664 3
S 20482420 295 101666 3
S 20501419 295 101664 3
S 20520418 295 101661 3
S 20539417 295 101660 3
S 20558416 295 101664 3
S 20577414 295 101667 3
S 20596413 295 101674 3
S 20615412 295 101665 3
S 20634411 295 101671 3
S 20653410 295 101666 3
S 20672408 295 101674 3
S 20691407 295 101669 3
S 20710406 295 101664 3
S 20729405 295 101668 3
S 20748404 295 101671 3
S 20767403 295 101669 3
S 20786401 295 101667 3
S 20805400 295 101665 3
S 20824399 295 101669 3
S 20843398 295 101667 3
S 20862397 295 101664 3
S 20881395 295 101663 3
S 20900394 295 101662 3
S 20919393 295 101665 3
S 20938392 295 101666 3
S 20957391 295 101666 3
S 20976389 295 101665 3
S 20995388 295 101662 3
S 21014387 295 101663 3
S 21033386 295 101665 3
S 21052385 295 101671 3
S 21071384 295 101662 3
S 21090382 295 101661 3
S 21109381 295 101668 3
S 21128380 295 101661 3
S 21147379 295 101659 3
S 21166378 295 101663 3
S 21185376 295 101661 3
S 21204375 295 101667 3
S 21227374 294 101668 3
S 21246373 294 101661 3
S 21257372 294 101659 2
S 21268371 294 101656 2
S 21279371 294 101662 2
S 21290370 294 101656 2
S 21301369 294 101660 2
S 21312368 294 101660 2
S 21323368 294 101659 2
S 21334367 294 101661 2
S 21345366 294 101668 2
S 21356366 294 101662 2
S 21367365 294 101662 2
S 21378364 294 101662 2
S 21389364 294 101658 2
S 21400363 294 101668 2
S 21411362 294 101653 2
S 21422362 294 101658 2
S 21433361 294 101659 2
S 21444360 294 101662 2
S 21455360 294 101660 2
S 21466359 294 101662 2
S 21477358 294 101663 2
S 21488357 294 101664 2
S 21499357 294 101663 2
S 21510356 294 101665 2
S 21521355 294 101666 2
S 21532355 294 101669 2
S 21543354 294 101668 2
S 21554353 294 101665 2
S 21565353 294 101657 2
S 21576352 294 101656 2
S 21587351 294 101658 2
S 21598351 294 101656 2
S 21609350 294 101659 2
S 21620349 294 101656 2
S 21631349 294 101660 2
S 21642348 294 101656 2
S 21653347 294 101660 2
S 21664346 294 101659 2
S 21675346 294 101662 2
S 21686345 294 101664 2
S 21697344 294 101663 2
S 21708344 294 101665 2
S 21719343 294 101662 2
S 21730342 294 101660 2
S 21741342 294 101660 2
S 21752341 294 101660 2
S 21763340 294 101660 2
S 21774340 294 101659 2
S 21785339 294 101666 2
S 21796338 294 101665 2
S 21807338 294 101663 2
S 21818337 294 101670 2
S 21829336 294 101661 2
S 21840335 294 101665 2
S 21851335 294 101670 2
S 21862334 294 101670 2
S 21873333 294 101670 2
S 21884333 294 101665 2
S 21895332 294 101664 2
S 21906331 294 101670 2
S 21917331 294 101672 2
S 21928330 294 101666 2
S 21939329 294 101673 2
S 21950329 294 101672 2
S 21961328 294 101674 2
S 21972327 294 101672 2
S 21983327 294 101673 2
S 21994326 294 101672 2
S 22005325 294 101671 2
S 22016324 294 101672 2
S 22027324 294 101672 2
S 22038323 294 101670 2
S 22049322 294 101674 2
S 22060322 294 101672 2
S 22071321 294 101667 2
S 22082320 294 101673 2
S 22093320 294 101671 2
S 22104319 294 101669 2
S 22115318 294 101670 2
S 22126318 294 101667 2
S 22137317 294 101673 2
S 22148316 294 101672 2
S 22159316 294 101673 2
S 22170315 294 101674 2
S 22181314 294 101667 2
S 22192313 294 101673 2
S 22203313 294 101672 2
S 22214312 294 101670 2
S 22230311 294 101665 2
S 22241310 294 101668 2
S 22252310 294 101668 2
S 22263309 294 101663 2
S 22274308 294 101667 2
S 22285308 294 101668 2
S 22296307 294 101662 2
S 22307306 294 101668 2
S 22318306 294 101665 2
S 22329305 294 101668 2
S 22340304 294 101668 2
S 22351304 294 101666 2
S 22362303 294 101664 2
S 22373302 294 101666 2
S 22384301 294 101666 2
S 22395301 294 101669 2
S 22406300 294 101668 2
S 22417299 294 101663 2
S 22428299 294 101666 2
S 22439298 294 101662 2
S 22450297 294 101668 2
S 22461297 294 101668 2
S 22472296 294 101669 2
S 22483295 294 101665 2
S 22494295 294 101662 2
S 22505294 294 101669 2
S 22516293 294 101668 2
S 22527293 294 101668 2
S 22538292 294 101666 2
S 22549291 294 101660 2
S 22560290 294 101663 2
S 22571290 294 101660 2
S 22582289 294 101658 2
S 22593288 294 101668 2
S 22604288 294 101666 2
S 22615287 294 101665 2
S 22626286 294 101666 2
S 22637286 294 101668 2
S 22648285 294 101664 2
S 22659284 294 101657 2
S 22670284 294 101660 2
S 22681283 294 101666 2
S 22692282 294 101666 2
S 22703282 294 101666 2
S 22714281 294 101659 2
S 22725280 294 101665 2
S 22736279 294 101668 2
S 22747279 294 101664 2
S 22758278 294 101666 2
S 22769277 294 101655 2
S 22780277 294 101661 2
S 22791276 294 101661 2
S 22802275 294 101663 2
S 22813275 294 101666 2
S 22824274 294 101662 2
S 22835273 294 101666 2
S 22846273 294 101666 2
S 22857272 294 101663 2
S 22868271 294 101658 2
S 22879271 294 101662 2
S 22890270 294 101666 2
S 22901269 294 101665 2
S 22912268 294 101666 2
S 22923268 294 101667 2
S 22934267 294 101669 2
S 22945266 294 101665 2
S 22956266 294 101666 2
S 22967265 294 101669 2
S 22978264 294 101668 2
S 22989264 294 101666 2
S 23000264 294 101669 2
S 23011262 294 101664 2
S 23022262 294 101669 2
S 23033261 294 101668 2
S 23044260 294 101668 2
S 23055260 294 101665 2
S 23066259 294 101668 2
S 23077258 294 101666 2
S 23088257 294 101662 2
S 23099257 294 101665 2
S 23110256 294 101665 2
S 23121255 294 101668 2
S 23132255 294 101666 2
S 23143254 294 101665 2
S 23154253 294 101669 2
S 23165253 294 101667 2
S 23176252 294 101666 2
S 23187251 294 101664 2
S 23198251 294 101659 2
S 23209250 294 101667 2
S 23220249 294 101657 2
S 23236248 294 101669 2
S 23247248 294 101670 2
S 23258247 294 101668 2
S 23269246 294 101668 2
S 23280245 294 101669 2
S 23291245 294 101664 2
S 23302244 294 101666 2
S 23313243 294 101657 2
S 23324243 294 101663 2
S 23335242 294 101668 2
S 23346241 294 101668 2
S 23357241 294 101667 2
S 23368240 294 101670 2
S 23379239 294 101662 2
S 23390239 294 101668 2
S 23401238 294 101668 2
S 23412237 294 101671 2
S 23423237 294 101668 2
S 23434236 294 101668 2
S 23445235 294 101669 2
S 23456234 294 101665 2
S 23467234 294 101662 2
S 23478233 294 101666 2
S 23489232 294 101666 2
S 23500232 294 101665 2
S 23511231 294 101668 2
S 23522230 294 101665 2
S 23533230 294 101669 2
S 23544229 294 101666 2
S 23555228 294 101667 2
S 23566228 294 101666 2
S 23577227 294 101668 2
S 23588226 294 101668 2
S 23599226 294 101668 2
S 23610225 294 101665 2
S 23621224 294 101666 2
S 23632223 294 101668 2
S 23643223 294 101664 2
S 23654222 294 101666 2
S 23665221 294 101665 2
S 23676221 294 101667 2
S 23687220 294 101666 2
S 23698219 294 101668 2
S 23709219 294 101668 2
S 23720218 294 101669 2
S 23731217 294 101670 2
S 23742217 294 101669 2
S 23753216 294 101664 2
S 23764215 294 101665 2
S 23775215 294 101670 2
S 23786214 294 101666 2
S 23797213 294 101667 2
S 23808212 294 101668 2
S 23819212 294 101668 2
S 23830211 294 101670 2
S 23841210 294 101670 2
S 23852210 294 101670 2
S 23863209 294 101672 2
S 23874208 294 101670 2
S 23885208 294 101669 2
S 23896207 294 101670 2
S 23907206 294 101669 2
S 23918206 294 101666 2
S 23929205 294 101668 2
S 23940204 294 101668 2
S 23951204 294 101668 2
S 23962203 294 101665 2
S 23973202 294 101668 2
S 23984201 294 101670 2
S 23995201 294 101667 2
S 24006200 294 101667 2
S 24017199 294 101670 2
S 24028199 294 101665 2
S 24039198 294 101666 2
S 24050197 294 101667 2
S 24061197 294 101669 2
S 24072196 294 101669 2
S 24083195 294 101663 2
S 24094195 294 101668 2
S 24105194 294 101670 2
S 24116193 294 101670 2
S 24127193 294 101669 2
S 24138192 294 101670 2
S 24149191 294 101669 2
S 24160190 294 101669 2
S 24171190 294 101667 2
S 24182189 294 101672 2
S 24193188 294 101668 2
S 24204188 294 101669 2
S 24215187 294 101666 2
S 24226186 294 101668 2
S 24242185 294 101667 2
S 24253185 294 101666 2
S 24264184 294 101664 2
S 24275183 294 101662 2
S 24286183 294 101662 2
S 24297182 294 101665 2
S 24308181 294 101661 2
S 24319181 294 101662 2
S 24330180 294 101662 2
S 24341179 294 101665 2
S 24352178 294 101664 2
S 24363178 294 101665 2
S 24374177 294 101664 2
S 24385176 294 101664 2
S 24396176 294 101665 2
S 24407175 294 101665 2
S 24418174 294 101665 2
S 24429174 294 101662 2
S 24440173 294 101665 2
S 24451172 294 101662 2
S 24462172 294 101665 2
S 24473171 294 101664 2
S 24484170 294 101664 2
S 24495170 294 101661 2
S 24506169 294 101664 2
S 24517168 294 101664 2
S 24528167 294 101664 2
S 24539167 294 101662 2
S 24550166 294 101664 2
S 24561165 294 101666 2
S 24572165 294 101667 2
S 24583164 294 101667 2
S 24594163 294 101666 2
S 24605163 294 101666 2
S 24616162 294 101659 2
S 24627161 294 101659 2
S 24638161 294 101665 2
S 24649160 294 101664 2
S 24660159 294 101664 2
S 24671159 294 101667 2
S 24682158 294 101664 2
S 24693157 294 101665 2
S 24704156 294 101665 2
S 24715156 294 101664 2
S 24726155 294 101662 2
S 24737154 294 101664 2
S 24748154 294 101664 2
S 24759153 294 101660 2
S 24770152 294 101662 2
S 24781152 294 101666 2
S 24792151 294 101662 2
S 24803150 294 101665 2
S 24814150 294 101667 2
S 24825149 294 101667 2
S 24836148 294 101662 2
S 24847148 294 101665 2
S 24858147 294 101662 2
S 24869146 294 101664 2
S 24880145 294 101665 2
S 24891145 294 101664 2
S 24902144 294 101665 2
S 24913143 294 101664 2
S 24924143 294 101665 2
S 24935142 294 101665 2
S 24946141 294 101666 2
S 24957141 294 101665 2
S 24968140 294 101667 2
S 24979139 294 101666 2
S 24990139 294 101667 2
S 25001139 294 101662 2
S 25012137 294 101661 2
S 25023137 294 101664 2
S 25034136 294 101659 2
S 25045135 294 101665 2
S 25056134 294 101662 2
S 25067134 294 101666 2
S 25078133 294 101660 2
S 25089132 294 101664 2
S 25100132 294 101665 2
S 25111131 294 101665 2
S 25122130 294 101665 2
S 25133130 294 101664 2
S 25144129 294 101665 2
S 25155128 294 101664 2
S 25166128 294 101664 2
S 25177127 294 101665 2
S 25188126 294 101664 2
S 25199126 294 101666 2
S 25210125 294 101665 2
S 25221124 294 101665 2
S 25232123 294 101665 2
S 25248122 294 101665 2
S 25259122 294 101667 2
S 25270121 294 101667 2
S 25281120 294 101669 2
S 25292120 294 101673 2
S 25303119 294 101671 2
S 25314118 294 101670 2
S 25325118 294 101670 2
S 25336117 294 101665 2
S 25347116 294 101670 2
S 25358116 294 101667 2
S 25369115 294 101667 2
S 25380114 294 101667 2
S 25391114 294 101665 2
S 25402113 294 101673 2
S 25413112 294 101665 2
S 25424111 294 101665 2
S 25435111 294 101667 2
S 25446110 294 101665 2
S 25457109 294 101668 2
S 25468109 294 101665 2
S 25479108 294 101665 2
S 25490107 294 101665 2
S 25501107 294 101670 2
S 25512106 294 101665 2
S 25523105 294 101665 2
S 25534105 294 101665 2
S 25545104 294 101666 2
S 25556103 294 101668 2
S 25567103 294 101666 2
S 25578102 294 101667 2
S 25589101 294 101667 2
S 25600100 294 101664 2
S 25611100 294 101664 2
S 25622099 294 101665 2
S 25633098 294 101664 2
S 25644098 294 101668 2
S 25655097 294 101671 2
S 25666096 294 101665 2
S 25677096 294 101670 2
S 25688095 294 101671 2
S 25699094 294 101669 2
S 25710094 294 101669 2
S 25721093 294 101670 2
S 25732092 294 101666 2
S 25743092 294 101665 2
S 25754091 294 101667 2
S 25765090 294 101665 2
S 25776089 294 101667 2
S 25787089 294 101662 2
S 25798088 294 101664 2
S 25809087 294 101662 2
S 25820087 294 101664 2
S 25831086 294 101664 2
S 25842085 294 101665 2
S 25853085 294 101670 2
S 25864084 294 101668 2
S 25875083 294 101669 2
S 25886083 294 101668 2
S 25897082 294 101667 2
S 25908081 294 101667 2
S 25919081 294 101670 2
S 25930080 294 101669 2
S 25941079 294 101667 2
S 25952078 294 101666 2
S 25963078 294 101667 2
S 25974077 294 101667 2
S 25985076 294 101668 2
S 25996076 294 101666 2
S 26007075 294 101665 2
S 26018074 294 101664 2
S 26029074 294 101662 2
S 26040073 294 101665 2
S 26051072 294 101664 2
S 26062072 294 101667 2
S 26073071 294 101667 2
S 26084070 294 101661 2
S 26095070 294 101667 2
S 26106069 294 101662 2
S 26117068 294 101665 2
S 26128067 294 101666 2
S 26139067 294 101665 2
S 26150066 294 101665 2
S 26161065 294 101665 2
S 26172065 294 101664 2
S 26183064 294 101664 2
S 26194063 294 101662 2
S 26205063 294 101666 2
S 26216062 294 101665 2
S 26227061 294 101665 2
S 26238061 294 101667 2
S 26254060 294 101666 2
S 26265059 294 101667 2
S 26276058 294 101665 2
S 26287058 294 101665 2
S 26298057 294 101668 2
S 26309056 294 101667 2
S 26320055 294 101676 2
S 26331055 294 101670 2
S 26342054 294 101667 2
S 26353053 294 101669 2
S 26364053 294 101665 2
S 26375052 294 101670 2
S 26386051 294 101667 2
S 26397051 294 101670 2
S 26408050 294 101667 2
S 26419049 294 101665 2
S 26430049 294 101666 2
S 26441048 294 101668 2
S 26452047 294 101665 2
S 26463047 294 101667 2
S 26474046 294 101667 2
S 26485045 294 101669 2
S 26496044 294 101668 2
S 26507044 294 101669 2
S 26518043 294 101670 2
S 26529042 294 101665 2
S 26540042 294 101667 2
S 26551041 294 101667 2
S 26562040 294 101670 2
S 26573040 294 101668 2
S 26584039 294 101669 2
S 26595038 294 101667 2
S 26606038 294 101670 2
S 26617037 294 101670 2
S 26628036 294 101666 2
S 26639036 294 101665 2
S 26650035 294 101668 2
S 26661034 294 101667 2
S 26672033 294 101667 2
S 26683033 294 101671 2
S 26694032 294 101668 2
S 26705031 294 101668 2
S 26716031 294 101670 2
S 26727030 294 101669 2
S 26738029 294 101667 2
S 26749029 294 101670 2
S 26760028 294 101667 2
S 26771027 294 101670 2
S 26782027 294 101671 2
S 26793026 294 101670 2
S 26804025 294 101669 2
S 26815025 294 101667 2
S 26826024 294 101669 2
S 26837023 294 101670 2
S 26848022 294 101667 2
S 26859022 294 101667 2
S 26870021 294 101670 2
S 26881020 294 101670 2
S 26892020 294 101673 2
S 26903019 294 101668 2
S 26914018 294 101668 2
S 26925018 294 101666 2
S 26936017 294 101667 2
S 26947016 294 101670 2
S 26958016 294 101668 2
S 26969015 294 101670 2
S 26980014 294 101667 2
S 26991014 294 101667 2
S 27002014 294 101671 2
S 27013012 294 101674 2
S 27024011 294 101673 2
S 27035011 294 101671 2
S 27046010 294 101671 2
S 27057009 294 101668 2
S 27068009 294 101670 2
S 27079008 294 101670 2
S 27090007 294 101672 2
S 27101007 294 101670 2
S 27112006 294 101670 2
S 27123005 294 101669 2
S 27134005 294 101667 2
S 27145004 294 101670 2
S 27156003 294 101668 2
S 27167003 294 101671 2
S 27178002 294 101669 2
S 27189001 294 101670 2
S 27200000 294 101670 2
S 27211000 294 101673 2
S 27221999 294 101673 2
S 27232998 294 101673 2
S 27243998 294 101667 2
S 27259997 294 101664 2
S 27270996 294 101663 2
S 27281995 294 101671 2
S 27292995 294 101664 2
S 27303994 294 101661 2
S 27314993 294 101665 2
S 27325993 294 101664 2
S 27336992 294 101665 2
S 27347991 294 101663 2
S 27358991 294 101659 2
S 27369990 294 101667 2
S 27380989 294 101658 2
S 27391988 294 101660 2
S 27402988 294 101657 2
S 27413987 294 101660 2
S 27424986 294 101657 2
S 27435986 294 101665 2
S 27446985 294 101664 2
S 27457984 294 101666 2
S 27468984 294 101666 2
S 27479983 294 101667 2
S 27490982 294 101664 2
S 27501982 294 101664 2
S 27512981 294 101661 2
S 27523980 294 101664 2
S 27534980 294 101658 2
S 27545979 294 101661 2
S 27556978 294 101658 2
S 27567977 294 101663 2
S 27578977 294 101661 2
S 27589976 294 101652 2
S 27600975 294 101664 2
S 27611975 294 101658 2
S 27622974 294 101655 2
S 27633973 294 101657 2
S 27644973 294 101658 2
S 27655972 294 101663 2
S 27666971 294 101665 2
S 27677971 294 101660 2
S 27688970 294 101658 2
S 27699969 294 101665 2
S 27710969 294 101664 2
S 27721968 294 101662 2
S 27732967 294 101661 2
S 27743966 294 101664 2
S 27754966 294 101661 2
S 27765965 294 101664 2
S 27776964 294 101661 2
S 27787964 294 101661 2
S 27798963 294 101660 2
S 27809962 294 101661 2
S 27820962 294 101664 2
S 27831961 294 101664 2
S 27842960 294 101662 2
S 27853960 294 101665 2
S 27864959 294 101662 2
S 27875958 294 101659 2
S 27886958 294 101661 2
S 27897957 294 101661 2
S 27908956 294 101662 2
S 27919955 294 101663 2
S 27930955 294 101662 2
S 27941954 294 101657 2
S 27952953 294 101660 2
S 27963953 294 101658 2
S 27974952 294 101661 2
S 27985951 294 101658 2
S 27996951 294 101659 2
S 28007950 294 101659 2
S 28018949 294 101661 2
S 28029949 294 101661 2
S 28040948 294 101660 2
S 28051947 294 101655 2
S 28062947 294 101658 2
S 28073946 294 101657 2
S 28084945 294 101661 2
S 28095944 294 101658 2
S 28106944 294 101655 2
S 28117943 294 101660 2
S 28128942 294 101661 2
S 28139942 294 101664 2
S 28150941 294 101659 2
S 28161940 294 101662 2
S 28172940 294 101658 2
S 28183939 294 101661 2
S 28194938 294 101659 2
S 28205938 294 101658 2
S 28216937 294 101661 2
S 28227936 294 101658 2
S 28238936 294 101661 2
S 28249935 294 101654 2
S 28265934 294 101661 2
S 28276933 294 101662 2
S 28287932 294 101659 2
S 28298932 294 101666 2
S 28309931 294 101661 2
S 28320930 294 101658 2
S 28331930 294 101660 2
S 28342929 294 101657 2
S 28353928 294 101658 2
S 28364928 294 101659 2
S 28375927 294 101661 2
S 28386926 294 101661 2
S 28397926 294 101664 2
S 28408925 294 101664 2
S 28419924 294 101661 2
S 28430924 294 101661 2
S 28441923 294 101658 2
S 28452922 294 101663 2
S 28463921 294 101660 2
S 28474921 294 101665 2
S 28485920 294 101661 2
S 28496919 294 101667 2
S 28507919 294 101658 2
S 28518918 294 101664 2
S 28529917 294 101662 2
S 28540917 294 101664 2
S 28551916 294 101661 2
S 28562915 294 101665 2
S 28573915 294 101668 2
S 28584914 294 101661 2
S 28595913 294 101664 2
S 28606913 294 101664 2
S 28617912 294 101668 2
S 28628911 294 101661 2
S 28639910 294 101664 2
S 28650910 294 101659 2
S 28661909 294 101661 2
S 28672908 294 101658 2
S 28683908 294 101660 2
S 28694907 294 101658 2
S 28705906 294 101662 2
S 28716906 294 101661 2
S 28727905 294 101661 2
S 28738904 294 101663 2
S 28749904 294 101661 2
S 28760903 294 101663 2
S 28771902 294 101664 2
S 28782902 294 101661 2
S 28793901 294 101660 2
S 28804900 294 101661 2
S 28815899 294 101662 2
S 28826899 294 101661 2
S 28837898 294 101661 2
S 28848897 294 101661 2
S 28859897 294 101663 2
S 28870896 294 101661 2
S 28881895 294 101666 2
S 28892895 294 101667 2
S 28903894 294 101667 2
S 28914893 294 101665 2
S 28925893 294 101665 2
S 28936892 294 101664 2
S 28947891 294 101664 2
S 28958891 294 101661 2
S 28969890 294 101660 2
S 28980889 294 101664 2
S 28991888 294 101669 2
S 29002888 294 101663 2
S 29013887 294 101661 2
S 29024886 294 101664 2
S 29035886 294 101663 2
S 29046885 294 101658 2
S 29057884 294 101662 2
S 29068884 294 101661 2
S 29079883 294 101658 2
S 29090882 294 101662 2
S 29101882 294 101666 2
S 29112881 294 101663 2
S 29123880 294 101663 2
S 29134880 294 101663 2
S 29145879 294 101668 2
S 29156878 294 101658 2
S 29167877 294 101659 2
S 29178877 294 101663 2
S 29189876 294 101660 2
S 29200875 294 101660 2
S 29211875 294 101658 2
S 29222874 294 101662 2
S 29233873 294 101660 2
S 29244873 294 101664 2
S 29255872 294 101658 2
S 29271871 294 101663 2
S 29282870 294 101665 2
S 29293870 294 101659 2
S 29304869 294 101664 2
S 29315868 294 101660 2
S 29326868 294 101665 2
S 29337867 294 101662 2
S 29348866 294 101662 2
S 29359865 294 101664 2
S 29370865 294 101662 2
S 29381864 294 101663 2
S 29392863 294 101666 2
S 29403863 294 101663 2
S 29414862 294 101663 2
S 29425861 294 101662 2
S 29436861 294 101663 2
S 29447860 294 101662 2
S 29458859 294 101661 2
S 29469859 294 101661 2
S 29480858 294 101661 2
S 29491857 294 101661 2
S 29502857 294 101667 2
S 29513856 294 101661 2
S 29524855 294 101662 2
S 29535854 294 101660 2
S 29546854 294 101662 2
S 29557853 294 101663 2
S 29568852 294 101660 2
S 29579852 294 101660 2
S 29590851 294 101660 2
S 29601850 294 101660 2
S 29612850 294 101661 2
S 29623849 294 101658 2
S 29634848 294 101657 2
S 29645848 294 101657 2
S 29656847 294 101658 2
S 29667846 294 101655 2
S 29678846 294 101661 2
S 29689845 294 101661 2
S 29700844 294 101659 2
S 29711843 294 101659 2
S 29722843 294 101661 2
S 29733842 294 101663 2
S 29744841 294 101661 2
S 29755841 294 101658 2
S 29766840 294 101661 2
S 29777839 294 101661 2
S 29788839 294 101661 2
S 29799838 294 101665 2
S 29810837 294 101661 2
S 29821837 294 101664 2
S 29832836 294 101662 2
S 29843835 294 101658 2
S 29854835 294 101660 2
S 29865834 294 101658 2
S 29876833 294 101660 2
S 29887832 294 101662 2
S 29898832 294 101661 2
S 29909831 294 101662 2
S 29920830 294 101662 2
S 29931830 294 101665 2
S 29942829 294 101662 2
S 29953828 294 101665 2
S 29964828 294 101665 2
S 29975827 294 101664 2
S 29986826 294 101667 2
S 29997826 294 101667 2
S 30008825 294 101669 2
S 30019824 294 101663 2
S 30030824 294 101663 2
S 30041823 294 101664 2
S 30052822 294 101665 2
S 30063821 294 101664 2
S 30074821 294 101662 2
S 30085820 294 101663 2
S 30096819 294 101668 2
S 30107819 294 101664 2
S 30118818 294 101663 2
S 30129817 294 101663 2
S 30140817 294 101664 2
S 30151816 294 101660 2
S 30162815 294 101661 2
S 30173815 294 101661 2
S 30184814 294 101660 2
S 30195813 294 101658 2
S 30206813 294 101661 2
S 30217812 294 101661 2
S 30228811 294 101662 2
S 30239810 294 101664 2
S 30250810 294 101659 2
S 30261809 294 101661 2
S 30277808 294 101665 2
S 30288807 294 101661 2
S 30299807 294 101667 2
S 30310806 294 101663 2
S 30321805 294 101662 2
S 30332805 294 101662 2
S 30343804 294 101664 2
S 30354803 294 101661 2
S 30365803 294 101658 2
S 30376802 294 101660 2
S 30387801 294 101662 2
S 30398801 294 101661 2
S 30409800 294 101659 2
S 30420799 294 101658 2
S 30431798 294 101662 2
S 30442798 294 101661 2
S 30453797 294 101663 2
S 30464796 294 101665 2
S 30475796 294 101659 2
S 30486795 294 101667 2
S 30497794 294 101661 2
S 30508794 294 101664 2
S 30519793 294 101662 2
S 30530792 294 101664 2
S 30541792 294 101661 2
S 30552791 294 101664 2
S 30563790 294 101665 2
S 30574790 294 101662 2
S 30585789 294 101662 2
S 30596788 294 101661 2
S 30607787 294 101661 2
S 30618787 294 101667 2
S 30629786 294 101664 2
S 30640785 294 101661 2
S 30651785 294 101660 2
S 30662784 294 101666 2
S 30673783 294 101662 2
S 30684783 294 101660 2
S 30695782 294 101662 2
S 30706781 294 101658 2
S 30717781 294 101663 2
S 30728780 294 101665 2
S 30739779 294 101661 2
S 30750779 294 101662 2
S 30761778 294 101661 2
S 30772777 294 101667 2
S 30783776 294 101661 2
S 30794776 294 101657 2
S 30805775 294 101659 2
S 30816774 294 101658 2
S 30827774 294 101662 2
S 30838773 294 101667 2
S 30849772 294 101660 2
S 30860772 294 101658 2
S 30871771 294 101661 2
S 30882770 294 101663 2
S 30893770 294 101664 2
S 30904769 294 101661 2
S 30915768 294 101665 2
S 30926768 294 101661 2
S 30937767 294 101661 2
S 30948766 294 101659 2
S 30959765 294 101663 2
S 30970765 294 101660 2
S 30981764 294 101658 2
S 30992763 294 101664 2
S 31003763 294 101662 2
S 31014762 294 101664 2
S 31025761 294 101663 2
S 31036761 294 101663 2
S 31047760 294 101662 2
S 31058759 294 101664 2
S 31069759 294 101662 2
S 31080758 294 101662 2
S 31091757 294 101658 2
S 31102757 294 101658 2
S 31113756 294 101662 2
S 31124755 294 101660 2
S 31135754 294 101664 2
S 31146754 294 101662 2
S 31157753 294 101658 2
S 31168752 294 101661 2
S 31179752 294 101658 2
S 31190751 294 101659 2
S 31201750 294 101663 2
S 31212750 294 101665 2
S 31223749 294 101664 2
S 31234748 294 101661 2
S 31245748 294 101667 2
S 31256747 294 101664 2
S 31267746 294 101664 2
S 31283745 294 101664 2
S 31294745 294 101658 2
S 31305744 294 101658 2
S 31316743 294 101658 2
S 31327742 294 101658 2
S 31338742 294 101658 2
S 31349741 294 101657 2
S 31360740 294 101659 2
S 31371740 294 101660 2
S 31382739 294 101658 2
S 31393738 294 101661 2
S 31404738 294 101658 2
S 31415737 294 101656 2
S 31426736 294 101656 2
S 31437736 294 101656 2
S 31448735 294 101654 2
S 31459734 294 101658 2
S 31470734 294 101664 2
S 31481733 294 101659 2
S 31492732 294 101661 2
S 31503731 294 101658 2
S 31514731 294 101663 2
S 31525730 294 101659 2
S 31536729 294 101661 2
S 31547729 294 101660 2
S 31558728 294 101661 2
S 31569727 294 101658 2
S 31580727 294 101655 2
S 31591726 294 101661 2
S 31602725 294 101661 2
S 31613725 294 101661 2
S 31624724 294 101661 2
S 31635723 294 101658 2
S 31646723 294 101660 2
S 31657722 294 101661 2
S 31668721 294 101665 2
S 31679720 294 101658 2
S 31690720 294 101662 2
S 31701719 294 101664 2
S 31712718 294 101664 2
S 31723718 294 101659 2
S 31734717 294 101662 2
S 31745716 294 101659 2
S 31756716 294 101663 2
S 31767715 294 101662 2
S 31778714 294 101661 2
S 31789714 294 101658 2
S 31800713 294 101660 2
S 31811712 294 101658 2
S 31822712 294 101661 2
S 31833711 294 101661 2
S 31844710 294 101666 2
S 31855709 294 101663 2
S 31866709 294 101666 2
S 31877708 294 101658 2
S 31888707 294 101666 2
S 31899707 294 101654 2
S 31910706 294 101658 2
S 31921705 294 101655 2
S 31932705 294 101657 2
S 31943704 294 101658 2
S 31954703 294 101661 2
S 31965703 294 101658 2
S 31976702 294 101660 2
S 31987701 294 101663 2
S 31998701 294 101661 2
S 32009700 294 101662 2
S 32020699 294 101661 2
S 32031698 294 101664 2
S 32042698 294 101661 2
S 32053697 294 101661 2
S 32064696 294 101660 2
S 32075696 294 101660 2
S 32086695 294 101655 2
S 32097694 294 101657 2
S 32108694 294 101655 2
S 32119693 294 101660 2
S 32130692 294 101659 2
S 32141692 294 101659 2
S 32152691 294 101662 2
S 32163690 294 101657 2
S 32174690 294 101657 2
S 32185689 294 101661 2
S 32196688 294 101658 2
S 32207687 294 101664 2
S 32218687 294 101661 2
S 32229686 294 101656 2
S 32240685 294 101655 2
S 32251685 294 101656 2
S 32262684 294 101660 2
S 32273683 294 101661 2
S 32289682 294 101660 2
S 32300682 294 101657 2
S 32311681 294 101660 2
S 32322680 294 101660 2
S 32333680 294 101662 2
S 32344679 294 101658 2
S 32355678 294 101658 2
S 32366678 294 101661 2
S 32377677 294 101660 2
S 32388676 294 101660 2
S 32399675 294 101661 2
S 32410675 294 101660 2
S 32421674 294 101658 2
S 32432673 294 101660 2
S 32443673 294 101661 2
S 32454672 294 101661 2
S 32465671 294 101657 2
S 32476671 294 101659 2
S 32487670 294 101657 2
S 32498669 294 101658 2
S 32509669 294 101659 2
S 32520668 294 101655 2
S 32531667 294 101657 2
S 32542667 294 101655 2
S 32553666 294 101659 2
S 32564665 294 101660 2
S 32575664 294 101657 2
S 32586664 294 101661 2
S 32597663 294 101661 2
S 32608662 294 101660 2
S 32619662 294 101655 2
S 32630661 294 101655 2
S 32641660 294 101652 2
S 32652660 294 101650 2
S 32663659 294 101655 2
S 32674658 294 101657 2
S 32685658 294 101655 2
S 32696657 294 101653 2
S 32707656 294 101649 2
S 32718656 294 101652 2
S 32729655 294 101657 2
S 32740654 294 101655 2
S 32751653 294 101655 2
S 32762653 294 101652 2
S 32773652 294 101653 2
S 32784651 294 101657 2
S 32795651 294 101651 2
S 32806650 294 101660 2
S 32817649 294 101660 2
S 32828649 294 101656 2
S 32839648 294 101658 2
S 32850647 294 101659 2
S 32861647 294 101663 2
S 32872646 294 101661 2
S 32883645 294 101661 2
S 32894645 294 101655 2
S 32905644 294 101653 2
S 32916643 294 101656 2
S 32927642 294 101656 2
S 32938642 294 101659 2
S 32949641 294 101656 2
S 32960640 294 101661 2
S 32971640 294 101657 2
S 32982639 294 101655 2
S 32993638 294 101658 2
S 33004638 294 101661 2
S 33015637 294 101655 2
S 33026636 294 101652 2
S 33037636 294 101655 2
S 33048635 294 101647 2
S 33059634 294 101653 2
S 33070634 294 101652 2
S 33081633 294 101655 2
S 33092632 294 101649 2
S 33103631 294 101654 2
S 33114631 294 101655 2
S 33125630 294 101661 2
S 33136629 294 101653 2
S 33147629 294 101658 2
S 33158628 294 101658 2
S 33169627 294 101661 2
S 33180627 294 101658 2
S 33191626 294 101663 2
S 33202625 294 101654 2
S 33213625 294 101654 2
S 33224624 294 101657 2
S 33235623 294 101656 2
S 33246623 294 101654 2
S 33257622 294 101652 2
S 33268621 294 101656 2
S 33279620 294 101653 2
S 33295619 294 101661 2
S 33306619 294 101667 2
S 33317618 294 101659 2
S 33328617 294 101662 2
S 33339617 294 101660 2
S 33350616 294 101662 2
S 33361615 294 101663 2
S 33372615 294 101664 2
S 33383614 294 101664 2
S 33394613 294 101658 2
S 33405613 294 101663 2
S 33416612 294 101661 2
S 33427611 294 101660 2
S 33438611 294 101661 2
S 33449610 294 101661 2
S 33460609 294 101661 2
S 33471608 294 101661 2
S 33482608 294 101660 2
S 33493607 294 101661 2
S 33504606 294 101661 2
S 33515606 294 101663 2
S 33526605 294 101668 2
S 33537604 294 101663 2
S 33548604 294 101664 2
S 33559603 294 101662 2
S 33570602 294 101661 2
S 33581602 294 101661 2
S 33592601 294 101664 2
S 33603600 294 101660 2
S 33614600 294 101662 2
S 33625599 294 101661 2
S 33636598 294 101666 2
S 33647597 294 101660 2
S 33658597 294 101660 2
S 33669596 294 101661 2
S 33680595 294 101660 2
S 33691595 294 101664 2
S 33702594 294 101664 2
S 33713593 294 101664 2
S 33724593 294 101664 2
S 33735592 294 101664 2
S 33746591 294 101664 2
S 33757591 294 101663 2
S 33768590 294 101660 2
S 33779589 294 101659 2
S 33790589 294 101666 2
S 33801588 294 101661 2
S 33812587 294 101663 2
S 33823586 294 101661 2
S 33834586 294 101661 2
S 33845585 294 101664 2
S 33856584 294 101660 2
S 33867584 294 101661 2
S 33878583 294 101659 2
S 33889582 294 101659 2
S 33900582 294 101661 2
S 33911581 294 101662 2
S 33922580 294 101658 2
S 33933580 294 101666 2
S 33944579 294 101662 2
S 33955578 294 101665 2
S 33966578 294 101664 2
S 33977577 294 101667 2
S 33988576 294 101662 2
S 33999575 294 101661 2
S 34010575 294 101662 2
S 34021574 294 101665 2
S 34032573 294 101666 2
S 34043573 294 101662 2
S 34054572 294 101662 2
S 34065571 294 101662 2
S 34076571 294 101665 2
S 34087570 294 101666 2
S 34098569 294 101666 2
S 34109569 294 101661 2
S 34120568 294 101661 2
S 34131567 294 101664 2
S 34142567 294 101667 2
S 34153566 294 101669 2
S 34164565 294 101665 2
S 34175564 294 101668 2
S 34186564 294 101666 2
S 34197563 294 101668 2
S 34208562 294 101667 2
S 34219562 294 101667 2
S 34230561 294 101665 2
S 34241560 294 101666 2
S 34252560 294 101660 2
S 34263559 294 101661 2
S 34274558 294 101661 2
S 34285558 294 101662 2
S 34301557 294 101665 2
S 34312556 294 101660 2
S 34323555 294 101667 2
S 34334555 294 101662 2
S 34345554 294 101663 2
S 34356553 294 101665 2
S 34367552 294 101662 2
S 34378552 294 101661 2
S 34389551 294 101658 2
S 34400550 294 101660 2
S 34411550 294 101661 2
S 34422549 294 101664 2
S 34433548 294 101662 2
S 34444548 294 101664 2
S 34455547 294 101664 2
S 34466546 294 101665 2
S 34477546 294 101661 2
S 34488545 294 101658 2
S 34499544 294 101658 2
S 34510544 294 101656 2
S 34521543 294 101658 2
S 34532542 294 101660 2
S 34543541 294 101656 2
S 34554541 294 101658 2
S 34565540 294 101659 2
S 34576539 294 101660 2
S 34587539 294 101662 2
S 34598538 294 101658 2
S 34609537 294 101661 2
S 34620537 294 101659 2
S 34631536 294 101663 2
S 34642535 294 101662 2
S 34653535 294 101660 2
S 34664534 294 101661 2
S 34675533 294 101657 2
S 34686533 294 101662 2
S 34697532 294 101661 2
S 34708531 294 101658 2
S 34719530 294 101660 2
S 34730530 294 101661 2
S 34741529 294 101658 2
S 34752528 294 101661 2
S 34763528 294 101661 2
S 34774527 294 101660 2
S 34785526 294 101658 2
S 34796526 294 101662 2
S 34807525 294 101666 2
S 34818524 294 101661 2
S 34829524 294 101658 2
S 34840523 294 101659 2
S 34851522 294 101661 2
S 34862522 294 101663 2
S 34873521 294 101664 2
S 34884520 294 101662 2
S 34895519 294 101661 2
S 34906519 294 101664 2
S 34917518 294 101662 2
S 34928517 294 101662 2
S 34939517 294 101664 2
S 34950516 294 101668 2
S 34961515 294 101659 2
S 34972515 294 101664 2
S 34983514 294 101661 2
S 34994513 294 101664 2
S 35005513 294 101661 2
S 35016512 294 101664 2
S 35027511 294 101664 2
S 35038511 294 101662 2
S 35049510 294 101662 2
S 35060509 294 101661 2
S 35071508 294 101662 2
S 35082508 294 101662 2
S 35093507 294 101665 2
S 35104506 294 101660 2
S 35115506 294 101662 2
S 35126505 294 101661 2
S 35137504 294 101663 2
S 35148504 294 101661 2
S 35159503 294 101664 2
S 35170502 294 101658 2
S 35181502 294 101661 2
S 35192501 294 101661 2
S 35203500 294 101664 2
S 35214500 294 101664 2
S 35225499 294 101664 2
S 35236498 294 101665 2
S 35247497 294 101664 2
S 35258497 294 101667 2
S 35269496 294 101661 2
S 35280495 294 101663 2
S 35291495 294 101660 2
S 35307494 294 101668 2
S 35318493 294 101673 2
S 35329492 294 101669 2
S 35340492 294 101673 2
S 35351491 294 101666 2
S 35362490 294 101664 2
S 35373490 294 101667 2
S 35384489 294 101667 2
S 35395488 294 101665 2
S 35406488 294 101661 2
S 35417487 294 101665 2
S 35428486 294 101667 2
S 35439485 294 101664 2
S 35450485 294 101663 2
S 35461484 294 101669 2
S 35472483 294 101664 2
S 35483483 294 101662 2
S 35494482 294 101666 2
S 35505481 294 101664 2
S 35516481 294 101666 2
S 35527480 294 101663 2
S 35538479 294 101664 2
S 35549479 294 101662 2
S 35560478 294 101661 2
S 35571477 294 101669 2
S 35582477 294 101669 2
S 35593476 294 101667 2
S 35604475 294 101665 2
S 35615474 294 101664 2
S 35626474 294 101666 2
S 35637473 294 101667 2
S 35648472 294 101667 2
S 35659472 294 101665 2
S 35670471 294 101664 2
S 35681470 294 101657 2
S 35692470 294 101660 2
S 35703469 294 101661 2
S 35714468 294 101665 2
S 35725468 294 101659 2
S 35736467 294 101664 2
S 35747466 294 101659 2
S 35758466 294 101658 2
S 35769465 294 101665 2
S 35780464 294 101658 2
S 35791463 294 101660 2
S 35802463 294 101662 2
S 35813462 294 101664 2
S 35824461 294 101664 2
S 35835461 294 101663 2
S 35846460 294 101665 2
S 35857459 294 101666 2
S 35868459 294 101667 2
S 35879458 294 101667 2
S 35890457 294 101670 2
S 35901457 294 101667 2
S 35912456 294 101667 2
S 35923455 294 101668 2
S 35934455 294 101664 2
S 35945454 294 101667 2
S 35956453 294 101663 2
S 35967452 294 101664 2
S 35978452 294 101664 2
S 35989451 294 101661 2
S 36000451 294 101666 2
S 36011450 294 101666 2
S 36022449 294 101666 2
S 36033448 294 101660 2
S 36044448 294 101667 2
S 36055447 294 101662 2
S 36066446 294 101667 2
S 36077446 294 101666 2
S 36088445 294 101664 2
S 36099444 294 101667 2
S 36110444 294 101668 2
S 36121443 294 101665 2
S 36132442 294 101670 2
S 36143441 294 101664 2
S 36154441 294 101668 2
S 36165440 294 101667 2
S 36176439 294 101667 2
S 36187439 294 101670 2
S 36198438 294 101666 2
S 36209437 294 101665 2
S 36220437 294 101664 2
S 36231436 294 101670 2
S 36242435 294 101664 2
S 36253435 294 101666 2
S 36264434 294 101673 2
S 36275433 294 101670 2
S 36286433 294 101669 2
S 36297432 294 101670 2
S 36313431 294 101667 2
S 36324430 294 101663 2
S 36335429 294 101665 2
S 36346429 294 101666 2
S 36357428 294 101667 2
S 36368427 294 101671 2
S 36379427 294 101664 2
S 36390426 294 101667 2
S 36401425 294 101662 2
S 36412425 294 101666 2
S 36423424 294 101664 2
S 36434423 294 101669 2
S 36445423 294 101664 2
S 36456422 294 101665 2
S 36467421 294 101671 2
S 36478421 294 101664 2
S 36489420 294 101665 2
S 36500419 294 101664 2
S 36511418 294 101664 2
S 36522418 294 101662 2
S 36533417 294 101668 2
S 36544416 294 101669 2
S 36555416 294 101664 2
S 36566415 294 101667 2
S 36577414 294 101666 2
S 36588414 294 101673 2
S 36599413 294 101670 2
S 36610412 294 101673 2
S 36621412 294 101665 2
S 36632411 294 101664 2
S 36643410 294 101666 2
S 36654410 294 101664 2
S 36665409 294 101662 2
S 36676408 294 101667 2
S 36687407 294 101663 2
S 36698407 294 101664 2
S 36709406 294 101664 2
S 36720405 294 101662 2
S 36731405 294 101665 2
S 36742404 294 101662 2
S 36753403 294 101658 2
S 36764403 294 101664 2
S 36775402 294 101667 2
S 36786401 294 101667 2
S 36797401 294 101665 2
S 36808400 294 101666 2
S 36819399 294 101668 2
S 36830399 294 101668 2
S 36841398 294 101664 2
S 36852397 294 101667 2
S 36863396 294 101669 2
S 36874396 294 101670 2
S 36885395 294 101664 2
S 36896394 294 101668 2
S 36907394 294 101667 2
S 36918393 294 101667 2
S 36929392 294 101669 2
S 36940392 294 101668 2
S 36951391 294 101668 2
S 36962390 294 101665 2
S 36973390 294 101668 2
S 36984389 294 101663 2
S 36995388 294 101667 2
S 37006388 294 101664 2
S 37017387 294 101669 2
S 37028386 294 101664 2
S 37039385 294 101664 2
S 37050385 294 101671 2
S 37061384 294 101666 2
S 37072383 294 101664 2
S 37083383 294 101671 2
S 37094382 294 101666 2
S 37105381 294 101667 2
S 37116381 294 101670 2
S 37127380 294 101663 2
S 37138379 294 101667 2
S 37149379 294 101668 2
S 37160378 294 101669 2
S 37171377 294 101662 2
S 37182377 294 101668 2
S 37193376 294 101665 2
S 37204375 294 101669 2
S 37215374 294 101670 2
S 37226374 294 101667 2
S 37237373 294 101663 2
S 37248372 294 101667 2
S 37259372 294 101666 2
S 37270371 294 101667 2
S 37281370 294 101669 2
S 37292370 294 101664 2
S 37303369 294 101665 2
S 37319368 294 101664 2
S 37330367 294 101663 2
S 37341367 294 101658 2
S 37352366 294 101660 2
S 37363365 294 101662 2
S 37374365 294 101663 2
S 37385364 294 101662 2
S 37396363 294 101664 2
S 37407362 294 101664 2
S 37418362 294 101664 2
S 37429361 294 101661 2
S 37440360 294 101664 2
S 37451360 294 101663 2
S 37462359 294 101664 2
S 37473358 294 101661 2
S 37484358 294 101662 2
S 37495357 294 101658 2
S 37506356 294 101661 2
S 37517356 294 101661 2
S 37528355 294 101660 2
S 37539354 294 101660 2
S 37550354 294 101664 2
S 37561353 294 101666 2
S 37572352 294 101667 2
S 37583351 294 101664 2
S 37594351 294 101664 2
S 37605350 294 101664 2
S 37616349 294 101666 2
S 37627349 294 101662 2
S 37638348 294 101665 2
S 37649347 294 101664 2
S 37660347 294 101665 2
S 37671346 294 101665 2
S 37682345 294 101664 2
S 37693345 294 101659 2
S 37704344 294 101659 2
S 37715343 294 101659 2
S 37726343 294 101659 2
S 37737342 294 101660 2
S 37748341 294 101664 2
S 37759340 294 101664 2
S 37770340 294 101659 2
S 37781339 294 101661 2
S 37792338 294 101658 2
S 37803338 294 101663 2
S 37814337 294 101660 2
S 37825336 294 101665 2
S 37836336 294 101664 2
S 37847335 294 101665 2
S 37858334 294 101658 2
S 37869334 294 101661 2
S 37880333 294 101657 2
S 37891332 294 101661 2
S 37902332 294 101664 2
S 37913331 294 101667 2
S 37924330 294 101661 2
S 37935329 294 101664 2
S 37946329 294 101665 2
S 37957328 294 101664 2
S 37968327 294 101669 2
S 37979327 294 101667 2
S 37990326 294 101667 2
S 38001326 294 101665 2
S 38012325 294 101661 2
S 38023324 294 101668 2
S 38034323 294 101658 2
S 38045323 294 101664 2
S 38056322 294 101661 2
S 38067321 294 101670 2
S 38078321 294 101664 2
S 38089320 294 101657 2
S 38100319 294 101664 2
S 38111318 294 101666 2
S 38122318 294 101668 2
S 38133317 294 101670 2
S 38144316 294 101661 2
S 38155316 294 101666 2
S 38166315 294 101661 2
S 38177314 294 101661 2
S 38188314 294 101667 2
S 38199313 294 101662 2
S 38210312 294 101661 2
S 38221312 294 101655 2
S 38232311 294 101661 2
S 38243310 294 101663 2
S 38254310 294 101664 2
S 38265309 294 101661 2
S 38276308 294 101663 2
S 38287307 294 101665 2
S 38298307 294 101667 2
S 38309306 294 101667 2
S 38325305 294 101667 2
S 38336304 294 101667 2
S 38347304 294 101670 2
S 38358303 294 101668 2
S 38369302 294 101670 2
S 38380302 294 101670 2
S 38391301 294 101670 2
S 38402300 294 101667 2
S 38413300 294 101667 2
S 38424299 294 101668 2
S 38435298 294 101669 2
S 38446298 294 101667 2
S 38457297 294 101664 2
S 38468296 294 101670 2
S 38479295 294 101670 2
S 38490295 294 101666 2
S 38501294 294 101669 2
S 38512293 294 101667 2
S 38523293 294 101668 2
S 38534292 294 101664 2
S 38545291 294 101667 2
S 38556291 294 101667 2
S 38567290 294 101665 2
S 38578289 294 101664 2
S 38589289 294 101662 2
S 38600288 294 101664 2
S 38611287 294 101667 2
S 38622287 294 101666 2
S 38633286 294 101658 2
S 38644285 294 101661 2
S 38655284 294 101663 2
S 38666284 294 101659 2
S 38677283 294 101662 2
S 38688282 294 101664 2
S 38699282 294 101665 2
S 38710281 294 101664 2
S 38721280 294 101661 2
S 38732280 294 101664 2
S 38743279 294 101661 2
S 38754278 294 101661 2
S 38765278 294 101669 2
S 38776277 294 101667 2
S 38787276 294 101659 2
S 38798276 294 101662 2
S 38809275 294 101664 2
S 38820274 294 101664 2
S 38831273 294 101667 2
S 38842273 294 101665 2
S 38853272 294 101667 2
S 38864271 294 101661 2
S 38875271 294 101660 2
S 38886270 294 101664 2
S 38897269 294 101664 2
S 38908269 294 101664 2
S 38919268 294 101665 2
S 38930267 294 101667 2
S 38941267 294 101669 2
S 38952266 294 101670 2
S 38963265 294 101670 2
S 38974265 294 101666 2
S 38985264 294 101664 2
S 38996263 294 101666 2
S 39007262 294 101663 2
S 39018262 294 101667 2
S 39029261 294 101664 2
S 39040260 294 101668 2
S 39051260 294 101667 2
S 39062259 294 101663 2
S 39073258 294 101671 2
S 39084258 294 101669 2
S 39095257 294 101667 2
S 39106256 294 101668 2
S 39117256 294 101667 2
S 39128255 294 101666 2
S 39139254 294 101665 2
S 39150254 294 101667 2
S 39161253 294 101664 2
S 39172252 294 101663 2
S 39183251 294 101664 2
S 39194251 294 101664 2
S 39205250 294 101662 2
S 39216249 294 101662 2
S 39227249 294 101664 2
S 39238248 294 101662 2
S 39249247 294 101661 2
S 39260247 294 101664 2
S 39271246 294 101664 2
S 39282245 294 101664 2
S 39293245 294 101661 2
S 39304244 294 101664 2
S 39315243 294 101668 2
S 39331242 294 101675 2
S 39342242 294 101673 2
S 39353241 294 101675 2
S 39364240 294 101671 2
S 39375239 294 101669 2
S 39386239 294 101673 2
S 39397238 294 101677 2
S 39408237 294 101672 2
S 39419237 294 101672 2
S 39430236 294 101671 2
S 39441235 294 101667 2
S 39452235 294 101667 2
S 39463234 294 101667 2
S 39474233 294 101668 2
S 39485233 294 101670 2
S 39496232 294 101667 2
S 39507231 294 101675 2
S 39518231 294 101674 2
S 39529230 294 101672 2
S 39540229 294 101667 2
S 39551228 294 101670 2
S 39562228 294 101669 2
S 39573227 294 101670 2
S 39584226 294 101668 2
S 39595226 294 101673 2
S 39606225 294 101672 2
S 39617224 294 101668 2
S 39628224 294 101668 2
S 39639223 294 101670 2
S 39650222 294 101676 2
S 39661222 294 101671 2
S 39672221 294 101673 2
S 39683220 294 101670 2
S 39694220 294 101667 2
S 39705219 294 101667 2
S 39716218 294 101670 2
S 39727217 294 101673 2
S 39738217 294 101671 2
S 39749216 294 101667 2
S 39760215 294 101674 2
S 39771215 294 101673 2
S 39782214 294 101672 2
S 39793213 294 101669 2
S 39804213 294 101670 2
S 39815212 294 101670 2
S 39826211 294 101670 2
S 39837211 294 101673 2
S 39848210 294 101670 2
S 39859209 294 101670 2
S 39870209 294 101670 2
S 39881208 294 101671 2
S 39892207 294 101669 2
S 39903206 294 101671 2
S 39914206 294 101673 2
S 39925205 294 101672 2
S 39936204 294 101666 2
S 39947204 294 101670 2
S 39958203 294 101671 2
S 39969202 294 101674 2
S 39980202 294 101671 2
S 39991201 294 101670 2
S 40002201 294 101670 2
S 40013200 294 101670 2
S 40024199 294 101675 2
S 40035198 294 101670 2
S 40046198 294 101669 2
S 40057197 294 101672 2
S 40068196 294 101673 2
S 40079195 294 101675 2
S 40090195 294 101671 2
S 40101194 294 101670 2
S 40112193 294 101667 2
S 40123193 294 101670 2
S 40134192 294 101669 2
S 40145191 294 101671 2
S 40156191 294 101664 2
S 40167190 294 101668 2
S 40178189 294 101669 2
S 40189189 294 101673 2
S 40200188 294 101671 2
S 40211187 294 101666 2
S 40222187 294 101673 2
S 40233186 294 101670 2
S 40244185 294 101671 2
S 40255184 294 101667 2
S 40266184 294 101666 2
S 40277183 294 101668 2
S 40288182 294 101667 2
S 40299182 294 101670 2
S 40310181 294 101673 2
S 40321180 294 101668 2
S 40337179 294 101674 2
S 40348179 294 101670 2
S 40359178 294 101665 2
S 40370177 294 101671 2
S 40381177 294 101668 2
S 40392176 294 101670 2
S 40403175 294 101666 2
S 40414175 294 101667 2
S 40425174 294 101673 2
S 40436173 294 101668 2
S 40447172 294 101669 2
S 40458172 294 101665 2
S 40469171 294 101667 2
S 40480170 294 101667 2
S 40491170 294 101667 2
S 40502169 294 101667 2
S 40513168 294 101670 2
S 40524168 294 101667 2
S 40535167 294 101667 2
S 40546166 294 101666 2
S 40557166 294 101668 2
S 40568165 294 101665 2
S 40579164 294 101668 2
S 40590164 294 101666 2
S 40601163 294 101666 2
S 40612162 294 101666 2
S 40623161 294 101667 2
S 40634161 294 101667 2
S 40645160 294 101669 2
S 40656159 294 101670 2
S 40667159 294 101669 2
S 40678158 294 101670 2
S 40689157 294 101670 2
S 40700157 294 101667 2
S 40711156 294 101664 2
S 40722155 294 101664 2
S 40733155 294 101667 2
S 40744154 294 101664 2
S 40755153 294 101671 2
S 40766153 294 101665 2
S 40777152 294 101671 2
S 40788151 294 101671 2
S 40799150 294 101670 2
S 40810150 294 101670 2
S 40821149 294 101670 2
S 40832148 294 101669 2
S 40843148 294 101667 2
S 40854147 294 101667 2
S 40865146 294 101670 2
S 40876146 294 101665 2
S 40887145 294 101669 2
S 40898144 294 101668 2
S 40909144 294 101664 2
S 40920143 294 101666 2
S 40931142 294 101665 2
S 40942142 294 101664 2
S 40953141 294 101667 2
S 40964140 294 101665 2
S 40975139 294 101669 2
S 40986139 294 101667 2
S 40997138 294 101664 2
S 41008137 294 101668 2
S 41019137 294 101667 2
S 41030136 294 101667 2
S 41041135 294 101667 2
S 41052135 294 101666 2
S 41063134 294 101669 2
S 41074133 294 101669 2
S 41085133 294 101670 2
S 41096132 294 101673 2
S 41107131 294 101670 2
S 41118131 294 101672 2
S 41129130 294 101666 2
S 41140129 294 101672 2
S 41151128 294 101668 2
S 41162128 294 101667 2
S 41173127 294 101670 2
S 41184126 294 101667 2
S 41195126 294 101668 2
S 41206125 294 101667 2
S 41217124 294 101667 2
S 41228124 294 101668 2
S 41239123 294 101667 2
S 41250122 294 101664 2
S 41261122 294 101664 2
S 41272121 294 101667 2
S 41283120 294 101662 2
S 41294120 294 101662 2
S 41305119 294 101664 2
S 41316118 294 101667 2
S 41327117 294 101663 2
S 41343116 294 101662 2
S 41354116 294 101659 2
S 41365115 294 101662 2
S 41376114 294 101655 2
S 41387114 294 101654 2
S 41398113 294 101653 2
S 41409112 294 101658 2
S 41420112 294 101657 2
S 41431111 294 101654 2
S 41442110 294 101661 2
S 41453110 294 101654 2
S 41464109 294 101658 2
S 41475108 294 101655 2
S 41486108 294 101658 2
S 41497107 294 101667 2
S 41508106 294 101664 2
S 41519105 294 101654 2
S 41530105 294 101660 2
S 41541104 294 101659 2
S 41552103 294 101661 2
S 41563103 294 101658 2
S 41574102 294 101658 2
S 41585101 294 101656 2
S 41596101 294 101658 2
S 41607100 294 101658 2
S 41618099 294 101660 2
S 41629099 294 101655 2
S 41640098 294 101661 2
S 41651097 294 101657 2
S 41662097 294 101658 2
S 41673096 294 101658 2
S 41684095 294 101659 2
S 41695094 294 101655 2
S 41706094 294 101654 2
S 41717093 294 101660 2
S 41728092 294 101661 2
S 41739092 294 101661 2
S 41750091 294 101660 2
S 41761090 294 101655 2
S 41772090 294 101658 2
S 41783089 294 101657 2
S 41794088 294 101656 2
S 41805088 294 101662 2
S 41816087 294 101662 2
S 41827086 294 101660 2
S 41838086 294 101658 2
S 41849085 294 101658 2
S 41860084 294 101663 2
S 41871083 294 101658 2
S 41882083 294 101661 2
S 41893082 294 101657 2
S 41904081 294 101653 2
S 41915081 294 101660 2
S 41926080 294 101661 2
S 41937079 294 101658 2
S 41948079 294 101656 2
S 41959078 294 101660 2
S 41970077 294 101654 2
S 41981077 294 101656 2
S 41992076 294 101661 2
S 42003075 294 101658 2
S 42014075 294 101659 2
S 42025074 294 101657 2
S 42036073 294 101653 2
S 42047072 294 101659 2
S 42058072 294 101657 2
S 42069071 294 101659 2
S 42080070 294 101657 2
S 42091070 294 101660 2
S 42102069 294 101660 2
S 42113068 294 101662 2
S 42124068 294 101665 2
S 42135067 294 101660 2
S 42146066 294 101662 2
S 42157066 294 101662 2
S 42168065 294 101664 2
S 42179064 294 101662 2
S 42190064 294 101663 2
S 42201063 294 101667 2
S 42212062 294 101664 2
S 42223061 294 101661 2
S 42234061 294 101666 2
S 42245060 294 101662 2
S 42256059 294 101664 2
S 42267059 294 101661 2
S 42278058 294 101661 2
S 42289057 294 101661 2
S 42300057 294 101659 2
S 42311056 294 101658 2
S 42322055 294 101658 2
S 42333055 294 101658 2
S 42349054 294 101663 2
S 42360053 294 101664 2
S 42371052 294 101664 2
S 42382052 294 101667 2
S 42393051 294 101667 2
S 42404050 294 101665 2
S 42415049 294 101667 2
S 42426049 294 101664 2
S 42437048 294 101668 2
S 42448047 294 101671 2
S 42459047 294 101669 2
S 42470046 294 101663 2
S 42481045 294 101661 2
S 42492045 294 101670 2
S 42503044 294 101665 2
S 42514043 294 101666 2
S 42525043 294 101667 2
S 42536042 294 101664 2
S 42547041 294 101661 2
S 42558041 294 101661 2
S 42569040 294 101660 2
S 42580039 294 101665 2
S 42591038 294 101661 2
S 42602038 294 101661 2
S 42613037 294 101663 2
S 42624036 294 101664 2
S 42635036 294 101660 2
S 42646035 294 101660 2
S 42657034 294 101663 2
S 42668034 294 101661 2
S 42679033 294 101659 2
S 42690032 294 101663 2
S 42701032 294 101670 2
S 42712031 294 101663 2
S 42723030 294 101664 2
S 42734030 294 101661 2
S 42745029 294 101661 2
S 42756028 294 101667 2
S 42767027 294 101665 2
S 42778027 294 101665 2
S 42789026 294 101670 2
S 42800025 294 101667 2
S 42811025 294 101663 2
S 42822024 294 101666 2
S 42833023 294 101666 2
S 42844023 294 101662 2
S 42855022 294 101664 2
S 42866021 294 101664 2
S 42877021 294 101662 2
S 42888020 294 101667 2
S 42899019 294 101667 2
S 42910019 294 101666 2
S 42921018 294 101667 2
S 42932017 294 101670 2
S 42943016 294 101666 2
S 42954016 294 101669 2
S 42965015 294 101670 2
S 42976014 294 101667 2
S 42987014 294 101668 2
S 42998013 294 101664 2
S 43009012 294 101666 2
S 43020012 294 101664 2
S 43031011 294 101667 2
S 43042010 294 101667 2
S 43053010 294 101657 2
S 43064009 294 101664 2
S 43075008 294 101665 2
S 43086008 294 101664 2
S 43097007 294 101662 2
S 43108006 294 101665 2
S 43119005 294 101666 2
S 43130005 294 101664 2
S 43141004 294 101670 2
S 43152003 294 101661 2
S 43163003 294 101661 2
S 43174002 294 101663 2
S 43185001 294 101669 2
S 43196001 294 101665 2
S 43207000 294 101663 2
S 43217999 294 101662 2
S 43228999 294 101661 2
S 43239998 294 101659 2
S 43250997 294 101659 2
S 43261997 294 101658 2
S 43272996 294 101660 2
S 43283995 294 101658 2
S 43294994 294 101658 2
S 43305994 294 101658 2
S 43316993 294 101657 2
S 43327992 294 101661 2
S 43338992 294 101661 2
S 43354991 294 101667 2
S 43365990 294 101667 2
S 43376989 294 101666 2
S 43387989 294 101665 2
S 43398988 294 101664 2
S 43409987 294 101668 2
S 43420987 294 101667 2
S 43431986 294 101670 2
S 43442985 294 101667 2
S 43453985 294 101667 2
S 43464984 294 101667 2
S 43475983 294 101667 2
S 43486982 294 101664 2
S 43497982 294 101667 2
S 43508981 294 101664 2
S 43519980 294 101669 2
S 43530980 294 101666 2
S 43541979 294 101669 2
S 43552978 294 101666 2
S 43563978 294 101661 2
S 43574977 294 101668 2
S 43585976 294 101661 2
S 43596976 294 101661 2
S 43607975 294 101662 2
S 43618974 294 101664 2
S 43629974 294 101667 2
S 43640973 294 101667 2
S 43651972 294 101665 2
S 43662971 294 101667 2
S 43673971 294 101662 2
S 43684970 294 101664 2
S 43695969 294 101664 2
S 43706969 294 101667 2
S 43717968 294 101665 2
S 43728967 294 101664 2
S 43739967 294 101666 2
S 43750966 294 101662 2
S 43761965 294 101665 2
S 43772965 294 101666 2
S 43783964 294 101667 2
S 43794963 294 101668 2
S 43805963 294 101669 2
S 43816962 294 101666 2
S 43827961 294 101664 2
S 43838960 294 101664 2
S 43849960 294 101668 2
S 43860959 294 101667 2
S 43871958 294 101666 2
S 43882958 294 101666 2
S 43893957 294 101670 2
S 43904956 294 101661 2
S 43915956 294 101672 2
S 43926955 294 101671 2
S 43937954 294 101667 2
S 43948954 294 101667 2
S 43959953 294 101666 2
S 43970952 294 101667 2
S 43981952 294 101670 2
S 43992951 294 101666 2
S 44003950 294 101665 2
S 44014949 294 101670 2
S 44025949 294 101669 2
S 44036948 294 101671 2
S 44047947 294 101670 2
S 44058947 294 101667 2
S 44069946 294 101676 2
S 44080945 294 101667 2
S 44091945 294 101666 2
S 44102944 294 101663 2
S 44113943 294 101665 2
S 44124943 294 101675 2
S 44135942 294 101668 2
S 44146941 294 101665 2
S 44157941 294 101667 2
S 44168940 294 101665 2
S 44179939 294 101662 2
S 44190938 294 101661 2
S 44201938 294 101668 2
S 44212937 294 101670 2
S 44223936 294 101664 2
S 44234936 294 101661 2
S 44245935 294 101667 2
S 44256934 294 101667 2
S 44267934 294 101662 2
S 44278933 294 101668 2
S 44289932 294 101667 2
S 44300932 294 101665 2
S 44311931 294 101664 2
S 44322930 294 101660 2
S 44333930 294 101668 2
S 44344929 294 101662 2
S 44360928 294 101658 2
S 44371927 294 101661 2
S 44382926 294 101659 2
S 44393926 294 101661 2
S 44404925 294 101658 2
S 44415924 294 101662 2
S 44426924 294 101662 2
S 44437923 294 101659 2
S 44448922 294 101664 2
S 44459922 294 101664 2
S 44470921 294 101660 2
S 44481920 294 101664 2
S 44492920 294 101667 2
S 44503919 294 101658 2
S 44514918 294 101665 2
S 44525918 294 101660 2
S 44536917 294 101662 2
S 44547916 294 101667 2
S 44558915 294 101669 2
S 44569915 294 101667 2
S 44580914 294 101667 2
S 44591913 294 101667 2
S 44602913 294 101667 2
S 44613912 294 101662 2
S 44624911 294 101667 2
S 44635911 294 101671 2
S 44646910 294 101668 2
S 44657909 294 101667 2
S 44668909 294 101668 2
S 44679908 294 101670 2
S 44690907 294 101669 2
S 44701907 294 101667 2
S 44712906 294 101664 2
S 44723905 294 101670 2
S 44734904 294 101658 2
S 44745904 294 101664 2
S 44756903 294 101667 2
S 44767902 294 101664 2
S 44778902 294 101666 2
S 44789901 294 101662 2
S 44800900 294 101656 2
S 44811900 294 101664 2
S 44822899 294 101658 2
S 44833898 294 101658 2
S 44844898 294 101664 2
S 44855897 294 101659 2
S 44866896 294 101669 2
S 44877896 294 101666 2
S 44888895 294 101668 2
S 44899894 294 101664 2
S 44910893 294 101664 2
S 44921893 294 101664 2
S 44932892 294 101663 2
S 44943891 294 101667 2
S 44954891 294 101667 2
S 44965890 294 101668 2
S 44976889 294 101663 2
S 44987889 294 101667 2
S 44998888 294 101669 2
S 45009887 294 101664 2
S 45020887 294 101665 2
S 45031886 294 101669 2
S 45042885 294 101661 2
S 45053885 294 101659 2
S 45064884 294 101661 2
S 45075883 294 101661 2
S 45086882 294 101662 2
S 45097882 294 101664 2
S 45108881 294 101664 2
S 45119880 294 101658 2
S 45130880 294 101662 2
S 45141879 294 101659 2
S 45152878 294 101663 2
S 45163878 294 101664 2
S 45174877 294 101664 2
S 45185876 294 101667 2
S 45196876 294 101671 2
S 45207875 294 101667 2
S 45218874 294 101662 2
S 45229874 294 101668 2
S 45240873 294 101661 2
S 45251872 294 101663 2
S 45262871 294 101665 2
S 45273871 294 101667 2
S 45284870 294 101661 2
S 45295869 294 101661 2
S 45306869 294 101667 2
S 45317868 294 101662 2
S 45328867 294 101663 2
S 45339867 294 101665 2
S 45350866 294 101663 2
S 45366865 294 101667 2
S 45377864 294 101672 2
S 45388864 294 101666 2
S 45399863 294 101670 2
S 45410862 294 101667 2
S 45421862 294 101669 2
S 45432861 294 101668 2
S 45443860 294 101669 2
S 45454859 294 101666 2
S 45465859 294 101670 2
S 45476858 294 101669 2
S 45487857 294 101667 2
S 45498857 294 101665 2
S 45509856 294 101669 2
S 45520855 294 101666 2
S 45531855 294 101669 2
S 45542854 294 101664 2
S 45553853 294 101664 2
S 45564853 294 101662 2
S 45575852 294 101662 2
S 45586851 294 101662 2
S 45597851 294 101667 2
S 45608850 294 101667 2
S 45619849 294 101667 2
S 45630848 294 101661 2
S 45641848 294 101669 2
S 45652847 294 101664 2
S 45663846 294 101667 2
S 45674846 294 101670 2
S 45685845 294 101664 2
S 45696844 294 101664 2
S 45707844 294 101662 2
S 45718843 294 101661 2
S 45729842 294 101661 2
S 45740842 294 101666 2
S 45751841 294 101665 2
S 45762840 294 101670 2
S 45773840 294 101667 2
S 45784839 294 101667 2
S 45795838 294 101670 2
S 45806837 294 101667 2
S 45817837 294 101667 2
S 45828836 294 101667 2
S 45839835 294 101665 2
S 45850835 294 101669 2
S 45861834 294 101667 2
S 45872833 294 101670 2
S 45883833 294 101663 2
S 45894832 294 101667 2
S 45905831 294 101666 2
S 45916831 294 101673 2
S 45927830 294 101671 2
S 45938829 294 101662 2
S 45949829 294 101670 2
S 45960828 294 101668 2
S 45971827 294 101670 2
S 45982826 294 101669 2
S 45993826 294 101673 2
S 46004825 294 101670 2
S 46015824 294 101670 2
S 46026824 294 101669 2
S 46037823 294 101670 2
S 46048822 294 101664 2
S 46059822 294 101669 2
S 46070821 294 101668 2
S 46081820 294 101664 2
S 46092820 294 101667 2
S 46103819 294 101675 2
S 46114818 294 101669 2
S 46125818 294 101669 2
S 46136817 294 101667 2
S 46147816 294 101670 2
S 46158815 294 101666 2
S 46169815 294 101669 2
S 46180814 294 101672 2
S 46191813 294 101673 2
S 46202813 294 101668 2
S 46213812 294 101673 2
S 46224811 294 101670 2
S 46235811 294 101671 2
S 46246810 294 101669 2
S 46257809 294 101665 2
S 46268809 294 101670 2
S 46279808 294 101670 2
S 46290807 294 101669 2
S 46301807 294 101663 2
S 46312806 294 101663 2
S 46323805 294 101661 2
S 46334804 294 101659 2
S 46345804 294 101672 2
S 46356803 294 101668 2
S 46372802 294 101665 2
S 46383801 294 101664 2
S 46394801 294 101668 2
S 46405800 294 101668 2
S 46416799 294 101669 2
S 46427799 294 101666 2
S 46438798 294 101670 2
S 46449797 294 101669 2
S 46460797 294 101674 2
S 46471796 294 101670 2
S 46482795 294 101673 2
S 46493795 294 101666 2
S 46504794 294 101669 2
S 46515793 294 101670 2
S 46526792 294 101668 2
S 46537792 294 101664 2
S 46548791 294 101666 2
S 46559790 294 101670 2
S 46570790 294 101672 2
S 46581789 294 101676 2
S 46592788 294 101674 2
S 46603788 294 101675 2
S 46614787 294 101672 2
S 46625786 294 101669 2
S 46636786 294 101670 2
S 46647785 294 101672 2
S 46658784 294 101665 2
S 46669784 294 101667 2
S 46680783 294 101668 2
S 46691782 294 101670 2
S 46702781 294 101669 2
S 46713781 294 101670 2
S 46724780 294 101667 2
S 46735779 294 101667 2
S 46746779 294 101664 2
S 46757778 294 101664 2
S 46768777 294 101667 2
S 46779777 294 101665 2
S 46790776 294 101662 2
S 46801775 294 101663 2
S 46812775 294 101665 2
S 46823774 294 101663 2
S 46834773 294 101670 2
S 46845773 294 101667 2
S 46856772 294 101661 2
S 46867771 294 101667 2
S 46878770 294 101661 2
S 46889770 294 101664 2
S 46900769 294 101667 2
S 46911768 294 101667 2
S 46922768 294 101667 2
S 46933767 294 101662 2
S 46944766 294 101667 2
S 46955766 294 101670 2
S 46966765 294 101659 2
S 46977764 294 101668 2
S 46988764 294 101666 2
S 46999763 294 101667 2
S 47010762 294 101666 2
S 47021762 294 101664 2
S 47032761 294 101663 2
S 47043760 294 101664 2
S 47054759 294 101667 2
S 47065759 294 101662 2
S 47076758 294 101669 2
S 47087757 294 101667 2
S 47098757 294 101670 2
S 47109756 294 101664 2
S 47120755 294 101663 2
S 47131755 294 101663 2
S 47142754 294 101662 2
S 47153753 294 101663 2
S 47164753 294 101660 2
S 47175752 294 101664 2
S 47186751 294 101660 2
S 47197751 294 101665 2
S 47208750 294 101664 2
S 47219749 294 101663 2
S 47230748 294 101667 2
S 47241748 294 101667 2
S 47252747 294 101662 2
S 47263746 294 101662 2
S 47274746 294 101664 2
S 47285745 294 101662 2
S 47296744 294 101658 2
S 47307744 294 101661 2
S 47318743 294 101659 2
S 47329742 294 101664 2
S 47340742 294 101667 2
S 47351741 294 101665 2
S 47362740 294 101664 2
S 47378739 294 101669 2
S 47389739 294 101664 2
S 47400738 294 101667 2
S 47411737 294 101667 2
S 47422736 294 101670 2
S 47433736 294 101667 2
S 47444735 294 101666 2
S 47455734 294 101666 2
S 47466734 294 101668 2
S 47477733 294 101667 2
S 47488732 294 101663 2
S 47499732 294 101668 2
S 47510731 294 101668 2
S 47521730 294 101669 2
S 47532730 294 101671 2
S 47543729 294 101667 2
S 47554728 294 101670 2
S 47565728 294 101670 2
S 47576727 294 101673 2
S 47587726 294 101667 2
S 47598725 294 101667 2
S 47609725 294 101667 2
S 47620724 294 101671 2
S 47631723 294 101670 2
S 47642723 294 101668 2
S 47653722 294 101670 2
S 47664721 294 101666 2
S 47675721 294 101666 2
S 47686720 294 101671 2
S 47697719 294 101670 2
S 47708719 294 101671 2
S 47719718 294 101667 2
S 47730717 294 101664 2
S 47741717 294 101667 2
S 47752716 294 101671 2
S 47763715 294 101670 2
S 47774714 294 101667 2
S 47785714 294 101667 2
S 47796713 294 101667 2
S 47807712 294 101669 2
S 47818712 294 101667 2
S 47829711 294 101669 2
S 47840710 294 101670 2
S 47851710 294 101670 2
S 47862709 294 101668 2
S 47873708 294 101670 2
S 47884708 294 101670 2
S 47895707 294 101667 2
S 47906706 294 101669 2
S 47917706 294 101667 2
S 47928705 294 101669 2
S 47939704 294 101664 2
S 47950703 294 101670 2
S 47961703 294 101664 2
S 47972702 294 101662 2
S 47983701 294 101664 2
S 47994701 294 101666 2
S 48005700 294 101667 2
S 48016699 294 101667 2
S 48027699 294 101666 2
S 48038698 294 101664 2
S 48049697 294 101668 2
S 48060697 294 101664 2
S 48071696 294 101662 2
S 48082695 294 101667 2
S 48093695 294 101665 2
S 48104694 294 101665 2
S 48115693 294 101665 2
S 48126692 294 101668 2
S 48137692 294 101663 2
S 48148691 294 101667 2
S 48159690 294 101662 2
S 48170690 294 101666 2
S 48181689 294 101664 2
S 48192688 294 101667 2
S 48203688 294 101664 2
S 48214687 294 101661 2
S 48225686 294 101668 2
S 48236686 294 101667 2
S 48247685 294 101670 2
S 48258684 294 101674 2
S 48269684 294 101671 2
S 48280683 294 101669 2
S 48291682 294 101667 2
S 48302681 294 101664 2
S 48313681 294 101668 2
S 48324680 294 101664 2
S 48335679 294 101668 2
S 48346679 294 101667 2
S 48357678 294 101663 2
S 48368677 294 101664 2
S 48384676 294 101670 2
S 48395676 294 101667 2
S 48406675 294 101667 2
S 48417674 294 101667 2
S 48428674 294 101667 2
S 48439673 294 101667 2
S 48450672 294 101673 2
S 48461672 294 101669 2
S 48472671 294 101670 2
S 48483670 294 101670 2
S 48494669 294 101667 2
S 48505669 294 101669 2
S 48516668 294 101673 2
S 48527667 294 101666 2
S 48538667 294 101675 2
S 48549666 294 101673 2
S 48560665 294 101676 2
S 48571665 294 101675 2
S 48582664 294 101668 2
S 48593663 294 101667 2
S 48604663 294 101664 2
S 48615662 294 101666 2
S 48626661 294 101670 2
S 48637661 294 101666 2
S 48648660 294 101667 2
S 48659659 294 101666 2
S 48670658 294 101666 2
S 48681658 294 101673 2
S 48692657 294 101669 2
S 48703656 294 101671 2
S 48714656 294 101676 2
S 48725655 294 101667 2
S 48736654 294 101667 2
S 48747654 294 101671 2
S 48758653 294 101667 2
S 48769652 294 101667 2
S 48780652 294 101666 2
S 48791651 294 101669 2
S 48802650 294 101667 2
S 48813650 294 101666 2
S 48824649 294 101667 2
S 48835648 294 101667 2
S 48846647 294 101672 2
S 48857647 294 101670 2
S 48868646 294 101665 2
S 48879645 294 101665 2
S 48890645 294 101665 2
S 48901644 294 101667 2
S 48912643 294 101661 2
S 48923643 294 101667 2
S 48934642 294 101664 2
S 48945641 294 101663 2
S 48956641 294 101663 2
S 48967640 294 101663 2
S 48978639 294 101661 2
S 48989639 294 101664 2
S 49000639 294 101662 2
S 49011637 294 101665 2
S 49022636 294 101671 2
S 49033636 294 101667 2
S 49044635 294 101664 2
S 49055634 294 101667 2
S 49066634 294 101667 2
S 49077633 294 101665 2
S 49088632 294 101667 2
S 49099632 294 101665 2
S 49110631 294 101662 2
S 49121630 294 101664 2
S 49132630 294 101666 2
S 49143629 294 101664 2
S 49154628 294 101664 2
S 49165628 294 101665 2
S 49176627 294 101666 2
S 49187626 294 101670 2
S 49198625 294 101667 2
S 49209625 294 101669 2
S 49220624 294 101673 2
S 49231623 294 101667 2
S 49242623 294 101667 2
S 49253622 294 101664 2
S 49264621 294 101666 2
S 49275621 294 101667 2
S 49286620 294 101668 2
S 49297619 294 101670 2
S 49308619 294 101670 2
S 49319618 294 101669 2
S 49330617 294 101664 2
S 49341617 294 101670 2
S 49352616 294 101670 2
S 49363615 294 101672 2
S 49374614 294 101667 2
S 49390613 294 101670 2
S 49401613 294 101670 2
S 49412612 294 101667 2
S 49423611 294 101664 2
S 49434611 294 101666 2
S 49445610 294 101664 2
S 49456609 294 101665 2
S 49467609 294 101669 2
S 49478608 294 101669 2
S 49489607 294 101668 2
S 49500607 294 101669 2
S 49511606 294 101670 2
S 49522605 294 101668 2
S 49533605 294 101667 2
S 49544604 294 101670 2
S 49555603 294 101669 2
S 49566602 294 101664 2
S 49577602 294 101667 2
S 49588601 294 101672 2
S 49599600 294 101669 2
S 49610600 294 101669 2
S 49621599 294 101667 2
S 49632598 294 101670 2
S 49643598 294 101670 2
S 49654597 294 101675 2
S 49665596 294 101670 2
S 49676596 294 101670 2
S 49687595 294 101666 2
S 49698594 294 101671 2
S 49709594 294 101669 2
S 49720593 294 101664 2
S 49731592 294 101667 2
S 49742591 294 101668 2
S 49753591 294 101674 2
S 49764590 294 101670 2
S 49775589 294 101671 2
S 49786589 294 101664 2
S 49797588 294 101667 2
S 49808587 294 101667 2
S 49819587 294 101664 2
S 49830586 294 101669 2
S 49841585 294 101665 2
S 49852585 294 101669 2
S 49863584 294 101670 2
S 49874583 294 101670 2
S 49885583 294 101677 2
S 49896582 294 101670 2
S 49907581 294 101675 2
S 49918580 294 101672 2
S 49929580 294 101673 2
S 49940579 294 101669 2
S 49951578 294 101668 2
S 49962578 294 101671 2
S 49973577 294 101671 2
S 49984576 294 101670 2
S 49995576 294 101667 2
S 50006575 294 101663 2
S 50017574 294 101671 2
S 50028574 294 101667 2
S 50039573 294 101668 2
S 50050572 294 101664 2
S 50061572 294 101670 2
S 50072571 294 101662 2
S 50083570 294 101668 2
S 50094569 294 101666 2
S 50105569 294 101664 2
S 50116568 294 101666 2
S 50127567 294 101671 2
S 50138567 294 101671 2
S 50149566 294 101672 2
S 50160565 294 101673 2
S 50171565 294 101671 2
S 50182564 294 101668 2
S 50193563 294 101665 2
S 50204563 294 101667 2
S 50215562 294 101668 2
S 50226561 294 101667 2
S 50237561 294 101667 2
S 50248560 294 101673 2
S 50259559 294 101671 2
S 50270558 294 101670 2
S 50281558 294 101664 2
S 50292557 294 101664 2
S 50303556 294 101669 2
S 50314556 294 101667 2
S 50325555 294 101674 2
S 50336554 294 101668 2
S 50347554 294 101667 2
S 50358553 294 101666 2
S 50369552 294 101665 2
S 50380552 294 101666 2
S 50396551 294 101670 2
S 50407550 294 101670 2
S 50418549 294 101671 2
S 50429549 294 101670 2
S 50440548 294 101672 2
S 50451547 294 101670 2
S 50462546 294 101670 2
S 50473546 294 101670 2
S 50484545 294 101668 2
S 50495544 294 101670 2
S 50506544 294 101673 2
S 50517543 294 101669 2
S 50528542 294 101670 2
S 50539542 294 101670 2
S 50550541 294 101676 2
S 50561540 294 101669 2
S 50572540 294 101670 2
S 50583539 294 101671 2
S 50594538 294 101668 2
S 50605538 294 101670 2
S 50616537 294 101664 2
S 50627536 294 101668 2
S 50638535 294 101671 2
S 50649535 294 101670 2
S 50660534 294 101669 2
S 50671533 294 101672 2
S 50682533 294 101671 2
S 50693532 294 101669 2
S 50704531 294 101667 2
S 50715531 294 101672 2
S 50726530 294 101667 2
S 50737529 294 101667 2
S 50748529 294 101667 2
S 50759528 294 101667 2
S 50770527 294 101667 2
S 50781527 294 101671 2
S 50792526 294 101670 2
S 50803525 294 101668 2
S 50814524 294 101666 2
S 50825524 294 101671 2
S 50836523 294 101665 2
S 50847522 294 101667 2
S 50858522 294 101670 2
S 50869521 294 101668 2
S 50880520 294 101664 2
S 50891520 294 101668 2
S 50902519 294 101664 2
S 50913518 294 101668 2
S 50924518 294 101668 2
S 50935517 294 101665 2
S 50946516 294 101669 2
S 50957516 294 101667 2
S 50968515 294 101664 2
S 50979514 294 101668 2
S 50990513 294 101669 2
S 51001514 294 101664 2
S 51012512 294 101664 2
S 51023511 294 101665 2
S 51034511 294 101661 2
S 51045510 294 101667 2
S 51056509 294 101663 2
S 51067509 294 101667 2
S 51078508 294 101664 2
S 51089507 294 101667 2
S 51100507 294 101672 2
S 51111506 294 101673 2
S 51122505 294 101671 2
S 51133505 294 101671 2
S 51144504 294 101670 2
S 51155503 294 101661 2
S 51166502 294 101667 2
S 51177502 294 101670 2
S 51188501 294 101671 2
S 51199500 294 101667 2
S 51210500 294 101658 2
S 51221499 294 101661 2
S 51232498 294 101670 2
S 51243498 294 101669 2
S 51254497 294 101669 2
S 51265496 294 101663 2
S 51276496 294 101665 2
S 51287495 294 101672 2
S 51298494 294 101669 2
S 51309494 294 101667 2
S 51320493 294 101670 2
S 51331492 294 101666 2
S 51342491 294 101671 2
S 51353491 294 101669 2
S 51364490 294 101668 2
S 51375489 294 101668 2
S 51386489 294 101670 2
S 51402488 294 101665 2
S 51413487 294 101672 2
S 51424486 294 101671 2
S 51435486 294 101665 2
S 51446485 294 101670 2
S 51457484 294 101665 2
S 51468484 294 101666 2
S 51479483 294 101664 2
S 51490482 294 101662 2
S 51501482 294 101662 2
S 51512481 294 101663 2
S 51523480 294 101666 2
S 51534479 294 101665 2
S 51545479 294 101664 2
S 51556478 294 101669 2
S 51567477 294 101669 2
S 51578477 294 101670 2
S 51589476 294 101668 2
S 51600475 294 101668 2
S 51611475 294 101670 2
S 51622474 294 101670 2
S 51633473 294 101671 2
S 51644473 294 101664 2
S 51655472 294 101668 2
S 51666471 294 101667 2
S 51677471 294 101670 2
S 51688470 294 101666 2
S 51699469 294 101666 2
S 51710468 294 101668 2
S 51721468 294 101668 2
S 51732467 294 101669 2
S 51743466 294 101667 2
S 51754466 294 101666 2
S 51765465 294 101670 2
S 51776464 294 101667 2
S 51787464 294 101666 2
S 51798463 294 101663 2
S 51809462 294 101666 2
S 51820462 294 101667 2
S 51831461 294 101669 2
S 51842460 294 101666 2
S 51853460 294 101665 2
S 51864459 294 101667 2
S 51875458 294 101665 2
S 51886457 294 101670 2
S 51897457 294 101670 2
S 51908456 294 101669 2
S 51919455 294 101664 2
S 51930455 294 101661 2
S 51941454 294 101668 2
S 51952453 294 101671 2
S 51963453 294 101668 2
S 51974452 294 101671 2
S 51985451 294 101674 2
S 51996451 294 101669 2
S 52007450 294 101670 2
S 52018449 294 101668 2
S 52029449 294 101666 2
S 52040448 294 101667 2
S 52051447 294 101664 2
S 52062446 294 101667 2
S 52073446 294 101665 2
S 52084445 294 101670 2
S 52095444 294 101665 2
S 52106444 294 101667 2
S 52117443 294 101662 2
S 52128442 294 101662 2
S 52139442 294 101662 2
S 52150441 294 101662 2
S 52161440 294 101659 2
S 52172440 294 101658 2
S 52183439 294 101661 2
S 52194438 294 101661 2
S 52205438 294 101665 2
S 52216437 294 101661 2
S 52227436 294 101664 2
S 52238435 294 101663 2
S 52249435 294 101663 2
S 52260434 294 101661 2
S 52271433 294 101661 2
S 52282433 294 101658 2
S 52293432 294 101661 2
S 52304431 294 101659 2
S 52315431 294 101666 2
S 52326430 294 101662 2
S 52337429 294 101666 2
S 52348429 294 101661 2
S 52359428 294 101664 2
S 52370427 294 101661 2
S 52381427 294 101658 2
S 52392426 294 101656 2
S 52408425 294 101657 2
S 52419424 294 101656 2
S 52430423 294 101657 2
S 52441423 294 101661 2
S 52452422 294 101658 2
S 52463421 294 101655 2
S 52474421 294 101654 2
S 52485420 294 101659 2
S 52496419 294 101659 2
S 52507419 294 101662 2
S 52518418 294 101659 2
S 52529417 294 101657 2
S 52540417 294 101660 2
S 52551416 294 101655 2
S 52562415 294 101660 2
S 52573415 294 101661 2
S 52584414 294 101661 2
S 52595413 294 101659 2
S 52606412 294 101659 2
S 52617412 294 101661 2
S 52628411 294 101658 2
S 52639410 294 101660 2
S 52650410 294 101655 2
S 52661409 294 101655 2
S 52672408 294 101657 2
S 52683408 294 101655 2
S 52694407 294 101652 2
S 52705406 294 101656 2
S 52716406 294 101655 2
S 52727405 294 101655 2
S 52738404 294 101656 2
S 52749404 294 101655 2
S 52760403 294 101655 2
S 52771402 294 101658 2
S 52782401 294 101658 2
S 52793401 294 101664 2
S 52804400 294 101661 2
S 52815399 294 101661 2
S 52826399 294 101654 2
S 52837398 294 101658 2
S 52848397 294 101657 2
S 52859397 294 101653 2
S 52870396 294 101654 2
S 52881395 294 101658 2
S 52892395 294 101654 2
S 52903394 294 101658 2
S 52914393 294 101655 2
S 52925393 294 101661 2
S 52936392 294 101659 2
S 52947391 294 101659 2
S 52958390 294 101661 2
S 52969390 294 101658 2
S 52980389 294 101658 2
S 52991388 294 101659 2
S 53002388 294 101664 2
S 53013387 294 101655 2
S 53024386 294 101661 2
S 53035386 294 101658 2
S 53046385 294 101657 2
S 53057384 294 101655 2
S 53068384 294 101659 2
S 53079383 294 101660 2
S 53090382 294 101660 2
S 53101382 294 101662 2
S 53112381 294 101655 2
S 53123380 294 101661 2
S 53134379 294 101663 2
S 53145379 294 101658 2
S 53156378 294 101662 2
S 53167377 294 101655 2
S 53178377 294 101658 2
S 53189376 294 101659 2
S 53200375 294 101660 2
S 53211375 294 101659 2
S 53222374 294 101660 2
S 53233373 294 101664 2
S 53244373 294 101658 2
S 53255372 294 101658 2
S 53266371 294 101662 2
S 53277371 294 101662 2
S 53288370 294 101661 2
S 53299369 294 101662 2
S 53310368 294 101661 2
S 53321368 294 101661 2
S 53332367 294 101658 2
S 53343366 294 101659 2
S 53354366 294 101663 2
S 53365365 294 101665 2
S 53376364 294 101663 2
S 53387364 294 101663 2
S 53398363 294 101664 2
S 53414362 294 101662 2
S 53425361 294 101664 2
S 53436361 294 101661 2
S 53447360 294 101663 2
S 53458359 294 101661 2
S 53469359 294 101663 2
S 53480358 294 101664 2
S 53491357 294 101661 2
S 53502356 294 101667 2
S 53513356 294 101664 2
S 53524355 294 101664 2
S 53535354 294 101662 2
S 53546354 294 101663 2
S 53557353 294 101665 2
S 53568352 294 101658 2
S 53579352 294 101663 2
S 53590351 294 101661 2
S 53601350 294 101664 2
S 53612350 294 101664 2
S 53623349 294 101667 2
S 53634348 294 101664 2
S 53645348 294 101661 2
S 53656347 294 101662 2
S 53667346 294 101662 2
S 53678345 294 101664 2
S 53689345 294 101660 2
S 53700344 294 101660 2
S 53711343 294 101663 2
S 53722343 294 101662 2
S 53733342 294 101663 2
S 53744341 294 101658 2
S 53755341 294 101657 2
S 53766340 294 101661 2
S 53777339 294 101667 2
S 53788339 294 101661 2
S 53799338 294 101665 2
S 53810337 294 101669 2
S 53821337 294 101663 2
S 53832336 294 101664 2
S 53843335 294 101666 2
S 53854334 294 101664 2
S 53865334 294 101660 2
S 53876333 294 101658 2
S 53887332 294 101660 2
S 53898332 294 101659 2
S 53909331 294 101661 2
S 53920330 294 101661 2
S 53931330 294 101661 2
S 53942329 294 101663 2
S 53953328 294 101662 2
S 53964328 294 101662 2
S 53975327 294 101661 2
S 53986326 294 101662 2
S 53997326 294 101661 2
S 54008325 294 101661 2
S 54019324 294 101663 2
S 54030323 294 101661 2
S 54041323 294 101660 2
S 54052322 294 101658 2
S 54063321 294 101660 2
S 54074321 294 101658 2
S 54085320 294 101660 2
S 54096319 294 101660 2
S 54107319 294 101658 2
S 54118318 294 101660 2
S 54129317 294 101655 2
S 54140317 294 101660 2
S 54151316 294 101658 2
S 54162315 294 101656 2
S 54173315 294 101658 2
S 54184314 294 101663 2
S 54195313 294 101664 2
S 54206312 294 101668 2
S 54217312 294 101662 2
S 54228311 294 101664 2
S 54239310 294 101663 2
S 54250310 294 101666 2
S 54261309 294 101665 2
S 54272308 294 101665 2
S 54283308 294 101667 2
S 54294307 294 101661 2
S 54305306 294 101663 2
S 54316306 294 101661 2
S 54327305 294 101665 2
S 54338304 294 101670 2
S 54349304 294 101667 2
S 54360303 294 101667 2
S 54371302 294 101661 2
S 54382301 294 101661 2
S 54393301 294 101661 2
S 54404300 294 101662 2
S 54420299 294 101664 2
S 54431298 294 101663 2
S 54442298 294 101669 2
S 54453297 294 101667 2
S 54464296 294 101667 2
S 54475296 294 101669 2
S 54486295 294 101664 2
S 54497294 294 101670 2
S 54508294 294 101670 2
S 54519293 294 101661 2
S 54530292 294 101666 2
S 54541292 294 101665 2
S 54552291 294 101664 2
S 54563290 294 101663 2
S 54574289 294 101664 2
S 54585289 294 101664 2
S 54596288 294 101667 2
S 54607287 294 101661 2
S 54618287 294 101666 2
S 54629286 294 101664 2
S 54640285 294 101661 2
S 54651285 294 101661 2
S 54662284 294 101661 2
S 54673283 294 101667 2
S 54684283 294 101667 2
S 54695282 294 101668 2
S 54706281 294 101667 2
S 54717281 294 101665 2
S 54728280 294 101665 2
S 54739279 294 101670 2
S 54750278 294 101663 2
S 54761278 294 101662 2
S 54772277 294 101667 2
S 54783276 294 101663 2
S 54794276 294 101661 2
S 54805275 294 101668 2
S 54816274 294 101664 2
S 54827274 294 101664 2
S 54838273 294 101667 2
S 54849272 294 101666 2
S 54860272 294 101661 2
S 54871271 294 101665 2
S 54882270 294 101669 2
S 54893270 294 101667 2
S 54904269 294 101665 2
S 54915268 294 101663 2
S 54926267 294 101662 2
S 54937267 294 101659 2
S 54948266 294 101668 2
S 54959265 294 101664 2
S 54970265 294 101664 2
S 54981264 294 101660 2
S 54992263 294 101660 2
S 55003263 294 101664 2
S 55014262 294 101662 2
S 55025261 294 101663 2
S 55036261 294 101660 2
S 55047260 294 101662 2
S 55058259 294 101664 2
S 55069259 294 101664 2
S 55080258 294 101668 2
S 55091257 294 101661 2
S 55102256 294 101670 2
S 55113256 294 101663 2
S 55124255 294 101666 2
S 55135254 294 101664 2
S 55146254 294 101662 2
S 55157253 294 101664 2
S 55168252 294 101662 2
S 55179252 294 101664 2
S 55190251 294 101664 2
S 55201250 294 101666 2
S 55212250 294 101670 2
S 55223249 294 101669 2
S 55234248 294 101667 2
S 55245248 294 101668 2
S 55256247 294 101668 2
S 55267246 294 101667 2
S 55278245 294 101667 2
S 55289245 294 101664 2
S 55300244 294 101662 2
S 55311243 294 101660 2
S 55322243 294 101666 2
S 55333242 294 101661 2
S 55344241 294 101660 2
S 55355241 294 101663 2
S 55366240 294 101664 2
S 55377239 294 101662 2
S 55388239 294 101663 2
S 55399238 294 101664 2
S 55410237 294 101666 2
S 55426236 294 101663 2
S 55437236 294 101662 2
S 55448235 294 101658 2
S 55459234 294 101658 2
S 55470233 294 101659 2
S 55481233 294 101662 2
S 55492232 294 101658 2
S 55503231 294 101657 2
S 55514231 294 101664 2
S 55525230 294 101657 2
S 55536229 294 101658 2
S 55547229 294 101664 2
S 55558228 294 101665 2
S 55569227 294 101664 2
S 55580227 294 101661 2
S 55591226 294 101660 2
S 55602225 294 101658 2
S 55613225 294 101662 2
S 55624224 294 101659 2
S 55635223 294 101662 2
S 55646222 294 101658 2
S 55657222 294 101661 2
S 55668221 294 101663 2
S 55679220 294 101664 2
S 55690220 294 101660 2
S 55701219 294 101657 2
S 55712218 294 101658 2
S 55723218 294 101661 2
S 55734217 294 101659 2
S 55745216 294 101666 2
S 55756216 294 101661 2
S 55767215 294 101661 2
S 55778214 294 101661 2
S 55789214 294 101661 2
S 55800213 294 101658 2
S 55811212 294 101655 2
S 55822211 294 101661 2
S 55833211 294 101659 2
S 55844210 294 101659 2
S 55855209 294 101658 2
S 55866209 294 101658 2
S 55877208 294 101658 2
S 55888207 294 101661 2
S 55899207 294 101663 2
S 55910206 294 101657 2
S 55921205 294 101664 2
S 55932205 294 101660 2
S 55943204 294 101661 2
S 55954203 294 101658 2
S 55965203 294 101664 2
S 55976202 294 101655 2
S 55987201 294 101657 2
S 55998200 294 101661 2
S 56009200 294 101660 2
S 56020199 294 101658 2
S 56031198 294 101660 2
S 56042198 294 101664 2
S 56053197 294 101667 2
S 56064196 294 101662 2
S 56075196 294 101661 2
S 56086195 294 101660 2
S 56097194 294 101659 2
S 56108194 294 101661 2
S 56119193 294 101662 2
S 56130192 294 101663 2
S 56141192 294 101660 2
S 56152191 294 101663 2
S 56163190 294 101662 2
S 56174189 294 101658 2
S 56185189 294 101655 2
S 56196188 294 101658 2
S 56207187 294 101657 2
S 56218187 294 101661 2
S 56229186 294 101663 2
S 56240185 294 101652 2
S 56251185 294 101658 2
S 56262184 294 101661 2
S 56273183 294 101666 2
S 56284183 294 101661 2
S 56295182 294 101662 2
S 56306181 294 101667 2
S 56317181 294 101663 2
S 56328180 294 101664 2
S 56339179 294 101664 2
S 56350178 294 101666 2
S 56361178 294 101666 2
S 56372177 294 101668 2
S 56383176 294 101672 2
S 56394176 294 101666 2
S 56405175 294 101666 2
S 56416174 294 101668 2
S 56432173 294 101675 2
S 56443173 294 101675 2
S 56454172 294 101672 2
S 56465171 294 101671 2
S 56476171 294 101667 2
S 56487170 294 101667 2
S 56498169 294 101672 2
S 56509169 294 101670 2
S 56520168 294 101668 2
S 56531167 294 101670 2
S 56542166 294 101674 2
S 56553166 294 101670 2
S 56564165 294 101674 2
S 56575164 294 101670 2
S 56586164 294 101673 2
S 56597163 294 101669 2
S 56608162 294 101670 2
S 56619162 294 101671 2
S 56630161 294 101669 2
S 56641160 294 101669 2
S 56652160 294 101662 2
S 56663159 294 101670 2
S 56674158 294 101669 2
S 56685158 294 101666 2
S 56696157 294 101668 2
S 56707156 294 101663 2
S 56718155 294 101667 2
S 56729155 294 101670 2
S 56740154 294 101671 2
S 56751153 294 101674 2
S 56762153 294 101668 2
S 56773152 294 101667 2
S 56784151 294 101666 2
S 56795151 294 101670 2
S 56806150 294 101673 2
S 56817149 294 101664 2
S 56828149 294 101669 2
S 56839148 294 101671 2
S 56850147 294 101672 2
S 56861147 294 101670 2
S 56872146 294 101667 2
S 56883145 294 101674 2
S 56894144 294 101670 2
S 56905144 294 101671 2
S 56916143 294 101669 2
S 56927142 294 101669 2
S 56938142 294 101670 2
S 56949141 294 101672 2
S 56960140 294 101671 2
S 56971140 294 101664 2
S 56982139 294 101666 2
S 56993138 294 101665 2
S 57004138 294 101667 2
S 57015137 294 101670 2
S 57026136 294 101668 2
S 57037136 294 101670 2
S 57048135 294 101669 2
S 57059134 294 101671 2
S 57070133 294 101672 2
S 57081133 294 101665 2
S 57092132 294 101668 2
S 57103131 294 101672 2
S 57114131 294 101669 2
S 57125130 294 101668 2
S 57136129 294 101666 2
S 57147129 294 101666 2
S 57158128 294 101666 2
S 57169127 294 101672 2
S 57180127 294 101665 2
S 57191126 294 101672 2
S 57202125 294 101671 2
S 57213125 294 101670 2
S 57224124 294 101671 2
S 57235123 294 101673 2
S 57246122 294 101670 2
S 57257122 294 101676 2
S 57268121 294 101674 2
S 57279120 294 101672 2
S 57290120 294 101667 2
S 57301119 294 101670 2
S 57312118 294 101669 2
S 57323118 294 101674 2
S 57334117 294 101675 2
S 57345116 294 101667 2
S 57356116 294 101668 2
S 57367115 294 101671 2
S 57378114 294 101668 2
S 57389114 294 101670 2
S 57400113 294 101668 2
S 57411112 294 101670 2
S 57422111 294 101672 2
S 57438110 293 101669 2
S 57449110 293 101664 2
S 57460109 293 101662 2
S 57471108 293 101666 2
S 57482108 293 101661 2
S 57493107 293 101670 2
S 57504106 293 101669 2
S 57515106 293 101664 2
S 57526105 293 101667 2
S 57537104 293 101667 2
S 57548104 293 101666 2
S 57559103 293 101669 2
S 57570102 293 101667 2
S 57581102 293 101669 2
S 57592101 293 101663 2
S 57603100 293 101665 2
S 57614099 293 101667 2
S 57625099 293 101664 2
S 57636098 293 101661 2
S 57647097 293 101662 2
S 57658097 293 101667 2
S 57669096 293 101667 2
S 57680095 293 101666 2
S 57691095 293 101665 2
S 57702094 293 101671 2
S 57713093 293 101667 2
S 57724093 293 101662 2
S 57735092 293 101666 2
S 57746091 293 101668 2
S 57757091 293 101674 2
S 57768090 293 101664 2
S 57779089 293 101665 2
S 57790088 293 101664 2
S 57801088 293 101668 2
S 57812087 293 101669 2
S 57823086 293 101668 2
S 57834086 293 101666 2
S 57845085 293 101673 2
S 57856084 293 101668 2
S 57867084 293 101669 2
S 57878083 293 101664 2
S 57889082 293 101659 2
S 57900082 293 101665 2
S 57911081 293 101665 2
S 57922080 293 101665 2
S 57933080 293 101663 2
S 57944079 293 101661 2
S 57955078 293 101664 2
S 57966077 293 101663 2
S 57977077 293 101668 2
S 57988076 293 101664 2
S 57999075 293 101664 2
S 58010075 293 101669 2
S 58021074 293 101667 2
S 58032073 293 101666 2
S 58043073 293 101670 2
S 58054072 293 101665 2
S 58065071 293 101664 2
S 58076071 293 101668 2
S 58087070 293 101669 2
S 58098069 293 101672 2
S 58109069 293 101663 2
S 58120068 293 101669 2
S 58131067 293 101670 2
S 58142066 293 101670 2
S 58153066 293 101666 2
S 58164065 293 101669 2
S 58175064 293 101666 2
S 58186064 293 101664 2
S 58197063 293 101664 2
S 58208062 293 101668 2
S 58219062 293 101661 2
S 58230061 293 101658 2
S 58241060 293 101663 2
S 58252060 293 101669 2
S 58263059 293 101665 2
S 58274058 293 101671 2
S 58285058 293 101669 2
S 58296057 293 101672 2
S 58307056 293 101672 2
S 58318055 293 101666 2
S 58329055 293 101666 2
S 58340054 293 101664 2
S 58351053 293 101671 2
S 58362053 293 101664 2
S 58373052 293 101668 2
S 58384051 293 101668 2
S 58395051 293 101669 2
S 58406050 293 101671 2
S 58417049 293 101675 2
S 58428049 293 101672 2
S 58444048 293 101667 2
S 58455047 293 101668 2
S 58466046 293 101669 2
S 58477046 293 101662 2
S 58488045 293 101665 2
S 58499044 293 101665 2
S 58510043 293 101671 2
S 58521043 293 101666 2
S 58532042 293 101669 2
S 58543041 293 101669 2
S 58554041 293 101670 2
S 58565040 293 101665 2
S 58576039 293 101669 2
S 58587039 293 101662 2
S 58598038 293 101665 2
S 58609037 293 101667 2
S 58620037 293 101668 2
S 58631036 293 101661 2
S 58642035 293 101669 2
S 58653035 293 101669 2
S 58664034 293 101666 2
S 58675033 293 101666 2
S 58686032 293 101668 2
S 58697032 293 101671 2
S 58708031 293 101669 2
S 58719030 293 101669 2
S 58730030 293 101669 2
S 58741029 293 101669 2
S 58752028 293 101669 2
S 58763028 293 101666 2
S 58774027 293 101669 2
S 58785026 293 101668 2
S 58796026 293 101669 2
S 58807025 293 101667 2
S 58818024 293 101665 2
S 58829024 293 101667 2
S 58840023 293 101670 2
S 58851022 293 101665 2
S 58862021 293 101666 2
S 58873021 293 101665 2
S 58884020 293 101666 2
S 58895019 293 101663 2
S 58906019 293 101666 2
S 58917018 293 101671 2
S 58928017 293 101666 2
S 58939017 293 101667 2
S 58950016 293 101665 2
S 58961015 293 101667 2
S 58972015 293 101662 2
S 58983014 293 101665 2
S 58994013 293 101665 2
S 59005013 293 101664 2
S 59016012 293 101666 2
S 59027011 293 101664 2
S 59038010 293 101662 2
S 59049010 293 101664 2
S 59060009 293 101662 2
S 59071008 293 101663 2
S 59082008 293 101667 2
S 59093007 293 101666 2
S 59104006 293 101663 2
S 59115006 293 101664 2
S 59126005 293 101663 2
S 59137004 293 101664 2
S 59148004 293 101666 2
S 59159003 293 101665 2
S 59170002 293 101668 2
S 59181002 293 101663 2
S 59192001 293 101663 2
S 59203000 293 101666 2
S 59213999 293 101666 2
S 59224999 293 101664 2
S 59235998 293 101660 2
S 59246997 293 101660 2
S 59257997 293 101666 2
S 59268996 293 101665 2
S 59279995 293 101659 2
S 59290995 293 101662 2
S 59301994 293 101662 2
S 59312993 293 101666 2
S 59323993 293 101666 2
S 59334992 293 101669 2
S 59345991 293 101664 2
S 59356991 293 101666 2
S 59367990 293 101667 2
S 59378989 293 101663 2
S 59389988 293 101665 2
S 59400988 293 101666 2
S 59411987 293 101661 2
S 59422986 293 101669 2
S 59433986 293 101665 2
S 59449985 293 101669 2
S 59460984 293 101669 2
S 59471983 293 101667 2
S 59482983 293 101667 2
S 59493982 293 101666 2
S 59504981 293 101666 2
S 59515981 293 101669 2
S 59526980 293 101668 2
S 59537979 293 101666 2
S 59548979 293 101664 2
S 59559978 293 101663 2
S 59570977 293 101666 2
S 59581976 293 101667 2
S 59592976 293 101666 2
S 59603975 293 101667 2
S 59614974 293 101668 2
S 59625974 293 101664 2
S 59636973 293 101666 2
S 59647972 293 101667 2
S 59658972 293 101669 2
S 59669971 293 101660 2
S 59680970 293 101660 2
S 59691970 293 101663 2
S 59702969 293 101660 2
S 59713968 293 101666 2
S 59724968 293 101664 2
S 59735967 293 101665 2
S 59746966 293 101660 2
S 59757965 293 101660 2
S 59768965 293 101664 2
S 59779964 293 101665 2
S 59790963 293 101666 2
S 59801963 293 101665 2
S 59812962 293 101670 2
S 59823961 293 101671 2
S 59834961 293 101666 2
S 59845960 293 101665 2
S 59856959 293 101664 2
S 59867959 293 101667 2
S 59878958 293 101663 2
S 59889957 293 101664 2
S 59900957 293 101663 2
S 59911956 293 101666 2
S 59922955 293 101661 2
S 59933954 293 101663 2
S 59944954 293 101666 2
S 59955953 293 101664 2
S 59966952 293 101662 2
S 59977952 293 101660 2
S 59988951 293 101661 2
S 59999950 293 101663 2
S 60010950 293 101667 2
S 60021949 293 101666 2
S 60032948 293 101665 2
S 60043948 293 101664 2
S 60054947 293 101666 2
S 60065946 293 101669 2
S 60076946 293 101665 2
S 60087945 293 101666 2
S 60098944 293 101666 2
S 60109943 293 101665 2
S 60120943 293 101665 2
S 60131942 293 101667 2
S 60142941 293 101669 2
S 60153941 293 101667 2
S 60164940 293 101668 2
S 60175939 293 101665 2
S 60186939 293 101665 2
S 60197938 293 101660 2
S 60208937 293 101660 2
S 60219937 293 101668 2
S 60230936 293 101669 2
S 60241935 293 101666 2
S 60252935 293 101665 2
S 60263934 293 101668 2
S 60274933 293 101664 2
S 60285932 293 101666 2
S 60296932 293 101666 2
S 60307931 293 101667 2
S 60318930 293 101665 2
S 60329930 293 101664 2
S 60340929 293 101669 2
S 60351928 293 101669 2
S 60362928 293 101665 2
S 60373927 293 101663 2
S 60384926 293 101663 2
S 60395926 293 101666 2
S 60406925 293 101666 2
S 60417924 293 101666 2
S 60428924 293 101660 2
S 60439923 293 101660 2
S 60455922 293 101660 2
S 60466921 293 101663 2
S 60477920 293 101660 2
S 60488920 293 101658 2
S 60499919 293 101660 2
S 60510918 293 101659 2
S 60521918 293 101657 2
S 60532917 293 101662 2
S 60543916 293 101658 2
S 60554916 293 101656 2
S 60565915 293 101657 2
S 60576914 293 101659 2
S 60587914 293 101661 2
S 60598913 293 101656 2
S 60609912 293 101659 2
S 60620912 293 101660 2
S 60631911 293 101663 2
S 60642910 293 101663 2
S 60653909 293 101663 2
S 60664909 293 101663 2
S 60675908 293 101660 2
S 60686907 293 101663 2
S 60697907 293 101660 2
S 60708906 293 101663 2
S 60719905 293 101659 2
S 60730905 293 101660 2
S 60741904 293 101660 2
S 60752903 293 101657 2
S 60763903 293 101659 2
S 60774902 293 101660 2
S 60785901 293 101663 2
S 60796901 293 101659 2
S 60807900 293 101660 2
S 60818899 293 101657 2
S 60829898 293 101663 2
S 60840898 293 101657 2
S 60851897 293 101660 2
S 60862896 293 101656 2
S 60873896 293 101654 2
S 60884895 293 101657 2
S 60895894 293 101660 2
S 60906894 293 101659 2
S 60917893 293 101660 2
S 60928892 293 101659 2
S 60939892 293 101660 2
S 60950891 293 101660 2
S 60961890 293 101659 2
S 60972890 293 101662 2
S 60983889 293 101665 2
S 60994888 293 101666 2
S 61005887 293 101660 2
S 61016887 293 101663 2
S 61027886 293 101659 2
S 61038885 293 101663 2
S 61049885 293 101663 2
S 61060884 293 101661 2
S 61071883 293 101660 2
S 61082883 293 101664 2
S 61093882 293 101666 2
S 61104881 293 101666 2
S 61115881 293 101660 2
S 61126880 293 101660 2
S 61137879 293 101663 2
S 61148879 293 101663 2
S 61159878 293 101657 2
S 61170877 293 101663 2
S 61181876 293 101663 2
S 61192876 293 101660 2
S 61203875 293 101660 2
S 61214874 293 101663 2
S 61225874 293 101660 2
S 61236873 293 101663 2
S 61247872 293 101663 2
S 61258872 293 101667 2
S 61269871 293 101666 2
S 61280870 293 101663 2
S 61291870 293 101666 2
S 61302869 293 101658 2
S 61313868 293 101665 2
S 61324868 293 101660 2
S 61335867 293 101656 2
S 61346866 293 101655 2
S 61357865 293 101659 2
S 61368865 293 101663 2
S 61379864 293 101661 2
S 61390863 293 101662 2
S 61401863 293 101662 2
S 61412862 293 101657 2
S 61423861 293 101661 2
S 61434861 293 101659 2
S 61445860 293 101656 2
S 61461859 293 101663 2
S 61472858 293 101661 2
S 61483858 293 101656 2
S 61494857 293 101659 2
S 61505856 293 101658 2
S 61516856 293 101654 2
S 61527855 293 101657 2
S 61538854 293 101663 2
S 61549853 293 101663 2
S 61560853 293 101655 2
S 61571852 293 101660 2
S 61582851 293 101659 2
S 61593851 293 101660 2
S 61604850 293 101657 2
S 61615849 293 101660 2
S 61626849 293 101659 2
S 61637848 293 101654 2
S 61648847 293 101656 2
S 61659847 293 101654 2
S 61670846 293 101657 2
S 61681845 293 101652 2
S 61692845 293 101658 2
S 61703844 293 101660 2
S 61714843 293 101659 2
S 61725842 293 101661 2
S 61736842 293 101661 2
S 61747841 293 101662 2
S 61758840 293 101659 2
S 61769840 293 101666 2
S 61780839 293 101663 2
S 61791838 293 101661 2
S 61802838 293 101662 2
S 61813837 293 101657 2
S 61824836 293 101659 2
S 61835836 293 101655 2
S 61846835 293 101656 2
S 61857834 293 101656 2
S 61868834 293 101664 2
S 61879833 293 101665 2
S 61890832 293 101661 2
S 61901831 293 101663 2
S 61912831 293 101666 2
S 61923830 293 101661 2
S 61934829 293 101660 2
S 61945829 293 101665 2
S 61956828 293 101661 2
S 61967827 293 101656 2
S 61978827 293 101663 2
S 61989826 293 101660 2
S 62000826 293 101665 2
S 62011825 293 101663 2
S 62022824 293 101661 2
S 62033823 293 101658 2
S 62044823 293 101654 2
S 62055822 293 101652 2
S 62066821 293 101654 2
S 62077820 293 101659 2
S 62088820 293 101660 2
S 62099819 293 101663 2
S 62110818 293 101660 2
S 62121818 293 101661 2
S 62132817 293 101663 2
S 62143816 293 101662 2
S 62154816 293 101663 2
S 62165815 293 101656 2
S 62176814 293 101660 2
S 62187814 293 101660 2
S 62198813 293 101660 2
S 62209812 293 101662 2
S 62220812 293 101661 2
S 62231811 293 101660 2
S 62242810 293 101666 2
S 62253809 293 101668 2
S 62264809 293 101666 2
S 62275808 293 101660 2
S 62286807 293 101662 2
S 62297807 293 101662 2
S 62308806 293 101665 2
S 62319805 293 101664 2
S 62330805 293 101662 2
S 62341804 293 101660 2
S 62352803 293 101661 2
S 62363803 293 101664 2
S 62374802 293 101669 2
S 62385801 293 101664 2
S 62396801 293 101664 2
S 62407800 293 101663 2
S 62418799 293 101666 2
S 62429798 293 101666 2
S 62440798 293 101666 2
S 62451797 293 101666 2
S 62467796 293 101670 2
S 62478795 293 101669 2
S 62489795 293 101663 2
S 62500794 293 101663 2
S 62511793 293 101660 2
S 62522793 293 101665 2
S 62533792 293 101662 2
S 62544791 293 101663 2
S 62555791 293 101659 2
S 62566790 293 101663 2
S 62577789 293 101660 2
S 62588789 293 101663 2
S 62599788 293 101661 2
S 62610787 293 101664 2
S 62621786 293 101665 2
S 62632786 293 101665 2
S 62643785 293 101669 2
S 62654784 293 101666 2
S 62665784 293 101664 2
S 62676783 293 101666 2
S 62687782 293 101663 2
S 62698782 293 101663 2
S 62709781 293 101666 2
S 62720780 293 101662 2
S 62731780 293 101666 2
S 62742779 293 101664 2
S 62753778 293 101669 2
S 62764778 293 101666 2
S 62775777 293 101662 2
S 62786776 293 101674 2
S 62797775 293 101665 2
S 62808775 293 101665 2
S 62819774 293 101667 2
S 62830773 293 101663 2
S 62841773 293 101666 2
S 62852772 293 101666 2
S 62863771 293 101665 2
S 62874771 293 101666 2
S 62885770 293 101664 2
S 62896769 293 101662 2
S 62907769 293 101661 2
S 62918768 293 101660 2
S 62929767 293 101663 2
S 62940767 293 101664 2
S 62951766 293 101668 2
S 62962765 293 101664 2
S 62973764 293 101667 2
S 62984764 293 101668 2
S 62995763 293 101663 2
S 63006762 293 101669 2
S 63017762 293 101665 2
S 63028761 293 101662 2
S 63039760 293 101663 2
S 63050760 293 101666 2
S 63061759 293 101663 2
S 63072758 293 101666 2
S 63083758 293 101667 2
S 63094757 293 101669 2
S 63105756 293 101666 2
S 63116756 293 101668 2
S 63127755 293 101663 2
S 63138754 293 101664 2
S 63149753 293 101666 2
S 63160753 293 101664 2
S 63171752 293 101663 2
S 63182751 293 101664 2
S 63193751 293 101667 2
S 63204750 293 101665 2
S 63215749 293 101668 2
S 63226749 293 101663 2
S 63237748 293 101661 2
S 63248747 293 101667 2
S 63259747 293 101668 2
S 63270746 293 101665 2
S 63281745 293 101666 2
S 63292745 293 101669 2
S 63303744 293 101663 2
S 63314743 293 101667 2
S 63325742 293 101668 2
S 63336742 293 101666 2
S 63347741 293 101670 2
S 63358740 293 101667 2
S 63369740 293 101666 2
S 63380739 293 101666 2
S 63391738 293 101667 2
S 63402738 293 101664 2
S 63413737 293 101666 2
S 63424736 293 101665 2
S 63435736 293 101664 2
S 63446735 293 101664 2
S 63457734 293 101664 2
S 63473733 293 101662 2
S 63484733 293 101662 2
S 63495732 293 101661 2
S 63506731 293 101663 2
S 63517730 293 101664 2
S 63528730 293 101664 2
S 63539729 293 101663 2
S 63550728 293 101662 2
S 63561728 293 101665 2
S 63572727 293 101662 2
S 63583726 293 101663 2
S 63594726 293 101661 2
S 63605725 293 101657 2
S 63616724 293 101664 2
S 63627724 293 101655 2
S 63638723 293 101657 2
S 63649722 293 101661 2
S 63660722 293 101663 2
S 63671721 293 101659 2
S 63682720 293 101662 2
S 63693719 293 101659 2
S 63704719 293 101659 2
S 63715718 293 101657 2
S 63726717 293 101659 2
S 63737717 293 101660 2
S 63748716 293 101659 2
S 63759715 293 101657 2
S 63770715 293 101660 2
S 63781714 293 101660 2
S 63792713 293 101658 2
S 63803713 293 101655 2
S 63814712 293 101661 2
S 63825711 293 101657 2
S 63836711 293 101659 2
S 63847710 293 101662 2
S 63858709 293 101657 2
S 63869708 293 101657 2
S 63880708 293 101655 2
S 63891707 293 101657 2
S 63902706 293 101657 2
S 63913706 293 101652 2
S 63924705 293 101656 2
S 63935704 293 101660 2
S 63946704 293 101660 2
S 63957703 293 101666 2
S 63968702 293 101660 2
S 63979702 293 101658 2
S 63990701 293 101661 2
S 64001701 293 101659 2
S 64012700 293 101663 2
S 64023699 293 101662 2
S 64034698 293 101665 2
S 64045697 293 101657 2
S 64056697 293 101664 2
S 64067696 293 101666 2
S 64078695 293 101660 2
S 64089695 293 101660 2
S 64100694 293 101661 2
S 64111693 293 101661 2
S 64122693 293 101663 2
S 64133692 293 101662 2
S 64144691 293 101658 2
S 64155691 293 101662 2
S 64166690 293 101658 2
S 64177689 293 101659 2
S 64188689 293 101665 2
S 64199688 293 101663 2
S 64210687 293 101666 2
S 64221686 293 101663 2
S 64232686 293 101663 2
S 64243685 293 101663 2
S 64254684 293 101659 2
S 64265684 293 101661 2
S 64276683 293 101654 2
S 64287682 293 101657 2
S 64298682 293 101658 2
S 64309681 293 101662 2
S 64320680 293 101666 2
S 64331680 293 101658 2
S 64342679 293 101663 2
S 64353678 293 101660 2
S 64364678 293 101660 2
S 64375677 293 101657 2
S 64386676 293 101660 2
S 64397675 293 101661 2
S 64408675 293 101661 2
S 64419674 293 101663 2
S 64430673 293 101660 2
S 64441673 293 101660 2
S 64452672 293 101663 2
S 64463671 293 101656 2
S 64479670 293 101662 2
S 64490670 293 101661 2
S 64501669 293 101666 2
S 64512668 293 101664 2
S 64523668 293 101663 2
S 64534667 293 101660 2
S 64545666 293 101657 2
S 64556666 293 101660 2
S 64567665 293 101663 2
S 64578664 293 101657 2
S 64589663 293 101660 2
S 64600663 293 101657 2
S 64611662 293 101659 2
S 64622661 293 101661 2
S 64633661 293 101660 2
S 64644660 293 101663 2
S 64655659 293 101661 2
S 64666659 293 101661 2
S 64677658 293 101660 2
S 64688657 293 101661 2
S 64699657 293 101666 2
S 64710656 293 101657 2
S 64721655 293 101664 2
S 64732655 293 101658 2
S 64743654 293 101657 2
S 64754653 293 101659 2
S 64765652 293 101660 2
S 64776652 293 101659 2
S 64787651 293 101657 2
S 64798650 293 101664 2
S 64809650 293 101663 2
S 64820649 293 101660 2
S 64831648 293 101660 2
S 64842648 293 101664 2
S 64853647 293 101669 2
S 64864646 293 101665 2
S 64875646 293 101661 2
S 64886645 293 101663 2
S 64897644 293 101659 2
S 64908644 293 101659 2
S 64919643 293 101663 2
S 64930642 293 101658 2
S 64941641 293 101658 2
S 64952641 293 101662 2
S 64963640 293 101662 2
S 64974639 293 101659 2
S 64985639 293 101663 2
S 64996638 293 101661 2
S 65007637 293 101663 2
S 65018637 293 101670 2
S 65029636 293 101666 2
S 65040635 293 101660 2
S 65051635 293 101664 2
S 65062634 293 101663 2
S 65073633 293 101663 2
S 65084633 293 101660 2
S 65095632 293 101657 2
S 65106631 293 101660 2
S 65117630 293 101662 2
S 65128630 293 101657 2
S 65139629 293 101660 2
S 65150628 293 101657 2
S 65161628 293 101666 2
S 65172627 293 101664 2
S 65183626 293 101665 2
S 65194626 293 101666 2
S 65205625 293 101669 2
S 65216624 293 101663 2
S 65227624 293 101662 2
S 65238623 293 101663 2
S 65249622 293 101672 2
S 65260622 293 101663 2
S 65271621 293 101663 2
S 65282620 293 101663 2
S 65293619 293 101666 2
S 65304619 293 101664 2
S 65315618 293 101663 2
S 65326617 293 101667 2
S 65337617 293 101660 2
S 65348616 293 101668 2
S 65359615 293 101660 2
S 65370615 293 101666 2
S 65381614 293 101663 2
S 65392613 293 101666 2
S 65403613 293 101660 2
S 65414612 293 101662 2
S 65425611 293 101662 2
S 65436611 293 101663 2
S 65447610 293 101662 2
S 65458609 293 101661 2
S 65469608 293 101668 2
S 65485607 293 101662 2
S 65496607 293 101668 2
S 65507606 293 101663 2
S 65518605 293 101663 2
S 65529605 293 101657 2
S 65540604 293 101657 2
S 65551603 293 101660 2
S 65562603 293 101661 2
S 65573602 293 101660 2
S 65584601 293 101660 2
S 65595601 293 101662 2
S 65606600 293 101660 2
S 65617599 293 101661 2
S 65628599 293 101657 2
S 65639598 293 101654 2
S 65650597 293 101655 2
S 65661596 293 101660 2
S 65672596 293 101654 2
S 65683595 293 101659 2
S 65694594 293 101656 2
S 65705594 293 101657 2
S 65716593 293 101656 2
S 65727592 293 101656 2
S 65738592 293 101655 2
S 65749591 293 101656 2
S 65760590 293 101651 2
S 65771590 293 101653 2
S 65782589 293 101653 2
S 65793588 293 101658 2
S 65804588 293 101654 2
S 65815587 293 101649 2
S 65826586 293 101655 2
S 65837585 293 101660 2
S 65848585 293 101656 2
S 65859584 293 101654 2
S 65870583 293 101654 2
S 65881583 293 101657 2
S 65892582 293 101660 2
S 65903581 293 101652 2
S 65914581 293 101662 2
S 65925580 293 101652 2
S 65936579 293 101658 2
S 65947579 293 101662 2
S 65958578 293 101661 2
S 65969577 293 101659 2
S 65980577 293 101657 2
S 65991576 293 101654 2
S 66002575 293 101662 2
S 66013574 293 101659 2
S 66024574 293 101655 2
S 66035573 293 101659 2
S 66046572 293 101654 2
S 66057572 293 101654 2
S 66068571 293 101658 2
S 66079570 293 101655 2
S 66090570 293 101648 2
S 66101569 293 101648 2
S 66112568 293 101651 2
S 66123568 293 101657 2
S 66134567 293 101658 2
S 66145566 293 101656 2
S 66156566 293 101659 2
S 66167565 293 101657 2
S 66178564 293 101658 2
S 66189563 293 101655 2
S 66200563 293 101653 2
S 66211562 293 101660 2
S 66222561 293 101660 2
S 66233561 293 101662 2
S 66244560 293 101655 2
S 66255559 293 101663 2
S 66266559 293 101663 2
S 66277558 293 101662 2
S 66288557 293 101661 2
S 66299557 293 101660 2
S 66310556 293 101663 2
S 66321555 293 101665 2
S 66332555 293 101663 2
S 66343554 293 101664 2
S 66354553 293 101665 2
S 66365552 293 101662 2
S 66376552 293 101661 2
S 66387551 293 101663 2
S 66398550 293 101657 2
S 66409550 293 101663 2
S 66420549 293 101656 2
S 66431548 293 101659 2
S 66442548 293 101660 2
S 66453547 293 101660 2
S 66464546 293 101654 2
S 66475546 293 101663 2
S 66491545 293 101665 2
S 66502544 293 101658 2
S 66513543 293 101662 2
S 66524543 293 101660 2
S 66535542 293 101655 2
S 66546541 293 101652 2
S 66557540 293 101657 2
S 66568540 293 101660 2
S 66579539 293 101659 2
S 66590538 293 101657 2
S 66601538 293 101660 2
S 66612537 293 101659 2
S 66623536 293 101664 2
S 66634536 293 101661 2
S 66645535 293 101660 2
S 66656534 293 101662 2
S 66667534 293 101663 2
S 66678533 293 101663 2
S 66689532 293 101665 2
S 66700532 293 101666 2
S 66711531 293 101663 2
S 66722530 293 101663 2
S 66733529 293 101657 2
S 66744529 293 101667 2
S 66755528 293 101664 2
S 66766527 293 101661 2
S 66777527 293 101658 2
S 66788526 293 101660 2
S 66799525 293 101665 2
S 66810525 293 101663 2
S 66821524 293 101663 2
S 66832523 293 101659 2
S 66843523 293 101664 2
S 66854522 293 101660 2
S 66865521 293 101659 2
S 66876521 293 101668 2
S 66887520 293 101662 2
S 66898519 293 101662 2
S 66909518 293 101663 2
S 66920518 293 101664 2
S 66931517 293 101659 2
S 66942516 293 101663 2
S 66953516 293 101662 2
S 66964515 293 101663 2
S 66975514 293 101661 2
S 66986514 293 101663 2
S 66997513 293 101660 2
S 67008512 293 101663 2
S 67019512 293 101664 2
S 67030511 293 101662 2
S 67041510 293 101668 2
S 67052510 293 101662 2
S 67063509 293 101666 2
S 67074508 293 101664 2
S 67085507 293 101665 2
S 67096507 293 101664 2
S 67107506 293 101667 2
S 67118505 293 101664 2
S 67129505 293 101669 2
S 67140504 293 101665 2
S 67151503 293 101660 2
S 67162503 293 101665 2
S 67173502 293 101660 2
S 67184501 293 101661 2
S 67195501 293 101660 2
S 67206500 293 101665 2
S 67217499 293 101663 2
S 67228499 293 101662 2
S 67239498 293 101665 2
S 67250497 293 101663 2
S 67261496 293 101660 2
S 67272496 293 101661 2
S 67283495 293 101665 2
S 67294494 293 101667 2
S 67305494 293 101668 2
S 67316493 293 101666 2
S 67327492 293 101662 2
S 67338492 293 101669 2
S 67349491 293 101660 2
S 67360490 293 101661 2
S 67371490 293 101663 2
S 67382489 293 101663 2
S 67393488 293 101663 2
S 67404488 293 101664 2
S 67415487 293 101665 2
S 67426486 293 101663 2
S 67437485 293 101665 2
S 67448485 293 101665 2
S 67459484 293 101664 2
S 67470483 293 101665 2
S 67481483 293 101671 2
S 67497482 293 101670 2
S 67508481 293 101672 2
S 67519480 293 101666 2
S 67530480 293 101664 2
S 67541479 293 101665 2
S 67552478 293 101665 2
S 67563478 293 101668 2
S 67574477 293 101674 2
S 67585476 293 101659 2
S 67596476 293 101663 2
S 67607475 293 101671 2
S 67618474 293 101668 2
S 67629473 293 101670 2
S 67640473 293 101671 2
S 67651472 293 101666 2
S 67662471 293 101670 2
S 67673471 293 101667 2
S 67684470 293 101668 2
S 67695469 293 101674 2
S 67706469 293 101672 2
S 67717468 293 101667 2
S 67728467 293 101668 2
S 67739467 293 101667 2
S 67750466 293 101671 2
S 67761465 293 101665 2
S 67772465 293 101674 2
S 67783464 293 101666 2
S 67794463 293 101665 2
S 67805462 293 101663 2
S 67816462 293 101663 2
S 67827461 293 101663 2
S 67838460 293 101663 2
S 67849460 293 101665 2
S 67860459 293 101664 2
S 67871458 293 101668 2
S 67882458 293 101667 2
S 67893457 293 101665 2
S 67904456 293 101663 2
S 67915456 293 101663 2
S 67926455 293 101660 2
S 67937454 293 101659 2
S 67948454 293 101659 2
S 67959453 293 101664 2
S 67970452 293 101664 2
S 67981451 293 101663 2
S 67992451 293 101661 2
S 68003450 293 101664 2
S 68014449 293 101665 2
S 68025449 293 101665 2
S 68036448 293 101666 2
S 68047447 293 101667 2
S 68058447 293 101660 2
S 68069446 293 101664 2
S 68080445 293 101665 2
S 68091445 293 101668 2
S 68102444 293 101664 2
S 68113443 293 101667 2
S 68124443 293 101665 2
S 68135442 293 101663 2
S 68146441 293 101663 2
S 68157440 293 101665 2
S 68168440 293 101665 2
S 68179439 293 101660 2
S 68190438 293 101663 2
S 68201438 293 101663 2
S 68212437 293 101668 2
S 68223436 293 101665 2
S 68234436 293 101665 2
S 68245435 293 101664 2
S 68256434 293 101663 2
S 68267434 293 101662 2
S 68278433 293 101664 2
S 68289432 293 101660 2
S 68300432 293 101659 2
S 68311431 293 101663 2
S 68322430 293 101664 2
S 68333429 293 101663 2
S 68344429 293 101665 2
S 68355428 293 101663 2
S 68366427 293 101665 2
S 68377427 293 101667 2
S 68388426 293 101663 2
S 68399425 293 101667 2
S 68410425 293 101668 2
S 68421424 293 101664 2
S 68432423 293 101665 2
S 68443423 293 101665 2
S 68454422 293 101664 2
S 68465421 293 101664 2
S 68476421 293 101662 2
S 68487420 293 101661 2
S 68503419 293 101670 2
S 68514418 293 101670 2
S 68525417 293 101667 2
S 68536417 293 101665 2
S 68547416 293 101665 2
S 68558415 293 101668 2
S 68569415 293 101673 2
S 68580414 293 101671 2
S 68591413 293 101665 2
S 68602413 293 101668 2
S 68613412 293 101670 2
S 68624411 293 101665 2
S 68635411 293 101663 2
S 68646410 293 101665 2
S 68657409 293 101665 2
S 68668409 293 101668 2
S 68679408 293 101663 2
S 68690407 293 101662 2
S 68701406 293 101669 2
S 68712406 293 101662 2
S 68723405 293 101667 2
S 68734404 293 101668 2
S 68745404 293 101668 2
S 68756403 293 101664 2
S 68767402 293 101668 2
S 68778402 293 101663 2
S 68789401 293 101668 2
S 68800400 293 101663 2
S 68811400 293 101661 2
S 68822399 293 101660 2
S 68833398 293 101664 2
S 68844398 293 101664 2
S 68855397 293 101665 2
S 68866396 293 101661 2
S 68877395 293 101663 2
S 68888395 293 101663 2
S 68899394 293 101665 2
S 68910393 293 101669 2
S 68921393 293 101664 2
S 68932392 293 101666 2
S 68943391 293 101666 2
S 68954391 293 101664 2
S 68965390 293 101665 2
S 68976389 293 101665 2
S 68987389 293 101661 2
S 68998388 293 101662 2
S 69009387 293 101662 2
S 69020387 293 101667 2
S 69031386 293 101665 2
S 69042385 293 101660 2
S 69053384 293 101669 2
S 69064384 293 101665 2
S 69075383 293 101667 2
S 69086382 293 101671 2
S 69097382 293 101668 2
S 69108381 293 101665 2
S 69119380 293 101672 2
S 69130380 293 101669 2
S 69141379 293 101673 2
S 69152378 293 101673 2
S 69163378 293 101668 2
S 69174377 293 101665 2
S 69185376 293 101668 2
S 69196376 293 101666 2
S 69207375 293 101665 2
S 69218374 293 101671 2
S 69229373 293 101664 2
S 69240373 293 101668 2
S 69251372 293 101667 2
S 69262371 293 101670 2
S 69273371 293 101668 2
S 69284370 293 101666 2
S 69295369 293 101668 2
S 69306369 293 101671 2
S 69317368 293 101670 2
S 69328367 293 101663 2
S 69339367 293 101660 2
S 69350366 293 101666 2
S 69361365 293 101671 2
S 69372365 293 101672 2
S 69383364 293 101663 2
S 69394363 293 101664 2
S 69405362 293 101664 2
S 69416362 293 101667 2
S 69427361 293 101665 2
S 69438360 293 101664 2
S 69449360 293 101669 2
S 69460359 293 101665 2
S 69471358 293 101669 2
S 69482358 293 101671 2
S 69493357 293 101666 2
S 69509356 293 101665 2
S 69520355 293 101660 2
S 69531355 293 101662 2
S 69542354 293 101665 2
S 69553353 293 101663 2
S 69564353 293 101665 2
S 69575352 293 101662 2
S 69586351 293 101662 2
S 69597350 293 101663 2
S 69608350 293 101666 2
S 69619349 293 101663 2
S 69630348 293 101657 2
S 69641348 293 101658 2
S 69652347 293 101658 2
S 69663346 293 101662 2
S 69674346 293 101662 2
S 69685345 293 101663 2
S 69696344 293 101663 2
S 69707344 293 101668 2
S 69718343 293 101663 2
S 69729342 293 101654 2
S 69740342 293 101668 2
S 69751341 293 101654 2
S 69762340 293 101665 2
S 69773339 293 101667 2
S 69784339 293 101661 2
S 69795338 293 101662 2
S 69806337 293 101664 2
S 69817337 293 101659 2
S 69828336 293 101658 2
S 69839335 293 101661 2
S 69850335 293 101662 2
S 69861334 293 101664 2
S 69872333 293 101657 2
S 69883333 293 101661 2
S 69894332 293 101657 2
S 69905331 293 101661 2
S 69916331 293 101662 2
S 69927330 293 101659 2
S 69938329 293 101660 2
S 69949328 293 101656 2
S 69960328 293 101661 2
S 69971327 293 101665 2
S 69982326 293 101666 2
S 69993326 293 101667 2
S 70004325 293 101668 2
S 70015324 293 101669 2
S 70026324 293 101672 2
S 70037323 293 101671 2
S 70048322 293 101665 2
S 70059322 293 101667 2
S 70070321 293 101660 2
S 70081320 293 101662 2
S 70092320 293 101669 2
S 70103319 293 101668 2
S 70114318 293 101659 2
S 70125317 293 101665 2
S 70136317 293 101663 2
S 70147316 293 101663 2
S 70158315 293 101664 2
S 70169315 293 101665 2
S 70180314 293 101667 2
S 70191313 293 101666 2
S 70202313 293 101664 2
S 70213312 293 101663 2
S 70224311 293 101664 2
S 70235311 293 101662 2
S 70246310 293 101662 2
S 70257309 293 101664 2
S 70268309 293 101662 2
S 70279308 293 101667 2
S 70290307 293 101662 2
S 70301306 293 101668 2
S 70312306 293 101668 2
S 70323305 293 101664 2
S 70334304 293 101664 2
S 70345304 293 101659 2
S 70356303 293 101665 2
S 70367302 293 101664 2
S 70378302 293 101668 2
S 70389301 293 101665 2
S 70400300 293 101669 2
S 70411300 293 101664 2
S 70422299 293 101665 2
S 70433298 293 101666 2
S 70444298 293 101668 2
S 70455297 293 101665 2
S 70466296 293 101667 2
S 70477295 293 101668 2
S 70488295 293 101669 2
S 70499294 293 101660 2
S 70515293 293 101668 2
S 70526292 293 101668 2
S 70537292 293 101666 2
S 70548291 293 101667 2
S 70559290 293 101665 2
S 70570290 293 101664 2
S 70581289 293 101662 2
S 70592288 293 101666 2
S 70603288 293 101665 2
S 70614287 293 101666 2
S 70625286 293 101666 2
S 70636286 293 101664 2
S 70647285 293 101661 2
S 70658284 293 101663 2
S 70669283 293 101665 2
S 70680283 293 101659 2
S 70691282 293 101661 2
S 70702281 293 101665 2
S 70713281 293 101666 2
S 70724280 293 101665 2
S 70735279 293 101662 2
S 70746279 293 101665 2
S 70757278 293 101668 2
S 70768277 293 101664 2
S 70779277 293 101668 2
S 70790276 293 101670 2
S 70801275 293 101666 2
S 70812275 293 101668 2
S 70823274 293 101670 2
S 70834273 293 101663 2
S 70845272 293 101665 2
S 70856272 293 101667 2
S 70867271 293 101667 2
S 70878270 293 101666 2
S 70889270 293 101664 2
S 70900269 293 101669 2
S 70911268 293 101669 2
S 70922268 293 101668 2
S 70933267 293 101665 2
S 70944266 293 101669 2
S 70955266 293 101663 2
S 70966265 293 101667 2
S 70977264 293 101668 2
S 70988264 293 101671 2
S 70999263 293 101666 2
S 71010262 293 101665 2
S 71021261 293 101668 2
S 71032261 293 101667 2
S 71043260 293 101673 2
S 71054259 293 101666 2
S 71065259 293 101665 2
S 71076258 293 101664 2
S 71087257 293 101667 2
S 71098257 293 101665 2
S 71109256 293 101665 2
S 71120255 293 101664 2
S 71131255 293 101664 2
S 71142254 293 101666 2
S 71153253 293 101665 2
S 71164253 293 101665 2
S 71175252 293 101665 2
S 71186251 293 101665 2
S 71197250 293 101663 2
S 71208250 293 101667 2
S 71219249 293 101662 2
S 71230248 293 101665 2
S 71241248 293 101669 2
S 71252247 293 101666 2
S 71263246 293 101664 2
S 71274246 293 101668 2
S 71285245 293 101665 2
S 71296244 293 101665 2
S 71307244 293 101662 2
S 71318243 293 101666 2
S 71329242 293 101670 2
S 71340242 293 101665 2
S 71351241 293 101662 2
S 71362240 293 101666 2
S 71373239 293 101665 2
S 71384239 293 101660 2
S 71395238 293 101667 2
S 71406237 293 101665 2
S 71417237 293 101665 2
S 71428236 293 101663 2
S 71439235 293 101666 2
S 71450235 293 101665 2
S 71461234 293 101665 2
S 71472233 293 101668 2
S 71483233 293 101668 2
S 71494232 293 101667 2
S 71505231 293 101662 2
S 71521230 293 101661 2
S 71532230 293 101666 2
S 71543229 293 101660 2
S 71554228 293 101668 2
S 71565227 293 101668 2
S 71576227 293 101665 2
S 71587226 293 101663 2
S 71598225 293 101663 2
S 71609225 293 101664 2
S 71620224 293 101665 2
S 71631223 293 101665 2
S 71642223 293 101664 2
S 71653222 293 101665 2
S 71664221 293 101661 2
S 71675221 293 101662 2
S 71686220 293 101662 2
S 71697219 293 101664 2
S 71708219 293 101663 2
S 71719218 293 101661 2
S 71730217 293 101664 2
S 71741216 293 101662 2
S 71752216 293 101662 2
S 71763215 293 101665 2
S 71774214 293 101665 2
S 71785214 293 101665 2
S 71796213 293 101660 2
S 71807212 293 101662 2
S 71818212 293 101668 2
S 71829211 293 101665 2
S 71840210 293 101665 2
S 71851210 293 101665 2
S 71862209 293 101666 2
S 71873208 293 101668 2
S 71884208 293 101666 2
S 71895207 293 101665 2
S 71906206 293 101666 2
S 71917205 293 101663 2
S 71928205 293 101667 2
S 71939204 293 101665 2
S 71950203 293 101665 2
S 71961203 293 101658 2
S 71972202 293 101662 2
S 71983201 293 101662 2
S 71994201 293 101665 2
S 72005200 293 101665 2
S 72016199 293 101668 2
S 72027199 293 101666 2
S 72038198 293 101665 2
S 72049197 293 101658 2
S 72060197 293 101666 2
S 72071196 293 101665 2
S 72082195 293 101664 2
S 72093194 293 101664 2
S 72104194 293 101665 2
S 72115193 293 101663 2
S 72126192 293 101662 2
S 72137192 293 101665 2
S 72148191 293 101667 2
S 72159190 293 101665 2
S 72170190 293 101667 2
S 72181189 293 101666 2
S 72192188 293 101664 2
S 72203188 293 101662 2
S 72214187 293 101663 2
S 72225186 293 101665 2
S 72236186 293 101660 2
S 72247185 293 101664 2
S 72258184 293 101662 2
S 72269183 293 101666 2
S 72280183 293 101666 2
S 72291182 293 101657 2
S 72302181 293 101664 2
S 72313181 293 101664 2
S 72324180 293 101664 2
S 72335179 293 101664 2
S 72346179 293 101665 2
S 72357178 293 101665 2
S 72368177 293 101661 2
S 72379177 293 101668 2
S 72390176 293 101668 2
S 72401175 293 101665 2
S 72412175 293 101665 2
S 72423174 293 101664 2
S 72434173 293 101663 2
S 72445172 293 101668 2
S 72456172 293 101662 2
S 72467171 293 101665 2
S 72478170 293 101666 2
S 72489170 293 101666 2
S 72500169 293 101664 2
S 72511168 293 101666 2
S 72527167 293 101665 2
S 72538167 293 101666 2
S 72549166 293 101665 2
S 72560165 293 101665 2
S 72571165 293 101659 2
S 72582164 293 101662 2
S 72593163 293 101665 2
S 72604163 293 101666 2
S 72615162 293 101664 2
S 72626161 293 101665 2
S 72637160 293 101661 2
S 72648160 293 101665 2
S 72659159 293 101662 2
S 72670158 293 101668 2
S 72681158 293 101665 2
S 72692157 293 101661 2
S 72703156 293 101664 2
S 72714156 293 101665 2
S 72725155 293 101663 2
S 72736154 293 101665 2
S 72747154 293 101659 2
S 72758153 293 101660 2
S 72769152 293 101661 2
S 72780152 293 101656 2
S 72791151 293 101659 2
S 72802150 293 101656 2
S 72813149 293 101660 2
S 72824149 293 101660 2
S 72835148 293 101665 2
S 72846147 293 101658 2
S 72857147 293 101663 2
S 72868146 293 101660 2
S 72879145 293 101663 2
S 72890145 293 101662 2
S 72901144 293 101660 2
S 72912143 293 101661 2
S 72923143 293 101657 2
S 72934142 293 101656 2
S 72945141 293 101661 2
S 72956141 293 101657 2
S 72967140 293 101657 2
S 72978139 293 101659 2
S 72989138 293 101657 2
S 73000138 293 101660 2
S 73011137 293 101660 2
S 73022136 293 101662 2
S 73033136 293 101666 2
S 73044135 293 101658 2
S 73055134 293 101657 2
S 73066134 293 101662 2
S 73077133 293 101664 2
S 73088132 293 101659 2
S 73099132 293 101658 2
S 73110131 293 101661 2
S 73121130 293 101660 2
S 73132130 293 101665 2
S 73143129 293 101659 2
S 73154128 293 101656 2
S 73165127 293 101660 2
S 73176127 293 101658 2
S 73187126 293 101662 2
S 73198125 293 101662 2
S 73209125 293 101662 2
S 73220124 293 101665 2
S 73231123 293 101661 2
S 73242123 293 101662 2
S 73253122 293 101659 2
S 73264121 293 101660 2
S 73275121 293 101666 2
S 73286120 293 101661 2
S 73297119 293 101659 2
S 73308119 293 101659 2
S 73319118 293 101664 2
S 73330117 293 101663 2
S 73341116 293 101656 2
S 73352116 293 101658 2
S 73363115 293 101660 2
S 73374114 293 101659 2
S 73385114 293 101662 2
S 73396113 293 101660 2
S 73407112 293 101662 2
S 73418112 293 101661 2
S 73429111 293 101662 2
S 73440110 293 101659 2
S 73451110 293 101660 2
S 73462109 293 101661 2
S 73473108 293 101662 2
S 73484108 293 101656 2
S 73495107 293 101659 2
S 73506106 293 101664 2
S 73517105 293 101662 2
S 73533104 293 101670 2
S 73544104 293 101671 2
S 73555103 293 101668 2
S 73566102 293 101666 2
S 73577102 293 101668 2
S 73588101 293 101668 2
S 73599100 293 101669 2
S 73610100 293 101668 2
S 73621099 293 101665 2
S 73632098 293 101668 2
S 73643098 293 101668 2
S 73654097 293 101665 2
S 73665096 293 101672 2
S 73676096 293 101672 2
S 73687095 293 101676 2
S 73698094 293 101669 2
S 73709093 293 101672 2
S 73720093 293 101670 2
S 73731092 293 101666 2
S 73742091 293 101668 2
S 73753091 293 101672 2
S 73764090 293 101669 2
S 73775089 293 101668 2
S 73786089 293 101668 2
S 73797088 293 101670 2
S 73808087 293 101670 2
S 73819087 293 101666 2
S 73830086 293 101668 2
S 73841085 293 101665 2
S 73852085 293 101669 2
S 73863084 293 101668 2
S 73874083 293 101662 2
S 73885082 293 101664 2
S 73896082 293 101666 2
S 73907081 293 101667 2
S 73918080 293 101667 2
S 73929080 293 101668 2
S 73940079 293 101667 2
S 73951078 293 101671 2
S 73962078 293 101668 2
S 73973077 293 101668 2
S 73984076 293 101668 2
S 73995076 293 101670 2
S 74006075 293 101670 2
S 74017074 293 101666 2
S 74028074 293 101669 2
S 74039073 293 101666 2
S 74050072 293 101670 2
S 74061071 293 101672 2
S 74072071 293 101668 2
S 74083070 293 101670 2
S 74094069 293 101670 2
S 74105069 293 101669 2
S 74116068 293 101666 2
S 74127067 293 101671 2
S 74138067 293 101666 2
S 74149066 293 101673 2
S 74160065 293 101671 2
S 74171065 293 101668 2
S 74182064 293 101667 2
S 74193063 293 101668 2
S 74204063 293 101662 2
S 74215062 293 101662 2
S 74226061 293 101670 2
S 74237060 293 101666 2
S 74248060 293 101667 2
S 74259059 293 101666 2
S 74270058 293 101668 2
S 74281058 293 101665 2
S 74292057 293 101668 2
S 74303056 293 101671 2
S 74314056 293 101669 2
S 74325055 293 101668 2
S 74336054 293 101668 2
S 74347054 293 101671 2
S 74358053 293 101665 2
S 74369052 293 101671 2
S 74380052 293 101668 2
S 74391051 293 101665 2
S 74402050 293 101669 2
S 74413049 293 101669 2
S 74424049 293 101669 2
S 74435048 293 101670 2
S 74446047 293 101665 2
S 74457047 293 101668 2
S 74468046 293 101669 2
S 74479045 293 101669 2
S 74490045 293 101668 2
S 74501044 293 101671 2
S 74512043 293 101671 2
S 74523043 293 101672 2
S 74539042 292 101668 2
S 74550041 292 101662 2
S 74561040 292 101666 2
S 74572040 292 101665 2
S 74583039 292 101665 2
S 74594038 292 101666 2
S 74605037 292 101662 2
S 74616037 292 101663 2
S 74627036 292 101668 2
S 74638035 292 101664 2
S 74649035 292 101663 2
S 74660034 292 101662 2
S 74671033 292 101662 2
S 74682033 292 101667 2
S 74693032 292 101664 2
S 74704031 292 101663 2
S 74715031 292 101664 2
S 74726030 292 101663 2
S 74737029 292 101662 2
S 74748029 292 101663 2
S 74759028 292 101662 2
S 74770027 292 101659 2
S 74781026 292 101662 2
S 74792026 292 101659 2
S 74803025 292 101658 2
S 74814024 292 101665 2
S 74825024 292 101663 2
S 74836023 292 101662 2
S 74847022 292 101662 2
S 74858022 292 101662 2
S 74869021 292 101665 2
S 74880020 292 101666 2
S 74891020 292 101664 2
S 74902019 292 101665 2
S 74913018 292 101662 2
S 74924018 292 101662 2
S 74935017 292 101663 2
S 74946016 292 101667 2
S 74957015 292 101665 2
S 74968015 292 101668 2
S 74979014 292 101668 2
S 74990013 292 101665 2
S 75001014 292 101662 2
S 75012012 292 101663 2
S 75023011 292 101664 2
S 75034011 292 101666 2
S 75045010 292 101664 2
S 75056009 292 101665 2
S 75067009 292 101666 2
S 75078008 292 101665 2
S 75089007 292 101665 2
S 75100007 292 101668 2
S 75111006 292 101665 2
S 75122005 292 101663 2
S 75133004 292 101663 2
S 75144004 292 101668 2
S 75155003 292 101668 2
S 75166002 292 101667 2
S 75177002 292 101667 2
S 75188001 292 101664 2
S 75199000 292 101664 2
S 75210000 292 101669 2
S 75220999 292 101668 2
S 75231998 292 101663 2
S 75242998 292 101665 2
S 75253997 292 101668 2
S 75264996 292 101662 2
S 75275996 292 101667 2
S 75286995 292 101666 2
S 75297994 292 101667 2
S 75308993 292 101667 2
S 75319993 292 101666 2
S 75330992 292 101668 2
S 75341991 292 101665 2
S 75352991 292 101665 2
S 75363990 292 101665 2
S 75374989 292 101665 2
S 75385989 292 101665 2
S 75396988 292 101672 2
S 75407987 292 101670 2
S 75418987 292 101673 2
S 75429986 292 101667 2
S 75440985 292 101669 2
S 75451985 292 101663 2
S 75462984 292 101665 2
S 75473983 292 101668 2
S 75484982 292 101668 2
S 75495982 292 101669 2
S 75506981 292 101669 2
S 75517980 292 101670 2
S 75528980 292 101668 2
S 75544979 292 101672 2
S 75555978 292 101673 2
S 75566977 292 101672 2
S 75577977 292 101664 2
S 75588976 292 101670 2
S 75599975 292 101661 2
S 75610975 292 101660 2
S 75621974 292 101664 2
S 75632973 292 101664 2
S 75643973 292 101665 2
S 75654972 292 101670 2
S 75665971 292 101669 2
S 75676970 292 101671 2
S 75687970 292 101665 2
S 75698969 292 101669 2
S 75709968 292 101665 2
S 75720968 292 101665 2
S 75731967 292 101667 2
S 75742966 292 101665 2
S 75753966 292 101667 2
S 75764965 292 101664 2
S 75775964 292 101667 2
S 75786964 292 101665 2
S 75797963 292 101668 2
S 75808962 292 101665 2
S 75819962 292 101667 2
S 75830961 292 101671 2
S 75841960 292 101666 2
S 75852959 292 101669 2
S 75863959 292 101666 2
S 75874958 292 101664 2
S 75885957 292 101665 2
S 75896957 292 101668 2
S 75907956 292 101665 2
S 75918955 292 101667 2
S 75929955 292 101666 2
S 75940954 292 101667 2
S 75951953 292 101662 2
S 75962953 292 101663 2
S 75973952 292 101665 2
S 75984951 292 101664 2
S 75995951 292 101664 2
S 76006950 292 101665 2
S 76017949 292 101665 2
S 76028948 292 101665 2
S 76039948 292 101665 2
S 76050947 292 101665 2
S 76061946 292 101662 2
S 76072946 292 101662 2
S 76083945 292 101670 2
S 76094944 292 101670 2
S 76105944 292 101668 2
S 76116943 292 101665 2
S 76127942 292 101668 2
S 76138942 292 101669 2
S 76149941 292 101665 2
S 76160940 292 101665 2
S 76171940 292 101664 2
S 76182939 292 101668 2
S 76193938 292 101668 2
S 76204937 292 101666 2
S 76215937 292 101665 2
S 76226936 292 101665 2
S 76237935 292 101666 2
S 76248935 292 101665 2
S 76259934 292 101665 2
S 76270933 292 101665 2
S 76281933 292 101667 2
S 76292932 292 101665 2
S 76303931 292 101667 2
S 76314931 292 101666 2
S 76325930 292 101674 2
S 76336929 292 101674 2
S 76347929 292 101668 2
S 76358928 292 101668 2
S 76369927 292 101668 2
S 76380926 292 101673 2
S 76391926 292 101668 2
S 76402925 292 101663 2
S 76413924 292 101673 2
S 76424924 292 101669 2
S 76435923 292 101668 2
S 76446922 292 101665 2
S 76457922 292 101671 2
S 76468921 292 101668 2
S 76479920 292 101674 2
S 76490920 292 101668 2
S 76501919 292 101667 2
S 76512918 292 101669 2
S 76523918 292 101671 2
S 76534917 292 101670 2
S 76550916 292 101670 2
S 76561915 292 101667 2
S 76572914 292 101662 2
S 76583914 292 101668 2
S 76594913 292 101666 2
S 76605912 292 101665 2
S 76616912 292 101668 2
S 76627911 292 101667 2
S 76638910 292 101669 2
S 76649910 292 101670 2
S 76660909 292 101666 2
S 76671908 292 101665 2
S 76682908 292 101667 2
S 76693907 292 101668 2
S 76704906 292 101666 2
S 76715906 292 101666 2
S 76726905 292 101669 2
S 76737904 292 101669 2
S 76748903 292 101666 2
S 76759903 292 101665 2
S 76770902 292 101670 2
S 76781901 292 101668 2
S 76792901 292 101666 2
S 76803900 292 101667 2
S 76814899 292 101666 2
S 76825899 292 101666 2
S 76836898 292 101668 2
S 76847897 292 101668 2
S 76858897 292 101671 2
S 76869896 292 101669 2
S 76880895 292 101667 2
S 76891895 292 101669 2
S 76902894 292 101668 2
S 76913893 292 101669 2
S 76924892 292 101663 2
S 76935892 292 101671 2
S 76946891 292 101664 2
S 76957890 292 101665 2
S 76968890 292 101666 2
S 76979889 292 101668 2
S 76990888 292 101667 2
S 77001888 292 101665 2
S 77012887 292 101662 2
S 77023886 292 101668 2
S 77034886 292 101668 2
S 77045885 292 101666 2
S 77056884 292 101668 2
S 77067884 292 101668 2
S 77078883 292 101663 2
S 77089882 292 101668 2
S 77100881 292 101665 2
S 77111881 292 101667 2
S 77122880 292 101667 2
S 77133879 292 101667 2
S 77144879 292 101668 2
S 77155878 292 101671 2
S 77166877 292 101668 2
S 77177877 292 101669 2
S 77188876 292 101664 2
S 77199875 292 101668 2
S 77210875 292 101668 2
S 77221874 292 101666 2
S 77232873 292 101665 2
S 77243873 292 101661 2
S 77254872 292 101668 2
S 77265871 292 101668 2
S 77276870 292 101665 2
S 77287870 292 101665 2
S 77298869 292 101664 2
S 77309868 292 101664 2
S 77320868 292 101668 2
S 77331867 292 101670 2
S 77342866 292 101663 2
S 77353866 292 101667 2
S 77364865 292 101665 2
S 77375864 292 101672 2
S 77386864 292 101673 2
S 77397863 292 101668 2
S 77408862 292 101665 2
S 77419862 292 101666 2
S 77430861 292 101667 2
S 77441860 292 101667 2
S 77452859 292 101666 2
S 77463859 292 101670 2
S 77474858 292 101666 2
S 77485857 292 101669 2
S 77496857 292 101668 2
S 77507856 292 101668 2
S 77518855 292 101667 2
S 77529855 292 101667 2
S 77540854 292 101667 2
S 77556853 292 101667 2
S 77567852 292 101667 2
S 77578852 292 101662 2
S 77589851 292 101665 2
S 77600850 292 101666 2
S 77611850 292 101664 2
S 77622849 292 101668 2
S 77633848 292 101663 2
S 77644847 292 101665 2
S 77655847 292 101668 2
S 77666846 292 101667 2
S 77677845 292 101662 2
S 77688845 292 101662 2
S 77699844 292 101665 2
S 77710843 292 101667 2
S 77721843 292 101664 2
S 77732842 292 101667 2
S 77743841 292 101667 2
S 77754841 292 101662 2
S 77765840 292 101668 2
S 77776839 292 101662 2
S 77787839 292 101665 2
S 77798838 292 101665 2
S 77809837 292 101661 2
S 77820836 292 101662 2
S 77831836 292 101663 2
S 77842835 292 101665 2
S 77853834 292 101664 2
S 77864834 292 101665 2
S 77875833 292 101665 2
S 77886832 292 101668 2
S 77897832 292 101668 2
S 77908831 292 101662 2
S 77919830 292 101670 2
S 77930830 292 101663 2
S 77941829 292 101661 2
S 77952828 292 101668 2
S 77963828 292 101665 2
S 77974827 292 101665 2
S 77985826 292 101664 2
S 77996825 292 101667 2
S 78007825 292 101664 2
S 78018824 292 101670 2
S 78029823 292 101665 2
S 78040823 292 101671 2
S 78051822 292 101667 2
S 78062821 292 101663 2
S 78073821 292 101668 2
S 78084820 292 101668 2
S 78095819 292 101665 2
S 78106819 292 101667 2
S 78117818 292 101668 2
S 78128817 292 101661 2
S 78139817 292 101663 2
S 78150816 292 101666 2
S 78161815 292 101666 2
S 78172814 292 101663 2
S 78183814 292 101662 2
S 78194813 292 101665 2
S 78205812 292 101668 2
S 78216812 292 101665 2
S 78227811 292 101663 2
S 78238810 292 101668 2
S 78249810 292 101663 2
S 78260809 292 101666 2
S 78271808 292 101668 2
S 78282808 292 101669 2
S 78293807 292 101668 2
S 78304806 292 101670 2
S 78315806 292 101670 2
S 78326805 292 101668 2
S 78337804 292 101667 2
S 78348803 292 101665 2
S 78359803 292 101673 2
S 78370802 292 101670 2
S 78381801 292 101671 2
S 78392801 292 101668 2
S 78403800 292 101664 2
S 78414799 292 101666 2
S 78425799 292 101665 2
S 78436798 292 101671 2
S 78447797 292 101669 2
S 78458797 292 101660 2
S 78469796 292 101660 2
S 78480795 292 101667 2
S 78491795 292 101669 2
S 78502794 292 101669 2
S 78513793 292 101664 2
S 78524792 292 101668 2
S 78535792 292 101670 2
S 78546791 292 101668 2
S 78562790 292 101663 2
S 78573789 292 101662 2
S 78584789 292 101664 2
S 78595788 292 101665 2
S 78606787 292 101662 2
S 78617787 292 101661 2
S 78628786 292 101662 2
S 78639785 292 101664 2
S 78650785 292 101656 2
S 78661784 292 101657 2
S 78672783 292 101660 2
S 78683783 292 101661 2
S 78694782 292 101662 2
S 78705781 292 101667 2
S 78716780 292 101662 2
S 78727780 292 101663 2
S 78738779 292 101666 2
S 78749778 292 101659 2
S 78760778 292 101663 2
S 78771777 292 101666 2
S 78782776 292 101662 2
S 78793776 292 101658 2
S 78804775 292 101661 2
S 78815774 292 101666 2
S 78826774 292 101662 2
S 78837773 292 101661 2
S 78848772 292 101662 2
S 78859772 292 101658 2
S 78870771 292 101662 2
S 78881770 292 101660 2
S 78892769 292 101664 2
S 78903769 292 101661 2
S 78914768 292 101664 2
S 78925767 292 101663 2
S 78936767 292 101658 2
S 78947766 292 101664 2
S 78958765 292 101662 2
S 78969765 292 101668 2
S 78980764 292 101663 2
S 78991763 292 101664 2
S 79002763 292 101666 2
S 79013762 292 101662 2
S 79024761 292 101666 2
S 79035761 292 101665 2
S 79046760 292 101665 2
S 79057759 292 101661 2
S 79068758 292 101663 2
S 79079758 292 101662 2
S 79090757 292 101667 2
S 79101756 292 101664 2
S 79112756 292 101667 2
S 79123755 292 101667 2
S 79134754 292 101667 2
S 79145754 292 101663 2
S 79156753 292 101666 2
S 79167752 292 101663 2
S 79178752 292 101664 2
S 79189751 292 101666 2
S 79200750 292 101665 2
S 79211750 292 101664 2
S 79222749 292 101662 2
S 79233748 292 101668 2
S 79244747 292 101666 2
S 79255747 292 101667 2
S 79266746 292 101665 2
S 79277745 292 101667 2
S 79288745 292 101664 2
S 79299744 292 101667 2
S 79310743 292 101667 2
S 79321743 292 101662 2
S 79332742 292 101664 2
S 79343741 292 101666 2
S 79354741 292 101664 2
S 79365740 292 101665 2
S 79376739 292 101663 2
S 79387739 292 101667 2
S 79398738 292 101664 2
S 79409737 292 101664 2
S 79420736 292 101662 2
S 79431736 292 101662 2
S 79442735 292 101662 2
S 79453734 292 101667 2
S 79464734 292 101664 2
S 79475733 292 101664 2
S 79486732 292 101667 2
S 79497732 292 101664 2
S 79508731 292 101663 2
S 79519730 292 101663 2
S 79530730 292 101667 2
S 79541729 292 101662 2
S 79552728 292 101667 2
S 79568727 292 101668 2
S 79579727 292 101665 2
S 79590726 292 101662 2
S 79601725 292 101662 2
S 79612724 292 101664 2
S 79623724 292 101662 2
S 79634723 292 101657 2
S 79645722 292 101664 2
S 79656722 292 101661 2
S 79667721 292 101658 2
S 79678720 292 101659 2
S 79689720 292 101659 2
S 79700719 292 101664 2
S 79711718 292 101663 2
S 79722718 292 101661 2
S 79733717 292 101659 2
S 79744716 292 101667 2
S 79755716 292 101668 2
S 79766715 292 101664 2
S 79777714 292 101664 2
S 79788713 292 101664 2
S 79799713 292 101659 2
S 79810712 292 101661 2
S 79821711 292 101665 2
S 79832711 292 101666 2
S 79843710 292 101666 2
S 79854709 292 101661 2
S 79865709 292 101668 2
S 79876708 292 101664 2
S 79887707 292 101666 2
S 79898707 292 101665 2
S 79909706 292 101666 2
S 79920705 292 101667 2
S 79931705 292 101664 2
S 79942704 292 101662 2
S 79953703 292 101666 2
S 79964702 292 101660 2
S 79975702 292 101667 2
S 79986701 292 101662 2
S 79997700 292 101665 2
S 80008700 292 101664 2
S 80019699 292 101668 2
S 80030698 292 101665 2
S 80041698 292 101661 2
S 80052697 292 101670 2
S 80063696 292 101670 2
S 80074696 292 101669 2
S 80085695 292 101669 2
S 80096694 292 101667 2
S 80107694 292 101667 2
S 80118693 292 101669 2
S 80129692 292 101664 2
S 80140691 292 101662 2
S 80151691 292 101662 2
S 80162690 292 101670 2
S 80173689 292 101664 2
S 80184689 292 101669 2
S 80195688 292 101664 2
S 80206687 292 101664 2
S 80217687 292 101666 2
S 80228686 292 101662 2
S 80239685 292 101668 2
S 80250685 292 101670 2
S 80261684 292 101669 2
S 80272683 292 101665 2
S 80283683 292 101667 2
S 80294682 292 101664 2
S 80305681 292 101665 2
S 80316680 292 101664 2
S 80327680 292 101670 2
S 80338679 292 101663 2
S 80349678 292 101667 2
S 80360678 292 101667 2
S 80371677 292 101667 2
S 80382676 292 101664 2
S 80393676 292 101662 2
S 80404675 292 101661 2
S 80415674 292 101663 2
S 80426674 292 101662 2
S 80437673 292 101667 2
S 80448672 292 101667 2
S 80459672 292 101668 2
S 80470671 292 101668 2
S 80481670 292 101660 2
S 80492669 292 101662 2
S 80503669 292 101659 2
S 80514668 292 101662 2
S 80525667 292 101659 2
S 80536667 292 101664 2
S 80547666 292 101672 2
S 80558665 292 101667 2
S 80574664 292 101664 2
S 80585664 292 101662 2
S 80596663 292 101666 2
S 80607662 292 101662 2
S 80618662 292 101666 2
S 80629661 292 101659 2
S 80640660 292 101665 2
S 80651660 292 101666 2
S 80662659 292 101664 2
S 80673658 292 101662 2
S 80684657 292 101666 2
S 80695657 292 101661 2
S 80706656 292 101663 2
S 80717655 292 101664 2
S 80728655 292 101664 2
S 80739654 292 101667 2
S 80750653 292 101662 2
S 80761653 292 101664 2
S 80772652 292 101661 2
S 80783651 292 101660 2
S 80794651 292 101666 2
S 80805650 292 101662 2
S 80816649 292 101664 2
S 80827649 292 101661 2
S 80838648 292 101659 2
S 80849647 292 101667 2
S 80860646 292 101664 2
S 80871646 292 101659 2
S 80882645 292 101664 2
S 80893644 292 101664 2
S 80904644 292 101660 2
S 80915643 292 101667 2
S 80926642 292 101663 2
S 80937642 292 101664 2
S 80948641 292 101664 2
S 80959640 292 101658 2
S 80970640 292 101661 2
S 80981639 292 101658 2
S 80992638 292 101657 2
S 81003638 292 101663 2
S 81014637 292 101662 2
S 81025636 292 101663 2
S 81036635 292 101668 2
S 81047635 292 101664 2
S 81058634 292 101664 2
S 81069633 292 101667 2
S 81080633 292 101661 2
S 81091632 292 101664 2
S 81102631 292 101663 2
S 81113631 292 101658 2
S 81124630 292 101658 2
S 81135629 292 101658 2
S 81146629 292 101658 2
S 81157628 292 101660 2
S 81168627 292 101658 2
S 81179627 292 101664 2
S 81190626 292 101662 2
S 81201625 292 101662 2
S 81212624 292 101667 2
S 81223624 292 101664 2
S 81234623 292 101659 2
S 81245622 292 101660 2
S 81256622 292 101662 2
S 81267621 292 101658 2
S 81278620 292 101658 2
S 81289620 292 101661 2
S 81300619 292 101656 2
S 81311618 292 101658 2
S 81322618 292 101661 2
S 81333617 292 101658 2
S 81344616 292 101661 2
S 81355616 292 101661 2
S 81366615 292 101660 2
S 81377614 292 101660 2
S 81388613 292 101659 2
S 81399613 292 101658 2
S 81410612 292 101665 2
S 81421611 292 101665 2
S 81432611 292 101664 2
S 81443610 292 101661 2
S 81454609 292 101661 2
S 81465609 292 101662 2
S 81476608 292 101656 2
S 81487607 292 101660 2
S 81498607 292 101659 2
S 81509606 292 101660 2
S 81520605 292 101658 2
S 81531605 292 101664 2
S 81542604 292 101661 2
S 81553603 292 101660 2
S 81564602 292 101660 2
S 81580601 292 101663 2
S 81591601 292 101666 2
S 81602600 292 101667 2
S 81613599 292 101661 2
S 81624599 292 101661 2
S 81635598 292 101665 2
S 81646597 292 101663 2
S 81657597 292 101661 2
S 81668596 292 101664 2
S 81679595 292 101662 2
S 81690595 292 101658 2
S 81701594 292 101662 2
S 81712593 292 101665 2
S 81723593 292 101661 2
S 81734592 292 101662 2
S 81745591 292 101662 2
S 81756590 292 101665 2
S 81767590 292 101661 2
S 81778589 292 101661 2
S 81789588 292 101667 2
S 81800588 292 101661 2
S 81811587 292 101662 2
S 81822586 292 101656 2
S 81833586 292 101660 2
S 81844585 292 101658 2
S 81855584 292 101660 2
S 81866584 292 101657 2
S 81877583 292 101661 2
S 81888582 292 101658 2
S 81899582 292 101659 2
S 81910581 292 101660 2
S 81921580 292 101660 2
S 81932579 292 101662 2
S 81943579 292 101661 2
S 81954578 292 101665 2
S 81965577 292 101660 2
S 81976577 292 101662 2
S 81987576 292 101661 2
S 81998575 292 101664 2
S 82009575 292 101658 2
S 82020574 292 101661 2
S 82031573 292 101658 2
S 82042573 292 101656 2
S 82053572 292 101657 2
S 82064571 292 101662 2
S 82075571 292 101661 2
S 82086570 292 101661 2
S 82097569 292 101657 2
S 82108568 292 101656 2
S 82119568 292 101660 2
S 82130567 292 101656 2
S 82141566 292 101657 2
S 82152566 292 101661 2
S 82163565 292 101658 2
S 82174564 292 101659 2
S 82185564 292 101659 2
S 82196563 292 101658 2
S 82207562 292 101658 2
S 82218562 292 101658 2
S 82229561 292 101657 2
S 82240560 292 101659 2
S 82251560 292 101659 2
S 82262559 292 101656 2
S 82273558 292 101660 2
S 82284557 292 101661 2
S 82295557 292 101660 2
S 82306556 292 101661 2
S 82317555 292 101664 2
S 82328555 292 101661 2
S 82339554 292 101656 2
S 82350553 292 101658 2
S 82361553 292 101658 2
S 82372552 292 101663 2
S 82383551 292 101661 2
S 82394551 292 101664 2
S 82405550 292 101663 2
S 82416549 292 101660 2
S 82427549 292 101659 2
S 82438548 292 101659 2
S 82449547 292 101662 2
S 82460546 292 101658 2
S 82471546 292 101660 2
S 82482545 292 101665 2
S 82493544 292 101661 2
S 82504544 292 101659 2
S 82515543 292 101660 2
S 82526542 292 101663 2
S 82537542 292 101661 2
S 82548541 292 101660 2
S 82559540 292 101667 2
S 82570540 292 101660 2
S 82586539 292 101661 2
S 82597538 292 101664 2
S 82608537 292 101659 2
S 82619537 292 101662 2
S 82630536 292 101666 2
S 82641535 292 101663 2
S 82652534 292 101668 2
S 82663534 292 101659 2
S 82674533 292 101664 2
S 82685532 292 101662 2
S 82696532 292 101661 2
S 82707531 292 101653 2
S 82718530 292 101657 2
S 82729530 292 101660 2
S 82740529 292 101659 2
S 82751528 292 101661 2
S 82762528 292 101661 2
S 82773527 292 101661 2
S 82784526 292 101664 2
S 82795526 292 101664 2
S 82806525 292 101659 2
S 82817524 292 101666 2
S 82828523 292 101659 2
S 82839523 292 101658 2
S 82850522 292 101660 2
S 82861521 292 101662 2
S 82872521 292 101661 2
S 82883520 292 101665 2
S 82894519 292 101664 2
S 82905519 292 101660 2
S 82916518 292 101662 2
S 82927517 292 101660 2
S 82938517 292 101664 2
S 82949516 292 101664 2
S 82960515 292 101659 2
S 82971515 292 101663 2
S 82982514 292 101668 2
S 82993513 292 101659 2
S 83004512 292 101666 2
S 83015512 292 101668 2
S 83026511 292 101667 2
S 83037510 292 101668 2
S 83048510 292 101665 2
S 83059509 292 101664 2
S 83070508 292 101659 2
S 83081508 292 101662 2
S 83092507 292 101664 2
S 83103506 292 101658 2
S 83114506 292 101666 2
S 83125505 292 101661 2
S 83136504 292 101663 2
S 83147504 292 101662 2
S 83158503 292 101663 2
S 83169502 292 101660 2
S 83180501 292 101659 2
S 83191501 292 101664 2
S 83202500 292 101664 2
S 83213499 292 101663 2
S 83224499 292 101659 2
S 83235498 292 101667 2
S 83246497 292 101662 2
S 83257497 292 101663 2
S 83268496 292 101661 2
S 83279495 292 101664 2
S 83290495 292 101663 2
S 83301494 292 101661 2
S 83312493 292 101666 2
S 83323493 292 101663 2
S 83334492 292 101664 2
S 83345491 292 101662 2
S 83356490 292 101664 2
S 83367490 292 101659 2
S 83378489 292 101664 2
S 83389488 292 101667 2
S 83400488 292 101667 2
S 83411487 292 101670 2
S 83422486 292 101661 2
S 83433486 292 101663 2
S 83444485 292 101664 2
S 83455484 292 101662 2
S 83466484 292 101661 2
S 83477483 292 101666 2
S 83488482 292 101666 2
S 83499482 292 101661 2
S 83510481 292 101661 2
S 83521480 292 101661 2
S 83532479 292 101664 2
S 83543479 292 101661 2
S 83554478 292 101660 2
S 83565477 292 101662 2
S 83576477 292 101661 2
S 83592476 292 101670 2
S 83603475 292 101669 2
S 83614474 292 101667 2
S 83625474 292 101663 2
S 83636473 292 101669 2
S 83647472 292 101668 2
S 83658472 292 101668 2
S 83669471 292 101668 2
S 83680470 292 101671 2
S 83691470 292 101669 2
S 83702469 292 101668 2
S 83713468 292 101672 2
S 83724467 292 101674 2
S 83735467 292 101667 2
S 83746466 292 101669 2
S 83757465 292 101669 2
S 83768465 292 101666 2
S 83779464 292 101667 2
S 83790463 292 101668 2
S 83801463 292 101667 2
S 83812462 292 101670 2
S 83823461 292 101670 2
S 83834461 292 101671 2
S 83845460 292 101667 2
S 83856459 292 101667 2
S 83867459 292 101668 2
S 83878458 292 101666 2
S 83889457 292 101669 2
S 83900456 292 101667 2
S 83911456 292 101670 2
S 83922455 292 101672 2
S 83933454 292 101673 2
S 83944454 292 101671 2
S 83955453 292 101670 2
S 83966452 292 101670 2
S 83977452 292 101667 2
S 83988451 292 101673 2
S 83999450 292 101678 2
S 84010450 292 101672 2
S 84021449 292 101670 2
S 84032448 292 101670 2
S 84043448 292 101671 2
S 84054447 292 101669 2
S 84065446 292 101670 2
S 84076445 292 101670 2
S 84087445 292 101664 2
S 84098444 292 101666 2
S 84109443 292 101668 2
S 84120443 292 101667 2
S 84131442 292 101670 2
S 84142441 292 101669 2
S 84153441 292 101667 2
S 84164440 292 101667 2
S 84175439 292 101671 2
S 84186439 292 101672 2
S 84197438 292 101668 2
S 84208437 292 101670 2
S 84219437 292 101673 2
S 84230436 292 101670 2
S 84241435 292 101672 2
S 84252434 292 101672 2
S 84263434 292 101673 2
S 84274433 292 101673 2
S 84285432 292 101673 2
S 84296432 292 101669 2
S 84307431 292 101670 2
S 84318430 292 101670 2
S 84329430 292 101673 2
S 84340429 292 101669 2
S 84351428 292 101670 2
S 84362428 292 101670 2
S 84373427 292 101667 2
S 84384426 292 101669 2
S 84395426 292 101671 2
S 84406425 292 101669 2
S 84417424 292 101668 2
S 84428423 292 101667 2
S 84439423 292 101666 2
S 84450422 292 101670 2
S 84461421 292 101666 2
S 84472421 292 101666 2
S 84483420 292 101670 2
S 84494419 292 101670 2
S 84505419 292 101664 2
S 84516418 292 101673 2
S 84527417 292 101669 2
S 84538417 292 101666 2
S 84549416 292 101667 2
S 84560415 292 101665 2
S 84571415 292 101670 2
S 84582414 292 101671 2
S 84598413 292 101669 2
S 84609412 292 101667 2
S 84620411 292 101670 2
S 84631411 292 101664 2
S 84642410 292 101664 2
S 84653409 292 101663 2
S 84664409 292 101667 2
S 84675408 292 101666 2
S 84686407 292 101668 2
S 84697407 292 101664 2
S 84708406 292 101667 2
S 84719405 292 101663 2
S 84730405 292 101663 2
S 84741404 292 101665 2
S 84752403 292 101661 2
S 84763403 292 101658 2
S 84774402 292 101663 2
S 84785401 292 101662 2
S 84796400 292 101661 2
S 84807400 292 101665 2
S 84818399 292 101667 2
S 84829398 292 101665 2
S 84840398 292 101667 2
S 84851397 292 101661 2
S 84862396 292 101668 2
S 84873396 292 101664 2
S 84884395 292 101660 2
S 84895394 292 101663 2
S 84906394 292 101665 2
S 84917393 292 101661 2
S 84928392 292 101666 2
S 84939392 292 101670 2
S 84950391 292 101670 2
S 84961390 292 101665 2
S 84972389 292 101661 2
S 84983389 292 101664 2
S 84994388 292 101667 2
S 85005387 292 101668 2
S 85016387 292 101669 2
S 85027386 292 101666 2
S 85038385 292 101667 2
S 85049385 292 101669 2
S 85060384 292 101667 2
S 85071383 292 101667 2
S 85082383 292 101667 2
S 85093382 292 101673 2
S 85104381 292 101666 2
S 85115381 292 101668 2
S 85126380 292 101665 2
S 85137379 292 101660 2
S 85148378 292 101667 2
S 85159378 292 101664 2
S 85170377 292 101661 2
S 85181376 292 101668 2
S 85192376 292 101667 2
S 85203375 292 101665 2
S 85214374 292 101667 2
S 85225374 292 101668 2
S 85236373 292 101670 2
S 85247372 292 101668 2
S 85258372 292 101668 2
S 85269371 292 101668 2
S 85280370 292 101670 2
S 85291370 292 101670 2
S 85302369 292 101667 2
S 85313368 292 101668 2
S 85324367 292 101665 2
S 85335367 292 101665 2
S 85346366 292 101667 2
S 85357365 292 101665 2
S 85368365 292 101667 2
S 85379364 292 101670 2
S 85390363 292 101667 2
S 85401363 292 101670 2
S 85412362 292 101667 2
S 85423361 292 101669 2
S 85434361 292 101675 2
S 85445360 292 101670 2
S 85456359 292 101665 2
S 85467359 292 101671 2
S 85478358 292 101674 2
S 85489357 292 101673 2
S 85500356 292 101674 2
S 85511356 292 101673 2
S 85522355 292 101672 2
S 85533354 292 101670 2
S 85544354 292 101669 2
S 85555353 292 101671 2
S 85566352 292 101673 2
S 85577352 292 101674 2
S 85588351 292 101676 2
S 85604350 292 101670 2
S 85615349 292 101671 2
S 85626349 292 101669 2
S 85637348 292 101669 2
S 85648347 292 101670 2
S 85659347 292 101667 2
S 85670346 292 101670 2
S 85681345 292 101669 2
S 85692344 292 101670 2
S 85703344 292 101673 2
S 85714343 292 101667 2
S 85725342 292 101670 2
S 85736342 292 101665 2
S 85747341 292 101670 2
S 85758340 292 101666 2
S 85769340 292 101665 2
S 85780339 292 101664 2
S 85791338 292 101665 2
S 85802338 292 101663 2
S 85813337 292 101665 2
S 85824336 292 101661 2
S 85835336 292 101667 2
S 85846335 292 101665 2
S 85857334 292 101667 2
S 85868333 292 101670 2
S 85879333 292 101668 2
S 85890332 292 101663 2
S 85901331 292 101666 2
S 85912331 292 101666 2
S 85923330 292 101670 2
S 85934329 292 101669 2
S 85945329 292 101667 2
S 85956328 292 101669 2
S 85967327 292 101672 2
S 85978327 292 101669 2
S 85989326 292 101669 2
S 86000326 292 101669 2
S 86011325 292 101666 2
S 86022324 292 101664 2
S 86033323 292 101664 2
S 86044322 292 101664 2
S 86055322 292 101670 2
S 86066321 292 101666 2
S 86077320 292 101662 2
S 86088320 292 101664 2
S 86099319 292 101661 2
S 86110318 292 101662 2
S 86121318 292 101661 2
S 86132317 292 101664 2
S 86143316 292 101663 2
S 86154316 292 101665 2
S 86165315 292 101664 2
S 86176314 292 101666 2
S 86187314 292 101665 2
S 86198313 292 101664 2
S 86209312 292 101664 2
S 86220311 292 101664 2
S 86231311 292 101660 2
S 86242310 292 101658 2
S 86253309 292 101664 2
S 86264309 292 101656 2
S 86275308 292 101661 2
S 86286307 292 101656 2
S 86297307 292 101658 2
S 86308306 292 101662 2
S 86319305 292 101664 2
S 86330305 292 101658 2
S 86341304 292 101659 2
S 86352303 292 101664 2
S 86363303 292 101660 2
S 86374302 292 101657 2
S 86385301 292 101660 2
S 86396300 292 101661 2
S 86407300 292 101661 2
S 86418299 292 101661 2
S 86429298 292 101661 2
S 86440298 292 101664 2
S 86451297 292 101664 2
S 86462296 292 101666 2
S 86473296 292 101661 2
S 86484295 292 101663 2
S 86495294 292 101663 2
S 86506294 292 101664 2
S 86517293 292 101658 2
S 86528292 292 101663 2
S 86539292 292 101659 2
S 86550291 292 101661 2
S 86561290 292 101661 2
S 86572289 292 101661 2
S 86583289 292 101663 2
S 86594288 292 101664 2
S 86610287 292 101670 2
S 86621286 292 101664 2
S 86632286 292 101667 2
S 86643285 292 101667 2
S 86654284 292 101666 2
S 86665284 292 101669 2
S 86676283 292 101669 2
S 86687282 292 101673 2
S 86698282 292 101668 2
S 86709281 292 101670 2
S 86720280 292 101665 2
S 86731280 292 101669 2
S 86742279 292 101670 2
S 86753278 292 101673 2
S 86764277 292 101679 2
S 86775277 292 101676 2
S 86786276 292 101673 2
S 86797275 292 101675 2
S 86808275 292 101672 2
S 86819274 292 101677 2
S 86830273 292 101679 2
S 86841273 292 101670 2
S 86852272 292 101672 2
S 86863271 292 101673 2
S 86874271 292 101669 2
S 86885270 292 101673 2
S 86896269 292 101670 2
S 86907269 292 101674 2
S 86918268 292 101670 2
S 86929267 292 101673 2
S 86940266 292 101669 2
S 86951266 292 101673 2
S 86962265 292 101673 2
S 86973264 292 101668 2
S 86984264 292 101667 2
S 86995263 292 101670 2
S 87006262 292 101669 2
S 87017262 292 101665 2
S 87028261 292 101664 2
S 87039260 292 101667 2
S 87050260 292 101662 2
S 87061259 292 101664 2
S 87072258 292 101666 2
S 87083258 292 101667 2
S 87094257 292 101665 2
S 87105256 292 101664 2
S 87116255 292 101665 2
S 87127255 292 101669 2
S 87138254 292 101669 2
S 87149253 292 101668 2
S 87160253 292 101671 2
S 87171252 292 101663 2
S 87182251 292 101665 2
S 87193251 292 101662 2
S 87204250 292 101666 2
S 87215249 292 101667 2
S 87226249 292 101667 2
S 87237248 292 101667 2
S 87248247 292 101670 2
S 87259247 292 101670 2
S 87270246 292 101670 2
S 87281245 292 101672 2
S 87292244 292 101671 2
S 87303244 292 101667 2
S 87314243 292 101670 2
S 87325242 292 101670 2
S 87336242 292 101667 2
S 87347241 292 101668 2
S 87358240 292 101669 2
S 87369240 292 101667 2
S 87380239 292 101673 2
S 87391238 292 101670 2
S 87402238 292 101671 2
S 87413237 292 101667 2
S 87424236 292 101667 2
S 87435236 292 101667 2
S 87446235 292 101670 2
S 87457234 292 101667 2
S 87468233 292 101667 2
S 87479233 292 101667 2
S 87490232 292 101665 2
S 87501231 292 101672 2
S 87512231 292 101670 2
S 87523230 292 101671 2
S 87534229 292 101671 2
S 87545229 292 101673 2
S 87556228 292 101670 2
S 87567227 292 101667 2
S 87578227 292 101667 2
S 87589226 292 101664 2
S 87600225 292 101665 2
S 87616224 292 101669 2
S 87627224 292 101669 2
S 87638223 292 101667 2
S 87649222 292 101664 2
S 87660221 292 101667 2
S 87671221 292 101670 2
S 87682220 292 101672 2
S 87693219 292 101670 2
S 87704219 292 101667 2
S 87715218 292 101664 2
S 87726217 292 101666 2
S 87737217 292 101671 2
S 87748216 292 101666 2
S 87759215 292 101666 2
S 87770215 292 101667 2
S 87781214 292 101671 2
S 87792213 292 101665 2
S 87803213 292 101665 2
S 87814212 292 101664 2
S 87825211 292 101661 2
S 87836210 292 101665 2
S 87847210 292 101667 2
S 87858209 292 101664 2
S 87869208 292 101667 2
S 87880208 292 101662 2
S 87891207 292 101664 2
S 87902206 292 101665 2
S 87913206 292 101664 2
S 87924205 292 101665 2
S 87935204 292 101663 2
S 87946204 292 101665 2
S 87957203 292 101667 2
S 87968202 292 101663 2
S 87979202 292 101663 2
S 87990201 292 101666 2
S 88001201 292 101665 2
S 88012199 292 101665 2
S 88023199 292 101668 2
S 88034198 292 101667 2
S 88045197 292 101668 2
S 88056197 292 101670 2
S 88067196 292 101667 2
S 88078195 292 101669 2
S 88089195 292 101664 2
S 88100194 292 101662 2
S 88111193 292 101663 2
S 88122193 292 101664 2
S 88133192 292 101662 2
S 88144191 292 101662 2
S 88155191 292 101665 2
S 88166190 292 101663 2
S 88177189 292 101659 2
S 88188188 292 101658 2
S 88199188 292 101662 2
S 88210187 292 101660 2
S 88221186 292 101663 2
S 88232186 292 101661 2
S 88243185 292 101664 2
S 88254184 292 101662 2
S 88265184 292 101660 2
S 88276183 292 101663 2
S 88287182 292 101663 2
S 88298182 292 101664 2
S 88309181 292 101664 2
S 88320180 292 101661 2
S 88331180 292 101658 2
S 88342179 292 101661 2
S 88353178 292 101659 2
S 88364177 292 101660 2
S 88375177 292 101661 2
S 88386176 292 101665 2
S 88397175 292 101662 2
S 88408175 292 101664 2
S 88419174 292 101665 2
S 88430173 292 101662 2
S 88441173 292 101667 2
S 88452172 292 101664 2
S 88463171 292 101663 2
S 88474171 292 101663 2
S 88485170 292 101660 2
S 88496169 292 101666 2
S 88507169 292 101661 2
S 88518168 292 101668 2
S 88529167 292 101660 2
S 88540166 292 101667 2
S 88551166 292 101661 2
S 88562165 292 101672 2
S 88573164 292 101671 2
S 88584164 292 101663 2
S 88595163 292 101666 2
S 88606162 292 101664 2
S 88622161 292 101663 2
S 88633161 292 101666 2
S 88644160 292 101664 2
S 88655159 292 101664 2
S 88666159 292 101670 2
S 88677158 292 101666 2
S 88688157 292 101667 2
S 88699157 292 101667 2
S 88710156 292 101667 2
S 88721155 292 101667 2
S 88732154 292 101664 2
S 88743154 292 101664 2
S 88754153 292 101670 2
S 88765152 292 101668 2
S 88776152 292 101665 2
S 88787151 292 101664 2
S 88798150 292 101668 2
S 88809150 292 101663 2
S 88820149 292 101667 2
S 88831148 292 101659 2
S 88842148 292 101659 2
S 88853147 292 101661 2
S 88864146 292 101664 2
S 88875146 292 101667 2
S 88886145 292 101667 2
S 88897144 292 101661 2
S 88908143 292 101664 2
S 88919143 292 101662 2
S 88930142 292 101660 2
S 88941141 292 101664 2
S 88952141 292 101659 2
S 88963140 292 101661 2
S 88974139 292 101664 2
S 88985139 292 101665 2
S 88996138 292 101663 2
S 89007137 292 101664 2
S 89018137 292 101669 2
S 89029136 292 101663 2
S 89040135 292 101658 2
S 89051135 292 101663 2
S 89062134 292 101663 2
S 89073133 292 101658 2
S 89084132 292 101665 2
S 89095132 292 101664 2
S 89106131 292 101664 2
S 89117130 292 101659 2
S 89128130 292 101661 2
S 89139129 292 101655 2
S 89150128 292 101661 2
S 89161128 292 101660 2
S 89172127 292 101661 2
S 89183126 292 101659 2
S 89194126 292 101659 2
S 89205125 292 101658 2
S 89216124 292 101659 2
S 89227124 292 101662 2
S 89238123 292 101661 2
S 89249122 292 101659 2
S 89260121 292 101661 2
S 89271121 292 101659 2
S 89282120 292 101659 2
S 89293119 292 101659 2
S 89304119 292 101656 2
S 89315118 292 101661 2
S 89326117 292 101659 2
S 89337117 292 101662 2
S 89348116 292 101659 2
S 89359115 292 101656 2
S 89370115 292 101661 2
S 89381114 292 101661 2
S 89392113 292 101665 2
S 89403113 292 101661 2
S 89414112 292 101661 2
S 89425111 292 101659 2
S 89436110 292 101660 2
S 89447110 292 101661 2
S 89458109 292 101661 2
S 89469108 292 101658 2
S 89480108 292 101660 2
S 89491107 292 101661 2
S 89502106 292 101654 2
S 89513106 292 101665 2
S 89524105 292 101661 2
S 89535104 292 101667 2
S 89546104 292 101663 2
S 89557103 292 101664 2
S 89568102 292 101664 2
S 89579102 292 101660 2
S 89590101 292 101658 2
S 89601100 292 101664 2
S 89612099 292 101663 2
S 89628098 292 101670 2
S 89639098 292 101664 2
S 89650097 292 101658 2
S 89661096 292 101664 2
S 89672096 292 101664 2
S 89683095 292 101661 2
S 89694094 292 101664 2
S 89705094 292 101664 2
S 89716093 292 101664 2
S 89727092 292 101662 2
S 89738092 292 101669 2
S 89749091 292 101664 2
S 89760090 292 101665 2
S 89771090 292 101665 2
S 89782089 292 101666 2
S 89793088 292 101667 2
S 89804087 292 101664 2
S 89815087 292 101662 2
S 89826086 292 101664 2
S 89837085 292 101664 2
S 89848085 292 101670 2
S 89859084 292 101667 2
S 89870083 292 101664 2
S 89881083 292 101661 2
S 89892082 292 101667 2
S 89903081 292 101664 2
S 89914081 292 101664 2
S 89925080 292 101667 2
S 89936079 292 101664 2
S 89947079 292 101664 2
S 89958078 292 101667 2
S 89969077 292 101664 2
S 89980076 292 101666 2
S 89991076 292 101666 2
S 90002076 292 101664 2
S 90013074 292 101668 2
S 90024074 292 101667 2
S 90035073 292 101666 2
S 90046072 292 101668 2
S 90057072 292 101658 2
S 90068071 292 101663 2
S 90079070 292 101663 2
S 90090070 292 101664 2
S 90101069 292 101667 2
S 90112068 292 101670 2
S 90123068 292 101663 2
S 90134067 292 101664 2
S 90145066 292 101661 2
S 90156065 292 101667 2
S 90167065 292 101666 2
S 90178064 292 101661 2
S 90189063 292 101669 2
S 90200063 292 101663 2
S 90211062 292 101664 2
S 90222061 292 101660 2
S 90233061 292 101664 2
S 90244060 292 101663 2
S 90255059 292 101665 2
S 90266059 292 101669 2
S 90277058 292 101659 2
S 90288057 292 101667 2
S 90299057 292 101668 2
S 90310056 292 101664 2
S 90321055 292 101668 2
S 90332054 292 101666 2
S 90343054 292 101661 2
S 90354053 292 101663 2
S 90365052 292 101660 2
S 90376052 292 101664 2
S 90387051 292 101664 2
S 90398050 292 101668 2
S 90409050 292 101663 2
S 90420049 292 101664 2
S 90431048 292 101658 2
S 90442048 292 101659 2
S 90453047 292 101665 2
S 90464046 292 101664 2
S 90475046 292 101658 2
S 90486045 292 101664 2
S 90497044 292 101667 2
S 90508043 292 101666 2
S 90519043 292 101667 2
S 90530042 292 101674 2
S 90541041 292 101665 2
S 90552041 292 101669 2
S 90563040 292 101668 2
S 90574039 292 101666 2
S 90585039 292 101667 2
S 90596038 292 101664 2
S 90607037 292 101666 2
S 90618037 292 101665 2
S 90634036 292 101660 2
S 90645035 292 101663 2
S 90656034 292 101667 2
S 90667034 292 101662 2
S 90678033 292 101665 2
S 90689032 292 101667 2
S 90700031 292 101665 2
S 90711031 292 101661 2
S 90722030 292 101661 2
S 90733029 292 101661 2
S 90744029 292 101667 2
S 90755028 292 101664 2
S 90766027 292 101661 2
S 90777027 292 101661 2
S 90788026 292 101663 2
S 90799025 292 101664 2
S 90810025 292 101661 2
S 90821024 292 101663 2
S 90832023 292 101662 2
S 90843023 292 101661 2
S 90854022 292 101662 2
S 90865021 292 101664 2
S 90876020 292 101664 2
S 90887020 292 101662 2
S 90898019 292 101662 2
S 90909018 292 101664 2
S 90920018 292 101660 2
S 90931017 292 101664 2
S 90942016 292 101661 2
S 90953016 292 101661 2
S 90964015 292 101658 2
S 90975014 292 101658 2
S 90986014 292 101660 2
S 90997013 292 101658 2
S 91008012 292 101661 2
S 91019012 292 101660 2
S 91030011 292 101660 2
S 91041010 292 101662 2
S 91052009 292 101661 2
S 91063009 292 101660 2
S 91074008 292 101661 2
S 91085007 292 101660 2
S 91096007 292 101662 2
S 91107006 292 101658 2
S 91118005 292 101657 2
S 91129005 292 101659 2
S 91140004 292 101661 2
S 91151003 292 101658 2
S 91162003 292 101659 2
S 91173002 292 101664 2
S 91184001 292 101650 2
S 91195001 292 101657 2
S 91206000 292 101661 2
S 91216999 292 101660 2
S 91227998 292 101655 2
S 91238998 292 101659 2
S 91249997 292 101654 2
S 91260996 292 101653 2
S 91271996 292 101661 2
S 91282995 292 101662 2
S 91293994 292 101661 2
S 91304994 292 101667 2
S 91315993 292 101663 2
S 91326992 292 101661 2
S 91337992 292 101664 2
S 91348991 292 101658 2
S 91359990 292 101655 2
S 91370990 292 101664 2
S 91381989 292 101661 2
S 91392988 292 101664 2
S 91403987 292 101660 2
S 91414987 292 101662 2
S 91425986 292 101663 2
S 91436985 292 101664 2
S 91447985 292 101661 2
S 91458984 292 101662 2
S 91469983 292 101661 2
S 91480983 292 101654 2
S 91491982 292 101662 2
S 91502981 292 101661 2
S 91513981 292 101661 2
S 91524980 292 101666 2
S 91535979 292 101661 2
S 91546979 292 101671 2
S 91557978 292 101666 2
S 91568977 292 101661 2
S 91579976 292 101659 2
S 91590976 292 101666 2
S 91601975 292 101663 2
S 91612974 292 101667 2
S 91623974 292 101667 2
S 91639973 292 101666 2
S 91650972 292 101664 2
S 91661971 292 101661 2
S 91672971 292 101662 2
S 91683970 292 101663 2
S 91694969 292 101660 2
S 91705969 292 101668 2
S 91716968 292 101665 2
S 91727967 292 101662 2
S 91738967 292 101664 2
S 91749966 292 101661 2
S 91760965 292 101667 2
S 91771964 292 101659 2
S 91782964 292 101660 2
S 91793963 292 101654 2
S 91804962 292 101663 2
S 91815962 292 101664 2
S 91826961 292 101664 2
S 91837960 292 101667 2
S 91848960 292 101667 2
S 91859959 292 101662 2
S 91870958 292 101664 2
S 91881958 292 101662 2
S 91892957 292 101670 2
S 91903956 292 101664 2
S 91914956 292 101665 2
S 91925955 292 101667 2
S 91936954 292 101668 2
S 91947953 292 101663 2
S 91958953 292 101664 2
S 91969952 292 101665 2
S 91980951 292 101661 2
S 91991951 292 101661 2
S 92002950 292 101661 2
S 92013949 292 101664 2
S 92024949 292 101662 2
S 92035948 292 101658 2
S 92046947 292 101656 2
S 92057947 292 101661 2
S 92068946 292 101661 2
S 92079945 292 101663 2
S 92090945 292 101664 2
S 92101944 292 101666 2
S 92112943 292 101668 2
S 92123942 292 101667 2
S 92134942 292 101666 2
S 92145941 292 101667 2
S 92156940 292 101663 2
S 92167940 292 101664 2
S 92178939 292 101664 2
S 92189938 292 101661 2
S 92200938 292 101664 2
S 92211937 292 101661 2
S 92222936 292 101665 2
S 92233936 292 101664 2
S 92244935 292 101658 2
S 92255934 292 101661 2
S 92266934 292 101661 2
S 92277933 292 101660 2
S 92288932 292 101664 2
S 92299931 292 101663 2
S 92310931 292 101664 2
S 92321930 292 101665 2
S 92332929 292 101667 2
S 92343929 292 101670 2
S 92354928 292 101668 2
S 92365927 292 101667 2
S 92376927 292 101667 2
S 92387926 292 101668 2
S 92398925 292 101673 2
S 92409925 292 101666 2
S 92420924 292 101664 2
S 92431923 292 101669 2
S 92442923 292 101665 2
S 92453922 292 101669 2
S 92464921 292 101665 2
S 92475920 292 101666 2
S 92486920 292 101664 2
S 92497919 292 101659 2
S 92508918 292 101663 2
S 92519918 292 101666 2
S 92530917 292 101666 2
S 92541916 292 101670 2
S 92552916 292 101672 2
S 92563915 292 101665 2
S 92574914 292 101667 2
S 92585914 292 101665 2
S 92596913 292 101662 2
S 92607912 292 101667 2
S 92618912 292 101664 2
S 92629911 292 101664 2
S 92645910 292 101672 2
S 92656909 292 101671 2
S 92667908 292 101668 2
S 92678908 292 101670 2
S 92689907 292 101664 2
S 92700906 292 101667 2
S 92711906 292 101668 2
S 92722905 292 101666 2
S 92733904 292 101669 2
S 92744904 292 101670 2
S 92755903 292 101667 2
S 92766902 292 101664 2
S 92777902 292 101671 2
S 92788901 292 101667 2
S 92799900 292 101665 2
S 92810900 292 101667 2
S 92821899 292 101663 2
S 92832898 292 101667 2
S 92843897 292 101672 2
S 92854897 292 101671 2
S 92865896 292 101671 2
S 92876895 292 101671 2
S 92887895 292 101670 2
S 92898894 292 101670 2
S 92909893 292 101668 2
S 92920893 292 101665 2
S 92931892 292 101668 2
S 92942891 292 101668 2
S 92953891 292 101670 2
S 92964890 292 101668 2
S 92975889 292 101667 2
S 92986889 292 101670 2
S 92997888 292 101673 2
S 93008887 292 101668 2
S 93019886 292 101667 2
S 93030886 292 101665 2
S 93041885 292 101664 2
S 93052884 292 101669 2
S 93063884 292 101665 2
S 93074883 292 101667 2
S 93085882 292 101669 2
S 93096882 292 101667 2
S 93107881 292 101670 2
S 93118880 292 101667 2
S 93129880 292 101664 2
S 93140879 292 101663 2
S 93151878 292 101663 2
S 93162878 292 101666 2
S 93173877 292 101667 2
S 93184876 292 101664 2
S 93195875 292 101666 2
S 93206875 292 101664 2
S 93217874 292 101666 2
S 93228873 292 101666 2
S 93239873 292 101665 2
S 93250872 292 101663 2
S 93261871 292 101666 2
S 93272871 292 101667 2
S 93283870 292 101668 2
S 93294869 292 101667 2
S 93305869 292 101667 2
S 93316868 292 101666 2
S 93327867 292 101668 2
S 93338867 292 101664 2
S 93349866 292 101668 2
S 93360865 292 101667 2
S 93371864 292 101663 2
S 93382864 292 101670 2
S 93393863 292 101666 2
S 93404862 292 101665 2
S 93415862 292 101666 2
S 93426861 292 101666 2
S 93437860 292 101668 2
S 93448860 292 101670 2
S 93459859 292 101666 2
S 93470858 292 101664 2
S 93481858 292 101670 2
S 93492857 292 101667 2
S 93503856 292 101669 2
S 93514856 292 101665 2
S 93525855 292 101670 2
S 93536854 292 101668 2
S 93547853 292 101668 2
S 93558853 292 101669 2
S 93569852 292 101666 2
S 93580851 292 101670 2
S 93591851 292 101668 2
S 93602850 292 101666 2
S 93613849 292 101670 2
S 93624849 292 101669 2
S 93635848 292 101672 2
S 93651847 292 101672 2
S 93662846 292 101669 2
S 93673846 292 101669 2
S 93684845 292 101665 2
S 93695844 292 101667 2
S 93706844 292 101662 2
S 93717843 292 101667 2
S 93728842 292 101667 2
S 93739841 292 101668 2
S 93750841 292 101670 2
S 93761840 292 101673 2
S 93772839 292 101667 2
S 93783839 292 101662 2
S 93794838 292 101666 2
S 93805837 292 101667 2
S 93816837 292 101667 2
S 93827836 292 101670 2
S 93838835 292 101669 2
S 93849835 292 101667 2
S 93860834 292 101668 2
S 93871833 292 101667 2
S 93882833 292 101667 2
S 93893832 292 101673 2
S 93904831 292 101670 2
S 93915830 292 101675 2
S 93926830 292 101673 2
S 93937829 292 101670 2
S 93948828 292 101670 2
S 93959828 292 101673 2
S 93970827 292 101671 2
S 93981826 292 101671 2
S 93992826 292 101667 2
S 94003825 292 101671 2
S 94014824 292 101671 2
S 94025824 292 101666 2
S 94036823 292 101673 2
S 94047822 292 101672 2
S 94058822 292 101675 2
S 94069821 292 101669 2
S 94080820 292 101673 2
S 94091819 292 101672 2
S 94102819 292 101671 2
S 94113818 292 101668 2
S 94124817 292 101673 2
S 94135817 292 101670 2
S 94146816 292 101673 2
S 94157815 292 101673 2
S 94168815 292 101673 2
S 94179814 292 101670 2
S 94190813 292 101678 2
S 94201813 292 101674 2
S 94212812 292 101673 2
S 94223811 292 101675 2
S 94234811 292 101673 2
S 94245810 292 101671 2
S 94256809 292 101672 2
S 94267808 292 101673 2
S 94278808 292 101670 2
S 94289807 292 101668 2
S 94300806 292 101674 2
S 94311806 292 101673 2
S 94322805 292 101676 2
S 94333804 292 101674 2
S 94344804 292 101671 2
S 94355803 292 101667 2
S 94366802 292 101673 2
S 94377802 292 101673 2
S 94388801 292 101672 2
S 94399800 292 101674 2
S 94410800 292 101674 2
S 94421799 292 101676 2
S 94432798 292 101671 2
S 94443797 292 101670 2
S 94454797 292 101668 2
S 94465796 292 101668 2
S 94476795 292 101671 2
S 94487795 292 101673 2
S 94498794 292 101669 2
S 94509793 292 101669 2
S 94520793 292 101671 2
S 94531792 292 101670 2
S 94542791 292 101670 2
S 94553791 292 101671 2
S 94564790 292 101672 2
S 94575789 292 101671 2
S 94586789 292 101670 2
S 94597788 292 101673 2
S 94608787 292 101675 2
S 94619786 292 101673 2
S 94630786 292 101673 2
S 94641785 292 101671 2
S 94657784 291 101668 2
S 94668783 291 101671 2
S 94679783 291 101670 2
S 94690782 291 101670 2
S 94701781 291 101669 2
S 94712781 291 101667 2
S 94723780 291 101668 2
S 94734779 291 101667 2
S 94745779 291 101668 2
S 94756778 291 101666 2
S 94767777 291 101665 2
S 94778777 291 101666 2
S 94789776 291 101668 2
S 94800775 291 101671 2
S 94811774 291 101665 2
S 94822774 291 101669 2
S 94833773 291 101665 2
S 94844772 291 101664 2
S 94855772 291 101668 2
S 94866771 291 101669 2
S 94877770 291 101672 2
S 94888770 291 101672 2
S 94899769 291 101668 2
S 94910768 291 101666 2
S 94921768 291 101668 2
S 94932767 291 101667 2
S 94943766 291 101668 2
S 94954766 291 101667 2
S 94965765 291 101667 2
S 94976764 291 101669 2
S 94987763 291 101667 2
S 94998763 291 101669 2
S 95009762 291 101670 2
S 95020761 291 101669 2
S 95031761 291 101670 2
S 95042760 291 101673 2
S 95053759 291 101671 2
S 95064759 291 101667 2
S 95075758 291 101670 2
S 95086757 291 101669 2
S 95097757 291 101669 2
S 95108756 291 101672 2
S 95119755 291 101669 2
S 95130755 291 101674 2
S 95141754 291 101672 2
S 95152753 291 101669 2
S 95163752 291 101668 2
S 95174752 291 101669 2
S 95185751 291 101668 2
S 95196750 291 101669 2
S 95207750 291 101677 2
S 95218749 291 101671 2
S 95229748 291 101674 2
S 95240748 291 101668 2
S 95251747 291 101668 2
S 95262746 291 101671 2
S 95273746 291 101672 2
S 95284745 291 101668 2
S 95295744 291 101667 2
S 95306744 291 101670 2
S 95317743 291 101668 2
S 95328742 291 101664 2
S 95339741 291 101672 2
S 95350741 291 101669 2
S 95361740 291 101674 2
S 95372739 291 101668 2
S 95383739 291 101668 2
S 95394738 291 101667 2
S 95405737 291 101661 2
S 95416737 291 101663 2
S 95427736 291 101663 2
S 95438735 291 101665 2
S 95449735 291 101668 2
S 95460734 291 101670 2
S 95471733 291 101668 2
S 95482733 291 101669 2
S 95493732 291 101669 2
S 95504731 291 101667 2
S 95515730 291 101665 2
S 95526730 291 101667 2
S 95537729 291 101669 2
S 95548728 291 101668 2
S 95559728 291 101664 2
S 95570727 291 101667 2
S 95581726 291 101664 2
S 95592726 291 101667 2
S 95603725 291 101666 2
S 95614724 291 101669 2
S 95625724 291 101666 2
S 95636723 291 101669 2
S 95647722 291 101668 2
S 95663721 291 101666 2
S 95674721 291 101669 2
S 95685720 291 101669 2
S 95696719 291 101667 2
S 95707718 291 101664 2
S 95718718 291 101666 2
S 95729717 291 101669 2
S 95740716 291 101668 2
S 95751716 291 101665 2
S 95762715 291 101668 2
S 95773714 291 101663 2
S 95784714 291 101664 2
S 95795713 291 101667 2
S 95806712 291 101665 2
S 95817712 291 101660 2
S 95828711 291 101664 2
S 95839710 291 101665 2
S 95850710 291 101667 2
S 95861709 291 101667 2
S 95872708 291 101666 2
S 95883707 291 101669 2
S 95894707 291 101667 2
S 95905706 291 101664 2
S 95916705 291 101661 2
S 95927705 291 101665 2
S 95938704 291 101665 2
S 95949703 291 101666 2
S 95960703 291 101666 2
S 95971702 291 101664 2
S 95982701 291 101672 2
S 95993701 291 101666 2
S 96004700 291 101666 2
S 96015699 291 101668 2
S 96026699 291 101667 2
S 96037698 291 101665 2
S 96048697 291 101663 2
S 96059696 291 101666 2
S 96070696 291 101666 2
S 96081695 291 101667 2
S 96092694 291 101666 2
S 96103694 291 101663 2
S 96114693 291 101664 2
S 96125692 291 101660 2
S 96136692 291 101667 2
S 96147691 291 101664 2
S 96158690 291 101660 2
S 96169690 291 101659 2
S 96180689 291 101662 2
S 96191688 291 101666 2
S 96202688 291 101659 2
S 96213687 291 101657 2
S 96224686 291 101661 2
S 96235685 291 101663 2
S 96246685 291 101661 2
S 96257684 291 101659 2
S 96268683 291 101664 2
S 96279683 291 101663 2
S 96290682 291 101663 2
S 96301681 291 101664 2
S 96312681 291 101659 2
S 96323680 291 101658 2
S 96334679 291 101659 2
S 96345679 291 101658 2
S 96356678 291 101665 2
S 96367677 291 101665 2
S 96378677 291 101660 2
S 96389676 291 101661 2
S 96400675 291 101666 2
S 96411674 291 101661 2
S 96422674 291 101663 2
S 96433673 291 101663 2
S 96444672 291 101661 2
S 96455672 291 101661 2
S 96466671 291 101664 2
S 96477670 291 101666 2
S 96488670 291 101666 2
S 96499669 291 101661 2
S 96510668 291 101660 2
S 96521668 291 101664 2
S 96532667 291 101665 2
S 96543666 291 101659 2
S 96554666 291 101664 2
S 96565665 291 101663 2
S 96576664 291 101661 2
S 96587663 291 101666 2
S 96598663 291 101666 2
S 96609662 291 101665 2
S 96620661 291 101663 2
S 96631661 291 101664 2
S 96642660 291 101663 2
S 96653659 291 101661 2
S 96669658 292 101669 2
S 96680658 292 101672 2
S 96691657 292 101670 2
S 96702656 292 101669 2
S 96713656 292 101667 2
S 96724655 292 101669 2
S 96735654 292 101672 2
S 96746654 292 101672 2
S 96757653 292 101671 2
S 96768652 292 101672 2
S 96779651 292 101669 2
S 96790651 292 101667 2
S 96801650 292 101662 2
S 96812649 292 101664 2
S 96823649 292 101668 2
S 96834648 292 101667 2
S 96845647 292 101669 2
S 96856647 292 101665 2
S 96867646 292 101670 2
S 96878645 292 101669 2
S 96889645 292 101666 2
S 96900644 292 101664 2
S 96911643 292 101664 2
S 96922643 292 101669 2
S 96933642 292 101669 2
S 96944641 292 101670 2
S 96955640 292 101670 2
S 96966640 292 101661 2
S 96977639 292 101662 2
S 96988638 292 101669 2
S 96999638 292 101664 2
S 97010637 292 101662 2
S 97021636 292 101664 2
S 97032636 292 101664 2
S 97043635 292 101666 2
S 97054634 292 101667 2
S 97065634 292 101667 2
S 97076633 292 101664 2
S 97087632 292 101666 2
S 97098632 292 101672 2
S 97109631 292 101669 2
S 97120630 292 101667 2
S 97131629 292 101667 2
S 97142629 292 101669 2
S 97153628 292 101668 2
S 97164627 292 101667 2
S 97175627 292 101667 2
S 97186626 292 101667 2
S 97197625 292 101668 2
S 97208625 292 101665 2
S 97219624 292 101662 2
S 97230623 292 101670 2
S 97241623 292 101669 2
S 97252622 292 101669 2
S 97263621 292 101668 2
S 97274621 292 101665 2
S 97285620 292 101672 2
S 97296619 292 101673 2
S 97307618 292 101664 2
S 97318618 292 101666 2
S 97329617 292 101664 2
S 97340616 292 101667 2
S 97351616 292 101667 2
S 97362615 292 101665 2
S 97373614 292 101666 2
S 97384614 292 101670 2
S 97395613 292 101664 2
S 97406612 292 101666 2
S 97417612 292 101667 2
S 97428611 292 101666 2
S 97439610 292 101667 2
S 97450610 292 101669 2
S 97461609 292 101672 2
S 97472608 292 101670 2
S 97483607 292 101666 2
S 97494607 292 101668 2
S 97505606 292 101667 2
S 97516605 292 101665 2
S 97527605 292 101672 2
S 97538604 292 101671 2
S 97549603 292 101670 2
S 97560603 292 101667 2
S 97571602 292 101667 2
S 97582601 292 101669 2
S 97593601 292 101669 2
S 97604600 292 101670 2
S 97615599 292 101667 2
S 97626599 292 101669 2
S 97637598 292 101672 2
S 97648597 292 101669 2
S 97659596 292 101667 2
S 97675595 291 101667 2
S 97686595 291 101669 2
S 97697594 291 101669 2
S 97708593 291 101667 2
S 97719593 291 101667 2
S 97730592 291 101670 2
S 97741591 291 101664 2
S 97752591 291 101666 2
S 97763590 291 101664 2
S 97774589 291 101666 2
S 97785589 291 101663 2
S 97796588 291 101665 2
S 97807587 291 101664 2
S 97818587 291 101669 2
S 97829586 291 101667 2
S 97840585 291 101667 2
S 97851584 291 101664 2
S 97862584 291 101661 2
S 97873583 291 101665 2
S 97884582 291 101667 2
S 97895582 291 101669 2
S 97906581 291 101669 2
S 97917580 291 101667 2
S 97928580 291 101668 2
S 97939579 291 101671 2
S 97950578 291 101665 2
S 97961578 291 101666 2
S 97972577 291 101671 2
S 97983576 291 101666 2
S 97994576 291 101667 2
S 98005575 291 101669 2
S 98016574 291 101669 2
S 98027573 291 101671 2
S 98038573 291 101667 2
S 98049572 291 101669 2
S 98060571 291 101670 2
S 98071571 291 101670 2
S 98082570 291 101672 2
S 98093569 291 101664 2
S 98104569 291 101664 2
S 98115568 291 101669 2
S 98126567 291 101667 2
S 98137567 291 101667 2
S 98148566 291 101664 2
S 98159565 291 101665 2
S 98170565 291 101669 2
S 98181564 291 101670 2
S 98192563 291 101668 2
S 98203562 291 101666 2
S 98214562 291 101672 2
S 98225561 291 101667 2
S 98236560 291 101670 2
S 98247560 291 101671 2
S 98258559 291 101671 2
S 98269558 291 101665 2
S 98280558 291 101669 2
S 98291557 291 101674 2
S 98302556 291 101672 2
S 98313556 291 101670 2
S 98324555 291 101671 2
S 98335554 291 101671 2
S 98346554 291 101672 2
S 98357553 291 101673 2
S 98368552 291 101668 2
S 98379551 291 101666 2
S 98390551 291 101670 2
S 98401550 291 101667 2
S 98412549 291 101663 2
S 98423549 291 101666 2
S 98434548 291 101667 2
S 98445547 291 101664 2
S 98456547 291 101669 2
S 98467546 291 101669 2
S 98478545 291 101666 2
S 98489545 291 101668 2
S 98500544 291 101667 2
S 98511543 291 101670 2
S 98522543 291 101666 2
S 98533542 291 101664 2
S 98544541 291 101660 2
S 98555540 291 101665 2
S 98566540 291 101666 2
S 98577539 291 101661 2
S 98588538 291 101666 2
S 98599538 291 101663 2
S 98610537 291 101658 2
S 98621536 291 101669 2
S 98632536 291 101667 2
S 98643535 291 101665 2
S 98654534 291 101664 2
S 98665534 291 101661 2
S 98681533 291 101665 2
S 98692532 291 101663 2
S 98703531 291 101669 2
S 98714531 291 101665 2
S 98725530 291 101665 2
S 98736529 291 101663 2
S 98747528 291 101663 2
S 98758528 291 101663 2
S 98769527 291 101659 2
S 98780526 291 101658 2
S 98791526 291 101661 2
S 98802525 291 101662 2
S 98813524 291 101663 2
S 98824524 291 101667 2
S 98835523 291 101664 2
S 98846522 291 101670 2
S 98857522 291 101664 2
S 98868521 291 101666 2
S 98879520 291 101664 2
S 98890520 291 101664 2
S 98901519 291 101667 2
S 98912518 291 101662 2
S 98923517 291 101660 2
S 98934517 291 101664 2
S 98945516 291 101667 2
S 98956515 291 101665 2
S 98967515 291 101665 2
S 98978514 291 101663 2
S 98989513 291 101667 2
S 99000513 291 101662 2
S 99011512 291 101662 2
S 99022511 291 101660 2
S 99033511 291 101662 2
S 99044510 291 101663 2
S 99055509 291 101657 2
S 99066509 291 101662 2
S 99077508 291 101666 2
S 99088507 291 101661 2
S 99099506 291 101668 2
S 99110506 291 101666 2
S 99121505 291 101663 2
S 99132504 291 101661 2
S 99143504 291 101666 2
S 99154503 291 101662 2
S 99165502 291 101664 2
S 99176502 291 101664 2
S 99187501 291 101668 2
S 99198500 291 101666 2
S 99209500 291 101663 2
S 99220499 291 101663 2
S 99231498 291 101668 2
S 99242498 291 101667 2
S 99253497 291 101667 2
S 99264496 291 101664 2
S 99275495 291 101664 2
S 99286495 291 101667 2
S 99297494 291 101666 2
S 99308493 291 101667 2
S 99319493 291 101665 2
S 99330492 291 101667 2
S 99341491 291 101666 2
S 99352491 291 101667 2
S 99363490 291 101663 2
S 99374489 291 101665 2
S 99385489 291 101667 2
S 99396488 291 101661 2
S 99407487 291 101669 2
S 99418487 291 101664 2
S 99429486 291 101664 2
S 99440485 291 101670 2
S 99451484 291 101669 2
S 99462484 291 101664 2
S 99473483 291 101669 2
S 99484482 291 101664 2
S 99495482 291 101667 2
S 99506481 291 101670 2
S 99517480 291 101665 2
S 99528480 291 101667 2
S 99539479 291 101666 2
S 99550478 291 101669 2
S 99561478 291 101660 2
S 99572477 291 101667 2
S 99583476 291 101663 2
S 99594476 291 101667 2
S 99605475 291 101666 2
S 99616474 291 101664 2
S 99627473 291 101663 2
S 99638473 291 101664 2
S 99649472 291 101663 2
S 99660471 291 101661 2
S 99671471 291 101662 2
S 99687470 292 101667 2
S 99698469 292 101666 2
S 99709468 292 101670 2
S 99720468 292 101675 2
S 99731467 292 101668 2
S 99742466 292 101674 2
S 99753466 292 101670 2
S 99764465 292 101670 2
S 99775464 292 101669 2
S 99786464 292 101670 2
S 99797463 292 101667 2
S 99808462 292 101671 2
S 99819461 292 101675 2
S 99830461 292 101671 2
S 99841460 292 101672 2
S 99852459 292 101667 2
S 99863459 292 101667 2
S 99874458 292 101664 2
S 99885457 292 101669 2
S 99896457 292 101669 2
S 99907456 292 101668 2
S 99918455 292 101665 2
S 99929455 292 101661 2
S 99940454 292 101664 2
S 99951453 292 101670 2
S 99962453 292 101669 2
S 99973452 292 101670 2
S 99984451 292 101667 2
S 99995450 292 101666 2
S 100006450 292 101667 2
S 100017449 292 101668 2
S 100028448 292 101669 2
S 100039448 292 101672 2
S 100050447 292 101665 2
S 100061446 292 101667 2
S 100072446 292 101669 2
S 100083445 292 101671 2
S 100094444 292 101668 2
S 100105444 292 101665 2
S 100116443 292 101666 2
S 100127442 292 101670 2
S 100138442 292 101668 2
S 100149441 292 101671 2
S 100160440 292 101664 2
S 100171439 292 101667 2
S 100182439 292 101670 2
S 100193438 292 101670 2
S 100204437 292 101665 2
S 100215437 292 101666 2
S 100226436 292 101670 2
S 100237435 292 101663 2
S 100248435 292 101668 2
S 100259434 292 101669 2
S 100270433 292 101667 2
S 100281433 292 101667 2
S 100292432 292 101666 2
S 100303431 292 101670 2
S 100314431 292 101658 2
S 100325430 292 101661 2
S 100336429 292 101664 2
S 100347428 292 101667 2
S 100358428 292 101659 2
S 100369427 292 101668 2
S 100380426 292 101661 2
S 100391426 292 101667 2
S 100402425 292 101663 2
S 100413424 292 101660 2
S 100424424 292 101658 2
S 100435423 292 101657 2
S 100446422 292 101668 2
S 100457422 292 101664 2
S 100468421 292 101668 2
S 100479420 292 101664 2
S 100490420 292 101670 2
S 100501419 292 101665 2
S 100512418 292 101666 2
S 100523417 292 101670 2
S 100534417 292 101668 2
S 100545416 292 101667 2
S 100556415 292 101669 2
S 100567415 292 101662 2
S 100578414 292 101669 2
S 100589413 292 101669 2
S 100600413 292 101664 2
S 100611412 292 101667 2
S 100622411 292 101666 2
S 100633411 292 101670 2
S 100644410 292 101664 2
S 100655409 292 101667 2
S 100666409 292 101668 2
S 100677408 292 101670 2
S 100693407 292 101664 2
S 100704406 292 101661 2
S 100715405 292 101659 2
S 100726405 292 101663 2
S 100737404 292 101660 2
S 100748403 292 101661 2
S 100759403 292 101660 2
S 100770402 292 101658 2
S 100781401 292 101661 2
S 100792401 292 101663 2
S 100803400 292 101664 2
S 100814399 292 101664 2
S 100825399 292 101663 2
S 100836398 292 101661 2
S 100847397 292 101657 2
S 100858397 292 101660 2
S 100869396 292 101659 2
S 100880395 292 101659 2
S 100891394 292 101657 2
S 100902394 292 101662 2
S 100913393 292 101663 2
S 100924392 292 101664 2
S 100935392 292 101661 2
S 100946391 292 101660 2
S 100957390 292 101661 2
S 100968390 292 101662 2
S 100979389 292 101658 2
S 100990388 292 101655 2
S 101001388 292 101658 2
S 101012387 292 101658 2
S 101023386 292 101654 2
S 101034386 292 101664 2
S 101045385 292 101659 2
S 101056384 292 101662 2
S 101067383 292 101667 2
S 101078383 292 101662 2
S 101089382 292 101658 2
S 101100381 292 101662 2
S 101111381 292 101662 2
S 101122380 292 101659 2
S 101133379 292 101661 2
S 101144379 292 101657 2
S 101155378 292 101661 2
S 101166377 292 101664 2
S 101177377 292 101663 2
S 101188376 292 101661 2
S 101199375 292 101663 2
S 101210375 292 101663 2
S 101221374 292 101665 2
S 101232373 292 101660 2
S 101243372 292 101655 2
S 101254372 292 101661 2
S 101265371 292 101659 2
S 101276370 292 101661 2
S 101287370 292 101664 2
S 101298369 292 101659 2
S 101309368 292 101660 2
S 101320368 292 101662 2
S 101331367 292 101658 2
S 101342366 292 101659 2
S 101353366 292 101658 2
S 101364365 292 101659 2
S 101375364 292 101658 2
S 101386364 292 101661 2
S 101397363 292 101656 2
S 101408362 292 101661 2
S 101419361 292 101655 2
S 101430361 292 101660 2
S 101441360 292 101661 2
S 101452359 292 101665 2
S 101463359 292 101667 2
S 101474358 292 101664 2
S 101485357 292 101664 2
S 101496357 292 101662 2
S 101507356 292 101662 2
S 101518355 292 101664 2
S 101529355 292 101660 2
S 101540354 292 101661 2
S 101551353 292 101661 2
S 101562353 292 101661 2
S 101573352 292 101661 2
S 101584351 292 101663 2
S 101595350 292 101661 2
S 101606350 292 101658 2
S 101617349 292 101661 2
S 101628348 292 101664 2
S 101639348 292 101667 2
S 101650347 292 101663 2
S 101661346 292 101666 2
S 101672346 292 101658 2
S 101683345 292 101662 2
S 101699344 292 101664 2
S 101710343 292 101664 2
S 101721343 292 101667 2
S 101732342 292 101670 2
S 101743341 292 101670 2
S 101754341 292 101669 2
S 101765340 292 101672 2
S 101776339 292 101673 2
S 101787338 292 101664 2
S 101798338 292 101667 2
S 101809337 292 101670 2
S 101820336 292 101661 2
S 101831336 292 101661 2
S 101842335 292 101662 2
S 101853334 292 101664 2
S 101864334 292 101667 2
S 101875333 292 101664 2
S 101886332 292 101664 2
S 101897332 292 101664 2
S 101908331 292 101664 2
S 101919330 292 101666 2
S 101930330 292 101670 2
S 101941329 292 101668 2
S 101952328 292 101671 2
S 101963327 292 101665 2
S 101974327 292 101665 2
S 101985326 292 101667 2
S 101996325 292 101671 2
S 102007325 292 101669 2
S 102018324 292 101667 2
S 102029323 292 101674 2
S 102040323 292 101673 2
S 102051322 292 101667 2
S 102062321 292 101671 2
S 102073321 292 101673 2
S 102084320 292 101670 2
S 102095319 292 101670 2
S 102106319 292 101673 2
S 102117318 292 101665 2
S 102128317 292 101670 2
S 102139316 292 101670 2
S 102150316 292 101669 2
S 102161315 292 101669 2
S 102172314 292 101671 2
S 102183314 292 101670 2
S 102194313 292 101670 2
S 102205312 292 101675 2
S 102216312 292 101664 2
S 102227311 292 101666 2
S 102238310 292 101668 2
S 102249310 292 101667 2
S 102260309 292 101666 2
S 102271308 292 101668 2
S 102282308 292 101664 2
S 102293307 292 101673 2
S 102304306 292 101667 2
S 102315305 292 101667 2
S 102326305 292 101667 2
S 102337304 292 101666 2
S 102348303 292 101667 2
S 102359303 292 101667 2
S 102370302 292 101667 2
S 102381301 292 101667 2
S 102392301 292 101663 2
S 102403300 292 101671 2
S 102414299 292 101670 2
S 102425299 292 101670 2
S 102436298 292 101672 2
S 102447297 292 101673 2
S 102458297 292 101670 2
S 102469296 292 101669 2
S 102480295 292 101667 2
S 102491294 292 101668 2
S 102502294 292 101664 2
S 102513293 292 101667 2
S 102524292 292 101671 2
S 102535292 292 101670 2
S 102546291 292 101664 2
S 102557290 292 101667 2
S 102568290 292 101663 2
S 102579289 292 101673 2
S 102590288 292 101670 2
S 102601288 292 101666 2
S 102612287 292 101667 2
S 102623286 292 101664 2
S 102634286 292 101666 2
S 102645285 292 101670 2
S 102656284 292 101673 2
S 102667283 292 101673 2
S 102678283 292 101670 2
S 102689282 292 101671 2
S 102705281 292 101672 2
S 102716280 292 101669 2
S 102727280 292 101669 2
S 102738279 292 101669 2
S 102749278 292 101667 2
S 102760278 292 101667 2
S 102771277 292 101669 2
S 102782276 292 101667 2
S 102793276 292 101673 2
S 102804275 292 101675 2
S 102815274 292 101673 2
S 102826274 292 101665 2
S 102837273 292 101670 2
S 102848272 292 101667 2
S 102859271 292 101667 2
S 102870271 292 101669 2
S 102881270 292 101668 2
S 102892269 292 101665 2
S 102903269 292 101667 2
S 102914268 292 101669 2
S 102925267 292 101666 2
S 102936267 292 101668 2
S 102947266 292 101671 2
S 102958265 292 101669 2
S 102969265 292 101667 2
S 102980264 292 101665 2
S 102991263 292 101665 2
S 103002263 292 101673 2
S 103013262 292 101668 2
S 103024261 292 101671 2
S 103035260 292 101669 2
S 103046260 292 101667 2
S 103057259 292 101673 2
S 103068258 292 101670 2
S 103079258 292 101669 2
S 103090257 292 101670 2
S 103101256 292 101667 2
S 103112256 292 101672 2
S 103123255 292 101670 2
S 103134254 292 101666 2
S 103145254 292 101667 2
S 103156253 292 101670 2
S 103167252 292 101670 2
S 103178252 292 101670 2
S 103189251 292 101667 2
S 103200250 292 101667 2
S 103211249 292 101667 2
S 103222249 292 101670 2
S 103233248 292 101670 2
S 103244247 292 101670 2
S 103255247 292 101669 2
S 103266246 292 101673 2
S 103277245 292 101667 2
S 103288245 292 101664 2
S 103299244 292 101665 2
S 103310243 292 101670 2
S 103321243 292 101666 2
S 103332242 292 101670 2
S 103343241 292 101664 2
S 103354241 292 101664 2
S 103365240 292 101666 2
S 103376239 292 101667 2
S 103387238 292 101674 2
S 103398238 292 101664 2
S 103409237 292 101664 2
S 103420236 292 101667 2
S 103431236 292 101668 2
S 103442235 292 101667 2
S 103453234 292 101669 2
S 103464234 292 101672 2
S 103475233 292 101666 2
S 103486232 292 101668 2
S 103497232 292 101665 2
S 103508231 292 101667 2
S 103519230 292 101667 2
S 103530230 292 101664 2
S 103541229 292 101666 2
S 103552228 292 101666 2
S 103563227 292 101670 2
S 103574227 292 101669 2
S 103585226 292 101664 2
S 103596225 292 101672 2
S 103607225 292 101667 2
S 103618224 292 101668 2
S 103629223 292 101669 2
S 103640223 292 101667 2
S 103651222 292 101670 2
S 103662221 292 101670 2
S 103673221 292 101670 2
S 103684220 292 101670 2
S 103695219 292 101672 2
S 103711218 292 101671 2
S 103722218 292 101673 2
S 103733217 292 101670 2
S 103744216 292 101666 2
S 103755215 292 101667 2
S 103766215 292 101672 2
S 103777214 292 101670 2
S 103788213 292 101670 2
S 103799213 292 101668 2
S 103810212 292 101670 2
S 103821211 292 101673 2
S 103832211 292 101665 2
S 103843210 292 101668 2
S 103854209 292 101667 2
S 103865209 292 101669 2
S 103876208 292 101669 2
S 103887207 292 101670 2
S 103898207 292 101664 2
S 103909206 292 101664 2
S 103920205 292 101664 2
S 103931204 292 101672 2
S 103942204 292 101670 2
S 103953203 292 101672 2
S 103964202 292 101668 2
S 103975202 292 101669 2
S 103986201 292 101667 2
S 103997200 292 101670 2
S 104008200 292 101669 2
S 104019199 292 101670 2
S 104030198 292 101673 2
S 104041198 292 101667 2
S 104052197 292 101664 2
S 104063196 292 101668 2
S 104074196 292 101667 2
S 104085195 292 101670 2
S 104096194 292 101668 2
S 104107193 292 101668 2
S 104118193 292 101667 2
S 104129192 292 101670 2
S 104140191 292 101663 2
S 104151191 292 101665 2
S 104162190 292 101669 2
S 104173189 292 101667 2
S 104184189 292 101670 2
S 104195188 292 101667 2
S 104206187 292 101669 2
S 104217187 292 101667 2
S 104228186 292 101670 2
S 104239185 292 101667 2
S 104250185 292 101669 2
S 104261184 292 101668 2
S 104272183 292 101664 2
S 104283182 292 101670 2
S 104294182 292 101668 2
S 104305181 292 101667 2
S 104316180 292 101667 2
S 104327180 292 101670 2
S 104338179 292 101673 2
S 104349178 292 101673 2
S 104360178 292 101667 2
S 104371177 292 101668 2
S 104382176 292 101664 2
S 104393176 292 101667 2
S 104404175 292 101669 2
S 104415174 292 101669 2
S 104426174 292 101674 2
S 104437173 292 101671 2
S 104448172 292 101667 2
S 104459171 292 101669 2
S 104470171 292 101673 2
S 104481170 292 101667 2
S 104492169 292 101673 2
S 104503169 292 101668 2
S 104514168 292 101672 2
S 104525167 292 101670 2
S 104536167 292 101674 2
S 104547166 292 101671 2
S 104558165 292 101675 2
S 104569165 292 101676 2
S 104580164 292 101670 2
S 104591163 292 101669 2
S 104602163 292 101670 2
S 104613162 292 101676 2
S 104624161 292 101676 2
S 104635160 292 101673 2
S 104646160 292 101670 2
S 104657159 292 101668 2
S 104668158 292 101663 2
S 104679158 292 101669 2
S 104690157 292 101670 2
S 104701156 292 101671 2
S 104717155 292 101672 2
S 104728155 292 101670 2
S 104739154 292 101668 2
S 104750153 292 101671 2
S 104761153 292 101667 2
S 104772152 292 101664 2
S 104783151 292 101662 2
S 104794151 292 101666 2
S 104805150 292 101664 2
S 104816149 292 101666 2
S 104827148 292 101663 2
S 104838148 292 101668 2
S 104849147 292 101670 2
S 104860146 292 101661 2
S 104871146 292 101667 2
S 104882145 292 101664 2
S 104893144 292 101663 2
S 104904144 292 101664 2
S 104915143 292 101668 2
S 104926142 292 101673 2
S 104937142 292 101668 2
S 104948141 292 101665 2
S 104959140 292 101667 2
S 104970140 292 101663 2
S 104981139 292 101669 2
S 104992138 292 101667 2
S 105003137 292 101664 2
S 105014137 292 101670 2
S 105025136 292 101669 2
S 105036135 292 101667 2
S 105047135 292 101665 2
S 105058134 292 101667 2
S 105069133 292 101662 2
S 105080133 292 101664 2
S 105091132 292 101669 2
S 105102131 292 101672 2
S 105113131 292 101669 2
S 105124130 292 101667 2
S 105135129 292 101666 2
S 105146129 292 101666 2
S 105157128 292 101670 2
S 105168127 292 101670 2
S 105179126 292 101670 2
S 105190126 292 101670 2
S 105201125 292 101668 2
S 105212124 292 101667 2
S 105223124 292 101670 2
S 105234123 292 101670 2
S 105245122 292 101671 2
S 105256122 292 101670 2
S 105267121 292 101673 2
S 105278120 292 101672 2
S 105289120 292 101672 2
S 105300119 292 101673 2
S 105311118 292 101670 2
S 105322118 292 101671 2
S 105333117 292 101672 2
S 105344116 292 101670 2
S 105355115 292 101673 2
S 105366115 292 101677 2
S 105377114 292 101671 2
S 105388113 292 101668 2
S 105399113 292 101667 2
S 105410112 292 101670 2
S 105421111 292 101670 2
S 105432111 292 101669 2
S 105443110 292 101672 2
S 105454109 292 101669 2
S 105465109 292 101664 2
S 105476108 292 101672 2
S 105487107 292 101667 2
S 105498107 292 101670 2
S 105509106 292 101667 2
S 105520105 292 101669 2
S 105531104 292 101670 2
S 105542104 292 101673 2
S 105553103 292 101673 2
S 105564102 292 101668 2
S 105575102 292 101667 2
S 105586101 292 101670 2
S 105597100 292 101670 2
S 105608100 292 101671 2
S 105619099 292 101669 2
S 105630098 292 101665 2
S 105641098 292 101668 2
S 105652097 292 101667 2
S 105663096 292 101667 2
S 105674096 292 101661 2
S 105685095 292 101669 2
S 105696094 292 101664 2
S 105707093 292 101662 2
S 105723092 292 101668 2
S 105734092 292 101669 2
S 105745091 292 101667 2
S 105756090 292 101664 2
S 105767090 292 101665 2
S 105778089 292 101667 2
S 105789088 292 101664 2
S 105800088 292 101658 2
S 105811087 292 101671 2
S 105822086 292 101670 2
S 105833086 292 101667 2
S 105844085 292 101668 2
S 105855084 292 101670 2
S 105866084 292 101667 2
S 105877083 292 101667 2
S 105888082 292 101669 2
S 105899081 292 101662 2
S 105910081 292 101664 2
S 105921080 292 101657 2
S 105932079 292 101664 2
S 105943079 292 101663 2
S 105954078 292 101664 2
S 105965077 292 101668 2
S 105976077 292 101668 2
S 105987076 292 101669 2
S 105998075 292 101667 2
S 106009075 292 101662 2
S 106020074 292 101670 2
S 106031073 292 101667 2
S 106042073 292 101670 2
S 106053072 292 101666 2
S 106064071 292 101670 2
S 106075070 292 101668 2
S 106086070 292 101668 2
S 106097069 292 101668 2
S 106108068 292 101664 2
S 106119068 292 101664 2
S 106130067 292 101661 2
S 106141066 292 101665 2
S 106152066 292 101665 2
S 106163065 292 101666 2
S 106174064 292 101669 2
S 106185064 292 101670 2
S 106196063 292 101664 2
S 106207062 292 101663 2
S 106218062 292 101666 2
S 106229061 292 101667 2
S 106240060 292 101663 2
S 106251059 292 101663 2
S 106262059 292 101663 2
S 106273058 292 101665 2
S 106284057 292 101659 2
S 106295057 292 101663 2
S 106306056 292 101670 2
S 106317055 292 101664 2
S 106328055 292 101665 2
S 106339054 292 101664 2
S 106350053 292 101664 2
S 106361053 292 101667 2
S 106372052 292 101664 2
S 106383051 292 101661 2
S 106394051 292 101666 2
S 106405050 292 101665 2
S 106416049 292 101666 2
S 106427048 292 101663 2
S 106438048 292 101668 2
S 106449047 292 101662 2
S 106460046 292 101665 2
S 106471046 292 101664 2
S 106482045 292 101663 2
S 106493044 292 101664 2
S 106504044 292 101668 2
S 106515043 292 101669 2
S 106526042 292 101664 2
S 106537042 292 101665 2
S 106548041 292 101658 2
S 106559040 292 101664 2
S 106570040 292 101666 2
S 106581039 292 101661 2
S 106592038 292 101665 2
S 106603037 292 101663 2
S 106614037 292 101659 2
S 106625036 292 101662 2
S 106636035 292 101663 2
S 106647035 292 101667 2
S 106658034 292 101658 2
S 106669033 292 101658 2
S 106680033 292 101661 2
S 106691032 292 101662 2
S 106702031 292 101659 2
S 106713031 292 101665 2
S 106729030 292 101667 2
S 106740029 292 101666 2
S 106751028 292 101658 2
S 106762028 292 101662 2
S 106773027 292 101657 2
S 106784026 292 101661 2
S 106795025 292 101666 2
S 106806025 292 101664 2
S 106817024 292 101663 2
S 106828023 292 101662 2
S 106839023 292 101667 2
S 106850022 292 101668 2
S 106861021 292 101664 2
S 106872021 292 101665 2
S 106883020 292 101667 2
S 106894019 292 101666 2
S 106905019 292 101664 2
S 106916018 292 101658 2
S 106927017 292 101661 2
S 106938017 292 101667 2
S 106949016 292 101662 2
S 106960015 292 101661 2
S 106971014 292 101661 2
S 106982014 292 101660 2
S 106993013 292 101667 2
S 107004012 292 101665 2
S 107015012 292 101663 2
S 107026011 292 101670 2
S 107037010 292 101665 2
S 107048010 292 101666 2
S 107059009 292 101664 2
S 107070008 292 101665 2
S 107081008 292 101662 2
S 107092007 292 101661 2
S 107103006 292 101664 2
S 107114006 292 101661 2
S 107125005 292 101668 2
S 107136004 292 101670 2
S 107147003 292 101667 2
S 107158003 292 101661 2
S 107169002 292 101666 2
S 107180001 292 101667 2
S 107191001 292 101663 2
S 107202000 292 101666 2
S 107212999 292 101664 2
S 107223999 292 101664 2
S 107234998 292 101662 2
S 107245997 292 101669 2
S 107256997 292 101670 2
S 107267996 292 101660 2
S 107278995 292 101665 2
S 107289995 292 101667 2
S 107300994 292 101671 2
S 107311993 292 101667 2
S 107322992 292 101668 2
S 107333992 292 101668 2
S 107344991 292 101666 2
S 107355990 292 101665 2
S 107366990 292 101668 2
S 107377989 292 101671 2
S 107388988 292 101669 2
S 107399988 292 101667 2
S 107410987 292 101667 2
S 107421986 292 101668 2
S 107432986 292 101669 2
S 107443985 292 101670 2
S 107454984 292 101670 2
S 107465984 292 101668 2
S 107476983 292 101664 2
S 107487982 292 101664 2
S 107498981 292 101664 2
S 107509981 292 101661 2
S 107520980 292 101660 2
S 107531979 292 101667 2
S 107542979 292 101664 2
S 107553978 292 101669 2
S 107564977 292 101668 2
S 107575977 292 101668 2
S 107586976 292 101668 2
S 107597975 292 101666 2
S 107608975 292 101670 2
S 107619974 292 101667 2
S 107630973 292 101666 2
S 107641973 292 101664 2
S 107652972 292 101667 2
S 107663971 292 101665 2
S 107674970 292 101664 2
S 107685970 292 101662 2
S 107696969 292 101661 2
S 107707968 292 101659 2
S 107718968 292 101661 2
S 107734967 292 101657 2
S 107745966 292 101658 2
S 107756965 292 101659 2
S 107767965 292 101656 2
S 107778964 292 101655 2
S 107789963 292 101661 2
S 107800963 292 101659 2
S 107811962 292 101661 2
S 107822961 292 101661 2
S 107833961 292 101661 2
S 107844960 292 101663 2
S 107855959 292 101658 2
S 107866958 292 101659 2
S 107877958 292 101661 2
S 107888957 292 101664 2
S 107899956 292 101661 2
S 107910956 292 101661 2
S 107921955 292 101664 2
S 107932954 292 101661 2
S 107943954 292 101665 2
S 107954953 292 101663 2
S 107965952 292 101662 2
S 107976952 292 101657 2
S 107987951 292 101663 2
S 107998950 292 101661 2
S 108009950 292 101665 2
S 108020949 292 101665 2
S 108031948 292 101667 2
S 108042947 292 101665 2
S 108053947 292 101658 2
S 108064946 292 101658 2
S 108075945 292 101663 2
S 108086945 292 101661 2
S 108097944 292 101661 2
S 108108943 292 101660 2
S 108119943 292 101666 2
S 108130942 292 101668 2
S 108141941 292 101664 2
S 108152941 292 101667 2
S 108163940 292 101664 2
S 108174939 292 101663 2
S 108185939 292 101664 2
S 108196938 292 101661 2
S 108207937 292 101658 2
S 108218936 292 101659 2
S 108229936 292 101657 2
S 108240935 292 101658 2
S 108251934 292 101662 2
S 108262934 292 101662 2
S 108273933 292 101658 2
S 108284932 292 101659 2
S 108295932 292 101661 2
S 108306931 292 101660 2
S 108317930 292 101660 2
S 108328930 292 101661 2
S 108339929 292 101663 2
S 108350928 292 101661 2
S 108361928 292 101662 2
S 108372927 292 101661 2
S 108383926 292 101664 2
S 108394925 292 101665 2
S 108405925 292 101663 2
S 108416924 292 101668 2
S 108427923 292 101664 2
S 108438923 292 101662 2
S 108449922 292 101660 2
S 108460921 292 101656 2
S 108471921 292 101661 2
S 108482920 292 101659 2
S 108493919 292 101658 2
S 108504919 292 101657 2
S 108515918 292 101658 2
S 108526917 292 101658 2
S 108537917 292 101657 2
S 108548916 292 101658 2
S 108559915 292 101658 2
S 108570914 292 101658 2
S 108581914 292 101658 2
S 108592913 292 101658 2
S 108603912 292 101660 2
S 108614912 292 101661 2
S 108625911 292 101659 2
S 108636910 292 101657 2
S 108647910 292 101656 2
S 108658909 292 101661 2
S 108669908 292 101659 2
S 108680908 292 101659 2
S 108691907 292 101664 2
S 108702906 292 101664 2
S 108713906 292 101664 2
S 108724905 292 101664 2
S 108740904 292 101664 2
S 108751903 292 101663 2
S 108762902 292 101665 2
S 108773902 292 101665 2
S 108784901 292 101662 2
S 108795900 292 101658 2
S 108806900 292 101661 2
S 108817899 292 101662 2
S 108828898 292 101659 2
S 108839898 292 101661 2
S 108850897 292 101661 2
S 108861896 292 101658 2
S 108872896 292 101655 2
S 108883895 292 101661 2
S 108894894 292 101658 2
S 108905894 292 101657 2
S 108916893 292 101662 2
S 108927892 292 101658 2
S 108938891 292 101658 2
S 108949891 292 101659 2
S 108960890 292 101663 2
S 108971889 292 101664 2
S 108982889 292 101663 2
S 108993888 292 101663 2
S 109004887 292 101663 2
S 109015887 292 101657 2
S 109026886 292 101660 2
S 109037885 292 101663 2
S 109048885 292 101657 2
S 109059884 292 101661 2
S 109070883 292 101662 2
S 109081883 292 101660 2
S 109092882 292 101664 2
S 109103881 292 101664 2
S 109114880 292 101661 2
S 109125880 292 101659 2
S 109136879 292 101658 2
S 109147878 292 101660 2
S 109158878 292 101661 2
S 109169877 292 101656 2
S 109180876 292 101658 2
S 109191876 292 101657 2
S 109202875 292 101661 2
S 109213874 292 101659 2
S 109224874 292 101664 2
S 109235873 292 101661 2
S 109246872 292 101661 2
S 109257872 292 101664 2
S 109268871 292 101663 2
S 109279870 292 101664 2
S 109290869 292 101661 2
S 109301869 292 101659 2
S 109312868 292 101662 2
S 109323867 292 101662 2
S 109334867 292 101663 2
S 109345866 292 101663 2
S 109356865 292 101667 2
S 109367865 292 101666 2
S 109378864 292 101664 2
S 109389863 292 101664 2
S 109400863 292 101660 2
S 109411862 292 101661 2
S 109422861 292 101662 2
S 109433861 292 101664 2
S 109444860 292 101656 2
S 109455859 292 101661 2
S 109466858 292 101662 2
S 109477858 292 101661 2
S 109488857 292 101657 2
S 109499856 292 101662 2
S 109510856 292 101660 2
S 109521855 292 101658 2
S 109532854 292 101662 2
S 109543854 292 101657 2
S 109554853 292 101662 2
S 109565852 292 101660 2
S 109576852 292 101660 2
S 109587851 292 101659 2
S 109598850 292 101662 2
S 109609850 292 101659 2
S 109620849 292 101661 2
S 109631848 292 101658 2
S 109642847 292 101664 2
S 109653847 292 101661 2
S 109664846 292 101661 2
S 109675845 292 101659 2
S 109686845 292 101658 2
S 109697844 292 101659 2
S 109708843 292 101661 2
S 109719843 292 101660 2
S 109730842 292 101661 2
S 109746841 292 101670 2
S 109757840 292 101667 2
S 109768840 292 101666 2
S 109779839 292 101664 2
S 109790838 292 101663 2
S 109801838 292 101665 2
S 109812837 292 101665 2
S 109823836 292 101670 2
S 109834835 292 101667 2
S 109845835 292 101673 2
S 109856834 292 101671 2
S 109867833 292 101670 2
S 109878833 292 101670 2
S 109889832 292 101669 2
S 109900831 292 101669 2
S 109911831 292 101670 2
S 109922830 292 101665 2
S 109933829 292 101666 2
S 109944829 292 101663 2
S 109955828 292 101664 2
S 109966827 292 101667 2
S 109977827 292 101666 2
S 109988826 292 101667 2
S 109999825 292 101661 2
S 110010824 292 101665 2
S 110021824 292 101666 2
S 110032823 292 101661 2
S 110043822 292 101662 2
S 110054822 292 101660 2
S 110065821 292 101664 2
S 110076820 292 101662 2
S 110087820 292 101666 2
S 110098819 292 101659 2
S 110109818 292 101665 2
S 110120818 292 101667 2
S 110131817 292 101660 2
S 110142816 292 101665 2
S 110153816 292 101668 2
S 110164815 292 101667 2
S 110175814 292 101661 2
S 110186813 292 101667 2
S 110197813 292 101664 2
S 110208812 292 101668 2
S 110219811 292 101663 2
S 110230811 292 101664 2
S 110241810 292 101664 2
S 110252809 292 101665 2
S 110263809 292 101667 2
S 110274808 292 101665 2
S 110285807 292 101661 2
S 110296807 292 101664 2
S 110307806 292 101665 2
S 110318805 292 101663 2
S 110329805 292 101669 2
S 110340804 292 101667 2
S 110351803 292 101668 2
S 110362802 292 101668 2
S 110373802 292 101665 2
S 110384801 292 101664 2
S 110395800 292 101667 2
S 110406800 292 101668 2
S 110417799 292 101667 2
S 110428798 292 101668 2
S 110439798 292 101669 2
S 110450797 292 101661 2
S 110461796 292 101667 2
S 110472796 292 101665 2
S 110483795 292 101666 2
S 110494794 292 101666 2
S 110505794 292 101667 2
S 110516793 292 101669 2
S 110527792 292 101669 2
S 110538791 292 101666 2
S 110549791 292 101664 2
S 110560790 292 101665 2
S 110571789 292 101671 2
S 110582789 292 101665 2
S 110593788 292 101669 2
S 110604787 292 101668 2
S 110615787 292 101663 2
S 110626786 292 101667 2
S 110637785 292 101665 2
S 110648785 292 101661 2
S 110659784 292 101665 2
S 110670783 292 101665 2
S 110681783 292 101664 2
S 110692782 292 101662 2
S 110703781 292 101664 2
S 110714780 292 101666 2
S 110725780 292 101662 2
S 110736779 292 101661 2
S 110752778 292 101663 2
S 110763777 292 101661 2
S 110774777 292 101661 2
S 110785776 292 101665 2
S 110796775 292 101665 2
S 110807775 292 101659 2
S 110818774 292 101663 2
S 110829773 292 101664 2
S 110840773 292 101667 2
S 110851772 292 101668 2
S 110862771 292 101664 2
S 110873771 292 101663 2
S 110884770 292 101665 2
S 110895769 292 101658 2
S 110906768 292 101653 2
S 110917768 292 101662 2
S 110928767 292 101667 2
S 110939766 292 101665 2
S 110950766 292 101662 2
S 110961765 292 101661 2
S 110972764 292 101663 2
S 110983764 292 101662 2
S 110994763 292 101659 2
S 111005762 292 101663 2
S 111016762 292 101664 2
S 111027761 292 101666 2
S 111038760 292 101662 2
S 111049760 292 101664 2
S 111060759 292 101664 2
S 111071758 292 101664 2
S 111082757 292 101664 2
S 111093757 292 101668 2
S 111104756 292 101666 2
S 111115755 292 101665 2
S 111126755 292 101666 2
S 111137754 292 101665 2
S 111148753 292 101668 2
S 111159753 292 101664 2
S 111170752 292 101662 2
S 111181751 292 101664 2
S 111192751 292 101666 2
S 111203750 292 101666 2
S 111214749 292 101666 2
S 111225749 292 101662 2
S 111236748 292 101661 2
S 111247747 292 101657 2
S 111258746 292 101661 2
S 111269746 292 101663 2
S 111280745 292 101669 2
S 111291744 292 101669 2
S 111302744 292 101667 2
S 111313743 292 101664 2
S 111324742 292 101665 2
S 111335742 292 101660 2
S 111346741 292 101661 2
S 111357740 292 101658 2
S 111368740 292 101663 2
S 111379739 292 101666 2
S 111390738 292 101667 2
S 111401738 292 101662 2
S 111412737 292 101664 2
S 111423736 292 101661 2
S 111434735 292 101659 2
S 111445735 292 101661 2
S 111456734 292 101661 2
S 111467733 292 101664 2
S 111478733 292 101661 2
S 111489732 292 101664 2
S 111500731 292 101661 2
S 111511731 292 101665 2
S 111522730 292 101662 2
S 111533729 292 101664 2
S 111544729 292 101661 2
S 111555728 292 101663 2
S 111566727 292 101661 2
S 111577727 292 101664 2
S 111588726 292 101666 2
S 111599725 292 101663 2
S 111610724 292 101667 2
S 111621724 292 101664 2
S 111632723 292 101660 2
S 111643722 292 101664 2
S 111654722 292 101660 2
S 111665721 292 101667 2
S 111676720 292 101663 2
S 111687720 292 101661 2
S 111698719 292 101664 2
S 111709718 292 101667 2
S 111720718 292 101662 2
S 111731717 292 101665 2
S 111742716 292 101667 2
S 111758715 292 101663 2
S 111769715 292 101662 2
S 111780714 292 101662 2
S 111791713 292 101664 2
S 111802712 292 101661 2
S 111813712 292 101659 2
S 111824711 292 101663 2
S 111835710 292 101664 2
S 111846710 292 101661 2
S 111857709 292 101665 2
S 111868708 292 101662 2
S 111879708 292 101668 2
S 111890707 292 101667 2
S 111901706 292 101664 2
S 111912706 292 101666 2
S 111923705 292 101663 2
S 111934704 292 101663 2
S 111945704 292 101663 2
S 111956703 292 101667 2
S 111967702 292 101664 2
S 111978701 292 101663 2
S 111989701 292 101663 2
S 112000701 292 101662 2
S 112011699 292 101661 2
S 112022699 292 101663 2
S 112033698 292 101662 2
S 112044697 292 101661 2
S 112055697 292 101663 2
S 112066696 292 101658 2
S 112077695 292 101659 2
S 112088695 292 101657 2
S 112099694 292 101661 2
S 112110693 292 101662 2
S 112121693 292 101661 2
S 112132692 292 101658 2
S 112143691 292 101665 2
S 112154690 292 101658 2
S 112165690 292 101664 2
S 112176689 292 101664 2
S 112187688 292 101663 2
S 112198688 292 101665 2
S 112209687 292 101666 2
S 112220686 292 101664 2
S 112231686 292 101660 2
S 112242685 292 101661 2
S 112253684 292 101663 2
S 112264684 292 101664 2
S 112275683 292 101656 2
S 112286682 292 101658 2
S 112297682 292 101662 2
S 112308681 292 101663 2
S 112319680 292 101664 2
S 112330679 292 101662 2
S 112341679 292 101661 2
S 112352678 292 101664 2
S 112363677 292 101664 2
S 112374677 292 101663 2
S 112385676 292 101662 2
S 112396675 292 101661 2
S 112407675 292 101664 2
S 112418674 292 101662 2
S 112429673 292 101661 2
S 112440673 292 101664 2
S 112451672 292 101663 2
S 112462671 292 101664 2
S 112473671 292 101663 2
S 112484670 292 101662 2
S 112495669 292 101667 2
S 112506668 292 101665 2
S 112517668 292 101666 2
S 112528667 292 101667 2
S 112539666 292 101668 2
S 112550666 292 101665 2
S 112561665 292 101661 2
S 112572664 292 101666 2
S 112583664 292 101664 2
S 112594663 292 101667 2
S 112605662 292 101666 2
S 112616662 292 101665 2
S 112627661 292 101661 2
S 112638660 292 101660 2
S 112649660 292 101661 2
S 112660659 292 101659 2
S 112671658 292 101660 2
S 112682657 292 101665 2
S 112693657 292 101664 2
S 112704656 292 101662 2
S 112715655 292 101667 2
S 112726655 292 101664 2
S 112737654 292 101667 2
S 112748653 292 101667 2
S 112764652 292 101668 2
S 112775652 292 101673 2
S 112786651 292 101670 2
S 112797650 292 101669 2
S 112808650 292 101668 2
S 112819649 292 101673 2
S 112830648 292 101670 2
S 112841648 292 101663 2
S 112852647 292 101670 2
S 112863646 292 101671 2
S 112874645 292 101667 2
S 112885645 292 101662 2
S 112896644 292 101665 2
S 112907643 292 101668 2
S 112918643 292 101664 2
S 112929642 292 101666 2
S 112940641 292 101666 2
S 112951641 292 101669 2
S 112962640 292 101665 2
S 112973639 292 101662 2
S 112984639 292 101664 2
S 112995638 292 101664 2
S 113006637 292 101665 2
S 113017637 292 101667 2
S 113028636 292 101665 2
S 113039635 292 101665 2
S 113050634 292 101664 2
S 113061634 292 101666 2
S 113072633 292 101665 2
S 113083632 292 101663 2
S 113094632 292 101667 2
S 113105631 292 101665 2
S 113116630 292 101661 2
S 113127630 292 101663 2
S 113138629 292 101659 2
S 113149628 292 101664 2
S 113160628 292 101666 2
S 113171627 292 101664 2
S 113182626 292 101666 2
S 113193626 292 101664 2
S 113204625 292 101663 2
S 113215624 292 101664 2
S 113226623 292 101664 2
S 113237623 292 101658 2
S 113248622 292 101663 2
S 113259621 292 101658 2
S 113270621 292 101668 2
S 113281620 292 101665 2
S 113292619 292 101666 2
S 113303619 292 101668 2
S 113314618 292 101673 2
S 113325617 292 101665 2
S 113336617 292 101663 2
S 113347616 292 101664 2
S 113358615 292 101671 2
S 113369615 292 101667 2
S 113380614 292 101670 2
S 113391613 292 101668 2
S 113402612 292 101667 2
S 113413612 292 101668 2
S 113424611 292 101663 2
S 113435610 292 101664 2
S 113446610 292 101663 2
S 113457609 292 101669 2
S 113468608 292 101663 2
S 113479608 292 101661 2
S 113490607 292 101667 2
S 113501606 292 101666 2
S 113512606 292 101663 2
S 113523605 292 101660 2
S 113534604 292 101667 2
S 113545604 292 101661 2
S 113556603 292 101664 2
S 113567602 292 101666 2
S 113578601 292 101664 2
S 113589601 292 101668 2
S 113600600 292 101665 2
S 113611599 292 101664 2
S 113622599 292 101663 2
S 113633598 292 101666 2
S 113644597 292 101667 2
S 113655597 292 101665 2
S 113666596 292 101667 2
S 113677595 292 101664 2
S 113688595 292 101664 2
S 113699594 292 101667 2
S 113710593 292 101670 2
S 113721593 292 101666 2
S 113732592 292 101667 2
S 113743591 292 101667 2
S 113754590 292 101661 2
S 113770589 292 101669 2
S 113781589 292 101670 2
S 113792588 292 101664 2
S 113803587 292 101662 2
S 113814587 292 101665 2
S 113825586 292 101661 2
S 113836585 292 101664 2
S 113847585 292 101667 2
S 113858584 292 101667 2
S 113869583 292 101668 2
S 113880583 292 101670 2
S 113891582 292 101670 2
S 113902581 292 101670 2
S 113913581 292 101670 2
S 113924580 292 101668 2
S 113935579 292 101663 2
S 113946578 292 101664 2
S 113957578 292 101668 2
S 113968577 292 101665 2
S 113979576 292 101662 2
S 113990576 292 101663 2
S 114001576 292 101667 2
S 114012574 292 101666 2
S 114023574 292 101663 2
S 114034573 292 101665 2
S 114045572 292 101663 2
S 114056572 292 101667 2
S 114067571 292 101669 2
S 114078570 292 101666 2
S 114089570 292 101666 2
S 114100569 292 101669 2
S 114111568 292 101666 2
S 114122567 292 101667 2
S 114133567 292 101668 2
S 114144566 292 101670 2
S 114155565 292 101665 2
S 114166565 292 101667 2
S 114177564 292 101661 2
S 114188563 292 101665 2
S 114199563 292 101665 2
S 114210562 292 101666 2
S 114221561 292 101666 2
S 114232561 292 101664 2
S 114243560 292 101662 2
S 114254559 292 101664 2
S 114265559 292 101661 2
S 114276558 292 101667 2
S 114287557 292 101667 2
S 114298556 292 101669 2
S 114309556 292 101672 2
S 114320555 292 101670 2
S 114331554 292 101665 2
S 114342554 292 101663 2
S 114353553 292 101665 2
S 114364552 292 101664 2
S 114375552 292 101667 2
S 114386551 292 101666 2
S 114397550 292 101670 2
S 114408550 292 101670 2
S 114419549 292 101667 2
S 114430548 292 101667 2
S 114441548 292 101672 2
S 114452547 292 101667 2
S 114463546 292 101663 2
S 114474545 292 101667 2
S 114485545 292 101663 2
S 114496544 292 101662 2
S 114507543 292 101667 2
S 114518543 292 101664 2
S 114529542 292 101663 2
S 114540541 292 101667 2
S 114551541 292 101664 2
S 114562540 292 101666 2
S 114573539 292 101668 2
S 114584539 292 101665 2
S 114595538 292 101669 2
S 114606537 292 101670 2
S 114617537 292 101666 2
S 114628536 292 101664 2
S 114639535 292 101660 2
S 114650534 292 101664 2
S 114661534 292 101664 2
S 114672533 292 101667 2
S 114683532 292 101666 2
S 114694532 292 101665 2
S 114705531 292 101669 2
S 114716530 292 101665 2
S 114727530 292 101668 2
S 114738529 292 101667 2
S 114749528 292 101667 2
S 114760528 292 101668 2
S 114776527 292 101669 2
S 114787526 292 101665 2
S 114798525 292 101667 2
S 114809525 292 101667 2
S 114820524 292 101664 2
S 114831523 292 101665 2
S 114842522 292 101668 2
S 114853522 292 101667 2
S 114864521 292 101667 2
S 114875520 292 101668 2
S 114886520 292 101667 2
S 114897519 292 101665 2
S 114908518 292 101667 2
S 114919518 292 101667 2
S 114930517 292 101670 2
S 114941516 292 101670 2
S 114952516 292 101669 2
S 114963515 292 101664 2
S 114974514 292 101663 2
S 114985514 292 101667 2
S 114996513 292 101668 2
S 115007512 292 101665 2
S 115018511 292 101667 2
S 115029511 292 101667 2
S 115040510 292 101664 2
S 115051509 292 101666 2
S 115062509 292 101663 2
S 115073508 292 101670 2
S 115084507 292 101667 2
S 115095507 292 101668 2
S 115106506 292 101665 2
S 115117505 292 101669 2
S 115128505 292 101670 2
S 115139504 292 101673 2
S 115150503 292 101667 2
S 115161503 292 101666 2
S 115172502 292 101668 2
S 115183501 292 101668 2
S 115194500 292 101670 2
S 115205500 292 101670 2
S 115216499 292 101675 2
S 115227498 292 101671 2
S 115238498 292 101669 2
S 115249497 292 101668 2
S 115260496 292 101672 2
S 115271496 292 101666 2
S 115282495 292 101671 2
S 115293494 292 101671 2
S 115304494 292 101670 2
S 115315493 292 101672 2
S 115326492 292 101672 2
S 115337492 292 101670 2
S 115348491 292 101673 2
S 115359490 292 101673 2
S 115370489 292 101673 2
S 115381489 292 101668 2
S 115392488 292 101670 2
S 115403487 292 101670 2
S 115414487 292 101672 2
S 115425486 292 101672 2
S 115436485 292 101668 2
S 115447485 292 101675 2
S 115458484 292 101669 2
S 115469483 292 101669 2
S 115480483 292 101674 2
S 115491482 292 101673 2
S 115502481 292 101672 2
S 115513481 292 101673 2
S 115524480 292 101669 2
S 115535479 292 101670 2
S 115546478 292 101670 2
S 115557478 292 101676 2
S 115568477 292 101668 2
S 115579476 292 101673 2
S 115590476 292 101667 2
S 115601475 292 101666 2
S 115612474 292 101667 2
S 115623474 292 101670 2
S 115634473 292 101671 2
S 115645472 292 101671 2
S 115656472 292 101667 2
S 115667471 292 101670 2
S 115678470 292 101671 2
S 115689470 292 101665 2
S 115700469 292 101665 2
S 115711468 292 101671 2
S 115722467 292 101673 2
S 115733467 292 101672 2
S 115744466 292 101673 2
S 115755465 292 101671 2
S 115766465 292 101674 2
S 115782464 292 101674 2
S 115793463 292 101673 2
S 115804462 292 101668 2
S 115815462 292 101673 2
S 115826461 292 101676 2
S 115837460 292 101666 2
S 115848460 292 101672 2
S 115859459 292 101669 2
S 115870458 292 101671 2
S 115881458 292 101666 2
S 115892457 292 101670 2
S 115903456 292 101673 2
S 115914455 292 101670 2
S 115925455 292 101661 2
S 115936454 292 101668 2
S 115947453 292 101671 2
S 115958453 292 101673 2
S 115969452 292 101670 2
S 115980451 292 101670 2
S 115991451 292 101671 2
S 116002450 292 101673 2
S 116013449 292 101670 2
S 116024449 292 101670 2
S 116035448 292 101670 2
S 116046447 292 101669 2
S 116057447 292 101670 2
S 116068446 292 101670 2
S 116079445 292 101671 2
S 116090444 292 101668 2
S 116101444 292 101669 2
S 116112443 292 101667 2
S 116123442 292 101670 2
S 116134442 292 101667 2
S 116145441 292 101666 2
S 116156440 292 101671 2
S 116167440 292 101671 2
S 116178439 292 101674 2
S 116189438 292 101673 2
S 116200438 292 101669 2
S 116211437 292 101673 2
S 116222436 292 101672 2
S 116233436 292 101673 2
S 116244435 292 101673 2
S 116255434 292 101673 2
S 116266433 292 101674 2
S 116277433 292 101671 2
S 116288432 292 101670 2
S 116299431 292 101673 2
S 116310431 292 101670 2
S 116321430 292 101670 2
S 116332429 292 101673 2
S 116343429 292 101670 2
S 116354428 292 101670 2
S 116365427 292 101666 2
S 116376427 292 101667 2
S 116387426 292 101667 2
S 116398425 292 101666 2
S 116409425 292 101667 2
S 116420424 292 101669 2
S 116431423 292 101670 2
S 116442422 292 101664 2
S 116453422 292 101672 2
S 116464421 292 101670 2
S 116475420 292 101673 2
S 116486420 292 101671 2
S 116497419 292 101672 2
S 116508418 292 101671 2
S 116519418 292 101676 2
S 116530417 292 101678 2
S 116541416 292 101673 2
S 116552416 292 101679 2
S 116563415 292 101676 2
S 116574414 292 101677 2
S 116585414 292 101679 2
S 116596413 292 101675 2
S 116607412 292 101674 2
S 116618411 292 101673 2
S 116629411 292 101676 2
S 116640410 292 101670 2
S 116651409 292 101673 2
S 116662409 292 101675 2
S 116673408 292 101672 2
S 116684407 292 101671 2
S 116695407 292 101674 2
S 116706406 292 101677 2
S 116717405 292 101675 2
S 116728405 292 101676 2
S 116739404 292 101670 2
S 116750403 292 101669 2
S 116761403 292 101673 2
S 116772402 292 101673 2
S 116788401 292 101660 2
S 116799400 292 101661 2
S 116810399 292 101659 2
S 116821399 292 101656 2
S 116832398 292 101661 2
S 116843397 292 101661 2
S 116854397 292 101667 2
S 116865396 292 101661 2
S 116876395 292 101657 2
S 116887395 292 101664 2
S 116898394 292 101667 2
S 116909393 292 101668 2
S 116920393 292 101659 2
S 116931392 292 101658 2
S 116942391 292 101661 2
S 116953391 292 101663 2
S 116964390 292 101661 2
S 116975389 292 101661 2
S 116986388 292 101659 2
S 116997388 292 101661 2
S 117008387 292 101659 2
S 117019386 292 101661 2
S 117030386 292 101664 2
S 117041385 292 101664 2
S 117052384 292 101666 2
S 117063384 292 101664 2
S 117074383 292 101666 2
S 117085382 292 101664 2
S 117096382 292 101664 2
S 117107381 292 101663 2
S 117118380 292 101659 2
S 117129380 292 101660 2
S 117140379 292 101658 2
S 117151378 292 101666 2
S 117162377 292 101660 2
S 117173377 292 101660 2
S 117184376 292 101655 2
S 117195375 292 101666 2
S 117206375 292 101661 2
S 117217374 292 101664 2
S 117228373 292 101659 2
S 117239373 292 101659 2
S 117250372 292 101666 2
S 117261371 292 101661 2
S 117272371 292 101664 2
S 117283370 292 101663 2
S 117294369 292 101663 2
S 117305369 292 101665 2
S 117316368 292 101664 2
S 117327367 292 101664 2
S 117338366 292 101661 2
S 117349366 292 101664 2
S 117360365 292 101665 2
S 117371364 292 101663 2
S 117382364 292 101663 2
S 117393363 292 101667 2
S 117404362 292 101669 2
S 117415362 292 101663 2
S 117426361 292 101664 2
S 117437360 292 101666 2
S 117448360 292 101666 2
S 117459359 292 101668 2
S 117470358 292 101665 2
S 117481358 292 101664 2
S 117492357 292 101666 2
S 117503356 292 101662 2
S 117514355 292 101664 2
S 117525355 292 101664 2
S 117536354 292 101665 2
S 117547353 292 101664 2
S 117558353 292 101667 2
S 117569352 292 101669 2
S 117580351 292 101665 2
S 117591351 292 101664 2
S 117602350 292 101662 2
S 117613349 292 101662 2
S 117624349 292 101664 2
S 117635348 292 101667 2
S 117646347 292 101664 2
S 117657347 292 101663 2
S 117668346 292 101666 2
S 117679345 292 101662 2
S 117690344 292 101664 2
S 117701344 292 101669 2
S 117712343 292 101666 2
S 117723342 292 101664 2
S 117734342 292 101666 2
S 117745341 292 101664 2
S 117756340 292 101662 2
S 117767340 292 101666 2
S 117778339 292 101667 2
S 117794338 292 101665 2
S 117805337 292 101661 2
S 117816337 292 101667 2
S 117827336 292 101668 2
S 117838335 292 101670 2
S 117849335 292 101666 2
S 117860334 292 101667 2
S 117871333 292 101667 2
S 117882332 292 101667 2
S 117893332 292 101664 2
S 117904331 292 101672 2
S 117915330 292 101664 2
S 117926330 292 101663 2
S 117937329 292 101663 2
S 117948328 292 101665 2
S 117959328 292 101667 2
S 117970327 292 101664 2
S 117981326 292 101671 2
S 117992326 292 101669 2
S 118003325 292 101663 2
S 118014324 292 101669 2
S 118025324 292 101660 2
S 118036323 292 101664 2
S 118047322 292 101664 2
S 118058321 292 101664 2
S 118069321 292 101666 2
S 118080320 292 101663 2
S 118091319 292 101664 2
S 118102319 292 101667 2
S 118113318 292 101662 2
S 118124317 292 101664 2
S 118135317 292 101668 2
S 118146316 292 101658 2
S 118157315 292 101666 2
S 118168315 292 101664 2
S 118179314 292 101661 2
S 118190313 292 101664 2
S 118201313 292 101666 2
S 118212312 292 101662 2
S 118223311 292 101666 2
S 118234310 292 101668 2
S 118245310 292 101664 2
S 118256309 292 101665 2
S 118267308 292 101664 2
S 118278308 292 101664 2
S 118289307 292 101664 2
S 118300306 292 101668 2
S 118311306 292 101673 2
S 118322305 292 101671 2
S 118333304 292 101671 2
S 118344304 292 101667 2
S 118355303 292 101665 2
S 118366302 292 101665 2
S 118377302 292 101664 2
S 118388301 292 101667 2
S 118399300 292 101667 2
S 118410299 292 101661 2
S 118421299 292 101667 2
S 118432298 292 101667 2
S 118443297 292 101661 2
S 118454297 292 101664 2
S 118465296 292 101663 2
S 118476295 292 101664 2
S 118487295 292 101661 2
S 118498294 292 101667 2
S 118509293 292 101665 2
S 118520293 292 101663 2
S 118531292 292 101664 2
S 118542291 292 101662 2
S 118553291 292 101664 2
S 118564290 292 101660 2
S 118575289 292 101661 2
S 118586288 292 101661 2
S 118597288 292 101664 2
S 118608287 292 101663 2
S 118619286 292 101670 2
S 118630286 292 101660 2
S 118641285 292 101658 2
S 118652284 292 101661 2
S 118663284 292 101664 2
S 118674283 292 101661 2
S 118685282 292 101657 2
S 118696282 292 101666 2
S 118707281 292 101658 2
S 118718280 292 101658 2
S 118729280 292 101659 2
S 118740279 292 101655 2
S 118751278 292 101663 2
S 118762277 292 101662 2
S 118773277 292 101670 2
S 118784276 292 101667 2
S 118800275 292 101669 2
S 118811274 292 101672 2
S 118822274 292 101662 2
S 118833273 292 101665 2
S 118844272 292 101667 2
S 118855272 292 101657 2
S 118866271 292 101659 2
S 118877270 292 101664 2
S 118888270 292 101662 2
S 118899269 292 101665 2
S 118910268 292 101664 2
S 118921268 292 101663 2
S 118932267 292 101664 2
S 118943266 292 101657 2
S 118954265 292 101659 2
S 118965265 292 101661 2
S 118976264 292 101662 2
S 118987263 292 101664 2
S 118998263 292 101662 2
S 119009262 292 101661 2
S 119020261 292 101658 2
S 119031261 292 101664 2
S 119042260 292 101661 2
S 119053259 292 101666 2
S 119064259 292 101664 2
S 119075258 292 101664 2
S 119086257 292 101658 2
S 119097257 292 101661 2
S 119108256 292 101665 2
S 119119255 292 101666 2
S 119130254 292 101661 2
S 119141254 292 101667 2
S 119152253 292 101667 2
S 119163252 292 101662 2
S 119174252 292 101666 2
S 119185251 292 101663 2
S 119196250 292 101668 2
S 119207250 292 101670 2
S 119218249 292 101667 2
S 119229248 292 101665 2
S 119240248 292 101661 2
S 119251247 292 101664 2
S 119262246 292 101664 2
S 119273246 292 101669 2
S 119284245 292 101663 2
S 119295244 292 101667 2
S 119306243 292 101667 2
S 119317243 292 101665 2
S 119328242 292 101667 2
S 119339241 292 101667 2
S 119350241 292 101664 2
S 119361240 292 101666 2
S 119372239 292 101667 2
S 119383239 292 101669 2
S 119394238 292 101669 2
S 119405237 292 101664 2
S 119416237 292 101670 2
S 119427236 292 101668 2
S 119438235 292 101663 2
S 119449235 292 101668 2
S 119460234 292 101668 2
S 119471233 292 101667 2
S 119482232 292 101669 2
S 119493232 292 101672 2
S 119504231 292 101669 2
S 119515230 292 101667 2
S 119526230 292 101667 2
S 119537229 292 101664 2
S 119548228 292 101667 2
S 119559228 292 101664 2
S 119570227 292 101667 2
S 119581226 292 101670 2
S 119592226 292 101662 2
S 119603225 292 101665 2
S 119614224 292 101665 2
S 119625224 292 101669 2
S 119636223 292 101667 2
S 119647222 292 101671 2
S 119658221 292 101667 2
S 119669221 292 101667 2
S 119680220 292 101662 2
S 119691219 292 101667 2
S 119702219 292 101667 2
S 119713218 292 101666 2
S 119724217 292 101668 2
S 119735217 292 101668 2
S 119746216 292 101671 2
S 119757215 292 101671 2
S 119768215 292 101669 2
S 119779214 292 101669 2
S 119790213 292 101670 2
S 119806212 291 101664 2
S 119817212 291 101666 2
S 119828211 291 101667 2
S 119839210 291 101670 2
S 119850209 291 101672 2
S 119861209 291 101672 2
S 119872208 291 101667 2
S 119883207 291 101674 2
S 119894207 291 101664 2
S 119905206 291 101664 2
S 119916205 291 101666 2
S 119927205 291 101669 2
S 119938204 291 101669 2
S 119949203 291 101666 2
S 119960203 291 101663 2
S 119971202 291 101666 2
S 119982201 291 101659 2
S 119993201 291 101660 2
S 120004200 291 101659 2
S 120015199 291 101658 2
S 120026198 291 101657 2
S 120037198 291 101664 2
S 120048197 291 101666 2
S 120059196 291 101666 2
S 120070196 291 101662 2
S 120081195 291 101664 2
S 120092194 291 101663 2
S 120103194 291 101661 2
S 120114193 291 101658 2
S 120125192 291 101662 2
S 120136192 291 101667 2
S 120147191 291 101662 2
S 120158190 291 101660 2
S 120169190 291 101659 2
S 120180189 291 101663 2
S 120191188 291 101662 2
S 120202187 291 101659 2
S 120213187 291 101662 2
S 120224186 291 101663 2
S 120235185 291 101664 2
S 120246185 291 101665 2
S 120257184 291 101668 2
S 120268183 291 101661 2
S 120279183 291 101661 2
S 120290182 291 101663 2
S 120301181 291 101661 2
S 120312181 291 101665 2
S 120323180 291 101666 2
S 120334179 291 101663 2
S 120345179 291 101662 2
S 120356178 291 101658 2
S 120367177 291 101666 2
S 120378176 291 101665 2
S 120389176 291 101667 2
S 120400175 291 101664 2
S 120411174 291 101669 2
S 120422174 291 101664 2
S 120433173 291 101665 2
S 120444172 291 101663 2
S 120455172 291 101665 2
S 120466171 291 101663 2
S 120477170 291 101662 2
S 120488170 291 101663 2
S 120499169 291 101662 2
S 120510168 291 101662 2
S 120521168 291 101666 2
S 120532167 291 101661 2
S 120543166 291 101663 2
S 120554165 291 101661 2
S 120565165 291 101662 2
S 120576164 291 101663 2
S 120587163 291 101661 2
S 120598163 291 101658 2
S 120609162 291 101661 2
S 120620161 291 101663 2
S 120631161 291 101663 2
S 120642160 291 101662 2
S 120653159 291 101661 2
S 120664159 291 101661 2
S 120675158 291 101666 2
S 120686157 291 101660 2
S 120697157 291 101661 2
S 120708156 291 101666 2
S 120719155 291 101662 2
S 120730154 291 101665 2
S 120741154 291 101667 2
S 120752153 291 101663 2
S 120763152 291 101661 2
S 120774152 291 101661 2
S 120785151 291 101663 2
S 120796150 291 101663 2
S 120812149 291 101668 2
S 120823149 291 101667 2
S 120834148 291 101666 2
S 120845147 291 101667 2
S 120856147 291 101669 2
S 120867146 291 101666 2
S 120878145 291 101663 2
S 120889145 291 101664 2
S 120900144 291 101666 2
S 120911143 291 101663 2
S 120922142 291 101663 2
S 120933142 291 101666 2
S 120944141 291 101664 2
S 120955140 291 101663 2
S 120966140 291 101669 2
S 120977139 291 101666 2
S 120988138 291 101666 2
S 120999138 291 101669 2
S 121010137 291 101668 2
S 121021136 291 101663 2
S 121032136 291 101667 2
S 121043135 291 101669 2
S 121054134 291 101667 2
S 121065134 291 101669 2
S 121076133 291 101669 2
S 121087132 291 101669 2
S 121098131 291 101669 2
S 121109131 291 101663 2
S 121120130 291 101669 2
S 121131129 291 101671 2
S 121142129 291 101669 2
S 121153128 291 101668 2
S 121164127 291 101666 2
S 121175127 291 101667 2
S 121186126 291 101663 2
S 121197125 291 101663 2
S 121208125 291 101668 2
S 121219124 291 101669 2
S 121230123 291 101668 2
S 121241123 291 101666 2
S 121252122 291 101663 2
S 121263121 291 101664 2
S 121274120 291 101666 2
S 121285120 291 101663 2
S 121296119 291 101665 2
S 121307118 291 101664 2
S 121318118 291 101664 2
S 121329117 291 101668 2
S 121340116 291 101665 2
S 121351116 291 101666 2
S 121362115 291 101663 2
S 121373114 291 101666 2
S 121384114 291 101666 2
S 121395113 291 101664 2
S 121406112 291 101667 2
S 121417112 291 101664 2
S 121428111 291 101660 2
S 121439110 291 101663 2
S 121450109 291 101658 2
S 121461109 291 101666 2
S 121472108 291 101666 2
S 121483107 291 101665 2
S 121494107 291 101665 2
S 121505106 291 101667 2
S 121516105 291 101668 2
S 121527105 291 101668 2
S 121538104 291 101671 2
S 121549103 291 101669 2
S 121560103 291 101673 2
S 121571102 291 101668 2
S 121582101 291 101669 2
S 121593101 291 101665 2
S 121604100 291 101667 2
S 121615099 291 101668 2
S 121626098 291 101669 2
S 121637098 291 101668 2
S 121648097 291 101664 2
S 121659096 291 101667 2
S 121670096 291 101664 2
S 121681095 291 101669 2
S 121692094 291 101669 2
S 121703094 291 101668 2
S 121714093 291 101669 2
S 121725092 291 101664 2
S 121736092 291 101666 2
S 121747091 291 101666 2
S 121758090 291 101663 2
S 121769090 291 101667 2
S 121780089 291 101662 2
S 121791088 291 101666 2
S 121802087 291 101663 2
S 121818086 291 101667 2
S 121829086 291 101666 2
S 121840085 291 101666 2
S 121851084 291 101668 2
S 121862084 291 101666 2
S 121873083 291 101663 2
S 121884082 291 101661 2
S 121895082 291 101661 2
S 121906081 291 101661 2
S 121917080 291 101669 2
S 121928080 291 101669 2
S 121939079 291 101667 2
S 121950078 291 101668 2
S 121961078 291 101668 2
S 121972077 291 101667 2
S 121983076 291 101663 2
S 121994075 291 101663 2
S 122005075 291 101663 2
S 122016074 291 101668 2
S 122027073 291 101669 2
S 122038073 291 101664 2
S 122049072 291 101669 2
S 122060071 291 101669 2
S 122071071 291 101665 2
S 122082070 291 101665 2
S 122093069 291 101663 2
S 122104069 291 101663 2
S 122115068 291 101663 2
S 122126067 291 101665 2
S 122137067 291 101665 2
S 122148066 291 101661 2
S 122159065 291 101668 2
S 122170064 291 101665 2
S 122181064 291 101666 2
S 122192063 291 101666 2
S 122203062 291 101661 2
S 122214062 291 101663 2
S 122225061 291 101664 2
S 122236060 291 101663 2
S 122247060 291 101663 2
S 122258059 291 101663 2
S 122269058 291 101664 2
S 122280058 291 101662 2
S 122291057 291 101662 2
S 122302056 291 101663 2
S 122313056 291 101664 2
S 122324055 291 101664 2
S 122335054 291 101667 2
S 122346053 291 101668 2
S 122357053 291 101666 2
S 122368052 291 101668 2
S 122379051 291 101666 2
S 122390051 291 101663 2
S 122401050 291 101664 2
S 122412049 291 101666 2
S 122423049 291 101664 2
S 122434048 291 101667 2
S 122445047 291 101665 2
S 122456047 291 101658 2
S 122467046 291 101662 2
S 122478045 291 101662 2
S 122489045 291 101661 2
S 122500044 291 101664 2
S 122511043 291 101664 2
S 122522042 291 101667 2
S 122533042 291 101661 2
S 122544041 291 101664 2
S 122555040 291 101663 2
S 122566040 291 101663 2
S 122577039 291 101665 2
S 122588038 291 101666 2
S 122599038 291 101674 2
S 122610037 291 101668 2
S 122621036 291 101672 2
S 122632036 291 101667 2
S 122643035 291 101675 2
S 122654034 291 101668 2
S 122665034 291 101666 2
S 122676033 291 101664 2
S 122687032 291 101668 2
S 122698031 291 101670 2
S 122709031 291 101672 2
S 122720030 291 101666 2
S 122731029 291 101666 2
S 122742029 291 101667 2
S 122753028 291 101664 2
S 122764027 291 101665 2
S 122775027 291 101663 2
S 122786026 291 101664 2
S 122797025 291 101667 2
S 122808025 291 101669 2
S 122824024 291 101675 2
S 122835023 291 101671 2
S 122846022 291 101671 2
S 122857022 291 101665 2
S 122868021 291 101667 2
S 122879020 291 101666 2
S 122890019 291 101669 2
S 122901019 291 101669 2
S 122912018 291 101673 2
S 122923017 291 101666 2
S 122934017 291 101671 2
S 122945016 291 101666 2
S 122956015 291 101669 2
S 122967015 291 101666 2
S 122978014 291 101663 2
S 122989013 291 101666 2
S 123000013 291 101666 2
S 123011012 291 101666 2
S 123022011 291 101670 2
S 123033011 291 101668 2
S 123044010 291 101666 2
S 123055009 291 101669 2
S 123066008 291 101671 2
S 123077008 291 101668 2
S 123088007 291 101671 2
S 123099006 291 101670 2
S 123110006 291 101667 2
S 123121005 291 101674 2
S 123132004 291 101664 2
S 123143004 291 101664 2
S 123154003 291 101666 2
S 123165002 291 101664 2
S 123176002 291 101668 2
S 123187001 291 101669 2
S 123198000 291 101666 2
S 123209000 291 101661 2
S 123219999 291 101666 2
S 123230998 291 101666 2
S 123241997 291 101666 2
S 123252997 291 101664 2
S 123263996 291 101666 2
S 123274995 291 101668 2
S 123285995 291 101663 2
S 123296994 291 101668 2
S 123307993 291 101666 2
S 123318993 291 101670 2
S 123329992 291 101672 2
S 123340991 291 101670 2
S 123351991 291 101670 2
S 123362990 291 101664 2
S 123373989 291 101666 2
S 123384989 291 101668 2
S 123395988 291 101667 2
S 123406987 291 101669 2
S 123417986 291 101666 2
S 123428986 291 101672 2
S 123439985 291 101665 2
S 123450984 291 101668 2
S 123461984 291 101663 2
S 123472983 291 101666 2
S 123483982 291 101663 2
S 123494982 291 101666 2
S 123505981 291 101665 2
S 123516980 291 101667 2
S 123527980 291 101667 2
S 123538979 291 101666 2
S 123549978 291 101663 2
S 123560978 291 101668 2
S 123571977 291 101669 2
S 123582976 291 101671 2
S 123593975 291 101665 2
S 123604975 291 101662 2
S 123615974 291 101665 2
S 123626973 291 101667 2
S 123637973 291 101666 2
S 123648972 291 101669 2
S 123659971 291 101670 2
S 123670971 291 101666 2
S 123681970 291 101670 2
S 123692969 291 101663 2
S 123703969 291 101669 2
S 123714968 291 101672 2
S 123725967 291 101672 2
S 123736967 291 101671 2
S 123747966 291 101672 2
S 123758965 291 101671 2
S 123769964 291 101669 2
S 123780964 291 101666 2
S 123791963 291 101666 2
S 123802962 291 101669 2
S 123813962 291 101670 2
S 123829961 291 101674 2
S 123840960 291 101671 2
S 123851959 291 101669 2
S 123862959 291 101670 2
S 123873958 291 101671 2
S 123884957 291 101669 2
S 123895957 291 101669 2
S 123906956 291 101664 2
S 123917955 291 101675 2
S 123928955 291 101673 2
S 123939954 291 101674 2
S 123950953 291 101674 2
S 123961952 291 101676 2
S 123972952 291 101673 2
S 123983951 291 101672 2
S 123994950 291 101672 2
S 124005950 291 101669 2
S 124016949 291 101669 2
S 124027948 291 101666 2
S 124038948 291 101667 2
S 124049947 291 101669 2
S 124060946 291 101664 2
S 124071946 291 101672 2
S 124082945 291 101669 2
S 124093944 291 101669 2
S 124104944 291 101673 2
S 124115943 291 101670 2
S 124126942 291 101665 2
S 124137941 291 101665 2
S 124148941 291 101668 2
S 124159940 291 101669 2
S 124170939 291 101672 2
S 124181939 291 101665 2
S 124192938 291 101664 2
S 124203937 291 101666 2
S 124214937 291 101666 2
S 124225936 291 101670 2
S 124236935 291 101668 2
S 124247935 291 101669 2
S 124258934 291 101664 2
S 124269933 291 101672 2
S 124280933 291 101670 2
S 124291932 291 101665 2
S 124302931 291 101666 2
S 124313930 291 101664 2
S 124324930 291 101665 2
S 124335929 291 101663 2
S 124346928 291 101663 2
S 124357928 291 101666 2
S 124368927 291 101663 2
S 124379926 291 101663 2
S 124390926 291 101664 2
S 124401925 291 101664 2
S 124412924 291 101665 2
S 124423924 291 101664 2
S 124434923 291 101661 2
S 124445922 291 101661 2
S 124456922 291 101659 2
S 124467921 291 101661 2
S 124478920 291 101667 2
S 124489919 291 101667 2
S 124500919 291 101667 2
S 124511918 291 101665 2
S 124522917 291 101673 2
S 124533917 291 101670 2
S 124544916 291 101672 2
S 124555915 291 101666 2
S 124566915 291 101670 2
S 124577914 291 101669 2
S 124588913 291 101672 2
S 124599913 291 101672 2
S 124610912 291 101672 2
S 124621911 291 101669 2
S 124632911 291 101666 2
S 124643910 291 101666 2
S 124654909 291 101668 2
S 124665908 291 101667 2
S 124676908 291 101668 2
S 124687907 291 101664 2
S 124698906 291 101667 2
S 124709906 291 101674 2
S 124720905 291 101669 2
S 124731904 291 101668 2
S 124742904 291 101665 2
S 124753903 291 101662 2
S 124764902 291 101661 2
S 124775902 291 101666 2
S 124786901 291 101670 2
S 124797900 291 101666 2
S 124808900 291 101664 2
S 124819899 291 101662 2
S 124835898 291 101664 2
S 124846897 291 101663 2
S 124857896 291 101662 2
S 124868896 291 101660 2
S 124879895 291 101664 2
S 124890894 291 101663 2
S 124901894 291 101660 2
S 124912893 291 101661 2
S 124923892 291 101662 2
S 124934892 291 101661 2
S 124945891 291 101660 2
S 124956890 291 101659 2
S 124967890 291 101661 2
S 124978889 291 101663 2
S 124989888 291 101662 2
S 125000888 291 101664 2
S 125011887 291 101666 2
S 125022886 291 101668 2
S 125033885 291 101665 2
S 125044885 291 101667 2
S 125055884 291 101665 2
S 125066883 291 101664 2
S 125077883 291 101667 2
S 125088882 291 101662 2
S 125099881 291 101667 2
S 125110881 291 101669 2
S 125121880 291 101669 2
S 125132879 291 101665 2
S 125143879 291 101665 2
S 125154878 291 101666 2
S 125165877 291 101663 2
S 125176877 291 101658 2
S 125187876 291 101659 2
S 125198875 291 101663 2
S 125209874 291 101661 2
S 125220874 291 101662 2
S 125231873 291 101664 2
S 125242872 291 101664 2
S 125253872 291 101663 2
S 125264871 291 101666 2
S 125275870 291 101661 2
S 125286870 291 101664 2
S 125297869 291 101660 2
S 125308868 291 101666 2
S 125319868 291 101664 2
S 125330867 291 101663 2
S 125341866 291 101665 2
S 125352866 291 101666 2
S 125363865 291 101663 2
S 125374864 291 101666 2
S 125385863 291 101664 2
S 125396863 291 101664 2
S 125407862 291 101666 2
S 125418861 291 101666 2
S 125429861 291 101667 2
S 125440860 291 101663 2
S 125451859 291 101669 2
S 125462859 291 101663 2
S 125473858 291 101663 2
S 125484857 291 101662 2
S 125495857 291 101660 2
S 125506856 291 101658 2
S 125517855 291 101666 2
S 125528855 291 101662 2
S 125539854 291 101667 2
S 125550853 291 101668 2
S 125561852 291 101662 2
S 125572852 291 101663 2
S 125583851 291 101664 2
S 125594850 291 101666 2
S 125605850 291 101663 2
S 125616849 291 101666 2
S 125627848 291 101673 2
S 125638848 291 101663 2
S 125649847 291 101665 2
S 125660846 291 101658 2
S 125671846 291 101665 2
S 125682845 291 101662 2
S 125693844 291 101663 2
S 125704844 291 101667 2
S 125715843 291 101666 2
S 125726842 291 101661 2
S 125737841 291 101660 2
S 125748841 291 101661 2
S 125759840 291 101663 2
S 125770839 291 101665 2
S 125781839 291 101662 2
S 125792838 291 101664 2
S 125803837 291 101663 2
S 125814837 291 101663 2
S 125825836 291 101662 2
S 125841835 291 101655 2
S 125852834 291 101658 2
S 125863834 291 101663 2
S 125874833 291 101670 2
S 125885832 291 101666 2
S 125896832 291 101663 2
S 125907831 291 101663 2
S 125918830 291 101660 2
S 125929829 291 101665 2
S 125940829 291 101666 2
S 125951828 291 101670 2
S 125962827 291 101672 2
S 125973827 291 101665 2
S 125984826 291 101664 2
S 125995825 291 101664 2
S 126006825 291 101663 2
S 126017824 291 101663 2
S 126028823 291 101666 2
S 126039823 291 101665 2
S 126050822 291 101661 2
S 126061821 291 101663 2
S 126072821 291 101660 2
S 126083820 291 101658 2
S 126094819 291 101659 2
S 126105818 291 101658 2
S 126116818 291 101664 2
S 126127817 291 101658 2
S 126138816 291 101663 2
S 126149816 291 101665 2
S 126160815 291 101662 2
S 126171814 291 101663 2
S 126182814 291 101664 2
S 126193813 291 101662 2
S 126204812 291 101663 2
S 126215812 291 101665 2
S 126226811 291 101664 2
S 126237810 291 101663 2
S 126248810 291 101661 2
S 126259809 291 101663 2
S 126270808 291 101661 2
S 126281807 291 101660 2
S 126292807 291 101660 2
S 126303806 291 101665 2
S 126314805 291 101659 2
S 126325805 291 101663 2
S 126336804 291 101662 2
S 126347803 291 101666 2
S 126358803 291 101662 2
S 126369802 291 101663 2
S 126380801 291 101669 2
S 126391801 291 101668 2
S 126402800 291 101666 2
S 126413799 291 101663 2
S 126424799 291 101665 2
S 126435798 291 101662 2
S 126446797 291 101660 2
S 126457796 291 101659 2
S 126468796 291 101661 2
S 126479795 291 101661 2
S 126490794 291 101666 2
S 126501794 291 101666 2
S 126512793 291 101665 2
S 126523792 291 101662 2
S 126534792 291 101666 2
S 126545791 291 101667 2
S 126556790 291 101664 2
S 126567790 291 101663 2
S 126578789 291 101664 2
S 126589788 291 101669 2
S 126600788 291 101663 2
S 126611787 291 101661 2
S 126622786 291 101667 2
S 126633785 291 101662 2
S 126644785 291 101663 2
S 126655784 291 101662 2
S 126666783 291 101666 2
S 126677783 291 101672 2
S 126688782 291 101663 2
S 126699781 291 101662 2
S 126710781 291 101663 2
S 126721780 291 101672 2
S 126732779 291 101662 2
S 126743779 291 101665 2
S 126754778 291 101663 2
S 126765777 291 101661 2
S 126776777 291 101665 2
S 126787776 291 101665 2
S 126798775 291 101666 2
S 126809774 291 101669 2
S 126820774 291 101667 2
S 126831773 291 101665 2
S 126847772 291 101667 2
S 126858771 291 101669 2
S 126869771 291 101667 2
S 126880770 291 101667 2
S 126891769 291 101663 2
S 126902769 291 101664 2
S 126913768 291 101669 2
S 126924767 291 101668 2
S 126935767 291 101666 2
S 126946766 291 101668 2
S 126957765 291 101666 2
S 126968765 291 101668 2
S 126979764 291 101667 2
S 126990763 291 101660 2
S 127001763 291 101666 2
S 127012762 291 101669 2
S 127023761 291 101668 2
S 127034760 291 101669 2
S 127045760 291 101669 2
S 127056759 291 101669 2
S 127067758 291 101668 2
S 127078758 291 101669 2
S 127089757 291 101668 2
S 127100756 291 101665 2
S 127111756 291 101657 2
S 127122755 291 101663 2
S 127133754 291 101664 2
S 127144754 291 101663 2
S 127155753 291 101661 2
S 127166752 291 101662 2
S 127177751 291 101663 2
S 127188751 291 101663 2
S 127199750 291 101663 2
S 127210749 291 101663 2
S 127221749 291 101668 2
S 127232748 291 101663 2
S 127243747 291 101666 2
S 127254747 291 101662 2
S 127265746 291 101661 2
S 127276745 291 101665 2
S 127287745 291 101664 2
S 127298744 291 101665 2
S 127309743 291 101663 2
S 127320743 291 101661 2
S 127331742 291 101662 2
S 127342741 291 101668 2
S 127353740 291 101666 2
S 127364740 291 101665 2
S 127375739 291 101658 2
S 127386738 291 101660 2
S 127397738 291 101660 2
S 127408737 291 101660 2
S 127419736 291 101660 2
S 127430736 291 101666 2
S 127441735 291 101661 2
S 127452734 291 101665 2
S 127463734 291 101661 2
S 127474733 291 101664 2
S 127485732 291 101666 2
S 127496732 291 101663 2
S 127507731 291 101666 2
S 127518730 291 101667 2
S 127529729 291 101666 2
S 127540729 291 101663 2
S 127551728 291 101663 2
S 127562727 291 101664 2
S 127573727 291 101662 2
S 127584726 291 101663 2
S 127595725 291 101660 2
S 127606725 291 101658 2
S 127617724 291 101658 2
S 127628723 291 101664 2
S 127639723 291 101667 2
S 127650722 291 101666 2
S 127661721 291 101652 2
S 127672721 291 101660 2
S 127683720 291 101665 2
S 127694719 291 101666 2
S 127705718 291 101667 2
S 127716718 291 101660 2
S 127727717 291 101663 2
S 127738716 291 101658 2
S 127749716 291 101659 2
S 127760715 291 101660 2
S 127771714 291 101652 2
S 127782714 291 101658 2
S 127793713 291 101661 2
S 127804712 291 101657 2
S 127815712 291 101655 2
S 127826711 291 101658 2
S 127837710 291 101657 2
S 127853709 291 101665 2
S 127864709 291 101664 2
S 127875708 291 101663 2
S 127886707 291 101668 2
S 127897706 291 101666 2
S 127908706 291 101663 2
S 127919705 291 101664 2
S 127930704 291 101660 2
S 127941704 291 101660 2
S 127952703 291 101665 2
S 127963702 291 101665 2
S 127974702 291 101660 2
S 127985701 291 101660 2
S 127996700 291 101664 2
S 128007700 291 101666 2
S 128018699 291 101667 2
S 128029698 291 101663 2
S 128040698 291 101659 2
S 128051697 291 101665 2
S 128062696 291 101667 2
S 128073695 291 101663 2
S 128084695 291 101665 2
S 128095694 291 101661 2
S 128106693 291 101661 2
S 128117693 291 101660 2
S 128128692 291 101665 2
S 128139691 291 101664 2
S 128150691 291 101666 2
S 128161690 291 101670 2
S 128172689 291 101670 2
S 128183689 291 101668 2
S 128194688 291 101665 2
S 128205687 291 101661 2
S 128216687 291 101663 2
S 128227686 291 101664 2
S 128238685 291 101669 2
S 128249684 291 101666 2
S 128260684 291 101666 2
S 128271683 291 101668 2
S 128282682 291 101668 2
S 128293682 291 101671 2
S 128304681 291 101669 2
S 128315680 291 101669 2
S 128326680 291 101668 2
S 128337679 291 101667 2
S 128348678 291 101668 2
S 128359678 291 101667 2
S 128370677 291 101666 2
S 128381676 291 101667 2
S 128392676 291 101668 2
S 128403675 291 101665 2
S 128414674 291 101666 2
S 128425673 291 101668 2
S 128436673 291 101667 2
S 128447672 291 101668 2
S 128458671 291 101664 2
S 128469671 291 101664 2
S 128480670 291 101666 2
S 128491669 291 101665 2
S 128502669 291 101668 2
S 128513668 291 101672 2
S 128524667 291 101669 2
S 128535667 291 101668 2
S 128546666 291 101670 2
S 128557665 291 101667 2
S 128568665 291 101675 2
S 128579664 291 101673 2
S 128590663 291 101669 2
S 128601662 291 101668 2
S 128612662 291 101670 2
S 128623661 291 101668 2
S 128634660 291 101668 2
S 128645660 291 101665 2
S 128656659 291 101669 2
S 128667658 291 101667 2
S 128678658 291 101668 2
S 128689657 291 101669 2
S 128700656 291 101672 2
S 128711656 291 101666 2
S 128722655 291 101669 2
S 128733654 291 101670 2
S 128744654 291 101670 2
S 128755653 291 101670 2
S 128766652 291 101669 2
S 128777651 291 101668 2
S 128788651 291 101670 2
S 128799650 291 101669 2
S 128810649 291 101669 2
S 128821649 291 101670 2
S 128832648 291 101666 2
S 128843647 291 101668 2
S 128859646 291 101667 2
S 128870646 291 101669 2
S 128881645 291 101666 2
S 128892644 291 101671 2
S 128903644 291 101670 2
S 128914643 291 101670 2
S 128925642 291 101664 2
S 128936642 291 101668 2
S 128947641 291 101666 2
S 128958640 291 101669 2
S 128969639 291 101669 2
S 128980639 291 101666 2
S 128991638 291 101671 2
S 129002637 291 101670 2
S 129013637 291 101670 2
S 129024636 291 101668 2
S 129035635 291 101672 2
S 129046635 291 101669 2
S 129057634 291 101667 2
S 129068633 291 101660 2
S 129079633 291 101670 2
S 129090632 291 101666 2
S 129101631 291 101666 2
S 129112631 291 101667 2
S 129123630 291 101665 2
S 129134629 291 101666 2
S 129145628 291 101669 2
S 129156628 291 101663 2
S 129167627 291 101666 2
S 129178626 291 101665 2
S 129189626 291 101668 2
S 129200625 291 101660 2
S 129211624 291 101663 2
S 129222624 291 101663 2
S 129233623 291 101669 2
S 129244622 291 101666 2
S 129255622 291 101668 2
S 129266621 291 101666 2
S 129277620 291 101664 2
S 129288620 291 101665 2
S 129299619 291 101669 2
S 129310618 291 101666 2
S 129321617 291 101664 2
S 129332617 291 101662 2
S 129343616 291 101663 2
S 129354615 291 101666 2
S 129365615 291 101667 2
S 129376614 291 101667 2
S 129387613 291 101668 2
S 129398613 291 101666 2
S 129409612 291 101666 2
S 129420611 291 101664 2
S 129431611 291 101663 2
S 129442610 291 101666 2
S 129453609 291 101666 2
S 129464609 291 101666 2
S 129475608 291 101666 2
S 129486607 291 101666 2
S 129497606 291 101666 2
S 129508606 291 101665 2
S 129519605 291 101666 2
S 129530604 291 101667 2
S 129541604 291 101668 2
S 129552603 291 101666 2
S 129563602 291 101665 2
S 129574602 291 101671 2
S 129585601 291 101669 2
S 129596600 291 101664 2
S 129607600 291 101669 2
S 129618599 291 101663 2
S 129629598 291 101666 2
S 129640598 291 101666 2
S 129651597 291 101666 2
S 129662596 291 101667 2
S 129673595 291 101665 2
S 129684595 291 101669 2
S 129695594 291 101664 2
S 129706593 291 101663 2
S 129717593 291 101669 2
S 129728592 291 101663 2
S 129739591 291 101665 2
S 129750591 291 101669 2
S 129761590 291 101666 2
S 129772589 291 101666 2
S 129783589 291 101663 2
S 129794588 291 101663 2
S 129805587 291 101663 2
S 129816587 291 101663 2
S 129827586 291 101662 2
S 129838585 291 101666 2
S 129849584 291 101661 2
S 129865583 291 101663 2
S 129876583 291 101664 2
S 129887582 291 101668 2
S 129898581 291 101664 2
S 129909581 291 101665 2
S 129920580 291 101661 2
S 129931579 291 101666 2
S 129942579 291 101667 2
S 129953578 291 101664 2
S 129964577 291 101663 2
S 129975577 291 101667 2
S 129986576 291 101661 2
S 129997575 291 101664 2
S 130008575 291 101664 2
S 130019574 291 101665 2
S 130030573 291 101666 2
S 130041572 291 101660 2
S 130052572 291 101666 2
S 130063571 291 101666 2
S 130074570 291 101663 2
S 130085570 291 101664 2
S 130096569 291 101665 2
S 130107568 291 101665 2
S 130118568 291 101663 2
S 130129567 291 101663 2
S 130140566 291 101662 2
S 130151566 291 101660 2
S 130162565 291 101660 2
S 130173564 291 101662 2
S 130184564 291 101665 2
S 130195563 291 101666 2
S 130206562 291 101663 2
S 130217561 291 101663 2
S 130228561 291 101662 2
S 130239560 291 101662 2
S 130250559 291 101666 2
S 130261559 291 101667 2
S 130272558 291 101665 2
S 130283557 291 101665 2
S 130294557 291 101663 2
S 130305556 291 101665 2
S 130316555 291 101669 2
S 130327555 291 101666 2
S 130338554 291 101666 2
S 130349553 291 101659 2
S 130360553 291 101668 2
S 130371552 291 101666 2
S 130382551 291 101666 2
S 130393550 291 101662 2
S 130404550 291 101662 2
S 130415549 291 101671 2
S 130426548 291 101664 2
S 130437548 291 101660 2
S 130448547 291 101666 2
S 130459546 291 101663 2
S 130470546 291 101664 2
S 130481545 291 101670 2
S 130492544 291 101665 2
S 130503544 291 101667 2
S 130514543 291 101667 2
S 130525542 291 101663 2
S 130536542 291 101666 2
S 130547541 291 101669 2
S 130558540 291 101667 2
S 130569539 291 101671 2
S 130580539 291 101667 2
S 130591538 291 101666 2
S 130602537 291 101669 2
S 130613537 291 101662 2
S 130624536 291 101669 2
S 130635535 291 101667 2
S 130646535 291 101666 2
S 130657534 291 101665 2
S 130668533 291 101668 2
S 130679533 291 101662 2
S 130690532 291 101662 2
S 130701531 291 101666 2
S 130712531 291 101663 2
S 130723530 291 101669 2
S 130734529 291 101668 2
S 130745528 291 101669 2
S 130756528 291 101665 2
S 130767527 291 101666 2
S 130778526 291 101666 2
S 130789526 291 101667 2
S 130800525 291 101669 2
S 130811524 291 101668 2
S 130822524 291 101668 2
S 130833523 291 101669 2
S 130844522 291 101665 2
S 130855522 291 101660 2
S 130871521 291 101672 2
S 130882520 291 101673 2
S 130893519 291 101674 2
S 130904519 291 101669 2
S 130915518 291 101670 2
S 130926517 291 101669 2
S 130937516 291 101675 2
S 130948516 291 101672 2
S 130959515 291 101668 2
S 130970514 291 101669 2
S 130981514 291 101670 2
S 130992513 291 101670 2
S 131003512 291 101672 2
S 131014512 291 101675 2
S 131025511 291 101673 2
S 131036510 291 101667 2
S 131047510 291 101669 2
S 131058509 291 101671 2
S 131069508 291 101669 2
S 131080508 291 101668 2
S 131091507 291 101672 2
S 131102506 291 101669 2
S 131113505 291 101670 2
S 131124505 291 101668 2
S 131135504 291 101674 2
S 131146503 291 101675 2
S 131157503 291 101669 2
S 131168502 291 101670 2
S 131179501 291 101669 2
S 131190501 291 101669 2
S 131201500 291 101669 2
S 131212499 291 101672 2
S 131223499 291 101666 2
S 131234498 291 101666 2
S 131245497 291 101672 2
S 131256497 291 101672 2
S 131267496 291 101670 2
S 131278495 291 101669 2
S 131289494 291 101675 2
S 131300494 291 101673 2
S 131311493 291 101672 2
S 131322492 291 101668 2
S 131333492 291 101673 2
S 131344491 291 101670 2
S 131355490 291 101668 2
S 131366490 291 101672 2
S 131377489 291 101664 2
S 131388488 291 101667 2
S 131399488 291 101671 2
S 131410487 291 101672 2
S 131421486 291 101671 2
S 131432486 291 101673 2
S 131443485 291 101671 2
S 131454484 291 101671 2
S 131465483 291 101672 2
S 131476483 291 101673 2
S 131487482 291 101667 2
S 131498481 291 101673 2
S 131509481 291 101672 2
S 131520480 291 101672 2
S 131531479 291 101674 2
S 131542479 291 101672 2
S 131553478 291 101672 2
S 131564477 291 101674 2
S 131575477 291 101675 2
S 131586476 291 101675 2
S 131597475 291 101675 2
S 131608475 291 101674 2
S 131619474 291 101672 2
S 131630473 291 101675 2
S 131641472 291 101678 2
S 131652472 291 101675 2
S 131663471 291 101669 2
S 131674470 291 101672 2
S 131685470 291 101674 2
S 131696469 291 101672 2
S 131707468 291 101671 2
S 131718468 291 101678 2
S 131729467 291 101676 2
S 131740466 291 101671 2
S 131751466 291 101670 2
S 131762465 291 101668 2
S 131773464 291 101672 2
S 131784464 291 101666 2
S 131795463 291 101669 2
S 131806462 291 101670 2
S 131817461 291 101671 2
S 131828461 291 101668 2
S 131839460 291 101674 2
S 131850459 291 101669 2
S 131861459 291 101671 2
S 131877458 291 101675 2
S 131888457 291 101668 2
S 131899456 291 101666 2
S 131910456 291 101669 2
S 131921455 291 101667 2
S 131932454 291 101662 2
S 131943454 291 101669 2
S 131954453 291 101673 2
S 131965452 291 101670 2
S 131976452 291 101669 2
S 131987451 291 101666 2
S 131998450 291 101669 2
S 132009449 291 101674 2
S 132020449 291 101674 2
S 132031448 291 101670 2
S 132042447 291 101675 2
S 132053447 291 101671 2
S 132064446 291 101670 2
S 132075445 291 101669 2
S 132086445 291 101669 2
S 132097444 291 101668 2
S 132108443 291 101670 2
S 132119443 291 101672 2
S 132130442 291 101671 2
S 132141441 291 101672 2
S 132152441 291 101672 2
S 132163440 291 101668 2
S 132174439 291 101670 2
S 132185438 291 101669 2
S 132196438 291 101669 2
S 132207437 291 101672 2
S 132218436 291 101671 2
S 132229436 291 101669 2
S 132240435 291 101671 2
S 132251434 291 101672 2
S 132262434 291 101665 2
S 132273433 291 101667 2
S 132284432 291 101666 2
S 132295432 291 101672 2
S 132306431 291 101668 2
S 132317430 291 101670 2
S 132328430 291 101672 2
S 132339429 291 101673 2
S 132350428 291 101675 2
S 132361427 291 101669 2
S 132372427 291 101674 2
S 132383426 291 101672 2
S 132394425 291 101669 2
S 132405425 291 101666 2
S 132416424 291 101665 2
S 132427423 291 101671 2
S 132438423 291 101675 2
S 132449422 291 101673 2
S 132460421 291 101669 2
S 132471421 291 101672 2
S 132482420 291 101672 2
S 132493419 291 101672 2
S 132504419 291 101672 2
S 132515418 291 101672 2
S 132526417 291 101672 2
S 132537416 291 101675 2
S 132548416 291 101671 2
S 132559415 291 101674 2
S 132570414 291 101670 2
S 132581414 291 101672 2
S 132592413 291 101666 2
S 132603412 291 101669 2
S 132614412 291 101672 2
S 132625411 291 101674 2
S 132636410 291 101673 2
S 132647410 291 101671 2
S 132658409 291 101669 2
S 132669408 291 101671 2
S 132680408 291 101673 2
S 132691407 291 101669 2
S 132702406 291 101673 2
S 132713405 291 101676 2
S 132724405 291 101673 2
S 132735404 291 101676 2
S 132746403 291 101674 2
S 132757403 291 101673 2
S 132768402 291 101672 2
S 132779401 291 101671 2
S 132790401 291 101672 2
S 132801400 291 101667 2
S 132812399 291 101669 2
S 132823399 291 101672 2
S 132834398 291 101672 2
S 132845397 291 101670 2
S 132856397 291 101669 2
S 132867396 291 101671 2
S 132883395 291 101668 2
S 132894394 291 101670 2
S 132905393 291 101669 2
S 132916393 291 101665 2
S 132927392 291 101666 2
S 132938391 291 101666 2
S 132949391 291 101667 2
S 132960390 291 101666 2
S 132971389 291 101668 2
S 132982389 291 101663 2
S 132993388 291 101667 2
S 133004387 291 101669 2
S 133015387 291 101666 2
S 133026386 291 101668 2
S 133037385 291 101668 2
S 133048385 291 101664 2
S 133059384 291 101666 2
S 133070383 291 101668 2
S 133081382 291 101665 2
S 133092382 291 101668 2
S 133103381 291 101669 2
S 133114380 291 101669 2
S 133125380 291 101668 2
S 133136379 291 101668 2
S 133147378 291 101667 2
S 133158378 291 101672 2
S 133169377 291 101672 2
S 133180376 291 101673 2
S 133191376 291 101675 2
S 133202375 291 101673 2
S 133213374 291 101672 2
S 133224374 291 101675 2
S 133235373 291 101673 2
S 133246372 291 101674 2
S 133257371 291 101672 2
S 133268371 291 101672 2
S 133279370 291 101675 2
S 133290369 291 101672 2
S 133301369 291 101668 2
S 133312368 291 101669 2
S 133323367 291 101673 2
S 133334367 291 101673 2
S 133345366 291 101671 2
S 133356365 291 101671 2
S 133367365 291 101672 2
S 133378364 291 101669 2
S 133389363 291 101672 2
S 133400363 291 101669 2
S 133411362 291 101669 2
S 133422361 291 101670 2
S 133433360 291 101672 2
S 133444360 291 101674 2
S 133455359 291 101671 2
S 133466358 291 101670 2
S 133477358 291 101671 2
S 133488357 291 101673 2
S 133499356 291 101669 2
S 133510356 291 101671 2
S 133521355 291 101668 2
S 133532354 291 101672 2
S 133543354 291 101670 2
S 133554353 291 101673 2
S 133565352 291 101675 2
S 133576352 291 101669 2
S 133587351 291 101666 2
S 133598350 291 101671 2
S 133609349 291 101673 2
S 133620349 291 101670 2
S 133631348 291 101667 2
S 133642347 291 101669 2
S 133653347 291 101666 2
S 133664346 291 101669 2
S 133675345 291 101667 2
S 133686345 291 101668 2
S 133697344 291 101671 2
S 133708343 291 101671 2
S 133719343 291 101666 2
S 133730342 291 101672 2
S 133741341 291 101675 2
S 133752341 291 101669 2
S 133763340 291 101668 2
S 133774339 291 101672 2
S 133785338 291 101663 2
S 133796338 291 101666 2
S 133807337 291 101667 2
S 133818336 291 101662 2
S 133829336 291 101669 2
S 133840335 291 101667 2
S 133851334 291 101669 2
S 133862334 291 101675 2
S 133873333 291 101671 2
S 133889332 291 101672 2
S 133900331 291 101673 2
S 133911331 291 101672 2
S 133922330 291 101669 2
S 133933329 291 101670 2
S 133944329 291 101672 2
S 133955328 291 101669 2
S 133966327 291 101666 2
S 133977326 291 101669 2
S 133988326 291 101669 2
S 133999325 291 101666 2
S 134010324 291 101663 2
S 134021324 291 101668 2
S 134032323 291 101663 2
S 134043322 291 101666 2
S 134054322 291 101665 2
S 134065321 291 101665 2
S 134076320 291 101663 2
S 134087320 291 101668 2
S 134098319 291 101669 2
S 134109318 291 101665 2
S 134120318 291 101667 2
S 134131317 291 101669 2
S 134142316 291 101671 2
S 134153315 291 101674 2
S 134164315 291 101671 2
S 134175314 291 101667 2
S 134186313 291 101672 2
S 134197313 291 101669 2
S 134208312 291 101670 2
S 134219311 291 101671 2
S 134230311 291 101668 2
S 134241310 291 101668 2
S 134252309 291 101670 2
S 134263309 291 101669 2
S 134274308 291 101665 2
S 134285307 291 101669 2
S 134296307 291 101666 2
S 134307306 291 101666 2
S 134318305 291 101669 2
S 134329304 291 101666 2
S 134340304 291 101668 2
S 134351303 291 101670 2
S 134362302 291 101664 2
S 134373302 291 101668 2
S 134384301 291 101664 2
S 134395300 291 101669 2
S 134406300 291 101665 2
S 134417299 291 101666 2
S 134428298 291 101663 2
S 134439298 291 101662 2
S 134450297 291 101663 2
S 134461296 291 101665 2
S 134472296 291 101663 2
S 134483295 291 101665 2
S 134494294 291 101666 2
S 134505293 291 101666 2
S 134516293 291 101669 2
S 134527292 291 101669 2
S 134538291 291 101667 2
S 134549291 291 101664 2
S 134560290 291 101666 2
S 134571289 291 101670 2
S 134582289 291 101665 2
S 134593288 291 101666 2
S 134604287 291 101664 2
S 134615287 291 101665 2
S 134626286 291 101664 2
S 134637285 291 101663 2
S 134648285 291 101669 2
S 134659284 291 101671 2
S 134670283 291 101671 2
S 134681282 291 101675 2
S 134692282 291 101672 2
S 134703281 291 101674 2
S 134714280 291 101676 2
S 134725280 291 101668 2
S 134736279 291 101673 2
S 134747278 291 101671 2
S 134758278 291 101671 2
S 134769277 291 101672 2
S 134780276 291 101672 2
S 134791276 291 101673 2
S 134802275 291 101671 2
S 134813274 291 101670 2
S 134824274 291 101669 2
S 134835273 291 101669 2
S 134846272 291 101671 2
S 134857271 291 101671 2
S 134868271 291 101669 2
S 134879270 291 101671 2
S 134895269 291 101666 2
S 134906268 291 101671 2
S 134917268 291 101666 2
S 134928267 291 101669 2
S 134939266 291 101668 2
S 134950266 291 101667 2
S 134961265 291 101667 2
S 134972264 291 101669 2
S 134983264 291 101668 2
S 134994263 291 101666 2
S 135005262 291 101664 2
S 135016262 291 101665 2
S 135027261 291 101666 2
S 135038260 291 101667 2
S 135049259 291 101670 2
S 135060259 291 101666 2
S 135071258 291 101670 2
S 135082257 291 101660 2
S 135093257 291 101666 2
S 135104256 291 101664 2
S 135115255 291 101662 2
S 135126255 291 101666 2
S 135137254 291 101666 2
S 135148253 291 101665 2
S 135159253 291 101664 2
S 135170252 291 101668 2
S 135181251 291 101664 2
S 135192251 291 101664 2
S 135203250 291 101664 2
S 135214249 291 101663 2
S 135225248 291 101662 2
S 135236248 291 101663 2
S 135247247 291 101664 2
S 135258246 291 101664 2
S 135269246 291 101663 2
S 135280245 291 101672 2
S 135291244 291 101668 2
S 135302244 291 101661 2
S 135313243 291 101664 2
S 135324242 291 101667 2
S 135335242 291 101666 2
S 135346241 291 101665 2
S 135357240 291 101666 2
S 135368240 291 101668 2
S 135379239 291 101663 2
S 135390238 291 101667 2
S 135401237 291 101663 2
S 135412237 291 101664 2
S 135423236 291 101666 2
S 135434235 291 101667 2
S 135445235 291 101671 2
S 135456234 291 101665 2
S 135467233 291 101668 2
S 135478233 291 101669 2
S 135489232 291 101663 2
S 135500231 291 101663 2
S 135511231 291 101669 2
S 135522230 291 101670 2
S 135533229 291 101667 2
S 135544229 291 101669 2
S 135555228 291 101664 2
S 135566227 291 101666 2
S 135577226 291 101666 2
S 135588226 291 101668 2
S 135599225 291 101663 2
S 135610224 291 101668 2
S 135621224 291 101666 2
S 135632223 291 101667 2
S 135643222 291 101670 2
S 135654222 291 101668 2
S 135665221 291 101669 2
S 135676220 291 101670 2
S 135687220 291 101669 2
S 135698219 291 101672 2
S 135709218 291 101670 2
S 135720218 291 101672 2
S 135731217 291 101670 2
S 135742216 291 101670 2
S 135753215 291 101663 2
S 135764215 291 101667 2
S 135775214 291 101663 2
S 135786213 291 101672 2
S 135797213 291 101663 2
S 135808212 291 101660 2
S 135819211 291 101666 2
S 135830211 291 101667 2
S 135841210 291 101666 2
S 135852209 291 101669 2
S 135863209 291 101667 2
S 135874208 291 101669 2
S 135885207 291 101668 2
S 135901206 291 101671 2
S 135912206 291 101662 2
S 135923205 291 101663 2
S 135934204 291 101668 2
S 135945203 291 101668 2
S 135956203 291 101669 2
S 135967202 291 101665 2
S 135978201 291 101665 2
S 135989201 291 101670 2
S 136000200 291 101667 2
S 136011199 291 101669 2
S 136022199 291 101669 2
S 136033198 291 101665 2
S 136044197 291 101666 2
S 136055197 291 101669 2
S 136066196 291 101668 2
S 136077195 291 101666 2
S 136088195 291 101666 2
S 136099194 291 101664 2
S 136110193 291 101666 2
S 136121192 291 101662 2
S 136132192 291 101662 2
S 136143191 291 101666 2
S 136154190 291 101661 2
S 136165190 291 101666 2
S 136176189 291 101667 2
S 136187188 291 101662 2
S 136198188 291 101662 2
S 136209187 291 101664 2
S 136220186 291 101663 2
S 136231186 291 101665 2
S 136242185 291 101666 2
S 136253184 291 101668 2
S 136264184 291 101665 2
S 136275183 291 101662 2
S 136286182 291 101667 2
S 136297181 291 101670 2
S 136308181 291 101667 2
S 136319180 291 101663 2
S 136330179 291 101666 2
S 136341179 291 101665 2
S 136352178 291 101669 2
S 136363177 291 101668 2
S 136374177 291 101663 2
S 136385176 291 101662 2
S 136396175 291 101663 2
S 136407175 291 101674 2
S 136418174 291 101669 2
S 136429173 291 101672 2
S 136440173 291 101668 2
S 136451172 291 101666 2
S 136462171 291 101669 2
S 136473170 291 101667 2
S 136484170 291 101666 2
S 136495169 291 101663 2
S 136506168 291 101663 2
S 136517168 291 101666 2
S 136528167 291 101668 2
S 136539166 291 101661 2
S 136550166 291 101661 2
S 136561165 291 101669 2
S 136572164 291 101657 2
S 136583164 291 101663 2
S 136594163 291 101662 2
S 136605162 291 101664 2
S 136616162 291 101663 2
S 136627161 291 101665 2
S 136638160 291 101668 2
S 136649159 291 101667 2
S 136660159 291 101660 2
S 136671158 291 101662 2
S 136682157 291 101660 2
S 136693157 291 101668 2
S 136704156 291 101660 2
S 136715155 291 101664 2
S 136726155 291 101664 2
S 136737154 291 101666 2
S 136748153 291 101667 2
S 136759153 291 101662 2
S 136770152 291 101662 2
S 136781151 291 101665 2
S 136792151 291 101663 2
S 136803150 291 101669 2
S 136814149 291 101665 2
S 136825148 291 101664 2
S 136836148 291 101665 2
S 136847147 291 101660 2
S 136858146 291 101660 2
S 136869146 291 101662 2
S 136880145 291 101661 2
S 136891144 291 101660 2
S 136907143 291 101666 2
S 136918143 291 101662 2
S 136929142 291 101665 2
S 136940141 291 101662 2
S 136951141 291 101661 2
S 136962140 291 101663 2
S 136973139 291 101659 2
S 136984139 291 101660 2
S 136995138 291 101660 2
S 137006137 291 101659 2
S 137017136 291 101664 2
S 137028136 291 101666 2
S 137039135 291 101663 2
S 137050134 291 101662 2
S 137061134 291 101663 2
S 137072133 291 101664 2
S 137083132 291 101666 2
S 137094132 291 101666 2
S 137105131 291 101664 2
S 137116130 291 101660 2
S 137127130 291 101661 2
S 137138129 291 101663 2
S 137149128 291 101661 2
S 137160128 291 101660 2
S 137171127 291 101662 2
S 137182126 291 101665 2
S 137193125 291 101661 2
S 137204125 291 101661 2
S 137215124 291 101665 2
S 137226123 291 101658 2
S 137237123 291 101660 2
S 137248122 291 101659 2
S 137259121 291 101667 2
S 137270121 291 101662 2
S 137281120 291 101659 2
S 137292119 291 101660 2
S 137303119 291 101663 2
S 137314118 291 101660 2
S 137325117 291 101664 2
S 137336117 291 101666 2
S 137347116 291 101665 2
S 137358115 291 101666 2
S 137369114 291 101661 2
S 137380114 291 101662 2
S 137391113 291 101661 2
S 137402112 291 101658 2
S 137413112 291 101661 2
S 137424111 291 101661 2
S 137435110 291 101657 2
S 137446110 291 101661 2
S 137457109 291 101659 2
S 137468108 291 101658 2
S 137479108 291 101655 2
S 137490107 291 101659 2
S 137501106 291 101664 2
S 137512106 291 101662 2
S 137523105 291 101658 2
S 137534104 291 101663 2
S 137545103 291 101663 2
S 137556103 291 101664 2
S 137567102 291 101661 2
S 137578101 291 101663 2
S 137589101 291 101661 2
S 137600100 291 101661 2
S 137611099 291 101663 2
S 137622099 291 101659 2
S 137633098 291 101660 2
S 137644097 291 101661 2
S 137655097 291 101662 2
S 137666096 291 101663 2
S 137677095 291 101666 2
S 137688095 291 101660 2
S 137699094 291 101658 2
S 137710093 291 101664 2
S 137721092 291 101661 2
S 137732092 291 101659 2
S 137743091 291 101660 2
S 137754090 291 101658 2
S 137765090 291 101659 2
S 137776089 291 101660 2
S 137787088 291 101658 2
S 137798088 291 101661 2
S 137809087 291 101660 2
S 137820086 291 101660 2
S 137831086 291 101660 2
S 137842085 291 101662 2
S 137853084 291 101662 2
S 137864084 291 101658 2
S 137875083 291 101661 2
S 137886082 291 101658 2
S 137897081 291 101663 2
S 137913080 291 101663 2
S 137924080 291 101660 2
S 137935079 291 101663 2
S 137946078 291 101662 2
S 137957078 291 101661 2
S 137968077 291 101660 2
S 137979076 291 101665 2
S 137990076 291 101666 2
S 138001076 291 101666 2
S 138012074 291 101663 2
S 138023074 291 101658 2
S 138034073 291 101661 2
S 138045072 291 101665 2
S 138056072 291 101660 2
S 138067071 291 101664 2
S 138078070 291 101663 2
S 138089069 291 101660 2
S 138100069 291 101662 2
S 138111068 291 101663 2
S 138122067 291 101660 2
S 138133067 291 101662 2
S 138144066 291 101660 2
S 138155065 291 101664 2
S 138166065 291 101660 2
S 138177064 291 101659 2
S 138188063 291 101659 2
S 138199063 291 101662 2
S 138210062 291 101659 2
S 138221061 291 101658 2
S 138232061 291 101660 2
S 138243060 291 101660 2
S 138254059 291 101663 2
S 138265058 291 101660 2
S 138276058 291 101660 2
S 138287057 291 101655 2
S 138298056 291 101661 2
S 138309056 291 101665 2
S 138320055 291 101660 2
S 138331054 291 101661 2
S 138342054 291 101662 2
S 138353053 291 101660 2
S 138364052 291 101662 2
S 138375052 291 101664 2
S 138386051 291 101664 2
S 138397050 291 101663 2
S 138408050 291 101663 2
S 138419049 291 101658 2
S 138430048 291 101660 2
S 138441047 291 101663 2
S 138452047 291 101663 2
S 138463046 291 101663 2
S 138474045 291 101662 2
S 138485045 291 101662 2
S 138496044 291 101659 2
S 138507043 291 101661 2
S 138518043 291 101664 2
S 138529042 291 101663 2
S 138540041 291 101663 2
S 138551041 291 101662 2
S 138562040 291 101663 2
S 138573039 291 101665 2
S 138584039 291 101666 2
S 138595038 291 101666 2
S 138606037 291 101660 2
S 138617036 291 101662 2
S 138628036 291 101663 2
S 138639035 291 101660 2
S 138650034 291 101665 2
S 138661034 291 101662 2
S 138672033 291 101663 2
S 138683032 291 101664 2
S 138694032 291 101666 2
S 138705031 291 101666 2
S 138716030 291 101665 2
S 138727030 291 101659 2
S 138738029 291 101660 2
S 138749028 291 101659 2
S 138760028 291 101664 2
S 138771027 291 101659 2
S 138782026 291 101664 2
S 138793025 291 101666 2
S 138804025 291 101660 2
S 138815024 291 101663 2
S 138826023 291 101663 2
S 138837023 291 101663 2
S 138848022 291 101666 2
S 138859021 291 101665 2
S 138870021 291 101666 2
S 138881020 291 101666 2
S 138892019 291 101670 2
S 138903019 291 101666 2
S 138919018 292 101678 2
S 138930017 292 101677 2
S 138941016 292 101672 2
S 138952016 292 101674 2
S 138963015 292 101669 2
S 138974014 292 101670 2
S 138985013 292 101669 2
S 138996013 292 101670 2
S 139007012 292 101667 2
S 139018011 292 101670 2
S 139029011 292 101672 2
S 139040010 292 101672 2
S 139051009 292 101667 2
S 139062009 292 101669 2
S 139073008 292 101671 2
S 139084007 292 101667 2
S 139095007 292 101672 2
S 139106006 292 101669 2
S 139117005 292 101672 2
S 139128005 292 101670 2
S 139139004 292 101669 2
S 139150003 292 101664 2
S 139161002 292 101667 2
S 139172002 292 101672 2
S 139183001 292 101667 2
S 139194000 292 101670 2
S 139205000 292 101666 2
S 139215999 292 101669 2
S 139226998 292 101672 2
S 139237998 292 101672 2
S 139248997 292 101668 2
S 139259996 292 101668 2
S 139270996 292 101669 2
S 139281995 292 101662 2
S 139292994 292 101673 2
S 139303994 292 101669 2
S 139314993 292 101671 2
S 139325992 292 101673 2
S 139336991 292 101669 2
S 139347991 292 101669 2
S 139358990 292 101672 2
S 139369989 292 101670 2
S 139380989 292 101672 2
S 139391988 292 101667 2
S 139402987 292 101671 2
S 139413987 292 101671 2
S 139424986 292 101675 2
S 139435985 292 101668 2
S 139446985 292 101669 2
S 139457984 292 101669 2
S 139468983 292 101669 2
S 139479983 292 101665 2
S 139490982 292 101667 2
S 139501981 292 101668 2
S 139512980 292 101670 2
S 139523980 292 101666 2
S 139534979 292 101666 2
S 139545978 292 101668 2
S 139556978 292 101664 2
S 139567977 292 101669 2
S 139578976 292 101663 2
S 139589976 292 101664 2
S 139600975 292 101669 2
S 139611974 292 101667 2
S 139622974 292 101671 2
S 139633973 292 101671 2
S 139644972 292 101671 2
S 139655972 292 101661 2
S 139666971 292 101666 2
S 139677970 292 101664 2
S 139688969 292 101666 2
S 139699969 292 101664 2
S 139710968 292 101666 2
S 139721967 292 101671 2
S 139732967 292 101661 2
S 139743966 292 101669 2
S 139754965 292 101664 2
S 139765965 292 101665 2
S 139776964 292 101669 2
S 139787963 292 101670 2
S 139798963 292 101668 2
S 139809962 292 101667 2
S 139820961 292 101669 2
S 139831961 292 101669 2
S 139842960 292 101668 2
S 139853959 292 101668 2
S 139864958 292 101668 2
S 139875958 292 101670 2
S 139886957 292 101666 2
S 139897956 292 101667 2
S 139908956 292 101664 2
S 139924955 292 101671 2
S 139935954 292 101669 2
S 139946953 292 101669 2
S 139957953 292 101671 2
S 139968952 292 101668 2
S 139979951 292 101668 2
S 139990951 292 101666 2
S 140001951 292 101667 2
S 140012949 292 101664 2
S 140023949 292 101666 2
S 140034948 292 101665 2
S 140045947 292 101668 2
S 140056946 292 101666 2
S 140067946 292 101667 2
S 140078945 292 101667 2
S 140089944 292 101667 2
S 140100944 292 101664 2
S 140111943 292 101662 2
S 140122942 292 101661 2
S 140133942 292 101661 2
S 140144941 292 101664 2
S 140155940 292 101663 2
S 140166940 292 101666 2
S 140177939 292 101661 2
S 140188938 292 101667 2
S 140199938 292 101669 2
S 140210937 292 101665 2
S 140221936 292 101664 2
S 140232935 292 101667 2
S 140243935 292 101667 2
S 140254934 292 101662 2
S 140265933 292 101664 2
S 140276933 292 101662 2
S 140287932 292 101669 2
S 140298931 292 101668 2
S 140309931 292 101667 2
S 140320930 292 101664 2
S 140331929 292 101669 2
S 140342929 292 101661 2
S 140353928 292 101667 2
S 140364927 292 101666 2
S 140375927 292 101667 2
S 140386926 292 101668 2
S 140397925 292 101668 2
S 140408924 292 101664 2
S 140419924 292 101667 2
S 140430923 292 101669 2
S 140441922 292 101669 2
S 140452922 292 101669 2
S 140463921 292 101669 2
S 140474920 292 101666 2
S 140485920 292 101664 2
S 140496919 292 101669 2
S 140507918 292 101664 2
S 140518918 292 101662 2
S 140529917 292 101670 2
S 140540916 292 101666 2
S 140551916 292 101663 2
S 140562915 292 101668 2
S 140573914 292 101663 2
S 140584913 292 101662 2
S 140595913 292 101669 2
S 140606912 292 101666 2
S 140617911 292 101664 2
S 140628911 292 101664 2
S 140639910 292 101669 2
S 140650909 292 101665 2
S 140661909 292 101666 2
S 140672908 292 101670 2
S 140683907 292 101669 2
S 140694907 292 101664 2
S 140705906 292 101664 2
S 140716905 292 101669 2
S 140727905 292 101666 2
S 140738904 292 101669 2
S 140749903 292 101668 2
S 140760902 292 101672 2
S 140771902 292 101668 2
S 140782901 292 101668 2
S 140793900 292 101664 2
S 140804900 292 101663 2
S 140815899 292 101669 2
S 140826898 292 101669 2
S 140837898 292 101667 2
S 140848897 292 101667 2
S 140859896 292 101673 2
S 140870896 292 101668 2
S 140881895 292 101670 2
S 140892894 292 101669 2
S 140903894 292 101669 2
S 140914893 292 101667 2
S 140930892 292 101663 2
S 140941891 292 101668 2
S 140952890 292 101669 2
S 140963890 292 101666 2
S 140974889 292 101667 2
S 140985888 292 101667 2
S 140996888 292 101665 2
S 141007887 292 101664 2
S 141018886 292 101664 2
S 141029886 292 101665 2
S 141040885 292 101667 2
S 141051884 292 101665 2
S 141062884 292 101668 2
S 141073883 292 101668 2
S 141084882 292 101664 2
S 141095882 292 101664 2
S 141106881 292 101665 2
S 141117880 292 101668 2
S 141128879 292 101667 2
S 141139879 292 101669 2
S 141150878 292 101670 2
S 141161877 292 101667 2
S 141172877 292 101664 2
S 141183876 292 101667 2
S 141194875 292 101669 2
S 141205875 292 101666 2
S 141216874 292 101664 2
S 141227873 292 101665 2
S 141238873 292 101672 2
S 141249872 292 101667 2
S 141260871 292 101667 2
S 141271871 292 101667 2
S 141282870 292 101665 2
S 141293869 292 101667 2
S 141304868 292 101664 2
S 141315868 292 101668 2
S 141326867 292 101667 2
S 141337866 292 101669 2
S 141348866 292 101673 2
S 141359865 292 101671 2
S 141370864 292 101670 2
S 141381864 292 101666 2
S 141392863 292 101665 2
S 141403862 292 101666 2
S 141414862 292 101662 2
S 141425861 292 101666 2
S 141436860 292 101665 2
S 141447860 292 101666 2
S 141458859 292 101663 2
S 141469858 292 101664 2
S 141480857 292 101666 2
S 141491857 292 101662 2
S 141502856 292 101664 2
S 141513855 292 101668 2
S 141524855 292 101669 2
S 141535854 292 101666 2
S 141546853 292 101662 2
S 141557853 292 101664 2
S 141568852 292 101664 2
S 141579851 292 101661 2
S 141590851 292 101665 2
S 141601850 292 101665 2
S 141612849 292 101667 2
S 141623849 292 101664 2
S 141634848 292 101661 2
S 141645847 292 101669 2
S 141656846 292 101671 2
S 141667846 292 101669 2
S 141678845 292 101671 2
S 141689844 292 101670 2
S 141700844 292 101671 2
S 141711843 292 101672 2
S 141722842 292 101669 2
S 141733842 292 101670 2
S 141744841 292 101669 2
S 141755840 292 101674 2
S 141766840 292 101669 2
S 141777839 292 101670 2
S 141788838 292 101671 2
S 141799838 292 101672 2
S 141810837 292 101669 2
S 141821836 292 101671 2
S 141832835 292 101671 2
S 141843835 292 101672 2
S 141854834 292 101671 2
S 141865833 292 101672 2
S 141876833 292 101669 2
S 141887832 292 101672 2
S 141898831 292 101672 2
S 141909831 292 101672 2
S 141920830 292 101669 2
S 141936829 292 101667 2
S 141947828 292 101672 2
S 141958828 292 101673 2
S 141969827 292 101672 2
S 141980826 292 101671 2
S 141991826 292 101669 2
S 142002825 292 101669 2
S 142013824 292 101668 2
S 142024823 292 101671 2
S 142035823 292 101669 2
S 142046822 292 101673 2
S 142057821 292 101667 2
S 142068821 292 101668 2
S 142079820 292 101667 2
S 142090819 292 101668 2
S 142101819 292 101675 2
S 142112818 292 101667 2
S 142123817 292 101671 2
S 142134817 292 101670 2
S 142145816 292 101672 2
S 142156815 292 101669 2
S 142167815 292 101670 2
S 142178814 292 101669 2
S 142189813 292 101672 2
S 142200812 292 101675 2
S 142211812 292 101675 2
S 142222811 292 101668 2
S 142233810 292 101668 2
S 142244810 292 101669 2
S 142255809 292 101670 2
S 142266808 292 101669 2
S 142277808 292 101667 2
S 142288807 292 101663 2
S 142299806 292 101664 2
S 142310806 292 101667 2
S 142321805 292 101669 2
S 142332804 292 101668 2
S 142343804 292 101664 2
S 142354803 292 101664 2
S 142365802 292 101667 2
S 142376801 292 101668 2
S 142387801 292 101669 2
S 142398800 292 101671 2
S 142409799 292 101665 2
S 142420799 292 101668 2
S 142431798 292 101665 2
S 142442797 292 101665 2
S 142453797 292 101663 2
S 142464796 292 101668 2
S 142475795 292 101666 2
S 142486795 292 101669 2
S 142497794 292 101668 2
S 142508793 292 101672 2
S 142519793 292 101665 2
S 142530792 292 101667 2
S 142541791 292 101662 2
S 142552790 292 101671 2
S 142563790 292 101667 2
S 142574789 292 101668 2
S 142585788 292 101662 2
S 142596788 292 101665 2
S 142607787 292 101667 2
S 142618786 292 101669 2
S 142629786 292 101665 2
S 142640785 292 101669 2
S 142651784 292 101668 2
S 142662784 292 101667 2
S 142673783 292 101670 2
S 142684782 292 101672 2
S 142695782 292 101672 2
S 142706781 292 101664 2
S 142717780 292 101665 2
S 142728779 292 101666 2
S 142739779 292 101669 2
S 142750778 292 101664 2
S 142761777 292 101666 2
S 142772777 292 101672 2
S 142783776 292 101667 2
S 142794775 292 101667 2
S 142805775 292 101667 2
S 142816774 292 101667 2
S 142827773 292 101664 2
S 142838773 292 101667 2
S 142849772 292 101668 2
S 142860771 292 101668 2
S 142871771 292 101665 2
S 142882770 292 101668 2
S 142893769 292 101664 2
S 142904768 292 101667 2
S 142915768 292 101670 2
S 142926767 292 101669 2
S 142942766 291 101673 2
S 142953765 291 101673 2
S 142964765 291 101670 2
S 142975764 291 101669 2
S 142986763 291 101672 2
S 142997763 291 101675 2
S 143008762 291 101675 2
S 143019761 291 101670 2
S 143030761 291 101666 2
S 143041760 291 101672 2
S 143052759 291 101668 2
S 143063759 291 101668 2
S 143074758 291 101670 2
S 143085757 291 101669 2
S 143096756 291 101667 2
S 143107756 291 101667 2
S 143118755 291 101664 2
S 143129754 291 101669 2
S 143140754 291 101667 2
S 143151753 291 101669 2
S 143162752 291 101665 2
S 143173752 291 101664 2
S 143184751 291 101667 2
S 143195750 291 101665 2
S 143206750 291 101668 2
S 143217749 291 101668 2
S 143228748 291 101670 2
S 143239748 291 101666 2
S 143250747 291 101668 2
S 143261746 291 101667 2
S 143272745 291 101668 2
S 143283745 291 101664 2
S 143294744 291 101672 2
S 143305743 291 101666 2
S 143316743 291 101671 2
S 143327742 291 101664 2
S 143338741 291 101667 2
S 143349741 291 101665 2
S 143360740 291 101665 2
S 143371739 291 101669 2
S 143382739 291 101669 2
S 143393738 291 101668 2
S 143404737 291 101672 2
S 143415737 291 101667 2
S 143426736 291 101666 2
S 143437735 291 101670 2
S 143448734 291 101665 2
S 143459734 291 101667 2
S 143470733 291 101667 2
S 143481732 291 101664 2
S 143492732 291 101666 2
S 143503731 291 101665 2
S 143514730 291 101671 2
S 143525730 291 101668 2
S 143536729 291 101667 2
S 143547728 291 101667 2
S 143558728 291 101665 2
S 143569727 291 101670 2
S 143580726 291 101670 2
S 143591726 291 101669 2
S 143602725 291 101664 2
S 143613724 291 101667 2
S 143624723 291 101672 2
S 143635723 291 101671 2
S 143646722 291 101670 2
S 143657721 291 101669 2
S 143668721 291 101669 2
S 143679720 291 101670 2
S 143690719 291 101667 2
S 143701719 291 101670 2
S 143712718 291 101671 2
S 143723717 291 101669 2
S 143734717 291 101667 2
S 143745716 291 101667 2
S 143756715 291 101668 2
S 143767715 291 101672 2
S 143778714 291 101672 2
S 143789713 291 101672 2
S 143800712 291 101674 2
S 143811712 291 101672 2
S 143822711 291 101669 2
S 143833710 291 101667 2
S 143844710 291 101669 2
S 143855709 291 101672 2
S 143866708 291 101670 2
S 143877708 291 101670 2
S 143888707 291 101672 2
S 143899706 291 101669 2
S 143910706 291 101671 2
S 143921705 291 101670 2
S 143932704 291 101669 2
