# capture_start_utc=2026-08-07T17:48:26Z
S 177166 282 101461 0
S 190165 282 101461 0
S 203164 282 101452 0
S 216163 282 101455 0
S 229162 282 101449 0
S 242162 282 101464 0
S 255161 282 101464 0
S 268160 282 101461 0
S 281159 282 101458 0
S 294158 282 101449 0
S 307157 282 101458 0
S 320157 282 101449 0
S 333156 2ø[[DEBUG]] Starting [[SENSOR TASK]]
[SELFTEST] compensate: T=150 (exp 150)  P=69964 (exp 69964)  -> PASS
#BMP180 v1 fw=1.3.0 temp_ms=0
[[DEBUG]] BMP180 registered on /dev/bmp180-0
S 73172 282 101455 0
S 86171 282 101458 0
S 99170 282 101455 0
S 112170 282 101461 0
S 125169 282 101461 0
S 138168 282 101450 0
S 151167 282 101458 0
S 164166 282 101461 0
S 177166 282 101458 0
S 190165 282 101464 0
S 203164 282 101458 0
S 216163 282 101452 0
S 229162 282 101450 0
S 242162 282 101458 0
S 255161 282 101455 0
S 268160 282 101450 0
S 281159 282 101455 0
S 294158 282 101455 0
S 307157 282 101464 0
S 320157 282 101458 0
S 333156 282 101452 0
S 346155 282 101464 0
S 359154 283 101455 0
S 372153 283 101458 0
S 385153 282 101458 0
S 398152 283 101461 0
S 411151 283 101458 0
S 424150 283 101464 0
S 437149 282 101458 0
S 450149 283 101461 0
S 463148 283 101461 0
S 476147 282 101455 0
S 489146 283 101453 0
S 502145 283 101455 0
S 515144 282 101458 0
S 528144 283 101450 0
S 541143 282 101458 0
S 554142 283 101464 0
S 567141 283 101450 0
S 580140 283 101461 0
S 593140 283 101461 0
S 606139 282 101458 0
S 619138 282 101452 0
S 632137 283 101458 0
S 645136 283 101456 0
S 658136 283 101461 0
S 671135 282 101447 0
S 684134 283 101458 0
S 697133 283 101450 0
S 710132 283 101453 0
S 723131 283 101467 0
S 736131 283 101453 0
S 749130 283 101467 0
S 762129 283 101455 0
S 775128 283 101453 0
S 788127 282 101452 0
S 801127 283 101455 0
S 814126 283 101464 0
S 827125 283 101453 0
S 840124 283 101461 0
S 853123 283 101453 0
S 866123 283 101458 0
S 879122 283 101458 0
S 892121 283 101453 0
S 905120 282 101452 0
S 918119 283 101455 0
S 931118 283 101456 0
S 944118 283 101453 0
S 957117 283 101458 0
S 970116 283 101458 0
S 983115 283 101461 0
S 996114 283 101464 0
S 1009114 283 101456 0
S 1022113 283 101458 0
S 1035112 283 101464 0
S 1048111 283 101458 0
S 1061110 283 101453 0
S 1074110 283 101464 0
S 1087109 283 101470 0
S 1100108 283 101464 0
S 1113107 283 101464 0
S 1126106 283 101461 0
S 1139105 283 101455 0
S 1152105 283 101452 0
S 1165104 283 101458 0
S 1178103 283 101453 0
S 1191102 283 101441 0
S 1204101 283 101450 0
S 1217101 283 101452 0
S 1230100 283 101455 0
S 1243099 283 101450 0
S 1256098 283 101453 0
S 1269097 283 101453 0
S 1282097 283 101461 0
S 1295096 283 101461 0
S 1308095 283 101455 0
S 1321094 283 101461 0
S 1334093 283 101444 0
S 1347092 283 101459 0
S 1360092 283 101461 0
S 1373091 283 101444 0
S 1386090 283 101459 0
S 1399089 283 101447 0
S 1412088 283 101453 0
S 1425088 283 101455 0
S 1438087 283 101453 0
S 1451086 283 101450 0
S 1464085 283 101450 0
S 1477084 283 101453 0
S 1490084 283 101459 0
S 1503083 283 101450 0
S 1516082 283 101458 0
S 1529081 283 101444 0
S 1542080 283 101456 0
S 1555079 283 101456 0
S 1568079 283 101453 0
S 1581078 283 101459 0
S 1594077 283 101450 0
S 1607076 283 101450 0
S 1620075 283 101458 0
S 1633075 283 101458 0
S 1646074 283 101461 0
S 1659073 283 101461 0
S 1672072 283 101453 0
S 1685071 283 101458 0
S 1698071 283 101456 0
S 1711070 283 101461 0
S 1724069 283 101458 0
S 1737068 283 101464 0
S 1750067 283 101453 0
S 1763066 283 101467 0
S 1776066 283 101453 0
S 1789065 283 101461 0
S 1802064 283 101461 0
S 1815063 283 101450 0
S 1828062 283 101461 0
S 1841062 283 101470 0
S 1854061 283 101461 0
S 1867060 283 101458 0
S 1880059 283 101461 0
S 1893058 283 101450 0
S 1906058 283 101461 0
S 1919057 283 101450 0
S 1932056 283 101447 0
S 1945055 283 101458 0
S 1958054 283 101455 0
S 1971053 283 101459 0
S 1984053 283 101450 0
S 1997052 283 101459 0
S 2010051 283 101461 0
S 2023050 283 101461 0
S 2036049 283 101450 0
S 2049049 283 101458 0
S 2062048 283 101458 0
S 2075047 283 101455 0
S 2088046 283 101458 0
S 2101045 283 101450 0
S 2114045 283 101458 0
S 2127044 283 101450 0
S 2140043 283 101455 0
S 2153042 283 101455 0
S 2166041 283 101453 0
S 2179040 283 101461 0
S 2192040 283 101461 0
S 2205039 283 101461 0
S 2218038 283 101464 0
S 2231037 283 101458 0
S 2244036 283 101453 0
S 2257036 283 101464 0
S 2270035 283 101450 0
S 2283034 283 101461 0
S 2296033 283 101467 0
S 2309032 283 101458 0
S 2322032 283 101461 0
S 2335031 283 101458 0
S 2348030 283 101461 0
S 2361029 283 101461 0
S 2374028 283 101458 0
S 2387027 283 101464 0
S 2400027 283 101461 0
S 2413026 283 101461 0
S 2426025 283 101464 0
S 2439024 283 101461 0
S 2452023 283 101461 0
S 2465023 283 101461 0
S 2478022 283 101458 0
S 2491021 283 101456 0
S 2504020 283 101458 0
S 2517019 283 101461 0
S 2530019 283 101464 0
S 2543018 283 101455 0
S 2556017 283 101461 0
S 2569016 283 101456 0
S 2582015 283 101455 0
S 2595014 283 101453 0
S 2608014 283 101470 0
S 2621013 283 101461 0
S 2634012 283 101452 0
S 2647011 283 101461 0
S 2660010 283 101455 0
S 2673010 283 101455 0
S 2686009 283 101458 0
S 2699008 283 101455 0
S 2712007 283 101453 0
S 2725006 283 101461 0
S 2738006 283 101453 0
S 2751005 283 101444 0
S 2764004 283 101450 0
S 2777003 283 101461 0
S 2790002 283 101450 0
S 2803001 283 101455 0
S 2816001 283 101450 0
S 2829000 283 101455 0
S 2841999 283 101458 0
S 2854998 283 101458 0
S 2867997 283 101461 0
S 2880997 283 101458 0
S 2893996 283 101453 0
S 2906995 283 101450 0
S 2919994 283 101461 0
S 2932993 283 101461 0
S 2945993 283 101458 0
S 2958992 283 101453 0
S 2971991 283 101453 0
S 2984990 283 101453 0
S 2997989 283 101453 0
S 3010988 283 101450 0
S 3023988 283 101450 0
S 3036987 283 101456 0
S 3049986 283 101447 0
S 3062985 283 101453 0
S 3075984 283 101452 0
S 3088984 283 101456 0
S 3101983 283 101453 0
S 3114982 283 101456 0
S 3127981 283 101458 0
S 3140980 283 101461 0
S 3153980 283 101459 0
S 3166979 283 101461 0
S 3179978 283 101464 0
S 3192977 283 101461 0
S 3205976 283 101456 0
S 3218975 283 101458 0
S 3231975 283 101462 0
S 3244974 283 101456 0
S 3257973 283 101461 0
S 3270972 283 101459 0
S 3283971 283 101453 0
S 3296971 283 101464 0
S 3309970 283 101453 0
S 3322969 283 101453 0
S 3335968 283 101459 0
S 3348967 283 101450 0
S 3361967 283 101450 0
S 3374966 283 101459 0
S 3387965 283 101459 0
S 3400964 283 101461 0
S 3413963 283 101461 0
S 3426962 283 101453 0
S 3439962 283 101453 0
S 3452961 283 101450 0
S 3465960 283 101467 0
S 3478959 283 101462 0
S 3491958 283 101456 0
S 3504958 283 101462 0
S 3517957 283 101453 0
S 3530956 283 101450 0
S 3543955 283 101447 0
S 3556954 283 101450 0
S 3569954 283 101453 0
S 3582953 283 101453 0
S 3595952 283 101456 0
S 3608951 283 101453 0
S 3621950 283 101450 0
S 3634949 283 101456 0
S 3647949 283 101456 0
S 3660948 283 101459 0
S 3673947 283 101456 0
S 3686946 283 101450 0
S 3699945 283 101467 0
S 3712945 283 101456 0
S 3725944 283 101453 0
S 3738943 283 101444 0
S 3751942 283 101447 0
S 3764941 283 101464 0
S 3777941 283 101453 0
S 3790940 283 101456 0
S 3803939 283 101450 0
S 3816938 283 101447 0
S 3829937 283 101459 0
S 3842936 283 101462 0
S 3855936 283 101459 0
S 3868935 283 101459 0
S 3881934 283 101453 0
S 3894933 283 101456 0
S 3907932 283 101456 0
S 3920932 283 101462 0
S 3933931 283 101456 0
S 3946930 283 101459 0
S 3959929 283 101450 0
S 3972928 283 101453 0
S 3985928 283 101459 0
S 3998927 283 101459 0
S 4011926 283 101453 0
S 4024925 283 101462 0
S 4037924 283 101459 0
S 4050923 283 101456 0
S 4063923 283 101459 0
S 4076922 283 101456 0
S 4089921 283 101459 0
S 4102920 283 101456 0
S 4115919 283 101459 0
S 4128919 283 101459 0
S 4141918 283 101456 0
S 4154917 283 101459 0
S 4167916 283 101450 0
S 4180915 283 101450 0
S 4193915 283 101444 0
S 4206914 283 101450 0
S 4219913 283 101453 0
S 4232912 283 101462 0
S 4245911 283 101459 0
S 4258910 283 101459 0
S 4271910 283 101456 0
S 4284909 283 101465 0
S 4297908 283 101459 0
S 4310907 283 101450 0
S 4323906 283 101459 0
S 4336906 283 101459 0
S 4349905 283 101453 0
S 4362904 283 101450 0
S 4375903 283 101453 0
S 4388902 283 101453 0
S 4401902 283 101459 0
S 4414901 283 101459 0
S 4427900 283 101459 0
S 4440899 283 101450 0
S 4453898 283 101450 0
S 4466897 283 101459 0
S 4479897 283 101450 0
S 4492896 283 101456 0
S 4505895 283 101459 0
S 4518894 283 101453 0
S 4531893 283 101450 0
S 4544893 283 101450 0
S 4557892 283 101453 0
S 4570891 283 101450 0
S 4583890 283 101467 0
S 4596889 283 101456 0
S 4609889 283 101450 0
S 4622888 283 101467 0
S 4635887 283 101462 0
S 4648886 283 101453 0
S 4661885 283 101447 0
S 4674884 283 101453 0
S 4687884 283 101456 0
S 4700883 283 101453 0
S 4713882 283 101462 0
S 4726881 283 101459 0
S 4739880 283 101453 0
S 4752880 283 101456 0
S 4765879 283 101459 0
S 4778878 283 101462 0
S 4791877 283 101459 0
S 4804876 283 101459 0
S 4817876 283 101459 0
S 4830875 283 101453 0
S 4843874 283 101456 0
S 4856873 283 101456 0
S 4869872 283 101459 0
S 4882871 283 101462 0
S 4895871 283 101462 0
S 4908870 283 101459 0
S 4921869 283 101453 0
S 4934868 283 101456 0
S 4947867 283 101459 0
S 4960867 283 101456 0
S 4973866 283 101450 0
S 4986865 283 101459 0
S 4999864 283 101450 0
S 5012863 283 101459 0
S 5025863 283 101459 0
S 5038862 283 101459 0
S 5051861 283 101450 0
S 5064860 283 101450 0
S 5077859 283 101462 0
S 5090858 283 101459 0
S 5103858 283 101459 0
S 5116857 283 101462 0
S 5129856 283 101464 0
S 5142855 283 101462 0
S 5155854 283 101462 0
S 5168854 283 101462 0
S 5181853 283 101450 0
S 5194852 283 101444 0
S 5207851 283 101462 0
S 5220850 283 101465 0
S 5233850 283 101456 0
S 5246849 283 101462 0
S 5259848 283 101456 0
S 5272847 283 101462 0
S 5285846 283 101453 0
S 5298845 283 101459 0
S 5311845 283 101462 0
S 5324844 283 101453 0
S 5337843 283 101453 0
S 5350842 283 101453 0
S 5363841 283 101459 0
S 5376841 283 101453 0
S 5389840 283 101453 0
S 5402839 283 101447 0
S 5415838 283 101453 0
S 5428837 283 101459 0
S 5441837 283 101459 0
S 5454836 283 101453 0
S 5467835 283 101456 0
S 5480834 283 101447 0
S 5493833 283 101459 0
S 5506832 283 101459 0
S 5519832 283 101462 0
S 5532831 283 101462 0
S 5545830 283 101459 0
S 5558829 283 101453 0
S 5571828 283 101459 0
S 5584828 283 101462 0
S 5597827 283 101459 0
S 5610826 283 101462 0
S 5623825 283 101462 0
S 5636824 283 101453 0
S 5649824 283 101462 0
S 5662823 283 101453 0
S 5675822 283 101462 0
S 5688821 283 101465 0
S 5701820 283 101453 0
S 5714819 283 101456 0
S 5727819 283 101450 0
S 5740818 283 101456 0
S 5753817 283 101459 0
S 5766816 283 101456 0
S 5779815 283 101450 0
S 5792815 283 101447 0
S 5805814 283 101456 0
S 5818813 283 101462 0
S 5831812 283 101459 0
S 5844811 283 101462 0
S 5857811 283 101459 0
S 5870810 283 101447 0
S 5883809 283 101459 0
S 5896808 283 101453 0
S 5909807 283 101459 0
S 5922806 283 101462 0
S 5935806 283 101462 0
S 5948805 283 101456 0
S 5961804 283 101459 0
S 5974803 283 101462 0
S 5987802 283 101462 0
S 6000802 283 101462 0
S 6013801 283 101459 0
S 6026800 283 101456 0
S 6039799 283 101462 0
S 6052798 283 101456 0
S 6065798 283 101456 0
S 6078797 283 101462 0
S 6091796 283 101459 0
S 6104795 283 101459 0
S 6117794 283 101464 0
S 6130793 283 101459 0
S 6143793 283 101462 0
S 6156792 283 101453 0
S 6169791 283 101456 0
S 6182790 283 101459 0
S 6195789 283 101459 0
S 6208789 283 101456 0
S 6221788 283 101459 0
S 6234787 283 101453 0
S 6247786 283 101450 0
S 6260785 283 101459 0
S 6273785 283 101459 0
S 6286784 283 101444 0
S 6299783 283 101459 0
S 6312782 283 101444 0
S 6325781 283 101453 0
S 6338780 283 101459 0
S 6351780 283 101453 0
S 6364779 283 101441 0
S 6377778 283 101459 0
S 6390777 283 101459 0
S 6403776 283 101447 0
S 6416776 283 101459 0
S 6429775 283 101453 0
S 6442774 283 101464 0
S 6455773 283 101462 0
S 6468772 283 101456 0
S 6481772 283 101453 0
S 6494771 283 101453 0
S 6507770 283 101453 0
S 6520769 283 101453 0
S 6533768 283 101459 0
S 6546767 283 101456 0
S 6559767 283 101459 0
S 6623763 283 101453 1
S 6639762 283 101454 1
S 6655761 283 101456 1
S 6671760 283 101457 1
S 6687759 283 101459 1
S 6703758 283 101451 1
S 6719757 283 101459 1
S 6735756 283 101456 1
S 6751755 283 101456 1
S 6767754 283 101454 1
S 6783753 283 101456 1
S 6799752 283 101453 1
S 6815751 283 101459 1
S 6831750 283 101462 1
S 6847749 283 101459 1
S 6863748 283 101456 1
S 6879747 283 101453 1
S 6895746 283 101459 1
S 6911745 283 101454 1
S 6927744 283 101456 1
S 6943743 283 101459 1
S 6959742 283 101459 1
S 6975741 283 101451 1
S 6991740 283 101456 1
S 7007739 283 101453 1
S 7023738 283 101453 1
S 7039737 283 101456 1
S 7055736 283 101450 1
S 7071735 283 101457 1
S 7087734 283 101456 1
S 7103733 283 101465 1
S 7119732 283 101453 1
S 7135731 283 101457 1
S 7151730 283 101451 1
S 7167729 283 101465 1
S 7183728 283 101454 1
S 7199727 283 101460 1
S 7215726 283 101459 1
S 7231725 283 101462 1
S 7247724 283 101457 1
S 7263723 283 101454 1
S 7279722 283 101450 1
S 7295721 283 101456 1
S 7311720 283 101456 1
S 7327719 283 101459 1
S 7343718 283 101453 1
S 7359717 283 101453 1
S 7375716 283 101457 1
S 7391715 283 101460 1
S 7407714 283 101462 1
S 7423713 283 101454 1
S 7439712 283 101459 1
S 7455711 283 101457 1
S 7471710 283 101450 1
S 7487709 283 101454 1
S 7503708 283 101462 1
S 7519707 283 101454 1
S 7535706 283 101454 1
S 7551705 283 101453 1
S 7567704 283 101462 1
S 7583703 283 101459 1
S 7599702 283 101459 1
S 7615701 283 101456 1
S 7631700 283 101456 1
S 7647699 283 101460 1
S 7663698 283 101459 1
S 7679697 283 101460 1
S 7695696 283 101457 1
S 7711695 283 101456 1
S 7727694 283 101454 1
S 7743693 283 101456 1
S 7759692 283 101459 1
S 7775691 283 101456 1
S 7791690 283 101451 1
S 7807689 283 101465 1
S 7823688 283 101459 1
S 7839687 283 101454 1
S 7855686 283 101454 1
S 7871685 283 101462 1
S 7887684 283 101456 1
S 7903683 283 101459 1
S 7919682 283 101462 1
S 7935681 283 101459 1
S 7951680 283 101457 1
S 7967679 283 101454 1
S 7983678 283 101453 1
S 7999677 283 101459 1
S 8015676 283 101454 1
S 8031675 283 101459 1
S 8047674 283 101451 1
S 8063673 283 101451 1
S 8079672 283 101454 1
S 8095671 283 101450 1
S 8111670 283 101450 1
S 8127669 283 101460 1
S 8143668 283 101448 1
S 8159667 283 101453 1
S 8175666 283 101459 1
S 8191665 283 101451 1
S 8207664 283 101459 1
S 8223663 283 101460 1
S 8239662 283 101444 1
S 8255661 283 101450 1
S 8271660 283 101459 1
S 8287659 283 101456 1
S 8303658 283 101457 1
S 8319657 283 101454 1
S 8335656 283 101456 1
S 8351655 283 101450 1
S 8367654 283 101448 1
S 8383653 283 101450 1
S 8399652 283 101454 1
S 8415651 283 101453 1
S 8431650 283 101454 1
S 8447649 283 101453 1
S 8463648 283 101451 1
S 8479647 283 101447 1
S 8495646 283 101451 1
S 8511645 283 101451 1
S 8527644 283 101448 1
S 8543643 283 101451 1
S 8559642 283 101447 1
S 8575641 283 101451 1
S 8591640 283 101459 1
S 8607639 283 101454 1
S 8623638 283 101454 1
S 8639637 283 101448 1
S 8655636 283 101453 1
S 8671635 283 101456 1
S 8687634 283 101459 1
S 8703633 283 101459 1
S 8719632 283 101454 1
S 8735631 283 101453 1
S 8751630 283 101459 1
S 8767629 283 101453 1
S 8783628 283 101451 1
S 8799627 283 101459 1
S 8815626 283 101453 1
S 8831625 283 101451 1
S 8847624 283 101447 1
S 8863623 283 101453 1
S 8879622 283 101456 1
S 8895621 283 101457 1
S 8911620 283 101454 1
S 8927619 283 101453 1
S 8943618 283 101456 1
S 8959617 283 101462 1
S 8975616 283 101457 1
S 8991615 283 101456 1
S 9007614 283 101469 1
S 9023613 283 101460 1
S 9039612 283 101459 1
S 9055611 283 101460 1
S 9071610 283 101451 1
S 9087609 283 101457 1
S 9103608 283 101454 1
S 9119607 283 101453 1
S 9135606 283 101454 1
S 9151605 283 101457 1
S 9167604 283 101450 1
S 9183603 283 101453 1
S 9199602 283 101453 1
S 9215601 283 101456 1
S 9231600 283 101459 1
S 9247599 283 101459 1
S 9263598 283 101462 1
S 9279597 283 101465 1
S 9295596 283 101459 1
S 9311595 283 101453 1
S 9327594 283 101454 1
S 9343593 283 101456 1
S 9359592 283 101462 1
S 9375591 283 101466 1
S 9391590 283 101457 1
S 9407589 283 101456 1
S 9423588 283 101459 1
S 9439587 283 101459 1
S 9455586 283 101462 1
S 9471585 283 101459 1
S 9487584 283 101453 1
S 9503583 283 101447 1
S 9519582 283 101450 1
S 9535581 283 101451 1
S 9551580 283 101456 1
S 9567579 283 101459 1
S 9583578 283 101459 1
S 9599577 283 101459 1
S 9615576 283 101459 1
S 9631575 283 101453 1
S 9647574 283 101462 1
S 9663573 283 101460 1
S 9679572 283 101460 1
S 9695571 283 101456 1
S 9711570 283 101453 1
S 9727569 283 101453 1
S 9743568 283 101456 1
S 9759567 283 101462 1
S 9775566 283 101462 1
S 9791565 283 101459 1
S 9807564 283 101454 1
S 9823563 283 101450 1
S 9839562 283 101448 1
S 9855561 283 101456 1
S 9871560 283 101450 1
S 9887559 283 101453 1
S 9903558 283 101453 1
S 9919557 283 101457 1
S 9935556 283 101453 1
S 9951555 283 101451 1
S 9967554 283 101447 1
S 9983553 283 101459 1
S 9999552 283 101457 1
S 10015551 283 101457 1
S 10031550 283 101462 1
S 10047549 283 101456 1
S 10063548 283 101463 1
S 10079547 283 101451 1
S 10095546 283 101451 1
S 10111545 283 101450 1
S 10127544 283 101453 1
S 10143543 283 101459 1
S 10159542 283 101456 1
S 10175541 283 101451 1
S 10191540 283 101462 1
S 10207539 283 101451 1
S 10223538 283 101454 1
S 10239537 283 101448 1
S 10255536 283 101460 1
S 10271535 283 101453 1
S 10287534 283 101448 1
S 10303533 283 101454 1
S 10319532 283 101456 1
S 10335531 283 101450 1
S 10351530 283 101454 1
S 10367529 283 101454 1
S 10383528 283 101459 1
S 10399527 283 101453 1
S 10415526 283 101456 1
S 10431525 283 101453 1
S 10447524 283 101453 1
S 10463523 283 101442 1
S 10479522 283 101451 1
S 10495521 283 101453 1
S 10511520 283 101451 1
S 10527519 283 101448 1
S 10543518 283 101445 1
S 10559517 283 101447 1
S 10575516 283 101448 1
S 10591515 283 101451 1
S 10607514 283 101445 1
S 10623513 283 101445 1
S 10639512 283 101444 1
S 10655511 283 101445 1
S 10671510 283 101448 1
S 10687509 283 101447 1
S 10703508 283 101448 1
S 10719507 283 101451 1
S 10735506 283 101447 1
S 10751505 283 101448 1
S 10767504 283 101445 1
S 10783503 283 101447 1
S 10799502 283 101444 1
S 10815501 283 101445 1
S 10831500 283 101447 1
S 10847499 283 101448 1
S 10863498 283 101451 1
S 10879497 283 101454 1
S 10895496 283 101459 1
S 10911495 283 101445 1
S 10927494 283 101454 1
S 10943493 283 101459 1
S 10959492 283 101463 1
S 10975491 283 101457 1
S 10991490 283 101447 1
S 11007489 283 101451 1
S 11023488 283 101447 1
S 11039487 283 101448 1
S 11055486 283 101445 1
S 11071485 283 101448 1
S 11087484 283 101451 1
S 11103483 283 101451 1
S 11119482 283 101456 1
S 11135481 283 101454 1
S 11151480 283 101447 1
S 11167479 283 101453 1
S 11183478 283 101450 1
S 11199477 283 101456 1
S 11215476 283 101451 1
S 11231475 283 101451 1
S 11247474 283 101450 1
S 11263473 283 101448 1
S 11279472 283 101454 1
S 11295471 283 101454 1
S 11311470 283 101447 1
S 11327469 283 101448 1
S 11343468 283 101442 1
S 11359467 283 101453 1
S 11375466 283 101453 1
S 11391465 283 101465 1
S 11407464 283 101454 1
S 11423463 283 101454 1
S 11439462 283 101454 1
S 11455461 283 101451 1
S 11471460 283 101453 1
S 11487459 283 101450 1
S 11503458 283 101448 1
S 11519457 283 101451 1
S 11535456 283 101451 1
S 11551455 283 101456 1
S 11567454 283 101453 1
S 11583453 283 101451 1
S 11599452 283 101462 1
S 11615451 283 101459 1
S 11631450 283 101453 1
S 11647449 283 101448 1
S 11663448 283 101456 1
S 11679447 283 101457 1
S 11695446 283 101448 1
S 11711445 283 101456 1
S 11727444 283 101457 1
S 11743443 283 101451 1
S 11759442 283 101451 1
S 11775441 283 101447 1
S 11791440 283 101457 1
S 11807439 283 101457 1
S 11823438 283 101460 1
S 11839437 283 101457 1
S 11855436 283 101454 1
S 11871435 283 101454 1
S 11887434 283 101454 1
S 11903433 283 101459 1
S 11919432 283 101457 1
S 11935431 283 101460 1
S 11951430 283 101465 1
S 11967429 283 101457 1
S 11983428 283 101457 1
S 11999427 283 101454 1
S 12015426 283 101460 1
S 12031425 283 101470 1
S 12047424 283 101460 1
S 12063423 283 101457 1
S 12079422 283 101459 1
S 12095421 283 101453 1
S 12111420 283 101462 1
S 12127419 283 101454 1
S 12143418 283 101467 1
S 12159417 283 101463 1
S 12175416 283 101457 1
S 12191415 283 101457 1
S 12207414 283 101454 1
S 12223413 283 101451 1
S 12239412 283 101462 1
S 12255411 283 101459 1
S 12271410 283 101457 1
S 12287409 283 101462 1
S 12303408 283 101462 1
S 12319407 283 101459 1
S 12335406 283 101454 1
S 12351405 283 101450 1
S 12367404 283 101454 1
S 12383403 283 101456 1
S 12399402 283 101448 1
S 12415401 283 101459 1
S 12431400 283 101448 1
S 12447399 283 101450 1
S 12463398 283 101453 1
S 12479397 283 101447 1
S 12495396 283 101450 1
S 12511395 283 101459 1
S 12527394 283 101459 1
S 12543393 283 101453 1
S 12559392 283 101453 1
S 12575391 283 101450 1
S 12591390 283 101453 1
S 12607389 283 101451 1
S 12623388 283 101459 1
S 12639387 283 101451 1
S 12655386 283 101451 1
S 12671385 283 101459 1
S 12687384 283 101462 1
S 12703383 283 101451 1
S 12719382 283 101453 1
S 12735381 283 101448 1
S 12751380 283 101450 1
S 12767379 283 101454 1
S 12783378 283 101453 1
S 12799377 283 101445 1
S 12815376 283 101450 1
S 12831375 283 101454 1
S 12847374 283 101450 1
S 12863373 283 101451 1
S 12879372 283 101453 1
S 12895371 283 101454 1
S 12911370 283 101457 1
S 12927369 283 101450 1
S 12943368 283 101450 1
S 12959367 283 101453 1
S 12975366 283 101444 1
S 12991365 283 101448 1
S 13007364 283 101456 1
S 13023363 283 101451 1
S 13039362 283 101451 1
S 13055361 283 101453 1
S 13071360 283 101453 1
S 13087359 283 101451 1
S 13103358 283 101450 1
S 13119357 283 101450 1
S 13135356 283 101456 1
S 13151355 283 101454 1
S 13167354 283 101450 1
S 13183353 283 101459 1
S 13199352 283 101448 1
S 13215351 283 101451 1
S 13231350 283 101445 1
S 13247349 283 101450 1
S 13263348 283 101447 1
S 13279347 283 101454 1
S 13295346 283 101456 1
S 13311345 283 101447 1
S 13327344 283 101448 1
S 13343343 283 101454 1
S 13359342 283 101450 1
S 13375341 283 101456 1
S 13391340 283 101453 1
S 13407339 283 101448 1
S 13423338 283 101454 1
S 13439337 283 101453 1
S 13455336 283 101450 1
S 13471335 283 101451 1
S 13487334 283 101445 1
S 13503333 283 101448 1
S 13519332 283 101453 1
S 13535331 283 101450 1
S 13551330 283 101450 1
S 13567329 283 101451 1
S 13583328 283 101459 1
S 13599327 283 101448 1
S 13615326 283 101460 1
S 13631325 283 101445 1
S 13647324 283 101453 1
S 13663323 283 101450 1
S 13679322 283 101451 1
S 13695321 283 101454 1
S 13711320 283 101453 1
S 13727319 283 101450 1
S 13743318 283 101454 1
S 13759317 283 101453 1
S 13775316 283 101457 1
S 13791315 283 101448 1
S 13807314 283 101453 1
S 13823313 283 101448 1
S 13839312 283 101454 1
S 13855311 283 101454 1
S 13871310 283 101457 1
S 13887309 283 101457 1
S 13903308 283 101447 1
S 13919307 283 101457 1
S 13935306 283 101456 1
S 13951305 283 101454 1
S 13967304 283 101453 1
S 13983303 283 101457 1
S 13999302 283 101463 1
S 14015301 283 101454 1
S 14031300 283 101456 1
S 14047299 283 101465 1
S 14063298 283 101457 1
S 14079297 283 101463 1
S 14095296 283 101462 1
S 14111295 283 101456 1
S 14127294 283 101457 1
S 14143293 283 101450 1
S 14159292 283 101448 1
S 14175291 283 101457 1
S 14191290 283 101454 1
S 14207289 283 101451 1
S 14223288 283 101457 1
S 14239287 283 101456 1
S 14255286 283 101450 1
S 14271285 283 101448 1
S 14287284 283 101453 1
S 14303283 283 101444 1
S 14319282 283 101454 1
S 14335281 283 101444 1
S 14351280 283 101448 1
S 14367279 283 101442 1
S 14383278 283 101456 1
S 14399277 283 101450 1
S 14415276 283 101454 1
S 14431275 283 101454 1
S 14447274 283 101454 1
S 14463273 283 101448 1
S 14479272 283 101448 1
S 14495271 283 101448 1
S 14511270 283 101448 1
S 14527269 283 101450 1
S 14543268 283 101448 1
S 14559267 283 101451 1
S 14575266 283 101459 1
S 14591265 283 101454 1
S 14607264 283 101448 1
S 14695258 283 101459 2
S 14717257 283 101450 2
S 14739255 283 101456 2
S 14761254 283 101453 2
S 14783253 283 101450 2
S 14805251 283 101456 2
S 14827250 283 101451 2
S 14849249 283 101450 2
S 14871247 283 101450 2
S 14893246 283 101450 2
S 14915244 283 101456 2
S 14937243 283 101453 2
S 14959242 283 101453 2
S 14981240 283 101455 2
S 15003239 283 101453 2
S 15025238 283 101455 2
S 15047236 283 101457 2
S 15069235 283 101452 2
S 15091233 283 101456 2
S 15113232 283 101455 2
S 15135231 283 101451 2
S 15157229 283 101454 2
S 15179228 283 101457 2
S 15201227 283 101448 2
S 15223225 283 101451 2
S 15245224 283 101454 2
S 15267222 283 101453 2
S 15289221 283 101456 2
S 15311220 283 101458 2
S 15333218 283 101454 2
S 15355217 283 101453 2
S 15377216 283 101452 2
S 15399214 283 101454 2
S 15421213 283 101446 2
S 15443211 283 101449 2
S 15465210 283 101450 2
S 15487209 283 101455 2
S 15509207 283 101451 2
S 15531206 283 101450 2
S 15553205 283 101448 2
S 15575203 283 101450 2
S 15597202 283 101451 2
S 15619200 283 101447 2
S 15641199 283 101452 2
S 15663198 283 101451 2
S 15685196 283 101448 2
S 15707195 283 101454 2
S 15729194 283 101447 2
S 15751192 283 101444 2
S 15773191 283 101454 2
S 15795189 283 101451 2
S 15817188 283 101455 2
S 15839187 283 101450 2
S 15861185 283 101457 2
S 15883184 283 101452 2
S 15905183 283 101450 2
S 15927181 283 101454 2
S 15949180 283 101453 2
S 15971178 283 101455 2
S 15993177 283 101455 2
S 16015176 283 101458 2
S 16037174 283 101456 2
S 16059173 283 101450 2
S 16081172 283 101458 2
S 16103170 283 101456 2
S 16125169 283 101458 2
S 16147167 283 101455 2
S 16169166 283 101459 2
S 16191165 283 101455 2
S 16213163 283 101459 2
S 16235162 283 101453 2
S 16257161 283 101459 2
S 16279159 283 101454 2
S 16301158 283 101462 2
S 16323156 283 101454 2
S 16345155 283 101463 2
S 16367154 283 101453 2
S 16389152 283 101451 2
S 16411151 283 101453 2
S 16433150 283 101452 2
S 16455148 283 101463 2
S 16477147 283 101455 2
S 16499145 283 101456 2
S 16521144 283 101453 2
S 16543143 283 101458 2
S 16565141 283 101459 2
S 16587140 283 101462 2
S 16609139 283 101459 2
S 16631137 283 101464 2
S 16653136 283 101455 2
S 16675134 283 101456 2
S 16697133 283 101458 2
S 16719132 283 101460 2
S 16741130 283 101459 2
S 16763129 283 101458 2
S 16785128 283 101452 2
S 16807126 283 101450 2
S 16829125 283 101453 2
S 16851123 283 101452 2
S 16873122 283 101453 2
S 16895121 283 101448 2
S 16917119 283 101449 2
S 16939118 283 101448 2
S 16961117 283 101456 2
S 16983115 283 101450 2
S 17005114 283 101455 2
S 17027112 283 101451 2
S 17049111 283 101458 2
S 17071110 283 101458 2
S 17093108 283 101448 2
S 17115107 283 101450 2
S 17137106 283 101452 2
S 17159104 283 101453 2
S 17181103 283 101445 2
S 17203101 283 101449 2
S 17225100 283 101455 2
S 17247099 283 101453 2
S 17269097 283 101441 2
S 17291096 283 101447 2
S 17313095 283 101455 2
S 17335093 283 101448 2
S 17357092 283 101458 2
S 17379090 283 101454 2
S 17401089 283 101456 2
S 17423088 283 101459 2
S 17445086 283 101456 2
S 17467085 283 101456 2
S 17489084 283 101458 2
S 17511082 283 101463 2
S 17533081 283 101453 2
S 17555079 283 101455 2
S 17577078 283 101454 2
S 17599077 283 101448 2
S 17621075 283 101460 2
S 17643074 283 101468 2
S 17665073 283 101462 2
S 17687071 283 101456 2
S 17709070 283 101451 2
S 17731068 283 101457 2
S 17753067 283 101454 2
S 17775066 283 101448 2
S 17797064 283 101465 2
S 17819063 283 101455 2
S 17841062 283 101449 2
S 17863060 283 101448 2
S 17885059 283 101460 2
S 17907057 283 101455 2
S 17929056 283 101455 2
S 17951055 283 101454 2
S 17973053 283 101453 2
S 17995052 283 101458 2
S 18017051 283 101455 2
S 18039049 283 101462 2
S 18061048 283 101456 2
S 18083046 283 101453 2
S 18105045 283 101462 2
S 18127044 283 101459 2
S 18149042 283 101450 2
S 18171041 283 101452 2
S 18193040 283 101455 2
S 18215038 283 101456 2
S 18237037 283 101454 2
S 18259035 283 101452 2
S 18281034 283 101459 2
S 18303033 283 101458 2
S 18325031 283 101453 2
S 18347030 283 101457 2
S 18369029 283 101456 2
S 18391027 283 101451 2
S 18413026 283 101459 2
S 18435024 283 101453 2
S 18457023 283 101457 2
S 18479022 283 101462 2
S 18501020 283 101448 2
S 18523019 283 101456 2
S 18545018 283 101457 2
S 18567016 283 101461 2
S 18589015 283 101447 2
S 18611013 283 101450 2
S 18633012 283 101453 2
S 18655011 283 101455 2
S 18677009 283 101458 2
S 18699008 283 101453 2
S 18721007 283 101457 2
S 18743005 283 101455 2
S 18765004 283 101451 2
S 18787002 283 101453 2
S 18809001 283 101456 2
S 18831000 283 101456 2
S 18852998 283 101456 2
S 18874997 283 101451 2
S 18896996 283 101456 2
S 18918994 283 101459 2
S 18940993 283 101456 2
S 18962991 283 101456 2
S 18984990 283 101454 2
S 19006989 283 101458 2
S 19028987 283 101451 2
S 19050986 283 101458 2
S 19072985 283 101459 2
S 19094983 283 101459 2
S 19116982 283 101462 2
S 19138980 283 101447 2
S 19160979 283 101449 2
S 19182978 283 101455 2
S 19204976 283 101464 2
S 19226975 283 101456 2
S 19248974 283 101450 2
S 19270972 283 101453 2
S 19292971 283 101456 2
S 19314969 283 101459 2
S 19336968 283 101453 2
S 19358967 283 101464 2
S 19380965 283 101456 2
S 19402964 283 101456 2
S 19424963 283 101449 2
S 19446961 283 101446 2
S 19468960 283 101454 2
S 19490958 283 101453 2
S 19512957 283 101451 2
S 19534956 283 101450 2
S 19556954 283 101449 2
S 19578953 283 101458 2
S 19600952 283 101458 2
S 19622950 283 101456 2
S 19644949 283 101458 2
S 19666947 283 101457 2
S 19688946 283 101453 2
S 19710945 283 101450 2
S 19732943 283 101458 2
S 19754942 283 101459 2
S 19776941 283 101459 2
S 19798939 283 101459 2
S 19820938 283 101455 2
S 19842936 283 101456 2
S 19864935 283 101460 2
S 19886934 283 101455 2
S 19908932 283 101450 2
S 19930931 283 101455 2
S 19952930 283 101452 2
S 19974928 283 101456 2
S 19996927 283 101448 2
S 20018925 283 101453 2
S 20040924 283 101451 2
S 20062923 283 101457 2
S 20084921 283 101458 2
S 20106920 283 101459 2
S 20128919 283 101453 2
S 20150917 283 101447 2
S 20172916 283 101454 2
S 20194914 283 101448 2
S 20216913 283 101448 2
S 20238912 283 101454 2
S 20260910 283 101461 2
S 20282909 283 101466 2
S 20304908 283 101465 2
S 20326906 283 101467 2
S 20348905 283 101459 2
S 20370903 283 101458 2
S 20392902 283 101459 2
S 20414901 283 101452 2
S 20436899 283 101463 2
S 20458898 283 101456 2
S 20480897 283 101460 2
S 20502895 283 101465 2
S 20524894 283 101461 2
S 20546892 283 101465 2
S 20568891 283 101464 2
S 20590890 283 101461 2
S 20612888 283 101459 2
S 20634887 283 101459 2
S 20656886 283 101458 2
S 20678884 283 101460 2
S 20700883 283 101466 2
S 20722881 283 101452 2
S 20744880 283 101450 2
S 20766879 283 101457 2
S 20788877 283 101461 2
S 20810876 283 101452 2
S 20832875 283 101463 2
S 20854873 283 101453 2
S 20876872 283 101446 2
S 20898870 283 101451 2
S 20920869 283 101444 2
S 20942868 283 101450 2
S 20964866 283 101463 2
S 20986865 283 101453 2
S 21008864 283 101456 2
S 21030862 283 101453 2
S 21052861 283 101459 2
S 21074859 283 101449 2
S 21096858 283 101456 2
S 21118857 283 101450 2
S 21140855 283 101453 2
S 21162854 283 101461 2
S 21184853 283 101459 2
S 21206851 283 101458 2
S 21228850 283 101456 2
S 21250848 283 101455 2
S 21272847 283 101447 2
S 21294846 283 101456 2
S 21316844 283 101457 2
S 21338843 283 101453 2
S 21360842 283 101456 2
S 21382840 283 101453 2
S 21404839 283 101456 2
S 21426837 283 101456 2
S 21448836 283 101457 2
S 21470835 283 101457 2
S 21492833 283 101457 2
S 21514832 283 101460 2
S 21536831 283 101452 2
S 21558829 283 101451 2
S 21580828 283 101450 2
S 21602826 283 101451 2
S 21624825 283 101451 2
S 21646824 283 101453 2
S 21668822 283 101454 2
S 21690821 283 101451 2
S 21712820 283 101460 2
S 21734818 283 101464 2
S 21756817 283 101456 2
S 21778815 283 101458 2
S 21800814 283 101447 2
S 21822813 283 101450 2
S 21844811 283 101459 2
S 21866810 283 101447 2
S 21888809 283 101449 2
S 21910807 283 101456 2
S 21932806 283 101453 2
S 21954804 283 101459 2
S 21976803 283 101453 2
S 21998802 283 101447 2
S 22020800 283 101450 2
S 22042799 283 101456 2
S 22064798 283 101456 2
S 22086796 283 101454 2
S 22108795 283 101453 2
S 22130793 283 101455 2
S 22152792 283 101460 2
S 22174791 283 101453 2
S 22196789 283 101458 2
S 22218788 283 101447 2
S 22240787 283 101451 2
S 22262785 283 101453 2
S 22284784 283 101458 2
S 22306782 283 101451 2
S 22328781 283 101460 2
S 22350780 283 101460 2
S 22372778 283 101455 2
S 22394777 283 101450 2
S 22416776 283 101453 2
S 22438774 283 101456 2
S 22460773 283 101449 2
S 22482771 283 101459 2
S 22504770 283 101450 2
S 22526769 283 101462 2
S 22548767 283 101459 2
S 22570766 283 101461 2
S 22592765 283 101456 2
S 22614763 283 101458 2
S 22636762 283 101456 2
S 22658760 283 101447 2
S 22680759 283 101456 2
S 22702758 283 101452 2
S 22724756 283 101452 2
S 22746755 283 101456 2
S 22768754 283 101453 2
S 22790752 283 101462 2
S 22812751 283 101453 2
S 22834749 283 101456 2
S 22856748 283 101458 2
S 22878747 283 101456 2
S 22900745 283 101459 2
S 22922744 283 101452 2
S 22944743 283 101456 2
S 22966741 283 101450 2
S 22988740 283 101455 2
S 23010738 283 101453 2
S 23032737 283 101461 2
S 23054736 283 101456 2
S 23076734 283 101454 2
S 23098733 283 101462 2
S 23120732 283 101456 2
S 23142730 283 101455 2
S 23164729 283 101461 2
S 23186727 283 101457 2
S 23208726 283 101467 2
S 23230725 283 101454 2
S 23252723 283 101455 2
S 23274722 283 101456 2
S 23296721 283 101453 2
S 23318719 283 101459 2
S 23340718 283 101459 2
S 23362716 283 101456 2
S 23384715 283 101455 2
S 23406714 283 101451 2
S 23428712 283 101457 2
S 23450711 283 101453 2
S 23472710 283 101454 2
S 23494708 283 101459 2
S 23516707 283 101456 2
S 23538705 283 101453 2
S 23560704 283 101455 2
S 23582703 283 101454 2
S 23604701 283 101459 2
S 23626700 283 101462 2
S 23648699 283 101456 2
S 23670697 283 101459 2
S 23692696 283 101463 2
S 23714694 283 101456 2
S 23736693 283 101462 2
S 23758692 283 101457 2
S 23780690 283 101454 2
S 23802689 283 101465 2
S 23824688 283 101456 2
S 23846686 283 101457 2
S 23868685 283 101449 2
S 23890683 283 101464 2
S 23912682 283 101455 2
S 23934681 283 101450 2
S 23956679 283 101453 2
S 23978678 283 101459 2
S 24000677 283 101459 2
S 24022675 283 101459 2
S 24044674 283 101453 2
S 24066672 283 101460 2
S 24088671 283 101456 2
S 24110670 283 101460 2
S 24132668 283 101453 2
S 24154667 283 101460 2
S 24176666 283 101455 2
S 24198664 283 101459 2
S 24220663 283 101455 2
S 24242661 283 101455 2
S 24264660 283 101456 2
S 24286659 283 101457 2
S 24308657 283 101453 2
S 24330656 283 101456 2
S 24352655 283 101455 2
S 24374653 283 101455 2
S 24396652 283 101456 2
S 24418650 283 101455 2
S 24440649 283 101462 2
S 24462648 283 101457 2
S 24484646 283 101451 2
S 24506645 283 101457 2
S 24528644 283 101448 2
S 24550642 283 101448 2
S 24572641 283 101450 2
S 24594639 283 101450 2
S 24616638 283 101453 2
S 24638637 283 101450 2
S 24660635 283 101453 2
S 24682634 283 101459 2
S 24704633 283 101453 2
S 24726631 283 101455 2
S 24748630 283 101458 2
S 24770628 283 101451 2
S 24792627 283 101453 2
S 24814626 283 101460 2
S 24836624 283 101455 2
S 24858623 283 101460 2
S 24880622 283 101457 2
S 24902620 283 101462 2
S 24924619 283 101464 2
S 24946617 283 101452 2
S 24968616 283 101460 2
S 24990615 283 101455 2
S 25012613 283 101457 2
S 25034612 283 101455 2
S 25056611 283 101457 2
S 25078609 283 101458 2
S 25100608 283 101458 2
S 25122606 283 101461 2
S 25144605 283 101458 2
S 25166604 283 101459 2
S 25188602 283 101459 2
S 25210601 283 101452 2
S 25232600 283 101454 2
S 25254598 283 101456 2
S 25276597 283 101456 2
S 25298595 283 101456 2
S 25320594 283 101459 2
S 25342593 283 101457 2
S 25364591 283 101464 2
S 25386590 283 101459 2
S 25408589 283 101454 2
S 25430587 283 101453 2
S 25452586 283 101459 2
S 25474584 283 101450 2
S 25496583 283 101449 2
S 25518582 283 101454 2
S 25540580 283 101454 2
S 25562579 283 101451 2
S 25584578 283 101457 2
S 25606576 283 101461 2
S 25628575 283 101456 2
S 25650573 283 101459 2
S 25672572 283 101465 2
S 25808564 283 101454 3
S 25842561 283 101452 3
S 25876559 283 101457 3
S 25910557 283 101454 3
S 25944555 283 101452 3
S 25978553 283 101457 3
S 26012551 283 101453 3
S 26046549 283 101455 3
S 26080547 283 101461 3
S 26114544 283 101462 3
S 26148542 283 101458 3
S 26182540 283 101461 3
S 26216538 283 101456 3
S 26250536 283 101461 3
S 26284534 283 101452 3
S 26318532 283 101460 3
S 26352530 283 101462 3
S 26386527 283 101463 3
S 26420525 283 101469 3
S 26454523 283 101464 3
S 26488521 283 101467 3
S 26522519 283 101467 3
S 26556517 283 101465 3
S 26590515 283 101465 3
S 26624513 283 101457 3
S 26658510 283 101459 3
S 26692508 283 101460 3
S 26726506 283 101461 3
S 26760504 283 101457 3
S 26794502 283 101461 3
S 26828500 283 101464 3
S 26862498 283 101455 3
S 26896496 283 101457 3
S 26930493 283 101456 3
S 26964491 283 101453 3
S 26998489 283 101457 3
S 27032487 283 101452 3
S 27066485 283 101451 3
S 27100483 283 101453 3
S 27134481 283 101457 3
S 27168479 283 101459 3
S 27202476 283 101461 3
S 27236474 283 101455 3
S 27270472 283 101456 3
S 27304470 283 101455 3
S 27338468 283 101459 3
S 27372466 283 101463 3
S 27406464 283 101459 3
S 27440462 283 101462 3
S 27474459 283 101455 3
S 27508457 283 101459 3
S 27542455 283 101464 3
S 27576453 283 101456 3
S 27610451 283 101451 3
S 27644449 283 101456 3
S 27678447 283 101458 3
S 27712445 283 101453 3
S 27746442 283 101452 3
S 27780440 283 101460 3
S 27814438 283 101463 3
S 27848436 283 101463 3
S 27882434 283 101466 3
S 27916432 283 101462 3
S 27950430 283 101463 3
S 27984428 283 101457 3
S 28018425 283 101460 3
S 28052423 283 101454 3
S 28086421 283 101457 3
S 28120419 283 101466 3
S 28154417 283 101460 3
S 28188415 283 101460 3
S 28222413 283 101456 3
S 28256411 283 101463 3
S 28290408 283 101464 3
S 28324406 283 101456 3
S 28358404 283 101455 3
S 28392402 283 101454 3
S 28426400 283 101459 3
S 28460398 283 101453 3
S 28494396 283 101457 3
S 28528394 283 101465 3
S 28562391 283 101461 3
S 28596389 283 101467 3
S 28630387 283 101454 3
S 28664385 283 101459 3
S 28698383 283 101463 3
S 28732381 283 101459 3
S 28766379 283 101453 3
S 28800377 283 101456 3
S 28834374 283 101460 3
S 28868372 283 101460 3
S 28902370 283 101457 3
S 28936368 283 101456 3
S 28970366 283 101455 3
S 29004364 283 101461 3
S 29038362 283 101451 3
S 29072360 283 101456 3
S 29106357 283 101462 3
S 29140355 283 101460 3
S 29174353 283 101460 3
S 29208351 283 101464 3
S 29242349 283 101463 3
S 29276347 283 101460 3
S 29310345 283 101468 3
S 29344343 283 101462 3
S 29378340 283 101462 3
S 29412338 283 101460 3
S 29446336 283 101462 3
S 29480334 283 101470 3
S 29514332 283 101465 3
S 29548330 283 101460 3
S 29582328 283 101463 3
S 29616326 283 101459 3
S 29650323 283 101457 3
S 29684321 283 101461 3
S 29718319 283 101459 3
S 29752317 283 101457 3
S 29786315 283 101460 3
S 29820313 283 101462 3
S 29854311 283 101462 3
S 29888309 283 101457 3
S 29922306 283 101457 3
S 29956304 283 101457 3
S 29990302 283 101456 3
S 30024300 283 101460 3
S 30058298 283 101459 3
S 30092296 283 101459 3
S 30126294 283 101456 3
S 30160292 283 101456 3
S 30194289 283 101455 3
S 30228287 283 101458 3
S 30262285 283 101466 3
S 30296283 283 101459 3
S 30330281 283 101465 3
S 30364279 283 101459 3
S 30398277 283 101463 3
S 30432275 283 101457 3
S 30466272 283 101456 3
S 30500270 283 101456 3
S 30534268 283 101456 3
S 30568266 283 101459 3
S 30602264 283 101466 3
S 30636262 283 101460 3
S 30670260 283 101454 3
S 30704258 283 101463 3
S 30738255 283 101466 3
S 30772253 283 101462 3
S 30806251 283 101458 3
S 30840249 283 101458 3
S 30874247 283 101456 3
S 30908245 283 101459 3
S 30942243 283 101453 3
S 30976241 283 101460 3
S 31010238 283 101458 3
S 31044236 283 101461 3
S 31078234 283 101462 3
S 31112232 283 101465 3
S 31146230 283 101459 3
S 31180228 283 101460 3
S 31214226 283 101459 3
S 31248224 283 101460 3
S 31282221 283 101456 3
S 31316219 283 101461 3
S 31350217 283 101465 3
S 31384215 283 101464 3
S 31418213 283 101459 3
S 31452211 283 101462 3
S 31486209 283 101455 3
S 31520207 283 101462 3
S 31554204 283 101458 3
S 31588202 283 101454 3
S 31622200 283 101455 3
S 31656198 283 101462 3
S 31690196 283 101466 3
S 31724194 283 101458 3
S 31758192 283 101459 3
S 31792190 283 101464 3
S 31826187 283 101460 3
S 31860185 283 101457 3
S 31894183 283 101458 3
S 31928181 283 101458 3
S 31962179 283 101458 3
S 31996177 283 101464 3
S 32030175 283 101464 3
S 32064173 283 101460 3
S 32098170 283 101457 3
S 32132168 283 101460 3
S 32166166 283 101462 3
S 32200164 283 101463 3
S 32234162 283 101457 3
S 32268160 283 101457 3
S 32302158 283 101459 3
S 32336156 283 101462 3
S 32370153 284 101459 3
S 32404151 283 101458 3
S 32438149 283 101458 3
S 32472147 284 101459 3
S 32506145 283 101462 3
S 32540143 283 101461 3
S 32574141 283 101462 3
S 32608139 283 101456 3
S 32642136 283 101459 3
S 32676134 283 101462 3
S 32710132 283 101459 3
S 32744130 283 101461 3
S 32778128 283 101459 3
S 32812126 283 101462 3
S 32846124 283 101459 3
S 32880122 283 101460 3
S 32914119 283 101462 3
S 32948117 283 101459 3
S 32982115 283 101461 3
S 33016113 283 101459 3
S 33050111 283 101460 3
S 33084109 283 101457 3
S 33118107 283 101461 3
S 33152105 283 101467 3
S 33186102 283 101466 3
S 33220100 283 101463 3
S 33254098 283 101463 3
S 33288096 283 101458 3
S 33322094 283 101462 3
S 33356092 283 101461 3
S 33390090 283 101463 3
S 33424088 283 101461 3
S 33458085 283 101458 3
S 33492083 283 101462 3
S 33526081 283 101461 3
S 33560079 283 101460 3
S 33594077 283 101461 3
S 33628075 283 101460 3
S 33662073 283 101465 3
S 33696071 283 101456 3
S 33730068 283 101463 3
S 33764066 283 101463 3
S 33798064 283 101462 3
S 33832062 283 101465 3
S 33866060 283 101464 3
S 33900058 283 101464 3
S 33934056 283 101465 3
S 33968054 283 101460 3
S 34002051 283 101461 3
S 34036049 283 101461 3
S 34070047 283 101456 3
S 34104045 283 101457 3
S 34138043 283 101458 3
S 34172041 283 101456 3
S 34206039 283 101460 3
S 34240037 283 101461 3
S 34274034 283 101459 3
S 34308032 283 101455 3
S 34342030 283 101458 3
S 34376028 283 101457 3
S 34410026 283 101462 3
S 34444024 283 101457 3
S 34478022 283 101460 3
S 34512020 283 101464 3
S 34546017 283 101461 3
S 34580015 283 101464 3
S 34614013 283 101463 3
S 34648011 283 101460 3
S 34682009 283 101461 3
S 34716007 283 101457 3
S 34750005 283 101457 3
S 34784003 283 101459 3
S 34818000 283 101459 3
S 34851998 283 101460 3
S 34885996 283 101459 3
S 34919994 284 101462 3
S 34953992 284 101463 3
S 34987990 283 101461 3
S 35021988 284 101463 3
S 35055986 283 101462 3
S 35089983 284 101462 3
S 35123981 283 101456 3
S 35157979 283 101462 3
S 35191977 283 101462 3
S 35225975 283 101465 3
S 35259973 283 101460 3
S 35293971 284 101462 3
S 35327969 284 101460 3
S 35361966 283 101465 3
S 35395964 284 101470 3
S 35429962 284 101462 3
S 35463960 284 101462 3
S 35497958 284 101464 3
S 35531956 283 101458 3
S 35565954 284 101461 3
S 35599952 284 101456 3
S 35633949 283 101460 3
S 35667947 283 101456 3
S 35701945 284 101464 3
S 35735943 283 101459 3
S 35769941 284 101463 3
S 35803939 283 101459 3
S 35837937 284 101462 3
S 35871935 284 101465 3
S 35905932 284 101464 3
S 35939930 283 101462 3
S 35973928 284 101468 3
S 36007926 284 101459 3
S 36041924 283 101458 3
S 36075922 284 101458 3
S 36109920 284 101463 3
S 36143918 283 101457 3
S 36177915 283 101455 3
S 36211913 283 101458 3
S 36245911 284 101459 3
S 36279909 283 101455 3
S 36313907 283 101455 3
S 36347905 283 101454 3
S 36381903 284 101459 3
S 36415901 283 101460 3
S 36449898 283 101460 3
S 36483896 283 101461 3
S 36517894 283 101458 3
S 36551892 284 101456 3
S 36585890 283 101455 3
S 36619888 284 101452 3
S 36653886 284 101455 3
S 36687884 284 101464 3
S 36721881 284 101458 3
S 36755879 283 101458 3
S 36789877 284 101459 3
S 36823875 284 101458 3
S 36857873 283 101457 3
S 36891871 284 101465 3
S 36925869 284 101460 3
S 36959867 283 101461 3
S 36993864 283 101455 3
S 37027862 283 101462 3
S 37061860 284 101459 3
S 37095858 284 101460 3
S 37129856 284 101456 3
S 37163854 284 101458 3
S 37197852 283 101459 3
S 37231850 284 101460 3
S 37265847 284 101464 3
S 37299845 283 101460 3
S 37333843 283 101457 3
S 37367841 284 101458 3
S 37401839 284 101456 3
S 37435837 284 101461 3
S 37469835 284 101461 3
S 37503833 284 101460 3
S 37537830 284 101455 3
S 37571828 283 101456 3
S 37605826 284 101454 3
S 37639824 284 101453 3
S 37673822 284 101457 3
S 37707820 284 101452 3
S 37741818 284 101460 3
S 37775816 284 101457 3
S 37809813 284 101457 3
S 37843811 283 101451 3
S 37877809 284 101468 3
S 37911807 284 101456 3
S 37945805 284 101458 3
S 37979803 283 101458 3
S 38013801 283 101456 3
S 38047799 284 101459 3
S 38081796 283 101446 3
S 38115794 284 101455 3
S 38149792 284 101455 3
S 38183790 284 101461 3
S 38217788 284 101458 3
S 38251786 284 101458 3
S 38285784 284 101466 3
S 38319782 284 101461 3
S 38353779 284 101455 3
S 38387777 283 101453 3
S 38421775 284 101457 3
S 38455773 284 101452 3
S 38489771 284 101457 3
S 38523769 284 101465 3
S 38557767 284 101464 3
S 38591765 284 101464 3
S 38625762 284 101463 3
S 38659760 284 101462 3
S 38693758 284 101465 3
S 38727756 284 101460 3
S 38761754 284 101464 3
S 38795752 284 101456 3
S 38829750 284 101467 3
S 38863748 284 101458 3
S 38897745 283 101457 3
S 38931743 284 101461 3
S 38965741 284 101458 3
S 38999739 284 101461 3
S 39033737 283 101454 3
S 39067735 283 101454 3
S 39101733 284 101458 3
S 39135731 284 101455 3
S 39169728 284 101451 3
S 39203726 284 101455 3
S 39237724 284 101460 3
S 39271722 284 101459 3
S 39305720 284 101459 3
S 39339718 284 101455 3
S 39373716 284 101464 3
S 39407714 284 101457 3
S 39441711 284 101458 3
S 39475709 284 101461 3
S 39509707 284 101447 3
S 39543705 284 101457 3
S 39577703 284 101457 3
S 39611701 284 101458 3
S 39645699 284 101459 3
S 39679697 284 101459 3
S 39713694 284 101455 3
S 39747692 284 101459 3
S 39781690 284 101454 3
S 39815688 284 101458 3
S 39849686 284 101456 3
S 39883684 284 101452 3
S 39917682 284 101465 3
S 39951680 284 101455 3
S 39985677 284 101460 3
S 40019675 284 101458 3
S 40053673 284 101458 3
S 40087671 284 101462 3
S 40121669 284 101453 3
S 40155667 284 101462 3
S 40189665 284 101460 3
S 40223663 284 101458 3
S 40257660 284 101457 3
S 40291658 284 101459 3
S 40325656 284 101459 3
S 40359654 284 101458 3
S 40393652 284 101461 3
S 40427650 284 101464 3
S 40461648 284 101462 3
S 40495646 284 101462 3
S 40529643 284 101455 3
S 40563641 284 101458 3
S 40597639 284 101457 3
S 40631637 284 101457 3
S 40665635 284 101464 3
S 40699633 284 101451 3
S 40733631 283 101448 3
S 40767629 284 101452 3
S 40801626 284 101452 3
S 40835624 284 101454 3
S 40869622 284 101461 3
S 40903620 284 101465 3
S 40937618 284 101457 3
S 40971616 284 101462 3
S 41005614 284 101465 3
S 41039612 284 101460 3
S 41073609 284 101460 3
S 41107607 284 101460 3
S 41141605 284 101464 3
S 41175603 284 101461 3
S 41209601 284 101464 3
S 41243599 284 101457 3
S 41277597 284 101458 3
S 41311595 284 101457 3
S 41345592 284 101461 3
S 41379590 284 101455 3
S 41413588 284 101460 3
S 41447586 284 101456 3
S 41481584 284 101463 3
S 41515582 284 101460 3
S 41549580 284 101461 3
S 41583578 284 101461 3
S 41617575 284 101458 3
S 41651573 284 101461 3
S 41685571 284 101458 3
S 41719569 284 101455 3
S 41753567 284 101461 3
S 41787565 284 101467 3
S 41821563 284 101464 3
S 41855561 284 101457 3
S 41889558 284 101465 3
S 41923556 284 101464 3
S 41957554 284 101458 3
S 41991552 283 101459 3
S 42025550 284 101464 3
S 42059548 284 101459 3
S 42093546 284 101466 3
S 42127544 284 101458 3
S 42161541 284 101463 3
S 42195539 284 101455 3
S 42229537 284 101457 3
S 42263535 284 101455 3
S 42297533 284 101461 3
S 42331531 284 101468 3
S 42365529 284 101461 3
S 42399527 284 101464 3
S 42433524 284 101461 3
S 42467522 284 101462 3
S 42501520 284 101456 3
S 42535518 284 101458 3
S 42569516 284 101464 3
S 42603514 284 101458 3
S 42637512 284 101455 3
S 42671510 284 101455 3
S 42705507 284 101462 3
S 42739505 284 101458 3
S 42773503 284 101457 3
S 42795502 284 101451 2
S 42817500 284 101463 2
S 42839499 283 101456 2
S 42861498 284 101459 2
S 42883496 283 101457 2
S 42905495 283 101454 2
S 42927494 284 101464 2
S 42949492 283 101459 2
S 42971491 284 101454 2
S 42993489 283 101463 2
S 43015488 283 101461 2
S 43037487 283 101459 2
S 43059485 283 101462 2
S 43081484 283 101459 2
S 43103483 284 101460 2
S 43125481 283 101459 2
S 43147480 283 101459 2
S 43169478 283 101462 2
S 43191477 283 101465 2
S 43213476 283 101461 2
S 43235474 283 101462 2
S 43257473 283 101460 2
S 43279472 283 101459 2
S 43301470 283 101459 2
S 43323469 283 101456 2
S 43345467 283 101461 2
S 43367466 283 101454 2
S 43389465 283 101456 2
S 43411463 284 101456 2
S 43433462 283 101461 2
S 43455461 283 101457 2
S 43477459 283 101461 2
S 43499458 283 101459 2
S 43521456 283 101459 2
S 43543455 283 101462 2
S 43565454 283 101452 2
S 43587452 283 101457 2
S 43609451 283 101454 2
S 43631450 283 101461 2
S 43653448 283 101460 2
S 43675447 283 101457 2
S 43697445 283 101460 2
S 43719444 283 101456 2
S 43741443 283 101455 2
S 43763441 283 101457 2
S 43785440 283 101451 2
S 43807439 283 101459 2
S 43829437 283 101459 2
S 43851436 283 101452 2
S 43873434 283 101453 2
S 43895433 283 101458 2
S 43917432 283 101461 2
S 43939430 283 101455 2
S 43961429 283 101457 2
S 43983428 283 101455 2
S 44005426 283 101458 2
S 44027425 283 101451 2
S 44049423 283 101457 2
S 44071422 283 101458 2
S 44093421 283 101457 2
S 44115419 283 101460 2
S 44137418 283 101462 2
S 44159417 283 101459 2
S 44181415 283 101454 2
S 44203414 283 101457 2
S 44225412 283 101457 2
S 44247411 283 101458 2
S 44269410 283 101462 2
S 44291408 283 101462 2
S 44313407 283 101465 2
S 44335406 283 101459 2
S 44357404 283 101459 2
S 44379403 283 101462 2
S 44401401 283 101455 2
S 44423400 283 101462 2
S 44445399 283 101454 2
S 44467397 283 101459 2
S 44489396 284 101461 2
S 44511395 283 101459 2
S 44533393 283 101457 2
S 44555392 283 101461 2
S 44577390 283 101459 2
S 44599389 283 101454 2
S 44621388 283 101459 2
S 44643386 283 101456 2
S 44665385 283 101459 2
S 44687384 283 101458 2
S 44709382 283 101459 2
S 44731381 283 101462 2
S 44753379 284 101469 2
S 44775378 283 101462 2
S 44797377 284 101460 2
S 44819375 283 101457 2
S 44841374 283 101464 2
S 44863373 283 101464 2
S 44885371 283 101457 2
S 44907370 283 101459 2
S 44929368 283 101457 2
S 44951367 283 101460 2
S 44973366 283 101459 2
S 44995364 283 101461 2
S 45017363 283 101459 2
S 45039362 283 101463 2
S 45061360 283 101455 2
S 45083359 283 101459 2
S 45105357 283 101459 2
S 45127356 283 101460 2
S 45149355 283 101459 2
S 45171353 283 101461 2
S 45193352 283 101450 2
S 45215351 284 101454 2
S 45237349 283 101458 2
S 45259348 283 101455 2
S 45281346 283 101459 2
S 45303345 283 101459 2
S 45325344 283 101459 2
S 45347342 284 101460 2
S 45369341 283 101466 2
S 45391340 283 101457 2
S 45413338 283 101459 2
S 45435337 283 101462 2
S 45457335 283 101460 2
S 45479334 283 101461 2
S 45501333 283 101461 2
S 45523331 283 101458 2
S 45545330 283 101459 2
S 45567329 283 101459 2
S 45589327 283 101462 2
S 45611326 283 101462 2
S 45633324 283 101459 2
S 45655323 283 101459 2
S 45677322 283 101459 2
S 45699320 283 101460 2
S 45721319 283 101457 2
S 45743318 283 101461 2
S 45765316 283 101459 2
S 45787315 283 101456 2
S 45809313 283 101459 2
S 45831312 283 101460 2
S 45853311 283 101461 2
S 45875309 283 101463 2
S 45897308 283 101460 2
S 45919307 284 101460 2
S 45941305 283 101459 2
S 45963304 283 101461 2
S 45985302 283 101462 2
S 46007301 283 101457 2
S 46029300 283 101455 2
S 46051298 283 101462 2
S 46073297 283 101453 2
S 46095296 283 101459 2
S 46117294 283 101455 2
S 46139293 283 101461 2
S 46161291 283 101459 2
S 46183290 283 101462 2
S 46205289 283 101459 2
S 46227287 283 101461 2
S 46249286 283 101457 2
S 46271285 283 101460 2
S 46293283 283 101456 2
S 46315282 283 101455 2
S 46337280 283 101457 2
S 46359279 284 101466 2
S 46381278 283 101462 2
S 46403276 283 101456 2
S 46425275 283 101459 2
S 46447274 283 101461 2
S 46469272 283 101459 2
S 46491271 283 101460 2
S 46513269 283 101461 2
S 46535268 283 101457 2
S 46557267 284 101455 2
S 46579265 283 101461 2
S 46601264 283 101462 2
S 46623263 283 101462 2
S 46645261 283 101459 2
S 46667260 283 101458 2
S 46689258 283 101459 2
S 46711257 283 101459 2
S 46733256 283 101463 2
S 46755254 283 101460 2
S 46777253 283 101459 2
S 46799252 283 101459 2
S 46821250 283 101463 2
S 46843249 283 101462 2
S 46865247 283 101463 2
S 46887246 283 101460 2
S 46909245 283 101457 2
S 46931243 283 101463 2
S 46953242 283 101463 2
S 46975241 283 101460 2
S 46997239 283 101464 2
S 47019238 283 101460 2
S 47041236 283 101459 2
S 47063235 284 101459 2
S 47085234 284 101459 2
S 47107232 283 101458 2
S 47129231 283 101456 2
S 47151230 283 101455 2
S 47173228 283 101456 2
S 47195227 283 101452 2
S 47217225 283 101457 2
S 47239224 283 101454 2
S 47261223 283 101451 2
S 47283221 284 101452 2
S 47305220 283 101457 2
S 47327219 283 101459 2
S 47349217 284 101454 2
S 47371216 283 101451 2
S 47393214 283 101452 2
S 47415213 283 101457 2
S 47437212 283 101457 2
S 47459210 283 101456 2
S 47481209 283 101457 2
S 47503208 284 101451 2
S 47525206 283 101454 2
S 47547205 283 101459 2
S 47569203 284 101454 2
S 47591202 284 101457 2
S 47613201 283 101453 2
S 47635199 283 101454 2
S 47657198 283 101458 2
S 47679197 283 101462 2
S 47701195 283 101457 2
S 47723194 283 101457 2
S 47745192 283 101454 2
S 47767191 283 101458 2
S 47789190 283 101457 2
S 47811188 283 101457 2
S 47833187 283 101454 2
S 47855186 283 101457 2
S 47877184 283 101463 2
S 47899183 283 101462 2
S 47921181 283 101461 2
S 47943180 284 101457 2
S 47965179 283 101455 2
S 47987177 283 101457 2
S 48009176 283 101456 2
S 48031175 283 101457 2
S 48053173 284 101459 2
S 48075172 283 101455 2
S 48097170 283 101457 2
S 48119169 283 101456 2
S 48141168 283 101457 2
S 48163166 283 101458 2
S 48185165 283 101454 2
S 48207164 283 101454 2
S 48229162 283 101456 2
S 48251161 283 101451 2
S 48273159 283 101457 2
S 48295158 283 101448 2
S 48317157 283 101456 2
S 48339155 283 101461 2
S 48361154 284 101463 2
S 48383153 283 101457 2
S 48405151 283 101454 2
S 48427150 283 101456 2
S 48449148 283 101459 2
S 48471147 283 101451 2
S 48493146 283 101454 2
S 48515144 283 101450 2
S 48537143 283 101458 2
S 48559142 283 101458 2
S 48581140 283 101454 2
S 48603139 283 101456 2
S 48625137 283 101457 2
S 48647136 284 101457 2
S 48669135 283 101455 2
S 48691133 283 101457 2
S 48713132 284 101454 2
S 48735131 284 101461 2
S 48757129 283 101460 2
S 48779128 283 101457 2
S 48801126 283 101457 2
S 48823125 284 101458 2
S 48845124 283 101457 2
S 48867122 284 101457 2
S 48889121 284 101463 2
S 48911120 283 101455 2
S 48933118 283 101459 2
S 48955117 283 101451 2
S 48977115 284 101459 2
S 48999114 283 101453 2
S 49021113 283 101454 2
S 49043111 283 101455 2
S 49065110 283 101455 2
S 49087109 284 101457 2
S 49109107 283 101459 2
S 49131106 283 101458 2
S 49153104 284 101459 2
S 49175103 283 101457 2
S 49197102 284 101468 2
S 49219100 284 101464 2
S 49241099 283 101452 2
S 49263098 283 101457 2
S 49285096 283 101452 2
S 49307095 283 101458 2
S 49329093 283 101454 2
S 49351092 283 101448 2
S 49373091 283 101454 2
S 49395089 284 101456 2
S 49417088 284 101455 2
S 49439087 284 101462 2
S 49461085 283 101459 2
S 49483084 283 101451 2
S 49505082 284 101457 2
S 49527081 283 101451 2
S 49549080 284 101460 2
S 49571078 283 101451 2
S 49593077 283 101454 2
S 49615076 283 101456 2
S 49637074 284 101454 2
S 49659073 283 101448 2
S 49681071 283 101448 2
S 49703070 284 101448 2
S 49725069 283 101452 2
S 49747067 284 101462 2
S 49769066 284 101450 2
S 49791065 284 101460 2
S 49813063 284 101454 2
S 49835062 284 101454 2
S 49857060 284 101457 2
S 49879059 283 101452 2
S 49901058 284 101457 2
S 49923056 283 101448 2
S 49945055 283 101452 2
S 49967054 283 101454 2
S 49989052 283 101454 2
S 50011051 283 101457 2
S 50033049 284 101454 2
S 50055048 284 101447 2
S 50077047 283 101453 2
S 50099045 284 101451 2
S 50121044 284 101457 2
S 50143043 284 101455 2
S 50165041 284 101451 2
S 50187040 284 101455 2
S 50209038 284 101457 2
S 50231037 284 101458 2
S 50253036 284 101458 2
S 50275034 283 101456 2
S 50297033 284 101454 2
S 50319032 283 101453 2
S 50341030 284 101462 2
S 50363029 284 101457 2
S 50385027 284 101463 2
S 50407026 284 101454 2
S 50429025 284 101458 2
S 50451023 283 101457 2
S 50473022 284 101464 2
S 50495021 284 101461 2
S 50517019 284 101459 2
S 50539018 283 101461 2
S 50561016 284 101462 2
S 50583015 284 101459 2
S 50605014 284 101459 2
S 50627012 284 101466 2
S 50649011 284 101456 2
S 50671010 284 101457 2
S 50693008 284 101463 2
S 50715007 283 101459 2
S 50737005 284 101460 2
S 50759004 284 101466 2
S 50781003 284 101457 2
S 50803001 283 101454 2
S 50825000 283 101453 2
S 50846999 283 101461 2
S 50868997 283 101459 2
S 50890996 283 101452 2
S 50912994 284 101462 2
S 50934993 283 101458 2
S 50956992 283 101454 2
S 50978990 283 101454 2
S 51000990 284 101452 2
S 51022988 284 101457 2
S 51044986 283 101459 2
S 51066985 284 101466 2
S 51088983 284 101456 2
S 51110982 283 101452 2
S 51132981 283 101453 2
S 51154979 284 101457 2
S 51176978 283 101457 2
S 51198977 284 101453 2
S 51220975 284 101457 2
S 51242974 283 101456 2
S 51264972 284 101454 2
S 51286971 283 101459 2
S 51308970 284 101458 2
S 51330968 284 101461 2
S 51352967 284 101458 2
S 51374966 284 101457 2
S 51396964 284 101454 2
S 51418963 284 101453 2
S 51440961 283 101453 2
S 51462960 283 101454 2
S 51484959 284 101455 2
S 51506957 284 101460 2
S 51528956 283 101456 2
S 51550955 284 101455 2
S 51572953 284 101456 2
S 51594952 284 101455 2
S 51616950 284 101457 2
S 51638949 283 101448 2
S 51660948 283 101454 2
S 51682946 283 101454 2
S 51704945 284 101454 2
S 51726944 284 101451 2
S 51748942 284 101457 2
S 51770941 284 101461 2
S 51792939 283 101451 2
S 51814938 284 101460 2
S 51836937 284 101453 2
S 51858935 283 101459 2
S 51880934 284 101462 2
S 51902933 284 101460 2
S 51924931 284 101459 2
S 51946930 284 101454 2
S 51968928 284 101455 2
S 51990927 284 101458 2
S 52012926 284 101459 2
S 52034924 284 101458 2
S 52056923 283 101459 2
S 52078922 284 101457 2
S 52100920 284 101456 2
S 52122919 283 101453 2
S 52144917 284 101451 2
S 52166916 284 101454 2
S 52188915 284 101452 2
S 52210913 283 101459 2
S 52232912 283 101457 2
S 52254911 284 101459 2
S 52276909 284 101453 2
S 52298908 284 101459 2
S 52320906 284 101454 2
S 52342905 284 101450 2
S 52364904 283 101459 2
S 52386902 284 101461 2
S 52408901 284 101462 2
S 52430900 284 101456 2
S 52452898 284 101460 2
S 52474897 283 101455 2
S 52496895 284 101456 2
S 52518894 284 101462 2
S 52540893 284 101459 2
S 52562891 283 101456 2
S 52584890 283 101455 2
S 52606889 284 101458 2
S 52628887 283 101458 2
S 52650886 284 101460 2
S 52672884 284 101461 2
S 52694883 283 101452 2
S 52716882 284 101460 2
S 52738880 284 101457 2
S 52760879 284 101461 2
S 52782878 284 101456 2
S 52804876 284 101456 2
S 52826875 283 101459 2
S 52848873 284 101462 2
S 52870872 283 101457 2
S 52892871 283 101452 2
S 52914869 284 101451 2
S 52936868 284 101449 2
S 52958867 283 101454 2
S 52980865 283 101454 2
S 53002864 283 101452 2
S 53024862 283 101454 2
S 53046861 284 101465 2
S 53068860 283 101455 2
S 53090858 283 101457 2
S 53112857 283 101449 2
S 53134856 284 101461 2
S 53156854 283 101453 2
S 53178853 283 101448 2
S 53200851 284 101455 2
S 53222850 284 101452 2
S 53244849 284 101457 2
S 53266847 283 101454 2
S 53288846 284 101453 2
S 53310845 284 101454 2
S 53332843 283 101454 2
S 53354842 283 101450 2
S 53376840 284 101460 2
S 53398839 283 101448 2
S 53420838 283 101452 2
S 53442836 283 101455 2
S 53464835 284 101460 2
S 53486834 284 101457 2
S 53508832 284 101463 2
S 53530831 283 101457 2
S 53552829 284 101460 2
S 53574828 283 101457 2
S 53596827 284 101461 2
S 53618825 284 101462 2
S 53640824 284 101465 2
S 53662823 284 101462 2
S 53684821 284 101460 2
S 53706820 283 101454 2
S 53728818 284 101454 2
S 53750817 284 101458 2
S 53772816 284 101460 2
S 53794814 284 101458 2
S 53816813 284 101463 2
S 53838812 284 101457 2
S 53860810 284 101460 2
S 53882809 284 101459 2
S 53904807 284 101458 2
S 53926806 284 101466 2
S 53948805 284 101457 2
S 53970803 284 101455 2
S 53992802 284 101463 2
S 54014801 284 101452 2
S 54036799 284 101463 2
S 54058798 284 101451 2
S 54080796 284 101452 2
S 54102795 284 101460 2
S 54124794 284 101456 2
S 54146792 284 101463 2
S 54168791 284 101459 2
S 54190790 284 101457 2
S 54212788 284 101457 2
S 54234787 284 101456 2
S 54256785 284 101452 2
S 54278784 284 101469 2
S 54300783 284 101446 2
S 54322781 284 101460 2
S 54344780 283 101457 2
S 54366779 284 101460 2
S 54388777 284 101463 2
S 54410776 284 101462 2
S 54432774 284 101468 2
S 54454773 284 101461 2
S 54476772 284 101461 2
S 54498770 284 101452 2
S 54520769 284 101457 2
S 54542768 284 101458 2
S 54564766 284 101466 2
S 54586765 284 101460 2
S 54608763 284 101456 2
S 54630762 284 101457 2
S 54652761 284 101459 2
S 54674759 284 101460 2
S 54696758 284 101461 2
S 54718757 284 101464 2
S 54740755 284 101455 2
S 54762754 284 101457 2
S 54784752 284 101464 2
S 54806751 284 101457 2
S 54828750 284 101457 2
S 54850748 284 101460 2
S 54872747 284 101457 2
S 54894746 284 101454 2
S 54916744 284 101455 2
S 54938743 284 101458 2
S 54960741 284 101459 2
S 54982740 284 101455 2
S 55004739 284 101457 2
S 55026737 284 101453 2
S 55048736 284 101456 2
S 55070735 284 101455 2
S 55092733 284 101455 2
S 55114732 284 101454 2
S 55136730 284 101452 2
S 55158729 284 101457 2
S 55180728 284 101454 2
S 55202726 284 101453 2
S 55224725 284 101452 2
S 55246724 284 101454 2
S 55268722 284 101457 2
S 55290721 284 101454 2
S 55312719 284 101457 2
S 55334718 284 101454 2
S 55356717 284 101462 2
S 55378715 284 101461 2
S 55400714 284 101456 2
S 55422713 284 101454 2
S 55444711 284 101460 2
S 55466710 284 101455 2
S 55488708 284 101461 2
S 55510707 284 101460 2
S 55532706 284 101452 2
S 55554704 284 101450 2
S 55576703 284 101457 2
S 55598702 284 101457 2
S 55620700 284 101455 2
S 55642699 284 101445 2
S 55664697 284 101452 2
S 55686696 284 101449 2
S 55708695 284 101456 2
S 55730693 284 101451 2
S 55752692 284 101456 2
S 55774691 284 101453 2
S 55796689 284 101460 2
S 55818688 284 101457 2
S 55840686 284 101453 2
S 55862685 284 101451 2
S 55884684 284 101454 2
S 55906682 284 101455 2
S 55928681 284 101451 2
S 55950680 284 101455 2
S 55972678 284 101453 2
S 55994677 284 101449 2
S 56016675 284 101457 2
S 56038674 284 101456 2
S 56060673 284 101456 2
S 56082671 284 101460 2
S 56104670 284 101451 2
S 56126669 284 101448 2
S 56148667 284 101460 2
S 56170666 284 101449 2
S 56192664 284 101455 2
S 56214663 284 101458 2
S 56236662 284 101460 2
S 56258660 284 101454 2
S 56280659 284 101457 2
S 56302658 284 101453 2
S 56324656 284 101455 2
S 56346655 284 101457 2
S 56368653 284 101457 2
S 56390652 284 101454 2
S 56412651 284 101460 2
S 56434649 284 101456 2
S 56456648 284 101453 2
S 56478647 284 101454 2
S 56500645 284 101454 2
S 56522644 284 101455 2
S 56544642 284 101458 2
S 56566641 284 101454 2
S 56588640 284 101462 2
S 56610638 284 101458 2
S 56632637 284 101457 2
S 56654636 284 101461 2
S 56676634 284 101464 2
S 56698633 284 101458 2
S 56720631 284 101456 2
S 56742630 284 101458 2
S 56764629 284 101454 2
S 56786627 284 101460 2
S 56808626 284 101462 2
S 56830625 284 101455 2
S 56852623 284 101457 2
S 56874622 284 101456 2
S 56896620 284 101455 2
S 56918619 284 101453 2
S 56940618 284 101457 2
S 56962616 284 101461 2
S 56984615 284 101460 2
S 57006614 284 101462 2
S 57028612 284 101454 2
S 57050611 284 101463 2
S 57072609 284 101457 2
S 57094608 284 101460 2
S 57116607 284 101460 2
S 57138605 284 101455 2
S 57160604 284 101459 2
S 57182603 284 101459 2
S 57204601 284 101458 2
S 57226600 284 101452 2
S 57248598 284 101453 2
S 57270597 284 101451 2
S 57292596 284 101456 2
S 57314594 284 101456 2
S 57336593 284 101460 2
S 57358592 284 101458 2
S 57380590 284 101453 2
S 57402589 284 101454 2
S 57424587 284 101457 2
S 57446586 284 101450 2
S 57468585 284 101452 2
S 57490583 284 101452 2
S 57512582 284 101458 2
S 57534581 284 101450 2
S 57556579 284 101457 2
S 57578578 284 101447 2
S 57600576 284 101449 2
S 57622575 284 101452 2
S 57644574 284 101451 2
S 57666572 284 101447 2
S 57688571 284 101451 2
S 57710570 284 101453 2
S 57732568 284 101453 2
S 57754567 284 101448 2
S 57776565 284 101452 2
S 57798564 284 101458 2
S 57820563 284 101463 2
S 57842561 284 101462 2
S 57864560 284 101459 2
S 57886559 284 101461 2
S 57908557 284 101456 2
S 57930556 284 101457 2
S 57952554 284 101455 2
S 57974553 284 101454 2
S 57996552 284 101456 2
S 58018550 284 101457 2
S 58040549 284 101454 2
S 58062548 284 101454 2
S 58084546 284 101460 2
S 58106545 284 101452 2
S 58128543 284 101455 2
S 58150542 284 101452 2
S 58172541 284 101457 2
S 58194539 284 101458 2
S 58216538 284 101456 2
S 58238537 284 101454 2
S 58260535 284 101460 2
S 58282534 284 101454 2
S 58304532 284 101460 2
S 58326531 284 101457 2
S 58348530 284 101460 2
S 58370528 284 101459 2
S 58392527 284 101448 2
S 58414526 284 101454 2
S 58436524 284 101448 2
S 58458523 284 101452 2
S 58480521 284 101454 2
S 58502520 284 101457 2
S 58524519 284 101457 2
S 58546517 284 101452 2
S 58568516 284 101451 2
S 58590515 284 101460 2
S 58612513 284 101454 2
S 58634512 284 101454 2
S 58656510 284 101454 2
S 58678509 284 101453 2
S 58700508 284 101454 2
S 58722506 284 101448 2
S 58744505 284 101452 2
S 58766504 284 101454 2
S 58788502 284 101453 2
S 58810501 284 101456 2
S 58832499 284 101454 2
S 58854498 284 101449 2
S 58876497 284 101450 2
S 58898495 284 101457 2
S 58920494 284 101451 2
S 58942493 284 101456 2
S 58964491 284 101451 2
S 58986490 284 101452 2
S 59008488 284 101449 2
S 59030487 284 101457 2
S 59052486 284 101460 2
S 59074484 284 101457 2
S 59096483 284 101464 2
S 59118482 284 101460 2
S 59140480 284 101455 2
S 59162479 284 101463 2
S 59184477 284 101455 2
S 59206476 284 101459 2
S 59228475 284 101457 2
S 59250473 284 101454 2
S 59272472 284 101460 2
S 59294471 284 101463 2
S 59316469 284 101460 2
S 59338468 284 101459 2
S 59360466 284 101452 2
S 59382465 284 101459 2
S 59404464 284 101460 2
S 59426462 284 101462 2
S 59448461 284 101461 2
S 59470460 284 101459 2
S 59492458 284 101454 2
S 59514457 284 101461 2
S 59536455 284 101454 2
S 59558454 284 101460 2
S 59580453 284 101463 2
S 59602451 284 101462 2
S 59624450 284 101458 2
S 59646449 284 101460 2
S 59668447 284 101463 2
S 59690446 284 101456 2
S 59712444 284 101454 2
S 59734443 284 101455 2
S 59756442 284 101463 2
S 59778440 284 101457 2
S 59800439 284 101455 2
S 59822438 284 101461 2
S 59844436 284 101454 2
S 59866435 284 101459 2
S 59888433 284 101461 2
S 59910432 284 101455 2
S 59932431 284 101460 2
S 59954429 284 101456 2
S 59976428 284 101456 2
S 59998427 284 101455 2
S 60020425 284 101459 2
S 60042424 284 101454 2
S 60064422 284 101455 2
S 60086421 284 101460 2
S 60108420 284 101457 2
S 60130418 284 101457 2
S 60152417 284 101460 2
S 60174416 284 101452 2
S 60196414 284 101450 2
S 60218413 284 101454 2
S 60240411 284 101451 2
S 60262410 284 101455 2
S 60284409 284 101451 2
S 60306407 284 101451 2
S 60328406 284 101457 2
S 60350405 284 101452 2
S 60372403 284 101448 2
S 60394402 284 101454 2
S 60416400 284 101453 2
S 60438399 284 101458 2
S 60460398 284 101460 2
S 60482396 284 101449 2
S 60504395 284 101460 2
S 60526394 284 101463 2
S 60548392 284 101460 2
S 60570391 284 101452 2
S 60592389 284 101456 2
S 60614388 284 101455 2
S 60636387 284 101457 2
S 60658385 284 101457 2
S 60680384 284 101457 2
S 60702383 284 101461 2
S 60724381 284 101456 2
S 60746380 284 101461 2
S 60768378 284 101451 2
S 60790377 284 101455 2
S 60812376 284 101452 2
S 60834374 284 101455 2
S 60856373 284 101454 2
S 60878372 284 101454 2
S 60900370 284 101456 2
S 60922369 284 101448 2
S 60944367 284 101461 2
S 60966366 284 101464 2
S 60988365 284 101450 2
S 61010363 284 101457 2
S 61032362 284 101451 2
S 61054361 284 101457 2
S 61076359 284 101458 2
S 61098358 284 101460 2
S 61120356 284 101452 2
S 61142355 284 101451 2
S 61164354 284 101456 2
S 61186352 284 101464 2
S 61208351 284 101454 2
S 61230350 284 101454 2
S 61252348 284 101454 2
S 61274347 284 101451 2
S 61296345 284 101447 2
S 61318344 284 101454 2
S 61340343 284 101464 2
S 61362341 284 101460 2
S 61384340 284 101455 2
S 61406339 284 101453 2
S 61428337 284 101460 2
S 61450336 284 101463 2
S 61472334 284 101460 2
S 61494333 284 101465 2
S 61516332 284 101455 2
S 61538330 284 101459 2
S 61560329 284 101460 2
S 61582328 284 101452 2
S 61604326 284 101457 2
S 61626325 284 101454 2
S 61648323 284 101458 2
S 61670322 284 101450 2
S 61692321 284 101456 2
S 61714319 284 101455 2
S 61736318 284 101453 2
S 61758317 284 101455 2
S 61780315 284 101457 2
S 61802314 284 101459 2
S 61824312 284 101454 2
S 61846311 284 101452 2
S 61868310 284 101462 2
S 61890308 284 101445 2
S 61912307 284 101455 2
S 61934306 284 101451 2
S 61956304 284 101457 2
S 61978303 284 101451 2
S 62000301 284 101457 2
S 62022300 284 101448 2
S 62044299 284 101454 2
S 62066297 284 101457 2
S 62088296 284 101460 2
S 62110295 284 101450 2
S 62132293 284 101451 2
S 62154292 284 101455 2
S 62176290 284 101451 2
S 62198289 284 101458 2
S 62220288 284 101463 2
S 62242286 284 101461 2
S 62264285 284 101453 2
S 62286284 284 101445 2
S 62308282 284 101458 2
S 62330281 284 101460 2
S 62352279 284 101457 2
S 62374278 284 101453 2
S 62396277 284 101460 2
S 62418275 284 101460 2
S 62440274 284 101450 2
S 62462273 284 101458 2
S 62484271 284 101457 2
S 62506270 284 101455 2
S 62528268 284 101457 2
S 62550267 284 101461 2
S 62572266 284 101456 2
S 62594264 284 101462 2
S 62616263 284 101460 2
S 62638262 284 101459 2
S 62660260 284 101465 2
S 62682259 284 101459 2
S 62704257 284 101460 2
S 62726256 284 101466 2
S 62748255 284 101460 2
S 62770253 284 101458 2
S 62792252 284 101455 2
S 62814251 284 101454 2
S 62836249 284 101457 2
S 62858248 284 101460 2
S 62880246 284 101454 2
S 62902245 284 101455 2
S 62924244 284 101457 2
S 62946242 284 101460 2
S 62968241 284 101454 2
S 62990240 284 101453 2
S 63012238 284 101451 2
S 63034237 284 101450 2
S 63056235 284 101460 2
S 63078234 284 101453 2
S 63100233 284 101463 2
S 63122231 284 101463 2
S 63144230 284 101457 2
S 63166229 284 101455 2
S 63188227 284 101458 2
S 63210226 284 101456 2
S 63232224 284 101455 2
S 63254223 284 101457 2
S 63276222 284 101454 2
S 63298220 284 101457 2
S 63320219 284 101454 2
S 63342218 284 101457 2
S 63364216 284 101453 2
S 63386215 284 101457 2
S 63408213 284 101457 2
S 63430212 284 101457 2
S 63452211 284 101457 2
S 63474209 284 101456 2
S 63496208 284 101455 2
S 63518207 284 101444 2
S 63540205 284 101450 2
S 63562204 284 101453 2
S 63584202 284 101452 2
S 63606201 284 101460 2
S 63628200 284 101454 2
S 63650198 284 101451 2
S 63672197 284 101446 2
S 63694196 284 101452 2
S 63716194 284 101450 2
S 63738193 284 101448 2
S 63760191 284 101451 2
S 63782190 284 101453 2
S 63804189 284 101451 2
S 63826187 284 101452 2
S 63848186 284 101462 2
S 63870185 284 101457 2
S 63892183 284 101460 2
S 63914182 284 101460 2
S 63936180 284 101458 2
S 63958179 284 101457 2
S 63980178 284 101458 2
S 64002176 284 101450 2
S 64024175 284 101460 2
S 64046174 284 101453 2
S 64068172 284 101460 2
S 64090171 284 101458 2
S 64112169 284 101462 2
S 64134168 284 101459 2
S 64156167 284 101455 2
S 64178165 284 101460 2
S 64200164 284 101458 2
S 64222163 284 101455 2
S 64244161 284 101457 2
S 64266160 284 101459 2
S 64288158 284 101457 2
S 64310157 284 101465 2
S 64332156 284 101461 2
S 64354154 284 101457 2
S 64376153 284 101462 2
S 64398152 284 101458 2
S 64420150 284 101449 2
S 64442149 284 101458 2
S 64464147 284 101459 2
S 64486146 284 101454 2
S 64508145 284 101460 2
S 64530143 284 101458 2
S 64552142 284 101454 2
S 64574141 284 101460 2
S 64596139 284 101451 2
S 64618138 284 101456 2
S 64640136 284 101453 2
S 64662135 284 101457 2
S 64684134 284 101449 2
S 64706132 284 101455 2
S 64728131 284 101455 2
S 64750130 284 101451 2
S 64772128 284 101450 2
S 64794127 284 101451 2
S 64816125 284 101458 2
S 64838124 284 101449 2
S 64860123 284 101458 2
S 64882121 284 101452 2
S 64904120 284 101456 2
S 64926119 284 101460 2
S 64948117 284 101458 2
S 64970116 284 101453 2
S 64992114 284 101459 2
S 65014113 284 101456 2
S 65036112 284 101453 2
S 65058110 284 101453 2
S 65080109 284 101456 2
S 65102108 284 101454 2
S 65124106 284 101456 2
S 65146105 284 101451 2
S 65168103 284 101454 2
S 65190102 284 101455 2
S 65212101 284 101452 2
S 65234099 284 101454 2
S 65256098 284 101458 2
S 65278097 284 101458 2
S 65300095 284 101452 2
S 65322094 284 101459 2
S 65344092 284 101457 2
S 65366091 284 101455 2
S 65388090 284 101451 2
S 65410088 284 101454 2
S 65432087 284 101454 2
S 65454086 284 101454 2
S 65476084 284 101454 2
S 65498083 284 101451 2
S 65520081 284 101454 2
S 65542080 284 101458 2
S 65564079 284 101455 2
S 65586077 284 101454 2
S 65608076 284 101451 2
S 65630075 284 101456 2
S 65652073 284 101457 2
S 65674072 284 101453 2
S 65696070 284 101455 2
S 65718069 284 101459 2
S 65740068 284 101457 2
S 65762066 284 101458 2
S 65784065 284 101454 2
S 65806064 284 101456 2
S 65828062 284 101456 2
S 65850061 284 101454 2
S 65872059 284 101458 2
S 65894058 284 101455 2
S 65916057 284 101455 2
S 65938055 284 101457 2
S 65960054 284 101453 2
S 65982053 284 101455 2
S 66004051 284 101458 2
S 66026050 284 101454 2
S 66048048 284 101455 2
S 66070047 284 101458 2
S 66092046 284 101460 2
S 66114044 284 101459 2
S 66136043 284 101452 2
S 66158042 284 101451 2
S 66180040 284 101454 2
S 66202039 284 101461 2
S 66224037 284 101460 2
S 66246036 284 101460 2
S 66268035 284 101460 2
S 66290033 284 101452 2
S 66312032 284 101452 2
S 66334031 284 101454 2
S 66356029 284 101451 2
S 66378028 284 101454 2
S 66400026 284 101456 2
S 66422025 284 101462 2
S 66444024 284 101459 2
S 66466022 284 101455 2
S 66488021 284 101454 2
S 66510020 284 101454 2
S 66532018 284 101452 2
S 66554017 284 101454 2
S 66576015 284 101454 2
S 66598014 284 101459 2
S 66620013 284 101457 2
S 66642011 284 101461 2
S 66664010 284 101457 2
S 66686009 284 101457 2
S 66708007 284 101451 2
S 66730006 284 101456 2
S 66752004 284 101452 2
S 66774003 284 101457 2
S 66796002 284 101460 2
S 66818000 284 101457 2
S 66839999 284 101456 2
S 66861998 284 101460 2
S 66883996 284 101457 2
S 66905995 284 101452 2
S 66927993 284 101457 2
S 66949992 284 101452 2
S 66971991 284 101445 2
S 66993989 284 101448 2
S 67015988 284 101455 2
S 67037987 284 101454 2
S 67059985 284 101454 2
S 67081984 284 101457 2
S 67103982 284 101460 2
S 67125981 284 101457 2
S 67147980 284 101460 2
S 67169978 284 101456 2
S 67191977 284 101457 2
S 67213976 284 101457 2
S 67235974 284 101457 2
S 67257973 284 101462 2
S 67279971 284 101464 2
S 67301970 284 101457 2
S 67323969 284 101456 2
S 67345967 284 101460 2
S 67367966 284 101457 2
S 67389965 284 101451 2
S 67411963 284 101455 2
S 67433962 284 101456 2
S 67455960 284 101453 2
S 67477959 284 101448 2
S 67499958 284 101446 2
S 67521956 284 101457 2
S 67543955 284 101454 2
S 67565954 284 101452 2
S 67587952 284 101458 2
S 67609951 284 101458 2
S 67631949 284 101454 2
S 67653948 284 101457 2
S 67675947 284 101453 2
S 67697945 284 101458 2
S 67719944 284 101460 2
S 67741943 284 101456 2
S 67763941 284 101457 2
S 67785940 284 101454 2
S 67807938 284 101454 2
S 67829937 284 101454 2
S 67851936 284 101462 2
S 67873934 284 101460 2
S 67895933 284 101456 2
S 67917932 284 101456 2
S 67939930 284 101458 2
S 67961929 284 101449 2
S 67983927 284 101446 2
S 68005926 284 101452 2
S 68027925 284 101447 2
S 68049923 284 101445 2
S 68071922 284 101450 2
S 68093921 284 101452 2
S 68115919 284 101452 2
S 68137918 284 101450 2
S 68159916 284 101451 2
S 68181915 284 101452 2
S 68203914 284 101445 2
S 68225912 284 101457 2
S 68247911 284 101449 2
S 68269910 284 101454 2
S 68291908 284 101460 2
S 68313907 284 101456 2
S 68335905 284 101448 2
S 68357904 284 101446 2
S 68379903 284 101451 2
S 68401901 284 101451 2
S 68423900 284 101452 2
S 68445899 284 101454 2
S 68467897 284 101453 2
S 68489896 284 101452 2
S 68511894 284 101454 2
S 68533893 284 101453 2
S 68555892 284 101448 2
S 68577890 284 101457 2
S 68599889 284 101457 2
S 68621888 284 101463 2
S 68643886 284 101454 2
S 68665885 284 101453 2
S 68687883 284 101460 2
S 68709882 284 101460 2
S 68731881 284 101455 2
S 68753879 284 101460 2
S 68775878 284 101457 2
S 68797877 284 101457 2
S 68819875 284 101456 2
S 68841874 284 101457 2
S 68863872 284 101458 2
S 68885871 284 101450 2
S 68907870 284 101457 2
S 68929868 284 101459 2
S 68951867 284 101460 2
S 68973866 284 101460 2
S 68995864 284 101460 2
S 69017863 284 101463 2
S 69039861 284 101460 2
S 69061860 284 101465 2
S 69083859 284 101456 2
S 69105857 284 101463 2
S 69127856 284 101457 2
S 69149855 284 101460 2
S 69171853 284 101462 2
S 69193852 284 101462 2
S 69215850 284 101457 2
S 69237849 284 101456 2
S 69259848 284 101459 2
S 69281846 284 101460 2
S 69303845 284 101459 2
S 69325844 284 101458 2
S 69347842 284 101459 2
S 69369841 284 101460 2
S 69391839 284 101460 2
S 69413838 284 101462 2
S 69435837 284 101459 2
S 69457835 284 101462 2
S 69479834 284 101459 2
S 69501833 284 101459 2
S 69523831 284 101463 2
S 69545830 284 101463 2
S 69567828 284 101463 2
S 69589827 284 101462 2
S 69611826 284 101463 2
S 69633824 284 101464 2
S 69655823 284 101457 2
S 69677822 284 101456 2
S 69699820 284 101463 2
S 69721819 284 101455 2
S 69743817 284 101451 2
S 69765816 284 101454 2
S 69787815 284 101455 2
S 69809813 284 101460 2
S 69831812 284 101448 2
S 69853811 284 101454 2
S 69875809 284 101446 2
S 69897808 284 101453 2
S 69919806 284 101442 2
S 69941805 284 101452 2
S 69963804 284 101449 2
S 69985802 284 101457 2
S 70007801 284 101454 2
S 70029800 284 101454 2
S 70051798 284 101452 2
S 70073797 284 101450 2
S 70095795 284 101455 2
S 70117794 284 101451 2
S 70139793 284 101456 2
S 70161791 284 101456 2
S 70183790 284 101452 2
S 70205789 284 101458 2
S 70227787 284 101457 2
S 70249786 284 101449 2
S 70271784 284 101448 2
S 70293783 284 101448 2
S 70315782 284 101451 2
S 70337780 284 101454 2
S 70359779 284 101449 2
S 70381778 284 101449 2
S 70403776 284 101448 2
S 70425775 284 101453 2
S 70447773 284 101457 2
S 70469772 284 101449 2
S 70491771 284 101458 2
S 70513769 284 101460 2
S 70535768 284 101460 2
S 70557767 284 101458 2
S 70579765 284 101460 2
S 70601764 284 101455 2
S 70623762 284 101456 2
S 70645761 284 101463 2
S 70667760 284 101454 2
S 70689758 284 101462 2
S 70711757 284 101456 2
S 70733756 284 101451 2
S 70755754 284 101457 2
S 70777753 284 101456 2
S 70799751 284 101457 2
S 70821750 284 101449 2
S 70843749 284 101451 2
S 70865747 284 101451 2
S 70887746 284 101453 2
S 70909745 284 101456 2
S 70931743 284 101456 2
S 70953742 284 101453 2
S 70975740 284 101454 2
S 70997739 284 101455 2
S 71019738 284 101454 2
S 71041736 284 101454 2
S 71063735 284 101454 2
S 71085734 284 101454 2
S 71107732 284 101454 2
S 71129731 284 101451 2
S 71151729 284 101454 2
S 71173728 284 101457 2
S 71195727 284 101463 2
S 71217725 284 101454 2
S 71239724 284 101454 2
S 71261723 284 101450 2
S 71283721 284 101454 2
S 71305720 284 101451 2
S 71327718 284 101455 2
S 71349717 284 101453 2
S 71371716 284 101452 2
S 71393714 284 101457 2
S 71415713 284 101452 2
S 71437712 284 101457 2
S 71459710 284 101457 2
S 71481709 284 101457 2
S 71503707 284 101458 2
S 71525706 284 101458 2
S 71547705 284 101457 2
S 71569703 284 101457 2
S 71591702 284 101453 2
S 71613701 284 101451 2
S 71635699 284 101451 2
S 71657698 284 101448 2
S 71679696 284 101454 2
S 71701695 284 101454 2
S 71723694 284 101455 2
S 71745692 284 101454 2
S 71767691 284 101452 2
S 71789690 284 101450 2
S 71811688 284 101448 2
S 71833687 284 101454 2
S 71855685 284 101453 2
S 71877684 284 101453 2
S 71899683 284 101453 2
S 71921681 284 101460 2
S 71943680 284 101455 2
S 71965679 284 101458 2
S 71987677 284 101456 2
S 72009676 284 101452 2
S 72031674 284 101457 2
S 72053673 284 101451 2
S 72075672 284 101451 2
S 72097670 284 101452 2
S 72119669 284 101457 2
S 72141668 284 101446 2
S 72163666 284 101449 2
S 72185665 284 101459 2
S 72207663 284 101460 2
S 72229662 284 101458 2
S 72251661 284 101453 2
S 72273659 284 101454 2
S 72295658 284 101458 2
S 72317657 284 101452 2
S 72339655 284 101456 2
S 72361654 284 101455 2
S 72383652 284 101454 2
S 72405651 284 101457 2
S 72427650 284 101455 2
S 72449648 284 101460 2
S 72471647 284 101455 2
S 72493646 284 101455 2
S 72515644 284 101457 2
S 72537643 284 101460 2
S 72559641 284 101455 2
S 72581640 284 101454 2
S 72603639 284 101454 2
S 72625637 284 101445 2
S 72647636 284 101457 2
S 72669635 284 101454 2
S 72691633 284 101454 2
S 72713632 284 101454 2
S 72735630 284 101454 2
S 72757629 284 101457 2
S 72779628 284 101448 2
S 72801626 284 101457 2
S 72823625 284 101453 2
S 72845624 284 101451 2
S 72867622 284 101454 2
S 72889621 284 101457 2
S 72911619 284 101454 2
S 72933618 284 101446 2
S 72955617 284 101451 2
S 72977615 284 101455 2
S 72999614 284 101460 2
S 73021613 284 101457 2
S 73043611 284 101459 2
S 73065610 284 101451 2
S 73087608 284 101450 2
S 73109607 284 101457 2
S 73131606 284 101463 2
S 73153604 284 101456 2
S 73175603 284 101454 2
S 73197602 284 101450 2
S 73219600 284 101460 2
S 73241599 284 101456 2
S 73263597 284 101457 2
S 73285596 284 101453 2
S 73307595 284 101454 2
S 73329593 284 101459 2
S 73351592 284 101457 2
S 73373591 284 101455 2
S 73395589 284 101460 2
S 73417588 284 101459 2
S 73439586 284 101454 2
S 73461585 284 101457 2
S 73483584 284 101458 2
S 73505582 284 101457 2
S 73527581 284 101453 2
S 73549580 284 101457 2
S 73571578 284 101460 2
S 73593577 284 101456 2
S 73615575 284 101452 2
S 73637574 284 101455 2
S 73659573 284 101453 2
S 73681571 284 101455 2
S 73703570 284 101457 2
S 73725569 284 101452 2
S 73747567 284 101457 2
S 73769566 284 101463 2
S 73791564 284 101455 2
S 73813563 284 101464 2
S 73835562 284 101458 2
S 73857560 284 101457 2
S 73879559 284 101460 2
S 73901558 284 101457 2
S 73923556 284 101449 2
S 73945555 284 101461 2
S 73967553 284 101461 2
S 73989552 284 101454 2
S 74011551 284 101457 2
S 74033549 284 101463 2
S 74055548 284 101461 2
S 74077547 284 101453 2
S 74099545 284 101460 2
S 74121544 284 101455 2
S 74143542 284 101457 2
S 74165541 284 101459 2
S 74187540 284 101460 2
S 74209538 284 101454 2
S 74231537 284 101462 2
S 74253536 284 101459 2
S 74275534 284 101457 2
S 74297533 284 101452 2
S 74319531 284 101455 2
S 74341530 284 101451 2
S 74363529 284 101448 2
S 74385527 284 101454 2
S 74407526 284 101446 2
S 74429525 284 101452 2
S 74451523 284 101457 2
S 74473522 284 101450 2
S 74495520 284 101451 2
S 74517519 284 101459 2
S 74539518 284 101457 2
S 74561516 284 101457 2
S 74583515 284 101463 2
S 74605514 284 101457 2
S 74627512 284 101457 2
S 74649511 284 101454 2
S 74671509 284 101451 2
S 74693508 284 101457 2
S 74715507 284 101452 2
S 74737505 284 101454 2
S 74759504 284 101458 2
S 74781503 284 101457 2
S 74803501 284 101458 2
S 74825500 284 101457 2
S 74847498 284 101462 2
S 74869497 284 101459 2
S 74891496 284 101457 2
S 74913494 284 101461 2
S 74935493 284 101462 2
S 74957492 284 101463 2
S 74979490 284 101457 2
S 75001490 284 101455 2
S 75023487 284 101459 2
S 75045486 284 101459 2
S 75067485 284 101460 2
S 75089483 284 101463 2
S 75111482 284 101458 2
S 75133481 284 101460 2
S 75155479 284 101463 2
S 75177478 284 101459 2
S 75199476 284 101457 2
S 75221475 284 101460 2
S 75243474 284 101460 2
S 75265472 284 101456 2
S 75287471 284 101463 2
S 75309470 284 101459 2
S 75331468 284 101462 2
S 75353467 284 101458 2
S 75375465 284 101464 2
S 75397464 284 101460 2
S 75419463 284 101457 2
S 75441461 284 101457 2
S 75463460 284 101455 2
S 75485459 284 101457 2
S 75507457 284 101456 2
S 75529456 284 101453 2
S 75551454 284 101457 2
S 75573453 284 101453 2
S 75595452 284 101453 2
S 75617450 284 101457 2
S 75639449 284 101454 2
S 75661448 284 101448 2
S 75683446 284 101458 2
S 75705445 284 101460 2
S 75727443 284 101460 2
S 75749442 284 101457 2
S 75771441 284 101457 2
S 75793439 284 101456 2
S 75815438 284 101457 2
S 75837437 284 101448 2
S 75859435 284 101451 2
S 75881434 284 101457 2
S 75903432 284 101457 2
S 75925431 284 101462 2
S 75947430 284 101470 2
S 75969428 284 101463 2
S 75991427 284 101454 2
S 76013426 284 101456 2
S 76035424 284 101454 2
S 76057423 284 101456 2
S 76079421 284 101453 2
S 76101420 284 101465 2
S 76123419 284 101457 2
S 76145417 284 101459 2
S 76167416 284 101456 2
S 76189415 284 101460 2
S 76211413 284 101459 2
S 76233412 284 101460 2
S 76255410 284 101458 2
S 76277409 284 101459 2
S 76299408 284 101459 2
S 76321406 284 101453 2
S 76343405 284 101457 2
S 76365404 284 101460 2
S 76387402 284 101463 2
S 76409401 284 101460 2
S 76431399 284 101456 2
S 76453398 284 101451 2
S 76475397 284 101457 2
S 76497395 284 101460 2
S 76519394 284 101457 2
S 76541393 284 101452 2
S 76563391 284 101452 2
S 76585390 284 101456 2
S 76607388 284 101464 2
S 76629387 284 101454 2
S 76651386 284 101457 2
S 76673384 284 101451 2
S 76695383 284 101452 2
S 76717382 284 101455 2
S 76739380 284 101458 2
S 76761379 284 101463 2
S 76783377 284 101457 2
S 76805376 284 101458 2
S 76827375 284 101459 2
S 76849373 284 101458 2
S 76871372 284 101449 2
S 76893371 284 101448 2
S 76915369 284 101457 2
S 76937368 284 101455 2
S 76959366 284 101459 2
S 76981365 284 101457 2
S 77003364 284 101449 2
S 77025362 284 101455 2
S 77047361 284 101454 2
S 77069360 284 101460 2
S 77091358 284 101451 2
S 77113357 284 101454 2
S 77135355 284 101456 2
S 77157354 284 101458 2
S 77179353 284 101459 2
S 77201351 284 101451 2
S 77223350 284 101452 2
S 77245349 284 101460 2
S 77267347 284 101457 2
S 77289346 284 101460 2
S 77311344 284 101459 2
S 77333343 284 101459 2
S 77355342 284 101458 2
S 77377340 284 101454 2
S 77399339 284 101454 2
S 77421338 284 101457 2
S 77443336 284 101458 2
S 77465335 284 101460 2
S 77487333 284 101460 2
S 77509332 284 101458 2
S 77531331 284 101460 2
S 77553329 284 101454 2
S 77575328 284 101461 2
S 77597327 284 101456 2
S 77619325 284 101460 2
S 77641324 284 101461 2
S 77663322 284 101452 2
S 77685321 284 101453 2
S 77707320 284 101451 2
S 77729318 284 101454 2
S 77751317 284 101458 2
S 77773316 284 101456 2
S 77795314 284 101463 2
S 77817313 284 101454 2
S 77839311 284 101459 2
S 77861310 284 101454 2
S 77883309 284 101452 2
S 77905307 284 101460 2
S 77927306 284 101457 2
S 77949305 284 101453 2
S 77971303 284 101458 2
S 77993302 284 101448 2
S 78015300 284 101451 2
S 78037299 284 101451 2
S 78059298 284 101454 2
S 78081296 284 101453 2
S 78103295 284 101453 2
S 78125294 284 101454 2
S 78147292 284 101459 2
S 78169291 284 101455 2
S 78191289 284 101454 2
S 78213288 284 101452 2
S 78235287 284 101459 2
S 78257285 284 101453 2
S 78279284 284 101459 2
S 78301283 284 101451 2
S 78323281 284 101456 2
S 78345280 284 101458 2
S 78367278 284 101454 2
S 78389277 284 101455 2
S 78411276 284 101454 2
S 78433274 284 101456 2
S 78455273 284 101451 2
S 78477272 284 101454 2
S 78499270 284 101454 2
S 78521269 284 101454 2
S 78543267 284 101457 2
S 78565266 284 101454 2
S 78587265 284 101458 2
S 78609263 284 101460 2
S 78631262 284 101457 2
S 78653261 284 101456 2
S 78675259 284 101457 2
S 78697258 284 101460 2
S 78719256 284 101460 2
S 78741255 284 101454 2
S 78763254 284 101462 2
S 78785252 284 101460 2
S 78807251 284 101460 2
S 78829250 284 101454 2
S 78851248 284 101463 2
S 78873247 284 101457 2
S 78895245 284 101463 2
S 78917244 284 101461 2
S 78939243 284 101462 2
S 78961241 284 101463 2
S 78983240 284 101457 2
S 79005239 284 101460 2
S 79027237 284 101459 2
S 79049236 284 101461 2
S 79071234 284 101463 2
S 79093233 284 101456 2
S 79115232 284 101462 2
S 79137230 284 101460 2
S 79159229 284 101462 2
S 79181228 284 101460 2
S 79203226 284 101464 2
S 79225225 284 101456 2
S 79247223 284 101463 2
S 79269222 284 101460 2
S 79291221 284 101460 2
S 79313219 284 101459 2
S 79335218 284 101464 2
S 79357217 284 101460 2
S 79379215 284 101460 2
S 79401214 284 101456 2
S 79423212 284 101454 2
S 79445211 284 101456 2
S 79467210 284 101458 2
S 79489208 284 101459 2
S 79511207 284 101457 2
S 79533206 284 101451 2
S 79555204 284 101452 2
S 79577203 284 101454 2
S 79599201 284 101454 2
S 79621200 284 101451 2
S 79643199 284 101451 2
S 79665197 284 101454 2
S 79687196 284 101454 2
S 79709195 284 101457 2
S 79731193 284 101449 2
S 79753192 284 101451 2
S 79775190 284 101451 2
S 79797189 284 101454 2
S 79819188 284 101459 2
S 79841186 284 101457 2
S 79863185 284 101457 2
S 79885184 284 101454 2
S 79907182 284 101457 2
S 79929181 284 101458 2
S 79951179 284 101462 2
S 79973178 284 101456 2
S 79995177 284 101451 2
S 80017175 284 101462 2
S 80039174 284 101460 2
S 80061173 284 101456 2
S 80083171 284 101457 2
S 80105170 284 101457 2
S 80127168 284 101460 2
S 80149167 284 101460 2
S 80171166 284 101461 2
S 80193164 284 101455 2
S 80215163 284 101463 2
S 80237162 284 101455 2
S 80259160 284 101457 2
S 80281159 284 101458 2
S 80303157 284 101461 2
S 80325156 284 101463 2
S 80347155 284 101463 2
S 80369153 284 101462 2
S 80391152 284 101462 2
S 80413151 284 101461 2
S 80435149 284 101458 2
S 80457148 284 101458 2
S 80479146 284 101464 2
S 80501145 284 101461 2
S 80523144 284 101462 2
S 80545142 284 101458 2
S 80567141 284 101464 2
S 80589140 284 101456 2
S 80611138 284 101455 2
S 80633137 284 101454 2
S 80655135 284 101454 2
S 80677134 284 101454 2
S 80699133 284 101454 2
S 80721131 284 101454 2
S 80743130 284 101452 2
S 80765129 284 101454 2
S 80787127 284 101456 2
S 80809126 284 101455 2
S 80831124 284 101448 2
S 80853123 284 101460 2
S 80875122 284 101457 2
S 80897120 284 101455 2
S 80919119 284 101455 2
S 80941118 284 101461 2
S 80963116 284 101457 2
S 80985115 284 101460 2
S 81007113 284 101460 2
S 81029112 284 101456 2
S 81051111 284 101457 2
S 81073109 284 101453 2
S 81095108 284 101456 2
S 81117107 284 101460 2
S 81139105 284 101453 2
S 81161104 284 101454 2
S 81183102 284 101450 2
S 81205101 284 101449 2
S 81227100 284 101454 2
S 81249098 284 101457 2
S 81271097 284 101459 2
S 81293096 284 101455 2
S 81315094 284 101453 2
S 81337093 284 101461 2
S 81359091 284 101459 2
S 81381090 284 101457 2
S 81403089 284 101461 2
S 81425087 284 101455 2
S 81447086 284 101460 2
S 81469085 284 101453 2
S 81491083 284 101456 2
S 81513082 284 101458 2
S 81535080 284 101463 2
S 81557079 284 101456 2
S 81579078 284 101454 2
S 81601076 284 101460 2
S 81623075 284 101451 2
S 81645074 284 101458 2
S 81667072 284 101457 2
S 81689071 284 101463 2
S 81711069 284 101457 2
S 81733068 284 101460 2
S 81755067 284 101463 2
S 81777065 284 101459 2
S 81799064 284 101463 2
S 81821063 284 101455 2
S 81843061 284 101458 2
S 81865060 284 101456 2
S 81887058 284 101465 2
S 81909057 284 101463 2
S 81931056 284 101462 2
S 81953054 284 101457 2
S 81975053 284 101460 2
S 81997052 284 101458 2
S 82019050 284 101457 2
S 82041049 284 101461 2
S 82063047 284 101463 2
S 82085046 284 101460 2
S 82107045 284 101459 2
S 82129043 284 101461 2
S 82151042 284 101463 2
S 82173041 284 101458 2
S 82195039 284 101450 2
S 82217038 284 101461 2
S 82239036 284 101455 2
S 82261035 284 101453 2
S 82283034 284 101453 2
S 82305032 284 101457 2
S 82327031 284 101462 2
S 82349030 284 101457 2
S 82371028 284 101460 2
S 82393027 284 101463 2
S 82415025 284 101461 2
S 82437024 284 101456 2
S 82459023 284 101463 2
S 82481021 284 101456 2
S 82503020 284 101449 2
S 82525019 284 101454 2
S 82547017 284 101459 2
S 82569016 284 101447 2
S 82591014 284 101454 2
S 82613013 284 101455 2
S 82635012 284 101454 2
S 82657010 284 101454 2
S 82679009 284 101457 2
S 82701008 284 101452 2
S 82723006 284 101452 2
S 82745005 284 101457 2
S 82767003 284 101457 2
S 82789002 284 101454 2
S 82811001 284 101455 2
S 82832999 284 101459 2
S 82854998 284 101460 2
S 82876997 284 101456 2
S 82898995 284 101463 2
S 82920994 284 101454 2
S 82942992 284 101454 2
S 82964991 284 101458 2
S 82986990 284 101459 2
S 83008988 284 101461 2
S 83030987 284 101455 2
S 83052986 284 101452 2
S 83074984 284 101448 2
S 83096983 284 101454 2
S 83118981 284 101458 2
S 83140980 284 101457 2
S 83162979 284 101451 2
S 83184977 284 101448 2
S 83206976 284 101457 2
S 83228975 284 101458 2
S 83250973 284 101448 2
S 83272972 284 101451 2
S 83294970 284 101462 2
S 83316969 284 101458 2
S 83338968 284 101452 2
S 83360966 284 101456 2
S 83382965 284 101459 2
S 83404964 284 101454 2
S 83426962 284 101452 2
S 83448961 284 101451 2
S 83470959 284 101452 2
S 83492958 284 101455 2
S 83514957 284 101451 2
S 83536955 284 101452 2
S 83558954 284 101449 2
S 83580953 284 101454 2
S 83602951 284 101451 2
S 83624950 284 101461 2
S 83646948 284 101457 2
S 83668947 284 101447 2
S 83690946 284 101460 2
S 83712944 284 101455 2
S 83734943 284 101455 2
S 83756942 284 101451 2
S 83778940 284 101452 2
S 83800939 284 101459 2
S 83822937 284 101459 2
S 83844936 284 101454 2
S 83866935 284 101452 2
S 83888933 284 101453 2
S 83910932 284 101458 2
S 83932931 284 101454 2
S 83954929 284 101457 2
S 83976928 284 101452 2
S 83998926 284 101454 2
S 84020925 284 101461 2
S 84042924 284 101464 2
S 84064922 284 101460 2
S 84086921 284 101452 2
S 84108920 284 101457 2
S 84130918 284 101455 2
S 84152917 284 101453 2
S 84174915 284 101454 2
S 84196914 284 101457 2
S 84218913 284 101452 2
S 84240911 284 101457 2
S 84262910 284 101460 2
S 84284909 284 101455 2
S 84306907 284 101456 2
S 84328906 284 101444 2
S 84350904 284 101453 2
S 84372903 284 101457 2
S 84394902 284 101457 2
S 84416900 284 101460 2
S 84438899 284 101456 2
S 84460898 284 101453 2
S 84482896 284 101456 2
S 84504895 284 101449 2
S 84526893 284 101457 2
S 84548892 284 101453 2
S 84570891 284 101456 2
S 84592889 284 101454 2
S 84614888 284 101458 2
S 84636887 284 101454 2
S 84658885 284 101460 2
S 84680884 284 101454 2
S 84702882 284 101464 2
S 84724881 284 101459 2
S 84746880 284 101460 2
S 84768878 284 101459 2
S 84790877 284 101459 2
S 84812876 284 101457 2
S 84834874 284 101460 2
S 84856873 284 101461 2
S 84878871 284 101454 2
S 84900870 284 101463 2
S 84922869 284 101455 2
S 84944867 284 101462 2
S 84966866 284 101464 2
S 84988865 284 101459 2
S 85010863 284 101459 2
S 85032862 284 101458 2
S 85054860 284 101461 2
S 85076859 284 101466 2
S 85098858 284 101460 2
S 85120856 284 101455 2
S 85142855 284 101457 2
S 85164854 284 101461 2
S 85186852 284 101457 2
S 85208851 284 101454 2
S 85230849 284 101457 2
S 85252848 284 101457 2
S 85274847 284 101460 2
S 85296845 284 101457 2
S 85318844 284 101453 2
S 85340843 284 101454 2
S 85362841 284 101454 2
S 85384840 284 101454 2
S 85406838 284 101451 2
S 85428837 284 101457 2
S 85450836 284 101455 2
S 85472834 284 101457 2
S 85494833 284 101455 2
S 85516832 284 101455 2
S 85538830 284 101450 2
S 85560829 284 101450 2
S 85582827 284 101452 2
S 85604826 284 101454 2
S 85626825 284 101455 2
S 85648823 284 101457 2
S 85670822 284 101459 2
S 85692821 284 101457 2
S 85714819 284 101455 2
S 85736818 284 101464 2
S 85758816 284 101456 2
S 85780815 284 101466 2
S 85802814 284 101453 2
S 85824812 284 101460 2
S 85846811 284 101461 2
S 85868810 284 101460 2
S 85890808 284 101463 2
S 85912807 284 101460 2
S 85934805 284 101460 2
S 85956804 284 101454 2
S 85978803 284 101460 2
S 86000802 284 101452 2
S 86022800 284 101452 2
S 86044799 284 101457 2
S 86066797 284 101453 2
S 86088796 284 101453 2
S 86110794 284 101453 2
S 86132793 284 101451 2
S 86154792 284 101454 2
S 86176790 284 101458 2
S 86198789 284 101454 2
S 86220788 284 101454 2
S 86242786 284 101460 2
S 86264785 284 101456 2
S 86286783 284 101455 2
S 86308782 284 101460 2
S 86330781 284 101459 2
S 86352779 284 101456 2
S 86374778 284 101457 2
S 86396777 284 101466 2
S 86418775 284 101460 2
S 86440774 284 101453 2
S 86462772 284 101451 2
S 86484771 284 101456 2
S 86506770 284 101457 2
S 86528768 284 101456 2
S 86550767 284 101458 2
S 86572766 284 101463 2
S 86594764 284 101455 2
S 86616763 284 101460 2
S 86638761 284 101454 2
S 86660760 284 101451 2
S 86682759 284 101454 2
S 86704757 284 101462 2
S 86726756 284 101460 2
S 86748755 284 101458 2
S 86770753 284 101452 2
S 86792752 284 101457 2
S 86814750 284 101453 2
S 86836749 284 101457 2
S 86858748 284 101465 2
S 86880746 284 101457 2
S 86902745 284 101460 2
S 86924744 284 101465 2
S 86946742 284 101454 2
S 86968741 284 101456 2
S 86990739 284 101461 2
S 87012738 284 101464 2
S 87034737 284 101463 2
S 87056735 284 101461 2
S 87078734 284 101460 2
S 87100733 284 101459 2
S 87122731 284 101458 2
S 87144730 284 101460 2
S 87166728 284 101463 2
S 87188727 284 101459 2
S 87210726 284 101453 2
S 87232724 284 101455 2
S 87254723 284 101458 2
S 87276722 284 101457 2
S 87298720 284 101455 2
S 87320719 284 101451 2
S 87342717 284 101454 2
S 87364716 284 101456 2
S 87386715 284 101457 2
S 87408713 284 101458 2
S 87430712 284 101454 2
S 87452711 284 101451 2
S 87474709 284 101451 2
S 87496708 284 101454 2
S 87518706 284 101457 2
S 87540705 284 101454 2
S 87562704 284 101454 2
S 87584702 284 101459 2
S 87606701 284 101459 2
S 87628700 284 101455 2
S 87650698 284 101456 2
S 87672697 284 101454 2
S 87694695 284 101457 2
S 87716694 284 101458 2
S 87738693 284 101459 2
S 87760691 284 101451 2
S 87782690 284 101454 2
S 87804689 284 101460 2
S 87826687 284 101457 2
S 87848686 284 101456 2
S 87870684 284 101460 2
S 87892683 284 101456 2
S 87914682 284 101461 2
S 87936680 284 101458 2
S 87958679 284 101450 2
S 87980678 284 101460 2
S 88002676 284 101459 2
S 88024675 284 101462 2
S 88046673 284 101456 2
S 88068672 284 101455 2
S 88090671 284 101458 2
S 88112669 284 101460 2
S 88134668 284 101458 2
S 88156667 284 101462 2
S 88178665 284 101463 2
S 88200664 284 101455 2
S 88222662 284 101457 2
S 88244661 284 101465 2
S 88266660 284 101454 2
S 88288658 284 101454 2
S 88310657 284 101454 2
S 88332656 284 101450 2
S 88354654 284 101452 2
S 88376653 284 101456 2
S 88398651 284 101456 2
S 88420650 284 101446 2
S 88442649 284 101458 2
S 88464647 284 101457 2
S 88486646 284 101451 2
S 88508645 284 101451 2
S 88530643 284 101452 2
S 88552642 284 101452 2
S 88574640 284 101457 2
S 88596639 284 101443 2
S 88618638 284 101449 2
S 88640636 284 101461 2
S 88662635 284 101446 2
S 88684634 284 101454 2
S 88706632 284 101457 2
S 88728631 284 101454 2
S 88750629 284 101453 2
S 88772628 284 101460 2
S 88794627 284 101456 2
S 88816625 284 101451 2
S 88838624 284 101457 2
S 88860623 284 101457 2
S 88882621 284 101459 2
S 88904620 284 101458 2
S 88926618 284 101457 2
S 88948617 284 101457 2
S 88970616 284 101459 2
S 88992614 284 101454 2
S 89014613 284 101462 2
S 89036612 284 101459 2
S 89058610 284 101460 2
S 89080609 284 101457 2
S 89102607 284 101457 2
S 89124606 284 101460 2
S 89146605 284 101457 2
S 89168603 284 101457 2
S 89190602 284 101459 2
S 89212601 284 101457 2
S 89234599 284 101460 2
S 89256598 284 101454 2
S 89278596 284 101460 2
S 89300595 284 101459 2
S 89322594 284 101457 2
S 89344592 284 101454 2
S 89366591 284 101448 2
S 89388590 284 101454 2
S 89410588 284 101454 2
S 89432587 284 101454 2
S 89454585 284 101456 2
S 89476584 284 101461 2
S 89498583 284 101454 2
S 89520581 284 101457 2
S 89542580 284 101449 2
S 89564579 284 101452 2
S 89586577 284 101457 2
S 89608576 284 101452 2
S 89630574 284 101451 2
S 89652573 284 101458 2
S 89674572 284 101458 2
S 89696570 284 101453 2
S 89718569 284 101458 2
S 89740568 284 101456 2
S 89762566 284 101457 2
S 89784565 284 101451 2
S 89806563 284 101453 2
S 89828562 284 101451 2
S 89850561 284 101450 2
S 89872559 284 101446 2
S 89894558 284 101450 2
S 89916557 284 101449 2
S 89938555 284 101447 2
S 89960554 284 101451 2
S 89982552 284 101453 2
S 90004551 284 101447 2
S 90026550 284 101449 2
S 90048548 284 101451 2
S 90070547 284 101457 2
S 90092546 284 101453 2
S 90114544 284 101453 2
S 90136543 284 101455 2
S 90158541 284 101457 2
S 90180540 284 101457 2
S 90202539 284 101454 2
S 90224537 284 101453 2
S 90246536 284 101453 2
S 90268535 284 101452 2
S 90290533 284 101458 2
S 90312532 284 101460 2
S 90334530 284 101455 2
S 90356529 284 101454 2
S 90378528 284 101452 2
S 90400526 284 101453 2
S 90422525 284 101450 2
S 90444524 284 101458 2
S 90466522 284 101454 2
S 90488521 284 101456 2
S 90510519 284 101459 2
S 90532518 284 101456 2
S 90554517 284 101457 2
S 90576515 284 101454 2
S 90598514 284 101456 2
S 90620513 284 101446 2
S 90642511 284 101453 2
S 90664510 284 101453 2
S 90686508 284 101459 2
S 90708507 284 101454 2
S 90730506 284 101458 2
S 90752504 284 101463 2
S 90774503 284 101457 2
S 90796502 284 101458 2
S 90818500 284 101457 2
S 90840499 284 101457 2
S 90862497 284 101458 2
S 90884496 284 101456 2
S 90906495 284 101458 2
S 90928493 284 101461 2
S 90950492 284 101457 2
S 90972491 284 101458 2
S 90994489 284 101457 2
S 91016488 284 101455 2
S 91038486 284 101454 2
S 91060485 284 101455 2
S 91082484 284 101456 2
S 91104482 284 101458 2
S 91126481 284 101462 2
S 91148480 284 101460 2
S 91170478 284 101451 2
S 91192477 284 101456 2
S 91214475 284 101454 2
S 91236474 284 101452 2
S 91258473 284 101451 2
S 91280471 284 101449 2
S 91302470 284 101453 2
S 91324469 284 101454 2
S 91346467 284 101445 2
S 91368466 284 101453 2
S 91390464 284 101456 2
S 91412463 284 101457 2
S 91434462 284 101462 2
S 91456460 284 101456 2
S 91478459 284 101454 2
S 91500458 284 101462 2
S 91522456 284 101458 2
S 91544455 284 101457 2
S 91566453 284 101461 2
S 91588452 284 101458 2
S 91610451 284 101458 2
S 91632449 284 101454 2
S 91654448 284 101461 2
S 91676447 284 101449 2
S 91698445 284 101457 2
S 91720444 284 101459 2
S 91742442 284 101458 2
S 91764441 284 101462 2
S 91786440 284 101456 2
S 91808438 284 101456 2
S 91830437 284 101451 2
S 91852436 284 101458 2
S 91874434 284 101456 2
S 91896433 284 101460 2
S 91918431 284 101460 2
S 91940430 284 101465 2
S 91962429 284 101460 2
S 91984427 284 101463 2
S 92006426 284 101461 2
S 92028425 284 101455 2
S 92050423 284 101459 2
S 92072422 284 101463 2
S 92094420 284 101465 2
S 92116419 284 101467 2
S 92138418 284 101462 2
S 92160416 284 101465 2
S 92182415 284 101457 2
S 92204414 284 101456 2
S 92226412 284 101457 2
S 92248411 284 101455 2
S 92270409 284 101460 2
S 92292408 284 101457 2
S 92314407 284 101464 2
S 92336405 284 101457 2
S 92358404 284 101458 2
S 92380403 284 101455 2
S 92402401 284 101458 2
S 92424400 284 101452 2
S 92446398 284 101454 2
S 92468397 284 101457 2
S 92490396 284 101457 2
S 92512394 284 101461 2
S 92534393 284 101465 2
S 92556392 284 101460 2
S 92578390 284 101466 2
S 92600389 284 101457 2
S 92622387 284 101462 2
S 92644386 284 101457 2
S 92666385 284 101454 2
S 92688383 284 101457 2
S 92710382 284 101463 2
S 92732381 284 101451 2
S 92754379 284 101446 2
S 92776378 284 101453 2
S 92798376 284 101451 2
S 92820375 284 101454 2
S 92842374 284 101454 2
S 92864372 284 101456 2
S 92886371 284 101457 2
S 92908370 284 101457 2
S 92930368 284 101457 2
S 92952367 284 101452 2
S 92974365 284 101457 2
S 92996364 284 101464 2
S 93018363 284 101461 2
S 93040361 284 101456 2
S 93062360 284 101456 2
S 93084359 284 101459 2
S 93106357 284 101459 2
S 93128356 284 101457 2
S 93150354 284 101456 2
S 93172353 284 101463 2
S 93194352 284 101460 2
S 93216350 284 101460 2
S 93238349 284 101461 2
S 93260348 284 101459 2
S 93282346 284 101460 2
S 93304345 284 101451 2
S 93326343 284 101460 2
S 93348342 284 101454 2
S 93370341 284 101459 2
S 93392339 284 101454 2
S 93414338 284 101452 2
S 93436337 284 101454 2
S 93458335 284 101457 2
S 93480334 284 101457 2
S 93502332 284 101460 2
S 93524331 284 101458 2
S 93546330 284 101460 2
S 93568328 284 101456 2
S 93590327 284 101457 2
S 93612326 284 101450 2
S 93634324 284 101459 2
S 93656323 284 101454 2
S 93678321 284 101454 2
S 93700320 284 101455 2
S 93722319 284 101460 2
S 93744317 284 101459 2
S 93766316 284 101458 2
S 93788315 284 101455 2
S 93810313 284 101454 2
S 93832312 284 101459 2
S 93854310 284 101455 2
S 93876309 284 101454 2
S 93898308 284 101457 2
S 93920306 284 101457 2
S 93942305 284 101450 2
S 93964304 284 101454 2
S 93986302 284 101450 2
S 94008301 284 101454 2
S 94030299 284 101457 2
S 94052298 284 101450 2
S 94074297 284 101454 2
S 94096295 284 101448 2
S 94118294 284 101451 2
S 94140293 284 101457 2
S 94162291 284 101452 2
S 94184290 284 101451 2
S 94206288 284 101456 2
S 94228287 284 101458 2
S 94250286 284 101454 2
S 94272284 284 101449 2
S 94294283 284 101454 2
S 94316282 284 101451 2
S 94338280 284 101457 2
S 94360279 284 101456 2
S 94382277 284 101451 2
S 94404276 284 101461 2
S 94426275 284 101457 2
S 94448273 284 101451 2
S 94470272 284 101457 2
S 94492271 284 101453 2
S 94514269 284 101459 2
S 94536268 284 101462 2
S 94558266 284 101456 2
S 94580265 284 101457 2
S 94602264 284 101452 2
S 94624262 284 101459 2
S 94646261 284 101456 2
S 94668260 284 101457 2
S 94690258 284 101453 2
S 94712257 284 101449 2
S 94734255 284 101455 2
S 94756254 284 101456 2
S 94778253 284 101454 2
S 94800251 284 101457 2
S 94822250 284 101452 2
S 94844249 284 101450 2
S 94866247 284 101449 2
S 94888246 284 101452 2
S 94910244 284 101451 2
S 94932243 284 101453 2
S 94954242 284 101454 2
S 94976240 284 101457 2
S 94998239 284 101460 2
S 95020238 284 101451 2
S 95042236 284 101453 2
S 95064235 284 101451 2
S 95086233 284 101453 2
S 95108232 284 101451 2
S 95130231 284 101449 2
S 95152229 284 101454 2
S 95174228 284 101450 2
S 95196227 284 101445 2
S 95218225 284 101454 2
S 95240224 284 101462 2
S 95262222 284 101455 2
S 95284221 284 101454 2
S 95306220 284 101454 2
S 95328218 284 101455 2
S 95350217 284 101454 2
S 95372216 284 101454 2
S 95394214 284 101457 2
S 95416213 284 101453 2
S 95438211 284 101464 2
S 95460210 284 101455 2
S 95482209 284 101457 2
S 95504207 284 101459 2
S 95526206 284 101459 2
S 95548205 284 101451 2
S 95570203 284 101457 2
S 95592202 284 101454 2
S 95614200 284 101456 2
S 95636199 284 101455 2
S 95658198 284 101455 2
S 95680196 284 101461 2
S 95702195 284 101453 2
S 95724194 284 101447 2
S 95746192 284 101452 2
S 95768191 284 101463 2
S 95790189 284 101455 2
S 95812188 284 101461 2
S 95834187 284 101453 2
S 95856185 284 101455 2
S 95878184 284 101455 2
S 95900183 284 101453 2
S 95922181 284 101453 2
S 95944180 284 101451 2
S 95966178 284 101453 2
S 95988177 284 101461 2
S 96010176 284 101460 2
S 96032174 284 101452 2
S 96054173 284 101451 2
S 96076172 284 101448 2
S 96098170 284 101455 2
S 96120169 284 101458 2
S 96142167 284 101452 2
S 96164166 284 101453 2
S 96186165 284 101446 2
S 96208163 284 101444 2
S 96230162 284 101444 2
S 96252161 284 101456 2
S 96274159 284 101449 2
S 96296158 284 101451 2
S 96318156 284 101454 2
S 96340155 284 101454 2
S 96362154 284 101450 2
S 96384152 284 101449 2
S 96406151 284 101447 2
S 96428150 284 101451 2
S 96450148 284 101453 2
S 96472147 284 101454 2
S 96494145 284 101457 2
S 96516144 284 101451 2
S 96538143 284 101451 2
S 96560141 284 101454 2
S 96582140 284 101466 2
S 96604139 284 101455 2
S 96626137 284 101453 2
S 96648136 284 101456 2
S 96670134 284 101457 2
S 96692133 284 101452 2
S 96714132 284 101450 2
S 96736130 284 101454 2
S 96758129 284 101459 2
S 96780128 284 101451 2
S 96802126 284 101453 2
S 96824125 284 101456 2
S 96846123 284 101456 2
S 96868122 284 101449 2
S 96890121 284 101457 2
S 96912119 284 101451 2
S 96934118 284 101456 2
S 96956117 284 101454 2
S 96978115 284 101454 2
S 97000114 284 101458 2
S 97022112 284 101449 2
S 97044111 284 101449 2
S 97066110 284 101449 2
S 97088108 284 101450 2
S 97110107 284 101451 2
S 97132106 284 101451 2
S 97154104 284 101455 2
S 97176103 284 101457 2
S 97198101 284 101457 2
S 97220100 284 101446 2
S 97242099 284 101446 2
S 97264097 284 101451 2
S 97286096 284 101448 2
S 97308095 284 101460 2
S 97330093 284 101449 2
S 97352092 284 101458 2
S 97374090 284 101449 2
S 97396089 284 101452 2
S 97418088 284 101449 2
S 97440086 284 101452 2
S 97462085 284 101449 2
S 97484084 284 101447 2
S 97506082 284 101447 2
S 97528081 284 101446 2
S 97550079 284 101448 2
S 97572078 284 101454 2
S 97594077 284 101455 2
S 97616075 284 101446 2
S 97638074 284 101443 2
S 97660073 284 101449 2
S 97682071 284 101443 2
S 97704070 284 101451 2
S 97726068 284 101454 2
S 97748067 284 101451 2
S 97770066 284 101454 2
S 97792064 284 101458 2
S 97814063 284 101450 2
S 97836062 284 101446 2
S 97858060 284 101450 2
S 97880059 284 101452 2
S 97902057 284 101457 2
S 97924056 284 101458 2
S 97946055 284 101446 2
S 97968053 284 101447 2
S 97990052 284 101446 2
S 98012051 284 101447 2
S 98034049 284 101451 2
S 98056048 284 101452 2
S 98078046 284 101454 2
S 98100045 284 101443 2
S 98122044 284 101449 2
S 98144042 284 101455 2
S 98166041 284 101457 2
S 98188040 284 101456 2
S 98210038 284 101460 2
S 98232037 284 101456 2
S 98254035 284 101449 2
S 98276034 284 101452 2
S 98298033 284 101457 2
S 98320031 284 101443 2
S 98342030 284 101450 2
S 98364029 284 101455 2
S 98386027 284 101454 2
S 98408026 284 101446 2
S 98430024 284 101454 2
S 98452023 284 101453 2
S 98474022 284 101457 2
S 98496020 284 101460 2
S 98518019 284 101452 2
S 98540018 284 101449 2
S 98562016 284 101460 2
S 98584015 284 101457 2
S 98606013 284 101463 2
S 98628012 284 101455 2
S 98650011 284 101455 2
S 98672009 284 101448 2
S 98694008 284 101449 2
S 98716007 284 101449 2
S 98738005 284 101447 2
S 98760004 284 101456 2
S 98782002 284 101455 2
S 98804001 284 101458 2
S 98826000 284 101440 2
S 98847998 284 101450 2
S 98869997 284 101449 2
S 98891996 284 101450 2
S 98913994 284 101455 2
S 98935993 284 101448 2
S 98957991 284 101453 2
S 98979990 284 101447 2
S 99001989 284 101455 2
S 99023987 284 101453 2
S 99045986 284 101451 2
S 99067985 284 101458 2
S 99089983 284 101452 2
S 99111982 284 101458 2
S 99133980 284 101454 2
S 99155979 284 101450 2
S 99177978 284 101459 2
S 99199976 284 101458 2
S 99221975 284 101449 2
S 99243974 284 101446 2
S 99265972 284 101450 2
S 99287971 284 101458 2
S 99309969 284 101451 2
S 99331968 284 101448 2
S 99353967 284 101446 2
S 99375965 284 101452 2
S 99397964 284 101454 2
S 99419963 284 101448 2
S 99441961 284 101450 2
S 99463960 284 101453 2
S 99485958 284 101451 2
S 99507957 284 101451 2
S 99529956 284 101455 2
S 99551954 284 101452 2
S 99573953 284 101454 2
S 99595952 284 101462 2
S 99617950 284 101460 2
S 99639949 284 101453 2
S 99661947 284 101456 2
S 99683946 284 101451 2
S 99705945 284 101458 2
S 99727943 284 101460 2
S 99749942 284 101460 2
S 99771941 284 101454 2
S 99793939 284 101458 2
S 99815938 284 101464 2
S 99837936 284 101456 2
S 99859935 284 101452 2
S 99881934 284 101456 2
S 99903932 284 101451 2
S 99925931 284 101459 2
S 99947930 284 101463 2
S 99969928 284 101458 2
S 99991927 284 101454 2
S 100013925 284 101455 2
S 100035924 284 101455 2
S 100057923 284 101462 2
S 100079921 284 101458 2
S 100101920 284 101458 2
S 100123919 284 101460 2
S 100145917 284 101457 2
S 100167916 284 101456 2
S 100189914 284 101455 2
S 100211913 284 101450 2
S 100233912 284 101448 2
S 100255910 284 101456 2
S 100277909 284 101455 2
S 100299908 284 101454 2
S 100321906 284 101446 2
S 100343905 284 101453 2
S 100365903 284 101450 2
S 100387902 284 101451 2
S 100409901 284 101452 2
S 100431899 284 101454 2
S 100453898 284 101455 2
S 100475897 284 101451 2
S 100497895 284 101452 2
S 100519894 284 101456 2
S 100541892 284 101455 2
S 100563891 284 101456 2
S 100585890 284 101452 2
S 100607888 284 101452 2
S 100629887 284 101452 2
S 100651886 284 101452 2
S 100673884 285 101455 2
S 100695883 284 101453 2
S 100717881 284 101451 2
S 100739880 284 101458 2
S 100761879 284 101451 2
S 100783877 285 101460 2
S 100805876 284 101460 2
S 100827875 284 101456 2
S 100849873 284 101453 2
S 100871872 284 101453 2
S 100893870 284 101455 2
S 100915869 285 101458 2
S 100937868 284 101449 2
S 100959866 284 101446 2
S 100981865 284 101455 2
S 101003864 285 101459 2
S 101025862 285 101459 2
S 101047861 285 101461 2
S 101069859 285 101459 2
S 101091858 285 101458 2
S 101113857 285 101458 2
S 101135855 285 101461 2
S 101157854 285 101461 2
S 101179853 285 101464 2
S 101201851 285 101463 2
S 101223850 285 101453 2
S 101245848 284 101452 2
S 101267847 284 101457 2
S 101289846 284 101449 2
S 101311844 285 101455 2
S 101333843 285 101456 2
S 101355842 285 101457 2
S 101377840 284 101452 2
S 101399839 285 101449 2
S 101421837 285 101455 2
S 101443836 285 101453 2
S 101465835 284 101446 2
S 101487833 284 101452 2
S 101509832 285 101454 2
S 101531831 285 101453 2
S 101553829 285 101455 2
S 101575828 285 101453 2
S 101597826 285 101452 2
S 101619825 284 101452 2
S 101641824 284 101452 2
S 101663822 285 101455 2
S 101685821 285 101453 2
S 101707820 284 101450 2
S 101729818 285 101455 2
S 101751817 284 101452 2
S 101773815 285 101457 2
S 101795814 285 101456 2
S 101817813 285 101452 2
S 101839811 285 101452 2
S 101861810 285 101458 2
S 101883809 285 101455 2
S 101905807 285 101454 2
S 101927806 284 101452 2
S 101949804 285 101461 2
S 101971803 285 101458 2
S 101993802 285 101460 2
S 102015800 285 101464 2
S 102037799 285 101463 2
S 102059798 285 101458 2
S 102081796 285 101461 2
S 102103795 285 101457 2
S 102125793 285 101459 2
S 102147792 285 101457 2
S 102169791 285 101449 2
S 102191789 285 101453 2
S 102213788 285 101449 2
S 102235787 285 101450 2
S 102257785 285 101448 2
S 102279784 285 101455 2
S 102301782 285 101455 2
S 102323781 285 101457 2
S 102345780 285 101449 2
S 102367778 285 101452 2
S 102389777 285 101455 2
S 102411776 285 101453 2
S 102433774 285 101454 2
S 102455773 285 101453 2
S 102477771 285 101454 2
S 102499770 285 101452 2
S 102521769 285 101446 2
S 102543767 285 101453 2
S 102565766 285 101456 2
S 102587765 285 101454 2
S 102609763 285 101459 2
S 102631762 285 101463 2
S 102653760 285 101454 2
S 102675759 285 101457 2
S 102697758 285 101451 2
S 102719756 285 101449 2
S 102741755 285 101448 2
S 102763754 285 101450 2
S 102785752 285 101451 2
S 102807751 285 101453 2
S 102829749 285 101455 2
S 102851748 285 101455 2
S 102873747 285 101456 2
S 102895745 285 101453 2
S 102917744 285 101451 2
S 102939743 285 101456 2
S 102961741 285 101455 2
S 102983740 285 101455 2
S 103005738 285 101455 2
S 103027737 285 101456 2
S 103049736 285 101455 2
S 103071734 285 101453 2
S 103093733 285 101452 2
S 103115732 285 101457 2
S 103137730 285 101458 2
S 103159729 285 101456 2
S 103181727 285 101454 2
S 103203726 285 101453 2
S 103225725 285 101452 2
S 103247723 285 101449 2
S 103269722 285 101452 2
S 103291721 285 101452 2
S 103313719 285 101455 2
S 103335718 285 101451 2
S 103357716 285 101454 2
S 103379715 285 101457 2
S 103401714 285 101449 2
S 103423712 285 101458 2
S 103445711 285 101452 2
S 103467710 285 101451 2
S 103489708 285 101451 2
S 103511707 285 101455 2
S 103533705 285 101454 2
S 103555704 285 101454 2
S 103577703 285 101453 2
S 103599701 285 101450 2
S 103621700 285 101450 2
S 103643699 285 101452 2
S 103665697 285 101452 2
S 103687696 285 101451 2
S 103709694 285 101452 2
S 103731693 285 101452 2
S 103753692 285 101455 2
S 103775690 285 101458 2
S 103797689 285 101456 2
S 103819688 285 101461 2
S 103841686 285 101460 2
S 103863685 285 101457 2
S 103885683 285 101456 2
S 103907682 284 101456 2
S 103929681 285 101457 2
S 103951679 285 101461 2
S 103973678 285 101455 2
S 103995677 285 101456 2
S 104017675 285 101454 2
S 104039674 285 101458 2
S 104061672 285 101458 2
S 104083671 285 101460 2
S 104105670 285 101454 2
S 104127668 285 101453 2
S 104149667 285 101454 2
S 104171666 284 101453 2
S 104193664 285 101455 2
S 104215663 284 101451 2
S 104237661 285 101456 2
S 104259660 285 101457 2
S 104281659 285 101450 2
S 104303657 285 101451 2
S 104325656 285 101452 2
S 104347655 285 101455 2
S 104369653 285 101455 2
S 104391652 285 101453 2
S 104413650 285 101455 2
S 104435649 285 101457 2
S 104457648 285 101457 2
S 104479646 285 101448 2
S 104501645 285 101455 2
S 104523644 284 101443 2
S 104545642 284 101446 2
S 104567641 285 101460 2
S 104589639 285 101455 2
S 104611638 285 101456 2
S 104633637 285 101452 2
S 104655635 284 101443 2
S 104677634 284 101455 2
S 104699633 284 101450 2
S 104721631 285 101455 2
S 104743630 284 101453 2
S 104765628 284 101446 2
S 104787627 285 101452 2
S 104809626 284 101448 2
S 104831624 284 101454 2
S 104853623 284 101450 2
S 104875622 285 101457 2
S 104897620 285 101459 2
S 104919619 284 101452 2
S 104941617 284 101452 2
S 104963616 284 101452 2
S 104985615 284 101452 2
S 105007613 285 101462 2
S 105029612 284 101455 2
S 105051611 285 101461 2
S 105073609 285 101461 2
S 105095608 284 101459 2
S 105117606 285 101463 2
S 105139605 285 101462 2
S 105161604 285 101459 2
S 105183602 284 101456 2
S 105205601 284 101460 2
S 105227600 284 101455 2
S 105249598 284 101455 2
S 105271597 285 101462 2
S 105293595 285 101455 2
S 105315594 285 101460 2
S 105337593 285 101461 2
S 105359591 284 101453 2
S 105381590 284 101455 2
S 105403589 285 101456 2
S 105425587 285 101458 2
S 105447586 284 101448 2
S 105469584 284 101451 2
S 105491583 284 101453 2
S 105513582 284 101449 2
S 105535580 284 101451 2
S 105557579 284 101456 2
S 105579578 284 101453 2
S 105601576 284 101452 2
S 105623575 284 101449 2
S 105645573 284 101449 2
S 105667572 284 101455 2
S 105689571 284 101461 2
S 105711569 284 101455 2
S 105733568 284 101450 2
S 105755567 284 101451 2
S 105777565 285 101460 2
S 105799564 284 101453 2
S 105821562 284 101449 2
S 105843561 284 101455 2
S 105865560 284 101451 2
S 105887558 284 101446 2
S 105909557 284 101448 2
S 105931556 284 101452 2
S 105953554 284 101449 2
S 105975553 284 101452 2
S 105997551 284 101453 2
S 106019550 285 101456 2
S 106041549 284 101452 2
S 106063547 284 101455 2
S 106085546 284 101458 2
S 106107545 284 101450 2
S 106129543 284 101456 2
S 106151542 284 101457 2
S 106173540 284 101452 2
S 106195539 284 101455 2
S 106217538 284 101447 2
S 106239536 284 101452 2
S 106261535 284 101453 2
S 106283534 284 101456 2
S 106305532 284 101458 2
S 106327531 284 101453 2
S 106349529 284 101452 2
S 106371528 284 101446 2
S 106393527 284 101455 2
S 106415525 284 101454 2
S 106437524 284 101450 2
S 106459523 284 101454 2
S 106481521 285 101458 2
S 106503520 284 101461 2
S 106525518 285 101461 2
S 106547517 284 101456 2
S 106569516 284 101453 2
S 106591514 284 101456 2
S 106613513 284 101457 2
S 106635512 284 101451 2
S 106657510 284 101456 2
S 106679509 285 101452 2
S 106701507 284 101447 2
S 106723506 284 101455 2
S 106745505 285 101461 2
S 106767503 284 101452 2
S 106789502 284 101454 2
S 106811501 285 101456 2
S 106833499 285 101455 2
S 106855498 284 101453 2
S 106877496 284 101457 2
S 106899495 284 101451 2
S 106921494 285 101460 2
S 106943492 284 101458 2
S 106965491 285 101456 2
S 106987490 284 101458 2
S 107009488 284 101455 2
S 107031487 284 101459 2
S 107053485 284 101458 2
S 107075484 284 101461 2
S 107097483 284 101457 2
S 107119481 284 101459 2
S 107141480 284 101461 2
S 107163479 284 101453 2
S 107185477 284 101454 2
S 107207476 284 101452 2
S 107229474 284 101452 2
S 107251473 284 101455 2
S 107273472 285 101463 2
S 107295470 284 101461 2
S 107317469 284 101453 2
S 107339468 284 101452 2
S 107361466 284 101455 2
S 107383465 284 101456 2
S 107405463 284 101455 2
S 107427462 284 101452 2
S 107449461 284 101454 2
S 107471459 284 101458 2
S 107493458 284 101453 2
S 107515457 284 101458 2
S 107537455 284 101458 2
S 107559454 284 101460 2
S 107581452 284 101461 2
S 107603451 284 101466 2
S 107625450 284 101457 2
S 107647448 284 101460 2
S 107669447 284 101459 2
S 107691446 284 101457 2
S 107713444 284 101456 2
S 107735443 284 101453 2
S 107757441 284 101463 2
S 107779440 284 101458 2
S 107801439 284 101458 2
S 107823437 284 101456 2
S 107845436 284 101463 2
S 107867435 284 101460 2
S 107889433 284 101460 2
S 107911432 284 101457 2
S 107933430 284 101453 2
S 107955429 284 101457 2
S 107977428 284 101455 2
S 107999426 284 101450 2
S 108021425 284 101449 2
S 108043424 284 101448 2
S 108065422 284 101448 2
S 108087421 284 101446 2
S 108109419 284 101450 2
S 108131418 284 101453 2
S 108153417 284 101452 2
S 108175415 284 101445 2
S 108197414 284 101452 2
S 108219413 284 101451 2
S 108241411 284 101456 2
S 108263410 284 101449 2
S 108285408 284 101455 2
S 108307407 284 101447 2
S 108329406 284 101451 2
S 108351404 284 101458 2
S 108373403 284 101455 2
S 108395402 284 101457 2
S 108417400 284 101452 2
S 108439399 284 101459 2
S 108461397 284 101447 2
S 108483396 284 101457 2
S 108505395 284 101451 2
S 108527393 284 101451 2
S 108549392 284 101449 2
S 108571391 284 101452 2
S 108593389 284 101441 2
S 108615388 284 101455 2
S 108637386 284 101448 2
S 108659385 284 101457 2
S 108681384 284 101448 2
S 108703382 284 101446 2
S 108725381 284 101447 2
S 108747380 284 101454 2
S 108769378 284 101451 2
S 108791377 284 101445 2
S 108813375 284 101448 2
S 108835374 284 101458 2
S 108857373 284 101455 2
S 108879371 284 101452 2
S 108901370 284 101451 2
S 108923369 284 101455 2
S 108945367 284 101452 2
S 108967366 284 101449 2
S 108989364 284 101448 2
S 109011363 284 101449 2
S 109033362 284 101454 2
S 109055360 284 101452 2
S 109077359 284 101458 2
S 109099358 284 101446 2
S 109121356 284 101448 2
S 109143355 284 101445 2
S 109165353 284 101447 2
S 109187352 284 101446 2
S 109209351 284 101453 2
S 109231349 284 101449 2
S 109253348 284 101451 2
S 109275347 284 101454 2
S 109297345 284 101447 2
S 109319344 284 101453 2
S 109341342 284 101454 2
S 109363341 284 101454 2
S 109385340 284 101454 2
S 109407338 284 101452 2
S 109429337 284 101449 2
S 109451336 284 101450 2
S 109473334 284 101451 2
S 109495333 284 101459 2
S 109517331 284 101455 2
S 109539330 284 101454 2
S 109561329 284 101451 2
S 109583327 284 101454 2
S 109605326 284 101454 2
S 109627325 284 101454 2
S 109649323 284 101455 2
S 109671322 284 101455 2
S 109693320 284 101453 2
S 109715319 284 101457 2
S 109737318 284 101455 2
S 109759316 284 101450 2
S 109781315 284 101451 2
S 109803314 284 101454 2
S 109825312 284 101453 2
S 109847311 284 101456 2
S 109869309 284 101454 2
S 109891308 284 101449 2
S 109913307 284 101450 2
S 109935305 284 101455 2
S 109957304 284 101451 2
S 109979303 284 101456 2
S 110001302 284 101454 2
S 110023300 284 101454 2
S 110045298 284 101456 2
S 110067297 284 101455 2
S 110089296 284 101452 2
S 110111294 284 101455 2
S 110133293 284 101450 2
S 110155292 284 101448 2
S 110177290 284 101453 2
S 110199289 284 101451 2
S 110221287 284 101453 2
S 110243286 284 101449 2
S 110265285 284 101451 2
S 110287283 284 101448 2
S 110309282 284 101452 2
S 110331281 284 101444 2
S 110353279 284 101452 2
S 110375278 284 101449 2
S 110397276 284 101453 2
S 110419275 284 101451 2
S 110441274 284 101455 2
S 110463272 284 101453 2
S 110485271 284 101453 2
S 110507270 284 101451 2
S 110529268 284 101450 2
S 110551267 284 101451 2
S 110573265 284 101450 2
S 110595264 284 101447 2
S 110617263 284 101451 2
S 110639261 284 101454 2
S 110661260 284 101455 2
S 110683259 284 101459 2
S 110705257 284 101452 2
S 110727256 284 101457 2
S 110749254 284 101446 2
S 110771253 284 101453 2
S 110793252 284 101453 2
S 110815250 284 101449 2
S 110837249 284 101449 2
S 110859248 284 101451 2
S 110881246 284 101454 2
S 110903245 284 101454 2
S 110925243 284 101453 2
S 110947242 284 101458 2
S 110969241 284 101459 2
S 110991239 284 101457 2
S 111013238 284 101451 2
S 111035237 284 101451 2
S 111057235 284 101452 2
S 111079234 284 101458 2
S 111101232 284 101457 2
S 111123231 284 101461 2
S 111145230 284 101455 2
S 111167228 284 101457 2
S 111189227 284 101459 2
S 111211226 284 101455 2
S 111233224 284 101463 2
S 111255223 284 101454 2
S 111277221 284 101454 2
S 111299220 284 101451 2
S 111321219 284 101463 2
S 111343217 284 101463 2
S 111365216 284 101450 2
S 111387215 284 101454 2
S 111409213 284 101450 2
S 111431212 284 101451 2
S 111453210 284 101448 2
S 111475209 284 101457 2
S 111497208 284 101452 2
S 111519206 284 101460 2
S 111541205 284 101461 2
S 111563204 284 101445 2
S 111585202 284 101444 2
S 111607201 284 101452 2
S 111629199 284 101449 2
S 111651198 284 101451 2
S 111673197 284 101452 2
S 111695195 284 101457 2
S 111717194 284 101453 2
S 111739193 284 101456 2
S 111761191 284 101459 2
S 111783190 284 101463 2
S 111805188 284 101458 2
S 111827187 284 101457 2
S 111849186 284 101458 2
S 111871184 284 101460 2
S 111893183 284 101450 2
S 111915182 284 101458 2
S 111937180 284 101457 2
S 111959179 284 101457 2
S 111981177 284 101457 2
S 112003176 284 101458 2
S 112025175 284 101460 2
S 112047173 284 101454 2
S 112069172 284 101452 2
S 112091171 284 101447 2
S 112113169 284 101451 2
S 112135168 284 101460 2
S 112157166 284 101451 2
S 112179165 284 101452 2
S 112201164 284 101451 2
S 112223162 284 101454 2
S 112245161 284 101451 2
S 112267160 284 101458 2
S 112289158 284 101452 2
S 112311157 284 101455 2
S 112333155 284 101458 2
S 112355154 284 101449 2
S 112377153 284 101458 2
S 112399151 284 101458 2
S 112421150 284 101458 2
S 112443149 284 101458 2
S 112465147 284 101452 2
S 112487146 284 101457 2
S 112509144 284 101454 2
S 112531143 284 101456 2
S 112553142 284 101454 2
S 112575140 284 101449 2
S 112597139 284 101447 2
S 112619138 284 101449 2
S 112641136 284 101451 2
S 112663135 284 101449 2
S 112685133 284 101456 2
S 112707132 284 101457 2
S 112729131 284 101455 2
S 112751129 284 101460 2
S 112773128 284 101457 2
S 112795127 284 101452 2
S 112817125 284 101452 2
S 112839124 284 101454 2
S 112861122 284 101457 2
S 112883121 284 101455 2
S 112905120 284 101454 2
S 112927118 284 101453 2
S 112949117 284 101450 2
S 112971116 284 101455 2
S 112993114 284 101452 2
S 113015113 284 101455 2
S 113037111 284 101449 2
S 113059110 284 101447 2
S 113081109 284 101455 2
S 113103107 284 101446 2
S 113125106 284 101452 2
S 113147105 284 101448 2
S 113169103 284 101449 2
S 113191102 284 101460 2
S 113213100 284 101455 2
S 113235099 284 101449 2
S 113257098 284 101455 2
S 113279096 284 101461 2
S 113301095 284 101448 2
S 113323094 284 101460 2
S 113345092 284 101461 2
S 113367091 284 101455 2
S 113389089 285 101464 2
S 113411088 284 101460 2
S 113433087 284 101458 2
S 113455085 285 101466 2
S 113477084 284 101461 2
S 113499083 284 101455 2
S 113521081 284 101455 2
S 113543080 284 101455 2
S 113565078 284 101445 2
S 113587077 284 101453 2
S 113609076 284 101452 2
S 113631074 284 101453 2
S 113653073 284 101457 2
S 113675072 284 101446 2
S 113697070 284 101446 2
S 113719069 284 101449 2
S 113741067 284 101450 2
S 113763066 284 101450 2
S 113785065 284 101454 2
S 113807063 284 101459 2
S 113829062 284 101453 2
S 113851061 284 101456 2
S 113873059 284 101453 2
S 113895058 284 101455 2
S 113917056 284 101453 2
S 113939055 284 101449 2
S 113961054 284 101451 2
S 113983052 284 101449 2
S 114005051 284 101452 2
S 114027050 284 101452 2
S 114049048 284 101455 2
S 114071047 284 101455 2
S 114093045 284 101451 2
S 114115044 284 101446 2
S 114137043 284 101446 2
S 114159041 284 101444 2
S 114181040 284 101445 2
S 114203039 284 101451 2
S 114225037 284 101446 2
S 114247036 284 101449 2
S 114269034 284 101447 2
S 114291033 284 101452 2
S 114313032 284 101450 2
S 114335030 284 101451 2
S 114357029 284 101460 2
S 114379028 284 101452 2
S 114401026 284 101452 2
S 114423025 284 101453 2
S 114445023 284 101455 2
S 114467022 284 101454 2
S 114489021 284 101456 2
S 114511019 284 101455 2
S 114533018 284 101446 2
S 114555017 284 101460 2
S 114577015 284 101454 2
S 114599014 284 101449 2
S 114621012 284 101455 2
S 114643011 284 101446 2
S 114665010 284 101453 2
S 114687008 284 101458 2
S 114709007 284 101456 2
S 114731006 284 101449 2
S 114753004 284 101449 2
S 114775003 284 101459 2
S 114797001 284 101458 2
S 114819000 284 101455 2
S 114840999 284 101461 2
S 114862997 284 101459 2
S 114884996 284 101453 2
S 114906995 284 101454 2
S 114928993 284 101450 2
S 114950992 284 101448 2
S 114972990 284 101458 2
S 114994989 284 101466 2
S 115016988 284 101456 2
S 115038986 284 101470 2
S 115060985 284 101462 2
S 115082984 285 101469 2
S 115104982 284 101458 2
S 115126981 284 101454 2
S 115148979 284 101457 2
S 115170978 284 101460 2
S 115192977 284 101458 2
S 115214975 284 101464 2
S 115236974 284 101458 2
S 115258973 284 101461 2
S 115280971 284 101454 2
S 115302970 284 101458 2
S 115324968 284 101457 2
S 115346967 284 101460 2
S 115368966 284 101455 2
S 115390964 284 101455 2
S 115412963 284 101453 2
S 115434962 284 101465 2
S 115456960 284 101461 2
S 115478959 284 101461 2
S 115500957 284 101463 2
S 115522956 284 101458 2
S 115544955 284 101458 2
S 115566953 284 101456 2
S 115588952 284 101458 2
S 115610951 284 101455 2
S 115632949 284 101449 2
S 115654948 284 101447 2
S 115676946 284 101458 2
S 115698945 284 101455 2
S 115720944 284 101458 2
S 115742942 284 101452 2
S 115764941 284 101452 2
S 115786940 284 101456 2
S 115808938 284 101449 2
S 115830937 284 101458 2
S 115852935 284 101451 2
S 115874934 284 101450 2
S 115896933 284 101457 2
S 115918931 284 101462 2
S 115940930 284 101465 2
S 115962929 284 101461 2
S 115984927 284 101466 2
S 116006926 284 101466 2
S 116028924 284 101457 2
S 116050923 284 101469 2
S 116072922 284 101460 2
S 116094920 284 101456 2
S 116116919 284 101463 2
S 116138918 284 101458 2
S 116160916 284 101460 2
S 116182915 284 101448 2
S 116204913 284 101456 2
S 116226912 284 101453 2
S 116248911 284 101451 2
S 116270909 284 101459 2
S 116292908 284 101460 2
S 116314907 284 101456 2
S 116336905 284 101459 2
S 116358904 284 101455 2
S 116380902 284 101460 2
S 116402901 284 101463 2
S 116424900 284 101459 2
S 116446898 284 101461 2
S 116468897 284 101459 2
S 116490896 284 101458 2
S 116512894 284 101452 2
S 116534893 284 101452 2
S 116556891 284 101451 2
S 116578890 284 101453 2
S 116600889 284 101458 2
S 116622887 284 101453 2
S 116644886 284 101451 2
S 116666885 284 101459 2
S 116688883 284 101452 2
S 116710882 284 101456 2
S 116732880 284 101456 2
S 116754879 284 101455 2
S 116776878 284 101461 2
S 116798876 284 101457 2
S 116820875 284 101460 2
S 116842874 284 101460 2
S 116864872 284 101461 2
S 116886871 284 101462 2
S 116908869 284 101456 2
S 116930868 284 101461 2
S 116952867 284 101458 2
S 116974865 284 101456 2
S 116996864 284 101458 2
S 117018863 284 101458 2
S 117040861 284 101452 2
S 117062860 284 101460 2
S 117084858 284 101458 2
S 117106857 284 101458 2
S 117128856 284 101457 2
S 117150854 284 101458 2
S 117172853 284 101457 2
S 117194852 284 101452 2
S 117216850 284 101457 2
S 117238849 284 101460 2
S 117260847 284 101461 2
S 117282846 284 101460 2
S 117304845 284 101458 2
S 117326843 284 101464 2
S 117348842 284 101463 2
S 117370841 284 101463 2
S 117392839 284 101467 2
S 117414838 284 101463 2
S 117436836 284 101457 2
S 117458835 284 101463 2
S 117480834 284 101461 2
S 117502832 284 101459 2
S 117524831 284 101455 2
S 117546830 284 101452 2
S 117568828 284 101460 2
S 117590827 284 101462 2
S 117612825 284 101455 2
S 117634824 284 101454 2
S 117656823 284 101463 2
S 117678821 284 101446 2
S 117700820 284 101462 2
S 117722819 284 101469 2
S 117744817 284 101459 2
S 117766816 284 101467 2
S 117788814 284 101457 2
S 117810813 284 101455 2
S 117832812 284 101455 2
S 117854810 284 101460 2
S 117876809 284 101458 2
S 117898808 284 101466 2
S 117920806 284 101464 2
S 117942805 284 101464 2
S 117964803 284 101454 2
S 117986802 284 101448 2
S 118008801 284 101455 2
S 118030799 284 101454 2
S 118052798 284 101455 2
S 118074797 284 101446 2
S 118096795 284 101450 2
S 118118794 284 101461 2
S 118140792 284 101448 2
S 118162791 284 101455 2
S 118184790 284 101458 2
S 118206788 284 101463 2
S 118228787 284 101452 2
S 118250786 284 101451 2
S 118272784 284 101462 2
S 118294783 284 101458 2
S 118316781 284 101451 2
S 118338780 284 101447 2
S 118360779 284 101453 2
S 118382777 284 101454 2
S 118404776 284 101458 2
S 118426775 284 101465 2
S 118448773 284 101455 2
S 118470772 284 101458 2
S 118492770 284 101458 2
S 118514769 284 101455 2
S 118536768 284 101454 2
S 118558766 284 101452 2
S 118580765 284 101458 2
S 118602764 284 101457 2
S 118624762 284 101459 2
S 118646761 284 101450 2
S 118668759 284 101460 2
S 118690758 284 101459 2
S 118712757 284 101458 2
S 118734755 284 101449 2
S 118756754 284 101452 2
S 118778753 284 101446 2
S 118800751 284 101452 2
S 118822750 284 101446 2
S 118844748 284 101443 2
S 118866747 284 101451 2
S 118888746 284 101455 2
S 118910744 284 101454 2
S 118932743 284 101458 2
S 118954742 284 101452 2
S 118976740 284 101454 2
S 118998739 284 101465 2
S 119020737 284 101446 2
S 119042736 284 101462 2
S 119064735 284 101457 2
S 119086733 284 101458 2
S 119108732 284 101459 2
S 119130731 284 101449 2
S 119152729 284 101457 2
S 119174728 284 101451 2
S 119196726 284 101453 2
S 119218725 284 101451 2
S 119240724 284 101449 2
S 119262722 284 101450 2
S 119284721 284 101452 2
S 119306720 284 101455 2
S 119328718 284 101449 2
S 119350717 284 101451 2
S 119372715 284 101453 2
S 119394714 284 101454 2
S 119416713 284 101464 2
S 119438711 284 101455 2
S 119460710 284 101452 2
S 119482709 284 101454 2
S 119504707 284 101451 2
S 119526706 284 101448 2
S 119548704 284 101449 2
S 119570703 284 101454 2
S 119592702 284 101445 2
S 119614700 284 101452 2
S 119636699 284 101447 2
S 119658698 284 101458 2
S 119680696 284 101455 2
S 119702695 284 101458 2
S 119724693 284 101457 2
S 119746692 284 101457 2
S 119768691 284 101463 2
S 119790689 284 101451 2
S 119812688 284 101454 2
S 119834687 284 101456 2
S 119856685 284 101452 2
S 119878684 284 101450 2
S 119900682 284 101453 2
S 119922681 284 101451 2
S 119944680 284 101446 2
S 119966678 284 101452 2
S 119988677 284 101451 2
S 120010676 284 101451 2
S 120032674 284 101449 2
S 120054673 284 101453 2
S 120076671 284 101451 2
S 120098670 284 101455 2
S 120120669 284 101460 2
S 120142667 284 101453 2
S 120164666 284 101453 2
S 120186665 284 101449 2
S 120208663 284 101445 2
S 120230662 284 101451 2
S 120252660 284 101457 2
S 120274659 284 101454 2
S 120296658 284 101450 2
S 120318656 284 101459 2
S 120340655 284 101450 2
S 120362654 284 101451 2
S 120384652 284 101456 2
S 120406651 284 101451 2
S 120428649 284 101462 2
S 120450648 284 101452 2
S 120472647 284 101457 2
S 120494645 284 101457 2
S 120516644 284 101446 2
S 120538643 284 101459 2
S 120560641 284 101454 2
S 120582640 284 101457 2
S 120604638 284 101452 2
S 120626637 284 101452 2
S 120648636 284 101455 2
S 120670634 284 101453 2
S 120692633 284 101452 2
S 120714632 284 101450 2
S 120736630 284 101454 2
S 120758629 284 101459 2
S 120780627 284 101457 2
S 120802626 284 101453 2
S 120824625 284 101454 2
S 120846623 284 101457 2
S 120868622 284 101458 2
S 120890621 284 101463 2
S 120912619 284 101450 2
S 120934618 284 101454 2
S 120956616 284 101452 2
S 120978615 284 101449 2
S 121000614 284 101453 2
S 121022612 284 101450 2
S 121044611 284 101454 2
S 121066610 284 101466 2
S 121088608 284 101450 2
S 121110607 284 101453 2
S 121132605 284 101449 2
S 121154604 284 101454 2
S 121176603 284 101459 2
S 121198601 284 101457 2
S 121220600 284 101453 2
S 121242599 284 101460 2
S 121264597 284 101455 2
S 121286596 284 101457 2
S 121308594 284 101451 2
S 121330593 284 101460 2
S 121352592 284 101449 2
S 121374590 284 101451 2
S 121396589 284 101451 2
S 121418588 284 101454 2
S 121440586 284 101450 2
S 121462585 284 101456 2
S 121484583 284 101456 2
S 121506582 284 101457 2
S 121528581 284 101453 2
S 121550579 284 101454 2
S 121572578 284 101449 2
S 121594577 284 101459 2
S 121616575 284 101463 2
S 121638574 284 101454 2
S 121660572 284 101463 2
S 121682571 284 101460 2
S 121704570 284 101448 2
S 121726568 284 101461 2
S 121748567 284 101453 2
S 121770566 284 101448 2
S 121792564 284 101460 2
S 121814563 284 101454 2
S 121836561 284 101458 2
S 121858560 284 101453 2
S 121880559 284 101460 2
S 121902557 284 101453 2
S 121924556 284 101457 2
S 121946555 284 101460 2
S 121968553 284 101457 2
S 121990552 284 101462 2
S 122012550 284 101453 2
S 122034549 284 101449 2
S 122056548 284 101457 2
S 122078546 284 101453 2
S 122100545 284 101458 2
S 122122544 284 101460 2
S 122144542 284 101452 2
S 122166541 284 101455 2
S 122188539 284 101454 2
S 122210538 284 101463 2
S 122232537 284 101451 2
S 122254535 284 101460 2
S 122276534 284 101462 2
S 122298533 284 101455 2
S 122320531 284 101449 2
S 122342530 284 101453 2
S 122364528 284 101462 2
S 122386527 284 101460 2
S 122408526 284 101456 2
S 122430524 284 101456 2
S 122452523 284 101458 2
S 122474522 284 101464 2
S 122496520 284 101466 2
S 122518519 284 101453 2
S 122540517 284 101457 2
S 122562516 284 101463 2
S 122584515 284 101459 2
S 122606513 284 101460 2
S 122628512 284 101456 2
S 122650511 284 101458 2
S 122672509 284 101454 2
S 122694508 284 101457 2
S 122716506 284 101458 2
S 122738505 284 101452 2
S 122760504 284 101459 2
S 122782502 284 101454 2
S 122804501 284 101449 2
S 122826500 284 101460 2
S 122848498 284 101458 2
S 122870497 284 101451 2
S 122892495 284 101453 2
S 122914494 284 101452 2
S 122936493 284 101459 2
S 122958491 284 101456 2
S 122980490 284 101450 2
S 123002489 284 101453 2
S 123024487 284 101449 2
S 123046486 284 101455 2
S 123068484 284 101454 2
S 123090483 284 101455 2
S 123112482 284 101461 2
S 123134480 284 101459 2
S 123156479 284 101454 2
S 123178478 284 101456 2
S 123200476 284 101462 2
S 123222475 284 101458 2
S 123244473 284 101450 2
S 123266472 284 101454 2
S 123288471 284 101461 2
S 123310469 284 101460 2
S 123332468 284 101458 2
S 123354467 284 101455 2
S 123376465 284 101458 2
S 123398464 284 101461 2
S 123420462 284 101457 2
S 123442461 284 101457 2
S 123464460 284 101461 2
S 123486458 284 101461 2
S 123508457 284 101455 2
S 123530456 284 101459 2
S 123552454 284 101463 2
S 123574453 284 101458 2
S 123596451 284 101454 2
S 123618450 284 101458 2
S 123640449 284 101456 2
S 123662447 284 101458 2
S 123684446 284 101458 2
S 123706445 284 101462 2
S 123728443 284 101457 2
S 123750442 284 101462 2
S 123772440 284 101456 2
S 123794439 284 101455 2
S 123816438 284 101453 2
S 123838436 284 101461 2
S 123860435 284 101458 2
S 123882434 284 101463 2
S 123904432 284 101458 2
S 123926431 284 101457 2
S 123948429 284 101455 2
S 123970428 284 101460 2
S 123992427 284 101455 2
S 124014425 284 101463 2
S 124036424 284 101460 2
S 124058423 284 101466 2
S 124080421 284 101463 2
S 124102420 284 101460 2
S 124124418 284 101463 2
S 124146417 284 101455 2
S 124168416 284 101461 2
S 124190414 284 101455 2
S 124212413 284 101459 2
S 124234412 284 101463 2
S 124256410 284 101462 2
S 124278409 284 101459 2
S 124300407 284 101458 2
S 124322406 284 101458 2
S 124344405 284 101455 2
S 124366403 284 101462 2
S 124388402 284 101464 2
S 124410401 284 101461 2
S 124432399 284 101458 2
S 124454398 284 101460 2
S 124476396 284 101468 2
S 124498395 284 101466 2
S 124520394 284 101459 2
S 124542392 284 101459 2
S 124564391 284 101456 2
S 124586390 284 101463 2
S 124608388 284 101450 2
S 124630387 284 101452 2
S 124652385 284 101461 2
S 124674384 284 101453 2
S 124696383 284 101457 2
S 124718381 284 101455 2
S 124740380 284 101455 2
S 124762379 284 101455 2
S 124784377 284 101455 2
S 124806376 284 101462 2
S 124828374 284 101464 2
S 124850373 284 101458 2
S 124872372 284 101456 2
S 124894370 284 101458 2
S 124916369 284 101457 2
S 124938368 284 101463 2
S 124960366 284 101463 2
S 124982365 284 101460 2
S 125004363 284 101460 2
S 125026362 284 101461 2
S 125048361 284 101459 2
S 125070359 284 101458 2
S 125092358 284 101455 2
S 125114357 284 101458 2
S 125136355 284 101455 2
S 125158354 284 101455 2
S 125180352 284 101463 2
S 125202351 284 101462 2
S 125224350 284 101460 2
S 125246348 284 101454 2
S 125268347 284 101458 2
S 125290346 284 101455 2
S 125312344 284 101460 2
S 125334343 284 101454 2
S 125356341 284 101460 2
S 125378340 284 101447 2
S 125400339 284 101458 2
S 125422337 284 101455 2
S 125444336 284 101456 2
S 125466335 284 101458 2
S 125488333 284 101455 2
S 125510332 284 101453 2
S 125532330 284 101453 2
S 125554329 284 101452 2
S 125576328 284 101458 2
S 125598326 284 101458 2
S 125620325 284 101449 2
S 125642324 284 101451 2
S 125664322 284 101455 2
S 125686321 284 101458 2
S 125708319 284 101452 2
S 125730318 284 101458 2
S 125752317 284 101455 2
S 125774315 284 101456 2
S 125796314 284 101463 2
S 125818313 284 101456 2
S 125840311 284 101461 2
S 125862310 284 101452 2
S 125884308 284 101457 2
S 125906307 284 101453 2
S 125928306 284 101451 2
S 125950304 284 101455 2
S 125972303 284 101461 2
S 125994302 284 101450 2
S 126016300 284 101458 2
S 126038299 284 101456 2
S 126060297 284 101458 2
S 126082296 284 101449 2
S 126104295 284 101449 2
S 126126293 284 101448 2
S 126148292 284 101451 2
S 126170291 284 101451 2
S 126192289 284 101453 2
S 126214288 284 101444 2
S 126236286 284 101453 2
S 126258285 284 101458 2
S 126280284 284 101457 2
S 126302282 284 101458 2
S 126324281 284 101449 2
S 126346280 284 101461 2
S 126368278 284 101454 2
S 126390277 284 101457 2
S 126412275 284 101449 2
S 126434274 284 101458 2
S 126456273 284 101458 2
S 126478271 284 101449 2
S 126500270 284 101451 2
S 126522269 284 101458 2
S 126544267 284 101453 2
S 126566266 284 101455 2
S 126588264 284 101454 2
S 126610263 284 101457 2
S 126632262 284 101460 2
S 126654260 284 101456 2
S 126676259 284 101459 2
S 126698258 284 101458 2
S 126720256 284 101461 2
S 126742255 284 101462 2
S 126764253 284 101457 2
S 126786252 284 101446 2
S 126808251 284 101457 2
S 126830249 284 101459 2
S 126852248 284 101461 2
S 126874247 284 101461 2
S 126896245 284 101448 2
S 126918244 284 101453 2
S 126940242 284 101447 2
S 126962241 284 101448 2
S 126984240 284 101457 2
S 127006238 284 101452 2
S 127028237 284 101449 2
S 127050236 284 101453 2
S 127072234 284 101458 2
S 127094233 284 101451 2
S 127116231 284 101442 2
S 127138230 284 101447 2
S 127160229 284 101460 2
S 127182227 284 101452 2
S 127204226 284 101451 2
S 127226225 284 101459 2
S 127248223 284 101453 2
S 127270222 284 101461 2
S 127292220 284 101455 2
S 127314219 284 101460 2
S 127336218 284 101458 2
S 127358216 284 101445 2
S 127380215 284 101446 2
S 127402214 284 101451 2
S 127424212 284 101455 2
S 127446211 284 101455 2
S 127468209 284 101458 2
S 127490208 284 101452 2
S 127512207 284 101464 2
S 127534205 284 101463 2
S 127556204 284 101455 2
S 127578203 284 101460 2
S 127600201 284 101459 2
S 127622200 284 101454 2
S 127644198 284 101459 2
S 127666197 284 101456 2
S 127688196 284 101457 2
S 127710194 284 101455 2
S 127732193 284 101456 2
S 127754192 284 101454 2
S 127776190 284 101457 2
S 127798189 284 101453 2
S 127820187 284 101450 2
S 127842186 284 101455 2
S 127864185 284 101450 2
S 127886183 284 101451 2
S 127908182 284 101449 2
S 127930181 284 101453 2
S 127952179 284 101453 2
S 127974178 284 101455 2
S 127996176 284 101446 2
S 128018175 284 101458 2
S 128040174 284 101460 2
S 128062172 284 101461 2
S 128084171 284 101455 2
S 128106170 284 101446 2
S 128128168 284 101453 2
S 128150167 284 101452 2
S 128172165 284 101454 2
S 128194164 284 101453 2
S 128216163 284 101452 2
S 128238161 284 101451 2
S 128260160 284 101449 2
S 128282159 284 101453 2
S 128304157 284 101453 2
S 128326156 284 101455 2
S 128348154 284 101453 2
S 128370153 284 101456 2
S 128392152 284 101446 2
S 128414150 284 101454 2
S 128436149 284 101453 2
S 128458148 284 101443 2
S 128480146 284 101454 2
S 128502145 284 101458 2
S 128524143 284 101458 2
S 128546142 284 101458 2
S 128568141 284 101453 2
S 128590139 284 101458 2
S 128612138 284 101454 2
S 128634137 284 101455 2
S 128656135 284 101463 2
S 128678134 284 101453 2
S 128700132 284 101443 2
S 128722131 284 101457 2
S 128744130 284 101452 2
S 128766128 284 101442 2
S 128788127 284 101458 2
S 128810126 284 101449 2
S 128832124 284 101445 2
S 128854123 284 101449 2
S 128876121 284 101457 2
S 128898120 284 101455 2
S 128920119 284 101457 2
S 128942117 284 101456 2
S 128964116 284 101461 2
S 128986115 284 101459 2
S 129008113 284 101455 2
S 129030112 284 101456 2
S 129052110 284 101458 2
S 129074109 284 101446 2
S 129096108 284 101458 2
S 129118106 284 101451 2
S 129140105 284 101453 2
S 129162104 284 101452 2
S 129184102 284 101459 2
S 129206101 284 101453 2
S 129228099 284 101449 2
S 129250098 284 101457 2
S 129272097 284 101449 2
S 129294095 284 101446 2
S 129316094 284 101451 2
S 129338093 284 101456 2
S 129360091 284 101459 2
S 129382090 284 101449 2
S 129404088 284 101446 2
S 129426087 284 101455 2
S 129448086 284 101455 2
S 129470084 284 101450 2
S 129492083 284 101443 2
S 129514082 284 101453 2
S 129536080 284 101455 2
S 129558079 284 101458 2
S 129580077 284 101446 2
S 129602076 284 101454 2
S 129624075 284 101456 2
S 129646073 284 101457 2
S 129668072 284 101452 2
S 129690071 284 101460 2
S 129712069 284 101453 2
S 129734068 284 101459 2
S 129756066 284 101446 2
S 129778065 284 101443 2
S 129800064 284 101455 2
S 129822062 284 101443 2
S 129844061 284 101442 2
S 129866060 284 101452 2
S 129888058 284 101443 2
S 129910057 284 101444 2
S 129932055 284 101451 2
S 129954054 284 101452 2
S 129976053 284 101457 2
S 129998051 284 101455 2
S 130020050 284 101455 2
S 130042049 284 101455 2
S 130064047 284 101461 2
S 130086046 284 101457 2
S 130108044 284 101453 2
S 130130043 284 101453 2
S 130152042 284 101449 2
S 130174040 284 101455 2
S 130196039 284 101450 2
S 130218038 284 101450 2
S 130240036 284 101454 2
S 130262035 284 101454 2
S 130284033 284 101455 2
S 130306032 284 101450 2
S 130328031 284 101450 2
S 130350029 284 101453 2
S 130372028 284 101458 2
S 130394027 284 101454 2
S 130416025 284 101447 2
S 130438024 284 101454 2
S 130460022 284 101446 2
S 130482021 284 101458 2
S 130504020 284 101458 2
S 130526018 284 101458 2
S 130548017 284 101447 2
S 130570016 284 101449 2
S 130592014 284 101451 2
S 130614013 284 101446 2
S 130636011 284 101451 2
S 130658010 284 101455 2
S 130680009 284 101443 2
S 130702007 284 101446 2
S 130724006 284 101451 2
S 130746005 284 101449 2
S 130768003 284 101446 2
S 130790002 284 101464 2
S 130812000 284 101446 2
S 130833999 284 101452 2
S 130855998 284 101451 2
S 130877996 284 101460 2
S 130899995 284 101450 2
S 130921994 284 101451 2
S 130943992 284 101453 2
S 130965991 284 101454 2
S 130987989 284 101451 2
S 131009988 284 101446 2
S 131031987 284 101449 2
S 131053985 284 101451 2
S 131075984 284 101455 2
S 131097983 284 101452 2
S 131119981 284 101452 2
S 131141980 284 101449 2
S 131163978 284 101454 2
S 131185977 284 101447 2
S 131207976 284 101453 2
S 131229974 284 101451 2
S 131251973 284 101454 2
S 131273972 284 101451 2
S 131295970 284 101450 2
S 131317969 284 101443 2
S 131339967 284 101448 2
S 131361966 284 101451 2
S 131383965 284 101456 2
S 131405963 284 101455 2
S 131427962 284 101450 2
S 131449961 284 101449 2
S 131471959 284 101455 2
S 131493958 284 101459 2
S 131515956 284 101446 2
S 131537955 284 101451 2
S 131559954 284 101449 2
S 131581952 284 101457 2
S 131603951 284 101452 2
S 131625950 284 101453 2
S 131647948 284 101455 2
S 131669947 284 101455 2
S 131691945 284 101447 2
S 131713944 284 101451 2
S 131735943 284 101443 2
S 131757941 284 101446 2
S 131779940 284 101458 2
S 131801939 284 101452 2
S 131823937 284 101449 2
S 131845936 284 101446 2
S 131867934 284 101455 2
S 131889933 284 101447 2
S 131911932 284 101449 2
S 131933930 284 101454 2
S 131955929 284 101454 2
S 131977928 284 101460 2
S 131999926 284 101461 2
S 132021925 284 101463 2
S 132043923 284 101456 2
S 132065922 284 101457 2
S 132087921 284 101446 2
S 132109919 284 101458 2
S 132131918 284 101448 2
S 132153917 284 101449 2
S 132175915 284 101451 2
S 132197914 284 101455 2
S 132219912 284 101458 2
S 132241911 284 101449 2
S 132263910 284 101449 2
S 132285908 284 101454 2
S 132307907 284 101449 2
S 132329906 284 101451 2
S 132351904 284 101455 2
S 132373903 284 101451 2
S 132395901 284 101448 2
S 132417900 284 101443 2
S 132439899 284 101447 2
S 132461897 284 101444 2
S 132483896 284 101447 2
S 132505895 284 101458 2
S 132527893 284 101453 2
S 132549892 284 101446 2
S 132571890 284 101447 2
S 132593889 284 101452 2
S 132615888 284 101451 2
S 132637886 284 101447 2
S 132659885 284 101449 2
S 132681884 284 101449 2
S 132703882 284 101453 2
S 132725881 284 101450 2
S 132747879 284 101449 2
S 132769878 284 101451 2
S 132791877 284 101449 2
S 132813875 284 101452 2
S 132835874 284 101458 2
S 132857873 284 101449 2
S 132879871 284 101452 2
S 132901870 284 101454 2
S 132923868 284 101449 2
S 132945867 284 101451 2
S 132967866 284 101445 2
S 132989864 284 101445 2
S 133011863 284 101450 2
S 133033862 284 101453 2
S 133055860 284 101450 2
S 133077859 284 101451 2
S 133099857 284 101449 2
S 133121856 284 101449 2
S 133143855 284 101454 2
S 133165853 284 101450 2
S 133187852 284 101451 2
S 133209851 284 101453 2
S 133231849 284 101453 2
S 133253848 284 101450 2
S 133275846 284 101459 2
S 133297845 284 101454 2
S 133319844 284 101453 2
S 133341842 284 101443 2
S 133363841 284 101449 2
S 133385840 284 101458 2
S 133407838 284 101446 2
S 133429837 284 101449 2
S 133451835 284 101452 2
S 133473834 284 101455 2
S 133495833 284 101461 2
S 133517831 284 101449 2
S 133539830 284 101462 2
S 133561829 284 101456 2
S 133583827 284 101446 2
S 133605826 284 101457 2
S 133627824 284 101452 2
S 133649823 284 101453 2
S 133671822 284 101449 2
S 133693820 284 101452 2
S 133715819 284 101452 2
S 133737818 284 101446 2
S 133759816 284 101457 2
S 133781815 284 101454 2
S 133803813 284 101446 2
S 133825812 284 101442 2
S 133847811 284 101444 2
S 133869809 284 101454 2
S 133891808 284 101446 2
S 133913807 284 101456 2
S 133935805 284 101442 2
S 133957804 284 101451 2
S 133979802 284 101457 2
S 134001801 284 101459 2
S 134023800 284 101457 2
S 134045798 284 101452 2
S 134067797 284 101447 2
S 134089796 284 101447 2
S 134111794 284 101449 2
S 134133793 284 101453 2
S 134155791 284 101453 2
S 134177790 284 101452 2
S 134199789 284 101453 2
S 134221787 284 101458 2
S 134243786 284 101459 2
S 134265785 284 101452 2
S 134287783 284 101444 2
S 134309782 284 101450 2
S 134331780 284 101448 2
S 134353779 284 101450 2
S 134375778 284 101452 2
S 134397776 284 101447 2
S 134419775 284 101452 2
S 134441774 284 101452 2
S 134463772 284 101454 2
S 134485771 284 101455 2
S 134507769 284 101448 2
S 134529768 284 101452 2
S 134551767 284 101456 2
S 134573765 284 101460 2
S 134595764 284 101449 2
S 134617763 284 101463 2
S 134639761 284 101458 2
S 134661760 284 101449 2
S 134683758 284 101446 2
S 134705757 284 101446 2
S 134727756 284 101447 2
S 134749754 284 101443 2
S 134771753 284 101449 2
S 134793752 284 101456 2
S 134815750 284 101443 2
S 134837749 284 101443 2
S 134859747 284 101461 2
S 134881746 284 101446 2
S 134903745 284 101460 2
S 134925743 284 101460 2
S 134947742 284 101458 2
S 134969741 284 101451 2
S 134991739 284 101456 2
S 135013738 284 101447 2
S 135035736 284 101461 2
S 135057735 284 101449 2
S 135079734 284 101460 2
S 135101732 284 101454 2
S 135123731 284 101455 2
S 135145730 284 101448 2
S 135167728 284 101453 2
S 135189727 284 101457 2
S 135211725 284 101457 2
S 135233724 284 101454 2
S 135255723 284 101458 2
S 135277721 284 101457 2
S 135299720 284 101446 2
S 135321719 284 101454 2
S 135343717 284 101454 2
S 135365716 284 101463 2
S 135387714 284 101455 2
S 135409713 284 101453 2
S 135431712 284 101456 2
S 135453710 284 101466 2
S 135475709 284 101457 2
S 135497708 284 101454 2
S 135519706 284 101454 2
S 135541705 284 101458 2
S 135563703 284 101460 2
S 135585702 284 101449 2
S 135607701 284 101456 2
S 135629699 284 101451 2
S 135651698 284 101457 2
S 135673697 284 101457 2
S 135695695 284 101451 2
S 135717694 284 101454 2
S 135739692 284 101461 2
S 135761691 284 101454 2
S 135783690 284 101460 2
S 135805688 284 101457 2
S 135827687 284 101455 2
S 135849686 284 101457 2
S 135871684 284 101460 2
S 135893683 284 101460 2
S 135915681 284 101459 2
S 135937680 284 101458 2
S 135959679 284 101456 2
S 135981677 284 101463 2
S 136003676 284 101459 2
S 136025675 284 101462 2
S 136047673 284 101462 2
S 136069672 284 101458 2
S 136091670 284 101459 2
S 136113669 284 101455 2
S 136135668 284 101458 2
S 136157666 284 101449 2
S 136179665 284 101458 2
S 136201664 284 101454 2
S 136223662 284 101455 2
S 136245661 284 101455 2
S 136267659 284 101455 2
S 136289658 284 101458 2
S 136311657 284 101454 2
S 136333655 284 101453 2
S 136355654 284 101458 2
S 136377653 284 101453 2
S 136399651 284 101450 2
S 136421650 284 101449 2
S 136443648 284 101449 2
S 136465647 284 101450 2
S 136487646 284 101450 2
S 136509644 284 101452 2
S 136531643 284 101452 2
S 136553642 284 101454 2
S 136575640 284 101454 2
S 136597639 284 101449 2
S 136619637 284 101454 2
S 136641636 284 101453 2
S 136663635 284 101451 2
S 136685633 284 101452 2
S 136707632 284 101453 2
S 136729631 284 101450 2
S 136751629 284 101446 2
S 136773628 284 101453 2
S 136795626 284 101448 2
S 136817625 284 101455 2
S 136839624 284 101443 2
S 136861622 284 101455 2
S 136883621 284 101449 2
S 136905620 284 101449 2
S 136927618 284 101446 2
S 136949617 284 101449 2
S 136971615 284 101445 2
S 136993614 284 101448 2
S 137015613 284 101450 2
S 137037611 284 101443 2
S 137059610 284 101449 2
S 137081609 284 101455 2
S 137103607 284 101455 2
S 137125606 284 101452 2
S 137147604 284 101451 2
S 137169603 284 101454 2
S 137191602 284 101446 2
S 137213600 284 101448 2
S 137235599 284 101451 2
S 137257598 284 101452 2
S 137279596 284 101448 2
S 137301595 284 101450 2
S 137323593 284 101444 2
S 137345592 284 101455 2
S 137367591 284 101444 2
S 137389589 284 101439 2
S 137411588 284 101458 2
S 137433587 284 101445 2
S 137455585 284 101448 2
S 137477584 284 101453 2
S 137499582 284 101443 2
S 137521581 284 101453 2
S 137543580 284 101454 2
S 137565578 284 101441 2
S 137587577 284 101450 2
S 137609576 284 101449 2
S 137631574 284 101446 2
S 137653573 284 101449 2
S 137675571 284 101449 2
S 137697570 284 101446 2
S 137719569 284 101451 2
S 137741567 284 101446 2
S 137763566 284 101442 2
S 137785565 284 101445 2
S 137807563 284 101441 2
S 137829562 284 101446 2
S 137851560 284 101447 2
S 137873559 284 101443 2
S 137895558 284 101442 2
S 137917556 284 101451 2
S 137939555 284 101451 2
S 137961554 284 101446 2
S 137983552 284 101441 2
S 138005551 284 101448 2
S 138027549 284 101444 2
S 138049548 284 101446 2
S 138071547 284 101449 2
S 138093545 284 101448 2
S 138115544 284 101451 2
S 138137543 284 101451 2
S 138159541 284 101452 2
S 138181540 284 101449 2
S 138203538 284 101451 2
S 138225537 284 101443 2
S 138247536 284 101446 2
S 138269534 284 101438 2
S 138291533 284 101446 2
S 138313532 284 101448 2
S 138335530 284 101458 2
S 138357529 284 101445 2
S 138379527 284 101441 2
S 138401526 284 101447 2
S 138423525 284 101446 2
S 138445523 284 101445 2
S 138467522 284 101452 2
S 138489521 284 101449 2
S 138511519 284 101449 2
S 138533518 284 101455 2
S 138555516 284 101451 2
S 138577515 284 101454 2
S 138599514 284 101451 2
S 138621512 284 101445 2
S 138643511 284 101454 2
S 138665510 284 101443 2
S 138687508 284 101451 2
S 138709507 284 101441 2
S 138731505 284 101444 2
S 138753504 284 101451 2
S 138775503 284 101442 2
S 138797501 284 101440 2
S 138819500 284 101443 2
S 138841499 284 101444 2
S 138863497 284 101452 2
S 138885496 284 101451 2
S 138907494 284 101452 2
S 138929493 284 101449 2
S 138951492 284 101450 2
S 138973490 284 101451 2
S 138995489 284 101449 2
S 139017488 284 101452 2
S 139039486 284 101450 2
S 139061485 284 101458 2
S 139083483 284 101445 2
S 139105482 284 101452 2
S 139127481 284 101453 2
S 139149479 284 101453 2
S 139171478 284 101449 2
S 139193477 284 101449 2
S 139215475 284 101446 2
S 139237474 284 101449 2
S 139259472 284 101442 2
S 139281471 284 101444 2
S 139303470 284 101452 2
S 139325468 284 101453 2
S 139347467 284 101458 2
S 139369466 284 101452 2
S 139391464 284 101453 2
S 139413463 284 101453 2
S 139435461 284 101454 2
S 139457460 284 101448 2
S 139479459 284 101455 2
S 139501457 284 101455 2
S 139523456 284 101456 2
S 139545455 284 101452 2
S 139567453 284 101452 2
S 139589452 284 101450 2
S 139611450 284 101455 2
S 139633449 284 101449 2
S 139655448 284 101449 2
S 139677446 284 101449 2
S 139699445 284 101449 2
S 139721444 284 101452 2
S 139743442 284 101449 2
S 139765441 284 101453 2
S 139787439 284 101455 2
S 139809438 284 101448 2
S 139831437 284 101452 2
S 139853435 284 101452 2
S 139875434 284 101447 2
S 139897433 284 101450 2
S 139919431 284 101452 2
S 139941430 284 101448 2
S 139963428 284 101450 2
S 139985427 284 101445 2
S 140007426 284 101455 2
S 140029424 284 101447 2
S 140051423 284 101453 2
S 140073422 284 101458 2
S 140095420 284 101453 2
S 140117419 284 101455 2
S 140139417 284 101456 2
S 140161416 284 101449 2
S 140183415 284 101461 2
S 140205413 284 101461 2
S 140227412 284 101449 2
S 140249411 284 101455 2
S 140271409 284 101455 2
S 140293408 284 101457 2
S 140315406 284 101454 2
S 140337405 284 101455 2
S 140359404 284 101456 2
S 140381402 284 101456 2
S 140403401 284 101453 2
S 140425400 284 101446 2
S 140447398 284 101451 2
S 140469397 284 101455 2
S 140491395 284 101450 2
S 140513394 284 101453 2
S 140535393 284 101452 2
S 140557391 284 101451 2
S 140579390 284 101448 2
S 140601389 284 101452 2
S 140623387 284 101454 2
S 140645386 284 101453 2
S 140667384 284 101453 2
S 140689383 284 101454 2
S 140711382 284 101448 2
S 140733380 284 101450 2
S 140755379 284 101448 2
S 140777378 284 101446 2
S 140799376 284 101445 2
S 140821375 284 101451 2
S 140843373 284 101446 2
S 140865372 284 101446 2
S 140887371 284 101450 2
S 140909369 284 101448 2
S 140931368 284 101456 2
S 140953367 284 101454 2
S 140975365 284 101453 2
S 140997364 284 101455 2
S 141019362 284 101458 2
S 141041361 284 101447 2
S 141063360 284 101451 2
S 141085358 284 101451 2
S 141107357 284 101454 2
S 141129356 284 101458 2
S 141151354 284 101449 2
S 141173353 284 101458 2
S 141195351 284 101452 2
S 141217350 284 101456 2
S 141239349 284 101452 2
S 141261347 284 101453 2
S 141283346 284 101454 2
S 141305345 284 101452 2
S 141327343 284 101455 2
S 141349342 284 101453 2
S 141371340 284 101455 2
S 141393339 284 101453 2
S 141415338 284 101461 2
S 141437336 284 101461 2
S 141459335 285 101460 2
S 141481334 284 101457 2
S 141503332 284 101462 2
S 141525331 284 101455 2
S 141547329 284 101457 2
S 141569328 284 101453 2
S 141591327 284 101454 2
S 141613325 284 101448 2
S 141635324 284 101457 2
S 141657323 284 101456 2
S 141679321 284 101456 2
S 141701320 284 101456 2
S 141723318 284 101458 2
S 141745317 284 101461 2
S 141767316 284 101452 2
S 141789314 284 101452 2
S 141811313 284 101455 2
S 141833312 284 101457 2
S 141855310 284 101449 2
S 141877309 284 101457 2
S 141899307 284 101445 2
S 141921306 284 101452 2
S 141943305 285 101458 2
S 141965303 284 101452 2
S 141987302 284 101452 2
S 142009301 284 101452 2
S 142031299 284 101454 2
S 142053298 284 101458 2
S 142075296 284 101454 2
S 142097295 284 101448 2
S 142119294 284 101457 2
S 142141292 284 101455 2
S 142163291 284 101452 2
S 142185290 284 101451 2
S 142207288 284 101455 2
S 142229287 284 101448 2
S 142251285 284 101452 2
S 142273284 284 101451 2
S 142295283 284 101453 2
S 142317281 284 101449 2
S 142339280 284 101455 2
S 142361279 285 101455 2
S 142383277 284 101452 2
S 142405276 284 101455 2
S 142427274 284 101452 2
S 142449273 284 101448 2
S 142471272 284 101450 2
S 142493270 284 101454 2
S 142515269 284 101451 2
S 142537268 284 101454 2
S 142559266 284 101445 2
S 142581265 284 101449 2
S 142603263 284 101451 2
S 142625262 284 101445 2
S 142647261 284 101452 2
S 142669259 284 101455 2
S 142691258 284 101453 2
S 142713257 284 101457 2
S 142735255 284 101458 2
S 142757254 284 101454 2
S 142779252 284 101455 2
S 142801251 284 101450 2
S 142823250 284 101452 2
S 142845248 284 101449 2
S 142867247 284 101447 2
S 142889246 284 101452 2
S 142911244 284 101452 2
S 142933243 284 101456 2
S 142955241 284 101452 2
S 142977240 285 101456 2
S 142999239 285 101460 2
S 143021237 284 101452 2
S 143043236 284 101452 2
S 143065235 284 101453 2
S 143087233 284 101447 2
S 143109232 285 101458 2
S 143131230 284 101448 2
S 143153229 284 101449 2
S 143175228 284 101451 2
S 143197226 284 101452 2
S 143219225 285 101455 2
S 143241224 285 101459 2
S 143263222 285 101461 2
S 143285221 284 101454 2
S 143307219 284 101455 2
S 143329218 284 101455 2
S 143351217 285 101461 2
S 143373215 285 101461 2
S 143395214 285 101462 2
S 143417213 285 101461 2
S 143439211 284 101452 2
S 143461210 285 101454 2
S 143483208 285 101452 2
S 143505207 284 101453 2
S 143527206 284 101454 2
S 143549204 284 101452 2
S 143571203 285 101460 2
S 143593202 285 101462 2
S 143615200 285 101464 2
S 143637199 285 101463 2
S 143659197 284 101457 2
S 143681196 284 101452 2
S 143703195 284 101455 2
S 143725193 285 101459 2
S 143747192 284 101452 2
S 143769191 284 101455 2
S 143791189 284 101457 2
S 143813188 284 101452 2
S 143835186 284 101458 2
S 143857185 284 101455 2
S 143879184 284 101461 2
S 143901182 284 101457 2
S 143923181 284 101450 2
S 143945180 284 101448 2
S 143967178 284 101452 2
S 143989177 285 101465 2
S 144011175 284 101452 2
S 144033174 284 101458 2
S 144055173 284 101452 2
S 144077171 284 101458 2
S 144099170 284 101453 2
S 144121169 284 101452 2
S 144143167 284 101457 2
S 144165166 284 101454 2
S 144187164 284 101452 2
S 144209163 284 101446 2
S 144231162 284 101452 2
S 144253160 284 101465 2
S 144275159 284 101459 2
S 144297158 284 101462 2
S 144319156 285 101461 2
S 144341155 284 101458 2
S 144363153 284 101460 2
S 144385152 284 101458 2
S 144407151 284 101456 2
S 144429149 285 101464 2
S 144451148 284 101459 2
S 144473147 284 101463 2
S 144495145 284 101458 2
S 144517144 284 101461 2
S 144539142 284 101456 2
S 144561141 284 101458 2
S 144583140 284 101458 2
S 144605138 285 101463 2
S 144627137 284 101461 2
S 144649136 284 101458 2
S 144671134 284 101456 2
S 144693133 284 101463 2
S 144715131 284 101461 2
S 144737130 284 101455 2
S 144759129 284 101459 2
S 144781127 284 101461 2
S 144803126 284 101466 2
S 144825125 284 101466 2
S 144847123 284 101461 2
S 144869122 284 101463 2
S 144891120 284 101459 2
S 144913119 284 101461 2
S 144935118 284 101461 2
S 144957116 284 101461 2
S 144979115 284 101463 2
S 145001114 285 101468 2
S 145023112 285 101466 2
S 145045111 284 101458 2
S 145067109 284 101455 2
S 145089108 284 101455 2
S 145111107 284 101461 2
S 145133105 284 101461 2
S 145155104 285 101464 2
S 145177103 284 101456 2
S 145199101 284 101455 2
S 145221100 284 101464 2
S 145243098 284 101454 2
S 145265097 284 101454 2
S 145287096 285 101465 2
S 145309094 284 101457 2
S 145331093 284 101452 2
S 145353092 285 101458 2
S 145375090 284 101448 2
S 145397089 285 101463 2
S 145419087 285 101464 2
S 145441086 284 101461 2
S 145463085 284 101458 2
S 145485083 284 101461 2
S 145507082 284 101458 2
S 145529081 284 101461 2
S 145551079 284 101458 2
S 145573078 284 101456 2
S 145595076 285 101461 2
S 145617075 284 101455 2
S 145639074 284 101455 2
S 145661072 285 101462 2
S 145683071 285 101457 2
S 145705070 285 101464 2
S 145727068 285 101464 2
S 145749067 285 101459 2
S 145771065 284 101449 2
S 145793064 285 101454 2
S 145815063 285 101456 2
S 145837061 284 101449 2
S 145859060 285 101453 2
S 145881059 284 101447 2
S 145903057 285 101455 2
S 145925056 285 101458 2
S 145947054 284 101455 2
S 145969053 285 101459 2
S 145991052 285 101452 2
S 146013050 285 101456 2
S 146035049 285 101453 2
S 146057048 285 101452 2
S 146079046 285 101460 2
S 146101045 285 101454 2
S 146123043 285 101458 2
S 146145042 285 101452 2
S 146167041 285 101449 2
S 146189039 285 101453 2
S 146211038 285 101451 2
S 146233037 285 101455 2
S 146255035 285 101452 2
S 146277034 285 101451 2
S 146299032 285 101458 2
S 146321031 285 101458 2
S 146343030 285 101455 2
S 146365028 285 101452 2
S 146387027 285 101453 2
S 146409026 285 101449 2
S 146431024 285 101452 2
S 146453023 285 101453 2
S 146475021 285 101453 2
S 146497020 285 101455 2
S 146519019 285 101452 2
S 146541017 285 101452 2
S 146563016 285 101451 2
S 146585015 285 101452 2
S 146607013 285 101449 2
S 146629012 285 101452 2
S 146651010 285 101454 2
S 146673009 285 101450 2
S 146695008 285 101452 2
S 146717006 285 101462 2
S 146739005 285 101452 2
S 146761004 285 101453 2
S 146783002 285 101460 2
S 146805001 285 101458 2
S 146826999 285 101458 2
S 146848998 285 101458 2
S 146870997 285 101452 2
S 146892995 285 101460 2
S 146914994 285 101454 2
S 146936993 285 101449 2
S 146958991 285 101454 2
S 146980990 285 101455 2
S 147002988 285 101452 2
S 147024987 285 101454 2
S 147046986 285 101464 2
S 147068984 285 101455 2
S 147090983 285 101457 2
S 147112982 285 101449 2
S 147134980 285 101457 2
S 147156979 285 101459 2
S 147178977 285 101457 2
S 147200976 285 101457 2
S 147222975 285 101456 2
S 147244973 285 101454 2
S 147266972 285 101455 2
S 147288971 285 101455 2
S 147310969 285 101452 2
S 147332968 285 101452 2
S 147354966 285 101455 2
S 147376965 285 101458 2
S 147398964 285 101452 2
S 147420962 285 101459 2
S 147442961 285 101456 2
S 147464960 285 101452 2
S 147486958 285 101459 2
S 147508957 285 101461 2
S 147530955 285 101464 2
S 147552954 285 101464 2
S 147574953 285 101459 2
S 147596951 285 101459 2
S 147618950 285 101459 2
S 147640949 285 101455 2
S 147662947 285 101457 2
S 147684946 285 101449 2
S 147706944 285 101444 2
S 147728943 285 101452 2
S 147750942 285 101452 2
S 147772940 285 101455 2
S 147794939 285 101456 2
S 147816938 285 101455 2
S 147838936 285 101456 2
S 147860935 285 101452 2
S 147882933 285 101461 2
S 147904932 285 101466 2
S 147926931 285 101452 2
S 147948929 285 101461 2
S 147970928 285 101454 2
S 147992927 285 101455 2
S 148014925 285 101451 2
S 148036924 285 101451 2
S 148058922 285 101458 2
S 148080921 285 101451 2
S 148102920 285 101456 2
S 148124918 285 101454 2
S 148146917 285 101452 2
S 148168916 285 101455 2
S 148190914 285 101452 2
S 148212913 285 101458 2
S 148234911 285 101457 2
S 148256910 285 101455 2
S 148278909 285 101451 2
S 148300907 285 101447 2
S 148322906 285 101455 2
S 148344905 285 101454 2
S 148366903 285 101453 2
S 148388902 285 101455 2
S 148410900 285 101452 2
S 148432899 285 101456 2
S 148454898 285 101455 2
S 148476896 285 101457 2
S 148498895 285 101458 2
S 148520894 285 101456 2
S 148542892 285 101452 2
S 148564891 285 101465 2
S 148586889 285 101459 2
S 148608888 285 101452 2
S 148630887 285 101456 2
S 148652885 285 101452 2
S 148674884 285 101452 2
S 148696883 285 101453 2
S 148718881 285 101451 2
S 148740880 285 101449 2
S 148762878 285 101451 2
S 148784877 285 101448 2
S 148806876 285 101450 2
S 148828874 285 101452 2
S 148850873 285 101452 2
S 148872872 285 101460 2
S 148894870 285 101456 2
S 148916869 285 101454 2
S 148938867 285 101452 2
S 148960866 285 101453 2
S 148982865 285 101447 2
S 149004863 285 101451 2
S 149026862 285 101454 2
S 149048861 285 101452 2
S 149070859 285 101453 2
S 149092858 285 101455 2
S 149114856 285 101456 2
S 149136855 285 101455 2
S 149158854 285 101461 2
S 149180852 285 101455 2
S 149202851 285 101449 2
S 149224850 285 101445 2
S 149246848 285 101452 2
S 149268847 285 101449 2
S 149290845 285 101448 2
S 149312844 285 101449 2
S 149334843 285 101449 2
S 149356841 285 101455 2
S 149378840 285 101449 2
S 149400839 285 101452 2
S 149422837 285 101451 2
S 149444836 285 101449 2
S 149466834 285 101450 2
S 149488833 285 101449 2
S 149510832 285 101446 2
S 149532830 285 101452 2
S 149554829 285 101457 2
S 149576828 285 101452 2
S 149598826 285 101460 2
S 149620825 285 101463 2
S 149642823 285 101464 2
S 149664822 285 101461 2
S 149686821 285 101446 2
S 149708819 285 101455 2
S 149730818 285 101447 2
S 149752817 285 101452 2
S 149774815 285 101455 2
S 149796814 285 101454 2
S 149818812 285 101463 2
S 149840811 285 101454 2
S 149862810 285 101456 2
S 149884808 285 101454 2
S 149906807 285 101452 2
S 149928806 285 101452 2
S 149950804 285 101454 2
S 149972803 285 101449 2
S 149994801 285 101452 2
S 150016800 285 101451 2
S 150038799 285 101458 2
S 150060797 285 101452 2
S 150082796 285 101451 2
S 150104795 285 101452 2
S 150126793 285 101452 2
S 150148792 285 101449 2
S 150170790 285 101452 2
S 150192789 285 101451 2
