# capture_start_utc=2026-08-03T22:36:01Z
S 4107915413 298 101698 2
S 4107935412 298 101698 2
S 4107955411 298 101702 2
S 4107975410 298 101703 2
S 4107995408 298 101701 2
S 4108015407 298 101703 2
S 4108035406 298 101712 2
[[DEBUG]] Starting [[SENSOR TASK]]
[SELFTEST] compensate: T=150 (exp 150)  P=69964 (exp 69964)  -> PASS
[[DEBUG]] BMP180 registered on /dev/bmp180-0
#BMP180 v1 fw=1.1.0 temp_ms=0
S 65170 298 101710 0
S 76169 298 101701 0
S 87169 298 101692 0
S 98168 298 101701 0
S 109167 298 101698 0
S 120167 298 101710 0
S 131166 298 101707 0
S 142165 298 101701 0
S 153164 298 101704 0
S 164164 298 101704 0
S 175163 298 101704 0
S 186162 298 101707 0
S 197162 298 101707 0
S 208161 298 101701 0
S 219160 298 101704 0
S 230160 298 101698 0
S 241159 298 101701 0
S 252158 298 101704 0
S 263158 298 101704 0
S 274157 298 101704 0
S 285156 298 101698 0
S 296156 298 101698 0
S 307155 298 101707 0
S 318154 298 101710 0
S 329153 298 101710 0
S 340153 298 101710 0
S 351152 298 101710 0
S 362151 298 101704 0
S 373151 298 101707 0
S 384150 298 101710 0
S 395149 298 101707 0
S 406149 298 101704 0
S 417148 298 101701 0
S 428147 298 101710 0
S 439147 298 101704 0
S 450146 298 101704 0
S 461145 298 101701 0
S 472145 298 101701 0
S 483144 298 101701 0
S 494143 298 101698 0
S 505142 298 101686 0
S 516142 298 101701 0
S 527141 298 101713 0
S 538140 298 101698 0
S 549140 298 101695 0
S 560139 298 101701 0
S 571138 298 101701 0
S 582138 298 101704 0
S 593137 298 101701 0
S 604136 298 101695 0
S 615136 298 101707 0
S 626135 298 101701 0
S 637134 298 101701 0
S 648134 298 101701 0
S 659133 298 101698 0
S 670132 298 101701 0
S 681131 298 101707 0
S 692131 298 101701 0
S 703130 298 101701 0
S 714129 298 101701 0
S 725129 298 101701 0
S 736128 298 101692 0
S 747127 298 101698 0
S 758127 298 101701 0
S 769126 298 101698 0
S 780125 298 101707 0
S 791125 298 101692 0
S 802124 298 101704 0
S 813123 298 101704 0
S 824123 298 101704 0
S 835122 298 101695 0
S 846121 298 101698 0
S 857120 298 101683 0
S 868120 298 101704 0
S 879119 298 101707 0
S 890118 298 101698 0
S 901118 298 101698 0
S 912117 298 101701 0
S 923116 298 101701 0
S 934116 298 101701 0
S 945115 298 101701 0
S 956114 298 101704 0
S 967114 298 101698 0
S 978113 298 101701 0
S 989112 298 101710 0
S 1000112 298 101710 0
S 1011111 298 101701 0
S 1022110 298 101707 0
S 1033109 298 101686 0
S 1044109 298 101689 0
S 1055108 298 101692 0
S 1066107 298 101698 0
S 1077107 298 101701 0
S 1088106 298 101701 0
S 1099105 298 101701 0
S 1110105 298 101704 0
S 1121104 298 101701 0
S 1132103 298 101698 0
S 1143103 298 101701 0
S 1154102 298 101698 0
S 1165101 298 101704 0
S 1176101 298 101701 0
S 1187100 298 101701 0
S 1198099 298 101701 0
S 1209098 298 101701 0
S 1220098 298 101710 0
S 1231097 298 101704 0
S 1242096 298 101701 0
S 1253096 298 101704 0
S 1264095 298 101704 0
S 1275094 298 101710 0
S 1286094 298 101707 0
S 1297093 298 101707 0
S 1308092 298 101707 0
S 1319092 298 101707 0
S 1330091 298 101707 0
S 1341090 298 101701 0
S 1352090 298 101701 0
S 1363089 298 101704 0
S 1374088 298 101707 0
S 1385087 298 101701 0
S 1396087 298 101704 0
S 1407086 298 101698 0
S 1418085 298 101704 0
S 1429085 298 101710 0
S 1440084 298 101701 0
S 1451083 298 101707 0
S 1462083 298 101707 0
S 1473082 298 101701 0
S 1484081 298 101698 0
S 1495081 298 101701 0
S 1506080 298 101698 0
S 1517079 298 101707 0
S 1528079 298 101707 0
S 1539078 298 101710 0
S 1550077 298 101704 0
S 1561076 298 101704 0
S 1572076 298 101701 0
S 1583075 298 101713 0
S 1594074 298 101710 0
S 1605074 298 101713 0
S 1616073 298 101701 0
S 1627072 298 101704 0
S 1638072 298 101704 0
S 1649071 298 101704 0
S 1660070 298 101698 0
S 1671070 298 101710 0
S 1682069 298 101710 0
S 1693068 298 101701 0
S 1704068 298 101707 0
S 1715067 298 101701 0
S 1726066 298 101695 0
S 1737065 298 101701 0
S 1748065 298 101701 0
S 1759064 298 101707 0
S 1770063 298 101704 0
S 1781063 298 101713 0
S 1792062 298 101707 0
S 1803061 298 101698 0
S 1814061 298 101704 0
S 1825060 298 101701 0
S 1836059 298 101707 0
S 1847059 298 101704 0
S 1858058 298 101701 0
S 1869057 298 101707 0
S 1880057 298 101704 0
S 1891056 298 101704 0
S 1902055 298 101698 0
S 1913054 298 101692 0
S 1924054 298 101707 0
S 1935053 298 101707 0
S 1946052 298 101698 0
S 1957052 298 101698 0
S 1968051 298 101710 0
S 1979050 298 101686 0
S 1990050 298 101701 0
S 2001050 298 101704 0
S 2012048 298 101710 0
S 2023048 298 101701 0
S 2034047 298 101704 0
S 2045046 298 101701 0
S 2056046 298 101698 0
S 2067045 298 101692 0
S 2078044 298 101701 0
S 2089043 298 101698 0
S 2100043 298 101704 0
S 2111042 298 101701 0
S 2122041 298 101704 0
S 2133041 298 101710 0
S 2144040 298 101701 0
S 2155039 298 101701 0
S 2166039 298 101701 0
S 2177038 298 101701 0
S 2188037 298 101710 0
S 2199037 298 101698 0
S 2210036 298 101707 0
S 2221035 298 101704 0
S 2232035 298 101698 0
S 2243034 298 101686 0
S 2254033 298 101701 0
S 2265032 298 101707 0
S 2276032 298 101704 0
S 2287031 298 101704 0
S 2298030 298 101707 0
S 2309030 298 101698 0
S 2320029 298 101707 0
S 2331028 298 101710 0
S 2342028 298 101701 0
S 2353027 298 101704 0
S 2364026 298 101704 0
S 2375026 298 101701 0
S 2386025 298 101707 0
S 2397024 298 101704 0
S 2408024 298 101701 0
S 2419023 298 101707 0
S 2430022 298 101704 0
S 2441021 298 101701 0
S 2452021 298 101710 0
S 2463020 298 101707 0
S 2474019 298 101704 0
S 2485019 298 101710 0
S 2496018 298 101701 0
S 2507017 298 101707 0
S 2518017 298 101701 0
S 2529016 298 101695 0
S 2540015 298 101704 0
S 2551015 298 101704 0
S 2562014 298 101707 0
S 2573013 298 101704 0
S 2584013 298 101704 0
S 2595012 298 101704 0
S 2606011 298 101707 0
S 2617010 298 101707 0
S 2628010 298 101701 0
S 2639009 298 101704 0
S 2650008 298 101701 0
S 2661008 298 101704 0
S 2672007 298 101701 0
S 2683006 298 101698 0
S 2694006 298 101698 0
S 2705005 298 101701 0
S 2716004 298 101692 0
S 2727004 298 101704 0
S 2738003 298 101692 0
S 2749002 298 101692 0
S 2760002 298 101692 0
S 2771001 298 101692 0
S 2782000 298 101701 0
S 2792999 298 101701 0
S 2803999 298 101701 0
S 2814998 298 101692 0
S 2825997 298 101698 0
S 2836997 298 101704 0
S 2847996 298 101707 0
S 2858995 298 101704 0
S 2869995 298 101701 0
S 2880994 298 101704 0
S 2891993 298 101704 0
S 2902993 298 101704 0
S 2913992 298 101707 0
S 2924991 298 101707 0
S 2935991 298 101701 0
S 2946990 298 101704 0
S 2957989 298 101701 0
S 2968988 298 101698 0
S 2979988 298 101701 0
S 2990987 298 101701 0
S 3001986 298 101698 0
S 3012986 298 101701 0
S 3023985 298 101698 0
S 3034984 298 101701 0
S 3045984 298 101710 0
S 3056983 298 101692 0
S 3067982 298 101704 0
S 3078982 298 101704 0
S 3089981 298 101704 0
S 3100980 298 101710 0
S 3111980 298 101695 0
S 3122979 298 101704 0
S 3133978 298 101707 0
S 3144977 298 101704 0
S 3155977 298 101692 0
S 3166976 298 101701 0
S 3177975 298 101701 0
S 3188975 298 101704 0
S 3199974 298 101701 0
S 3210973 298 101701 0
S 3221973 298 101704 0
S 3232972 298 101704 0
S 3243971 298 101701 0
S 3254971 298 101704 0
S 3265970 298 101704 0
S 3276969 298 101710 0
S 3287969 298 101698 0
S 3298968 298 101698 0
S 3309967 298 101710 0
S 3320966 298 101701 0
S 3331966 298 101704 0
S 3342965 298 101701 0
S 3353964 298 101713 0
S 3364964 298 101713 0
S 3375963 298 101698 0
S 3386962 298 101713 0
S 3397962 298 101713 0
S 3408961 298 101707 0
S 3419960 298 101707 0
S 3430960 298 101707 0
S 3441959 298 101698 0
S 3452958 298 101695 0
S 3463958 298 101701 0
S 3474957 298 101695 0
S 3485956 298 101704 0
S 3496955 298 101692 0
S 3507955 298 101704 0
S 3518954 298 101695 0
S 3529953 298 101704 0
S 3540953 298 101701 0
S 3551952 298 101692 0
S 3562951 298 101704 0
S 3573951 298 101701 0
S 3584950 298 101692 0
S 3595949 298 101710 0
S 3606949 298 101698 0
S 3617948 298 101695 0
S 3628947 298 101695 0
S 3639947 298 101701 0
S 3650946 298 101692 0
S 3661945 298 101704 0
S 3672944 298 101701 0
S 3683944 298 101698 0
S 3694943 298 101701 0
S 3705942 298 101692 0
S 3716942 298 101701 0
S 3727941 298 101695 0
S 3738940 298 101704 0
S 3749940 298 101698 0
S 3760939 298 101704 0
S 3771938 298 101686 0
S 3782938 298 101707 0
S 3793937 298 101704 0
S 3804936 298 101704 0
S 3815936 298 101698 0
S 3826935 298 101698 0
S 3837934 298 101695 0
S 3848933 298 101698 0
S 3859933 298 101692 0
S 3870932 298 101695 0
S 3881931 298 101695 0
S 3892931 298 101704 0
S 3903930 298 101704 0
S 3914929 298 101704 0
S 3925929 298 101689 0
S 3936928 298 101689 0
S 3947927 298 101698 0
S 3958927 298 101692 0
S 3969926 298 101692 0
S 3980925 298 101701 0
S 3991925 298 101689 0
S 4002924 298 101713 0
S 4013923 298 101701 0
S 4024922 298 101695 0
S 4035922 298 101704 0
S 4046921 298 101707 0
S 4057920 298 101704 0
S 4068920 298 101695 0
S 4079919 298 101701 0
S 4090918 298 101701 0
S 4101918 298 101704 0
S 4112917 298 101695 0
S 4123916 298 101701 0
S 4134916 298 101701 0
S 4145915 298 101704 0
S 4156914 298 101701 0
S 4167914 298 101692 0
S 4178913 298 101701 0
S 4189912 298 101698 0
S 4200911 298 101707 0
S 4211911 298 101707 0
S 4222910 298 101707 0
S 4233909 298 101695 0
S 4244909 298 101695 0
S 4255908 298 101704 0
S 4266907 298 101698 0
S 4277907 298 101701 0
S 4288906 298 101710 0
S 4299905 298 101701 0
S 4310905 298 101710 0
S 4321904 298 101701 0
S 4332903 298 101710 0
S 4343903 298 101704 0
S 4354902 298 101698 0
S 4365901 298 101698 0
S 4376900 298 101692 0
S 4387900 298 101692 0
S 4398899 298 101692 0
S 4409898 298 101707 0
S 4420898 298 101695 0
S 4431897 298 101707 0
S 4442896 298 101695 0
S 4453896 298 101692 0
S 4464895 298 101698 0
S 4475894 298 101707 0
S 4486894 298 101713 0
S 4497893 298 101695 0
S 4508892 298 101698 0
S 4519892 298 101710 0
S 4530891 298 101701 0
S 4541890 298 101692 0
S 4552889 298 101698 0
S 4563889 298 101701 0
S 4574888 298 101695 0
S 4585887 298 101695 0
S 4596887 298 101695 0
S 4607886 298 101689 0
S 4618885 298 101686 0
S 4629885 298 101710 0
S 4640884 298 101707 0
S 4651883 298 101701 0
S 4662883 298 101695 0
S 4673882 298 101701 0
S 4684881 298 101710 0
S 4695881 298 101695 0
S 4706880 298 101701 0
S 4717879 298 101707 0
S 4728878 298 101710 0
S 4739878 298 101698 0
S 4750877 298 101704 0
S 4761876 298 101710 0
S 4772876 298 101704 0
S 4783875 298 101710 0
S 4794874 298 101707 0
S 4805874 298 101698 0
S 4816873 298 101707 0
S 4827872 298 101695 0
S 4838872 298 101698 0
S 4849871 298 101710 0
S 4860870 298 101710 0
S 4871870 298 101701 0
S 4882869 298 101704 0
S 4893868 298 101710 0
S 4904867 298 101701 0
S 4915867 298 101692 0
S 4926866 298 101692 0
S 4937865 298 101707 0
S 4948865 298 101695 0
S 4959864 298 101686 0
S 4970863 298 101695 0
S 4981863 298 101695 0
S 4992862 298 101704 0
S 5003861 298 101704 0
S 5014861 298 101695 0
S 5025860 298 101695 0
S 5036859 298 101707 0
S 5047859 298 101707 0
S 5058858 298 101692 0
S 5069857 298 101707 0
S 5080856 298 101695 0
S 5091856 298 101698 0
S 5102855 298 101710 0
S 5113854 298 101707 0
S 5124854 298 101701 0
S 5135853 298 101704 0
S 5146852 298 101701 0
S 5157852 298 101713 0
S 5168851 298 101698 0
S 5179850 298 101701 0
S 5190850 298 101704 0
S 5201849 298 101707 0
S 5212848 298 101698 0
S 5223848 298 101707 0
S 5234847 298 101701 0
S 5245846 298 101698 0
S 5256845 298 101704 0
S 5267845 298 101701 0
S 5278844 298 101695 0
S 5289843 298 101704 0
S 5300843 298 101698 0
S 5311842 298 101695 0
S 5322841 298 101707 0
S 5333841 298 101710 0
S 5344840 298 101698 0
S 5355839 298 101701 0
S 5366839 298 101713 0
S 5377838 298 101701 0
S 5388837 298 101710 0
S 5399837 298 101698 0
S 5410836 298 101692 0
S 5421835 298 101704 0
S 5432834 298 101707 0
S 5443834 298 101710 0
S 5454833 298 101707 0
S 5465832 298 101704 0
S 5476832 298 101704 0
S 5487831 298 101710 0
S 5498830 298 101701 0
S 5509830 298 101704 0
S 5520829 298 101701 0
S 5531828 298 101701 0
S 5542828 298 101701 0
S 5553827 298 101716 0
S 5609823 298 101704 1
S 5623823 298 101710 1
S 5637822 298 101697 1
S 5651821 298 101695 1
S 5665820 298 101710 1
S 5679819 298 101689 1
S 5693818 298 101697 1
S 5707817 298 101689 1
S 5721816 298 101703 1
S 5735816 298 101704 1
S 5749815 298 101694 1
S 5763814 298 101695 1
S 5777813 298 101695 1
S 5791812 298 101701 1
S 5805811 298 101694 1
S 5819810 298 101698 1
S 5833809 298 101700 1
S 5847809 298 101701 1
S 5861808 298 101704 1
S 5875807 298 101703 1
S 5889806 298 101709 1
S 5903805 298 101707 1
S 5917804 298 101700 1
S 5931803 298 101701 1
S 5945802 298 101703 1
S 5959802 298 101701 1
S 5973801 298 101700 1
S 5987800 298 101700 1
S 6001799 298 101698 1
S 6015798 298 101698 1
S 6029797 298 101698 1
S 6043796 298 101697 1
S 6057795 298 101695 1
S 6071795 298 101700 1
S 6085794 298 101695 1
S 6099793 298 101701 1
S 6113792 298 101694 1
S 6127791 298 101703 1
S 6141790 298 101697 1
S 6155789 298 101695 1
S 6169788 298 101697 1
S 6183788 298 101697 1
S 6197787 298 101700 1
S 6211786 298 101703 1
S 6225785 298 101701 1
S 6239784 298 101697 1
S 6253783 298 101697 1
S 6267782 298 101703 1
S 6281781 298 101703 1
S 6295781 298 101704 1
S 6309780 298 101697 1
S 6323779 298 101694 1
S 6337778 298 101701 1
S 6351777 298 101692 1
S 6365776 298 101692 1
S 6379775 298 101707 1
S 6393774 298 101701 1
S 6407774 298 101698 1
S 6421773 298 101697 1
S 6435772 298 101695 1
S 6449771 298 101707 1
S 6463770 298 101698 1
S 6477769 298 101695 1
S 6491768 298 101695 1
S 6505767 298 101703 1
S 6519767 298 101701 1
S 6533766 298 101697 1
S 6547765 298 101700 1
S 6561764 298 101688 1
S 6575763 298 101697 1
S 6589762 298 101698 1
S 6603761 298 101694 1
S 6617760 298 101703 1
S 6631760 298 101700 1
S 6645759 298 101695 1
S 6659758 298 101698 1
S 6673757 298 101703 1
S 6687756 298 101700 1
S 6701755 298 101697 1
S 6715754 298 101697 1
S 6729753 298 101688 1
S 6743753 298 101685 1
S 6757752 298 101697 1
S 6771751 298 101695 1
S 6785750 298 101698 1
S 6799749 298 101700 1
S 6813748 298 101703 1
S 6827747 298 101700 1
S 6841746 298 101709 1
S 6855746 298 101697 1
S 6869745 298 101698 1
S 6883744 298 101700 1
S 6897743 298 101704 1
S 6911742 298 101703 1
S 6925741 298 101700 1
S 6939740 298 101700 1
S 6953739 298 101697 1
S 6967739 298 101695 1
S 6981738 298 101697 1
S 6995737 298 101695 1
S 7009736 298 101697 1
S 7023735 298 101700 1
S 7037734 298 101698 1
S 7051733 298 101698 1
S 7065732 298 101698 1
S 7079732 298 101712 1
S 7093731 298 101710 1
S 7107730 298 101701 1
S 7121729 298 101709 1
S 7135728 298 101697 1
S 7149727 298 101698 1
S 7163726 298 101695 1
S 7177725 298 101694 1
S 7191725 298 101698 1
S 7205724 298 101698 1
S 7219723 298 101692 1
S 7233722 298 101700 1
S 7247721 298 101697 1
S 7261720 298 101704 1
S 7275719 298 101697 1
S 7289718 298 101695 1
S 7303718 298 101695 1
S 7317717 298 101698 1
S 7331716 298 101701 1
S 7345715 298 101694 1
S 7359714 298 101694 1
S 7373713 298 101706 1
S 7387712 298 101694 1
S 7401711 298 101695 1
S 7415711 298 101700 1
S 7429710 298 101694 1
S 7443709 298 101701 1
S 7457708 298 101694 1
S 7471707 298 101692 1
S 7485706 298 101695 1
S 7499705 298 101695 1
S 7513704 298 101688 1
S 7527704 298 101700 1
S 7541703 298 101695 1
S 7555702 298 101692 1
S 7569701 298 101688 1
S 7583700 298 101691 1
S 7597699 298 101704 1
S 7611698 298 101691 1
S 7625697 298 101701 1
S 7639697 298 101697 1
S 7653696 298 101697 1
S 7667695 298 101706 1
S 7681694 298 101701 1
S 7695693 298 101706 1
S 7709692 298 101701 1
S 7723691 298 101703 1
S 7737690 298 101707 1
S 7751690 298 101706 1
S 7765689 298 101700 1
S 7779688 298 101695 1
S 7793687 298 101697 1
S 7807686 298 101700 1
S 7821685 298 101692 1
S 7835684 298 101698 1
S 7849683 298 101694 1
S 7863683 298 101704 1
S 7877682 298 101694 1
S 7891681 298 101701 1
S 7905680 298 101706 1
S 7919679 298 101710 1
S 7933678 298 101697 1
S 7947677 298 101691 1
S 7961676 298 101691 1
S 7975676 298 101689 1
S 7989675 298 101697 1
S 8003674 298 101697 1
S 8017673 298 101698 1
S 8031672 298 101697 1
S 8045671 298 101692 1
S 8059670 298 101704 1
S 8073669 298 101703 1
S 8087669 298 101698 1
S 8101668 298 101703 1
S 8115667 298 101698 1
S 8129666 298 101700 1
S 8143665 298 101707 1
S 8157664 298 101703 1
S 8171663 298 101703 1
S 8185662 298 101701 1
S 8199662 298 101691 1
S 8213661 298 101700 1
S 8227660 298 101698 1
S 8241659 298 101688 1
S 8255658 298 101706 1
S 8269657 298 101700 1
S 8283656 298 101706 1
S 8297655 298 101695 1
S 8311655 298 101703 1
S 8325654 298 101701 1
S 8339653 298 101703 1
S 8353652 298 101698 1
S 8367651 298 101695 1
S 8381650 298 101695 1
S 8395649 298 101694 1
S 8409648 298 101694 1
S 8423648 298 101704 1
S 8437647 298 101701 1
S 8451646 298 101703 1
S 8465645 298 101703 1
S 8479644 298 101700 1
S 8493643 298 101697 1
S 8507642 298 101700 1
S 8521641 298 101704 1
S 8535641 298 101701 1
S 8549640 298 101698 1
S 8563639 298 101692 1
S 8577638 298 101698 1
S 8591637 298 101697 1
S 8605636 298 101707 1
S 8619635 298 101694 1
S 8633634 298 101704 1
S 8647634 298 101700 1
S 8661633 298 101703 1
S 8675632 298 101701 1
S 8689631 298 101700 1
S 8703630 298 101703 1
S 8717629 298 101703 1
S 8731628 298 101701 1
S 8745627 298 101704 1
S 8759627 298 101709 1
S 8773626 298 101704 1
S 8787625 298 101698 1
S 8801624 298 101695 1
S 8815623 298 101697 1
S 8829622 298 101695 1
S 8843621 298 101704 1
S 8857620 298 101709 1
S 8871620 298 101706 1
S 8885619 298 101707 1
S 8899618 298 101704 1
S 8913617 298 101701 1
S 8927616 298 101701 1
S 8941615 298 101698 1
S 8955614 298 101698 1
S 8969613 298 101701 1
S 8983613 298 101700 1
S 8997612 298 101706 1
S 9011611 298 101703 1
S 9025610 298 101703 1
S 9039609 298 101706 1
S 9053608 298 101700 1
S 9067607 298 101691 1
S 9081606 298 101706 1
S 9095606 298 101707 1
S 9109605 298 101700 1
S 9123604 298 101701 1
S 9137603 298 101703 1
S 9151602 298 101704 1
S 9165601 298 101697 1
S 9179600 298 101704 1
S 9193599 298 101701 1
S 9207599 298 101703 1
S 9221598 298 101706 1
S 9235597 298 101700 1
S 9249596 298 101698 1
S 9263595 298 101697 1
S 9277594 298 101697 1
S 9291593 298 101697 1
S 9305592 298 101697 1
S 9319592 298 101697 1
S 9333591 298 101700 1
S 9347590 298 101700 1
S 9361589 298 101695 1
S 9375588 298 101704 1
S 9389587 298 101698 1
S 9403586 298 101706 1
S 9417585 298 101703 1
S 9431585 298 101700 1
S 9445584 298 101701 1
S 9459583 298 101709 1
S 9473582 298 101704 1
S 9487581 298 101700 1
S 9501580 298 101700 1
S 9515579 298 101707 1
S 9529578 298 101700 1
S 9543578 298 101694 1
S 9557577 298 101704 1
S 9571576 298 101710 1
S 9585575 298 101703 1
S 9599574 298 101706 1
S 9613573 298 101709 1
S 9627572 298 101701 1
S 9641571 298 101707 1
S 9655571 298 101703 1
S 9669570 298 101710 1
S 9683569 298 101698 1
S 9697568 298 101694 1
S 9711567 298 101700 1
S 9725566 298 101700 1
S 9739565 298 101700 1
S 9753564 298 101709 1
S 9767564 298 101700 1
S 9781563 298 101704 1
S 9795562 298 101697 1
S 9809561 298 101703 1
S 9823560 298 101695 1
S 9837559 298 101701 1
S 9851558 298 101706 1
S 9865557 298 101694 1
S 9879557 298 101697 1
S 9893556 298 101685 1
S 9907555 298 101697 1
S 9921554 298 101694 1
S 9935553 298 101701 1
S 9949552 298 101694 1
S 9963551 298 101701 1
S 9977550 298 101700 1
S 9991550 298 101701 1
S 10005549 298 101706 1
S 10019548 298 101697 1
S 10033547 298 101695 1
S 10047546 298 101695 1
S 10061545 298 101697 1
S 10075544 298 101700 1
S 10089543 298 101700 1
S 10103543 298 101697 1
S 10117542 298 101701 1
S 10131541 298 101698 1
S 10145540 298 101697 1
S 10159539 298 101706 1
S 10173538 298 101698 1
S 10187537 298 101706 1
S 10201536 298 101703 1
S 10215536 298 101692 1
S 10229535 298 101700 1
S 10243534 298 101704 1
S 10257533 298 101704 1
S 10271532 298 101706 1
S 10285531 298 101701 1
S 10299530 298 101700 1
S 10313529 298 101706 1
S 10327529 298 101697 1
S 10341528 298 101707 1
S 10355527 298 101701 1
S 10369526 298 101697 1
S 10383525 298 101700 1
S 10397524 298 101707 1
S 10411523 298 101703 1
S 10425522 298 101698 1
S 10439522 298 101704 1
S 10453521 298 101704 1
S 10467520 298 101695 1
S 10481519 298 101703 1
S 10495518 298 101692 1
S 10509517 298 101698 1
S 10523516 298 101703 1
S 10537515 298 101700 1
S 10551515 298 101701 1
S 10565514 298 101697 1
S 10579513 298 101697 1
S 10593512 298 101697 1
S 10607511 298 101706 1
S 10621510 298 101695 1
S 10635509 298 101697 1
S 10649508 298 101698 1
S 10663508 298 101709 1
S 10677507 298 101700 1
S 10691506 298 101704 1
S 10705505 298 101704 1
S 10719504 298 101704 1
S 10733503 298 101700 1
S 10747502 298 101706 1
S 10761501 298 101697 1
S 10775501 298 101707 1
S 10789500 298 101704 1
S 10803499 298 101704 1
S 10817498 298 101703 1
S 10831497 298 101710 1
S 10845496 298 101709 1
S 10859495 298 101697 1
S 10873494 298 101704 1
S 10887494 298 101698 1
S 10901493 298 101694 1
S 10915492 298 101704 1
S 10929491 298 101695 1
S 10943490 298 101691 1
S 10957489 298 101700 1
S 10971488 298 101706 1
S 10985487 298 101698 1
S 10999487 298 101701 1
S 11013486 298 101706 1
S 11027485 298 101697 1
S 11041484 298 101707 1
S 11055483 298 101697 1
S 11069482 298 101700 1
S 11083481 298 101703 1
S 11097480 298 101698 1
S 11111480 298 101698 1
S 11125479 298 101697 1
S 11139478 298 101698 1
S 11153477 298 101697 1
S 11167476 298 101701 1
S 11181475 298 101703 1
S 11195474 298 101698 1
S 11209473 298 101694 1
S 11223473 298 101703 1
S 11237472 298 101701 1
S 11251471 298 101700 1
S 11265470 298 101698 1
S 11279469 298 101697 1
S 11293468 298 101703 1
S 11307467 298 101704 1
S 11321466 298 101697 1
S 11335466 298 101692 1
S 11349465 298 101695 1
S 11363464 298 101701 1
S 11377463 298 101698 1
S 11391462 298 101700 1
S 11405461 298 101703 1
S 11419460 298 101698 1
S 11433459 298 101700 1
S 11447459 298 101697 1
S 11461458 298 101694 1
S 11475457 298 101695 1
S 11489456 298 101692 1
S 11503455 298 101694 1
S 11517454 298 101694 1
S 11531453 298 101694 1
S 11545452 298 101694 1
S 11559452 298 101700 1
S 11573451 298 101694 1
S 11587450 298 101695 1
S 11601449 298 101698 1
S 11615448 298 101697 1
S 11629447 298 101697 1
S 11643446 298 101695 1
S 11657445 298 101695 1
S 11671445 298 101692 1
S 11685444 298 101692 1
S 11699443 298 101700 1
S 11713442 298 101697 1
S 11727441 298 101697 1
S 11741440 298 101703 1
S 11755439 298 101704 1
S 11769438 298 101700 1
S 11783438 298 101691 1
S 11797437 298 101697 1
S 11811436 298 101695 1
S 11825435 298 101692 1
S 11839434 298 101695 1
S 11853433 298 101697 1
S 11867432 298 101694 1
S 11881431 298 101694 1
S 11895431 298 101692 1
S 11909430 298 101700 1
S 11923429 298 101694 1
S 11937428 298 101695 1
S 11951427 298 101695 1
S 11965426 298 101697 1
S 11979425 298 101698 1
S 11993424 298 101694 1
S 12007424 298 101695 1
S 12021423 298 101704 1
S 12035422 298 101697 1
S 12049421 298 101698 1
S 12063420 298 101695 1
S 12077419 298 101697 1
S 12091418 298 101704 1
S 12105417 298 101697 1
S 12119417 298 101698 1
S 12133416 298 101703 1
S 12147415 298 101697 1
S 12161414 298 101694 1
S 12175413 298 101695 1
S 12189412 298 101697 1
S 12203411 298 101697 1
S 12217410 298 101697 1
S 12231410 298 101694 1
S 12245409 298 101697 1
S 12259408 298 101701 1
S 12273407 298 101695 1
S 12287406 298 101691 1
S 12301405 298 101694 1
S 12315404 298 101695 1
S 12329403 298 101701 1
S 12343403 298 101694 1
S 12357402 298 101698 1
S 12371401 298 101698 1
S 12385400 298 101707 1
S 12399399 298 101700 1
S 12413398 298 101692 1
S 12427397 298 101694 1
S 12441396 298 101706 1
S 12455396 298 101697 1
S 12469395 298 101703 1
S 12483394 298 101694 1
S 12497393 298 101697 1
S 12511392 298 101704 1
S 12525391 298 101694 1
S 12539390 298 101697 1
S 12553389 298 101701 1
S 12567389 298 101695 1
S 12581388 298 101697 1
S 12595387 298 101703 1
S 12675382 298 101693 2
S 12695381 298 101695 2
S 12715379 298 101692 2
S 12735378 298 101695 2
S 12755377 298 101698 2
S 12775376 298 101704 2
S 12795374 298 101707 2
S 12815373 298 101712 2
S 12835372 298 101709 2
S 12855371 298 101705 2
S 12875369 298 101695 2
S 12895368 298 101704 2
S 12915367 298 101695 2
S 12935366 298 101697 2
S 12955364 298 101706 2
S 12975363 298 101710 2
S 12995362 298 101708 2
S 13015361 298 101707 2
S 13035359 298 101697 2
S 13055358 298 101702 2
S 13075357 298 101706 2
S 13095356 298 101692 2
S 13115354 298 101703 2
S 13135353 298 101698 2
S 13155352 298 101695 2
S 13175351 298 101702 2
S 13195349 298 101703 2
S 13215348 298 101707 2
S 13235347 298 101707 2
S 13255346 298 101701 2
S 13275344 298 101704 2
S 13295343 298 101701 2
S 13315342 298 101701 2
S 13335341 298 101704 2
S 13355339 298 101708 2
S 13375338 298 101697 2
S 13395337 298 101703 2
S 13415336 298 101698 2
S 13435334 298 101707 2
S 13455333 298 101702 2
S 13475332 298 101704 2
S 13495331 298 101705 2
S 13515329 298 101702 2
S 13535328 298 101704 2
S 13555327 298 101704 2
S 13575326 298 101706 2
S 13595324 298 101707 2
S 13615323 298 101704 2
S 13635322 298 101699 2
S 13655321 298 101701 2
S 13675319 298 101702 2
S 13695318 299 101714 2
S 13715317 298 101696 2
S 13735316 298 101705 2
S 13755314 298 101704 2
S 13775313 298 101707 2
S 13795312 298 101707 2
S 13815311 298 101713 2
S 13835309 298 101707 2
S 13855308 298 101702 2
S 13875307 298 101697 2
S 13895306 298 101698 2
S 13915304 298 101701 2
S 13935303 298 101702 2
S 13955302 298 101697 2
S 13975301 298 101700 2
S 13995299 298 101704 2
S 14015298 298 101700 2
S 14035297 298 101700 2
S 14055296 298 101694 2
S 14075294 298 101701 2
S 14095293 298 101702 2
S 14115292 298 101700 2
S 14135291 298 101700 2
S 14155289 298 101696 2
S 14175288 298 101701 2
S 14195287 298 101696 2
S 14215286 298 101698 2
S 14235284 298 101696 2
S 14255283 298 101698 2
S 14275282 298 101697 2
S 14295281 298 101694 2
S 14315279 298 101701 2
S 14335278 298 101695 2
S 14355277 298 101701 2
S 14375276 298 101699 2
S 14395274 298 101700 2
S 14415273 298 101700 2
S 14435272 298 101694 2
S 14455271 298 101696 2
S 14475269 298 101693 2
S 14495268 298 101693 2
S 14515267 298 101704 2
S 14535266 298 101693 2
S 14555264 299 101709 2
S 14575263 298 101701 2
S 14595262 298 101698 2
S 14615261 298 101700 2
S 14635259 298 101706 2
S 14655258 298 101697 2
S 14675257 298 101693 2
S 14695256 298 101700 2
S 14715254 298 101707 2
S 14735253 298 101704 2
S 14755252 299 101705 2
S 14775251 298 101701 2
S 14795249 298 101696 2
S 14815248 298 101704 2
S 14835247 298 101700 2
S 14855246 298 101706 2
S 14875244 299 101710 2
S 14895243 298 101701 2
S 14915242 298 101709 2
S 14935241 298 101695 2
S 14955239 298 101704 2
S 14975238 298 101696 2
S 14995237 298 101699 2
S 15015236 298 101707 2
S 15035234 298 101704 2
S 15055233 298 101701 2
S 15075232 298 101705 2
S 15095231 298 101707 2
S 15115229 299 101704 2
S 15135228 299 101707 2
S 15155227 298 101703 2
S 15175226 298 101705 2
S 15195224 298 101711 2
S 15215223 298 101706 2
S 15235222 298 101705 2
S 15255221 299 101709 2
S 15275219 299 101713 2
S 15295218 299 101710 2
S 15315217 298 101700 2
S 15335216 298 101704 2
S 15355214 299 101708 2
S 15375213 298 101704 2
S 15395212 298 101704 2
S 15415211 298 101701 2
S 15435209 298 101699 2
S 15455208 298 101699 2
S 15475207 298 101701 2
S 15495206 298 101702 2
S 15515204 298 101702 2
S 15535203 298 101702 2
S 15555202 298 101701 2
S 15575201 298 101699 2
S 15595199 298 101698 2
S 15615198 299 101709 2
S 15635197 298 101696 2
S 15655196 298 101701 2
S 15675194 298 101696 2
S 15695193 299 101710 2
S 15715192 299 101705 2
S 15735191 298 101690 2
S 15755189 298 101700 2
S 15775188 298 101702 2
S 15795187 298 101704 2
S 15815186 299 101711 2
S 15835184 299 101710 2
S 15855183 299 101713 2
S 15875182 299 101713 2
S 15895181 299 101711 2
S 15915179 299 101709 2
S 15935178 299 101708 2
S 15955177 299 101714 2
S 15975176 299 101710 2
S 15995174 299 101713 2
S 16015173 299 101710 2
S 16035172 299 101703 2
S 16055171 299 101706 2
S 16075169 299 101713 2
S 16095168 299 101707 2
S 16115167 299 101707 2
S 16135166 298 101707 2
S 16155164 299 101708 2
S 16175163 299 101711 2
S 16195162 299 101705 2
S 16215161 299 101710 2
S 16235159 299 101710 2
S 16255158 299 101713 2
S 16275157 298 101708 2
S 16295156 299 101710 2
S 16315154 299 101705 2
S 16335153 299 101707 2
S 16355152 299 101710 2
S 16375151 298 101708 2
S 16395149 299 101710 2
S 16415148 298 101702 2
S 16435147 299 101699 2
S 16455146 298 101691 2
S 16475144 298 101702 2
S 16495143 299 101699 2
S 16515142 299 101707 2
S 16535141 299 101709 2
S 16555139 299 101701 2
S 16575138 298 101698 2
S 16595137 299 101706 2
S 16615136 299 101703 2
S 16635134 299 101708 2
S 16655133 299 101704 2
S 16675132 299 101708 2
S 16695131 298 101698 2
S 16715129 299 101710 2
S 16735128 299 101708 2
S 16755127 299 101709 2
S 16775126 299 101706 2
S 16795124 299 101707 2
S 16815123 299 101710 2
S 16835122 299 101712 2
S 16855121 299 101707 2
S 16875119 298 101704 2
S 16895118 299 101709 2
S 16915117 299 101708 2
S 16935116 299 101713 2
S 16955114 299 101713 2
S 16975113 298 101710 2
S 16995112 299 101705 2
S 17015111 299 101706 2
S 17035109 298 101704 2
S 17055108 299 101708 2
S 17075107 299 101709 2
S 17095106 299 101708 2
S 17115104 299 101705 2
S 17135103 298 101699 2
S 17155102 299 101706 2
S 17175101 298 101704 2
S 17195099 299 101704 2
S 17215098 298 101701 2
S 17235097 299 101704 2
S 17255096 298 101697 2
S 17275094 299 101703 2
S 17295093 299 101708 2
S 17315092 298 101701 2
S 17335091 298 101707 2
S 17355089 299 101706 2
S 17375088 298 101703 2
S 17395087 299 101708 2
S 17415086 299 101714 2
S 17435084 299 101706 2
S 17455083 299 101712 2
S 17475082 299 101705 2
S 17495081 299 101706 2
S 17515079 299 101713 2
S 17535078 299 101708 2
S 17555077 299 101702 2
S 17575076 299 101702 2
S 17595074 299 101713 2
S 17615073 299 101712 2
S 17635072 299 101703 2
S 17655071 298 101696 2
S 17675069 298 101704 2
S 17695068 299 101702 2
S 17715067 299 101708 2
S 17735066 299 101704 2
S 17755064 299 101702 2
S 17775063 298 101702 2
S 17795062 298 101699 2
S 17815061 299 101708 2
S 17835059 298 101699 2
S 17855058 299 101703 2
S 17875057 299 101707 2
S 17895056 299 101710 2
S 17915054 299 101701 2
S 17935053 299 101705 2
S 17955052 299 101704 2
S 17975051 299 101700 2
S 17995049 299 101707 2
S 18015048 299 101710 2
S 18035047 299 101705 2
S 18055046 299 101700 2
S 18075044 299 101705 2
S 18095043 299 101704 2
S 18115042 298 101699 2
S 18135041 299 101703 2
S 18155039 298 101699 2
S 18175038 298 101697 2
S 18195037 299 101699 2
S 18215036 299 101704 2
S 18235034 299 101705 2
S 18255033 298 101699 2
S 18275032 298 101693 2
S 18295031 299 101707 2
S 18315029 299 101700 2
S 18335028 299 101705 2
S 18355027 298 101696 2
S 18375026 299 101701 2
S 18395024 298 101704 2
S 18415023 299 101707 2
S 18435022 299 101704 2
S 18455021 298 101696 2
S 18475019 299 101700 2
S 18495018 299 101702 2
S 18515017 298 101695 2
S 18535016 299 101700 2
S 18555014 299 101702 2
S 18575013 299 101706 2
S 18595012 298 101694 2
S 18615011 299 101702 2
S 18635009 299 101705 2
S 18655008 299 101701 2
S 18675007 299 101702 2
S 18695006 299 101705 2
S 18715004 299 101705 2
S 18735003 299 101710 2
S 18755002 299 101708 2
S 18775001 299 101709 2
S 18794999 299 101711 2
S 18814998 299 101704 2
S 18834997 299 101705 2
S 18854996 299 101699 2
S 18874994 299 101702 2
S 18894993 299 101693 2
S 18914992 299 101702 2
S 18934991 299 101699 2
S 18954989 299 101706 2
S 18974988 299 101697 2
S 18994987 299 101707 2
S 19014986 299 101702 2
S 19034984 299 101699 2
S 19054983 299 101699 2
S 19074982 299 101698 2
S 19094981 299 101707 2
S 19114979 299 101707 2
S 19134978 299 101707 2
S 19154977 299 101705 2
S 19174976 299 101705 2
S 19194974 299 101706 2
S 19214973 299 101699 2
S 19234972 299 101702 2
S 19254971 299 101703 2
S 19274969 299 101704 2
S 19294968 299 101704 2
S 19314967 299 101705 2
S 19334966 299 101698 2
S 19354964 299 101700 2
S 19374963 299 101705 2
S 19394962 299 101702 2
S 19414961 299 101709 2
S 19434959 299 101706 2
S 19454958 299 101700 2
S 19474957 299 101708 2
S 19494956 299 101708 2
S 19514954 299 101711 2
S 19534953 299 101705 2
S 19554952 299 101703 2
S 19574951 299 101706 2
S 19594949 299 101699 2
S 19614948 299 101702 2
S 19634947 299 101706 2
S 19654946 299 101705 2
S 19674944 299 101711 2
S 19694943 299 101699 2
S 19714942 299 101694 2
S 19734941 299 101702 2
S 19754939 299 101698 2
S 19774938 299 101696 2
S 19794937 299 101706 2
S 19814936 299 101702 2
S 19834934 299 101705 2
S 19854933 299 101696 2
S 19874932 299 101699 2
S 19894931 299 101700 2
S 19914929 299 101705 2
S 19934928 299 101696 2
S 19954927 299 101693 2
S 19974926 299 101696 2
S 19994924 299 101696 2
S 20014923 299 101699 2
S 20034922 299 101697 2
S 20054921 299 101700 2
S 20074919 299 101708 2
S 20094918 299 101699 2
S 20114917 299 101702 2
S 20134916 299 101709 2
S 20154914 299 101704 2
S 20174913 299 101702 2
S 20194912 299 101699 2
S 20214911 299 101702 2
S 20234909 299 101698 2
S 20254908 299 101703 2
S 20274907 299 101701 2
S 20294906 299 101704 2
S 20314904 299 101705 2
S 20334903 299 101705 2
S 20354902 299 101708 2
S 20374901 299 101700 2
S 20394899 299 101700 2
S 20414898 299 101704 2
S 20434897 299 101702 2
S 20454896 299 101702 2
S 20474894 299 101701 2
S 20494893 299 101701 2
S 20514892 299 101702 2
S 20534891 299 101700 2
S 20554889 299 101703 2
S 20574888 299 101700 2
S 20594887 299 101702 2
S 20614886 299 101699 2
S 20634884 299 101705 2
S 20654883 299 101703 2
S 20674882 299 101699 2
S 20694881 299 101706 2
S 20714879 299 101705 2
S 20734878 299 101702 2
S 20754877 299 101701 2
S 20774876 299 101698 2
S 20794874 299 101701 2
S 20814873 299 101700 2
S 20834872 299 101702 2
S 20854871 299 101701 2
S 20874869 299 101712 2
S 20894868 299 101699 2
S 20914867 299 101704 2
S 20934866 299 101706 2
S 20954864 299 101705 2
S 20974863 299 101714 2
S 20994862 299 101714 2
S 21014861 299 101707 2
S 21034859 299 101705 2
S 21054858 299 101696 2
S 21074857 299 101703 2
S 21094856 299 101697 2
S 21114854 299 101700 2
S 21134853 299 101699 2
S 21154852 299 101699 2
S 21174851 299 101696 2
S 21194849 299 101707 2
S 21214848 299 101705 2
S 21234847 299 101706 2
S 21254846 299 101699 2
S 21274844 299 101692 2
S 21294843 299 101705 2
S 21314842 299 101708 2
S 21334841 299 101709 2
S 21354839 299 101711 2
S 21374838 299 101708 2
S 21394837 299 101704 2
S 21414836 299 101699 2
S 21434834 299 101704 2
S 21454833 299 101702 2
S 21474832 299 101707 2
S 21494831 299 101706 2
S 21514829 299 101700 2
S 21534828 299 101704 2
S 21554827 299 101699 2
S 21574826 299 101700 2
S 21594824 299 101705 2
S 21614823 299 101704 2
S 21634822 299 101705 2
S 21654821 299 101702 2
S 21674819 299 101704 2
S 21694818 299 101703 2
S 21714817 299 101702 2
S 21734816 299 101693 2
S 21754814 299 101708 2
S 21774813 299 101711 2
S 21794812 299 101702 2
S 21814811 299 101709 2
S 21834809 299 101711 2
S 21854808 299 101701 2
S 21874807 299 101702 2
S 21894806 299 101709 2
S 21914804 299 101707 2
S 21934803 299 101707 2
S 21954802 299 101708 2
S 21974801 299 101707 2
S 21994799 299 101707 2
S 22014798 299 101708 2
S 22034797 299 101704 2
S 22054796 299 101710 2
S 22074794 299 101701 2
S 22094793 299 101699 2
S 22114792 299 101703 2
S 22134791 299 101700 2
S 22154789 299 101705 2
S 22174788 299 101702 2
S 22194787 299 101705 2
S 22214786 299 101696 2
S 22234784 299 101696 2
S 22254783 299 101701 2
S 22274782 299 101703 2
S 22294781 299 101705 2
S 22314779 299 101703 2
S 22334778 299 101701 2
S 22354777 299 101695 2
S 22374776 299 101699 2
S 22394774 299 101694 2
S 22414773 299 101701 2
S 22434772 299 101700 2
S 22454771 299 101698 2
S 22474769 299 101701 2
S 22494768 299 101701 2
S 22514767 299 101698 2
S 22534766 299 101697 2
S 22554764 299 101700 2
S 22574763 299 101696 2
S 22594762 299 101702 2
S 22614761 299 101702 2
S 22634759 299 101702 2
S 22654758 299 101702 2
S 22782750 299 101699 3
S 22814748 299 101698 3
S 22846746 299 101702 3
S 22878744 299 101703 3
S 22910742 299 101702 3
S 22942740 299 101710 3
S 22974738 299 101700 3
S 23006736 299 101702 3
S 23038734 299 101704 3
S 23070732 299 101701 3
S 23102730 299 101701 3
S 23134728 299 101702 3
S 23166726 299 101705 3
S 23198724 299 101700 3
S 23230722 299 101704 3
S 23262720 299 101702 3
S 23294718 299 101697 3
S 23326716 299 101695 3
S 23358714 299 101701 3
S 23390712 299 101691 3
S 23422710 299 101702 3
S 23454708 299 101700 3
S 23486706 299 101700 3
S 23518704 299 101699 3
S 23550702 299 101699 3
S 23582700 299 101699 3
S 23614698 299 101705 3
S 23646696 299 101698 3
S 23678694 299 101704 3
S 23710692 299 101705 3
S 23742690 299 101699 3
S 23774688 299 101702 3
S 23806686 299 101702 3
S 23838684 299 101704 3
S 23870682 299 101703 3
S 23902680 299 101701 3
S 23934678 299 101703 3
S 23966676 299 101707 3
S 23998674 299 101707 3
S 24030672 299 101703 3
S 24062670 299 101707 3
S 24094668 299 101704 3
S 24126666 299 101708 3
S 24158664 299 101710 3
S 24190662 299 101710 3
S 24222660 299 101702 3
S 24254658 299 101704 3
S 24286656 299 101703 3
S 24318654 299 101699 3
S 24350652 299 101701 3
S 24382650 299 101704 3
S 24414648 299 101703 3
S 24446646 299 101702 3
S 24478644 299 101702 3
S 24510642 299 101703 3
S 24542640 299 101703 3
S 24574638 299 101704 3
S 24606636 299 101704 3
S 24638634 299 101703 3
S 24670632 299 101705 3
S 24702630 299 101699 3
S 24734628 299 101703 3
S 24766626 299 101698 3
S 24798624 299 101701 3
S 24830622 299 101694 3
S 24862620 299 101695 3
S 24894618 299 101704 3
S 24926616 299 101693 3
S 24958614 299 101700 3
S 24990612 299 101703 3
S 25022610 299 101699 3
S 25054608 299 101697 3
S 25086606 299 101704 3
S 25118604 299 101701 3
S 25150602 299 101703 3
S 25182600 299 101705 3
S 25214598 299 101702 3
S 25246596 299 101697 3
S 25278594 299 101701 3
S 25310592 299 101699 3
S 25342590 299 101700 3
S 25374588 299 101700 3
S 25406586 299 101697 3
S 25438584 299 101697 3
S 25470582 299 101699 3
S 25502580 299 101704 3
S 25534578 299 101702 3
S 25566576 299 101695 3
S 25598574 299 101701 3
S 25630572 299 101704 3
S 25662570 299 101704 3
S 25694568 299 101703 3
S 25726566 299 101701 3
S 25758564 299 101707 3
S 25790562 299 101704 3
S 25822560 299 101704 3
S 25854558 299 101707 3
S 25886556 299 101705 3
S 25918554 299 101698 3
S 25950552 299 101699 3
S 25982550 299 101703 3
S 26014548 299 101702 3
S 26046546 299 101694 3
S 26078544 299 101700 3
S 26110542 299 101706 3
S 26142540 299 101704 3
S 26174538 299 101706 3
S 26206536 299 101711 3
S 26238534 299 101698 3
S 26270532 299 101701 3
S 26302530 299 101703 3
S 26334528 299 101710 3
S 26366526 299 101703 3
S 26398524 299 101704 3
S 26430522 299 101707 3
S 26462520 299 101704 3
S 26494518 299 101706 3
S 26526516 299 101701 3
S 26558514 299 101705 3
S 26590512 299 101700 3
S 26622510 299 101708 3
S 26654508 299 101707 3
S 26686506 299 101702 3
S 26718504 299 101702 3
S 26750502 299 101698 3
S 26782500 299 101695 3
S 26814498 299 101704 3
S 26846496 299 101705 3
S 26878494 299 101698 3
S 26910492 299 101703 3
S 26942490 299 101704 3
S 26974488 299 101704 3
S 27006486 299 101708 3
S 27038484 299 101703 3
S 27070482 299 101709 3
S 27102480 299 101708 3
S 27134478 299 101705 3
S 27166476 299 101705 3
S 27198474 299 101700 3
S 27230472 299 101702 3
S 27262470 299 101699 3
S 27294468 299 101698 3
S 27326466 299 101698 3
S 27358464 299 101696 3
S 27390462 299 101703 3
S 27422460 299 101705 3
S 27454458 299 101705 3
S 27486456 299 101707 3
S 27518454 299 101700 3
S 27550452 299 101706 3
S 27582450 299 101704 3
S 27614448 299 101704 3
S 27646446 299 101701 3
S 27678444 299 101705 3
S 27710442 299 101709 3
S 27742440 299 101705 3
S 27774438 299 101708 3
S 27806436 299 101710 3
S 27838434 299 101709 3
S 27870432 299 101703 3
S 27902430 299 101707 3
S 27934428 299 101700 3
S 27966426 299 101710 3
S 27998424 299 101704 3
S 28030422 299 101711 3
S 28062420 299 101697 3
S 28094418 299 101707 3
S 28126416 299 101708 3
S 28158414 299 101702 3
S 28190412 299 101707 3
S 28222410 299 101706 3
S 28254408 299 101699 3
S 28286406 299 101709 3
S 28318404 299 101711 3
S 28350402 299 101705 3
S 28382400 299 101704 3
S 28414398 299 101708 3
S 28446396 299 101707 3
S 28478394 299 101709 3
S 28510392 299 101706 3
S 28542390 299 101706 3
S 28574388 299 101705 3
S 28606386 299 101705 3
S 28638384 299 101708 3
S 28670382 299 101710 3
S 28702380 299 101708 3
S 28734378 299 101706 3
S 28766376 299 101706 3
S 28798374 299 101703 3
S 28830372 299 101699 3
S 28862370 299 101709 3
S 28894368 299 101707 3
S 28926366 299 101700 3
S 28958364 299 101701 3
S 28990362 299 101703 3
S 29022360 299 101701 3
S 29054358 299 101708 3
S 29086356 299 101705 3
S 29118354 299 101706 3
S 29150352 299 101706 3
S 29182350 299 101698 3
S 29214348 299 101707 3
S 29246346 299 101708 3
S 29278344 299 101702 3
S 29310342 299 101704 3
S 29342340 299 101706 3
S 29374338 299 101700 3
S 29406336 299 101701 3
S 29438334 299 101704 3
S 29470332 299 101706 3
S 29502330 299 101708 3
S 29534328 299 101701 3
S 29566326 299 101707 3
S 29598324 299 101704 3
S 29630322 299 101702 3
S 29662320 299 101704 3
S 29694318 300 101710 3
S 29726316 299 101704 3
S 29758314 299 101703 3
S 29790312 299 101703 3
S 29822310 299 101698 3
S 29854308 299 101702 3
S 29886306 299 101705 3
S 29918304 299 101706 3
S 29950302 299 101704 3
S 29982300 299 101700 3
S 30014298 299 101699 3
S 30046296 299 101701 3
S 30078294 299 101698 3
S 30110292 299 101700 3
S 30142290 299 101703 3
S 30174288 299 101701 3
S 30206286 299 101699 3
S 30238284 299 101696 3
S 30270282 299 101699 3
S 30302280 299 101694 3
S 30334278 299 101701 3
S 30366276 299 101696 3
S 30398274 299 101701 3
S 30430272 299 101700 3
S 30462270 299 101700 3
S 30494268 299 101695 3
S 30526266 299 101697 3
S 30558264 299 101698 3
S 30590262 299 101695 3
S 30622260 299 101697 3
S 30654258 300 101703 3
S 30686256 299 101704 3
S 30718254 299 101703 3
S 30750252 299 101697 3
S 30782250 299 101699 3
S 30814248 300 101710 3
S 30846246 299 101703 3
S 30878244 299 101704 3
S 30910242 299 101697 3
S 30942240 299 101697 3
S 30974238 299 101698 3
S 31006236 299 101700 3
S 31038234 299 101702 3
S 31070232 299 101693 3
S 31102230 299 101695 3
S 31134228 299 101694 3
S 31166226 299 101703 3
S 31198224 299 101697 3
S 31230222 299 101703 3
S 31262220 299 101701 3
S 31294218 300 101709 3
S 31326216 299 101701 3
S 31358214 299 101702 3
S 31390212 300 101709 3
S 31422210 300 101709 3
S 31454208 299 101704 3
S 31486206 299 101698 3
S 31518204 299 101701 3
S 31550202 299 101701 3
S 31582200 299 101700 3
S 31614198 299 101698 3
S 31646196 299 101697 3
S 31678194 299 101698 3
S 31710192 299 101701 3
S 31742190 299 101700 3
S 31774188 299 101703 3
S 31806186 299 101700 3
S 31838184 299 101692 3
S 31870182 299 101701 3
S 31902180 299 101699 3
S 31934178 299 101697 3
S 31966176 299 101705 3
S 31998174 299 101705 3
S 32030172 299 101703 3
S 32062170 300 101710 3
S 32094168 299 101706 3
S 32126166 299 101702 3
S 32158164 300 101710 3
S 32190162 299 101707 3
S 32222160 300 101712 3
S 32254158 300 101709 3
S 32286156 300 101708 3
S 32318154 299 101707 3
S 32350152 299 101706 3
S 32382150 300 101710 3
S 32414148 299 101706 3
S 32446146 300 101709 3
S 32478144 300 101705 3
S 32510142 299 101702 3
S 32542140 299 101706 3
S 32574138 300 101707 3
S 32606136 299 101706 3
S 32638134 300 101709 3
S 32670132 300 101713 3
S 32702130 300 101709 3
S 32734128 300 101703 3
S 32766126 300 101708 3
S 32798124 300 101702 3
S 32830122 299 101703 3
S 32862120 299 101706 3
S 32894118 300 101701 3
S 32926116 299 101699 3
S 32958114 300 101706 3
S 32990112 299 101702 3
S 33022110 300 101710 3
S 33054108 300 101702 3
S 33086106 299 101699 3
S 33118104 300 101708 3
S 33150102 300 101703 3
S 33182100 299 101698 3
S 33214098 300 101706 3
S 33246096 299 101701 3
S 33278094 300 101705 3
S 33310092 299 101703 3
S 33342090 299 101700 3
S 33374088 299 101699 3
S 33406086 300 101702 3
S 33438084 300 101706 3
S 33470082 300 101703 3
S 33502080 299 101701 3
S 33534078 299 101698 3
S 33566076 299 101698 3
S 33598074 300 101706 3
S 33630072 300 101707 3
S 33662070 299 101703 3
S 33694068 300 101703 3
S 33726066 300 101706 3
S 33758064 299 101698 3
S 33790062 299 101701 3
S 33822060 299 101699 3
S 33854058 300 101703 3
S 33886056 300 101703 3
S 33918054 300 101702 3
S 33950052 300 101707 3
S 33982050 299 101700 3
S 34014048 300 101705 3
S 34046046 299 101701 3
S 34078044 300 101703 3
S 34110042 299 101699 3
S 34142040 300 101702 3
S 34174038 299 101697 3
S 34206036 300 101700 3
S 34238034 300 101704 3
S 34270032 299 101698 3
S 34302030 300 101706 3
S 34334028 300 101709 3
S 34366026 300 101709 3
S 34398024 300 101706 3
S 34430022 300 101706 3
S 34462020 300 101702 3
S 34494018 299 101700 3
S 34526016 300 101705 3
S 34558014 299 101696 3
S 34590012 299 101690 3
S 34622010 299 101697 3
S 34654008 299 101700 3
S 34686006 300 101699 3
S 34718004 299 101700 3
S 34750002 299 101699 3
S 34782000 299 101699 3
S 34813998 299 101701 3
S 34845996 299 101700 3
S 34877994 299 101700 3
S 34909992 300 101707 3
S 34941990 299 101698 3
S 34973988 300 101701 3
S 35005986 299 101695 3
S 35037984 299 101702 3
S 35069982 300 101704 3
S 35101980 299 101704 3
S 35133978 299 101698 3
S 35165976 299 101701 3
S 35197974 300 101706 3
S 35229972 300 101702 3
S 35261970 300 101702 3
S 35293968 299 101702 3
S 35325966 299 101700 3
S 35357964 299 101698 3
S 35389962 300 101703 3
S 35421960 300 101706 3
S 35453958 299 101698 3
S 35485956 300 101709 3
S 35517954 299 101699 3
S 35549952 299 101701 3
S 35581950 299 101699 3
S 35613948 299 101701 3
S 35645946 299 101697 3
S 35677944 299 101701 3
S 35709942 299 101699 3
S 35741940 300 101706 3
S 35773938 299 101700 3
S 35805936 299 101699 3
S 35837934 299 101695 3
S 35869932 299 101699 3
S 35901930 299 101698 3
S 35933928 299 101698 3
S 35965926 300 101706 3
S 35997924 299 101700 3
S 36029922 299 101702 3
S 36061920 299 101702 3
S 36093918 299 101705 3
S 36125916 299 101702 3
S 36157914 299 101700 3
S 36189912 299 101698 3
S 36221910 299 101694 3
S 36253908 299 101701 3
S 36285906 299 101700 3
S 36317904 299 101702 3
S 36349902 299 101701 3
S 36381900 299 101697 3
S 36413898 299 101698 3
S 36445896 299 101702 3
S 36477894 300 101705 3
S 36509892 299 101703 3
S 36541890 299 101705 3
S 36573888 299 101701 3
S 36605886 299 101699 3
S 36637884 299 101691 3
S 36669882 299 101695 3
S 36701880 299 101705 3
S 36733878 299 101704 3
S 36765876 299 101703 3
S 36797874 299 101704 3
S 36829872 299 101700 3
S 36861870 299 101699 3
S 36893868 299 101701 3
S 36925866 299 101700 3
S 36957864 299 101696 3
S 36989862 299 101705 3
S 37021860 299 101698 3
S 37053858 299 101697 3
S 37085856 299 101697 3
S 37117854 299 101704 3
S 37149852 299 101700 3
S 37181850 299 101696 3
S 37213848 299 101701 3
S 37245846 299 101704 3
S 37277844 299 101707 3
S 37309842 299 101703 3
S 37341840 299 101702 3
S 37373838 299 101706 3
S 37405836 299 101705 3
S 37437834 300 101709 3
S 37469832 299 101699 3
S 37501830 299 101695 3
S 37533828 299 101701 3
S 37565826 299 101708 3
S 37597824 299 101704 3
S 37629822 299 101703 3
S 37661820 299 101708 3
S 37693818 299 101703 3
S 37725816 299 101700 3
S 37757814 299 101702 3
S 37789812 299 101701 3
S 37821810 299 101701 3
S 37853808 299 101701 3
S 37885806 299 101708 3
S 37917804 299 101698 3
S 37949802 299 101701 3
S 37981800 299 101706 3
S 38013798 299 101704 3
S 38045796 299 101708 3
S 38077794 299 101701 3
S 38109792 299 101701 3
S 38141790 299 101704 3
S 38173788 299 101700 3
S 38205786 299 101701 3
S 38237784 299 101699 3
S 38269782 299 101703 3
S 38301780 299 101701 3
S 38333778 299 101708 3
S 38365776 299 101707 3
S 38397774 299 101700 3
S 38429772 299 101707 3
S 38461770 299 101702 3
S 38493768 299 101697 3
S 38525766 299 101700 3
S 38557764 299 101700 3
S 38589762 299 101706 3
S 38621760 299 101707 3
S 38653758 299 101703 3
S 38685756 299 101708 3
S 38717754 299 101707 3
S 38749752 299 101708 3
S 38769751 299 101712 2
S 38789750 299 101701 2
S 38809748 299 101706 2
S 38829747 299 101714 2
S 38849746 299 101705 2
S 38869745 299 101708 2
S 38889743 299 101705 2
S 38909742 299 101708 2
S 38929741 299 101703 2
S 38949740 299 101709 2
S 38969738 299 101709 2
S 38989737 299 101705 2
S 39009736 299 101708 2
S 39029735 299 101707 2
S 39049733 299 101703 2
S 39069732 299 101705 2
S 39089731 299 101709 2
S 39109730 299 101708 2
S 39129728 299 101710 2
S 39149727 299 101707 2
S 39169726 299 101714 2
S 39189725 299 101709 2
S 39209723 299 101705 2
S 39229722 299 101709 2
S 39249721 299 101709 2
S 39269720 299 101706 2
S 39289718 299 101713 2
S 39309717 299 101709 2
S 39329716 299 101709 2
S 39349715 299 101711 2
S 39369713 299 101710 2
S 39389712 299 101711 2
S 39409711 299 101706 2
S 39429710 299 101703 2
S 39449708 299 101703 2
S 39469707 299 101705 2
S 39489706 299 101702 2
S 39509705 299 101707 2
S 39529703 299 101705 2
S 39549702 299 101708 2
S 39569701 299 101705 2
S 39589700 299 101703 2
S 39609698 299 101703 2
S 39629697 299 101705 2
S 39649696 299 101697 2
S 39669695 299 101703 2
S 39689693 299 101698 2
S 39709692 299 101702 2
S 39729691 299 101700 2
S 39749690 299 101698 2
S 39769688 299 101697 2
S 39789687 299 101697 2
S 39809686 299 101704 2
S 39829685 299 101701 2
S 39849683 299 101703 2
S 39869682 299 101703 2
S 39889681 299 101705 2
S 39909680 299 101700 2
S 39929678 299 101707 2
S 39949677 299 101702 2
S 39969676 299 101696 2
S 39989675 299 101703 2
S 40009673 299 101701 2
S 40029672 299 101696 2
S 40049671 299 101697 2
S 40069670 299 101706 2
S 40089668 299 101700 2
S 40109667 299 101701 2
S 40129666 299 101697 2
S 40149665 299 101703 2
S 40169663 299 101705 2
S 40189662 299 101705 2
S 40209661 299 101700 2
S 40229660 299 101702 2
S 40249658 299 101703 2
S 40269657 299 101702 2
S 40289656 299 101704 2
S 40309655 299 101700 2
S 40329653 299 101701 2
S 40349652 299 101706 2
S 40369651 299 101703 2
S 40389650 299 101705 2
S 40409648 299 101702 2
S 40429647 299 101706 2
S 40449646 299 101702 2
S 40469645 299 101703 2
S 40489643 299 101703 2
S 40509642 299 101705 2
S 40529641 299 101702 2
S 40549640 299 101700 2
S 40569638 299 101701 2
S 40589637 299 101707 2
S 40609636 299 101704 2
S 40629635 299 101702 2
S 40649633 299 101706 2
S 40669632 299 101704 2
S 40689631 299 101703 2
S 40709630 299 101704 2
S 40729628 299 101705 2
S 40749627 299 101707 2
S 40769626 299 101704 2
S 40789625 299 101705 2
S 40809623 299 101708 2
S 40829622 299 101705 2
S 40849621 299 101702 2
S 40869620 299 101709 2
S 40889618 299 101701 2
S 40909617 299 101709 2
S 40929616 299 101703 2
S 40949615 299 101708 2
S 40969613 299 101708 2
S 40989612 299 101709 2
S 41009611 299 101706 2
S 41029610 299 101706 2
S 41049608 299 101701 2
S 41069607 299 101701 2
S 41089606 299 101704 2
S 41109605 299 101710 2
S 41129603 299 101712 2
S 41149602 299 101704 2
S 41169601 299 101705 2
S 41189600 299 101711 2
S 41209598 299 101705 2
S 41229597 299 101705 2
S 41249596 299 101709 2
S 41269595 299 101698 2
S 41289593 299 101706 2
S 41309592 299 101704 2
S 41329591 299 101697 2
S 41349590 299 101707 2
S 41369588 299 101704 2
S 41389587 299 101700 2
S 41409586 299 101703 2
S 41429585 299 101703 2
S 41449583 299 101709 2
S 41469582 299 101704 2
S 41489581 299 101704 2
S 41509580 299 101703 2
S 41529578 299 101703 2
S 41549577 299 101700 2
S 41569576 299 101701 2
S 41589575 299 101700 2
S 41609573 299 101701 2
S 41629572 299 101695 2
S 41649571 299 101698 2
S 41669570 299 101693 2
S 41689568 299 101697 2
S 41709567 299 101700 2
S 41729566 299 101697 2
S 41749565 299 101701 2
S 41769563 299 101698 2
S 41789562 299 101694 2
S 41809561 299 101696 2
S 41829560 299 101699 2
S 41849558 299 101694 2
S 41869557 299 101701 2
S 41889556 299 101701 2
S 41909555 299 101698 2
S 41929553 299 101707 2
S 41949552 299 101696 2
S 41969551 299 101699 2
S 41989550 299 101697 2
S 42009548 299 101700 2
S 42029547 299 101699 2
S 42049546 299 101697 2
S 42069545 299 101701 2
S 42089543 299 101698 2
S 42109542 299 101703 2
S 42129541 299 101697 2
S 42149540 299 101701 2
S 42169538 299 101702 2
S 42189537 299 101697 2
S 42209536 299 101705 2
S 42229535 299 101700 2
S 42249533 299 101703 2
S 42269532 299 101702 2
S 42289531 299 101706 2
S 42309530 299 101702 2
S 42329528 299 101702 2
S 42349527 299 101708 2
S 42369526 299 101706 2
S 42389525 299 101698 2
S 42409523 299 101701 2
S 42429522 299 101703 2
S 42449521 299 101702 2
S 42469520 299 101702 2
S 42489518 299 101703 2
S 42509517 299 101700 2
S 42529516 299 101700 2
S 42549515 299 101705 2
S 42569513 299 101704 2
S 42589512 299 101703 2
S 42609511 299 101702 2
S 42629510 299 101703 2
S 42649508 299 101698 2
S 42669507 299 101702 2
S 42689506 299 101697 2
S 42709505 299 101701 2
S 42729503 299 101703 2
S 42749502 299 101703 2
S 42769501 299 101706 2
S 42789500 299 101706 2
S 42809498 299 101701 2
S 42829497 299 101705 2
S 42849496 299 101705 2
S 42869495 299 101710 2
S 42889493 299 101709 2
S 42909492 299 101702 2
S 42929491 299 101708 2
S 42949490 299 101706 2
S 42969488 299 101705 2
S 42989487 299 101705 2
S 43009486 299 101704 2
S 43029485 299 101708 2
S 43049483 299 101704 2
S 43069482 299 101710 2
S 43089481 299 101709 2
S 43109480 299 101707 2
S 43129478 299 101706 2
S 43149477 299 101710 2
S 43169476 299 101706 2
S 43189475 299 101707 2
S 43209473 299 101700 2
S 43229472 299 101703 2
S 43249471 299 101706 2
S 43269470 299 101706 2
S 43289468 299 101703 2
S 43309467 299 101700 2
S 43329466 299 101701 2
S 43349465 299 101701 2
S 43369463 299 101697 2
S 43389462 299 101696 2
S 43409461 299 101704 2
S 43429460 299 101697 2
S 43449458 299 101702 2
S 43469457 299 101694 2
S 43489456 299 101700 2
S 43509455 299 101701 2
S 43529453 299 101701 2
S 43549452 299 101707 2
S 43569451 299 101704 2
S 43589450 299 101706 2
S 43609448 299 101704 2
S 43629447 299 101704 2
S 43649446 299 101694 2
S 43669445 299 101698 2
S 43689443 299 101703 2
S 43709442 299 101697 2
S 43729441 299 101697 2
S 43749440 299 101696 2
S 43769438 299 101696 2
S 43789437 299 101697 2
S 43809436 299 101702 2
S 43829435 299 101705 2
S 43849433 299 101703 2
S 43869432 299 101699 2
S 43889431 299 101698 2
S 43909430 299 101698 2
S 43929428 299 101700 2
S 43949427 299 101703 2
S 43969426 299 101699 2
S 43989425 300 101709 2
S 44009423 299 101700 2
S 44029422 299 101699 2
S 44049421 299 101705 2
S 44069420 299 101703 2
S 44089418 299 101703 2
S 44109417 299 101702 2
S 44129416 299 101700 2
S 44149415 300 101703 2
S 44169413 299 101703 2
S 44189412 299 101697 2
S 44209411 299 101697 2
S 44229410 299 101705 2
S 44249408 299 101701 2
S 44269407 299 101698 2
S 44289406 299 101706 2
S 44309405 299 101703 2
S 44329403 299 101702 2
S 44349402 300 101707 2
S 44369401 299 101706 2
S 44389400 299 101701 2
S 44409398 299 101697 2
S 44429397 299 101703 2
S 44449396 299 101706 2
S 44469395 299 101707 2
S 44489393 300 101706 2
S 44509392 299 101706 2
S 44529391 299 101701 2
S 44549390 299 101704 2
S 44569388 299 101700 2
S 44589387 299 101700 2
S 44609386 299 101700 2
S 44629385 300 101709 2
S 44649383 299 101704 2
S 44669382 299 101704 2
S 44689381 299 101703 2
S 44709380 299 101702 2
S 44729378 299 101709 2
S 44749377 299 101706 2
S 44769376 299 101706 2
S 44789375 299 101700 2
S 44809373 299 101694 2
S 44829372 299 101698 2
S 44849371 299 101703 2
S 44869370 299 101703 2
S 44889368 299 101699 2
S 44909367 299 101700 2
S 44929366 299 101699 2
S 44949365 299 101697 2
S 44969363 299 101703 2
S 44989362 299 101705 2
S 45009361 299 101703 2
S 45029360 299 101706 2
S 45049358 299 101702 2
S 45069357 299 101703 2
S 45089356 299 101700 2
S 45109355 299 101699 2
S 45129353 299 101703 2
S 45149352 299 101705 2
S 45169351 299 101704 2
S 45189350 299 101705 2
S 45209348 299 101704 2
S 45229347 299 101701 2
S 45249346 299 101700 2
S 45269345 299 101699 2
S 45289343 299 101702 2
S 45309342 299 101703 2
S 45329341 299 101703 2
S 45349340 299 101700 2
S 45369338 299 101706 2
S 45389337 299 101703 2
S 45409336 299 101702 2
S 45429335 299 101698 2
S 45449333 299 101704 2
S 45469332 300 101703 2
S 45489331 300 101703 2
S 45509330 299 101696 2
S 45529328 299 101700 2
S 45549327 299 101702 2
S 45569326 300 101701 2
S 45589325 299 101694 2
S 45609323 299 101704 2
S 45629322 299 101699 2
S 45649321 299 101701 2
S 45669320 299 101700 2
S 45689318 300 101698 2
S 45709317 299 101697 2
S 45729316 299 101700 2
S 45749315 299 101698 2
S 45769313 300 101703 2
S 45789312 300 101705 2
S 45809311 299 101699 2
S 45829310 299 101697 2
S 45849308 299 101698 2
S 45869307 299 101698 2
S 45889306 299 101700 2
S 45909305 300 101705 2
S 45929303 299 101702 2
S 45949302 299 101695 2
S 45969301 300 101710 2
S 45989300 300 101708 2
S 46009298 299 101702 2
S 46029297 299 101700 2
S 46049296 300 101704 2
S 46069295 299 101694 2
S 46089293 300 101707 2
S 46109292 300 101708 2
S 46129291 299 101692 2
S 46149290 299 101697 2
S 46169288 299 101700 2
S 46189287 299 101704 2
S 46209286 299 101697 2
S 46229285 300 101700 2
S 46249283 300 101705 2
S 46269282 299 101701 2
S 46289281 300 101703 2
S 46309280 299 101703 2
S 46329278 300 101703 2
S 46349277 299 101700 2
S 46369276 299 101700 2
S 46389275 299 101692 2
S 46409273 299 101697 2
S 46429272 300 101703 2
S 46449271 299 101697 2
S 46469270 299 101699 2
S 46489268 299 101698 2
S 46509267 300 101705 2
S 46529266 299 101699 2
S 46549265 299 101691 2
S 46569263 299 101697 2
S 46589262 299 101696 2
S 46609261 300 101705 2
S 46629260 299 101700 2
S 46649258 299 101696 2
S 46669257 299 101693 2
S 46689256 299 101699 2
S 46709255 299 101702 2
S 46729253 299 101703 2
S 46749252 299 101703 2
S 46769251 299 101700 2
S 46789250 300 101704 2
S 46809248 299 101703 2
S 46829247 299 101700 2
S 46849246 299 101697 2
S 46869245 299 101695 2
S 46889243 299 101697 2
S 46909242 299 101706 2
S 46929241 299 101702 2
S 46949240 299 101699 2
S 46969238 299 101703 2
S 46989237 299 101696 2
S 47009236 299 101700 2
S 47029235 299 101705 2
S 47049233 299 101705 2
S 47069232 299 101699 2
S 47089231 299 101704 2
S 47109230 300 101712 2
S 47129228 299 101702 2
S 47149227 299 101697 2
S 47169226 299 101700 2
S 47189225 299 101698 2
S 47209223 299 101704 2
S 47229222 299 101701 2
S 47249221 299 101699 2
S 47269220 299 101702 2
S 47289218 299 101705 2
S 47309217 299 101698 2
S 47329216 299 101698 2
S 47349215 299 101694 2
S 47369213 299 101695 2
S 47389212 299 101697 2
S 47409211 299 101693 2
S 47429210 299 101697 2
S 47449208 299 101697 2
S 47469207 299 101688 2
S 47489206 299 101703 2
S 47509205 299 101703 2
S 47529203 299 101702 2
S 47549202 299 101699 2
S 47569201 299 101706 2
S 47589200 300 101709 2
S 47609198 299 101704 2
S 47629197 299 101704 2
S 47649196 299 101703 2
S 47669195 299 101701 2
S 47689193 299 101698 2
S 47709192 299 101701 2
S 47729191 299 101696 2
S 47749190 299 101695 2
S 47769188 299 101698 2
S 47789187 299 101702 2
S 47809186 299 101700 2
S 47829185 299 101703 2
S 47849183 299 101697 2
S 47869182 299 101696 2
S 47889181 299 101700 2
S 47909180 299 101697 2
S 47929178 299 101700 2
S 47949177 300 101707 2
S 47969176 300 101698 2
S 47989175 299 101698 2
S 48009173 299 101700 2
S 48029172 299 101702 2
S 48049171 299 101700 2
S 48069170 299 101697 2
S 48089168 300 101706 2
S 48109167 299 101699 2
S 48129166 299 101697 2
S 48149165 300 101702 2
S 48169163 300 101704 2
S 48189162 300 101704 2
S 48209161 300 101704 2
S 48229160 299 101700 2
S 48249158 300 101709 2
S 48269157 300 101705 2
S 48289156 300 101701 2
S 48309155 299 101699 2
S 48329153 299 101699 2
S 48349152 300 101704 2
S 48369151 299 101699 2
S 48389150 300 101699 2
S 48409148 299 101700 2
S 48429147 299 101704 2
S 48449146 299 101702 2
S 48469145 300 101698 2
S 48489143 300 101706 2
S 48509142 299 101698 2
S 48529141 299 101700 2
S 48549140 300 101702 2
S 48569138 300 101707 2
S 48589137 299 101700 2
S 48609136 299 101698 2
S 48629135 300 101703 2
S 48649133 300 101703 2
S 48669132 299 101694 2
S 48689131 299 101693 2
S 48709130 300 101701 2
S 48729128 300 101706 2
S 48749127 300 101703 2
S 48769126 299 101699 2
S 48789125 299 101700 2
S 48809123 299 101700 2
S 48829122 299 101703 2
S 48849121 299 101704 2
S 48869120 300 101703 2
S 48889118 299 101705 2
S 48909117 300 101702 2
S 48929116 299 101698 2
S 48949115 299 101698 2
S 48969113 299 101697 2
S 48989112 300 101706 2
S 49009111 299 101700 2
S 49029110 299 101701 2
S 49049108 299 101697 2
S 49069107 299 101700 2
S 49089106 299 101701 2
S 49109105 299 101704 2
S 49129103 299 101700 2
S 49149102 299 101704 2
S 49169101 300 101705 2
S 49189100 299 101701 2
S 49209098 299 101702 2
S 49229097 299 101703 2
S 49249096 299 101700 2
S 49269095 299 101700 2
S 49289093 299 101700 2
S 49309092 299 101698 2
S 49329091 299 101703 2
S 49349090 299 101705 2
S 49369088 299 101707 2
S 49389087 299 101709 2
S 49409086 300 101710 2
S 49429085 299 101707 2
S 49449083 299 101704 2
S 49469082 299 101709 2
S 49489081 299 101703 2
S 49509080 299 101705 2
S 49529078 299 101703 2
S 49549077 299 101703 2
S 49569076 299 101701 2
S 49589075 299 101705 2
S 49609073 299 101705 2
S 49629072 299 101706 2
S 49649071 299 101703 2
S 49669070 299 101700 2
S 49689068 299 101704 2
S 49709067 299 101706 2
S 49729066 299 101703 2
S 49749065 299 101702 2
S 49769063 299 101701 2
S 49789062 299 101697 2
S 49809061 299 101692 2
S 49829060 299 101700 2
S 49849058 299 101700 2
S 49869057 299 101702 2
S 49889056 299 101698 2
S 49909055 299 101704 2
S 49929053 299 101695 2
S 49949052 299 101703 2
S 49969051 299 101703 2
S 49989050 299 101707 2
S 50009048 299 101706 2
S 50029047 299 101698 2
S 50049046 299 101700 2
S 50069045 299 101709 2
S 50089043 299 101708 2
S 50109042 299 101705 2
S 50129041 299 101705 2
S 50149040 299 101707 2
S 50169038 299 101710 2
S 50189037 299 101712 2
S 50209036 299 101703 2
S 50229035 299 101707 2
S 50249033 299 101708 2
S 50269032 299 101708 2
S 50289031 299 101709 2
S 50309030 299 101705 2
S 50329028 299 101705 2
S 50349027 299 101704 2
S 50369026 299 101703 2
S 50389025 299 101709 2
S 50409023 299 101705 2
S 50429022 299 101703 2
S 50449021 299 101709 2
S 50469020 299 101705 2
S 50489018 299 101705 2
S 50509017 299 101703 2
S 50529016 299 101705 2
S 50549015 299 101703 2
S 50569013 299 101697 2
S 50589012 299 101702 2
S 50609011 299 101702 2
S 50629010 299 101704 2
S 50649008 299 101701 2
S 50669007 299 101698 2
S 50689006 299 101700 2
S 50709005 299 101702 2
S 50729003 299 101699 2
S 50749002 299 101702 2
S 50769001 299 101705 2
S 50789000 299 101702 2
S 50808998 299 101705 2
S 50828997 299 101701 2
S 50848996 299 101702 2
S 50868995 299 101699 2
S 50888993 299 101704 2
S 50908992 299 101707 2
S 50928991 299 101700 2
S 50948990 299 101697 2
S 50968988 299 101698 2
S 50988987 299 101708 2
S 51008986 299 101703 2
S 51028985 299 101705 2
S 51048983 299 101696 2
S 51068982 299 101710 2
S 51088981 299 101697 2
S 51108980 299 101703 2
S 51128978 299 101700 2
S 51148977 299 101700 2
S 51168976 299 101703 2
S 51188975 299 101704 2
S 51208973 299 101703 2
S 51228972 299 101703 2
S 51248971 299 101702 2
S 51268970 299 101706 2
S 51288968 299 101705 2
S 51308967 299 101705 2
S 51328966 299 101706 2
S 51348965 299 101706 2
S 51368963 299 101705 2
S 51388962 299 101702 2
S 51408961 299 101702 2
S 51428960 299 101707 2
S 51448958 299 101711 2
S 51468957 299 101703 2
S 51488956 299 101705 2
S 51508955 299 101701 2
S 51528953 299 101698 2
S 51548952 299 101701 2
S 51568951 299 101701 2
S 51588950 299 101703 2
S 51608948 299 101704 2
S 51628947 299 101698 2
S 51648946 299 101709 2
S 51668945 299 101705 2
S 51688943 299 101702 2
S 51708942 299 101703 2
S 51728941 299 101705 2
S 51748940 299 101701 2
S 51768938 299 101705 2
S 51788937 299 101699 2
S 51808936 299 101703 2
S 51828935 299 101700 2
S 51848933 299 101702 2
S 51868932 299 101702 2
S 51888931 299 101700 2
S 51908930 299 101705 2
S 51928928 299 101708 2
S 51948927 299 101705 2
S 51968926 299 101697 2
S 51988925 299 101703 2
S 52008923 299 101700 2
S 52028922 299 101708 2
S 52048921 299 101701 2
S 52068920 299 101701 2
S 52088918 299 101704 2
S 52108917 299 101704 2
S 52128916 299 101708 2
S 52148915 299 101705 2
S 52168913 299 101705 2
S 52188912 299 101699 2
S 52208911 299 101706 2
S 52228910 299 101700 2
S 52248908 299 101702 2
S 52268907 299 101706 2
S 52288906 299 101700 2
S 52308905 299 101703 2
S 52328903 299 101698 2
S 52348902 299 101696 2
S 52368901 299 101702 2
S 52388900 299 101699 2
S 52408898 299 101701 2
S 52428897 299 101703 2
S 52448896 299 101704 2
S 52468895 299 101710 2
S 52488893 299 101706 2
S 52508892 299 101702 2
S 52528891 299 101708 2
S 52548890 299 101707 2
S 52568888 299 101702 2
S 52588887 299 101700 2
S 52608886 299 101701 2
S 52628885 299 101708 2
S 52648883 299 101701 2
S 52668882 299 101711 2
S 52688881 299 101703 2
S 52708880 299 101708 2
S 52728878 299 101699 2
S 52748877 299 101701 2
S 52768876 299 101699 2
S 52788875 299 101697 2
S 52808873 299 101702 2
S 52828872 299 101701 2
S 52848871 299 101700 2
S 52868870 299 101703 2
S 52888868 299 101699 2
S 52908867 299 101699 2
S 52928866 299 101697 2
S 52948865 299 101701 2
S 52968863 299 101704 2
S 52988862 299 101707 2
S 53008861 299 101704 2
S 53028860 299 101698 2
S 53048858 299 101705 2
S 53068857 299 101704 2
S 53088856 299 101705 2
S 53108855 299 101706 2
S 53128853 299 101702 2
S 53148852 299 101698 2
S 53168851 299 101709 2
S 53188850 299 101705 2
S 53208848 299 101703 2
S 53228847 299 101705 2
S 53248846 299 101697 2
S 53268845 299 101704 2
S 53288843 299 101704 2
S 53308842 299 101702 2
S 53328841 299 101703 2
S 53348840 299 101704 2
S 53368838 299 101705 2
S 53388837 299 101705 2
S 53408836 299 101703 2
S 53428835 299 101705 2
S 53448833 299 101701 2
S 53468832 299 101699 2
S 53488831 299 101702 2
S 53508830 299 101702 2
S 53528828 299 101699 2
S 53548827 299 101697 2
S 53568826 299 101700 2
S 53588825 299 101698 2
S 53608823 299 101703 2
S 53628822 299 101705 2
S 53648821 299 101704 2
S 53668820 299 101696 2
S 53688818 299 101701 2
S 53708817 299 101705 2
S 53728816 299 101701 2
S 53748815 299 101706 2
S 53768813 299 101705 2
S 53788812 299 101698 2
S 53808811 299 101701 2
S 53828810 299 101706 2
S 53848808 299 101703 2
S 53868807 299 101705 2
S 53888806 299 101703 2
S 53908805 299 101705 2
S 53928803 299 101705 2
S 53948802 299 101708 2
S 53968801 299 101700 2
S 53988800 299 101705 2
S 54008798 299 101698 2
S 54028797 299 101697 2
S 54048796 299 101700 2
S 54068795 299 101697 2
S 54088793 299 101703 2
S 54108792 299 101700 2
S 54128791 299 101697 2
S 54148790 299 101700 2
S 54168788 299 101703 2
S 54188787 299 101704 2
S 54208786 299 101703 2
S 54228785 299 101695 2
S 54248783 299 101700 2
S 54268782 299 101703 2
S 54288781 299 101701 2
S 54308780 299 101695 2
S 54328778 299 101698 2
S 54348777 299 101697 2
S 54368776 299 101700 2
S 54388775 299 101700 2
S 54408773 299 101701 2
S 54428772 299 101697 2
S 54448771 299 101703 2
S 54468770 299 101694 2
S 54488768 299 101698 2
S 54508767 299 101704 2
S 54528766 299 101691 2
S 54548765 299 101703 2
S 54568763 299 101698 2
S 54588762 299 101706 2
S 54608761 299 101703 2
S 54628760 299 101705 2
S 54648758 299 101706 2
S 54668757 299 101706 2
S 54688756 299 101708 2
S 54708755 299 101705 2
S 54728753 299 101704 2
S 54748752 299 101706 2
S 54768751 299 101707 2
S 54788750 299 101710 2
S 54808748 299 101703 2
S 54828747 299 101699 2
S 54848746 299 101699 2
S 54868745 299 101696 2
S 54888743 299 101701 2
S 54908742 299 101702 2
S 54928741 299 101700 2
S 54948740 299 101701 2
S 54968738 299 101703 2
S 54988737 299 101697 2
S 55008736 299 101709 2
S 55028735 300 101707 2
S 55048733 299 101701 2
S 55068732 299 101705 2
S 55088731 299 101697 2
S 55108730 299 101699 2
S 55128728 299 101698 2
S 55148727 299 101703 2
S 55168726 299 101700 2
S 55188725 299 101700 2
S 55208723 299 101701 2
S 55228722 299 101704 2
S 55248721 299 101697 2
S 55268720 299 101697 2
S 55288718 299 101700 2
S 55308717 299 101702 2
S 55328716 299 101703 2
S 55348715 299 101699 2
S 55368713 299 101705 2
S 55388712 299 101700 2
S 55408711 299 101697 2
S 55428710 299 101700 2
S 55448708 299 101703 2
S 55468707 299 101706 2
S 55488706 299 101696 2
S 55508705 299 101704 2
S 55528703 299 101703 2
S 55548702 299 101706 2
S 55568701 299 101706 2
S 55588700 299 101697 2
S 55608698 299 101701 2
S 55628697 299 101701 2
S 55648696 299 101700 2
S 55668695 299 101700 2
S 55688693 299 101699 2
S 55708692 299 101703 2
S 55728691 299 101698 2
S 55748690 299 101694 2
S 55768688 299 101701 2
S 55788687 299 101698 2
S 55808686 299 101703 2
S 55828685 299 101702 2
S 55848683 299 101700 2
S 55868682 299 101697 2
S 55888681 299 101690 2
S 55908680 299 101699 2
S 55928678 299 101693 2
S 55948677 299 101697 2
S 55968676 299 101694 2
S 55988675 299 101696 2
S 56008673 299 101700 2
S 56028672 299 101697 2
S 56048671 299 101699 2
S 56068670 299 101699 2
S 56088668 299 101701 2
S 56108667 299 101705 2
S 56128666 299 101702 2
S 56148665 299 101697 2
S 56168663 299 101698 2
S 56188662 299 101697 2
S 56208661 299 101694 2
S 56228660 299 101700 2
S 56248658 299 101694 2
S 56268657 299 101704 2
S 56288656 299 101697 2
S 56308655 299 101699 2
S 56328653 299 101697 2
S 56348652 299 101704 2
S 56368651 299 101703 2
S 56388650 299 101702 2
S 56408648 299 101697 2
S 56428647 299 101703 2
S 56448646 299 101697 2
S 56468645 299 101699 2
S 56488643 299 101701 2
S 56508642 299 101703 2
S 56528641 299 101703 2
S 56548640 299 101700 2
S 56568638 299 101701 2
S 56588637 299 101700 2
S 56608636 299 101700 2
S 56628635 299 101700 2
S 56648633 299 101695 2
S 56668632 299 101698 2
S 56688631 299 101698 2
S 56708630 299 101700 2
S 56728628 299 101694 2
S 56748627 299 101700 2
S 56768626 299 101697 2
S 56788625 299 101697 2
S 56808623 299 101695 2
S 56828622 299 101692 2
S 56848621 299 101699 2
S 56868620 299 101697 2
S 56888618 299 101703 2
S 56908617 299 101707 2
S 56928616 299 101703 2
S 56948615 299 101704 2
S 56968613 299 101698 2
S 56988612 299 101703 2
S 57008611 299 101703 2
S 57028610 299 101703 2
S 57048608 299 101700 2
S 57068607 299 101701 2
S 57088606 299 101703 2
S 57108605 299 101703 2
S 57128603 299 101697 2
S 57148602 299 101706 2
S 57168601 299 101702 2
S 57188600 299 101700 2
S 57208598 299 101706 2
S 57228597 299 101707 2
S 57248596 299 101709 2
S 57268595 299 101699 2
S 57288593 299 101703 2
S 57308592 299 101699 2
S 57328591 299 101699 2
S 57348590 299 101700 2
S 57368588 299 101702 2
S 57388587 299 101706 2
S 57408586 299 101700 2
S 57428585 299 101700 2
S 57448583 299 101700 2
S 57468582 299 101703 2
S 57488581 299 101700 2
S 57508580 299 101701 2
S 57528578 299 101701 2
S 57548577 299 101700 2
S 57568576 299 101701 2
S 57588575 299 101697 2
S 57608573 299 101703 2
S 57628572 299 101701 2
S 57648571 299 101697 2
S 57668570 299 101694 2
S 57688568 299 101697 2
S 57708567 299 101696 2
S 57728566 299 101697 2
S 57748565 299 101692 2
S 57768563 300 101694 2
S 57788562 299 101695 2
S 57808561 299 101706 2
S 57828560 299 101703 2
S 57848558 299 101704 2
S 57868557 300 101710 2
S 57888556 299 101703 2
S 57908555 300 101708 2
S 57928553 299 101703 2
S 57948552 299 101700 2
S 57968551 300 101705 2
S 57988550 299 101703 2
S 58008548 299 101700 2
S 58028547 299 101700 2
S 58048546 299 101696 2
S 58068545 299 101702 2
S 58088543 299 101695 2
S 58108542 300 101705 2
S 58128541 300 101703 2
S 58148540 300 101704 2
S 58168538 299 101699 2
S 58188537 299 101699 2
S 58208536 299 101702 2
S 58228535 300 101703 2
S 58248533 299 101698 2
S 58268532 300 101706 2
S 58288531 299 101694 2
S 58308530 299 101700 2
S 58328528 300 101703 2
S 58348527 300 101699 2
S 58368526 299 101697 2
S 58388525 300 101703 2
S 58408523 299 101695 2
S 58428522 299 101700 2
S 58448521 299 101697 2
S 58468520 299 101702 2
S 58488518 300 101699 2
S 58508517 299 101700 2
S 58528516 300 101697 2
S 58548515 300 101700 2
S 58568513 300 101704 2
S 58588512 300 101703 2
S 58608511 300 101705 2
S 58628510 300 101706 2
S 58648508 300 101699 2
S 58668507 300 101703 2
S 58688506 300 101703 2
S 58708505 300 101703 2
S 58728503 300 101698 2
S 58748502 300 101698 2
S 58768501 299 101694 2
S 58788500 299 101694 2
S 58808498 300 101703 2
S 58828497 300 101706 2
S 58848496 300 101698 2
S 58868495 300 101700 2
S 58888493 300 101706 2
S 58908492 300 101700 2
S 58928491 300 101694 2
S 58948490 300 101697 2
S 58968488 300 101700 2
S 58988487 300 101700 2
S 59008486 300 101712 2
S 59028485 300 101703 2
S 59048483 300 101704 2
S 59068482 300 101699 2
S 59088481 300 101700 2
S 59108480 300 101703 2
S 59128478 300 101706 2
S 59148477 300 101697 2
S 59168476 300 101695 2
S 59188475 300 101703 2
S 59208473 300 101702 2
S 59228472 300 101703 2
S 59248471 300 101701 2
S 59268470 300 101706 2
S 59288468 300 101704 2
S 59308467 300 101697 2
S 59328466 300 101701 2
S 59348465 300 101699 2
S 59368463 300 101696 2
S 59388462 300 101702 2
S 59408461 300 101700 2
S 59428460 300 101696 2
S 59448458 300 101702 2
S 59468457 300 101704 2
S 59488456 300 101706 2
S 59508455 300 101702 2
S 59528453 300 101706 2
S 59548452 300 101709 2
S 59568451 300 101705 2
S 59588450 300 101706 2
S 59608448 300 101709 2
S 59628447 300 101707 2
S 59648446 300 101703 2
S 59668445 299 101694 2
S 59688443 300 101706 2
S 59708442 300 101700 2
S 59728441 300 101705 2
S 59748440 300 101704 2
S 59768438 300 101703 2
S 59788437 300 101700 2
S 59808436 300 101703 2
S 59828435 300 101702 2
S 59848433 300 101700 2
S 59868432 300 101705 2
S 59888431 300 101706 2
S 59908430 300 101706 2
S 59928428 300 101704 2
S 59948427 300 101703 2
S 59968426 300 101700 2
S 59988425 300 101708 2
S 60008423 300 101703 2
S 60028422 300 101703 2
S 60048421 300 101706 2
S 60068420 300 101704 2
S 60088418 300 101703 2
S 60108417 300 101705 2
S 60128416 300 101704 2
S 60148415 300 101706 2
S 60168413 300 101704 2
S 60188412 300 101711 2
S 60208411 300 101711 2
S 60228410 300 101701 2
S 60248408 300 101703 2
S 60268407 300 101706 2
S 60288406 300 101704 2
S 60308405 300 101703 2
S 60328403 300 101706 2
S 60348402 300 101707 2
S 60368401 300 101708 2
S 60388400 299 101696 2
S 60408398 300 101700 2
S 60428397 300 101706 2
S 60448396 300 101703 2
S 60468395 300 101708 2
S 60488393 300 101708 2
S 60508392 300 101707 2
S 60528391 299 101690 2
S 60548390 300 101704 2
S 60568388 300 101703 2
S 60588387 300 101703 2
S 60608386 300 101705 2
S 60628385 300 101706 2
S 60648383 300 101706 2
S 60668382 300 101700 2
S 60688381 300 101701 2
S 60708380 300 101694 2
S 60728378 300 101698 2
S 60748377 300 101706 2
S 60768376 300 101700 2
S 60788375 300 101702 2
S 60808373 300 101704 2
S 60828372 300 101700 2
S 60848371 300 101706 2
S 60868370 300 101705 2
S 60888368 300 101706 2
S 60908367 300 101707 2
S 60928366 300 101701 2
S 60948365 300 101704 2
S 60968363 300 101711 2
S 60988362 300 101705 2
S 61008361 300 101705 2
S 61028360 300 101704 2
S 61048358 300 101697 2
S 61068357 300 101699 2
S 61088356 300 101702 2
S 61108355 300 101699 2
S 61128353 300 101703 2
S 61148352 300 101702 2
S 61168351 300 101700 2
S 61188350 300 101704 2
S 61208348 300 101706 2
S 61228347 300 101709 2
S 61248346 300 101713 2
S 61268345 300 101706 2
S 61288343 300 101706 2
S 61308342 300 101708 2
S 61328341 300 101703 2
S 61348340 300 101694 2
S 61368338 300 101700 2
S 61388337 300 101704 2
S 61408336 300 101706 2
S 61428335 299 101694 2
S 61448333 300 101700 2
S 61468332 300 101703 2
S 61488331 300 101698 2
S 61508330 300 101701 2
S 61528328 300 101699 2
S 61548327 300 101698 2
S 61568326 299 101694 2
S 61588325 300 101700 2
S 61608323 300 101702 2
S 61628322 299 101694 2
S 61648321 300 101702 2
S 61668320 300 101700 2
S 61688318 300 101699 2
S 61708317 300 101703 2
S 61728316 300 101703 2
S 61748315 300 101697 2
S 61768313 300 101707 2
S 61788312 300 101707 2
S 61808311 300 101706 2
S 61828310 299 101702 2
S 61848308 300 101702 2
S 61868307 300 101699 2
S 61888306 300 101700 2
S 61908305 300 101705 2
S 61928303 300 101703 2
S 61948302 300 101702 2
S 61968301 300 101706 2
S 61988300 300 101696 2
S 62008298 300 101703 2
S 62028297 300 101698 2
S 62048296 300 101705 2
S 62068295 300 101701 2
S 62088293 300 101706 2
S 62108292 299 101697 2
S 62128291 300 101703 2
S 62148290 300 101701 2
S 62168288 300 101698 2
S 62188287 300 101703 2
S 62208286 300 101703 2
S 62228285 300 101706 2
S 62248283 300 101701 2
S 62268282 300 101696 2
S 62288281 300 101706 2
S 62308280 300 101702 2
S 62328278 299 101699 2
S 62348277 300 101703 2
S 62368276 300 101700 2
S 62388275 300 101704 2
S 62408273 300 101697 2
S 62428272 300 101698 2
S 62448271 300 101700 2
S 62468270 300 101695 2
S 62488268 300 101700 2
S 62508267 300 101700 2
S 62528266 299 101693 2
S 62548265 300 101702 2
S 62568263 300 101697 2
S 62588262 300 101703 2
S 62608261 300 101699 2
S 62628260 300 101705 2
S 62648258 300 101695 2
S 62668257 300 101700 2
S 62688256 300 101702 2
S 62708255 300 101697 2
S 62728253 300 101700 2
S 62748252 299 101694 2
S 62768251 300 101706 2
S 62788250 300 101701 2
S 62808248 299 101694 2
S 62828247 300 101700 2
S 62848246 299 101696 2
S 62868245 299 101697 2
S 62888243 299 101697 2
S 62908242 299 101700 2
S 62928241 300 101706 2
S 62948240 300 101703 2
S 62968238 300 101709 2
S 62988237 300 101701 2
S 63008236 300 101706 2
S 63028235 299 101697 2
S 63048233 299 101700 2
S 63068232 300 101699 2
S 63088231 300 101707 2
S 63108230 300 101705 2
S 63128228 300 101704 2
S 63148227 300 101709 2
S 63168226 300 101703 2
S 63188225 300 101700 2
S 63208223 299 101697 2
S 63228222 300 101703 2
S 63248221 300 101706 2
S 63268220 300 101701 2
S 63288218 300 101697 2
S 63308217 300 101700 2
S 63328216 300 101700 2
S 63348215 300 101706 2
S 63368213 300 101699 2
S 63388212 299 101700 2
S 63408211 300 101701 2
S 63428210 300 101703 2
S 63448208 300 101703 2
S 63468207 300 101706 2
S 63488206 300 101703 2
S 63508205 300 101697 2
S 63528203 299 101697 2
S 63548202 299 101691 2
S 63568201 300 101702 2
S 63588200 299 101697 2
S 63608198 300 101697 2
S 63628197 300 101700 2
S 63648196 300 101703 2
S 63668195 300 101703 2
S 63688193 300 101703 2
S 63708192 299 101698 2
S 63728191 299 101701 2
S 63748190 299 101696 2
S 63768188 300 101702 2
S 63788187 299 101697 2
S 63808186 299 101700 2
S 63828185 300 101702 2
S 63848183 300 101703 2
S 63868182 300 101704 2
S 63888181 300 101698 2
S 63908180 299 101693 2
S 63928178 300 101698 2
S 63948177 300 101699 2
S 63968176 300 101703 2
S 63988175 299 101703 2
S 64008173 300 101706 2
S 64028172 300 101710 2
S 64048171 300 101707 2
S 64068170 300 101705 2
S 64088168 300 101703 2
S 64108167 300 101705 2
S 64128166 300 101707 2
S 64148165 300 101699 2
S 64168163 300 101702 2
S 64188162 300 101706 2
S 64208161 299 101699 2
S 64228160 300 101705 2
S 64248158 300 101702 2
S 64268157 300 101700 2
S 64288156 300 101703 2
S 64308155 300 101704 2
S 64328153 299 101701 2
S 64348152 300 101703 2
S 64368151 300 101706 2
S 64388150 300 101710 2
S 64408148 300 101707 2
S 64428147 300 101704 2
S 64448146 300 101706 2
S 64468145 300 101714 2
S 64488143 300 101703 2
S 64508142 299 101697 2
S 64528141 299 101698 2
S 64548140 300 101703 2
S 64568138 300 101702 2
S 64588137 299 101706 2
S 64608136 299 101706 2
S 64628135 300 101703 2
S 64648133 299 101702 2
S 64668132 300 101701 2
S 64688131 299 101697 2
S 64708130 299 101702 2
S 64728128 299 101703 2
S 64748127 299 101698 2
S 64768126 300 101703 2
S 64788125 300 101710 2
S 64808123 299 101698 2
S 64828122 300 101704 2
S 64848121 300 101706 2
S 64868120 300 101703 2
S 64888118 300 101708 2
S 64908117 300 101705 2
S 64928116 299 101706 2
S 64948115 300 101710 2
S 64968113 299 101703 2
S 64988112 299 101699 2
S 65008111 300 101706 2
S 65028110 299 101696 2
S 65048108 299 101696 2
S 65068107 299 101697 2
S 65088106 299 101697 2
S 65108105 299 101700 2
S 65128103 300 101700 2
S 65148102 299 101704 2
S 65168101 299 101703 2
S 65188100 299 101696 2
S 65208098 299 101700 2
S 65228097 299 101701 2
S 65248096 299 101700 2
S 65268095 300 101705 2
S 65288093 300 101705 2
S 65308092 299 101703 2
S 65328091 299 101700 2
S 65348090 299 101701 2
S 65368088 299 101700 2
S 65388087 299 101703 2
S 65408086 300 101709 2
S 65428085 300 101706 2
S 65448083 299 101703 2
S 65468082 300 101704 2
S 65488081 300 101702 2
S 65508080 299 101700 2
S 65528078 299 101695 2
S 65548077 299 101703 2
S 65568076 299 101697 2
S 65588075 300 101707 2
S 65608073 300 101700 2
S 65628072 300 101707 2
S 65648071 300 101708 2
S 65668070 300 101703 2
S 65688068 300 101708 2
S 65708067 300 101701 2
S 65728066 300 101705 2
S 65748065 300 101708 2
S 65768063 299 101697 2
S 65788062 299 101703 2
S 65808061 300 101708 2
S 65828060 299 101704 2
S 65848058 299 101700 2
S 65868057 300 101706 2
S 65888056 299 101704 2
S 65908055 300 101709 2
S 65928053 300 101709 2
S 65948052 299 101703 2
S 65968051 300 101704 2
S 65988050 299 101694 2
S 66008048 299 101694 2
S 66028047 300 101700 2
S 66048046 300 101707 2
S 66068045 299 101696 2
S 66088043 300 101700 2
S 66108042 299 101697 2
S 66128041 299 101694 2
S 66148040 299 101698 2
S 66168038 300 101705 2
S 66188037 300 101697 2
S 66208036 299 101700 2
S 66228035 299 101701 2
S 66248033 300 101700 2
S 66268032 299 101700 2
S 66288031 299 101701 2
S 66308030 299 101697 2
S 66328028 300 101702 2
S 66348027 300 101709 2
S 66368026 300 101705 2
S 66388025 299 101701 2
S 66408023 299 101697 2
S 66428022 299 101703 2
S 66448021 300 101707 2
S 66468020 300 101709 2
S 66488018 300 101710 2
S 66508017 300 101709 2
S 66528016 300 101706 2
S 66548015 300 101705 2
S 66568013 300 101705 2
S 66588012 300 101706 2
S 66608011 300 101710 2
S 66628010 300 101709 2
S 66648008 300 101709 2
S 66668007 300 101706 2
S 66688006 300 101709 2
S 66708005 300 101706 2
S 66728003 300 101709 2
S 66748002 300 101706 2
S 66768001 300 101711 2
S 66788000 300 101709 2
S 66807998 299 101706 2
S 66827997 299 101703 2
S 66847996 300 101708 2
S 66867995 300 101709 2
S 66887993 300 101704 2
S 66907992 300 101704 2
S 66927991 300 101703 2
S 66947990 300 101708 2
S 66967988 300 101708 2
S 66987987 300 101706 2
S 67007986 300 101711 2
S 67027985 299 101706 2
S 67047983 300 101709 2
S 67067982 300 101705 2
S 67087981 300 101712 2
S 67107980 300 101710 2
S 67127978 300 101711 2
S 67147977 299 101703 2
S 67167976 300 101708 2
S 67187975 300 101715 2
S 67207973 300 101710 2
S 67227972 299 101700 2
S 67247971 299 101700 2
S 67267970 300 101706 2
S 67287968 300 101704 2
S 67307967 300 101700 2
S 67327966 299 101703 2
S 67347965 300 101703 2
S 67367963 300 101709 2
S 67387962 300 101708 2
S 67407961 300 101705 2
S 67427960 300 101703 2
S 67447958 300 101703 2
S 67467957 300 101703 2
S 67487956 300 101705 2
S 67507955 300 101708 2
S 67527953 300 101701 2
S 67547952 300 101706 2
S 67567951 300 101709 2
S 67587950 300 101705 2
S 67607948 300 101699 2
S 67627947 300 101702 2
S 67647946 300 101709 2
S 67667945 300 101707 2
S 67687943 300 101706 2
S 67707942 300 101709 2
S 67727941 300 101706 2
S 67747940 300 101703 2
S 67767938 300 101709 2
S 67787937 300 101707 2
S 67807936 300 101707 2
S 67827935 300 101709 2
S 67847933 300 101712 2
S 67867932 300 101707 2
S 67887931 300 101709 2
S 67907930 300 101704 2
S 67927928 300 101704 2
S 67947927 300 101705 2
S 67967926 300 101711 2
S 67987925 300 101706 2
S 68007923 300 101708 2
S 68027922 300 101714 2
S 68047921 300 101711 2
S 68067920 300 101702 2
S 68087918 300 101707 2
S 68107917 300 101705 2
S 68127916 300 101709 2
S 68147915 300 101709 2
S 68167913 300 101711 2
S 68187912 300 101705 2
S 68207911 300 101709 2
S 68227910 300 101709 2
S 68247908 300 101715 2
S 68267907 300 101712 2
S 68287906 300 101710 2
S 68307905 300 101712 2
S 68327903 300 101709 2
S 68347902 300 101712 2
S 68367901 300 101706 2
S 68387900 300 101703 2
S 68407898 300 101706 2
S 68427897 300 101704 2
S 68447896 300 101707 2
S 68467895 300 101703 2
S 68487893 300 101699 2
S 68507892 300 101702 2
S 68527891 300 101703 2
S 68547890 300 101704 2
S 68567888 300 101706 2
S 68587887 300 101701 2
S 68607886 300 101702 2
S 68627885 300 101706 2
S 68647883 300 101707 2
S 68667882 300 101708 2
S 68687881 300 101706 2
S 68707880 300 101704 2
S 68727878 300 101710 2
S 68747877 300 101706 2
S 68767876 300 101706 2
S 68787875 300 101707 2
S 68807873 300 101704 2
S 68827872 300 101700 2
S 68847871 300 101700 2
S 68867870 300 101703 2
S 68887868 300 101699 2
S 68907867 300 101703 2
S 68927866 299 101700 2
S 68947865 300 101697 2
S 68967863 300 101694 2
S 68987862 300 101701 2
S 69007861 300 101706 2
S 69027860 300 101703 2
S 69047858 300 101712 2
S 69067857 300 101703 2
S 69087856 300 101705 2
S 69107855 300 101699 2
S 69127853 300 101706 2
S 69147852 300 101706 2
S 69167851 300 101704 2
S 69187850 300 101694 2
S 69207848 300 101700 2
S 69227847 300 101700 2
S 69247846 300 101692 2
S 69267845 299 101694 2
S 69287843 300 101702 2
S 69307842 299 101694 2
S 69327841 300 101698 2
S 69347840 300 101701 2
S 69367838 300 101697 2
S 69387837 300 101707 2
S 69407836 300 101697 2
S 69427835 300 101706 2
S 69447833 300 101706 2
S 69467832 300 101706 2
S 69487831 300 101704 2
S 69507830 300 101699 2
S 69527828 300 101698 2
S 69547827 300 101697 2
S 69567826 300 101698 2
S 69587825 300 101702 2
S 69607823 300 101707 2
S 69627822 300 101701 2
S 69647821 300 101704 2
S 69667820 300 101703 2
S 69687818 300 101702 2
S 69707817 300 101710 2
S 69727816 300 101706 2
S 69747815 300 101704 2
S 69767813 300 101705 2
S 69787812 300 101712 2
S 69807811 300 101708 2
S 69827810 300 101702 2
S 69847808 300 101706 2
S 69867807 300 101704 2
S 69887806 300 101710 2
S 69907805 300 101703 2
S 69927803 300 101699 2
S 69947802 300 101700 2
S 69967801 300 101700 2
S 69987800 300 101703 2
S 70007798 300 101697 2
S 70027797 300 101702 2
S 70047796 300 101697 2
S 70067795 300 101706 2
S 70087793 300 101706 2
S 70107792 300 101703 2
S 70127791 300 101706 2
S 70147790 300 101709 2
S 70167788 300 101708 2
S 70187787 300 101703 2
S 70207786 300 101703 2
S 70227785 300 101706 2
S 70247783 300 101706 2
S 70267782 300 101706 2
S 70287781 300 101701 2
S 70307780 300 101700 2
S 70327778 300 101703 2
S 70347777 300 101701 2
S 70367776 300 101704 2
S 70387775 300 101697 2
S 70407773 300 101695 2
S 70427772 300 101703 2
S 70447771 300 101695 2
S 70467770 300 101700 2
S 70487768 300 101697 2
S 70507767 300 101697 2
S 70527766 300 101697 2
S 70547765 300 101701 2
S 70567763 300 101703 2
S 70587762 300 101702 2
S 70607761 300 101703 2
S 70627760 300 101701 2
S 70647758 300 101694 2
S 70667757 300 101697 2
S 70687756 300 101698 2
S 70707755 300 101702 2
S 70727753 300 101703 2
S 70747752 300 101699 2
S 70767751 300 101699 2
S 70787750 300 101700 2
S 70807748 300 101697 2
S 70827747 300 101697 2
S 70847746 300 101700 2
S 70867745 300 101697 2
S 70887743 300 101702 2
S 70907742 300 101701 2
S 70927741 300 101707 2
S 70947740 300 101697 2
S 70967738 300 101706 2
S 70987737 300 101699 2
S 71007736 300 101697 2
S 71027735 300 101704 2
S 71047733 300 101701 2
S 71067732 300 101704 2
S 71087731 300 101702 2
S 71107730 300 101699 2
S 71127728 300 101700 2
S 71147727 300 101697 2
S 71167726 300 101696 2
S 71187725 300 101698 2
S 71207723 300 101697 2
S 71227722 300 101700 2
S 71247721 300 101696 2
S 71267720 300 101704 2
S 71287718 300 101700 2
S 71307717 300 101701 2
S 71327716 300 101700 2
S 71347715 300 101697 2
S 71367713 300 101700 2
S 71387712 300 101699 2
S 71407711 300 101703 2
S 71427710 300 101707 2
S 71447708 300 101700 2
S 71467707 300 101706 2
S 71487706 300 101706 2
S 71507705 300 101703 2
S 71527703 300 101699 2
S 71547702 300 101710 2
S 71567701 300 101702 2
S 71587700 300 101703 2
S 71607698 300 101697 2
S 71627697 300 101698 2
S 71647696 300 101697 2
S 71667695 300 101698 2
S 71687693 300 101701 2
S 71707692 300 101698 2
S 71727691 300 101700 2
S 71747690 300 101703 2
S 71767688 300 101695 2
S 71787687 300 101694 2
S 71807686 300 101696 2
S 71827685 300 101697 2
S 71847683 300 101697 2
S 71867682 300 101703 2
S 71887681 300 101698 2
S 71907680 300 101700 2
S 71927678 300 101692 2
S 71947677 300 101702 2
S 71967676 300 101695 2
S 71987675 300 101697 2
S 72007673 300 101701 2
S 72027672 300 101700 2
S 72047671 300 101701 2
S 72067670 300 101700 2
S 72087668 300 101701 2
S 72107667 300 101698 2
S 72127666 300 101706 2
S 72147665 300 101703 2
S 72167663 300 101700 2
S 72187662 300 101696 2
S 72207661 300 101702 2
S 72227660 300 101700 2
S 72247658 300 101697 2
S 72267657 300 101699 2
S 72287656 300 101699 2
S 72307655 300 101702 2
S 72327653 300 101697 2
S 72347652 300 101701 2
S 72367651 300 101702 2
S 72387650 300 101698 2
S 72407648 300 101699 2
S 72427647 300 101697 2
S 72447646 300 101702 2
S 72467645 300 101712 2
S 72487643 300 101697 2
S 72507642 300 101698 2
S 72527641 300 101697 2
S 72547640 300 101702 2
S 72567638 300 101696 2
S 72587637 300 101695 2
S 72607636 300 101696 2
S 72627635 300 101700 2
S 72647633 300 101703 2
S 72667632 300 101700 2
S 72687631 300 101698 2
S 72707630 300 101694 2
S 72727628 300 101696 2
S 72747627 300 101698 2
S 72767626 300 101699 2
S 72787625 300 101700 2
S 72807623 300 101703 2
S 72827622 300 101701 2
S 72847621 300 101702 2
S 72867620 300 101701 2
S 72887618 300 101703 2
S 72907617 300 101700 2
S 72927616 300 101706 2
S 72947615 300 101696 2
S 72967613 300 101698 2
S 72987612 300 101699 2
S 73007611 300 101697 2
S 73027610 300 101698 2
S 73047608 300 101696 2
S 73067607 300 101700 2
S 73087606 300 101697 2
S 73107605 300 101700 2
S 73127603 300 101711 2
S 73147602 300 101700 2
S 73167601 300 101702 2
S 73187600 300 101699 2
S 73207598 300 101699 2
S 73227597 300 101709 2
S 73247596 300 101706 2
S 73267595 300 101705 2
S 73287593 300 101695 2
S 73307592 300 101706 2
S 73327591 300 101701 2
S 73347590 300 101709 2
S 73367588 300 101701 2
S 73387587 300 101709 2
S 73407586 300 101705 2
S 73427585 300 101706 2
S 73447583 300 101704 2
S 73467582 300 101702 2
S 73487581 300 101700 2
S 73507580 300 101706 2
S 73527578 300 101708 2
S 73547577 300 101697 2
S 73567576 300 101703 2
S 73587575 300 101709 2
S 73607573 300 101704 2
S 73627572 300 101701 2
S 73647571 300 101706 2
S 73667570 300 101699 2
S 73687568 300 101706 2
S 73707567 300 101705 2
S 73727566 300 101696 2
S 73747565 300 101706 2
S 73767563 300 101706 2
S 73787562 300 101704 2
S 73807561 300 101703 2
S 73827560 300 101700 2
S 73847558 300 101694 2
S 73867557 300 101697 2
S 73887556 300 101704 2
S 73907555 300 101698 2
S 73927553 300 101706 2
S 73947552 300 101705 2
S 73967551 300 101706 2
S 73987550 300 101701 2
S 74007548 300 101705 2
S 74027547 300 101708 2
S 74047546 300 101705 2
S 74067545 300 101702 2
S 74087543 300 101703 2
S 74107542 300 101703 2
S 74127541 300 101697 2
S 74147540 300 101700 2
S 74167538 300 101697 2
S 74187537 300 101703 2
S 74207536 300 101701 2
S 74227535 300 101706 2
S 74247533 300 101700 2
S 74267532 300 101695 2
S 74287531 300 101703 2
S 74307530 300 101699 2
S 74327528 300 101697 2
S 74347527 300 101700 2
S 74367526 300 101689 2
S 74387525 300 101697 2
S 74407523 300 101688 2
S 74427522 300 101694 2
S 74447521 300 101690 2
S 74467520 300 101699 2
S 74487518 300 101695 2
S 74507517 300 101695 2
S 74527516 300 101696 2
S 74547515 300 101698 2
S 74567513 300 101700 2
S 74587512 300 101703 2
S 74607511 300 101698 2
S 74627510 300 101702 2
S 74647508 300 101701 2
S 74667507 300 101701 2
S 74687506 300 101706 2
S 74707505 300 101698 2
S 74727503 300 101698 2
S 74747502 300 101699 2
S 74767501 300 101705 2
S 74787500 300 101700 2
S 74807498 300 101688 2
S 74827497 300 101701 2
S 74847496 300 101696 2
S 74867495 300 101703 2
S 74887493 300 101693 2
S 74907492 300 101697 2
S 74927491 300 101692 2
S 74947490 300 101694 2
S 74967488 300 101695 2
S 74987487 300 101695 2
S 75007486 300 101694 2
S 75027485 300 101701 2
S 75047483 300 101697 2
S 75067482 300 101700 2
S 75087481 300 101695 2
S 75107480 300 101697 2
S 75127478 300 101696 2
S 75147477 300 101697 2
S 75167476 300 101693 2
S 75187475 300 101698 2
S 75207473 300 101704 2
S 75227472 300 101699 2
S 75247471 300 101695 2
S 75267470 300 101698 2
S 75287468 300 101704 2
S 75307467 300 101698 2
S 75327466 300 101699 2
S 75347465 300 101695 2
S 75367463 300 101692 2
S 75387462 300 101696 2
S 75407461 300 101691 2
S 75427460 300 101698 2
S 75447458 300 101695 2
S 75467457 300 101695 2
S 75487456 300 101703 2
S 75507455 300 101695 2
S 75527453 300 101697 2
S 75547452 300 101701 2
S 75567451 300 101697 2
S 75587450 300 101694 2
S 75607448 300 101700 2
S 75627447 300 101703 2
S 75647446 300 101700 2
S 75667445 300 101697 2
S 75687443 300 101705 2
S 75707442 300 101702 2
S 75727441 300 101703 2
S 75747440 300 101700 2
S 75767438 300 101697 2
S 75787437 300 101694 2
S 75807436 300 101696 2
S 75827435 300 101705 2
S 75847433 300 101695 2
S 75867432 300 101695 2
S 75887431 300 101698 2
S 75907430 300 101697 2
S 75927428 300 101695 2
S 75947427 300 101698 2
S 75967426 300 101692 2
S 75987425 300 101694 2
S 76007423 300 101706 2
S 76027422 300 101699 2
S 76047421 300 101703 2
S 76067420 300 101701 2
S 76087418 300 101696 2
S 76107417 300 101693 2
S 76127416 300 101688 2
S 76147415 300 101692 2
S 76167413 300 101695 2
S 76187412 300 101701 2
S 76207411 300 101703 2
S 76227410 300 101700 2
S 76247408 300 101699 2
S 76267407 300 101699 2
S 76287406 300 101698 2
S 76307405 300 101696 2
S 76327403 300 101700 2
S 76347402 300 101703 2
S 76367401 300 101694 2
S 76387400 300 101698 2
S 76407398 300 101696 2
S 76427397 300 101697 2
S 76447396 300 101692 2
S 76467395 300 101698 2
S 76487393 300 101696 2
S 76507392 300 101695 2
S 76527391 300 101699 2
S 76547390 300 101698 2
S 76567388 300 101700 2
S 76587387 300 101705 2
S 76607386 300 101698 2
S 76627385 300 101696 2
S 76647383 300 101704 2
S 76667382 300 101703 2
S 76687381 300 101694 2
S 76707380 300 101696 2
S 76727378 300 101697 2
S 76747377 300 101700 2
S 76767376 300 101700 2
S 76787375 300 101692 2
S 76807373 300 101698 2
S 76827372 300 101701 2
S 76847371 300 101699 2
S 76867370 300 101695 2
S 76887368 300 101698 2
S 76907367 300 101693 2
S 76927366 300 101699 2
S 76947365 300 101702 2
S 76967363 300 101698 2
S 76987362 300 101694 2
S 77007361 300 101698 2
S 77027360 300 101694 2
S 77047358 300 101698 2
S 77067357 300 101700 2
S 77087356 300 101700 2
S 77107355 300 101699 2
S 77127353 300 101695 2
S 77147352 300 101698 2
S 77167351 300 101700 2
S 77187350 300 101692 2
S 77207348 300 101699 2
S 77227347 300 101700 2
S 77247346 300 101698 2
S 77267345 300 101692 2
S 77287343 300 101699 2
S 77307342 300 101699 2
S 77327341 300 101700 2
S 77347340 300 101693 2
S 77367338 300 101700 2
S 77387337 300 101696 2
S 77407336 300 101702 2
S 77427335 300 101695 2
S 77447333 300 101700 2
S 77467332 300 101693 2
S 77487331 300 101695 2
S 77507330 300 101703 2
S 77527328 300 101700 2
S 77547327 300 101700 2
S 77567326 300 101697 2
S 77587325 300 101700 2
S 77607323 300 101698 2
S 77627322 300 101701 2
S 77647321 300 101706 2
S 77667320 300 101702 2
S 77687318 300 101699 2
S 77707317 300 101702 2
S 77727316 300 101702 2
S 77747315 300 101693 2
S 77767313 300 101702 2
S 77787312 300 101703 2
S 77807311 300 101708 2
S 77827310 300 101698 2
S 77847308 300 101701 2
S 77867307 300 101700 2
S 77887306 300 101706 2
S 77907305 300 101703 2
S 77927303 300 101698 2
S 77947302 300 101700 2
S 77967301 300 101700 2
S 77987300 300 101696 2
S 78007298 300 101696 2
S 78027297 300 101697 2
S 78047296 300 101693 2
S 78067295 300 101699 2
S 78087293 300 101704 2
S 78107292 300 101696 2
S 78127291 300 101699 2
S 78147290 300 101699 2
S 78167288 300 101701 2
S 78187287 300 101694 2
S 78207286 300 101693 2
S 78227285 300 101689 2
S 78247283 300 101695 2
S 78267282 300 101696 2
S 78287281 300 101697 2
S 78307280 300 101695 2
S 78327278 300 101694 2
S 78347277 300 101698 2
S 78367276 300 101695 2
S 78387275 300 101694 2
S 78407273 300 101700 2
S 78427272 300 101703 2
S 78447271 300 101695 2
S 78467270 300 101698 2
S 78487268 300 101701 2
S 78507267 300 101695 2
S 78527266 300 101692 2
S 78547265 300 101697 2
S 78567263 300 101698 2
S 78587262 300 101707 2
S 78607261 300 101702 2
S 78627260 300 101702 2
S 78647258 300 101701 2
S 78667257 300 101702 2
S 78687256 300 101701 2
S 78707255 300 101700 2
S 78727253 300 101697 2
S 78747252 300 101699 2
S 78767251 300 101695 2
S 78787250 300 101698 2
S 78807248 300 101703 2
S 78827247 300 101697 2
S 78847246 300 101692 2
S 78867245 300 101698 2
S 78887243 300 101700 2
S 78907242 300 101701 2
S 78927241 300 101704 2
S 78947240 300 101697 2
S 78967238 300 101701 2
S 78987237 300 101702 2
S 79007236 300 101697 2
S 79027235 300 101696 2
S 79047233 300 101702 2
S 79067232 300 101698 2
S 79087231 300 101704 2
S 79107230 300 101698 2
S 79127228 300 101696 2
S 79147227 300 101702 2
S 79167226 300 101701 2
S 79187225 300 101706 2
S 79207223 300 101701 2
S 79227222 300 101699 2
S 79247221 300 101700 2
S 79267220 300 101694 2
S 79287218 300 101698 2
S 79307217 300 101695 2
S 79327216 300 101700 2
S 79347215 300 101701 2
S 79367213 300 101696 2
S 79387212 300 101692 2
S 79407211 300 101691 2
S 79427210 300 101694 2
S 79447208 300 101689 2
S 79467207 300 101696 2
S 79487206 300 101703 2
S 79507205 300 101708 2
S 79527203 300 101696 2
S 79547202 300 101703 2
S 79567201 300 101702 2
S 79587200 300 101698 2
S 79607198 300 101695 2
S 79627197 300 101695 2
S 79647196 300 101692 2
S 79667195 300 101698 2
S 79687193 300 101691 2
S 79707192 300 101692 2
S 79727191 300 101699 2
S 79747190 300 101700 2
S 79767188 300 101701 2
S 79787187 300 101698 2
S 79807186 300 101694 2
S 79827185 300 101702 2
S 79847183 300 101705 2
S 79867182 300 101694 2
S 79887181 300 101698 2
S 79907180 300 101695 2
S 79927178 300 101703 2
S 79947177 300 101703 2
S 79967176 300 101698 2
S 79987175 300 101704 2
S 80007173 300 101698 2
S 80027172 300 101704 2
S 80047171 300 101698 2
S 80067170 300 101689 2
S 80087168 300 101704 2
S 80107167 300 101698 2
S 80127166 300 101698 2
S 80147165 300 101701 2
S 80167163 300 101701 2
S 80187162 300 101699 2
S 80207161 300 101695 2
S 80227160 300 101701 2
S 80247158 300 101699 2
S 80267157 300 101695 2
S 80287156 300 101698 2
S 80307155 300 101692 2
S 80327153 300 101705 2
S 80347152 300 101702 2
S 80367151 300 101700 2
S 80387150 300 101697 2
S 80407148 300 101699 2
S 80427147 300 101696 2
S 80447146 300 101705 2
S 80467145 300 101703 2
S 80487143 300 101703 2
S 80507142 300 101699 2
S 80527141 300 101702 2
S 80547140 300 101701 2
S 80567138 300 101705 2
S 80587137 300 101698 2
S 80607136 300 101698 2
S 80627135 300 101702 2
S 80647133 300 101704 2
S 80667132 300 101709 2
S 80687131 300 101698 2
S 80707130 300 101704 2
S 80727128 300 101703 2
S 80747127 300 101698 2
S 80767126 300 101699 2
S 80787125 300 101694 2
S 80807123 300 101696 2
S 80827122 300 101692 2
S 80847121 300 101692 2
S 80867120 300 101695 2
S 80887118 300 101691 2
S 80907117 300 101697 2
S 80927116 300 101696 2
S 80947115 300 101697 2
S 80967113 300 101706 2
S 80987112 300 101695 2
S 81007111 300 101695 2
S 81027110 300 101698 2
S 81047108 300 101701 2
S 81067107 300 101698 2
S 81087106 300 101696 2
S 81107105 300 101698 2
S 81127103 300 101698 2
S 81147102 300 101692 2
S 81167101 300 101700 2
S 81187100 300 101701 2
S 81207098 300 101709 2
S 81227097 300 101701 2
S 81247096 300 101698 2
S 81267095 300 101703 2
S 81287093 300 101705 2
S 81307092 300 101701 2
S 81327091 300 101703 2
S 81347090 300 101696 2
S 81367088 300 101704 2
S 81387087 300 101701 2
S 81407086 300 101707 2
S 81427085 300 101709 2
S 81447083 300 101699 2
S 81467082 300 101691 2
S 81487081 300 101692 2
S 81507080 300 101696 2
S 81527078 300 101690 2
S 81547077 300 101707 2
S 81567076 300 101697 2
S 81587075 300 101704 2
S 81607073 300 101700 2
S 81627072 300 101700 2
S 81647071 300 101695 2
S 81667070 300 101705 2
S 81687068 300 101702 2
S 81707067 300 101700 2
S 81727066 300 101700 2
S 81747065 300 101707 2
S 81767063 300 101695 2
S 81787062 300 101696 2
S 81807061 300 101694 2
S 81827060 300 101692 2
S 81847058 300 101696 2
S 81867057 300 101699 2
S 81887056 300 101700 2
S 81907055 300 101699 2
S 81927053 300 101694 2
S 81947052 300 101697 2
S 81967051 300 101702 2
S 81987050 300 101697 2
S 82007048 300 101701 2
S 82027047 300 101707 2
S 82047046 300 101704 2
S 82067045 300 101704 2
S 82087043 300 101698 2
S 82107042 300 101703 2
S 82127041 300 101700 2
S 82147040 300 101696 2
S 82167038 300 101700 2
S 82187037 300 101693 2
S 82207036 300 101691 2
S 82227035 300 101692 2
S 82247033 300 101691 2
S 82267032 300 101697 2
S 82287031 300 101699 2
S 82307030 300 101702 2
S 82327028 300 101698 2
S 82347027 300 101704 2
S 82367026 300 101698 2
S 82387025 300 101699 2
S 82407023 300 101705 2
S 82427022 300 101697 2
S 82447021 300 101698 2
S 82467020 300 101702 2
S 82487018 300 101698 2
S 82507017 300 101705 2
S 82527016 300 101701 2
S 82547015 300 101703 2
S 82567013 300 101703 2
S 82587012 300 101698 2
S 82607011 300 101700 2
S 82627010 300 101703 2
S 82647008 300 101702 2
S 82667007 300 101701 2
S 82687006 300 101699 2
S 82707005 300 101705 2
S 82727003 300 101695 2
S 82747002 300 101698 2
S 82767001 300 101704 2
S 82787000 300 101689 2
S 82806998 300 101701 2
S 82826997 300 101698 2
S 82846996 300 101702 2
S 82866995 300 101709 2
S 82886993 300 101692 2
S 82906992 300 101695 2
S 82926991 300 101701 2
S 82946990 300 101701 2
S 82966988 300 101697 2
S 82986987 300 101701 2
S 83006986 300 101695 2
S 83026985 300 101703 2
S 83046983 300 101700 2
S 83066982 300 101695 2
S 83086981 300 101695 2
S 83106980 300 101700 2
S 83126978 300 101704 2
S 83146977 300 101695 2
S 83166976 300 101698 2
S 83186975 300 101706 2
S 83206973 300 101693 2
S 83226972 300 101701 2
S 83246971 300 101703 2
S 83266970 300 101710 2
S 83286968 300 101698 2
S 83306967 300 101706 2
S 83326966 300 101704 2
S 83346965 300 101694 2
S 83366963 300 101703 2
S 83386962 300 101709 2
S 83406961 300 101701 2
S 83426960 300 101696 2
S 83446958 300 101697 2
S 83466957 300 101694 2
S 83486956 300 101704 2
S 83506955 300 101697 2
S 83526953 300 101688 2
S 83546952 300 101701 2
S 83566951 300 101703 2
S 83586950 300 101695 2
S 83606948 300 101704 2
S 83626947 300 101699 2
S 83646946 300 101695 2
S 83666945 300 101701 2
S 83686943 300 101701 2
S 83706942 300 101701 2
S 83726941 300 101699 2
S 83746940 300 101701 2
S 83766938 300 101708 2
S 83786937 300 101706 2
S 83806936 300 101703 2
S 83826935 300 101700 2
S 83846933 300 101700 2
S 83866932 300 101704 2
S 83886931 300 101695 2
S 83906930 300 101695 2
S 83926928 300 101698 2
S 83946927 300 101698 2
S 83966926 300 101704 2
S 83986925 300 101694 2
S 84006923 300 101697 2
S 84026922 300 101689 2
S 84046921 300 101702 2
S 84066920 300 101694 2
S 84086918 300 101699 2
S 84106917 300 101704 2
S 84126916 300 101702 2
S 84146915 300 101702 2
S 84166913 300 101701 2
S 84186912 300 101699 2
S 84206911 300 101699 2
S 84226910 300 101694 2
S 84246908 300 101700 2
S 84266907 300 101698 2
S 84286906 300 101698 2
S 84306905 300 101697 2
S 84326903 300 101695 2
S 84346902 300 101695 2
S 84366901 300 101701 2
S 84386900 300 101697 2
S 84406898 300 101694 2
S 84426897 300 101701 2
S 84446896 300 101697 2
S 84466895 300 101701 2
S 84486893 300 101696 2
S 84506892 300 101698 2
S 84526891 300 101700 2
S 84546890 300 101698 2
S 84566888 300 101702 2
S 84586887 300 101702 2
S 84606886 300 101706 2
S 84626885 300 101701 2
S 84646883 300 101698 2
S 84666882 300 101703 2
S 84686881 300 101703 2
S 84706880 300 101701 2
S 84726878 300 101705 2
S 84746877 300 101695 2
S 84766876 300 101698 2
S 84786875 300 101698 2
S 84806873 300 101701 2
S 84826872 300 101702 2
S 84846871 301 101702 2
S 84866870 301 101702 2
S 84886868 301 101700 2
S 84906867 300 101698 2
S 84926866 301 101705 2
S 84946865 301 101700 2
S 84966863 301 101707 2
S 84986862 301 101703 2
S 85006861 300 101703 2
S 85026860 300 101702 2
S 85046858 300 101707 2
S 85066857 301 101701 2
S 85086856 300 101699 2
S 85106855 300 101700 2
S 85126853 301 101703 2
S 85146852 301 101700 2
S 85166851 301 101701 2
S 85186850 300 101696 2
S 85206848 301 101701 2
S 85226847 301 101701 2
S 85246846 300 101695 2
S 85266845 300 101692 2
S 85286843 301 101696 2
S 85306842 300 101693 2
S 85326841 300 101691 2
S 85346840 300 101694 2
S 85366838 300 101693 2
S 85386837 300 101695 2
S 85406836 300 101702 2
S 85426835 301 101704 2
S 85446833 301 101702 2
S 85466832 301 101698 2
S 85486831 301 101699 2
S 85506830 301 101701 2
S 85526828 301 101704 2
S 85546827 301 101705 2
S 85566826 301 101696 2
S 85586825 301 101702 2
S 85606823 301 101703 2
S 85626822 300 101700 2
S 85646821 301 101704 2
S 85666820 301 101701 2
S 85686818 300 101701 2
S 85706817 301 101707 2
S 85726816 301 101700 2
S 85746815 300 101695 2
S 85766813 301 101698 2
S 85786812 301 101701 2
S 85806811 301 101703 2
S 85826810 301 101701 2
S 85846808 301 101700 2
S 85866807 301 101700 2
S 85886806 301 101711 2
S 85906805 301 101701 2
S 85926803 301 101703 2
S 85946802 301 101700 2
S 85966801 301 101700 2
S 85986800 301 101704 2
S 86006798 301 101702 2
S 86026797 301 101703 2
S 86046796 301 101704 2
S 86066795 301 101699 2
S 86086793 300 101695 2
S 86106792 301 101693 2
S 86126791 301 101702 2
S 86146790 301 101698 2
S 86166788 301 101702 2
S 86186787 301 101697 2
S 86206786 301 101696 2
S 86226785 301 101701 2
S 86246783 301 101705 2
S 86266782 301 101709 2
S 86286781 301 101699 2
S 86306780 301 101706 2
S 86326778 301 101702 2
S 86346777 301 101704 2
S 86366776 301 101705 2
S 86386775 301 101707 2
S 86406773 301 101704 2
S 86426772 301 101703 2
S 86446771 301 101701 2
S 86466770 301 101701 2
S 86486768 301 101700 2
S 86506767 301 101705 2
S 86526766 301 101698 2
S 86546765 301 101704 2
S 86566763 301 101710 2
S 86586762 301 101703 2
S 86606761 301 101701 2
S 86626760 301 101701 2
S 86646758 301 101701 2
S 86666757 301 101705 2
S 86686756 301 101704 2
S 86706755 301 101702 2
S 86726753 301 101699 2
S 86746752 301 101703 2
S 86766751 301 101699 2
S 86786750 301 101696 2
S 86806748 300 101693 2
S 86826747 301 101700 2
S 86846746 301 101699 2
S 86866745 301 101705 2
S 86886743 301 101699 2
S 86906742 301 101701 2
S 86926741 301 101702 2
S 86946740 301 101701 2
S 86966738 301 101710 2
S 86986737 301 101703 2
S 87006736 301 101705 2
S 87026735 301 101702 2
S 87046733 301 101696 2
S 87066732 301 101700 2
S 87086731 301 101701 2
S 87106730 301 101706 2
S 87126728 301 101705 2
S 87146727 301 101702 2
S 87166726 301 101703 2
S 87186725 301 101705 2
S 87206723 301 101702 2
S 87226722 301 101707 2
S 87246721 301 101704 2
S 87266720 301 101699 2
S 87286718 301 101703 2
S 87306717 301 101703 2
S 87326716 301 101699 2
S 87346715 301 101701 2
S 87366713 301 101699 2
S 87386712 301 101696 2
S 87406711 301 101702 2
S 87426710 301 101698 2
S 87446708 301 101699 2
S 87466707 301 101701 2
S 87486706 301 101705 2
S 87506705 301 101701 2
S 87526703 301 101699 2
S 87546702 301 101701 2
S 87566701 301 101703 2
S 87586700 301 101695 2
S 87606698 301 101695 2
S 87626697 301 101691 2
S 87646696 301 101691 2
S 87666695 301 101706 2
S 87686693 301 101699 2
S 87706692 301 101697 2
S 87726691 301 101698 2
S 87746690 301 101693 2
S 87766688 301 101698 2
S 87786687 301 101695 2
S 87806686 301 101698 2
S 87826685 301 101699 2
S 87846683 301 101699 2
S 87866682 301 101705 2
S 87886681 301 101702 2
S 87906680 301 101699 2
S 87926678 301 101708 2
S 87946677 301 101695 2
S 87966676 301 101699 2
S 87986675 301 101701 2
S 88006673 301 101700 2
S 88026672 301 101702 2
S 88046671 301 101699 2
S 88066670 301 101702 2
S 88086668 301 101693 2
S 88106667 301 101691 2
S 88126666 301 101699 2
S 88146665 301 101697 2
S 88166663 301 101699 2
S 88186662 301 101696 2
S 88206661 301 101700 2
S 88226660 301 101704 2
S 88246658 301 101705 2
S 88266657 301 101696 2
S 88286656 301 101702 2
S 88306655 301 101696 2
S 88326653 301 101694 2
S 88346652 301 101697 2
S 88366651 301 101698 2
S 88386650 301 101700 2
S 88406648 301 101708 2
S 88426647 301 101694 2
S 88446646 301 101698 2
S 88466645 301 101702 2
S 88486643 301 101704 2
S 88506642 301 101701 2
S 88526641 301 101701 2
S 88546640 301 101696 2
S 88566638 301 101700 2
S 88586637 301 101701 2
S 88606636 301 101705 2
S 88626635 301 101702 2
S 88646633 301 101702 2
S 88666632 301 101706 2
S 88686631 301 101705 2
S 88706630 301 101700 2
S 88726628 301 101699 2
S 88746627 301 101699 2
S 88766626 301 101705 2
S 88786625 301 101696 2
S 88806623 301 101705 2
S 88826622 301 101699 2
S 88846621 301 101702 2
S 88866620 301 101708 2
S 88886618 301 101696 2
S 88906617 301 101704 2
S 88926616 301 101705 2
S 88946615 301 101699 2
S 88966613 301 101700 2
S 88986612 301 101692 2
S 89006611 301 101689 2
S 89026610 301 101702 2
S 89046608 301 101699 2
S 89066607 301 101699 2
S 89086606 301 101696 2
S 89106605 301 101693 2
S 89126603 301 101704 2
S 89146602 301 101705 2
S 89166601 301 101697 2
S 89186600 301 101693 2
S 89206598 301 101696 2
S 89226597 301 101696 2
S 89246596 301 101696 2
S 89266595 301 101697 2
S 89286593 301 101693 2
S 89306592 301 101696 2
S 89326591 301 101693 2
S 89346590 301 101693 2
S 89366588 301 101693 2
S 89386587 301 101696 2
S 89406586 301 101695 2
S 89426585 301 101693 2
S 89446583 301 101696 2
S 89466582 301 101700 2
S 89486581 301 101701 2
S 89506580 301 101694 2
S 89526578 301 101698 2
S 89546577 301 101688 2
S 89566576 301 101693 2
S 89586575 301 101688 2
S 89606573 301 101692 2
S 89626572 301 101698 2
S 89646571 301 101694 2
S 89666570 301 101699 2
S 89686568 301 101693 2
S 89706567 301 101699 2
S 89726566 301 101700 2
S 89746565 301 101698 2
S 89766563 301 101702 2
S 89786562 301 101694 2
S 89806561 301 101701 2
S 89826560 301 101702 2
S 89846558 301 101703 2
S 89866557 301 101701 2
S 89886556 301 101693 2
S 89906555 301 101701 2
S 89926553 301 101698 2
S 89946552 301 101699 2
S 89966551 301 101698 2
S 89986550 301 101696 2
S 90006548 301 101701 2
S 90026547 301 101693 2
S 90046546 301 101698 2
S 90066545 301 101690 2
S 90086543 301 101697 2
S 90106542 301 101692 2
S 90126541 301 101699 2
S 90146540 301 101696 2
S 90166538 301 101695 2
S 90186537 301 101701 2
S 90206536 301 101697 2
S 90226535 301 101699 2
S 90246533 301 101699 2
S 90266532 301 101704 2
S 90286531 301 101690 2
S 90306530 301 101698 2
S 90326528 301 101696 2
S 90346527 301 101700 2
S 90366526 301 101698 2
S 90386525 301 101695 2
S 90406523 301 101697 2
S 90426522 301 101699 2
S 90446521 301 101696 2
S 90466520 301 101693 2
S 90486518 301 101696 2
S 90506517 301 101696 2
S 90526516 301 101692 2
S 90546515 301 101693 2
S 90566513 301 101700 2
S 90586512 301 101696 2
S 90606511 301 101700 2
S 90626510 301 101704 2
S 90646508 301 101693 2
S 90666507 301 101699 2
S 90686506 301 101693 2
S 90706505 301 101698 2
S 90726503 301 101690 2
S 90746502 301 101695 2
S 90766501 301 101692 2
S 90786500 301 101698 2
S 90806498 301 101693 2
S 90826497 301 101695 2
S 90846496 301 101698 2
S 90866495 301 101695 2
S 90886493 301 101697 2
S 90906492 301 101699 2
S 90926491 301 101697 2
S 90946490 301 101684 2
S 90966488 301 101696 2
S 90986487 301 101699 2
S 91006486 301 101700 2
S 91026485 301 101690 2
S 91046483 301 101693 2
S 91066482 301 101696 2
S 91086481 301 101695 2
S 91106480 301 101688 2
S 91126478 301 101695 2
S 91146477 301 101702 2
S 91166476 301 101693 2
S 91186475 301 101690 2
S 91206473 301 101696 2
S 91226472 301 101688 2
S 91246471 301 101705 2
S 91266470 301 101699 2
S 91286468 301 101699 2
S 91306467 301 101698 2
S 91326466 301 101697 2
S 91346465 301 101696 2
S 91366463 301 101696 2
S 91386462 301 101700 2
S 91406461 301 101706 2
S 91426460 301 101697 2
S 91446458 301 101696 2
S 91466457 301 101703 2
S 91486456 301 101699 2
S 91506455 301 101700 2
S 91526453 301 101699 2
S 91546452 301 101703 2
S 91566451 301 101696 2
S 91586450 301 101697 2
S 91606448 301 101696 2
S 91626447 301 101705 2
S 91646446 301 101693 2
S 91666445 301 101696 2
S 91686443 301 101693 2
S 91706442 301 101692 2
S 91726441 301 101698 2
S 91746440 301 101696 2
S 91766438 301 101698 2
S 91786437 301 101691 2
S 91806436 301 101696 2
S 91826435 301 101696 2
S 91846433 301 101702 2
S 91866432 301 101690 2
S 91886431 301 101699 2
S 91906430 301 101699 2
S 91926428 301 101695 2
S 91946427 301 101696 2
S 91966426 301 101696 2
S 91986425 301 101693 2
S 92006423 301 101691 2
S 92026422 301 101697 2
S 92046421 301 101699 2
S 92066420 301 101696 2
S 92086418 301 101697 2
S 92106417 301 101694 2
S 92126416 301 101691 2
S 92146415 301 101691 2
S 92166413 301 101697 2
S 92186412 301 101696 2
S 92206411 301 101690 2
S 92226410 301 101697 2
S 92246408 301 101701 2
S 92266407 301 101700 2
S 92286406 301 101708 2
S 92306405 301 101705 2
S 92326403 301 101694 2
S 92346402 301 101704 2
S 92366401 301 101703 2
S 92386400 301 101701 2
S 92406398 301 101702 2
S 92426397 301 101697 2
S 92446396 301 101696 2
S 92466395 301 101700 2
S 92486393 301 101696 2
S 92506392 301 101701 2
S 92526391 301 101699 2
S 92546390 301 101697 2
S 92566388 301 101702 2
S 92586387 301 101700 2
S 92606386 301 101704 2
S 92626385 301 101696 2
S 92646383 301 101700 2
S 92666382 301 101695 2
S 92686381 301 101699 2
S 92706380 301 101699 2
S 92726378 301 101696 2
S 92746377 301 101698 2
S 92766376 301 101701 2
S 92786375 301 101698 2
S 92806373 301 101702 2
S 92826372 301 101705 2
S 92846371 301 101696 2
S 92866370 301 101703 2
S 92886368 301 101701 2
S 92906367 301 101699 2
S 92926366 301 101696 2
S 92946365 301 101699 2
S 92966363 301 101693 2
S 92986362 301 101697 2
S 93006361 301 101696 2
S 93026360 301 101690 2
S 93046358 301 101692 2
S 93066357 301 101692 2
S 93086356 301 101694 2
S 93106355 301 101697 2
S 93126353 301 101702 2
S 93146352 301 101693 2
S 93166351 301 101696 2
S 93186350 301 101699 2
S 93206348 301 101696 2
S 93226347 301 101687 2
S 93246346 301 101693 2
S 93266345 301 101699 2
S 93286343 301 101696 2
S 93306342 301 101693 2
S 93326341 301 101691 2
S 93346340 301 101693 2
S 93366338 301 101693 2
S 93386337 301 101697 2
S 93406336 301 101696 2
S 93426335 301 101701 2
S 93446333 301 101695 2
S 93466332 301 101698 2
S 93486331 301 101694 2
S 93506330 301 101701 2
S 93526328 301 101699 2
S 93546327 301 101705 2
S 93566326 301 101697 2
S 93586325 301 101692 2
S 93606323 301 101697 2
S 93626322 301 101696 2
S 93646321 301 101704 2
S 93666320 301 101701 2
S 93686318 301 101696 2
S 93706317 301 101701 2
S 93726316 301 101696 2
S 93746315 301 101700 2
S 93766313 301 101702 2
S 93786312 301 101695 2
S 93806311 301 101702 2
S 93826310 301 101698 2
S 93846308 301 101697 2
S 93866307 301 101696 2
S 93886306 301 101700 2
S 93906305 301 101698 2
S 93926303 301 101694 2
S 93946302 301 101692 2
S 93966301 301 101694 2
S 93986300 301 101695 2
S 94006298 301 101699 2
S 94026297 301 101699 2
S 94046296 301 101690 2
S 94066295 301 101697 2
S 94086293 301 101693 2
S 94106292 301 101693 2
S 94126291 301 101690 2
S 94146290 301 101696 2
S 94166288 301 101696 2
S 94186287 301 101696 2
S 94206286 301 101699 2
S 94226285 301 101693 2
S 94246283 301 101694 2
S 94266282 301 101699 2
S 94286281 301 101687 2
S 94306280 301 101696 2
S 94326278 301 101700 2
S 94346277 301 101700 2
S 94366276 301 101694 2
S 94386275 301 101692 2
S 94406273 301 101693 2
S 94426272 301 101699 2
S 94446271 301 101700 2
S 94466270 301 101700 2
S 94486268 301 101701 2
S 94506267 301 101696 2
S 94526266 301 101698 2
S 94546265 301 101696 2
S 94566263 301 101696 2
S 94586262 301 101700 2
S 94606261 301 101696 2
S 94626260 301 101697 2
S 94646258 301 101697 2
S 94666257 301 101694 2
S 94686256 301 101693 2
S 94706255 301 101690 2
S 94726253 301 101701 2
S 94746252 301 101697 2
S 94766251 301 101704 2
S 94786250 301 101703 2
S 94806248 301 101705 2
S 94826247 301 101702 2
S 94846246 301 101697 2
S 94866245 301 101703 2
S 94886243 301 101698 2
S 94906242 301 101702 2
S 94926241 301 101699 2
S 94946240 301 101697 2
S 94966238 301 101702 2
S 94986237 301 101701 2
S 95006236 301 101701 2
S 95026235 301 101704 2
S 95046233 301 101706 2
S 95066232 301 101699 2
S 95086231 301 101700 2
S 95106230 301 101704 2
S 95126228 301 101700 2
S 95146227 301 101701 2
S 95166226 301 101708 2
S 95186225 301 101705 2
S 95206223 301 101705 2
S 95226222 301 101696 2
S 95246221 301 101704 2
S 95266220 301 101705 2
S 95286218 301 101702 2
S 95306217 301 101705 2
S 95326216 301 101696 2
S 95346215 301 101700 2
S 95366213 301 101700 2
S 95386212 301 101703 2
S 95406211 301 101701 2
S 95426210 301 101700 2
S 95446208 301 101696 2
S 95466207 301 101696 2
S 95486206 301 101705 2
S 95506205 301 101699 2
S 95526203 301 101710 2
S 95546202 301 101708 2
S 95566201 301 101696 2
S 95586200 301 101702 2
S 95606198 301 101705 2
S 95626197 301 101701 2
S 95646196 301 101698 2
S 95666195 301 101702 2
S 95686193 301 101704 2
S 95706192 301 101697 2
S 95726191 301 101699 2
S 95746190 301 101696 2
S 95766188 301 101702 2
S 95786187 301 101703 2
S 95806186 301 101698 2
S 95826185 301 101699 2
S 95846183 301 101702 2
S 95866182 301 101702 2
S 95886181 301 101697 2
S 95906180 301 101696 2
S 95926178 301 101693 2
S 95946177 301 101699 2
S 95966176 301 101700 2
S 95986175 301 101704 2
S 96006173 301 101702 2
S 96026172 301 101696 2
S 96046171 301 101699 2
S 96066170 301 101699 2
S 96086168 301 101703 2
S 96106167 301 101692 2
S 96126166 301 101699 2
S 96146165 302 101712 2
S 96166163 301 101698 2
S 96186162 301 101695 2
S 96206161 301 101702 2
S 96226160 301 101700 2
S 96246158 301 101700 2
S 96266157 301 101700 2
S 96286156 301 101696 2
S 96306155 301 101703 2
S 96326153 301 101700 2
S 96346152 301 101694 2
S 96366151 301 101701 2
S 96386150 301 101705 2
S 96406148 301 101702 2
S 96426147 301 101698 2
S 96446146 301 101691 2
S 96466145 301 101697 2
S 96486143 301 101700 2
S 96506142 301 101697 2
S 96526141 301 101697 2
S 96546140 301 101704 2
S 96566138 301 101704 2
S 96586137 301 101702 2
S 96606136 301 101705 2
S 96626135 301 101703 2
S 96646133 301 101700 2
S 96666132 301 101704 2
S 96686131 301 101697 2
S 96706130 301 101700 2
S 96726128 301 101696 2
S 96746127 301 101703 2
S 96766126 301 101703 2
S 96786125 301 101702 2
S 96806123 302 101710 2
S 96826122 301 101700 2
S 96846121 301 101706 2
S 96866120 301 101702 2
S 96886118 301 101702 2
S 96906117 301 101701 2
S 96926116 301 101706 2
S 96946115 301 101700 2
S 96966113 301 101697 2
S 96986112 301 101701 2
S 97006111 301 101701 2
S 97026110 301 101691 2
S 97046108 301 101695 2
S 97066107 301 101695 2
S 97086106 301 101699 2
S 97106105 301 101696 2
S 97126103 301 101694 2
S 97146102 301 101686 2
S 97166101 301 101705 2
S 97186100 301 101694 2
S 97206098 301 101696 2
S 97226097 301 101697 2
S 97246096 301 101699 2
S 97266095 301 101698 2
S 97286093 301 101699 2
S 97306092 301 101698 2
S 97326091 302 101704 2
S 97346090 301 101688 2
S 97366088 301 101695 2
S 97386087 301 101689 2
S 97406086 301 101707 2
S 97426085 301 101700 2
S 97446083 301 101702 2
S 97466082 301 101697 2
S 97486081 301 101703 2
S 97506080 301 101691 2
S 97526078 301 101694 2
S 97546077 301 101693 2
S 97566076 301 101702 2
S 97586075 301 101697 2
S 97606073 301 101700 2
S 97626072 301 101700 2
S 97646071 301 101705 2
S 97666070 301 101704 2
S 97686068 301 101702 2
S 97706067 301 101704 2
S 97726066 301 101697 2
S 97746065 301 101700 2
S 97766063 301 101697 2
S 97786062 301 101696 2
S 97806061 301 101700 2
S 97826060 301 101696 2
S 97846058 301 101700 2
S 97866057 301 101700 2
S 97886056 301 101704 2
S 97906055 301 101694 2
S 97926053 301 101699 2
S 97946052 301 101704 2
S 97966051 301 101697 2
S 97986050 301 101696 2
S 98006048 301 101698 2
S 98026047 301 101694 2
S 98046046 301 101699 2
S 98066045 301 101697 2
S 98086043 301 101703 2
S 98106042 301 101706 2
S 98126041 301 101699 2
S 98146040 301 101697 2
S 98166038 301 101703 2
S 98186037 301 101696 2
S 98206036 301 101691 2
S 98226035 301 101701 2
S 98246033 301 101701 2
S 98266032 301 101696 2
S 98286031 301 101694 2
S 98306030 301 101702 2
S 98326028 301 101700 2
S 98346027 301 101702 2
S 98366026 301 101693 2
S 98386025 301 101702 2
S 98406023 301 101688 2
S 98426022 301 101691 2
S 98446021 301 101691 2
S 98466020 301 101700 2
S 98486018 301 101697 2
S 98506017 301 101695 2
S 98526016 301 101701 2
S 98546015 301 101700 2
S 98566013 301 101698 2
S 98586012 301 101700 2
S 98606011 301 101708 2
S 98626010 301 101704 2
S 98646008 301 101706 2
S 98666007 301 101706 2
S 98686006 301 101701 2
S 98706005 301 101702 2
S 98726003 301 101702 2
S 98746002 301 101700 2
S 98766001 301 101701 2
S 98786000 301 101702 2
S 98805998 301 101698 2
S 98825997 301 101702 2
S 98845996 301 101705 2
S 98865995 301 101709 2
S 98885993 302 101714 2
S 98905992 302 101710 2
S 98925991 301 101707 2
S 98945990 301 101708 2
S 98965988 301 101702 2
S 98985987 301 101706 2
S 99005986 301 101708 2
S 99025985 302 101706 2
S 99045983 301 101697 2
S 99065982 301 101706 2
S 99085981 301 101697 2
S 99105980 301 101704 2
S 99125978 301 101702 2
S 99145977 301 101702 2
S 99165976 301 101701 2
S 99185975 301 101700 2
S 99205973 301 101698 2
S 99225972 301 101695 2
S 99245971 301 101696 2
S 99265970 301 101696 2
S 99285968 301 101705 2
S 99305967 302 101703 2
S 99325966 301 101701 2
S 99345965 301 101706 2
S 99365963 301 101690 2
S 99385962 301 101695 2
S 99405961 301 101693 2
S 99425960 301 101692 2
S 99445958 301 101698 2
S 99465957 301 101689 2
S 99485956 302 101702 2
S 99505955 301 101697 2
S 99525953 301 101688 2
S 99545952 301 101689 2
S 99565951 301 101692 2
S 99585950 301 101692 2
S 99605948 301 101688 2
S 99625947 301 101690 2
S 99645946 301 101691 2
S 99665945 301 101691 2
S 99685943 301 101689 2
S 99705942 301 101694 2
S 99725941 301 101692 2
S 99745940 301 101693 2
S 99765938 301 101697 2
S 99785937 301 101694 2
S 99805936 301 101698 2
S 99825935 301 101691 2
S 99845933 301 101696 2
S 99865932 301 101700 2
S 99885931 301 101698 2
S 99905930 301 101697 2
S 99925928 301 101699 2
S 99945927 301 101695 2
S 99965926 301 101695 2
S 99985925 301 101697 2
S 100005923 301 101691 2
S 100025922 301 101697 2
S 100045921 301 101694 2
S 100065920 301 101694 2
S 100085918 301 101700 2
S 100105917 301 101695 2
S 100125916 301 101695 2
S 100145915 301 101696 2
S 100165913 301 101695 2
S 100185912 301 101696 2
S 100205911 301 101694 2
S 100225910 301 101703 2
S 100245908 301 101697 2
S 100265907 301 101697 2
S 100285906 301 101694 2
S 100305905 301 101694 2
S 100325903 301 101705 2
S 100345902 301 101699 2
S 100365901 301 101697 2
S 100385900 301 101692 2
S 100405898 301 101697 2
S 100425897 301 101706 2
S 100445896 301 101691 2
S 100465895 301 101698 2
S 100485893 301 101697 2
S 100505892 301 101691 2
S 100525891 301 101698 2
S 100545890 301 101694 2
S 100565888 301 101700 2
S 100585887 301 101700 2
S 100605886 301 101697 2
S 100625885 301 101697 2
S 100645883 301 101697 2
S 100665882 301 101696 2
S 100685881 302 101703 2
S 100705880 301 101692 2
S 100725878 301 101697 2
S 100745877 301 101697 2
S 100765876 301 101698 2
S 100785875 301 101696 2
S 100805873 301 101696 2
S 100825872 301 101695 2
S 100845871 301 101703 2
S 100865870 301 101703 2
S 100885868 301 101699 2
S 100905867 301 101695 2
S 100925866 301 101700 2
S 100945865 301 101701 2
S 100965863 301 101694 2
S 100985862 301 101688 2
S 101005861 301 101694 2
S 101025860 301 101690 2
S 101045858 301 101703 2
S 101065857 301 101693 2
S 101085856 302 101706 2
S 101105855 301 101696 2
S 101125853 301 101701 2
S 101145852 301 101703 2
S 101165851 302 101705 2
S 101185850 301 101694 2
S 101205848 301 101694 2
S 101225847 301 101694 2
S 101245846 301 101700 2
S 101265845 302 101707 2
S 101285843 301 101706 2
S 101305842 301 101701 2
S 101325841 302 101709 2
S 101345840 301 101702 2
S 101365838 301 101697 2
S 101385837 301 101702 2
S 101405836 301 101698 2
S 101425835 301 101703 2
S 101445833 302 101706 2
S 101465832 301 101696 2
S 101485831 301 101699 2
S 101505830 301 101699 2
S 101525828 301 101698 2
S 101545827 301 101700 2
S 101565826 301 101699 2
S 101585825 301 101696 2
S 101605823 301 101702 2
S 101625822 301 101700 2
S 101645821 301 101705 2
S 101665820 301 101694 2
S 101685818 301 101700 2
S 101705817 301 101694 2
S 101725816 301 101698 2
S 101745815 301 101688 2
S 101765813 301 101696 2
S 101785812 301 101696 2
S 101805811 301 101698 2
S 101825810 301 101699 2
S 101845808 301 101705 2
S 101865807 301 101701 2
S 101885806 301 101699 2
S 101905805 301 101693 2
S 101925803 301 101700 2
S 101945802 301 101700 2
S 101965801 301 101694 2
S 101985800 301 101689 2
S 102005798 301 101692 2
S 102025797 301 101697 2
S 102045796 301 101698 2
S 102065795 301 101699 2
S 102085793 301 101700 2
S 102105792 301 101698 2
S 102125791 301 101694 2
S 102145790 301 101701 2
S 102165788 301 101698 2
S 102185787 301 101691 2
S 102205786 301 101691 2
S 102225785 301 101700 2
S 102245783 301 101699 2
S 102265782 301 101704 2
S 102285781 301 101695 2
S 102305780 301 101699 2
S 102325778 301 101701 2
S 102345777 301 101703 2
S 102365776 301 101697 2
S 102385775 301 101700 2
S 102405773 301 101700 2
S 102425772 301 101703 2
S 102445771 301 101697 2
S 102465770 301 101697 2
S 102485768 301 101692 2
S 102505767 301 101693 2
S 102525766 301 101694 2
S 102545765 301 101694 2
S 102565763 301 101698 2
S 102585762 301 101703 2
S 102605761 301 101703 2
S 102625760 301 101694 2
S 102645758 301 101702 2
S 102665757 301 101700 2
S 102685756 301 101697 2
S 102705755 301 101692 2
S 102725753 301 101691 2
S 102745752 301 101695 2
S 102765751 301 101696 2
S 102785750 301 101691 2
S 102805748 301 101694 2
S 102825747 301 101696 2
S 102845746 301 101698 2
S 102865745 301 101700 2
S 102885743 301 101696 2
S 102905742 301 101697 2
S 102925741 301 101695 2
S 102945740 302 101702 2
S 102965738 301 101699 2
S 102985737 301 101697 2
S 103005736 301 101688 2
S 103025735 301 101697 2
S 103045733 301 101695 2
S 103065732 301 101694 2
S 103085731 302 101702 2
S 103105730 302 101701 2
S 103125728 301 101703 2
S 103145727 301 101696 2
S 103165726 301 101700 2
S 103185725 301 101700 2
S 103205723 301 101700 2
S 103225722 301 101695 2
S 103245721 302 101707 2
S 103265720 302 101702 2
S 103285718 301 101703 2
S 103305717 301 101698 2
S 103325716 301 101700 2
S 103345715 302 101705 2
S 103365713 302 101713 2
S 103385712 302 101710 2
S 103405711 301 101706 2
S 103425710 301 101694 2
S 103445708 302 101709 2
S 103465707 301 101700 2
S 103485706 302 101707 2
S 103505705 301 101700 2
S 103525703 301 101700 2
S 103545702 301 101700 2
S 103565701 301 101699 2
S 103585700 302 101703 2
S 103605698 302 101703 2
S 103625697 302 101704 2
S 103645696 301 101701 2
S 103665695 301 101702 2
S 103685693 301 101700 2
S 103705692 301 101695 2
S 103725691 301 101696 2
S 103745690 301 101689 2
S 103765688 301 101695 2
S 103785687 301 101697 2
S 103805686 301 101706 2
S 103825685 301 101703 2
S 103845683 301 101692 2
S 103865682 301 101696 2
S 103885681 301 101701 2
S 103905680 301 101694 2
S 103925678 301 101694 2
S 103945677 301 101700 2
S 103965676 301 101688 2
S 103985675 301 101697 2
S 104005673 301 101693 2
S 104025672 301 101695 2
S 104045671 301 101691 2
S 104065670 301 101693 2
S 104085668 301 101697 2
S 104105667 301 101694 2
S 104125666 301 101697 2
S 104145665 301 101690 2
S 104165663 301 101698 2
S 104185662 301 101698 2
S 104205661 301 101700 2
S 104225660 301 101697 2
S 104245658 301 101697 2
S 104265657 301 101697 2
S 104285656 301 101697 2
S 104305655 301 101698 2
S 104325653 301 101702 2
S 104345652 301 101702 2
S 104365651 301 101697 2
S 104385650 301 101700 2
S 104405648 301 101704 2
S 104425647 301 101701 2
S 104445646 301 101699 2
S 104465645 301 101696 2
S 104485643 301 101696 2
S 104505642 301 101699 2
S 104525641 301 101701 2
S 104545640 301 101697 2
S 104565638 301 101696 2
S 104585637 301 101700 2
S 104605636 301 101701 2
S 104625635 301 101697 2
S 104645633 301 101697 2
S 104665632 301 101700 2
S 104685631 301 101707 2
S 104705630 301 101698 2
S 104725628 301 101695 2
S 104745627 301 101703 2
S 104765626 301 101694 2
S 104785625 301 101702 2
S 104805623 301 101699 2
S 104825622 301 101700 2
S 104845621 301 101694 2
S 104865620 301 101694 2
S 104885618 301 101691 2
S 104905617 301 101699 2
S 104925616 301 101693 2
S 104945615 301 101691 2
S 104965613 301 101697 2
S 104985612 301 101694 2
S 105005611 301 101697 2
S 105025610 301 101698 2
S 105045608 301 101695 2
S 105065607 301 101698 2
S 105085606 301 101695 2
S 105105605 301 101694 2
S 105125603 301 101694 2
S 105145602 301 101694 2
S 105165601 301 101697 2
S 105185600 301 101699 2
S 105205598 301 101702 2
S 105225597 301 101694 2
S 105245596 301 101694 2
S 105265595 301 101697 2
S 105285593 301 101698 2
S 105305592 301 101695 2
S 105325591 301 101691 2
S 105345590 301 101692 2
S 105365588 301 101700 2
S 105385587 301 101695 2
S 105405586 301 101697 2
S 105425585 301 101700 2
S 105445583 301 101687 2
S 105465582 301 101691 2
S 105485581 302 101701 2
S 105505580 301 101700 2
S 105525578 301 101694 2
S 105545577 301 101691 2
S 105565576 302 101697 2
S 105585575 301 101697 2
S 105605573 301 101695 2
S 105625572 301 101694 2
S 105645571 301 101693 2
S 105665570 301 101700 2
S 105685568 302 101700 2
S 105705567 302 101700 2
S 105725566 301 101696 2
S 105745565 301 101697 2
S 105765563 301 101698 2
S 105785562 301 101694 2
S 105805561 302 101705 2
S 105825560 301 101700 2
S 105845558 302 101702 2
S 105865557 302 101696 2
S 105885556 302 101703 2
S 105905555 301 101701 2
S 105925553 301 101695 2
S 105945552 302 101703 2
S 105965551 302 101701 2
S 105985550 301 101700 2
S 106005548 301 101697 2
S 106025547 301 101697 2
S 106045546 301 101695 2
S 106065545 301 101698 2
S 106085543 301 101697 2
S 106105542 302 101697 2
S 106125541 302 101707 2
S 106145540 302 101703 2
S 106165538 302 101703 2
S 106185537 302 101703 2
S 106205536 301 101700 2
S 106225535 301 101696 2
S 106245533 301 101694 2
S 106265532 301 101699 2
S 106285531 302 101707 2
S 106305530 302 101700 2
S 106325528 302 101700 2
S 106345527 302 101700 2
S 106365526 302 101703 2
S 106385525 301 101697 2
S 106405523 302 101700 2
S 106425522 302 101704 2
S 106445521 302 101704 2
S 106465520 302 101705 2
S 106485518 301 101698 2
S 106505517 302 101700 2
S 106525516 302 101700 2
S 106545515 302 101699 2
S 106565513 302 101697 2
S 106585512 302 101698 2
S 106605511 302 101701 2
S 106625510 302 101694 2
S 106645508 302 101694 2
S 106665507 302 101696 2
S 106685506 302 101694 2
S 106705505 302 101701 2
S 106725503 302 101706 2
S 106745502 302 101700 2
S 106765501 302 101699 2
S 106785500 302 101701 2
S 106805498 302 101698 2
S 106825497 302 101697 2
S 106845496 302 101695 2
S 106865495 302 101698 2
S 106885493 302 101695 2
S 106905492 302 101697 2
S 106925491 302 101703 2
S 106945490 302 101702 2
S 106965488 302 101704 2
S 106985487 302 101696 2
S 107005486 302 101700 2
S 107025485 302 101697 2
S 107045483 302 101699 2
S 107065482 301 101693 2
S 107085481 301 101692 2
S 107105480 302 101697 2
S 107125478 302 101700 2
S 107145477 302 101694 2
S 107165476 302 101701 2
S 107185475 302 101701 2
S 107205473 302 101701 2
S 107225472 302 101706 2
S 107245471 301 101699 2
S 107265470 302 101704 2
S 107285468 302 101700 2
S 107305467 302 101700 2
S 107325466 302 101695 2
S 107345465 302 101700 2
S 107365463 302 101704 2
S 107385462 302 101703 2
S 107405461 302 101700 2
S 107425460 302 101703 2
S 107445458 302 101700 2
S 107465457 302 101700 2
S 107485456 302 101702 2
S 107505455 302 101704 2
S 107525453 302 101700 2
S 107545452 302 101701 2
S 107565451 302 101703 2
S 107585450 302 101697 2
S 107605448 302 101701 2
S 107625447 302 101699 2
S 107645446 302 101698 2
S 107665445 302 101697 2
S 107685443 302 101699 2
S 107705442 302 101700 2
S 107725441 302 101703 2
S 107745440 302 101701 2
S 107765438 302 101700 2
S 107785437 302 101699 2
S 107805436 302 101694 2
S 107825435 302 101705 2
S 107845433 302 101705 2
S 107865432 302 101701 2
S 107885431 302 101702 2
S 107905430 302 101703 2
S 107925428 302 101701 2
S 107945427 302 101702 2
S 107965426 302 101700 2
S 107985425 302 101700 2
S 108005423 302 101698 2
S 108025422 302 101703 2
S 108045421 302 101697 2
S 108065420 302 101695 2
S 108085418 302 101695 2
S 108105417 302 101694 2
S 108125416 302 101694 2
S 108145415 302 101697 2
S 108165413 302 101699 2
S 108185412 302 101694 2
S 108205411 302 101704 2
S 108225410 302 101700 2
S 108245408 302 101698 2
S 108265407 302 101701 2
S 108285406 302 101697 2
S 108305405 302 101697 2
S 108325403 301 101697 2
S 108345402 302 101692 2
S 108365401 302 101694 2
S 108385400 302 101700 2
S 108405398 302 101700 2
S 108425397 301 101688 2
S 108445396 302 101697 2
S 108465395 302 101700 2
S 108485393 302 101698 2
S 108505392 302 101697 2
S 108525391 302 101695 2
S 108545390 302 101697 2
S 108565388 302 101698 2
S 108585387 302 101700 2
S 108605386 302 101699 2
S 108625385 302 101700 2
S 108645383 302 101697 2
S 108665382 302 101694 2
S 108685381 302 101697 2
S 108705380 302 101702 2
S 108725378 302 101696 2
S 108745377 302 101700 2
S 108765376 302 101700 2
S 108785375 302 101700 2
S 108805373 302 101700 2
S 108825372 302 101698 2
S 108845371 302 101700 2
S 108865370 302 101700 2
S 108885368 302 101697 2
S 108905367 302 101697 2
S 108925366 302 101694 2
S 108945365 302 101699 2
S 108965363 302 101697 2
S 108985362 302 101697 2
S 109005361 302 101698 2
S 109025360 302 101696 2
S 109045358 302 101696 2
S 109065357 302 101696 2
S 109085356 302 101698 2
S 109105355 302 101695 2
S 109125353 302 101693 2
S 109145352 302 101693 2
S 109165351 302 101695 2
S 109185350 302 101697 2
S 109205348 302 101697 2
S 109225347 302 101701 2
S 109245346 302 101697 2
S 109265345 302 101696 2
S 109285343 302 101695 2
S 109305342 302 101692 2
S 109325341 302 101697 2
S 109345340 302 101699 2
S 109365338 302 101697 2
S 109385337 302 101692 2
S 109405336 302 101691 2
S 109425335 302 101689 2
S 109445333 302 101698 2
S 109465332 302 101694 2
S 109485331 302 101695 2
S 109505330 302 101688 2
S 109525328 302 101691 2
S 109545327 302 101688 2
S 109565326 302 101693 2
S 109585325 302 101691 2
S 109605323 302 101693 2
S 109625322 302 101698 2
S 109645321 302 101690 2
S 109665320 302 101688 2
S 109685318 302 101691 2
S 109705317 302 101696 2
S 109725316 302 101696 2
S 109745315 302 101692 2
S 109765313 302 101684 2
S 109785312 302 101692 2
S 109805311 302 101695 2
S 109825310 302 101691 2
S 109845308 302 101694 2
S 109865307 302 101695 2
S 109885306 302 101690 2
S 109905305 302 101694 2
S 109925303 302 101700 2
S 109945302 302 101693 2
S 109965301 302 101694 2
S 109985300 302 101698 2
S 110005298 302 101697 2
S 110025297 302 101688 2
S 110045296 302 101694 2
S 110065295 302 101699 2
S 110085293 302 101690 2
S 110105292 302 101694 2
S 110125291 302 101692 2
S 110145290 302 101697 2
S 110165288 302 101689 2
S 110185287 302 101696 2
S 110205286 302 101693 2
S 110225285 302 101695 2
S 110245283 302 101692 2
S 110265282 302 101692 2
S 110285281 302 101695 2
S 110305280 302 101691 2
S 110325278 302 101697 2
S 110345277 302 101692 2
S 110365276 302 101691 2
S 110385275 302 101694 2
S 110405273 302 101694 2
S 110425272 302 101693 2
S 110445271 302 101690 2
S 110465270 302 101693 2
S 110485268 302 101694 2
S 110505267 302 101700 2
S 110525266 302 101696 2
S 110545265 302 101698 2
S 110565263 302 101697 2
S 110585262 302 101697 2
S 110605261 302 101697 2
S 110625260 302 101700 2
S 110645258 302 101702 2
S 110665257 302 101703 2
S 110685256 302 101703 2
S 110705255 302 101703 2
S 110725253 302 101703 2
S 110745252 302 101702 2
S 110765251 302 101699 2
S 110785250 302 101698 2
S 110805248 302 101691 2
S 110825247 302 101699 2
S 110845246 302 101697 2
S 110865245 302 101701 2
S 110885243 302 101699 2
S 110905242 302 101700 2
S 110925241 302 101693 2
S 110945240 302 101696 2
S 110965238 302 101695 2
S 110985237 302 101700 2
S 111005236 302 101698 2
S 111025235 302 101697 2
S 111045233 302 101698 2
S 111065232 302 101701 2
S 111085231 302 101700 2
S 111105230 302 101701 2
S 111125228 302 101700 2
S 111145227 302 101703 2
S 111165226 302 101703 2
S 111185225 302 101700 2
S 111205223 302 101695 2
S 111225222 302 101697 2
S 111245221 302 101696 2
S 111265220 302 101695 2
S 111285218 302 101697 2
S 111305217 302 101692 2
S 111325216 302 101693 2
S 111345215 302 101691 2
S 111365213 302 101695 2
S 111385212 302 101698 2
S 111405211 302 101697 2
S 111425210 302 101700 2
S 111445208 302 101707 2
S 111465207 302 101703 2
S 111485206 302 101702 2
S 111505205 302 101700 2
S 111525203 302 101699 2
S 111545202 302 101698 2
S 111565201 302 101700 2
S 111585200 302 101698 2
S 111605198 302 101691 2
S 111625197 302 101691 2
S 111645196 302 101694 2
S 111665195 302 101700 2
S 111685193 302 101692 2
S 111705192 302 101697 2
S 111725191 302 101697 2
S 111745190 302 101700 2
S 111765188 302 101702 2
S 111785187 302 101696 2
S 111805186 302 101700 2
S 111825185 302 101699 2
S 111845183 302 101691 2
S 111865182 302 101702 2
S 111885181 302 101697 2
S 111905180 302 101694 2
S 111925178 302 101696 2
S 111945177 302 101696 2
S 111965176 302 101696 2
S 111985175 302 101700 2
S 112005173 302 101698 2
S 112025172 302 101701 2
S 112045171 302 101703 2
S 112065170 302 101694 2
S 112085168 302 101698 2
S 112105167 302 101703 2
S 112125166 302 101703 2
S 112145165 302 101702 2
S 112165163 302 101702 2
S 112185162 302 101699 2
S 112205161 302 101701 2
S 112225160 302 101697 2
S 112245158 302 101697 2
S 112265157 302 101695 2
S 112285156 302 101691 2
S 112305155 302 101695 2
S 112325153 302 101694 2
S 112345152 302 101697 2
S 112365151 302 101694 2
S 112385150 302 101692 2
S 112405148 302 101698 2
S 112425147 302 101701 2
S 112445146 302 101700 2
S 112465145 302 101698 2
S 112485143 302 101696 2
S 112505142 302 101696 2
S 112525141 302 101692 2
S 112545140 302 101695 2
S 112565138 302 101695 2
S 112585137 302 101700 2
S 112605136 302 101698 2
S 112625135 302 101699 2
S 112645133 302 101704 2
S 112665132 302 101698 2
S 112685131 302 101700 2
S 112705130 302 101701 2
S 112725128 302 101701 2
S 112745127 302 101700 2
S 112765126 302 101696 2
S 112785125 302 101700 2
S 112805123 302 101698 2
S 112825122 302 101697 2
S 112845121 302 101699 2
S 112865120 302 101703 2
S 112885118 302 101694 2
S 112905117 302 101689 2
S 112925116 302 101705 2
S 112945115 302 101703 2
S 112965113 302 101692 2
S 112985112 302 101694 2
S 113005111 302 101699 2
S 113025110 302 101691 2
S 113045108 302 101700 2
S 113065107 302 101706 2
S 113085106 302 101698 2
S 113105105 302 101692 2
S 113125103 302 101698 2
S 113145102 302 101702 2
S 113165101 302 101694 2
S 113185100 302 101693 2
S 113205098 302 101699 2
S 113225097 302 101699 2
S 113245096 302 101702 2
S 113265095 302 101699 2
S 113285093 302 101703 2
S 113305092 302 101694 2
S 113325091 302 101695 2
S 113345090 302 101695 2
S 113365088 302 101697 2
S 113385087 302 101698 2
S 113405086 302 101700 2
S 113425085 302 101696 2
S 113445083 302 101704 2
S 113465082 302 101699 2
S 113485081 302 101693 2
S 113505080 302 101702 2
S 113525078 302 101695 2
S 113545077 302 101700 2
S 113565076 302 101701 2
S 113585075 302 101693 2
S 113605073 302 101697 2
S 113625072 302 101697 2
S 113645071 302 101691 2
S 113665070 302 101700 2
S 113685068 302 101697 2
S 113705067 302 101699 2
S 113725066 302 101695 2
S 113745065 302 101696 2
S 113765063 302 101699 2
S 113785062 302 101697 2
S 113805061 302 101697 2
S 113825060 302 101697 2
S 113845058 302 101695 2
S 113865057 302 101698 2
S 113885056 302 101696 2
S 113905055 302 101697 2
S 113925053 302 101691 2
S 113945052 302 101688 2
S 113965051 302 101690 2
S 113985050 302 101698 2
S 114005048 302 101703 2
S 114025047 302 101694 2
S 114045046 302 101698 2
S 114065045 302 101691 2
S 114085043 302 101695 2
S 114105042 302 101688 2
S 114125041 302 101690 2
S 114145040 302 101693 2
S 114165038 302 101699 2
S 114185037 302 101686 2
S 114205036 302 101690 2
S 114225035 302 101693 2
S 114245033 302 101701 2
S 114265032 302 101693 2
S 114285031 302 101691 2
S 114305030 302 101693 2
S 114325028 302 101691 2
S 114345027 302 101694 2
S 114365026 302 101688 2
S 114385025 302 101688 2
S 114405023 302 101696 2
S 114425022 302 101689 2
S 114445021 302 101694 2
S 114465020 302 101697 2
S 114485018 302 101693 2
S 114505017 302 101686 2
S 114525016 302 101697 2
S 114545015 302 101695 2
S 114565013 302 101697 2
S 114585012 302 101690 2
S 114605011 302 101693 2
S 114625010 302 101703 2
S 114645008 302 101703 2
S 114665007 302 101694 2
S 114685006 302 101692 2
S 114705005 302 101690 2
S 114725003 302 101696 2
S 114745002 302 101698 2
S 114765001 302 101697 2
S 114785000 302 101698 2
S 114804998 302 101703 2
S 114824997 302 101698 2
S 114844996 302 101701 2
S 114864995 302 101703 2
S 114884993 302 101701 2
S 114904992 302 101696 2
S 114924991 302 101698 2
S 114944990 302 101698 2
S 114964988 302 101701 2
S 114984987 302 101698 2
S 115004986 302 101689 2
S 115024985 302 101697 2
S 115044983 302 101690 2
S 115064982 302 101686 2
S 115084981 302 101685 2
S 115104980 302 101692 2
S 115124978 302 101696 2
S 115144977 302 101695 2
S 115164976 302 101697 2
S 115184975 302 101694 2
S 115204973 302 101693 2
S 115224972 302 101702 2
S 115244971 302 101695 2
S 115264970 302 101695 2
S 115284968 302 101696 2
S 115304967 302 101694 2
S 115324966 302 101695 2
S 115344965 302 101694 2
S 115364963 302 101701 2
S 115384962 302 101702 2
S 115404961 302 101693 2
S 115424960 302 101691 2
S 115444958 302 101697 2
S 115464957 302 101699 2
S 115484956 302 101696 2
S 115504955 302 101692 2
S 115524953 302 101692 2
S 115544952 302 101697 2
S 115564951 302 101695 2
S 115584950 302 101691 2
S 115604948 302 101692 2
S 115624947 302 101701 2
S 115644946 302 101696 2
S 115664945 302 101695 2
S 115684943 302 101696 2
S 115704942 302 101697 2
S 115724941 302 101698 2
S 115744940 302 101695 2
S 115764938 302 101698 2
S 115784937 302 101703 2
S 115804936 302 101692 2
S 115824935 302 101691 2
S 115844933 302 101695 2
S 115864932 302 101684 2
S 115884931 302 101692 2
S 115904930 302 101689 2
S 115924928 302 101687 2
S 115944927 302 101695 2
S 115964926 302 101688 2
S 115984925 302 101689 2
S 116004923 302 101695 2
S 116024922 302 101689 2
S 116044921 302 101689 2
S 116064920 302 101689 2
S 116084918 302 101688 2
S 116104917 302 101694 2
S 116124916 302 101693 2
S 116144915 302 101697 2
S 116164913 302 101698 2
S 116184912 302 101703 2
S 116204911 302 101699 2
S 116224910 302 101700 2
S 116244908 302 101692 2
S 116264907 302 101694 2
S 116284906 302 101694 2
S 116304905 302 101699 2
S 116324903 302 101701 2
S 116344902 302 101695 2
S 116364901 302 101702 2
S 116384900 302 101699 2
S 116404898 302 101692 2
S 116424897 302 101698 2
S 116444896 302 101701 2
S 116464895 302 101698 2
S 116484893 302 101699 2
S 116504892 302 101703 2
S 116524891 302 101701 2
S 116544890 302 101708 2
S 116564888 302 101695 2
S 116584887 302 101699 2
S 116604886 302 101698 2
S 116624885 302 101702 2
S 116644883 302 101701 2
S 116664882 302 101700 2
S 116684881 302 101701 2
S 116704880 302 101694 2
S 116724878 302 101698 2
S 116744877 302 101697 2
S 116764876 302 101701 2
S 116784875 302 101702 2
S 116804873 302 101697 2
S 116824872 302 101695 2
S 116844871 302 101701 2
S 116864870 302 101698 2
S 116884868 302 101701 2
S 116904867 302 101693 2
S 116924866 302 101695 2
S 116944865 302 101706 2
S 116964863 302 101697 2
S 116984862 302 101689 2
S 117004861 302 101698 2
S 117024860 302 101699 2
S 117044858 302 101696 2
S 117064857 302 101696 2
S 117084856 302 101691 2
S 117104855 302 101689 2
S 117124853 302 101692 2
S 117144852 302 101697 2
S 117164851 302 101696 2
S 117184850 302 101691 2
S 117204848 302 101692 2
S 117224847 302 101688 2
S 117244846 302 101694 2
S 117264845 302 101692 2
S 117284843 302 101693 2
S 117304842 302 101690 2
S 117324841 302 101689 2
S 117344840 302 101689 2
S 117364838 302 101691 2
S 117384837 302 101685 2
S 117404836 302 101689 2
S 117424835 302 101692 2
S 117444833 302 101696 2
S 117464832 302 101691 2
S 117484831 302 101694 2
S 117504830 302 101693 2
S 117524828 302 101694 2
S 117544827 302 101693 2
S 117564826 302 101696 2
S 117584825 302 101694 2
S 117604823 302 101693 2
S 117624822 302 101691 2
S 117644821 302 101697 2
S 117664820 302 101691 2
S 117684818 302 101699 2
S 117704817 302 101700 2
S 117724816 302 101697 2
S 117744815 302 101695 2
S 117764813 302 101691 2
S 117784812 302 101695 2
S 117804811 302 101689 2
S 117824810 302 101701 2
S 117844808 302 101697 2
S 117864807 302 101694 2
S 117884806 302 101698 2
S 117904805 302 101692 2
S 117924803 302 101688 2
S 117944802 302 101692 2
S 117964801 302 101702 2
S 117984800 302 101693 2
S 118004798 302 101689 2
S 118024797 302 101695 2
S 118044796 302 101696 2
S 118064795 302 101697 2
S 118084793 302 101697 2
S 118104792 302 101696 2
S 118124791 302 101685 2
S 118144790 302 101689 2
S 118164788 302 101691 2
S 118184787 302 101689 2
S 118204786 302 101689 2
S 118224785 302 101688 2
S 118244783 302 101691 2
S 118264782 302 101688 2
S 118284781 302 101690 2
S 118304780 302 101692 2
S 118324778 302 101688 2
S 118344777 302 101695 2
S 118364776 302 101689 2
S 118384775 302 101695 2
S 118404773 302 101683 2
S 118424772 302 101692 2
S 118444771 302 101693 2
S 118464770 302 101687 2
S 118484768 302 101690 2
S 118504767 302 101688 2
S 118524766 302 101689 2
S 118544765 302 101691 2
S 118564763 302 101692 2
S 118584762 302 101692 2
S 118604761 302 101692 2
S 118624760 302 101690 2
S 118644758 302 101694 2
S 118664757 302 101691 2
S 118684756 302 101705 2
S 118704755 302 101696 2
S 118724753 302 101693 2
S 118744752 302 101699 2
S 118764751 302 101695 2
S 118784750 302 101699 2
S 118804748 302 101698 2
S 118824747 302 101695 2
S 118844746 302 101696 2
S 118864745 302 101701 2
S 118884743 302 101694 2
S 118904742 302 101695 2
S 118924741 302 101687 2
S 118944740 302 101691 2
S 118964738 302 101703 2
S 118984737 302 101692 2
S 119004736 302 101689 2
S 119024735 302 101693 2
S 119044733 302 101694 2
S 119064732 302 101694 2
S 119084731 302 101692 2
S 119104730 302 101695 2
S 119124728 302 101692 2
S 119144727 302 101695 2
S 119164726 302 101702 2
S 119184725 302 101698 2
S 119204723 302 101696 2
S 119224722 302 101699 2
S 119244721 302 101694 2
S 119264720 302 101694 2
S 119284718 302 101700 2
S 119304717 302 101695 2
S 119324716 302 101692 2
S 119344715 302 101696 2
S 119364713 302 101697 2
S 119384712 302 101698 2
S 119404711 302 101695 2
S 119424710 302 101694 2
S 119444708 302 101688 2
S 119464707 302 101689 2
S 119484706 302 101700 2
S 119504705 302 101689 2
S 119524703 302 101691 2
S 119544702 302 101692 2
S 119564701 302 101695 2
S 119584700 302 101695 2
S 119604698 302 101695 2
S 119624697 302 101690 2
S 119644696 302 101692 2
S 119664695 302 101695 2
S 119684693 302 101698 2
S 119704692 302 101691 2
S 119724691 302 101693 2
S 119744690 302 101692 2
S 119764688 302 101699 2
S 119784687 302 101690 2
S 119804686 302 101689 2
S 119824685 302 101691 2
S 119844683 302 101689 2
S 119864682 302 101698 2
S 119884681 302 101701 2
S 119904680 302 101696 2
S 119924678 302 101697 2
S 119944677 302 101696 2
S 119964676 302 101695 2
S 119984675 302 101698 2
S 120004673 302 101695 2
S 120024672 302 101695 2
S 120044671 302 101698 2
S 120064670 302 101707 2
S 120084668 302 101699 2
S 120104667 302 101693 2
S 120124666 302 101694 2
S 120144665 302 101695 2
S 120164663 302 101696 2
S 120184662 302 101697 2
S 120204661 302 101693 2
S 120224660 302 101697 2
S 120244658 302 101696 2
S 120264657 302 101697 2
S 120284656 302 101692 2
S 120304655 302 101697 2
S 120324653 302 101702 2
S 120344652 302 101699 2
S 120364651 302 101706 2
S 120384650 302 101697 2
S 120404648 302 101699 2
S 120424647 302 101695 2
S 120444646 302 101699 2
S 120464645 302 101698 2
S 120484643 302 101692 2
S 120504642 302 101695 2
S 120524641 302 101698 2
S 120544640 302 101693 2
S 120564638 302 101699 2
S 120584637 302 101695 2
S 120604636 302 101694 2
S 120624635 302 101691 2
S 120644633 302 101699 2
S 120664632 302 101695 2
S 120684631 302 101695 2
S 120704630 302 101699 2
S 120724628 302 101697 2
S 120744627 302 101698 2
S 120764626 302 101694 2
S 120784625 302 101695 2
S 120804623 302 101699 2
S 120824622 302 101701 2
S 120844621 302 101695 2
S 120864620 302 101695 2
S 120884618 302 101698 2
S 120904617 302 101704 2
S 120924616 302 101704 2
S 120944615 302 101703 2
S 120964613 302 101696 2
S 120984612 302 101699 2
S 121004611 302 101699 2
S 121024610 302 101697 2
S 121044608 302 101701 2
S 121064607 302 101694 2
S 121084606 302 101698 2
S 121104605 302 101700 2
S 121124603 302 101700 2
S 121144602 302 101703 2
S 121164601 302 101701 2
S 121184600 302 101702 2
S 121204598 302 101703 2
S 121224597 302 101698 2
S 121244596 302 101706 2
S 121264595 302 101703 2
S 121284593 302 101695 2
S 121304592 302 101700 2
S 121324591 302 101700 2
S 121344590 302 101698 2
S 121364588 302 101702 2
S 121384587 302 101700 2
S 121404586 302 101702 2
S 121424585 302 101697 2
S 121444583 302 101694 2
S 121464582 302 101693 2
S 121484581 302 101694 2
S 121504580 302 101695 2
S 121524578 302 101697 2
S 121544577 302 101697 2
S 121564576 302 101701 2
S 121584575 302 101700 2
S 121604573 302 101700 2
S 121624572 302 101697 2
S 121644571 302 101698 2
S 121664570 302 101706 2
S 121684568 302 101698 2
S 121704567 302 101700 2
S 121724566 302 101697 2
S 121744565 302 101700 2
S 121764563 302 101697 2
S 121784562 302 101693 2
S 121804561 302 101700 2
S 121824560 302 101698 2
S 121844558 302 101693 2
S 121864557 302 101696 2
S 121884556 302 101701 2
S 121904555 302 101700 2
S 121924553 302 101692 2
S 121944552 302 101692 2
S 121964551 302 101697 2
S 121984550 302 101696 2
S 122004548 302 101691 2
S 122024547 302 101698 2
S 122044546 302 101694 2
S 122064545 302 101703 2
S 122084543 302 101698 2
S 122104542 302 101696 2
S 122124541 302 101693 2
S 122144540 302 101690 2
S 122164538 302 101698 2
S 122184537 302 101695 2
S 122204536 302 101703 2
S 122224535 302 101698 2
S 122244533 302 101700 2
S 122264532 302 101692 2
S 122284531 302 101695 2
S 122304530 302 101687 2
S 122324528 302 101698 2
S 122344527 302 101693 2
S 122364526 302 101692 2
S 122384525 302 101686 2
S 122404523 302 101689 2
S 122424522 302 101693 2
S 122444521 302 101693 2
S 122464520 302 101688 2
S 122484518 302 101700 2
S 122504517 302 101686 2
S 122524516 302 101695 2
S 122544515 302 101703 2
S 122564513 302 101695 2
S 122584512 302 101705 2
S 122604511 302 101703 2
S 122624510 302 101691 2
S 122644508 302 101703 2
S 122664507 302 101700 2
S 122684506 302 101699 2
S 122704505 302 101701 2
S 122724503 302 101698 2
S 122744502 302 101703 2
S 122764501 302 101698 2
S 122784500 302 101697 2
S 122804498 302 101705 2
S 122824497 302 101697 2
S 122844496 302 101699 2
S 122864495 302 101704 2
S 122884493 302 101698 2
S 122904492 302 101702 2
S 122924491 302 101700 2
S 122944490 302 101694 2
S 122964488 302 101701 2
S 122984487 302 101702 2
S 123004486 302 101692 2
S 123024485 302 101697 2
S 123044483 302 101688 2
S 123064482 302 101694 2
S 123084481 302 101691 2
S 123104480 302 101695 2
S 123124478 302 101699 2
S 123144477 302 101702 2
S 123164476 302 101699 2
S 123184475 302 101691 2
S 123204473 302 101702 2
S 123224472 302 101695 2
S 123244471 302 101697 2
S 123264470 302 101694 2
S 123284468 302 101700 2
S 123304467 302 101703 2
S 123324466 302 101690 2
S 123344465 302 101699 2
S 123364463 302 101689 2
S 123384462 302 101699 2
S 123404461 302 101700 2
S 123424460 302 101697 2
S 123444458 302 101697 2
S 123464457 302 101700 2
S 123484456 302 101699 2
S 123504455 302 101701 2
S 123524453 302 101699 2
S 123544452 302 101697 2
S 123564451 302 101698 2
S 123584450 302 101699 2
S 123604448 302 101707 2
S 123624447 302 101700 2
S 123644446 302 101701 2
S 123664445 302 101698 2
S 123684443 302 101698 2
S 123704442 302 101698 2
S 123724441 302 101692 2
S 123744440 302 101701 2
S 123764438 302 101703 2
S 123784437 302 101697 2
S 123804436 302 101702 2
S 123824435 302 101704 2
S 123844433 302 101697 2
S 123864432 302 101690 2
S 123884431 302 101697 2
S 123904430 302 101697 2
S 123924428 302 101693 2
S 123944427 302 101693 2
S 123964426 302 101695 2
S 123984425 302 101694 2
S 124004423 302 101696 2
S 124024422 302 101693 2
S 124044421 302 101702 2
S 124064420 302 101698 2
S 124084418 302 101692 2
S 124104417 302 101692 2
S 124124416 302 101694 2
S 124144415 302 101693 2
S 124164413 302 101692 2
S 124184412 302 101690 2
S 124204411 302 101697 2
S 124224410 302 101697 2
S 124244408 302 101698 2
S 124264407 302 101696 2
S 124284406 302 101703 2
S 124304405 302 101693 2
S 124324403 302 101694 2
S 124344402 302 101698 2
S 124364401 302 101698 2
S 124384400 302 101705 2
S 124404398 302 101707 2
S 124424397 302 101695 2
S 124444396 302 101698 2
S 124464395 302 101698 2
S 124484393 302 101701 2
S 124504392 302 101695 2
S 124524391 302 101708 2
S 124544390 302 101699 2
S 124564388 302 101698 2
S 124584387 302 101706 2
S 124604386 302 101700 2
S 124624385 302 101698 2
S 124644383 302 101689 2
S 124664382 302 101700 2
S 124684381 302 101697 2
S 124704380 302 101701 2
S 124724378 302 101693 2
S 124744377 302 101700 2
S 124764376 302 101697 2
S 124784375 302 101698 2
S 124804373 302 101705 2
S 124824372 302 101701 2
S 124844371 302 101701 2
S 124864370 302 101698 2
S 124884368 302 101704 2
S 124904367 302 101692 2
S 124924366 302 101691 2
S 124944365 302 101699 2
S 124964363 302 101694 2
S 124984362 302 101697 2
S 125004361 302 101700 2
S 125024360 302 101687 2
S 125044358 302 101694 2
S 125064357 302 101689 2
S 125084356 302 101697 2
S 125104355 302 101701 2
S 125124353 302 101699 2
S 125144352 302 101695 2
S 125164351 302 101691 2
S 125184350 302 101695 2
S 125204348 302 101688 2
S 125224347 302 101692 2
S 125244346 302 101691 2
S 125264345 302 101687 2
S 125284343 302 101689 2
S 125304342 302 101694 2
S 125324341 302 101695 2
S 125344340 302 101690 2
S 125364338 302 101696 2
S 125384337 302 101693 2
S 125404336 302 101697 2
S 125424335 302 101698 2
S 125444333 302 101689 2
S 125464332 302 101694 2
S 125484331 302 101694 2
S 125504330 302 101689 2
S 125524328 302 101692 2
S 125544327 302 101693 2
S 125564326 302 101693 2
S 125584325 302 101684 2
S 125604323 302 101690 2
S 125624322 302 101690 2
S 125644321 302 101691 2
S 125664320 302 101705 2
S 125684318 302 101699 2
S 125704317 302 101690 2
S 125724316 302 101688 2
S 125744315 302 101693 2
S 125764313 302 101691 2
S 125784312 302 101695 2
S 125804311 302 101696 2
S 125824310 302 101698 2
S 125844308 302 101698 2
S 125864307 302 101690 2
S 125884306 302 101694 2
S 125904305 302 101699 2
S 125924303 302 101695 2
S 125944302 302 101697 2
S 125964301 302 101695 2
S 125984300 302 101701 2
S 126004298 302 101701 2
S 126024297 302 101703 2
S 126044296 302 101695 2
S 126064295 302 101710 2
S 126084293 302 101699 2
S 126104292 302 101700 2
S 126124291 302 101698 2
S 126144290 302 101695 2
S 126164288 302 101696 2
S 126184287 302 101694 2
S 126204286 302 101692 2
S 126224285 302 101692 2
S 126244283 302 101691 2
S 126264282 302 101702 2
S 126284281 302 101702 2
S 126304280 302 101715 2
S 126324278 302 101707 2
S 126344277 302 101698 2
S 126364276 302 101694 2
S 126384275 302 101692 2
S 126404273 302 101695 2
S 126424272 302 101695 2
S 126444271 302 101695 2
S 126464270 302 101695 2
S 126484268 302 101692 2
S 126504267 302 101693 2
S 126524266 302 101692 2
S 126544265 302 101701 2
S 126564263 302 101691 2
S 126584262 302 101699 2
S 126604261 302 101701 2
S 126624260 302 101702 2
S 126644258 302 101695 2
S 126664257 302 101703 2
S 126684256 302 101706 2
S 126704255 302 101694 2
S 126724253 302 101698 2
S 126744252 302 101703 2
S 126764251 302 101704 2
S 126784250 302 101697 2
S 126804248 302 101704 2
S 126824247 302 101712 2
S 126844246 302 101698 2
S 126864245 302 101703 2
S 126884243 302 101710 2
S 126904242 302 101706 2
S 126924241 302 101701 2
S 126944240 302 101700 2
S 126964238 302 101698 2
S 126984237 302 101701 2
S 127004236 302 101706 2
S 127024235 302 101704 2
S 127044233 302 101702 2
S 127064232 302 101692 2
S 127084231 302 101692 2
S 127104230 302 101704 2
S 127124228 302 101698 2
S 127144227 302 101700 2
S 127164226 302 101702 2
S 127184225 302 101696 2
S 127204223 302 101702 2
S 127224222 302 101696 2
S 127244221 302 101701 2
S 127264220 302 101704 2
S 127284218 302 101704 2
S 127304217 302 101702 2
S 127324216 302 101697 2
S 127344215 302 101702 2
S 127364213 302 101694 2
S 127384212 302 101695 2
S 127404211 302 101691 2
S 127424210 302 101695 2
S 127444208 302 101704 2
S 127464207 302 101705 2
S 127484206 302 101698 2
S 127504205 302 101700 2
S 127524203 302 101698 2
S 127544202 302 101698 2
S 127564201 302 101700 2
S 127584200 302 101701 2
S 127604198 302 101700 2
S 127624197 302 101701 2
S 127644196 302 101689 2
S 127664195 302 101689 2
S 127684193 302 101701 2
S 127704192 302 101692 2
S 127724191 302 101699 2
S 127744190 302 101692 2
S 127764188 302 101698 2
S 127784187 302 101700 2
S 127804186 302 101704 2
S 127824185 302 101700 2
S 127844183 302 101701 2
S 127864182 302 101695 2
S 127884181 302 101701 2
S 127904180 302 101691 2
S 127924178 302 101704 2
S 127944177 302 101692 2
S 127964176 302 101696 2
S 127984175 302 101698 2
S 128004173 302 101702 2
S 128024172 302 101692 2
S 128044171 302 101703 2
S 128064170 302 101698 2
S 128084168 302 101694 2
S 128104167 302 101700 2
S 128124166 302 101702 2
S 128144165 302 101704 2
S 128164163 302 101701 2
S 128184162 302 101697 2
S 128204161 302 101706 2
S 128224160 302 101702 2
S 128244158 302 101701 2
S 128264157 302 101688 2
S 128284156 302 101698 2
S 128304155 302 101701 2
S 128324153 302 101695 2
S 128344152 302 101702 2
S 128364151 302 101701 2
S 128384150 302 101702 2
S 128404148 302 101699 2
S 128424147 302 101698 2
S 128444146 302 101699 2
S 128464145 302 101710 2
S 128484143 302 101706 2
S 128504142 302 101701 2
S 128524141 302 101704 2
S 128544140 302 101700 2
S 128564138 302 101689 2
S 128584137 302 101697 2
S 128604136 302 101692 2
S 128624135 302 101701 2
S 128644133 302 101699 2
S 128664132 302 101701 2
S 128684131 302 101701 2
S 128704130 302 101699 2
S 128724128 302 101698 2
S 128744127 302 101700 2
S 128764126 302 101703 2
S 128784125 302 101698 2
S 128804123 302 101707 2
S 128824122 302 101695 2
S 128844121 302 101689 2
S 128864120 302 101695 2
S 128884118 302 101698 2
S 128904117 302 101695 2
S 128924116 302 101701 2
S 128944115 302 101701 2
S 128964113 302 101700 2
S 128984112 302 101690 2
S 129004111 302 101704 2
S 129024110 302 101695 2
S 129044108 302 101701 2
S 129064107 302 101692 2
S 129084106 302 101693 2
S 129104105 302 101695 2
S 129124103 302 101696 2
S 129144102 302 101686 2
S 129164101 302 101687 2
S 129184100 302 101687 2
S 129204098 302 101692 2
S 129224097 302 101699 2
S 129244096 302 101690 2
S 129264095 302 101692 2
S 129284093 302 101698 2
S 129304092 302 101702 2
S 129324091 302 101704 2
S 129344090 302 101700 2
S 129364088 302 101701 2
S 129384087 302 101697 2
S 129404086 302 101699 2
S 129424085 302 101691 2
S 129444083 302 101704 2
S 129464082 302 101692 2
S 129484081 302 101698 2
S 129504080 302 101704 2
S 129524078 302 101704 2
S 129544077 302 101700 2
S 129564076 302 101698 2
S 129584075 302 101707 2
S 129604073 302 101704 2
S 129624072 302 101698 2
S 129644071 302 101697 2
S 129664070 302 101702 2
S 129684068 302 101694 2
S 129704067 302 101703 2
S 129724066 302 101694 2
S 129744065 302 101692 2
S 129764063 302 101701 2
S 129784062 302 101705 2
S 129804061 302 101700 2
S 129824060 302 101692 2
S 129844058 302 101693 2
S 129864057 302 101691 2
S 129884056 302 101693 2
S 129904055 302 101701 2
S 129924053 302 101705 2
S 129944052 302 101701 2
S 129964051 302 101701 2
S 129984050 302 101699 2
S 130004048 302 101704 2
S 130024047 302 101706 2
S 130044046 302 101692 2
S 130064045 302 101701 2
S 130084043 302 101703 2
S 130104042 302 101690 2
S 130124041 302 101693 2
S 130144040 302 101701 2
S 130164038 302 101700 2
S 130184037 302 101694 2
S 130204036 302 101691 2
S 130224035 302 101698 2
S 130244033 302 101701 2
S 130264032 302 101692 2
S 130284031 302 101694 2
S 130304030 302 101695 2
S 130324028 302 101697 2
S 130344027 302 101693 2
S 130364026 302 101692 2
S 130384025 302 101701 2
S 130404023 302 101693 2
S 130424022 302 101704 2
S 130444021 302 101698 2
S 130464020 302 101695 2
S 130484018 302 101693 2
S 130504017 302 101700 2
S 130524016 302 101701 2
S 130544015 302 101693 2
S 130564013 302 101694 2
S 130584012 302 101693 2
S 130604011 302 101692 2
S 130624010 302 101709 2
S 130644008 302 101690 2
S 130664007 302 101694 2
S 130684006 302 101692 2
S 130704005 302 101687 2
S 130724003 302 101689 2
S 130744002 302 101692 2
S 130764001 302 101696 2
S 130784000 302 101692 2
S 130803998 302 101704 2
S 130823997 302 101694 2
S 130843996 302 101691 2
S 130863995 302 101690 2
S 130883993 302 101695 2
S 130903992 302 101699 2
S 130923991 302 101689 2
S 130943990 302 101698 2
S 130963988 302 101705 2
S 130983987 302 101693 2
S 131003986 302 101698 2
S 131023985 302 101697 2
S 131043983 302 101698 2
S 131063982 302 101695 2
S 131083981 302 101692 2
S 131103980 302 101694 2
S 131123978 302 101704 2
S 131143977 302 101695 2
S 131163976 302 101698 2
S 131183975 302 101700 2
S 131203973 302 101694 2
S 131223972 302 101688 2
S 131243971 302 101692 2
S 131263970 302 101696 2
S 131283968 302 101696 2
S 131303967 302 101699 2
S 131323966 302 101694 2
S 131343965 302 101702 2
S 131363963 302 101701 2
S 131383962 302 101699 2
S 131403961 302 101699 2
S 131423960 302 101694 2
S 131443958 302 101698 2
S 131463957 302 101706 2
S 131483956 302 101698 2
S 131503955 302 101693 2
S 131523953 302 101698 2
S 131543952 302 101689 2
S 131563951 302 101695 2
S 131583950 302 101695 2
S 131603948 302 101695 2
S 131623947 302 101696 2
S 131643946 302 101696 2
S 131663945 302 101692 2
S 131683943 302 101703 2
S 131703942 302 101698 2
S 131723941 302 101704 2
S 131743940 302 101706 2
S 131763938 302 101701 2
S 131783937 302 101701 2
S 131803936 302 101700 2
S 131823935 302 101701 2
S 131843933 302 101690 2
S 131863932 302 101699 2
S 131883931 302 101698 2
S 131903930 302 101701 2
S 131923928 302 101701 2
S 131943927 302 101696 2
S 131963926 302 101698 2
S 131983925 302 101699 2
S 132003923 302 101692 2
S 132023922 302 101689 2
S 132043921 302 101698 2
S 132063920 302 101692 2
S 132083918 302 101695 2
S 132103917 302 101701 2
S 132123916 302 101695 2
S 132143915 302 101700 2
S 132163913 302 101697 2
S 132183912 302 101696 2
S 132203911 302 101692 2
S 132223910 302 101698 2
S 132243908 302 101692 2
S 132263907 302 101699 2
S 132283906 302 101700 2
S 132303905 302 101700 2
S 132323903 302 101701 2
S 132343902 302 101701 2
S 132363901 302 101703 2
S 132383900 302 101701 2
S 132403898 302 101701 2
S 132423897 302 101697 2
S 132443896 302 101705 2
S 132463895 302 101698 2
S 132483893 302 101698 2
S 132503892 302 101697 2
S 132523891 302 101701 2
S 132543890 302 101696 2
S 132563888 302 101689 2
S 132583887 302 101698 2
S 132603886 302 101698 2
S 132623885 302 101700 2
S 132643883 302 101698 2
S 132663882 302 101697 2
S 132683881 302 101701 2
S 132703880 302 101700 2
S 132723878 302 101696 2
S 132743877 302 101698 2
S 132763876 302 101694 2
S 132783875 302 101695 2
S 132803873 302 101690 2
S 132823872 302 101704 2
S 132843871 302 101700 2
S 132863870 302 101695 2
S 132883868 302 101701 2
S 132903867 302 101701 2
S 132923866 302 101698 2
S 132943865 302 101695 2
S 132963863 302 101698 2
S 132983862 302 101697 2
S 133003861 302 101695 2
S 133023860 302 101698 2
S 133043858 302 101699 2
S 133063857 302 101705 2
S 133083856 302 101702 2
S 133103855 302 101696 2
S 133123853 302 101700 2
S 133143852 302 101698 2
S 133163851 302 101699 2
S 133183850 302 101697 2
S 133203848 302 101695 2
S 133223847 302 101689 2
S 133243846 302 101697 2
S 133263845 302 101691 2
S 133283843 302 101692 2
S 133303842 302 101695 2
S 133323841 302 101695 2
S 133343840 302 101702 2
S 133363838 302 101695 2
S 133383837 302 101701 2
S 133403836 302 101699 2
S 133423835 302 101699 2
S 133443833 302 101694 2
S 133463832 302 101696 2
S 133483831 302 101695 2
S 133503830 302 101696 2
S 133523828 302 101693 2
S 133543827 302 101698 2
S 133563826 302 101698 2
S 133583825 302 101699 2
S 133603823 302 101698 2
S 133623822 302 101698 2
S 133643821 302 101695 2
S 133663820 302 101696 2
S 133683818 302 101691 2
S 133703817 302 101701 2
S 133723816 302 101704 2
S 133743815 302 101700 2
S 133763813 302 101699 2
S 133783812 302 101698 2
S 133803811 302 101704 2
S 133823810 302 101703 2
S 133843808 302 101701 2
S 133863807 302 101700 2
S 133883806 302 101698 2
S 133903805 302 101701 2
S 133923803 302 101698 2
S 133943802 302 101694 2
S 133963801 302 101697 2
S 133983800 302 101697 2
S 134003798 302 101698 2
S 134023797 302 101698 2
S 134043796 302 101703 2
S 134063795 302 101701 2
S 134083793 302 101695 2
S 134103792 302 101692 2
S 134123791 302 101695 2
S 134143790 302 101693 2
S 134163788 302 101694 2
S 134183787 302 101694 2
S 134203786 302 101697 2
S 134223785 302 101699 2
S 134243783 302 101695 2
S 134263782 302 101705 2
S 134283781 302 101694 2
S 134303780 302 101698 2
S 134323778 302 101697 2
S 134343777 302 101702 2
S 134363776 302 101696 2
S 134383775 302 101697 2
S 134403773 302 101694 2
S 134423772 302 101695 2
S 134443771 302 101695 2
S 134463770 302 101692 2
S 134483768 302 101692 2
S 134503767 302 101691 2
S 134523766 302 101701 2
S 134543765 302 101701 2
S 134563763 302 101704 2
S 134583762 302 101705 2
S 134603761 302 101701 2
S 134623760 302 101704 2
S 134643758 302 101703 2
S 134663757 302 101707 2
S 134683756 302 101702 2
S 134703755 302 101704 2
S 134723753 302 101701 2
S 134743752 302 101701 2
S 134763751 302 101692 2
S 134783750 302 101704 2
S 134803748 302 101698 2
S 134823747 302 101699 2
S 134843746 302 101704 2
S 134863745 302 101705 2
S 134883743 302 101698 2
S 134903742 302 101701 2
S 134923741 302 101704 2
S 134943740 302 101704 2
S 134963738 302 101702 2
S 134983737 302 101700 2
S 135003736 302 101703 2
S 135023735 302 101699 2
S 135043733 302 101701 2
S 135063732 302 101704 2
S 135083731 302 101703 2
S 135103730 302 101702 2
S 135123728 302 101700 2
S 135143727 302 101695 2
S 135163726 302 101698 2
S 135183725 302 101693 2
S 135203723 302 101695 2
S 135223722 302 101701 2
S 135243721 302 101698 2
S 135263720 302 101693 2
S 135283718 302 101692 2
S 135303717 302 101707 2
S 135323716 302 101700 2
S 135343715 302 101693 2
S 135363713 302 101701 2
S 135383712 302 101691 2
S 135403711 302 101698 2
S 135423710 302 101697 2
S 135443708 302 101698 2
S 135463707 302 101692 2
S 135483706 302 101697 2
S 135503705 302 101692 2
S 135523703 302 101694 2
S 135543702 302 101692 2
S 135563701 302 101706 2
S 135583700 302 101704 2
S 135603698 302 101699 2
S 135623697 302 101695 2
S 135643696 302 101698 2
S 135663695 302 101694 2
S 135683693 302 101704 2
S 135703692 302 101707 2
S 135723691 302 101700 2
S 135743690 302 101696 2
S 135763688 302 101705 2
S 135783687 302 101704 2
S 135803686 302 101694 2
S 135823685 302 101694 2
S 135843683 302 101695 2
S 135863682 302 101693 2
S 135883681 302 101699 2
S 135903680 302 101692 2
S 135923678 302 101701 2
S 135943677 302 101693 2
S 135963676 302 101695 2
S 135983675 302 101700 2
S 136003673 302 101690 2
S 136023672 302 101698 2
S 136043671 302 101700 2
S 136063670 302 101692 2
S 136083668 302 101697 2
S 136103667 302 101695 2
S 136123666 302 101694 2
S 136143665 302 101698 2
S 136163663 302 101692 2
S 136183662 302 101695 2
S 136203661 302 101698 2
S 136223660 302 101691 2
S 136243658 302 101693 2
S 136263657 302 101695 2
S 136283656 302 101701 2
S 136303655 302 101697 2
S 136323653 302 101701 2
S 136343652 302 101706 2
S 136363651 302 101699 2
S 136383650 302 101695 2
S 136403648 302 101699 2
S 136423647 302 101705 2
S 136443646 302 101696 2
S 136463645 302 101695 2
S 136483643 302 101698 2
S 136503642 302 101706 2
S 136523641 302 101699 2
S 136543640 302 101706 2
S 136563638 302 101705 2
S 136583637 302 101699 2
S 136603636 302 101706 2
S 136623635 302 101704 2
S 136643633 302 101695 2
S 136663632 302 101699 2
S 136683631 302 101695 2
S 136703630 302 101701 2
S 136723628 302 101701 2
S 136743627 302 101706 2
S 136763626 302 101701 2
S 136783625 302 101710 2
S 136803623 302 101695 2
S 136823622 302 101695 2
S 136843621 302 101694 2
S 136863620 302 101704 2
S 136883618 302 101695 2
S 136903617 302 101696 2
S 136923616 302 101697 2
S 136943615 302 101703 2
S 136963613 302 101706 2
S 136983612 302 101698 2
S 137003611 302 101696 2
S 137023610 302 101701 2
S 137043608 302 101704 2
S 137063607 302 101694 2
S 137083606 302 101695 2
S 137103605 302 101707 2
S 137123603 302 101701 2
S 137143602 302 101709 2
S 137163601 302 101698 2
S 137183600 302 101693 2
S 137203598 302 101710 2
S 137223597 302 101701 2
S 137243596 302 101699 2
S 137263595 302 101705 2
S 137283593 302 101695 2
S 137303592 302 101698 2
S 137323591 302 101696 2
S 137343590 302 101698 2
S 137363588 302 101703 2
S 137383587 302 101706 2
S 137403586 302 101712 2
S 137423585 302 101707 2
S 137443583 302 101700 2
S 137463582 302 101702 2
S 137483581 302 101710 2
S 137503580 302 101704 2
S 137523578 302 101698 2
S 137543577 302 101704 2
S 137563576 302 101695 2
S 137583575 302 101698 2
S 137603573 302 101701 2
S 137623572 302 101695 2
S 137643571 302 101701 2
S 137663570 302 101709 2
S 137683568 302 101704 2
S 137703567 302 101701 2
S 137723566 302 101704 2
S 137743565 302 101701 2
S 137763563 302 101696 2
S 137783562 302 101701 2
S 137803561 302 101711 2
S 137823560 302 101703 2
S 137843558 302 101701 2
S 137863557 302 101697 2
S 137883556 302 101702 2
S 137903555 302 101702 2
S 137923553 302 101692 2
S 137943552 302 101693 2
S 137963551 302 101699 2
S 137983550 302 101697 2
S 138003548 302 101695 2
S 138023547 302 101698 2
S 138043546 302 101699 2
S 138063545 302 101698 2
S 138083543 302 101699 2
S 138103542 302 101693 2
S 138123541 302 101689 2
S 138143540 302 101707 2
S 138163538 302 101700 2
S 138183537 302 101700 2
S 138203536 302 101704 2
S 138223535 302 101703 2
S 138243533 302 101702 2
S 138263532 302 101702 2
S 138283531 302 101697 2
S 138303530 302 101703 2
S 138323528 302 101698 2
S 138343527 302 101698 2
S 138363526 302 101694 2
S 138383525 302 101702 2
S 138403523 302 101705 2
S 138423522 302 101698 2
S 138443521 302 101693 2
S 138463520 302 101695 2
S 138483518 302 101703 2
S 138503517 302 101695 2
S 138523516 302 101707 2
S 138543515 302 101704 2
S 138563513 302 101703 2
S 138583512 302 101705 2
S 138603511 302 101698 2
S 138623510 302 101698 2
S 138643508 302 101701 2
S 138663507 302 101694 2
S 138683506 302 101700 2
S 138703505 302 101692 2
S 138723503 302 101701 2
S 138743502 302 101691 2
S 138763501 302 101699 2
S 138783500 302 101700 2
S 138803498 302 101704 2
S 138823497 302 101703 2
S 138843496 302 101703 2
S 138863495 302 101694 2
S 138883493 302 101697 2
S 138903492 302 101701 2
S 138923491 302 101698 2
S 138943490 302 101702 2
S 138963488 302 101698 2
S 138983487 302 101695 2
S 139003486 302 101696 2
S 139023485 302 101696 2
S 139043483 302 101698 2
S 139063482 302 101701 2
S 139083481 302 101698 2
S 139103480 302 101707 2
S 139123478 302 101698 2
S 139143477 302 101697 2
S 139163476 302 101697 2
S 139183475 302 101701 2
S 139203473 302 101697 2
S 139223472 302 101691 2
S 139243471 302 101696 2
S 139263470 302 101695 2
S 139283468 302 101697 2
S 139303467 302 101705 2
S 139323466 302 101692 2
S 139343465 302 101694 2
S 139363463 302 101698 2
S 139383462 302 101701 2
S 139403461 302 101702 2
S 139423460 302 101701 2
S 139443458 302 101696 2
S 139463457 302 101698 2
S 139483456 302 101701 2
S 139503455 302 101695 2
S 139523453 302 101697 2
S 139543452 302 101704 2
S 139563451 302 101699 2
S 139583450 302 101700 2
S 139603448 302 101699 2
S 139623447 302 101704 2
S 139643446 302 101700 2
S 139663445 302 101699 2
S 139683443 302 101702 2
S 139703442 302 101698 2
S 139723441 302 101701 2
S 139743440 302 101703 2
S 139763438 302 101698 2
S 139783437 302 101697 2
S 139803436 302 101698 2
S 139823435 302 101698 2
S 139843433 302 101695 2
S 139863432 302 101700 2
S 139883431 302 101698 2
S 139903430 302 101698 2
S 139923428 302 101698 2
S 139943427 302 101695 2
S 139963426 302 101695 2
S 139983425 302 101698 2
S 140003423 302 101696 2
S 140023422 302 101700 2
S 140043421 302 101698 2
S 140063420 302 101698 2
S 140083418 302 101698 2
S 140103417 302 101698 2
S 140123416 302 101697 2
S 140143415 302 101698 2
S 140163413 302 101697 2
S 140183412 302 101695 2
S 140203411 302 101703 2
S 140223410 302 101698 2
S 140243408 302 101698 2
S 140263407 302 101693 2
S 140283406 302 101698 2
S 140303405 302 101697 2
S 140323403 302 101695 2
S 140343402 302 101695 2
S 140363401 302 101695 2
S 140383400 302 101689 2
S 140403398 302 101698 2
S 140423397 302 101698 2
S 140443396 302 101687 2
S 140463395 302 101695 2
S 140483393 302 101696 2
S 140503392 302 101695 2
S 140523391 302 101700 2
S 140543390 302 101697 2
S 140563388 302 101699 2
S 140583387 302 101695 2
S 140603386 302 101698 2
S 140623385 302 101701 2
S 140643383 302 101692 2
S 140663382 302 101703 2
S 140683381 302 101700 2
S 140703380 302 101708 2
S 140723378 302 101696 2
S 140743377 302 101697 2
S 140763376 302 101701 2
S 140783375 302 101698 2
S 140803373 302 101689 2
S 140823372 302 101698 2
S 140843371 302 101701 2
S 140863370 302 101698 2
S 140883368 302 101698 2
S 140903367 302 101703 2
S 140923366 302 101701 2
S 140943365 302 101701 2
S 140963363 302 101696 2
S 140983362 302 101706 2
S 141003361 302 101703 2
S 141023360 302 101693 2
S 141043358 302 101692 2
S 141063357 302 101695 2
S 141083356 302 101701 2
S 141103355 302 101700 2
S 141123353 302 101695 2
S 141143352 302 101688 2
S 141163351 302 101698 2
S 141183350 302 101699 2
S 141203348 302 101698 2
S 141223347 302 101695 2
S 141243346 302 101703 2
S 141263345 302 101700 2
S 141283343 302 101700 2
S 141303342 302 101695 2
S 141323341 302 101698 2
S 141343340 302 101701 2
S 141363338 302 101694 2
S 141383337 302 101695 2
S 141403336 302 101697 2
S 141423335 302 101695 2
S 141443333 302 101699 2
S 141463332 302 101700 2
S 141483331 302 101701 2
S 141503330 302 101700 2
S 141523328 302 101701 2
S 141543327 302 101695 2
S 141563326 302 101700 2
S 141583325 302 101698 2
S 141603323 302 101695 2
S 141623322 302 101706 2
S 141643321 302 101702 2
S 141663320 302 101696 2
S 141683318 302 101705 2
S 141703317 302 101695 2
S 141723316 302 101702 2
S 141743315 302 101702 2
S 141763313 302 101695 2
S 141783312 302 101702 2
S 141803311 302 101705 2
S 141823310 302 101698 2
S 141843308 302 101695 2
S 141863307 302 101704 2
S 141883306 302 101695 2
S 141903305 302 101702 2
S 141923303 302 101704 2
S 141943302 302 101697 2
S 141963301 302 101689 2
S 141983300 302 101696 2
S 142003298 302 101696 2
S 142023297 302 101701 2
S 142043296 302 101698 2
S 142063295 302 101699 2
S 142083293 302 101698 2
S 142103292 302 101697 2
S 142123291 302 101698 2
S 142143290 302 101703 2
S 142163288 302 101698 2
S 142183287 302 101703 2
S 142203286 302 101706 2
S 142223285 302 101702 2
S 142243283 302 101698 2
S 142263282 302 101698 2
S 142283281 302 101700 2
S 142303280 302 101701 2
S 142323278 302 101699 2
S 142343277 302 101697 2
S 142363276 302 101700 2
S 142383275 302 101697 2
S 142403273 302 101696 2
S 142423272 302 101701 2
S 142443271 302 101698 2
S 142463270 302 101702 2
S 142483268 302 101699 2
S 142503267 302 101703 2
S 142523266 302 101701 2
S 142543265 302 101698 2
S 142563263 302 101703 2
S 142583262 302 101702 2
S 142603261 302 101699 2
S 142623260 302 101698 2
S 142643258 302 101692 2
S 142663257 302 101700 2
S 142683256 302 101701 2
S 142703255 302 101703 2
S 142723253 302 101703 2
S 142743252 302 101698 2
S 142763251 302 101695 2
S 142783250 302 101701 2
S 142803248 302 101700 2
S 142823247 302 101699 2
S 142843246 302 101694 2
S 142863245 302 101695 2
S 142883243 302 101704 2
S 142903242 302 101697 2
S 142923241 302 101698 2
S 142943240 302 101700 2
S 142963238 302 101698 2
S 142983237 302 101706 2
S 143003236 302 101704 2
S 143023235 302 101699 2
S 143043233 302 101699 2
S 143063232 302 101695 2
S 143083231 302 101687 2
S 143103230 302 101698 2
S 143123228 302 101700 2
S 143143227 302 101701 2
S 143163226 302 101698 2
S 143183225 302 101692 2
S 143203223 302 101694 2
S 143223222 302 101699 2
S 143243221 302 101696 2
S 143263220 302 101698 2
S 143283218 302 101700 2
S 143303217 302 101689 2
S 143323216 302 101701 2
S 143343215 302 101700 2
S 143363213 302 101699 2
S 143383212 302 101697 2
S 143403211 302 101695 2
S 143423210 302 101696 2
S 143443208 302 101703 2
S 143463207 302 101698 2
S 143483206 302 101691 2
S 143503205 302 101694 2
S 143523203 302 101699 2
S 143543202 302 101698 2
S 143563201 302 101691 2
S 143583200 302 101699 2
S 143603198 302 101699 2
S 143623197 302 101698 2
S 143643196 302 101695 2
S 143663195 302 101692 2
S 143683193 302 101698 2
S 143703192 302 101696 2
S 143723191 302 101701 2
S 143743190 302 101699 2
S 143763188 302 101700 2
S 143783187 302 101692 2
S 143803186 302 101694 2
S 143823185 302 101700 2
S 143843183 302 101706 2
S 143863182 302 101701 2
S 143883181 302 101703 2
S 143903180 302 101702 2
S 143923178 302 101691 2
S 143943177 302 101697 2
S 143963176 302 101703 2
S 143983175 302 101701 2
S 144003173 302 101699 2
S 144023172 302 101695 2
S 144043171 302 101692 2
S 144063170 302 101695 2
S 144083168 302 101700 2
S 144103167 302 101691 2
S 144123166 302 101696 2
S 144143165 302 101689 2
S 144163163 302 101698 2
S 144183162 302 101698 2
S 144203161 302 101694 2
S 144223160 302 101698 2
S 144243158 302 101694 2
S 144263157 302 101699 2
S 144283156 302 101695 2
S 144303155 302 101704 2
S 144323153 302 101692 2
S 144343152 302 101694 2
S 144363151 302 101697 2
S 144383150 302 101696 2
S 144403148 302 101700 2
S 144423147 302 101697 2
S 144443146 302 101701 2
S 144463145 302 101693 2
S 144483143 302 101698 2
S 144503142 302 101702 2
S 144523141 302 101701 2
S 144543140 302 101700 2
S 144563138 302 101700 2
S 144583137 302 101696 2
S 144603136 302 101696 2
S 144623135 302 101700 2
S 144643133 302 101689 2
S 144663132 302 101694 2
S 144683131 302 101703 2
S 144703130 302 101695 2
S 144723128 302 101692 2
S 144743127 302 101690 2
S 144763126 302 101699 2
S 144783125 302 101697 2
S 144803123 302 101701 2
S 144823122 302 101700 2
S 144843121 302 101695 2
S 144863120 302 101698 2
S 144883118 302 101703 2
S 144903117 302 101700 2
S 144923116 302 101690 2
S 144943115 302 101695 2
S 144963113 302 101690 2
S 144983112 302 101691 2
S 145003111 302 101694 2
S 145023110 302 101695 2
S 145043108 302 101703 2
S 145063107 302 101703 2
S 145083106 302 101703 2
S 145103105 302 101703 2
S 145123103 302 101695 2
S 145143102 302 101703 2
S 145163101 302 101698 2
S 145183100 302 101692 2
S 145203098 302 101694 2
S 145223097 302 101691 2
S 145243096 302 101695 2
S 145263095 302 101705 2
S 145283093 302 101695 2
S 145303092 302 101691 2
S 145323091 302 101689 2
S 145343090 302 101689 2
S 145363088 302 101692 2
S 145383087 302 101693 2
S 145403086 302 101703 2
S 145423085 302 101692 2
S 145443083 302 101689 2
S 145463082 302 101691 2
S 145483081 302 101698 2
S 145503080 302 101693 2
S 145523078 302 101696 2
S 145543077 302 101707 2
S 145563076 302 101700 2
S 145583075 302 101707 2
S 145603073 302 101703 2
S 145623072 302 101703 2
S 145643071 302 101697 2
S 145663070 302 101702 2
S 145683068 302 101697 2
S 145703067 302 101696 2
S 145723066 302 101696 2
S 145743065 302 101695 2
S 145763063 302 101705 2
S 145783062 302 101701 2
S 145803061 302 101695 2
S 145823060 302 101694 2
S 145843058 302 101697 2
S 145863057 302 101706 2
S 145883056 302 101696 2
S 145903055 302 101699 2
S 145923053 302 101698 2
S 145943052 302 101704 2
S 145963051 302 101694 2
S 145983050 302 101690 2
S 146003048 302 101698 2
S 146023047 302 101695 2
S 146043046 302 101695 2
S 146063045 302 101698 2
S 146083043 302 101700 2
S 146103042 302 101698 2
S 146123041 302 101698 2
S 146143040 302 101690 2
S 146163038 302 101704 2
S 146183037 302 101695 2
S 146203036 302 101696 2
S 146223035 302 101695 2
S 146243033 302 101697 2
S 146263032 302 101697 2
S 146283031 302 101692 2
S 146303030 302 101701 2
S 146323028 302 101700 2
S 146343027 302 101694 2
S 146363026 302 101699 2
S 146383025 302 101696 2
S 146403023 302 101702 2
S 146423022 302 101690 2
S 146443021 302 101695 2
S 146463020 302 101689 2
S 146483018 302 101692 2
S 146503017 302 101693 2
S 146523016 302 101698 2
S 146543015 302 101691 2
S 146563013 302 101691 2
S 146583012 302 101695 2
S 146603011 302 101704 2
S 146623010 302 101701 2
S 146643008 302 101695 2
S 146663007 302 101694 2
S 146683006 302 101703 2
S 146703005 302 101690 2
S 146723003 302 101695 2
S 146743002 302 101692 2
S 146763001 302 101692 2
S 146783000 302 101691 2
S 146802998 302 101694 2
S 146822997 302 101701 2
S 146842996 302 101695 2
S 146862995 302 101704 2
S 146882993 302 101696 2
S 146902992 302 101707 2
S 146922991 302 101705 2
S 146942990 302 101692 2
S 146962988 302 101697 2
S 146982987 302 101704 2
S 147002986 302 101703 2
S 147022985 302 101703 2
S 147042983 302 101698 2
S 147062982 302 101696 2
S 147082981 302 101696 2
S 147102980 302 101693 2
S 147122978 302 101698 2
S 147142977 302 101699 2
S 147162976 302 101692 2
S 147182975 302 101694 2
S 147202973 302 101691 2
S 147222972 302 101704 2
S 147242971 302 101706 2
S 147262970 302 101700 2
S 147282968 302 101697 2
S 147302967 302 101703 2
S 147322966 302 101691 2
S 147342965 302 101689 2
S 147362963 302 101690 2
S 147382962 302 101698 2
S 147402961 302 101701 2
S 147422960 302 101698 2
S 147442958 302 101696 2
S 147462957 302 101696 2
S 147482956 302 101690 2
S 147502955 302 101698 2
S 147522953 302 101699 2
S 147542952 302 101699 2
S 147562951 302 101692 2
S 147582950 302 101698 2
S 147602948 302 101699 2
S 147622947 302 101697 2
S 147642946 302 101698 2
S 147662945 302 101700 2
S 147682943 302 101689 2
S 147702942 302 101695 2
S 147722941 302 101696 2
S 147742940 302 101685 2
S 147762938 302 101701 2
S 147782937 302 101698 2
S 147802936 302 101702 2
S 147822935 302 101697 2
S 147842933 302 101691 2
S 147862932 302 101701 2
S 147882931 302 101690 2
S 147902930 302 101700 2
S 147922928 302 101698 2
S 147942927 302 101701 2
S 147962926 302 101701 2
S 147982925 302 101696 2
S 148002923 302 101697 2
S 148022922 302 101696 2
S 148042921 302 101687 2
S 148062920 302 101695 2
S 148082918 302 101702 2
S 148102917 302 101696 2
S 148122916 302 101695 2
S 148142915 302 101692 2
S 148162913 302 101697 2
S 148182912 302 101696 2
S 148202911 302 101694 2
S 148222910 302 101694 2
S 148242908 302 101694 2
S 148262907 302 101695 2
S 148282906 302 101699 2
S 148302905 302 101697 2
S 148322903 302 101698 2
S 148342902 302 101695 2
S 148362901 302 101689 2
S 148382900 302 101695 2
S 148402898 302 101695 2
S 148422897 302 101694 2
S 148442896 302 101695 2
S 148462895 302 101698 2
S 148482893 302 101697 2
S 148502892 302 101696 2
S 148522891 302 101697 2
S 148542890 302 101697 2
S 148562888 302 101698 2
S 148582887 302 101695 2
S 148602886 302 101699 2
S 148622885 302 101700 2
S 148642883 302 101699 2
S 148662882 302 101696 2
S 148682881 302 101695 2
S 148702880 302 101697 2
S 148722878 302 101692 2
S 148742877 302 101695 2
S 148762876 302 101695 2
S 148782875 302 101700 2
S 148802873 302 101703 2
S 148822872 302 101698 2
S 148842871 302 101701 2
S 148862870 302 101703 2
S 148882868 302 101704 2
S 148902867 302 101704 2
S 148922866 302 101703 2
S 148942865 302 101706 2
S 148962863 302 101704 2
S 148982862 302 101701 2
S 149002861 302 101697 2
S 149022860 302 101703 2
S 149042858 302 101695 2
S 149062857 302 101698 2
S 149082856 302 101701 2
S 149102855 302 101701 2
S 149122853 302 101695 2
S 149142852 302 101700 2
S 149162851 302 101699 2
S 149182850 302 101698 2
S 149202848 302 101694 2
S 149222847 302 101698 2
S 149242846 302 101698 2
S 149262845 302 101695 2
S 149282843 302 101698 2
S 149302842 302 101696 2
S 149322841 302 101698 2
S 149342840 302 101698 2
S 149362838 302 101701 2
S 149382837 302 101698 2
S 149402836 302 101698 2
S 149422835 302 101696 2
S 149442833 302 101697 2
S 149462832 302 101695 2
S 149482831 302 101695 2
S 149502830 302 101689 2
S 149522828 302 101694 2
S 149542827 302 101695 2
S 149562826 302 101699 2
S 149582825 302 101699 2
S 149602823 302 101698 2
S 149622822 302 101701 2
S 149642821 302 101702 2
S 149662820 302 101698 2
S 149682818 302 101700 2
S 149702817 302 101705 2
S 149722816 302 101698 2
S 149742815 302 101700 2
S 149762813 302 101702 2
S 149782812 302 101701 2
S 149802811 302 101703 2
S 149822810 302 101702 2
S 149842808 302 101694 2
S 149862807 302 101706 2
S 149882806 302 101702 2
S 149902805 302 101705 2
S 149922803 302 101696 2
S 149942802 302 101704 2
S 149962801 302 101701 2
S 149982800 302 101701 2
S 150002798 302 101704 2
S 150022797 302 101705 2
S 150042796 302 101695 2
S 150062795 302 101701 2
S 150082793 302 101698 2
S 150102792 302 101698 2
S 150122791 302 101698 2
S 150142790 302 101703 2
S 150162788 302 101701 2
S 150182787 302 101691 2
S 150202786 302 101698 2
S 150222785 302 101703 2
S 150242783 302 101697 2
S 150262782 302 101701 2
