# capture_start_utc=2026-09-02T14:57:52Z
Ôª’j
S 6698270 246 100533 2
S 6709269 246 100542 2
S 6720269 246 100538 2
S 6731268 246 100539 2
S 6742267 246 100538 2
S 6753267 246 100536 2
S 6764266 246 100535 2
S 6775265 246 100536 2
S 6786264 246 100538 2
S 6797264 246 100537 2
S 6808263 246 100534 2
S 6819262 246 100543 2
S 6830262 246 100540 2
[[DEBUG]] Starting [[SENSOR TASK]]
[SELFTEST] compensate: T=150 (exp 150)  P=69964 (exp 69964)  -> PASS
#BMP180 v1 fw=2.0.0 temp_ms=1000
[[DEBUG]] BMP180 registered on /dev/bmp180-0
S 57685 246 100549 0
S 62685 246 100543 0
S 67684 246 100543 0
S 72684 246 100540 0
S 77684 246 100540 0
S 82683 246 100543 0
S 87683 246 100535 0
S 92683 246 100549 0
S 97683 246 100546 0
S 102682 246 100546 0
S 107682 246 100543 0
S 112682 246 100543 0
S 117681 246 100543 0
S 122681 246 100546 0
S 127681 246 100549 0
S 132680 246 100543 0
S 137680 246 100546 0
S 142680 246 100543 0
S 147679 246 100552 0
S 152679 246 100546 0
S 157679 246 100552 0
S 162678 246 100543 0
S 167678 246 100540 0
S 172678 246 100540 0
S 177678 246 100546 0
S 182677 246 100546 0
S 187677 246 100546 0
S 192677 246 100540 0
S 197676 246 100546 0
S 202676 246 100543 0
S 207676 246 100546 0
S 212675 246 100543 0
S 217675 246 100546 0
S 222675 246 100549 0
S 227674 246 100546 0
S 232674 246 100555 0
S 237674 246 100552 0
S 242673 246 100535 0
S 247673 246 100549 0
S 252673 246 100546 0
S 257673 246 100543 0
S 262672 246 100543 0
S 267672 246 100538 0
S 272672 246 100538 0
S 277671 246 100543 0
S 282671 246 100543 0
S 287671 246 100535 0
S 292670 246 100540 0
S 297670 246 100543 0
S 302670 246 100546 0
S 307669 246 100549 0
S 312669 246 100546 0
S 317669 246 100543 0
S 322668 246 100546 0
S 327668 246 100543 0
S 332668 246 100549 0
S 337668 246 100543 0
S 342667 246 100549 0
S 347667 246 100543 0
S 352667 246 100538 0
S 357666 246 100543 0
S 362666 246 100543 0
S 367666 246 100538 0
S 372665 246 100543 0
S 377665 246 100540 0
S 382665 246 100546 0
S 387664 246 100543 0
S 392664 246 100546 0
S 397664 246 100540 0
S 402663 246 100549 0
S 407663 246 100552 0
S 412663 246 100543 0
S 417663 246 100546 0
S 422662 246 100546 0
S 427662 246 100546 0
S 432662 246 100552 0
S 437661 246 100543 0
S 442661 246 100546 0
S 447661 246 100546 0
S 452660 246 100538 0
S 457660 246 100538 0
S 462660 246 100540 0
S 467659 246 100549 0
S 472659 246 100552 0
S 477659 246 100546 0
S 482658 246 100549 0
S 487658 246 100546 0
S 492658 246 100543 0
S 497658 246 100552 0
S 502657 246 100555 0
S 507657 246 100538 0
S 512657 246 100546 0
S 517656 246 100546 0
S 522656 246 100546 0
S 527656 246 100549 0
S 532655 246 100549 0
S 537655 246 100540 0
S 542655 246 100549 0
S 547654 246 100549 0
S 552654 246 100546 0
S 557654 246 100552 0
S 562653 246 100549 0
S 567653 246 100540 0
S 572653 246 100546 0
S 577653 246 100546 0
S 582652 246 100538 0
S 587652 246 100543 0
S 592652 246 100543 0
S 597651 246 100540 0
S 602651 246 100549 0
S 607651 246 100538 0
S 612650 246 100549 0
S 617650 246 100549 0
S 622650 246 100540 0
S 627649 246 100540 0
S 632649 246 100558 0
S 637649 246 100549 0
S 642648 246 100549 0
S 647648 246 100540 0
S 652648 246 100552 0
S 657648 246 100540 0
S 662647 246 100538 0
S 667647 246 100543 0
S 672647 246 100538 0
S 677646 246 100543 0
S 682646 246 100546 0
S 687646 246 100543 0
S 692645 246 100546 0
S 697645 246 100549 0
S 702645 246 100549 0
S 707644 246 100552 0
S 712644 246 100540 0
S 717644 246 100549 0
S 722643 246 100540 0
S 727643 246 100546 0
S 732643 246 100549 0
S 737643 246 100540 0
S 742642 246 100540 0
S 747642 246 100543 0
S 752642 246 100546 0
S 757641 246 100540 0
S 762641 246 100549 0
S 767641 246 100549 0
S 772640 246 100543 0
S 777640 246 100546 0
S 782640 246 100549 0
S 787639 246 100546 0
S 792639 246 100535 0
S 797639 246 100540 0
S 802638 246 100552 0
S 807638 246 100549 0
S 812638 246 100540 0
S 817638 246 100558 0
S 822637 246 100540 0
S 827637 246 100546 0
S 832637 246 100546 0
S 837636 246 100552 0
S 842636 246 100543 0
S 847636 246 100558 0
S 852635 246 100549 0
S 857635 246 100543 0
S 862635 246 100555 0
S 867634 246 100546 0
S 872634 246 100546 0
S 877634 246 100552 0
S 882633 246 100549 0
S 887633 246 100549 0
S 892633 246 100546 0
S 897633 246 100549 0
S 902632 246 100549 0
S 907632 246 100549 0
S 912632 246 100552 0
S 917631 246 100546 0
S 922631 246 100558 0
S 927631 246 100558 0
S 932630 246 100546 0
S 937630 246 100543 0
S 942630 246 100546 0
S 947629 246 100555 0
S 952629 246 100549 0
S 957629 246 100552 0
S 962628 246 100549 0
S 967628 246 100558 0
S 972628 246 100540 0
S 977628 246 100546 0
S 982627 246 100543 0
S 987627 246 100543 0
S 992627 246 100546 0
S 997626 246 100552 0
S 1002626 246 100546 0
S 1007625 246 100546 0
S 1012625 246 100546 0
S 1017625 246 100546 0
S 1022624 246 100538 0
S 1027624 246 100540 0
S 1037624 245 100543 0
S 1042623 245 100555 0
S 1047623 245 100535 0
S 1052622 245 100540 0
S 1057622 245 100546 0
S 1062622 245 100540 0
S 1067621 245 100543 0
S 1072621 245 100549 0
S 1077621 245 100546 0
S 1082620 245 100543 0
S 1087620 245 100546 0
S 1092620 245 100538 0
S 1097620 245 100538 0
S 1102619 245 100540 0
S 1107619 245 100538 0
S 1112619 245 100546 0
S 1117618 245 100543 0
S 1122618 245 100540 0
S 1127618 245 100549 0
S 1132617 245 100538 0
S 1137617 245 100549 0
S 1142617 245 100535 0
S 1147616 245 100543 0
S 1152616 245 100546 0
S 1157616 245 100540 0
S 1162615 245 100543 0
S 1167615 245 100538 0
S 1172615 245 100546 0
S 1177615 245 100543 0
S 1182614 245 100546 0
S 1187614 245 100546 0
S 1192614 245 100540 0
S 1197613 245 100543 0
S 1202613 245 100538 0
S 1207613 245 100546 0
S 1212612 245 100532 0
S 1217612 245 100532 0
S 1222612 245 100546 0
S 1227611 245 100546 0
S 1232611 245 100540 0
S 1237611 245 100543 0
S 1242610 245 100543 0
S 1247610 245 100546 0
S 1252610 245 100543 0
S 1257610 245 100543 0
S 1262609 245 100543 0
S 1267609 245 100546 0
S 1272609 245 100543 0
S 1277608 245 100546 0
S 1282608 245 100538 0
S 1287608 245 100546 0
S 1292607 245 100546 0
S 1297607 245 100538 0
S 1302607 245 100540 0
S 1307606 245 100543 0
S 1312606 245 100555 0
S 1317606 245 100543 0
S 1322605 245 100546 0
S 1327605 245 100549 0
S 1332605 245 100538 0
S 1337605 245 100543 0
S 1342604 245 100546 0
S 1347604 245 100555 0
S 1352604 245 100549 0
S 1357603 245 100540 0
S 1362603 245 100549 0
S 1367603 245 100540 0
S 1372602 245 100532 0
S 1377602 245 100538 0
S 1382602 245 100538 0
S 1387601 245 100543 0
S 1392601 245 100543 0
S 1397601 245 100538 0
S 1402600 245 100546 0
S 1407600 245 100546 0
S 1412600 245 100546 0
S 1417600 245 100540 0
S 1422599 245 100540 0
S 1427599 245 100543 0
S 1432599 245 100543 0
S 1437598 245 100538 0
S 1442598 245 100538 0
S 1447598 245 100532 0
S 1452597 245 100535 0
S 1457597 245 100546 0
S 1462597 245 100546 0
S 1467596 245 100546 0
S 1472596 245 100546 0
S 1477596 245 100549 0
S 1482595 245 100543 0
S 1487595 245 100535 0
S 1492595 245 100543 0
S 1497595 245 100543 0
S 1502594 245 100540 0
S 1507594 245 100552 0
S 1512594 245 100546 0
S 1517593 245 100546 0
S 1522593 245 100540 0
S 1527593 245 100546 0
S 1532592 245 100543 0
S 1537592 245 100543 0
S 1542592 245 100546 0
S 1547591 245 100549 0
S 1552591 245 100540 0
S 1557591 245 100538 0
S 1562590 245 100543 0
S 1567590 245 100555 0
S 1572590 245 100549 0
S 1577590 245 100549 0
S 1582589 245 100549 0
S 1587589 245 100549 0
S 1592589 245 100558 0
S 1597588 245 100549 0
S 1602588 245 100549 0
S 1607588 245 100546 0
S 1612587 245 100543 0
S 1617587 245 100540 0
S 1622587 245 100543 0
S 1627586 245 100549 0
S 1632586 245 100555 0
S 1637586 245 100546 0
S 1642585 245 100549 0
S 1647585 245 100543 0
S 1652585 245 100540 0
S 1657585 245 100543 0
S 1662584 245 100543 0
S 1667584 245 100549 0
S 1672584 245 100543 0
S 1677583 245 100546 0
S 1682583 245 100555 0
S 1687583 245 100540 0
S 1692582 245 100540 0
S 1697582 245 100549 0
S 1702582 245 100540 0
S 1707581 245 100549 0
S 1712581 245 100549 0
S 1717581 245 100546 0
S 1722580 245 100546 0
S 1727580 245 100549 0
S 1732580 245 100555 0
S 1737580 245 100555 0
S 1742579 245 100555 0
S 1747579 245 100552 0
S 1752579 245 100549 0
S 1757578 245 100555 0
S 1762578 245 100555 0
S 1767578 245 100546 0
S 1772577 245 100543 0
S 1777577 245 100555 0
S 1782577 245 100555 0
S 1787576 245 100549 0
S 1792576 245 100555 0
S 1797576 245 100546 0
S 1802575 245 100558 0
S 1807575 245 100558 0
S 1812575 245 100555 0
S 1817575 245 100558 0
S 1822574 245 100555 0
S 1827574 245 100549 0
S 1832574 245 100558 0
S 1837573 245 100555 0
S 1842573 245 100549 0
S 1847573 245 100555 0
S 1852572 245 100552 0
S 1857572 245 100549 0
S 1862572 245 100555 0
S 1867571 245 100555 0
S 1872571 245 100558 0
S 1877571 245 100543 0
S 1882570 245 100555 0
S 1887570 245 100555 0
S 1892570 245 100555 0
S 1897570 245 100549 0
S 1902569 245 100546 0
S 1907569 245 100555 0
S 1912569 245 100546 0
S 1917568 245 100552 0
S 1922568 245 100543 0
S 1927568 245 100540 0
S 1932567 245 100549 0
S 1937567 245 100558 0
S 1942567 245 100558 0
S 1947566 245 100555 0
S 1952566 245 100555 0
S 1957566 245 100543 0
S 1962565 245 100540 0
S 1967565 245 100543 0
S 1972565 245 100543 0
S 1977565 245 100543 0
S 1982564 245 100538 0
S 1987564 245 100555 0
S 1992564 245 100555 0
S 1997563 245 100564 0
S 2002563 245 100549 0
S 2007563 245 100555 0
S 2012562 245 100546 0
S 2017562 245 100558 0
S 2022562 245 100546 0
S 2027561 245 100546 0
S 2032561 245 100546 0
S 2042561 245 100546 0
S 2047560 245 100552 0
S 2052560 245 100543 0
S 2057560 245 100540 0
S 2062559 245 100546 0
S 2067559 245 100535 0
S 2072559 245 100546 0
S 2077558 245 100552 0
S 2082558 245 100546 0
S 2087558 245 100538 0
S 2092557 245 100540 0
S 2097557 245 100552 0
S 2102557 245 100546 0
S 2107556 245 100535 0
S 2112556 245 100552 0
S 2117556 245 100546 0
S 2122555 245 100538 0
S 2127555 245 100540 0
S 2132555 245 100543 0
S 2137555 245 100543 0
S 2142554 245 100543 0
S 2147554 245 100552 0
S 2152554 245 100546 0
S 2157553 245 100546 0
S 2162553 245 100549 0
S 2167553 245 100546 0
S 2172552 245 100546 0
S 2177552 245 100552 0
S 2182552 245 100552 0
S 2187551 245 100546 0
S 2192551 245 100552 0
S 2197551 245 100546 0
S 2202550 245 100543 0
S 2207550 245 100543 0
S 2212550 245 100546 0
S 2217550 245 100540 0
S 2222549 245 100540 0
S 2227549 245 100538 0
S 2232549 245 100543 0
S 2237548 245 100552 0
S 2242548 245 100546 0
S 2247548 245 100543 0
S 2252547 245 100540 0
S 2257547 245 100546 0
S 2262547 245 100540 0
S 2267546 245 100543 0
S 2272546 245 100546 0
S 2277546 245 100546 0
S 2282545 245 100546 0
S 2287545 245 100552 0
S 2292545 245 100546 0
S 2297545 245 100546 0
S 2302544 245 100546 0
S 2307544 245 100552 0
S 2312544 245 100552 0
S 2317543 245 100543 0
S 2322543 245 100546 0
S 2327543 245 100540 0
S 2332542 245 100552 0
S 2337542 245 100552 0
S 2342542 245 100552 0
S 2347541 245 100543 0
S 2352541 245 100552 0
S 2357541 245 100546 0
S 2362540 245 100546 0
S 2367540 245 100552 0
S 2372540 245 100552 0
S 2377540 245 100552 0
S 2382539 245 100543 0
S 2387539 245 100540 0
S 2392539 245 100552 0
S 2397538 245 100543 0
S 2402538 245 100538 0
S 2407538 245 100546 0
S 2412537 245 100540 0
S 2417537 245 100546 0
S 2422537 245 100552 0
S 2427536 245 100546 0
S 2432536 245 100543 0
S 2437536 245 100540 0
S 2442535 245 100543 0
S 2447535 245 100546 0
S 2452535 245 100543 0
S 2457535 245 100540 0
S 2462534 245 100540 0
S 2467534 245 100546 0
S 2472534 245 100546 0
S 2477533 245 100552 0
S 2482533 245 100546 0
S 2487533 245 100540 0
S 2492532 245 100540 0
S 2497532 245 100552 0
S 2502532 245 100552 0
S 2507531 245 100552 0
S 2512531 245 100552 0
S 2517531 245 100552 0
S 2522530 245 100546 0
S 2527530 245 100555 0
S 2532530 245 100552 0
S 2537530 245 100546 0
S 2542529 245 100546 0
S 2547529 245 100552 0
S 2552529 245 100552 0
S 2557528 245 100552 0
S 2562528 245 100552 0
S 2595526 245 100543 1
S 2602526 245 100549 1
S 2609526 245 100557 1
S 2616525 245 100548 1
S 2623525 245 100554 1
S 2630524 245 100554 1
S 2637524 245 100549 1
S 2644523 245 100554 1
S 2651523 245 100546 1
S 2658522 245 100545 1
S 2665522 245 100545 1
S 2672522 245 100549 1
S 2679521 245 100543 1
S 2686521 245 100551 1
S 2693520 245 100548 1
S 2700520 245 100549 1
S 2707519 245 100554 1
S 2714519 245 100554 1
S 2721519 245 100542 1
S 2728518 245 100551 1
S 2735518 245 100554 1
S 2742517 245 100542 1
S 2749517 245 100543 1
S 2756516 245 100546 1
S 2763516 245 100545 1
S 2770515 245 100549 1
S 2777515 245 100549 1
S 2784515 245 100543 1
S 2791514 245 100543 1
S 2798514 245 100540 1
S 2805513 245 100548 1
S 2812513 245 100548 1
S 2819512 245 100549 1
S 2826512 245 100546 1
S 2833512 245 100548 1
S 2840511 245 100548 1
S 2847511 245 100543 1
S 2854510 245 100545 1
S 2861510 245 100548 1
S 2868509 245 100543 1
S 2875509 245 100536 1
S 2882508 245 100542 1
S 2889508 245 100548 1
S 2896508 245 100542 1
S 2903507 245 100539 1
S 2910507 245 100543 1
S 2917506 245 100538 1
S 2924506 245 100542 1
S 2931505 245 100546 1
S 2938505 245 100546 1
S 2945505 245 100542 1
S 2952504 245 100545 1
S 2959504 245 100543 1
S 2966503 245 100538 1
S 2973503 245 100540 1
S 2980502 245 100539 1
S 2987502 245 100546 1
S 2994501 245 100542 1
S 3001502 245 100543 1
S 3008501 245 100543 1
S 3015500 245 100540 1
S 3022500 245 100546 1
S 3029499 245 100543 1
S 3036499 245 100536 1
S 3043498 245 100549 1
S 3055498 245 100542 1
S 3062497 245 100540 1
S 3069497 245 100538 1
S 3076496 245 100538 1
S 3083496 245 100542 1
S 3090495 245 100546 1
S 3097495 245 100546 1
S 3104495 245 100538 1
S 3111494 245 100546 1
S 3118494 245 100549 1
S 3125493 245 100542 1
S 3132493 245 100542 1
S 3139492 245 100540 1
S 3146492 245 100533 1
S 3153492 245 100548 1
S 3160491 245 100546 1
S 3167491 245 100548 1
S 3174490 245 100543 1
S 3181490 245 100548 1
S 3188489 245 100546 1
S 3195489 245 100543 1
S 3202488 245 100540 1
S 3209488 245 100545 1
S 3216488 245 100546 1
S 3223487 245 100546 1
S 3230487 245 100545 1
S 3237486 245 100549 1
S 3244486 245 100542 1
S 3251485 245 100542 1
S 3258485 245 100538 1
S 3265485 245 100546 1
S 3272484 245 100540 1
S 3279484 245 100545 1
S 3286483 245 100546 1
S 3293483 245 100549 1
S 3300482 245 100543 1
S 3307482 245 100546 1
S 3314481 245 100545 1
S 3321481 245 100551 1
S 3328481 245 100546 1
S 3335480 245 100543 1
S 3342480 245 100551 1
S 3349479 245 100543 1
S 3356479 245 100548 1
S 3363478 245 100542 1
S 3370478 245 100546 1
S 3377478 245 100545 1
S 3384477 245 100542 1
S 3391477 245 100552 1
S 3398476 245 100545 1
S 3405476 245 100538 1
S 3412475 245 100540 1
S 3419475 245 100539 1
S 3426474 245 100539 1
S 3433474 245 100535 1
S 3440474 245 100540 1
S 3447473 245 100538 1
S 3454473 245 100542 1
S 3461472 245 100542 1
S 3468472 245 100545 1
S 3475471 245 100542 1
S 3482471 245 100545 1
S 3489471 245 100546 1
S 3496470 245 100546 1
S 3503470 245 100539 1
S 3510469 245 100542 1
S 3517469 245 100548 1
S 3524468 245 100545 1
S 3531468 245 100540 1
S 3538467 245 100543 1
S 3545467 245 100551 1
S 3552467 245 100540 1
S 3559466 245 100545 1
S 3566466 245 100543 1
S 3573465 245 100543 1
S 3580465 245 100542 1
S 3587464 245 100540 1
S 3594464 245 100540 1
S 3601464 245 100543 1
S 3608463 245 100540 1
S 3615463 245 100542 1
S 3622462 245 100533 1
S 3629462 245 100540 1
S 3636461 245 100535 1
S 3643461 245 100545 1
S 3650460 245 100540 1
S 3657460 245 100548 1
S 3664460 245 100543 1
S 3671459 245 100545 1
S 3678459 245 100538 1
S 3685458 245 100539 1
S 3692458 245 100539 1
S 3699457 245 100540 1
S 3706457 245 100538 1
S 3713457 245 100542 1
S 3720456 245 100540 1
S 3727456 245 100543 1
S 3734455 245 100542 1
S 3741455 245 100545 1
S 3748454 245 100545 1
S 3755454 245 100540 1
S 3762453 245 100543 1
S 3769453 245 100540 1
S 3776453 245 100543 1
S 3783452 245 100545 1
S 3790452 245 100540 1
S 3797451 245 100543 1
S 3804451 245 100546 1
S 3811450 245 100542 1
S 3818450 245 100540 1
S 3825450 245 100542 1
S 3832449 245 100551 1
S 3839449 245 100545 1
S 3846448 245 100539 1
S 3853448 245 100542 1
S 3860447 245 100536 1
S 3867447 245 100545 1
S 3874446 245 100542 1
S 3881446 245 100545 1
S 3888446 245 100538 1
S 3895445 245 100542 1
S 3902445 245 100538 1
S 3909444 245 100540 1
S 3916444 245 100538 1
S 3923443 245 100548 1
S 3930443 245 100542 1
S 3937443 245 100542 1
S 3944442 245 100542 1
S 3951442 245 100538 1
S 3958441 245 100535 1
S 3965441 245 100542 1
S 3972440 245 100536 1
S 3979440 245 100539 1
S 3986439 245 100533 1
S 3993439 245 100539 1
S 4000437 245 100538 1
S 4007438 245 100540 1
S 4014438 245 100536 1
S 4021437 245 100545 1
S 4028437 245 100538 1
S 4035436 245 100539 1
S 4042436 245 100540 1
S 4049436 245 100540 1
S 4061435 245 100539 1
S 4068434 245 100543 1
S 4075434 245 100539 1
S 4082433 245 100538 1
S 4089433 245 100542 1
S 4096433 245 100540 1
S 4103432 245 100538 1
S 4110432 245 100548 1
S 4117431 245 100542 1
S 4124431 245 100548 1
S 4131430 245 100551 1
S 4138430 245 100546 1
S 4145430 245 100545 1
S 4152429 245 100543 1
S 4159429 245 100545 1
S 4166428 245 100546 1
S 4173428 245 100545 1
S 4180427 245 100551 1
S 4187427 245 100543 1
S 4194426 245 100543 1
S 4201426 245 100552 1
S 4208426 245 100551 1
S 4215425 245 100543 1
S 4222425 245 100545 1
S 4229424 245 100552 1
S 4236424 245 100548 1
S 4243423 245 100542 1
S 4250423 245 100539 1
S 4257423 245 100545 1
S 4264422 245 100546 1
S 4271422 245 100543 1
S 4278421 245 100546 1
S 4285421 245 100536 1
S 4292420 245 100543 1
S 4299420 245 100542 1
S 4306419 245 100539 1
S 4313419 245 100538 1
S 4320419 245 100546 1
S 4327418 245 100543 1
S 4334418 245 100549 1
S 4341417 245 100535 1
S 4348417 245 100546 1
S 4355416 245 100546 1
S 4362416 245 100543 1
S 4369416 245 100545 1
S 4376415 245 100545 1
S 4383415 245 100546 1
S 4390414 245 100545 1
S 4397414 245 100545 1
S 4404413 245 100549 1
S 4411413 245 100548 1
S 4418412 245 100549 1
S 4425412 245 100546 1
S 4432412 245 100540 1
S 4439411 245 100543 1
S 4446411 245 100543 1
S 4453410 245 100538 1
S 4460410 245 100542 1
S 4467409 245 100543 1
S 4474409 245 100543 1
S 4481409 245 100546 1
S 4488408 245 100548 1
S 4495408 245 100545 1
S 4502407 245 100548 1
S 4509407 245 100543 1
S 4516406 245 100554 1
S 4523406 245 100551 1
S 4530405 245 100551 1
S 4537405 245 100549 1
S 4544405 245 100546 1
S 4551404 245 100549 1
S 4558404 245 100543 1
S 4565403 245 100548 1
S 4572403 245 100551 1
S 4579402 245 100551 1
S 4586402 245 100548 1
S 4593402 245 100549 1
S 4600401 245 100545 1
S 4607401 245 100539 1
S 4614400 245 100543 1
S 4621400 245 100545 1
S 4628399 245 100545 1
S 4635399 245 100546 1
S 4642398 245 100548 1
S 4649398 245 100548 1
S 4656398 245 100551 1
S 4663397 245 100545 1
S 4670397 245 100549 1
S 4677396 245 100545 1
S 4684396 245 100549 1
S 4691395 245 100546 1
S 4698395 245 100540 1
S 4705395 245 100543 1
S 4712394 245 100549 1
S 4719394 245 100545 1
S 4726393 245 100549 1
S 4733393 245 100552 1
S 4740392 245 100549 1
S 4747392 245 100546 1
S 4754391 245 100548 1
S 4761391 245 100549 1
S 4768391 245 100551 1
S 4775390 245 100546 1
S 4782390 245 100542 1
S 4789389 245 100546 1
S 4796389 245 100538 1
S 4803388 245 100548 1
S 4810388 245 100554 1
S 4817388 245 100549 1
S 4824387 245 100545 1
S 4831387 245 100546 1
S 4838386 245 100554 1
S 4845386 245 100551 1
S 4852385 245 100545 1
S 4859385 245 100545 1
S 4866384 245 100546 1
S 4873384 245 100546 1
S 4880384 245 100545 1
S 4887383 245 100551 1
S 4894383 245 100546 1
S 4901382 245 100548 1
S 4908382 245 100543 1
S 4915381 245 100554 1
S 4922381 245 100552 1
S 4929381 245 100557 1
S 4936380 245 100546 1
S 4943380 245 100551 1
S 4950379 245 100552 1
S 4957379 245 100549 1
S 4964378 245 100539 1
S 4971378 245 100546 1
S 4978377 245 100543 1
S 4985377 245 100540 1
S 4992377 245 100551 1
S 4999376 245 100545 1
S 5006376 245 100549 1
S 5013375 245 100554 1
S 5020375 245 100549 1
S 5027374 245 100549 1
S 5034374 245 100554 1
S 5041374 245 100549 1
S 5048373 245 100551 1
S 5055373 245 100555 1
S 5067372 245 100551 1
S 5074371 245 100555 1
S 5081371 245 100551 1
S 5088371 245 100548 1
S 5095370 245 100545 1
S 5102370 245 100554 1
S 5109369 245 100543 1
S 5116369 245 100546 1
S 5123368 245 100545 1
S 5130368 245 100546 1
S 5137368 245 100546 1
S 5144367 245 100548 1
S 5151367 245 100548 1
S 5158366 245 100549 1
S 5165366 245 100542 1
S 5172365 245 100545 1
S 5179365 245 100551 1
S 5186364 245 100554 1
S 5193364 245 100549 1
S 5200364 245 100554 1
S 5207363 245 100555 1
S 5214363 245 100554 1
S 5221362 245 100554 1
S 5228362 245 100551 1
S 5235361 245 100551 1
S 5242361 245 100549 1
S 5249361 245 100557 1
S 5256360 245 100549 1
S 5263360 245 100551 1
S 5270359 245 100551 1
S 5277359 245 100548 1
S 5284358 245 100554 1
S 5291358 245 100552 1
S 5298357 245 100551 1
S 5305357 245 100551 1
S 5312357 245 100549 1
S 5319356 245 100546 1
S 5326356 245 100554 1
S 5333355 245 100555 1
S 5340355 245 100554 1
S 5347354 245 100548 1
S 5354354 245 100552 1
S 5361354 245 100548 1
S 5368353 245 100554 1
S 5375353 245 100549 1
S 5382352 245 100554 1
S 5389352 245 100545 1
S 5396351 245 100546 1
S 5403351 245 100554 1
S 5410350 245 100545 1
S 5417350 245 100543 1
S 5424350 245 100549 1
S 5431349 245 100549 1
S 5438349 245 100546 1
S 5445348 245 100551 1
S 5452348 245 100552 1
S 5459347 245 100555 1
S 5466347 245 100551 1
S 5473347 245 100552 1
S 5480346 245 100552 1
S 5487346 245 100545 1
S 5494345 245 100549 1
S 5501345 245 100555 1
S 5508344 245 100548 1
S 5515344 245 100552 1
S 5522343 245 100548 1
S 5529343 245 100546 1
S 5536343 245 100545 1
S 5543342 245 100551 1
S 5550342 245 100552 1
S 5557341 245 100552 1
S 5564341 245 100545 1
S 5571340 245 100543 1
S 5578340 245 100540 1
S 5585340 245 100549 1
S 5592339 245 100545 1
S 5599339 245 100545 1
S 5606338 245 100554 1
S 5613338 245 100552 1
S 5620337 245 100551 1
S 5627337 245 100551 1
S 5634336 245 100554 1
S 5641336 245 100555 1
S 5648336 245 100551 1
S 5655335 245 100542 1
S 5662335 245 100554 1
S 5669334 245 100551 1
S 5676334 245 100551 1
S 5683333 245 100548 1
S 5690333 245 100551 1
S 5697333 245 100557 1
S 5704332 245 100551 1
S 5711332 245 100543 1
S 5718331 245 100549 1
S 5725331 245 100551 1
S 5732330 245 100548 1
S 5739330 245 100554 1
S 5746329 245 100551 1
S 5753329 245 100549 1
S 5760329 245 100551 1
S 5767328 245 100549 1
S 5774328 245 100555 1
S 5781327 245 100558 1
S 5788327 245 100548 1
S 5795326 245 100549 1
S 5802326 245 100548 1
S 5809326 245 100561 1
S 5816325 245 100552 1
S 5823325 245 100545 1
S 5830324 245 100548 1
S 5837324 245 100545 1
S 5844323 245 100546 1
S 5851323 245 100551 1
S 5858322 245 100543 1
S 5865322 245 100548 1
S 5872322 245 100554 1
S 5879321 245 100545 1
S 5886321 245 100542 1
S 5893320 245 100543 1
S 5900320 245 100545 1
S 5907319 245 100548 1
S 5914319 245 100552 1
S 5921319 245 100555 1
S 5928318 245 100551 1
S 5935318 245 100546 1
S 5942317 245 100546 1
S 5949317 245 100546 1
S 5956316 245 100542 1
S 5963316 245 100549 1
S 5970315 245 100546 1
S 5977315 245 100543 1
S 5984315 245 100548 1
S 5991314 245 100548 1
S 5998314 245 100549 1
S 6005313 245 100551 1
S 6012313 245 100548 1
S 6019312 245 100551 1
S 6026312 245 100545 1
S 6033312 245 100554 1
S 6040311 245 100548 1
S 6047311 245 100555 1
S 6054310 245 100551 1
S 6061310 245 100546 1
S 6073309 245 100540 1
S 6080309 245 100543 1
S 6087308 245 100540 1
S 6094308 245 100543 1
S 6101307 245 100548 1
S 6108307 245 100546 1
S 6159304 245 100540 2
S 6170303 245 100543 2
S 6181302 245 100542 2
S 6192302 245 100544 2
S 6203301 245 100543 2
S 6214300 245 100543 2
S 6225300 245 100541 2
S 6236299 245 100541 2
S 6247298 245 100543 2
S 6258297 245 100542 2
S 6269297 245 100536 2
S 6280296 245 100537 2
S 6291295 245 100545 2
S 6302295 245 100542 2
S 6313294 245 100543 2
S 6324293 245 100541 2
S 6335293 245 100543 2
S 6346292 245 100543 2
S 6357291 245 100538 2
S 6368291 245 100539 2
S 6379290 245 100542 2
S 6390289 245 100540 2
S 6401289 245 100537 2
S 6412288 245 100543 2
S 6423287 245 100540 2
S 6434286 245 100539 2
S 6445286 245 100537 2
S 6456285 245 100537 2
S 6467284 245 100540 2
S 6478284 245 100542 2
S 6489283 245 100545 2
S 6500282 245 100548 2
S 6511282 245 100546 2
S 6522281 245 100546 2
S 6533280 245 100543 2
S 6544280 245 100541 2
S 6555279 245 100543 2
S 6566278 245 100537 2
S 6577278 245 100538 2
S 6588277 245 100540 2
S 6599276 245 100537 2
S 6610275 245 100535 2
S 6621275 245 100537 2
S 6632274 245 100538 2
S 6643273 245 100540 2
S 6654273 245 100543 2
S 6665272 245 100543 2
S 6676271 245 100539 2
S 6687271 245 100543 2
S 6698270 245 100542 2
S 6709269 245 100543 2
S 6720269 245 100540 2
S 6731268 245 100537 2
S 6742267 245 100537 2
S 6753267 245 100541 2
S 6764266 245 100537 2
S 6775265 245 100531 2
S 6786264 245 100542 2
S 6797264 245 100536 2
S 6808263 245 100546 2
S 6819262 245 100538 2
S 6830262 245 100537 2
S 6841261 245 100537 2
S 6852260 245 100543 2
S 6863260 245 100540 2
S 6874259 245 100537 2
S 6885258 245 100538 2
S 6896258 245 100532 2
S 6907257 245 100535 2
S 6918256 245 100536 2
S 6929256 245 100541 2
S 6940255 245 100540 2
S 6951254 245 100542 2
S 6962253 245 100540 2
S 6973253 245 100544 2
S 6984252 245 100537 2
S 6995251 245 100543 2
S 7006251 245 100540 2
S 7017250 245 100540 2
S 7028249 245 100543 2
S 7039249 245 100542 2
S 7050248 245 100544 2
S 7061247 245 100540 2
S 7072247 245 100537 2
S 7088246 245 100543 2
S 7099245 245 100549 2
S 7110244 245 100545 2
S 7121244 245 100543 2
S 7132243 245 100545 2
S 7143242 245 100543 2
S 7154241 245 100542 2
S 7165241 245 100538 2
S 7176240 245 100538 2
S 7187239 245 100539 2
S 7198239 245 100540 2
S 7209238 245 100541 2
S 7220237 245 100543 2
S 7231237 245 100542 2
S 7242236 245 100544 2
S 7253235 245 100546 2
S 7264235 245 100550 2
S 7275234 245 100543 2
S 7286233 245 100543 2
S 7297233 245 100546 2
S 7308232 245 100547 2
S 7319231 245 100551 2
S 7330230 245 100545 2
S 7341230 245 100549 2
S 7352229 245 100549 2
S 7363228 245 100549 2
S 7374228 245 100546 2
S 7385227 245 100546 2
S 7396226 245 100550 2
S 7407226 245 100543 2
S 7418225 245 100542 2
S 7429224 245 100540 2
S 7440224 245 100542 2
S 7451223 245 100543 2
S 7462222 245 100540 2
S 7473222 245 100540 2
S 7484221 245 100546 2
S 7495220 245 100540 2
S 7506219 245 100541 2
S 7517219 245 100546 2
S 7528218 245 100540 2
S 7539217 245 100543 2
S 7550217 245 100547 2
S 7561216 245 100543 2
S 7572215 245 100545 2
S 7583215 245 100548 2
S 7594214 245 100549 2
S 7605213 245 100542 2
S 7616213 245 100550 2
S 7627212 245 100550 2
S 7638211 245 100551 2
S 7649211 245 100549 2
S 7660210 245 100547 2
S 7671209 245 100550 2
S 7682208 245 100547 2
S 7693208 245 100550 2
S 7704207 245 100547 2
S 7715206 245 100549 2
S 7726206 245 100546 2
S 7737205 245 100547 2
S 7748204 245 100551 2
S 7759204 245 100549 2
S 7770203 245 100546 2
S 7781202 245 100545 2
S 7792202 245 100551 2
S 7803201 245 100551 2
S 7814200 245 100550 2
S 7825200 245 100551 2
S 7836199 245 100546 2
S 7847198 245 100549 2
S 7858197 245 100549 2
S 7869197 245 100552 2
S 7880196 245 100549 2
S 7891195 245 100552 2
S 7902195 245 100549 2
S 7913194 245 100546 2
S 7924193 245 100551 2
S 7935193 245 100552 2
S 7946192 245 100550 2
S 7957191 245 100547 2
S 7968191 245 100547 2
S 7979190 245 100542 2
S 7990189 245 100548 2
S 8001187 245 100547 2
S 8012188 245 100549 2
S 8023187 245 100547 2
S 8034186 245 100545 2
S 8045186 245 100543 2
S 8056185 245 100544 2
S 8067184 245 100546 2
S 8078184 245 100543 2
S 8094183 245 100543 2
S 8105182 245 100538 2
S 8116181 245 100538 2
S 8127181 245 100536 2
S 8138180 245 100539 2
S 8149179 245 100537 2
S 8160179 245 100540 2
S 8171178 245 100541 2
S 8182177 245 100539 2
S 8193177 245 100539 2
S 8204176 245 100543 2
S 8215175 245 100541 2
S 8226174 245 100537 2
S 8237174 245 100540 2
S 8248173 245 100543 2
S 8259172 245 100543 2
S 8270172 245 100539 2
S 8281171 245 100540 2
S 8292170 245 100536 2
S 8303170 245 100535 2
S 8314169 245 100541 2
S 8325168 245 100537 2
S 8336168 245 100535 2
S 8347167 245 100542 2
S 8358166 245 100543 2
S 8369166 245 100541 2
S 8380165 245 100540 2
S 8391164 245 100535 2
S 8402163 245 100544 2
S 8413163 245 100538 2
S 8424162 245 100546 2
S 8435161 245 100540 2
S 8446161 245 100543 2
S 8457160 245 100541 2
S 8468159 245 100547 2
S 8479159 245 100546 2
S 8490158 245 100546 2
S 8501157 245 100540 2
S 8512157 245 100538 2
S 8523156 245 100541 2
S 8534155 245 100541 2
S 8545155 245 100545 2
S 8556154 245 100544 2
S 8567153 245 100543 2
S 8578152 245 100543 2
S 8589152 245 100545 2
S 8600151 245 100546 2
S 8611150 245 100537 2
S 8622150 245 100543 2
S 8633149 245 100547 2
S 8644148 245 100544 2
S 8655148 245 100542 2
S 8666147 245 100542 2
S 8677146 245 100540 2
S 8688146 245 100546 2
S 8699145 245 100537 2
S 8710144 245 100543 2
S 8721144 245 100537 2
S 8732143 245 100543 2
S 8743142 245 100546 2
S 8754141 245 100547 2
S 8765141 245 100545 2
S 8776140 245 100546 2
S 8787139 245 100545 2
S 8798139 245 100544 2
S 8809138 245 100544 2
S 8820137 245 100546 2
S 8831137 245 100543 2
S 8842136 245 100540 2
S 8853135 245 100545 2
S 8864135 245 100541 2
S 8875134 245 100541 2
S 8886133 245 100540 2
S 8897133 245 100540 2
S 8908132 245 100541 2
S 8919131 245 100542 2
S 8930130 245 100543 2
S 8941130 245 100537 2
S 8952129 245 100543 2
S 8963128 245 100541 2
S 8974128 245 100543 2
S 8985127 245 100538 2
S 8996126 245 100543 2
S 9007126 245 100543 2
S 9018125 245 100544 2
S 9029124 245 100546 2
S 9040124 245 100547 2
S 9051123 245 100546 2
S 9062122 245 100541 2
S 9073122 245 100546 2
S 9084121 245 100542 2
S 9100120 245 100543 2
S 9111119 245 100541 2
S 9122118 245 100543 2
S 9133118 245 100540 2
S 9144117 245 100546 2
S 9155116 245 100541 2
S 9166116 245 100547 2
S 9177115 245 100540 2
S 9188114 245 100545 2
S 9199114 245 100545 2
S 9210113 245 100547 2
S 9221112 245 100541 2
S 9232112 245 100542 2
S 9243111 245 100541 2
S 9254110 245 100541 2
S 9265110 245 100541 2
S 9276109 245 100538 2
S 9287108 245 100537 2
S 9298107 245 100544 2
S 9309107 245 100541 2
S 9320106 245 100540 2
S 9331105 245 100543 2
S 9342105 245 100539 2
S 9353104 245 100542 2
S 9364103 245 100541 2
S 9375103 245 100543 2
S 9386102 245 100545 2
S 9397101 245 100545 2
S 9408101 245 100542 2
S 9419100 245 100541 2
S 9430099 245 100544 2
S 9441099 245 100542 2
S 9452098 245 100543 2
S 9463097 245 100537 2
S 9474096 245 100545 2
S 9485096 245 100543 2
S 9496095 245 100546 2
S 9507094 245 100546 2
S 9518094 245 100545 2
S 9529093 245 100541 2
S 9540092 245 100539 2
S 9551092 245 100540 2
S 9562091 245 100537 2
S 9573090 245 100540 2
S 9584090 245 100539 2
S 9595089 245 100544 2
S 9606088 245 100543 2
S 9617088 245 100543 2
S 9628087 245 100546 2
S 9639086 245 100547 2
S 9650085 245 100539 2
S 9661085 245 100538 2
S 9672084 245 100541 2
S 9683083 245 100539 2
S 9694083 245 100538 2
S 9705082 245 100539 2
S 9716081 245 100536 2
S 9727081 245 100541 2
S 9738080 245 100542 2
S 9749079 245 100547 2
S 9760079 245 100543 2
S 9771078 245 100539 2
S 9782077 245 100540 2
S 9793077 245 100540 2
S 9804076 245 100546 2
S 9815075 245 100545 2
S 9826074 245 100543 2
S 9837074 245 100541 2
S 9848073 245 100543 2
S 9859072 245 100546 2
S 9870072 245 100543 2
S 9881071 245 100546 2
S 9892070 245 100544 2
S 9903070 245 100544 2
S 9914069 245 100546 2
S 9925068 245 100544 2
S 9936068 245 100538 2
S 9947067 245 100543 2
S 9958066 245 100546 2
S 9969066 245 100545 2
S 9980065 245 100547 2
S 9991064 245 100542 2
S 10002064 245 100540 2
S 10013063 245 100541 2
S 10024062 245 100548 2
S 10035061 245 100539 2
S 10046061 245 100540 2
S 10057060 245 100544 2
S 10068059 245 100546 2
S 10079059 245 100546 2
S 10090058 245 100542 2
S 10106057 245 100547 2
S 10117056 245 100544 2
S 10128056 245 100546 2
S 10139055 245 100547 2
S 10150054 245 100547 2
S 10161054 245 100549 2
S 10172053 245 100549 2
S 10183052 245 100545 2
S 10194051 245 100548 2
S 10205051 245 100543 2
S 10216050 245 100542 2
S 10227049 245 100543 2
S 10238049 245 100545 2
S 10249048 245 100547 2
S 10260047 245 100546 2
S 10271047 245 100546 2
S 10282046 245 100546 2
S 10293045 245 100543 2
S 10304045 245 100544 2
S 10315044 245 100540 2
S 10326043 245 100544 2
S 10337043 245 100546 2
S 10348042 245 100549 2
S 10359041 245 100548 2
S 10370040 245 100543 2
S 10381040 245 100544 2
S 10392039 245 100543 2
S 10403038 245 100545 2
S 10414038 245 100544 2
S 10425037 245 100543 2
S 10436036 245 100549 2
S 10447036 245 100546 2
S 10458035 245 100543 2
S 10469034 245 100547 2
S 10480034 245 100550 2
S 10491033 245 100544 2
S 10502032 245 100545 2
S 10513032 245 100542 2
S 10524031 245 100541 2
S 10535030 245 100540 2
S 10546029 245 100542 2
S 10557029 245 100542 2
S 10568028 245 100542 2
S 10579027 245 100547 2
S 10590027 245 100540 2
S 10601026 245 100540 2
S 10612025 245 100546 2
S 10623025 245 100546 2
S 10634024 245 100543 2
S 10645023 245 100545 2
S 10656023 245 100548 2
S 10667022 245 100543 2
S 10678021 245 100546 2
S 10689021 245 100542 2
S 10700020 245 100545 2
S 10711019 245 100543 2
S 10722018 245 100545 2
S 10733018 245 100537 2
S 10744017 245 100542 2
S 10755016 245 100543 2
S 10766016 245 100543 2
S 10777015 245 100543 2
S 10788014 245 100546 2
S 10799014 245 100545 2
S 10810013 245 100548 2
S 10821012 245 100548 2
S 10832012 245 100549 2
S 10843011 245 100547 2
S 10854010 245 100542 2
S 10865010 245 100547 2
S 10876009 245 100547 2
S 10887008 245 100551 2
S 10898007 245 100546 2
S 10909007 245 100546 2
S 10920006 245 100548 2
S 10931005 245 100546 2
S 10942005 245 100542 2
S 10953004 245 100546 2
S 10964003 245 100549 2
S 10975003 245 100546 2
S 10986002 245 100546 2
S 10997001 245 100550 2
S 11008001 245 100549 2
S 11019000 245 100549 2
S 11029999 245 100547 2
S 11040999 245 100545 2
S 11051998 245 100546 2
S 11062997 245 100549 2
S 11073996 245 100550 2
S 11084996 245 100550 2
S 11095995 245 100554 2
S 11111994 245 100551 2
S 11122993 245 100551 2
S 11133993 245 100549 2
S 11144992 245 100548 2
S 11155991 245 100549 2
S 11166991 245 100550 2
S 11177990 245 100544 2
S 11188989 245 100546 2
S 11199989 245 100547 2
S 11210988 245 100549 2
S 11221987 245 100551 2
S 11232987 245 100546 2
S 11243986 245 100547 2
S 11254985 245 100547 2
S 11265984 245 100543 2
S 11276984 245 100543 2
S 11287983 245 100544 2
S 11298982 245 100544 2
S 11309982 245 100549 2
S 11320981 245 100546 2
S 11331980 245 100541 2
S 11342980 245 100543 2
S 11353979 245 100540 2
S 11364978 245 100544 2
S 11375978 245 100548 2
S 11386977 245 100546 2
S 11397976 245 100551 2
S 11408976 245 100551 2
S 11419975 245 100548 2
S 11430974 245 100543 2
S 11441973 245 100548 2
S 11452973 245 100543 2
S 11463972 245 100544 2
S 11474971 245 100549 2
S 11485971 245 100543 2
S 11496970 245 100541 2
S 11507969 245 100549 2
S 11518969 245 100547 2
S 11529968 245 100549 2
S 11540967 245 100547 2
S 11551967 245 100549 2
S 11562966 245 100546 2
S 11573965 245 100537 2
S 11584965 245 100543 2
S 11595964 245 100547 2
S 11606963 245 100547 2
S 11617962 245 100547 2
S 11628962 245 100545 2
S 11639961 245 100546 2
S 11650960 245 100544 2
S 11661960 245 100549 2
S 11672959 245 100549 2
S 11759954 245 100546 3
S 11778952 245 100544 3
S 11797951 245 100545 3
S 11816950 245 100543 3
S 11835949 245 100542 3
S 11854948 245 100544 3
S 11873946 245 100547 3
S 11892945 245 100542 3
S 11911944 245 100542 3
S 11930943 245 100543 3
S 11949942 245 100546 3
S 11968941 245 100545 3
S 11987939 245 100545 3
S 12006938 245 100543 3
S 12025937 245 100543 3
S 12044936 245 100543 3
S 12063935 245 100544 3
S 12082933 245 100543 3
S 12101932 245 100547 3
S 12124931 245 100544 3
S 12143930 245 100546 3
S 12162928 245 100549 3
S 12181927 245 100547 3
S 12200926 245 100539 3
S 12219925 245 100538 3
S 12238924 245 100544 3
S 12257922 245 100543 3
S 12276921 245 100544 3
S 12295920 245 100546 3
S 12314919 245 100546 3
S 12333918 245 100544 3
S 12352917 245 100546 3
S 12371915 245 100546 3
S 12390914 245 100540 3
S 12409913 245 100544 3
S 12428912 245 100540 3
S 12447911 245 100545 3
S 12466909 245 100546 3
S 12485908 245 100544 3
S 12504907 245 100543 3
S 12523906 245 100542 3
S 12542905 245 100545 3
S 12561903 245 100541 3
S 12580902 245 100545 3
S 12599901 245 100543 3
S 12618900 245 100542 3
S 12637899 245 100540 3
S 12656898 245 100542 3
S 12675896 245 100544 3
S 12694895 245 100543 3
S 12713894 245 100542 3
S 12732893 245 100547 3
S 12751892 245 100546 3
S 12770890 245 100548 3
S 12789889 245 100546 3
S 12808888 245 100547 3
S 12827887 245 100545 3
S 12846886 245 100545 3
S 12865884 245 100547 3
S 12884883 245 100543 3
S 12903882 245 100545 3
S 12922881 245 100542 3
S 12941880 245 100540 3
S 12960879 245 100546 3
S 12979877 245 100544 3
S 12998876 245 100544 3
S 13017875 245 100549 3
S 13036874 245 100547 3
S 13055873 245 100546 3
S 13074871 245 100548 3
S 13093870 245 100547 3
S 13112869 245 100547 3
S 13135868 245 100551 3
S 13154866 245 100549 3
S 13173865 245 100552 3
S 13192864 245 100549 3
S 13211863 245 100551 3
S 13230862 245 100552 3
S 13249860 245 100551 3
S 13268859 245 100550 3
S 13287858 245 100550 3
S 13306857 245 100548 3
S 13325856 245 100551 3
S 13344855 245 100551 3
S 13363853 245 100549 3
S 13382852 245 100550 3
S 13401851 245 100550 3
S 13420850 245 100547 3
S 13439849 245 100550 3
S 13458847 245 100550 3
S 13477846 245 100551 3
S 13496845 245 100551 3
S 13515844 245 100545 3
S 13534843 245 100545 3
S 13553841 245 100545 3
S 13572840 245 100548 3
S 13591839 245 100551 3
S 13610838 245 100550 3
S 13629837 245 100551 3
S 13648836 245 100550 3
S 13667834 245 100549 3
S 13686833 245 100548 3
S 13705832 245 100547 3
S 13724831 245 100546 3
S 13743830 245 100544 3
S 13762828 245 100549 3
S 13781827 245 100545 3
S 13800826 245 100546 3
S 13819825 245 100547 3
S 13838824 245 100550 3
S 13857822 245 100550 3
S 13876821 245 100550 3
S 13895820 245 100551 3
S 13914819 245 100551 3
S 13933818 245 100547 3
S 13952817 245 100546 3
S 13971815 245 100543 3
S 13990814 245 100545 3
S 14009813 245 100546 3
S 14028812 245 100542 3
S 14047811 245 100543 3
S 14066809 245 100547 3
S 14085808 245 100546 3
S 14104807 245 100544 3
S 14123806 245 100543 3
S 14146804 245 100540 3
S 14165803 245 100536 3
S 14184802 245 100539 3
S 14203801 245 100539 3
S 14222800 245 100541 3
S 14241798 245 100535 3
S 14260797 245 100539 3
S 14279796 245 100540 3
S 14298795 245 100540 3
S 14317794 245 100539 3
S 14336793 245 100538 3
S 14355791 245 100538 3
S 14374790 245 100541 3
S 14393789 245 100541 3
S 14412788 245 100541 3
S 14431787 245 100541 3
S 14450785 245 100540 3
S 14469784 245 100541 3
S 14488783 245 100538 3
S 14507782 245 100537 3
S 14526781 245 100539 3
S 14545779 245 100537 3
S 14564778 245 100535 3
S 14583777 245 100536 3
S 14602776 245 100540 3
S 14621775 245 100537 3
S 14640774 245 100540 3
S 14659772 245 100536 3
S 14678771 245 100533 3
S 14697770 245 100532 3
S 14716769 245 100536 3
S 14735768 245 100529 3
S 14754766 245 100535 3
S 14773765 245 100535 3
S 14792764 245 100536 3
S 14811763 245 100536 3
S 14830762 245 100535 3
S 14849760 245 100533 3
S 14868759 245 100536 3
S 14887758 245 100532 3
S 14906757 245 100535 3
S 14925756 245 100537 3
S 14944755 245 100532 3
S 14963753 245 100536 3
S 14982752 245 100537 3
S 15001752 245 100536 3
S 15020750 245 100536 3
S 15039749 245 100535 3
S 15058747 245 100537 3
S 15077746 245 100540 3
S 15096745 245 100539 3
S 15115744 245 100536 3
S 15134743 245 100539 3
S 15157741 245 100547 3
S 15176740 245 100546 3
S 15195739 245 100542 3
S 15214738 245 100545 3
S 15233736 245 100543 3
S 15252735 245 100543 3
S 15271734 245 100544 3
S 15290733 245 100543 3
S 15309732 245 100541 3
S 15328731 245 100546 3
S 15347729 245 100543 3
S 15366728 245 100545 3
S 15385727 245 100545 3
S 15404726 245 100544 3
S 15423725 245 100543 3
S 15442723 245 100541 3
S 15461722 245 100545 3
S 15480721 245 100544 3
S 15499720 245 100544 3
S 15518719 245 100541 3
S 15537717 245 100539 3
S 15556716 245 100539 3
S 15575715 245 100543 3
S 15594714 245 100542 3
S 15613713 245 100541 3
S 15632712 245 100544 3
S 15651710 245 100547 3
S 15670709 245 100546 3
S 15689708 245 100544 3
S 15708707 245 100547 3
S 15727706 245 100548 3
S 15746704 245 100544 3
S 15765703 245 100542 3
S 15784702 245 100546 3
S 15803701 245 100548 3
S 15822700 245 100546 3
S 15841698 245 100545 3
S 15860697 245 100547 3
S 15879696 245 100548 3
S 15898695 245 100547 3
S 15917694 245 100548 3
S 15936693 245 100545 3
S 15955691 245 100548 3
S 15974690 245 100545 3
S 15993689 245 100548 3
S 16012688 245 100551 3
S 16031687 245 100548 3
S 16050685 245 100540 3
S 16069684 245 100540 3
S 16088683 245 100542 3
S 16107682 245 100542 3
S 16126681 245 100543 3
S 16145679 245 100543 3
S 16168678 245 100547 3
S 16187677 245 100545 3
S 16206676 245 100547 3
S 16225674 245 100547 3
S 16244673 245 100547 3
S 16263672 245 100546 3
S 16282671 245 100542 3
S 16301670 245 100540 3
S 16320669 245 100542 3
S 16339667 245 100544 3
S 16358666 245 100544 3
S 16377665 245 100545 3
S 16396664 245 100542 3
S 16415663 245 100545 3
S 16434661 245 100539 3
S 16453660 245 100540 3
S 16472659 245 100539 3
S 16491658 245 100544 3
S 16510657 245 100538 3
S 16529655 245 100543 3
S 16548654 245 100539 3
S 16567653 245 100542 3
S 16586652 245 100542 3
S 16605651 245 100543 3
S 16624650 245 100538 3
S 16643648 245 100539 3
S 16662647 245 100539 3
S 16681646 245 100542 3
S 16700645 245 100537 3
S 16719644 245 100539 3
S 16738642 245 100539 3
S 16757641 245 100542 3
S 16776640 245 100538 3
S 16795639 245 100540 3
S 16814638 245 100540 3
S 16833636 245 100538 3
S 16852635 245 100539 3
S 16871634 245 100539 3
S 16890633 245 100539 3
S 16909632 245 100536 3
S 16928631 245 100538 3
S 16947629 245 100539 3
S 16966628 245 100540 3
S 16985627 245 100543 3
S 17004626 245 100539 3
S 17023625 245 100537 3
S 17042623 245 100539 3
S 17061622 245 100536 3
S 17080621 245 100542 3
S 17099620 245 100536 3
S 17118619 245 100542 3
S 17137617 245 100534 3
S 17156616 245 100540 3
S 17179615 245 100540 3
S 17198614 245 100541 3
S 17217612 245 100539 3
S 17236611 245 100538 3
S 17255610 245 100535 3
S 17274609 245 100540 3
S 17293608 245 100539 3
S 17312607 245 100539 3
S 17331605 245 100547 3
S 17350604 245 100539 3
S 17369603 245 100538 3
S 17388602 245 100539 3
S 17407601 245 100538 3
S 17426599 245 100542 3
S 17445598 245 100545 3
S 17464597 245 100542 3
S 17483596 245 100538 3
S 17502595 245 100540 3
S 17521593 245 100536 3
S 17540592 245 100537 3
S 17559591 245 100535 3
S 17578590 245 100540 3
S 17597589 245 100540 3
S 17616588 245 100541 3
S 17635586 245 100543 3
S 17654585 245 100543 3
S 17673584 245 100538 3
S 17692583 245 100540 3
S 17711582 245 100542 3
S 17730580 245 100539 3
S 17749579 245 100542 3
S 17768578 245 100539 3
S 17787577 245 100539 3
S 17806576 245 100540 3
S 17825574 245 100538 3
S 17844573 245 100543 3
S 17863572 245 100542 3
S 17882571 245 100538 3
S 17901570 245 100539 3
S 17920569 245 100541 3
S 17939567 245 100544 3
S 17958566 245 100544 3
S 17977565 245 100543 3
S 17996564 245 100544 3
S 18015563 245 100541 3
S 18034561 245 100542 3
S 18053560 245 100542 3
S 18072559 245 100541 3
S 18091558 245 100538 3
S 18110557 245 100540 3
S 18129555 245 100543 3
S 18148554 245 100543 3
S 18167553 245 100540 3
S 18190552 245 100543 3
S 18209550 245 100541 3
S 18228549 245 100542 3
S 18247548 245 100545 3
S 18266547 245 100545 3
S 18285546 245 100544 3
S 18304545 245 100541 3
S 18323543 245 100544 3
S 18342542 245 100545 3
S 18361541 245 100543 3
S 18380540 245 100543 3
S 18399539 245 100544 3
S 18418537 245 100544 3
S 18437536 245 100543 3
S 18456535 245 100544 3
S 18475534 245 100539 3
S 18494533 245 100543 3
S 18513531 245 100544 3
S 18532530 245 100542 3
S 18551529 245 100547 3
S 18570528 245 100545 3
S 18589527 245 100546 3
S 18608526 245 100546 3
S 18627524 245 100547 3
S 18646523 245 100544 3
S 18665522 245 100546 3
S 18684521 245 100548 3
S 18703520 245 100548 3
S 18722518 245 100544 3
S 18741517 245 100546 3
S 18760516 245 100546 3
S 18779515 245 100545 3
S 18798514 245 100547 3
S 18817512 245 100546 3
S 18836511 245 100548 3
S 18855510 245 100545 3
S 18874509 245 100548 3
S 18893508 245 100545 3
S 18912507 245 100545 3
S 18931505 245 100545 3
S 18950504 245 100544 3
S 18969503 245 100545 3
S 18988502 245 100540 3
S 19007501 245 100545 3
S 19026499 245 100543 3
S 19045498 245 100541 3
S 19064497 245 100539 3
S 19083496 245 100541 3
S 19102495 245 100546 3
S 19121493 245 100546 3
S 19140492 245 100544 3
S 19159491 245 100548 3
S 19178490 245 100547 3
S 19201488 245 100548 3
S 19220487 245 100547 3
S 19239486 245 100547 3
S 19258485 245 100546 3
S 19277484 245 100541 3
S 19296483 245 100544 3
S 19315481 245 100543 3
S 19334480 245 100544 3
S 19353479 245 100546 3
S 19372478 245 100545 3
S 19391477 245 100543 3
S 19410475 245 100540 3
S 19429474 245 100539 3
S 19448473 245 100538 3
S 19467472 245 100540 3
S 19486471 245 100542 3
S 19505469 245 100540 3
S 19524468 245 100539 3
S 19543467 245 100544 3
S 19562466 245 100541 3
S 19581465 245 100539 3
S 19600464 245 100535 3
S 19619462 245 100541 3
S 19638461 245 100540 3
S 19657460 245 100539 3
S 19676459 245 100543 3
S 19695458 245 100540 3
S 19714456 245 100540 3
S 19733455 245 100541 3
S 19752454 245 100539 3
S 19771453 245 100540 3
S 19790452 245 100538 3
S 19809450 245 100537 3
S 19828449 245 100543 3
S 19847448 245 100540 3
S 19866447 245 100543 3
S 19885446 245 100541 3
S 19904445 245 100543 3
S 19923443 245 100546 3
S 19942442 245 100542 3
S 19961441 245 100544 3
S 19980440 245 100544 3
S 19999439 245 100541 3
S 20018437 245 100541 3
S 20037436 245 100539 3
S 20056435 245 100541 3
S 20075434 245 100540 3
S 20094433 245 100538 3
S 20113431 245 100543 3
S 20132430 245 100540 3
S 20151429 245 100538 3
S 20170428 245 100536 3
S 20189427 245 100541 3
S 20212425 245 100546 3
S 20231424 245 100543 3
S 20250423 245 100537 3
S 20269422 245 100542 3
S 20288421 245 100542 3
S 20307419 245 100544 3
S 20326418 245 100540 3
S 20345417 245 100544 3
S 20364416 245 100542 3
S 20383415 245 100543 3
S 20402413 245 100542 3
S 20421412 245 100538 3
S 20440411 245 100537 3
S 20459410 245 100544 3
S 20478409 245 100543 3
S 20497407 245 100544 3
S 20516406 245 100543 3
S 20535405 245 100542 3
S 20554404 245 100538 3
S 20573403 245 100539 3
S 20592402 245 100543 3
S 20611400 245 100540 3
S 20630399 245 100539 3
S 20649398 245 100542 3
S 20668397 245 100540 3
S 20687396 245 100538 3
S 20706394 245 100541 3
S 20725393 245 100543 3
S 20744392 245 100536 3
S 20763391 245 100537 3
S 20782390 245 100537 3
S 20801388 245 100536 3
S 20820387 245 100534 3
S 20839386 245 100541 3
S 20858385 245 100540 3
S 20877384 245 100539 3
S 20896383 245 100538 3
S 20915381 245 100538 3
S 20934380 245 100540 3
S 20953379 245 100538 3
S 20972378 245 100543 3
S 20991377 245 100539 3
S 21010375 245 100534 3
S 21029374 245 100538 3
S 21048373 245 100537 3
S 21067372 245 100533 3
S 21086371 245 100537 3
S 21105369 245 100538 3
S 21124368 245 100531 3
S 21143367 245 100536 3
S 21162366 245 100531 3
S 21181365 245 100535 3
S 21200364 245 100536 3
S 21223362 246 100545 3
S 21242361 246 100546 3
S 21261360 246 100543 3
S 21280359 246 100540 3
S 21310357 246 100543 2
S 21321356 246 100544 2
S 21332355 246 100546 2
S 21343355 246 100547 2
S 21354354 246 100547 2
S 21365353 246 100545 2
S 21376353 246 100550 2
S 21387352 246 100544 2
S 21398351 246 100543 2
S 21409350 246 100546 2
S 21420350 246 100543 2
S 21431349 246 100543 2
S 21442348 246 100546 2
S 21453348 246 100546 2
S 21464347 246 100543 2
S 21475346 246 100543 2
S 21486346 246 100545 2
S 21497345 246 100545 2
S 21508344 246 100541 2
S 21519344 246 100543 2
S 21530343 246 100535 2
S 21541342 246 100543 2
S 21552342 246 100546 2
S 21563341 246 100545 2
S 21574340 246 100540 2
S 21585339 246 100543 2
S 21596339 246 100549 2
S 21607338 246 100541 2
S 21618337 246 100548 2
S 21629337 246 100539 2
S 21640336 246 100540 2
S 21651335 246 100539 2
S 21662335 246 100540 2
S 21673334 246 100539 2
S 21684333 246 100539 2
S 21695333 246 100542 2
S 21706332 246 100543 2
S 21717331 246 100540 2
S 21728331 246 100542 2
S 21739330 246 100540 2
S 21750329 246 100545 2
S 21761328 246 100548 2
S 21772328 246 100541 2
S 21783327 246 100540 2
S 21794326 246 100546 2
S 21805326 246 100544 2
S 21816325 246 100546 2
S 21827324 246 100543 2
S 21838324 246 100547 2
S 21849323 246 100543 2
S 21860322 246 100541 2
S 21871322 246 100543 2
S 21882321 246 100540 2
S 21893320 246 100540 2
S 21904320 246 100544 2
S 21915319 246 100544 2
S 21926318 246 100552 2
S 21937317 246 100549 2
S 21948317 246 100540 2
S 21959316 246 100545 2
S 21970315 246 100543 2
S 21981315 246 100543 2
S 21992314 246 100543 2
S 22003313 246 100544 2
S 22014313 246 100547 2
S 22025312 246 100544 2
S 22036311 246 100541 2
S 22047311 246 100543 2
S 22058310 246 100544 2
S 22069309 246 100546 2
S 22080309 246 100541 2
S 22091308 246 100543 2
S 22102307 246 100535 2
S 22113306 246 100543 2
S 22124306 246 100544 2
S 22135305 246 100540 2
S 22146304 246 100543 2
S 22157304 246 100543 2
S 22168303 246 100545 2
S 22179302 246 100541 2
S 22190302 246 100542 2
S 22201301 246 100546 2
S 22212300 246 100549 2
S 22228299 245 100546 2
S 22239299 245 100547 2
S 22250298 245 100549 2
S 22261297 245 100544 2
S 22272297 245 100546 2
S 22283296 245 100546 2
S 22294295 245 100543 2
S 22305294 245 100551 2
S 22316294 245 100541 2
S 22327293 245 100540 2
S 22338292 245 100540 2
S 22349292 245 100542 2
S 22360291 245 100542 2
S 22371290 245 100545 2
S 22382290 245 100543 2
S 22393289 245 100542 2
S 22404288 245 100545 2
S 22415288 245 100539 2
S 22426287 245 100544 2
S 22437286 245 100543 2
S 22448286 245 100545 2
S 22459285 245 100543 2
S 22470284 245 100536 2
S 22481283 245 100543 2
S 22492283 245 100543 2
S 22503282 245 100543 2
S 22514281 245 100538 2
S 22525281 245 100543 2
S 22536280 245 100540 2
S 22547279 245 100546 2
S 22558279 245 100544 2
S 22569278 245 100548 2
S 22580277 245 100549 2
S 22591277 245 100546 2
S 22602276 245 100551 2
S 22613275 245 100544 2
S 22624275 245 100540 2
S 22635274 245 100543 2
S 22646273 245 100545 2
S 22657272 245 100541 2
S 22668272 245 100540 2
S 22679271 245 100543 2
S 22690270 245 100548 2
S 22701270 245 100546 2
S 22712269 245 100545 2
S 22723268 245 100541 2
S 22734268 245 100542 2
S 22745267 245 100540 2
S 22756266 245 100540 2
S 22767266 245 100542 2
S 22778265 245 100535 2
S 22789264 245 100536 2
S 22800264 245 100536 2
S 22811263 245 100539 2
S 22822262 245 100539 2
S 22833261 245 100543 2
S 22844261 245 100536 2
S 22855260 245 100538 2
S 22866259 245 100540 2
S 22877259 245 100540 2
S 22888258 245 100540 2
S 22899257 245 100544 2
S 22910257 245 100540 2
S 22921256 245 100546 2
S 22932255 245 100543 2
S 22943255 245 100546 2
S 22954254 245 100543 2
S 22965253 245 100538 2
S 22976253 245 100542 2
S 22987252 245 100550 2
S 22998251 245 100549 2
S 23009250 245 100540 2
S 23020250 245 100544 2
S 23031249 245 100540 2
S 23042248 245 100542 2
S 23053248 245 100546 2
S 23064247 245 100542 2
S 23075246 245 100546 2
S 23086246 245 100544 2
S 23097245 245 100550 2
S 23108244 245 100543 2
S 23119244 245 100540 2
S 23130243 245 100546 2
S 23141242 245 100542 2
S 23152242 245 100546 2
S 23163241 245 100544 2
S 23174240 245 100547 2
S 23185239 245 100547 2
S 23196239 245 100547 2
S 23207238 245 100544 2
S 23218237 245 100547 2
S 23234236 245 100545 2
S 23245236 245 100545 2
S 23256235 245 100541 2
S 23267234 245 100546 2
S 23278234 245 100543 2
S 23289233 245 100545 2
S 23300232 245 100548 2
S 23311232 245 100543 2
S 23322231 245 100549 2
S 23333230 245 100547 2
S 23344230 245 100541 2
S 23355229 245 100543 2
S 23366228 245 100546 2
S 23377227 245 100544 2
S 23388227 245 100540 2
S 23399226 245 100545 2
S 23410225 245 100547 2
S 23421225 245 100542 2
S 23432224 245 100544 2
S 23443223 245 100543 2
S 23454223 245 100546 2
S 23465222 245 100540 2
S 23476221 245 100543 2
S 23487221 245 100543 2
S 23498220 245 100543 2
S 23509219 245 100551 2
S 23520219 245 100546 2
S 23531218 245 100545 2
S 23542217 245 100543 2
S 23553216 245 100544 2
S 23564216 245 100540 2
S 23575215 245 100540 2
S 23586214 245 100541 2
S 23597214 245 100540 2
S 23608213 245 100538 2
S 23619212 245 100535 2
S 23630212 245 100540 2
S 23641211 245 100543 2
S 23652210 245 100546 2
S 23663210 245 100538 2
S 23674209 245 100542 2
S 23685208 245 100540 2
S 23696208 245 100539 2
S 23707207 245 100537 2
S 23718206 245 100537 2
S 23729205 245 100540 2
S 23740205 245 100542 2
S 23751204 245 100543 2
S 23762203 245 100541 2
S 23773203 245 100537 2
S 23784202 245 100544 2
S 23795201 245 100543 2
S 23806201 245 100547 2
S 23817200 245 100551 2
S 23828199 245 100543 2
S 23839199 245 100541 2
S 23850198 245 100540 2
S 23861197 245 100538 2
S 23872197 245 100537 2
S 23883196 245 100546 2
S 23894195 245 100542 2
S 23905194 245 100539 2
S 23916194 245 100539 2
S 23927193 245 100543 2
S 23938192 245 100544 2
S 23949192 245 100547 2
S 23960191 245 100543 2
S 23971190 245 100540 2
S 23982190 245 100538 2
S 23993189 245 100545 2
S 24004188 245 100547 2
S 24015188 245 100540 2
S 24026187 245 100543 2
S 24037186 245 100542 2
S 24048186 245 100541 2
S 24059185 245 100541 2
S 24070184 245 100547 2
S 24081183 245 100539 2
S 24092183 245 100546 2
S 24103182 245 100543 2
S 24114181 245 100540 2
S 24125181 245 100537 2
S 24136180 245 100536 2
S 24147179 245 100540 2
S 24158179 245 100540 2
S 24169178 245 100543 2
S 24180177 245 100543 2
S 24191177 245 100542 2
S 24202176 245 100539 2
S 24213175 245 100541 2
S 24224175 245 100540 2
S 24240174 246 100553 2
S 24251173 246 100542 2
S 24262172 246 100544 2
S 24273171 246 100546 2
S 24284171 246 100543 2
S 24295170 246 100547 2
S 24306169 246 100552 2
S 24317169 246 100547 2
S 24328168 246 100542 2
S 24339167 246 100542 2
S 24350167 246 100540 2
S 24361166 246 100542 2
S 24372165 246 100544 2
S 24383165 246 100541 2
S 24394164 246 100549 2
S 24405163 246 100549 2
S 24416163 246 100544 2
S 24427162 246 100548 2
S 24438161 246 100546 2
S 24449160 246 100546 2
S 24460160 246 100549 2
S 24471159 246 100545 2
S 24482158 246 100549 2
S 24493158 246 100545 2
S 24504157 246 100548 2
S 24515156 246 100548 2
S 24526156 246 100544 2
S 24537155 246 100543 2
S 24548154 246 100547 2
S 24559154 246 100547 2
S 24570153 246 100547 2
S 24581152 246 100548 2
S 24592152 246 100548 2
S 24603151 246 100547 2
S 24614150 246 100551 2
S 24625149 246 100545 2
S 24636149 246 100549 2
S 24647148 246 100550 2
S 24658147 246 100553 2
S 24669147 246 100546 2
S 24680146 246 100541 2
S 24691145 246 100546 2
S 24702145 246 100543 2
S 24713144 246 100543 2
S 24724143 246 100543 2
S 24735143 246 100541 2
S 24746142 246 100546 2
S 24757141 246 100548 2
S 24768141 246 100545 2
S 24779140 246 100545 2
S 24790139 246 100540 2
S 24801138 246 100545 2
S 24812138 246 100547 2
S 24823137 246 100543 2
S 24834136 246 100543 2
S 24845136 246 100546 2
S 24856135 246 100542 2
S 24867134 246 100543 2
S 24878134 246 100538 2
S 24889133 246 100545 2
S 24900132 246 100544 2
S 24911132 246 100548 2
S 24922131 246 100546 2
S 24933130 246 100546 2
S 24944130 246 100541 2
S 24955129 246 100546 2
S 24966128 246 100548 2
S 24977127 246 100549 2
S 24988127 246 100549 2
S 24999126 246 100546 2
S 25010125 246 100545 2
S 25021125 246 100543 2
S 25032124 246 100542 2
S 25043123 246 100540 2
S 25054123 246 100551 2
S 25065122 246 100549 2
S 25076121 246 100547 2
S 25087121 246 100545 2
S 25098120 246 100543 2
S 25109119 246 100547 2
S 25120119 246 100546 2
S 25131118 246 100543 2
S 25142117 246 100542 2
S 25153116 246 100543 2
S 25164116 246 100546 2
S 25175115 246 100548 2
S 25186114 246 100543 2
S 25197114 246 100545 2
S 25208113 246 100544 2
S 25219112 246 100543 2
S 25230112 246 100549 2
S 25246111 246 100546 2
S 25257110 246 100543 2
S 25268109 246 100546 2
S 25279109 246 100549 2
S 25290108 246 100551 2
S 25301107 246 100554 2
S 25312107 246 100546 2
S 25323106 246 100550 2
S 25334105 246 100553 2
S 25345104 246 100550 2
S 25356104 246 100552 2
S 25367103 246 100553 2
S 25378102 246 100546 2
S 25389102 246 100550 2
S 25400101 246 100554 2
S 25411100 246 100552 2
S 25422100 246 100549 2
S 25433099 246 100552 2
S 25444098 246 100550 2
S 25455098 246 100548 2
S 25466097 246 100540 2
S 25477096 246 100543 2
S 25488096 246 100551 2
S 25499095 246 100553 2
S 25510094 246 100545 2
S 25521093 246 100546 2
S 25532093 246 100547 2
S 25543092 246 100548 2
S 25554091 246 100546 2
S 25565091 246 100548 2
S 25576090 246 100548 2
S 25587089 246 100545 2
S 25598089 246 100544 2
S 25609088 246 100549 2
S 25620087 246 100545 2
S 25631087 246 100546 2
S 25642086 246 100546 2
S 25653085 246 100552 2
S 25664085 246 100544 2
S 25675084 246 100545 2
S 25686083 246 100549 2
S 25697082 246 100547 2
S 25708082 246 100548 2
S 25719081 246 100546 2
S 25730080 246 100550 2
S 25741080 246 100549 2
S 25752079 246 100547 2
S 25763078 246 100548 2
S 25774078 246 100550 2
S 25785077 246 100548 2
S 25796076 246 100548 2
S 25807076 246 100542 2
S 25818075 246 100550 2
S 25829074 246 100544 2
S 25840074 246 100548 2
S 25851073 246 100541 2
S 25862072 246 100544 2
S 25873071 246 100546 2
S 25884071 246 100546 2
S 25895070 246 100544 2
S 25906069 246 100545 2
S 25917069 246 100538 2
S 25928068 246 100543 2
S 25939067 246 100538 2
S 25950067 246 100542 2
S 25961066 246 100545 2
S 25972065 246 100547 2
S 25983065 246 100545 2
S 25994064 246 100544 2
S 26005063 246 100543 2
S 26016063 246 100546 2
S 26027062 246 100542 2
S 26038061 246 100546 2
S 26049060 246 100543 2
S 26060060 246 100546 2
S 26071059 246 100546 2
S 26082058 246 100543 2
S 26093058 246 100546 2
S 26104057 246 100542 2
S 26115056 246 100538 2
S 26126056 246 100538 2
S 26137055 246 100538 2
S 26148054 246 100544 2
S 26159054 246 100541 2
S 26170053 246 100544 2
S 26181052 246 100540 2
S 26192052 246 100548 2
S 26203051 246 100542 2
S 26214050 246 100547 2
S 26225049 246 100546 2
S 26236049 246 100543 2
S 26252048 246 100550 2
S 26263047 246 100547 2
S 26274046 246 100547 2
S 26285046 246 100545 2
S 26296045 246 100551 2
S 26307044 246 100545 2
S 26318044 246 100543 2
S 26329043 246 100549 2
S 26340042 246 100545 2
S 26351042 246 100546 2
S 26362041 246 100546 2
S 26373040 246 100546 2
S 26384040 246 100548 2
S 26395039 246 100544 2
S 26406038 246 100548 2
S 26417037 246 100549 2
S 26428037 246 100549 2
S 26439036 246 100552 2
S 26450035 246 100546 2
S 26461035 246 100544 2
S 26472034 246 100546 2
S 26483033 246 100548 2
S 26494033 246 100543 2
S 26505032 246 100547 2
S 26516031 246 100545 2
S 26527031 246 100546 2
S 26538030 246 100545 2
S 26549029 246 100546 2
S 26560029 246 100543 2
S 26571028 246 100547 2
S 26582027 246 100546 2
S 26593026 246 100546 2
S 26604026 246 100550 2
S 26615025 246 100549 2
S 26626024 246 100546 2
S 26637024 246 100543 2
S 26648023 246 100540 2
S 26659022 246 100540 2
S 26670022 246 100541 2
S 26681021 246 100542 2
S 26692020 246 100542 2
S 26703020 246 100543 2
S 26714019 246 100547 2
S 26725018 246 100546 2
S 26736018 246 100544 2
S 26747017 246 100538 2
S 26758016 246 100545 2
S 26769015 246 100543 2
S 26780015 246 100540 2
S 26791014 246 100540 2
S 26802013 246 100543 2
S 26813013 246 100540 2
S 26824012 246 100539 2
S 26835011 246 100541 2
S 26846011 246 100542 2
S 26857010 246 100541 2
S 26868009 246 100546 2
S 26879009 246 100547 2
S 26890008 246 100543 2
S 26901007 246 100542 2
S 26912007 246 100543 2
S 26923006 246 100541 2
S 26934005 246 100543 2
S 26945004 246 100541 2
S 26956004 246 100540 2
S 26967003 246 100546 2
S 26978002 246 100542 2
S 26989002 246 100543 2
S 27000001 246 100547 2
S 27011000 246 100542 2
S 27022000 246 100546 2
S 27032999 246 100542 2
S 27043998 246 100542 2
S 27054998 246 100540 2
S 27065997 246 100538 2
S 27076996 246 100541 2
S 27087996 246 100543 2
S 27098995 246 100539 2
S 27109994 246 100543 2
S 27120993 246 100541 2
S 27131993 246 100540 2
S 27142992 246 100540 2
S 27153991 246 100547 2
S 27164991 246 100543 2
S 27175990 246 100546 2
S 27186989 246 100547 2
S 27197989 246 100546 2
S 27208988 246 100540 2
S 27219987 246 100543 2
S 27230987 246 100542 2
S 27241986 246 100538 2
S 27257985 246 100545 2
S 27268984 246 100546 2
S 27279984 246 100546 2
S 27290983 246 100543 2
S 27301982 246 100540 2
S 27312981 246 100541 2
S 27323981 246 100540 2
S 27334980 246 100539 2
S 27345979 246 100543 2
S 27356979 246 100540 2
S 27367978 246 100541 2
S 27378977 246 100545 2
S 27389977 246 100543 2
S 27400976 246 100542 2
S 27411975 246 100542 2
S 27422975 246 100546 2
S 27433974 246 100543 2
S 27444973 246 100541 2
S 27455973 246 100546 2
S 27466972 246 100546 2
S 27477971 246 100547 2
S 27488970 246 100542 2
S 27499970 246 100542 2
S 27510969 246 100543 2
S 27521968 246 100548 2
S 27532968 246 100549 2
S 27543967 246 100543 2
S 27554966 246 100544 2
S 27565966 246 100548 2
S 27576965 246 100541 2
S 27587964 246 100539 2
S 27598964 246 100543 2
S 27609963 246 100546 2
S 27620962 246 100544 2
S 27631962 246 100543 2
S 27642961 246 100544 2
S 27653960 246 100544 2
S 27664959 246 100541 2
S 27675959 246 100543 2
S 27686958 246 100546 2
S 27697957 246 100546 2
S 27708957 246 100546 2
S 27719956 246 100544 2
S 27730955 246 100545 2
S 27741955 246 100543 2
S 27752954 246 100543 2
S 27763953 246 100541 2
S 27774953 246 100541 2
S 27785952 246 100543 2
S 27796951 246 100543 2
S 27807951 246 100545 2
S 27818950 246 100546 2
S 27829949 246 100540 2
S 27840948 246 100539 2
S 27851948 246 100541 2
S 27862947 246 100540 2
S 27873946 246 100541 2
S 27884946 246 100540 2
S 27895945 246 100542 2
S 27906944 246 100542 2
S 27917944 246 100540 2
S 27928943 246 100540 2
S 27939942 246 100543 2
S 27950942 246 100541 2
S 27961941 246 100543 2
S 27972940 246 100546 2
S 27983940 246 100545 2
S 27994939 246 100543 2
S 28005938 246 100543 2
S 28016937 246 100541 2
S 28027937 246 100535 2
S 28038936 246 100536 2
S 28049935 246 100539 2
S 28060935 246 100538 2
S 28071934 246 100540 2
S 28082933 246 100539 2
S 28093933 246 100535 2
S 28104932 246 100542 2
S 28115931 246 100539 2
S 28126931 246 100535 2
S 28137930 246 100535 2
S 28148929 246 100537 2
S 28159929 246 100532 2
S 28170928 246 100539 2
S 28181927 246 100538 2
S 28192926 246 100538 2
S 28203926 246 100543 2
S 28214925 246 100539 2
S 28225924 246 100541 2
S 28236924 246 100539 2
S 28247923 246 100538 2
S 28263922 246 100543 2
S 28274921 246 100540 2
S 28285921 246 100546 2
S 28296920 246 100546 2
S 28307919 246 100539 2
S 28318919 246 100543 2
S 28329918 246 100541 2
S 28340917 246 100547 2
S 28351917 246 100544 2
S 28362916 246 100543 2
S 28373915 246 100543 2
S 28384914 246 100539 2
S 28395914 246 100542 2
S 28406913 246 100543 2
S 28417912 246 100543 2
S 28428912 246 100540 2
S 28439911 246 100540 2
S 28450910 246 100540 2
S 28461910 246 100543 2
S 28472909 246 100541 2
S 28483908 246 100545 2
S 28494908 246 100541 2
S 28505907 246 100549 2
S 28516906 246 100540 2
S 28527906 246 100540 2
S 28538905 246 100538 2
S 28549904 246 100543 2
S 28560903 246 100544 2
S 28571903 246 100538 2
S 28582902 246 100539 2
S 28593901 246 100545 2
S 28604901 246 100542 2
S 28615900 246 100546 2
S 28626899 246 100539 2
S 28637899 246 100538 2
S 28648898 246 100540 2
S 28659897 246 100545 2
S 28670897 246 100540 2
S 28681896 246 100542 2
S 28692895 246 100543 2
S 28703895 246 100546 2
S 28714894 246 100542 2
S 28725893 246 100546 2
S 28736892 246 100543 2
S 28747892 246 100540 2
S 28758891 246 100545 2
S 28769890 246 100543 2
S 28780890 246 100546 2
S 28791889 246 100540 2
S 28802888 246 100546 2
S 28813888 246 100545 2
S 28824887 246 100539 2
S 28835886 246 100543 2
S 28846886 246 100544 2
S 28857885 246 100540 2
S 28868884 246 100541 2
S 28879884 246 100542 2
S 28890883 246 100546 2
S 28901882 246 100539 2
S 28912881 246 100540 2
S 28923881 246 100536 2
S 28934880 246 100542 2
S 28945879 246 100538 2
S 28956879 246 100542 2
S 28967878 246 100540 2
S 28978877 246 100540 2
S 28989877 246 100542 2
S 29000874 246 100537 2
S 29011875 246 100533 2
S 29022875 246 100538 2
S 29033874 246 100537 2
S 29044873 246 100538 2
S 29055873 246 100538 2
S 29066872 246 100542 2
S 29077871 246 100542 2
S 29088870 246 100546 2
S 29099870 246 100540 2
S 29110869 246 100540 2
S 29121868 246 100542 2
S 29132868 246 100544 2
S 29143867 246 100540 2
S 29154866 246 100538 2
S 29165866 246 100540 2
S 29176865 246 100542 2
S 29187864 246 100541 2
S 29198864 246 100540 2
S 29209863 246 100546 2
S 29220862 246 100543 2
S 29231862 246 100546 2
S 29242861 246 100552 2
S 29253860 246 100547 2
S 29269859 246 100545 2
S 29280858 246 100542 2
S 29291858 246 100545 2
S 29302857 246 100539 2
S 29313856 246 100547 2
S 29324856 246 100542 2
S 29335855 246 100540 2
S 29346854 246 100538 2
S 29357854 246 100540 2
S 29368853 246 100533 2
S 29379852 246 100540 2
S 29390852 246 100538 2
S 29401851 246 100541 2
S 29412850 246 100542 2
S 29423850 246 100540 2
S 29434849 246 100543 2
S 29445848 246 100540 2
S 29456847 246 100544 2
S 29467847 246 100541 2
S 29478846 246 100538 2
S 29489845 246 100539 2
S 29500845 246 100543 2
S 29511844 246 100545 2
S 29522843 246 100545 2
S 29533843 246 100541 2
S 29544842 246 100544 2
S 29555841 246 100545 2
S 29566841 246 100541 2
S 29577840 246 100544 2
S 29588839 246 100543 2
S 29599839 246 100542 2
S 29610838 246 100540 2
S 29621837 246 100542 2
S 29632836 246 100542 2
S 29643836 246 100538 2
S 29654835 246 100538 2
S 29665834 246 100542 2
S 29676834 246 100540 2
S 29687833 246 100540 2
S 29698832 246 100540 2
S 29709832 246 100541 2
S 29720831 246 100540 2
S 29731830 246 100540 2
S 29742830 246 100544 2
S 29753829 246 100542 2
S 29764828 246 100544 2
S 29775828 246 100546 2
S 29786827 246 100538 2
S 29797826 246 100542 2
S 29808825 246 100544 2
S 29819825 246 100538 2
S 29830824 246 100535 2
S 29841823 246 100540 2
S 29852823 246 100536 2
S 29863822 246 100538 2
S 29874821 246 100544 2
S 29885821 246 100539 2
S 29896820 246 100541 2
S 29907819 246 100541 2
S 29918819 246 100543 2
S 29929818 246 100545 2
S 29940817 246 100540 2
S 29951817 246 100538 2
S 29962816 246 100538 2
S 29973815 246 100542 2
S 29984814 246 100537 2
S 29995814 246 100535 2
S 30006813 246 100539 2
S 30017812 246 100538 2
S 30028812 246 100543 2
S 30039811 246 100540 2
S 30050810 246 100545 2
S 30061810 246 100544 2
S 30072809 246 100543 2
S 30083808 246 100541 2
S 30094808 246 100540 2
S 30105807 246 100540 2
S 30116806 246 100540 2
S 30127806 246 100542 2
S 30138805 246 100543 2
S 30149804 246 100535 2
S 30160803 246 100539 2
S 30171803 246 100540 2
S 30182802 246 100543 2
S 30193801 246 100546 2
S 30204801 246 100540 2
S 30215800 246 100539 2
S 30226799 246 100543 2
S 30237799 246 100540 2
S 30248798 246 100538 2
S 30259797 246 100538 2
S 30275796 246 100548 2
S 30286796 246 100546 2
S 30297795 246 100550 2
S 30308794 246 100551 2
S 30319794 246 100550 2
S 30330793 246 100549 2
S 30341792 246 100549 2
S 30352791 246 100551 2
S 30363791 246 100550 2
S 30374790 246 100551 2
S 30385789 246 100543 2
S 30396789 246 100548 2
S 30407788 246 100545 2
S 30418787 246 100547 2
S 30429787 246 100548 2
S 30440786 246 100550 2
S 30451785 246 100546 2
S 30462785 246 100549 2
S 30473784 246 100549 2
S 30484783 246 100543 2
S 30495783 246 100545 2
S 30506782 246 100543 2
S 30517781 246 100543 2
S 30528780 246 100542 2
S 30539780 246 100539 2
S 30550779 246 100543 2
S 30561778 246 100540 2
S 30572778 246 100540 2
S 30583777 246 100538 2
S 30594776 246 100540 2
S 30605776 246 100539 2
S 30616775 246 100538 2
S 30627774 246 100540 2
S 30638774 246 100540 2
S 30649773 246 100540 2
S 30660772 246 100544 2
S 30671772 246 100543 2
S 30682771 246 100544 2
S 30693770 246 100546 2
S 30704769 246 100540 2
S 30715769 246 100543 2
S 30726768 246 100540 2
S 30737767 246 100540 2
S 30748767 246 100543 2
S 30759766 246 100548 2
S 30770765 246 100543 2
S 30781765 246 100543 2
S 30792764 246 100542 2
S 30803763 246 100543 2
S 30814763 246 100544 2
S 30825762 246 100545 2
S 30836761 246 100546 2
S 30847761 246 100544 2
S 30858760 246 100546 2
S 30869759 246 100543 2
S 30880758 246 100543 2
S 30891758 246 100540 2
S 30902757 246 100538 2
S 30913756 246 100540 2
S 30924756 246 100546 2
S 30935755 246 100547 2
S 30946754 246 100543 2
S 30957754 246 100546 2
S 30968753 246 100543 2
S 30979752 246 100546 2
S 30990752 246 100546 2
S 31001752 246 100540 2
S 31012750 246 100543 2
S 31023750 246 100543 2
S 31034749 246 100545 2
S 31045748 246 100546 2
S 31056747 246 100543 2
S 31067747 246 100547 2
S 31078746 246 100546 2
S 31089745 246 100545 2
S 31100745 246 100546 2
S 31111744 246 100549 2
S 31122743 246 100547 2
S 31133743 246 100541 2
S 31144742 246 100544 2
S 31155741 246 100546 2
S 31166741 246 100545 2
S 31177740 246 100546 2
S 31188739 246 100548 2
S 31199739 246 100545 2
S 31210738 246 100545 2
S 31221737 246 100545 2
S 31232736 246 100543 2
S 31243736 246 100546 2
S 31254735 246 100543 2
S 31265734 246 100549 2
S 31281733 246 100545 2
S 31292733 246 100545 2
S 31303732 246 100543 2
S 31314731 246 100540 2
S 31325731 246 100545 2
S 31336730 246 100544 2
S 31347729 246 100544 2
S 31358729 246 100543 2
S 31369728 246 100544 2
S 31380727 246 100541 2
S 31391727 246 100540 2
S 31402726 246 100541 2
S 31413725 246 100539 2
S 31424724 246 100539 2
S 31435724 246 100542 2
S 31446723 246 100535 2
S 31457722 246 100548 2
S 31468722 246 100543 2
S 31479721 246 100545 2
S 31490720 246 100544 2
S 31501720 246 100542 2
S 31512719 246 100542 2
S 31523718 246 100540 2
S 31534718 246 100541 2
S 31545717 246 100541 2
S 31556716 246 100539 2
S 31567716 246 100545 2
S 31578715 246 100547 2
S 31589714 246 100542 2
S 31600713 246 100546 2
S 31611713 246 100542 2
S 31622712 246 100541 2
S 31633711 246 100540 2
S 31644711 246 100537 2
S 31655710 246 100540 2
S 31666709 246 100546 2
S 31677709 246 100541 2
S 31688708 246 100546 2
S 31699707 246 100543 2
S 31710707 246 100549 2
S 31721706 246 100546 2
S 31732705 246 100546 2
S 31743705 246 100545 2
S 31754704 246 100541 2
S 31765703 246 100543 2
S 31776702 246 100547 2
S 31787702 246 100543 2
S 31798701 246 100540 2
S 31809700 246 100538 2
S 31820700 246 100541 2
S 31831699 246 100538 2
S 31842698 246 100544 2
S 31853698 246 100542 2
S 31864697 246 100540 2
S 31875696 246 100535 2
S 31886696 246 100540 2
S 31897695 246 100539 2
S 31908694 246 100542 2
S 31919694 246 100546 2
S 31930693 246 100545 2
S 31941692 246 100539 2
S 31952691 246 100535 2
S 31963691 246 100540 2
S 31974690 246 100539 2
S 31985689 246 100535 2
S 31996689 246 100538 2
S 32007688 246 100535 2
S 32018687 246 100540 2
S 32029687 246 100538 2
S 32040686 246 100540 2
S 32051685 246 100538 2
S 32062685 246 100541 2
S 32073684 246 100542 2
S 32084683 246 100538 2
S 32095683 246 100538 2
S 32106682 246 100536 2
S 32117681 246 100540 2
S 32128680 246 100537 2
S 32139680 246 100534 2
S 32150679 246 100536 2
S 32161678 246 100535 2
S 32172678 246 100537 2
S 32183677 246 100535 2
S 32194676 246 100534 2
S 32205676 246 100540 2
S 32216675 246 100540 2
S 32227674 246 100535 2
S 32238674 246 100538 2
S 32249673 246 100536 2
S 32260672 246 100538 2
S 32271672 246 100535 2
S 32287671 246 100539 2
S 32298670 246 100540 2
S 32309669 246 100543 2
S 32320668 246 100540 2
S 32331668 246 100539 2
S 32342667 246 100538 2
S 32353666 246 100538 2
S 32364666 246 100538 2
S 32375665 246 100538 2
S 32386664 246 100542 2
S 32397664 246 100542 2
S 32408663 246 100541 2
S 32419662 246 100548 2
S 32430662 246 100544 2
S 32441661 246 100546 2
S 32452660 246 100543 2
S 32463660 246 100541 2
S 32474659 246 100540 2
S 32485658 246 100543 2
S 32496657 246 100538 2
S 32507657 246 100542 2
S 32518656 246 100541 2
S 32529655 246 100547 2
S 32540655 246 100543 2
S 32551654 246 100543 2
S 32562653 246 100542 2
S 32573653 246 100540 2
S 32584652 246 100533 2
S 32595651 246 100538 2
S 32606651 246 100541 2
S 32617650 246 100541 2
S 32628649 246 100544 2
S 32639649 246 100544 2
S 32650648 246 100539 2
S 32661647 246 100540 2
S 32672646 246 100543 2
S 32683646 246 100541 2
S 32694645 246 100541 2
S 32705644 246 100543 2
S 32716644 246 100543 2
S 32727643 246 100538 2
S 32738642 246 100543 2
S 32749642 246 100545 2
S 32760641 246 100545 2
S 32771640 246 100542 2
S 32782640 246 100539 2
S 32793639 246 100543 2
S 32804638 246 100544 2
S 32815638 246 100540 2
S 32826637 246 100540 2
S 32837636 246 100538 2
S 32848635 246 100544 2
S 32859635 246 100536 2
S 32870634 246 100539 2
S 32881633 246 100537 2
S 32892633 246 100540 2
S 32903632 246 100539 2
S 32914631 246 100538 2
S 32925631 246 100536 2
S 32936630 246 100539 2
S 32947629 246 100540 2
S 32958629 246 100540 2
S 32969628 246 100540 2
S 32980627 246 100544 2
S 32991627 246 100543 2
S 33002626 246 100540 2
S 33013625 246 100541 2
S 33024624 246 100545 2
S 33035624 246 100543 2
S 33046623 246 100541 2
S 33057622 246 100540 2
S 33068622 246 100535 2
S 33079621 246 100540 2
S 33090620 246 100541 2
S 33101620 246 100541 2
S 33112619 246 100543 2
S 33123618 246 100543 2
S 33134618 246 100541 2
S 33145617 246 100541 2
S 33156616 246 100543 2
S 33167616 246 100538 2
S 33178615 246 100542 2
S 33189614 246 100540 2
S 33200613 246 100545 2
S 33211613 246 100546 2
S 33222612 246 100548 2
S 33233611 246 100546 2
S 33244611 246 100542 2
S 33255610 246 100536 2
S 33266609 246 100541 2
S 33277609 246 100546 2
S 33293608 246 100552 2
S 33304607 246 100555 2
S 33315606 246 100555 2
S 33326606 246 100551 2
S 33337605 246 100547 2
S 33348604 246 100550 2
S 33359604 246 100546 2
S 33370603 246 100551 2
S 33381602 246 100546 2
S 33392601 246 100549 2
S 33403601 246 100550 2
S 33414600 246 100545 2
S 33425599 246 100545 2
S 33436599 246 100552 2
S 33447598 246 100547 2
S 33458597 246 100550 2
S 33469597 246 100552 2
S 33480596 246 100552 2
S 33491595 246 100545 2
S 33502595 246 100545 2
S 33513594 246 100546 2
S 33524593 246 100546 2
S 33535593 246 100544 2
S 33546592 246 100546 2
S 33557591 246 100550 2
S 33568590 246 100549 2
S 33579590 246 100546 2
S 33590589 246 100548 2
S 33601588 246 100548 2
S 33612588 246 100552 2
S 33623587 246 100546 2
S 33634586 246 100549 2
S 33645586 246 100553 2
S 33656585 246 100549 2
S 33667584 246 100547 2
S 33678584 246 100548 2
S 33689583 246 100549 2
S 33700582 246 100555 2
S 33711582 246 100552 2
S 33722581 246 100549 2
S 33733580 246 100550 2
S 33744579 246 100543 2
S 33755579 246 100543 2
S 33766578 246 100546 2
S 33777577 246 100546 2
S 33788577 246 100545 2
S 33799576 246 100555 2
S 33810575 246 100553 2
S 33821575 246 100552 2
S 33832574 246 100549 2
S 33843573 246 100545 2
S 33854573 246 100549 2
S 33865572 246 100549 2
S 33876571 246 100543 2
S 33887571 246 100552 2
S 33898570 246 100544 2
S 33909569 246 100546 2
S 33920568 246 100547 2
S 33931568 246 100549 2
S 33942567 246 100546 2
S 33953566 246 100552 2
S 33964566 246 100552 2
S 33975565 246 100550 2
S 33986564 246 100549 2
S 33997564 246 100549 2
S 34008563 246 100546 2
S 34019562 246 100549 2
S 34030562 246 100549 2
S 34041561 246 100549 2
S 34052560 246 100552 2
S 34063560 246 100553 2
S 34074559 246 100550 2
S 34085558 246 100550 2
S 34096557 246 100551 2
S 34107557 246 100552 2
S 34118556 246 100555 2
S 34129555 246 100552 2
S 34140555 246 100549 2
S 34151554 246 100548 2
S 34162553 246 100549 2
S 34173553 246 100550 2
S 34184552 246 100551 2
S 34195551 246 100546 2
S 34206551 246 100553 2
S 34217550 246 100552 2
S 34228549 246 100549 2
S 34239549 246 100552 2
S 34250548 246 100552 2
S 34261547 246 100552 2
S 34272546 246 100555 2
S 34283546 246 100549 2
S 34299545 246 100542 2
S 34310544 246 100545 2
S 34321543 246 100544 2
S 34332543 246 100545 2
S 34343542 246 100546 2
S 34354541 246 100549 2
S 34365541 246 100546 2
S 34376540 246 100544 2
S 34387539 246 100543 2
S 34398539 246 100540 2
S 34409538 246 100545 2
S 34420537 246 100550 2
S 34431537 246 100553 2
S 34442536 246 100546 2
S 34453535 246 100542 2
S 34464534 246 100543 2
S 34475534 246 100549 2
S 34486533 246 100543 2
S 34497532 246 100546 2
S 34508532 246 100545 2
S 34519531 246 100543 2
S 34530530 246 100540 2
S 34541530 246 100546 2
S 34552529 246 100545 2
S 34563528 246 100542 2
S 34574528 246 100551 2
S 34585527 246 100548 2
S 34596526 246 100551 2
S 34607526 246 100543 2
S 34618525 246 100545 2
S 34629524 246 100546 2
S 34640523 246 100545 2
S 34651523 246 100547 2
S 34662522 246 100549 2
S 34673521 246 100547 2
S 34684521 246 100550 2
S 34695520 246 100548 2
S 34706519 246 100552 2
S 34717519 246 100546 2
S 34728518 246 100546 2
S 34739517 246 100549 2
S 34750517 246 100543 2
S 34761516 246 100545 2
S 34772515 246 100546 2
S 34783515 246 100548 2
S 34794514 246 100547 2
S 34805513 246 100549 2
S 34816512 246 100547 2
S 34827512 246 100549 2
S 34838511 246 100549 2
S 34849510 246 100549 2
S 34860510 246 100547 2
S 34871509 246 100552 2
S 34882508 246 100551 2
S 34893508 246 100544 2
S 34904507 246 100549 2
S 34915506 246 100546 2
S 34926506 246 100549 2
S 34937505 246 100546 2
S 34948504 246 100546 2
S 34959504 246 100546 2
S 34970503 246 100543 2
S 34981502 246 100544 2
S 34992501 246 100540 2
S 35003501 246 100542 2
S 35014500 246 100541 2
S 35025499 246 100539 2
S 35036499 246 100547 2
S 35047498 246 100544 2
S 35058497 246 100548 2
S 35069497 246 100548 2
S 35080496 246 100549 2
S 35091495 246 100550 2
S 35102495 246 100552 2
S 35113494 246 100540 2
S 35124493 246 100540 2
S 35135493 246 100546 2
S 35146492 246 100548 2
S 35157491 246 100547 2
S 35168490 246 100544 2
S 35179490 246 100545 2
S 35190489 246 100547 2
S 35201488 246 100544 2
S 35212488 246 100546 2
S 35223487 246 100544 2
S 35234486 246 100547 2
S 35245486 246 100549 2
S 35256485 246 100544 2
S 35267484 246 100545 2
S 35278484 246 100553 2
S 35289483 246 100549 2
S 35305482 246 100551 2
S 35316481 246 100547 2
S 35327481 246 100549 2
S 35338480 246 100549 2
S 35349479 246 100549 2
S 35360478 246 100548 2
S 35371478 246 100550 2
S 35382477 246 100547 2
S 35393476 246 100552 2
S 35404476 246 100553 2
S 35415475 246 100549 2
S 35426474 246 100549 2
S 35437474 246 100543 2
S 35448473 246 100544 2
S 35459472 246 100549 2
S 35470472 246 100546 2
S 35481471 246 100554 2
S 35492470 246 100552 2
S 35503470 246 100549 2
S 35514469 246 100549 2
S 35525468 246 100554 2
S 35536467 246 100546 2
S 35547467 246 100547 2
S 35558466 246 100549 2
S 35569465 246 100551 2
S 35580465 246 100548 2
S 35591464 246 100544 2
S 35602463 246 100546 2
S 35613463 246 100546 2
S 35624462 246 100544 2
S 35635461 246 100544 2
S 35646461 246 100553 2
S 35657460 246 100547 2
S 35668459 246 100546 2
S 35679459 246 100540 2
S 35690458 246 100547 2
S 35701457 246 100547 2
S 35712456 246 100544 2
S 35723456 246 100541 2
S 35734455 246 100549 2
S 35745454 246 100550 2
S 35756454 246 100547 2
S 35767453 246 100550 2
S 35778452 246 100554 2
S 35789452 246 100543 2
S 35800451 246 100546 2
S 35811450 246 100546 2
S 35822450 246 100545 2
S 35833449 246 100541 2
S 35844448 246 100546 2
S 35855448 246 100545 2
S 35866447 246 100547 2
S 35877446 246 100548 2
S 35888445 246 100547 2
S 35899445 246 100552 2
S 35910444 246 100550 2
S 35921443 246 100550 2
S 35932443 246 100543 2
S 35943442 246 100549 2
S 35954441 246 100546 2
S 35965441 246 100547 2
S 35976440 246 100546 2
S 35987439 246 100546 2
S 35998439 246 100554 2
S 36009438 246 100549 2
S 36020437 246 100553 2
S 36031437 246 100548 2
S 36042436 246 100549 2
S 36053435 246 100551 2
S 36064434 246 100550 2
S 36075434 246 100552 2
S 36086433 246 100549 2
S 36097432 246 100554 2
S 36108432 246 100552 2
S 36119431 246 100543 2
S 36130430 246 100551 2
S 36141430 246 100552 2
S 36152429 246 100551 2
S 36163428 246 100549 2
S 36174428 246 100549 2
S 36185427 246 100550 2
S 36196426 246 100552 2
S 36207426 246 100543 2
S 36218425 246 100546 2
S 36229424 246 100544 2
S 36240423 246 100541 2
S 36251423 246 100546 2
S 36262422 246 100546 2
S 36273421 246 100540 2
S 36284421 246 100539 2
S 36295420 246 100543 2
S 36311419 246 100540 2
S 36322418 246 100537 2
S 36333418 246 100540 2
S 36344417 246 100537 2
S 36355416 246 100545 2
S 36366416 246 100546 2
S 36377415 246 100541 2
S 36388414 246 100541 2
S 36399414 246 100541 2
S 36410413 246 100546 2
S 36421412 246 100540 2
S 36432411 246 100544 2
S 36443411 246 100543 2
S 36454410 246 100539 2
S 36465409 246 100538 2
S 36476409 246 100543 2
S 36487408 246 100538 2
S 36498407 246 100544 2
S 36509407 246 100543 2
S 36520406 246 100546 2
S 36531405 246 100546 2
S 36542405 246 100541 2
S 36553404 246 100545 2
S 36564403 246 100544 2
S 36575403 246 100544 2
S 36586402 246 100546 2
S 36597401 246 100541 2
S 36608400 246 100535 2
S 36619400 246 100543 2
S 36630399 246 100542 2
S 36641398 246 100541 2
S 36652398 246 100538 2
S 36663397 246 100542 2
S 36674396 246 100540 2
S 36685396 246 100538 2
S 36696395 246 100541 2
S 36707394 246 100543 2
S 36718394 246 100543 2
S 36729393 246 100543 2
S 36740392 246 100542 2
S 36751392 246 100540 2
S 36762391 246 100541 2
S 36773390 246 100540 2
S 36784389 246 100539 2
S 36795389 246 100544 2
S 36806388 246 100546 2
S 36817387 246 100545 2
S 36828387 246 100541 2
S 36839386 246 100543 2
S 36850385 246 100540 2
S 36861385 246 100545 2
S 36872384 246 100540 2
S 36883383 246 100543 2
S 36894383 246 100542 2
S 36905382 246 100538 2
S 36916381 246 100538 2
S 36927381 246 100542 2
S 36938380 246 100543 2
S 36949379 246 100542 2
S 36960378 246 100540 2
S 36971378 246 100543 2
S 36982377 246 100542 2
S 36993376 246 100539 2
S 37004376 246 100541 2
S 37015375 246 100541 2
S 37026374 246 100540 2
S 37037374 246 100535 2
S 37048373 246 100538 2
S 37059372 246 100532 2
S 37070372 246 100543 2
S 37081371 246 100540 2
S 37092370 246 100544 2
S 37103370 246 100538 2
S 37114369 246 100540 2
S 37125368 246 100540 2
S 37136367 246 100535 2
S 37147367 246 100535 2
S 37158366 246 100535 2
S 37169365 246 100542 2
S 37180365 246 100539 2
S 37191364 246 100539 2
S 37202363 246 100540 2
S 37213363 246 100540 2
S 37224362 246 100543 2
S 37235361 246 100546 2
S 37246361 246 100544 2
S 37257360 246 100544 2
S 37268359 246 100540 2
S 37279359 246 100540 2
S 37290358 246 100540 2
S 37301357 246 100540 2
S 37317356 246 100543 2
S 37328355 246 100543 2
S 37339355 246 100544 2
S 37350354 246 100543 2
S 37361353 246 100544 2
S 37372353 246 100545 2
S 37383352 246 100541 2
S 37394351 246 100539 2
S 37405351 246 100541 2
S 37416350 246 100540 2
S 37427349 246 100537 2
S 37438349 246 100540 2
S 37449348 246 100545 2
S 37460347 246 100544 2
S 37471347 246 100546 2
S 37482346 246 100547 2
S 37493345 246 100540 2
S 37504344 246 100542 2
S 37515344 246 100543 2
S 37526343 246 100543 2
S 37537342 246 100540 2
S 37548342 246 100539 2
S 37559341 246 100544 2
S 37570340 246 100539 2
S 37581340 246 100539 2
S 37592339 246 100540 2
S 37603338 246 100543 2
S 37614338 246 100540 2
S 37625337 246 100539 2
S 37636336 246 100543 2
S 37647336 246 100541 2
S 37658335 246 100541 2
S 37669334 246 100542 2
S 37680333 246 100541 2
S 37691333 246 100543 2
S 37702332 246 100540 2
S 37713331 246 100543 2
S 37724331 246 100540 2
S 37735330 246 100546 2
S 37746329 246 100553 2
S 37757329 246 100543 2
S 37768328 246 100544 2
S 37779327 246 100540 2
S 37790327 246 100546 2
S 37801326 246 100543 2
S 37812325 246 100538 2
S 37823325 246 100543 2
S 37834324 246 100544 2
S 37845323 246 100544 2
S 37856322 246 100545 2
S 37867322 246 100543 2
S 37878321 246 100547 2
S 37889320 246 100549 2
S 37900320 246 100540 2
S 37911319 246 100539 2
S 37922318 246 100545 2
S 37933318 246 100541 2
S 37944317 246 100539 2
S 37955316 246 100540 2
S 37966316 246 100543 2
S 37977315 246 100538 2
S 37988314 246 100540 2
S 37999314 246 100540 2
S 38010313 246 100540 2
S 38021312 246 100547 2
S 38032311 246 100543 2
S 38043311 246 100548 2
S 38054310 246 100545 2
S 38065309 246 100546 2
S 38076309 246 100546 2
S 38087308 246 100546 2
S 38098307 246 100548 2
S 38109307 246 100544 2
S 38120306 246 100541 2
S 38131305 246 100546 2
S 38142305 246 100545 2
S 38153304 246 100543 2
S 38164303 246 100547 2
S 38175303 246 100543 2
S 38186302 246 100543 2
S 38197301 246 100540 2
S 38208300 246 100549 2
S 38219300 246 100548 2
S 38230299 246 100548 2
S 38241298 246 100546 2
S 38252298 246 100547 2
S 38263297 246 100541 2
S 38274296 246 100542 2
S 38285296 246 100543 2
S 38296295 246 100543 2
S 38307294 246 100545 2
S 38323293 245 100540 2
S 38334293 245 100542 2
S 38345292 245 100544 2
S 38356291 245 100543 2
S 38367291 245 100541 2
S 38378290 245 100536 2
S 38389289 245 100537 2
S 38400288 245 100538 2
S 38411288 245 100538 2
S 38422287 245 100540 2
S 38433286 245 100538 2
S 38444286 245 100540 2
S 38455285 245 100540 2
S 38466284 245 100544 2
S 38477284 245 100543 2
S 38488283 245 100544 2
S 38499282 245 100542 2
S 38510282 245 100539 2
S 38521281 245 100538 2
S 38532280 245 100546 2
S 38543280 245 100538 2
S 38554279 245 100540 2
S 38565278 245 100543 2
S 38576277 245 100543 2
S 38587277 245 100543 2
S 38598276 245 100543 2
S 38609275 245 100543 2
S 38620275 245 100538 2
S 38631274 245 100539 2
S 38642273 245 100539 2
S 38653273 245 100539 2
S 38664272 245 100536 2
S 38675271 245 100539 2
S 38686271 245 100537 2
S 38697270 245 100536 2
S 38708269 245 100536 2
S 38719269 245 100538 2
S 38730268 245 100535 2
S 38741267 245 100532 2
S 38752266 245 100531 2
S 38763266 245 100530 2
S 38774265 245 100537 2
S 38785264 245 100539 2
S 38796264 245 100535 2
S 38807263 245 100536 2
S 38818262 245 100537 2
S 38829262 245 100535 2
S 38840261 245 100538 2
S 38851260 245 100538 2
S 38862260 245 100538 2
S 38873259 245 100541 2
S 38884258 245 100538 2
S 38895258 245 100542 2
S 38906257 245 100538 2
S 38917256 245 100537 2
S 38928255 245 100540 2
S 38939255 245 100535 2
S 38950254 245 100535 2
S 38961253 245 100534 2
S 38972253 245 100535 2
S 38983252 245 100534 2
S 38994251 245 100540 2
S 39005251 245 100538 2
S 39016250 245 100543 2
S 39027249 245 100535 2
S 39038249 245 100535 2
S 39049248 245 100538 2
S 39060247 245 100542 2
S 39071247 245 100538 2
S 39082246 245 100536 2
S 39093245 245 100538 2
S 39104244 245 100533 2
S 39115244 245 100538 2
S 39126243 245 100543 2
S 39137242 245 100538 2
S 39148242 245 100536 2
S 39159241 245 100540 2
S 39170240 245 100541 2
S 39181240 245 100538 2
S 39192239 245 100538 2
S 39203238 245 100543 2
S 39214238 245 100535 2
S 39225237 245 100540 2
S 39236236 245 100538 2
S 39247236 245 100539 2
S 39258235 245 100535 2
S 39269234 245 100535 2
S 39280233 245 100536 2
S 39291233 245 100539 2
S 39302232 245 100539 2
S 39313231 245 100540 2
S 39329230 246 100552 2
S 39340230 246 100548 2
S 39351229 246 100547 2
S 39362228 246 100546 2
S 39373228 246 100546 2
S 39384227 246 100549 2
S 39395226 246 100549 2
S 39406226 246 100551 2
S 39417225 246 100549 2
S 39428224 246 100552 2
S 39439224 246 100546 2
S 39450223 246 100547 2
S 39461222 246 100549 2
S 39472221 246 100549 2
S 39483221 246 100543 2
S 39494220 246 100543 2
S 39505219 246 100538 2
S 39516219 246 100542 2
S 39527218 246 100540 2
S 39538217 246 100540 2
S 39549217 246 100536 2
S 39560216 246 100540 2
S 39571215 246 100546 2
S 39582215 246 100550 2
S 39593214 246 100545 2
S 39604213 246 100549 2
S 39615213 246 100543 2
S 39626212 246 100550 2
S 39637211 246 100548 2
S 39648210 246 100547 2
S 39659210 246 100546 2
S 39670209 246 100543 2
S 39681208 246 100552 2
S 39692208 246 100548 2
S 39703207 246 100549 2
S 39714206 246 100549 2
S 39725206 246 100548 2
S 39736205 246 100546 2
S 39747204 246 100549 2
S 39758204 246 100552 2
S 39769203 246 100554 2
S 39780202 246 100549 2
S 39791202 246 100548 2
S 39802201 246 100546 2
S 39813200 246 100547 2
S 39824199 246 100549 2
S 39835199 246 100549 2
S 39846198 246 100553 2
S 39857197 246 100552 2
S 39868197 246 100550 2
S 39879196 246 100551 2
S 39890195 246 100549 2
S 39901195 246 100555 2
S 39912194 246 100550 2
S 39923193 246 100552 2
S 39934193 246 100547 2
S 39945192 246 100553 2
S 39956191 246 100552 2
S 39967191 246 100549 2
S 39978190 246 100549 2
S 39989189 246 100548 2
S 40000188 246 100547 2
S 40011188 246 100552 2
S 40022187 246 100549 2
S 40033186 246 100550 2
S 40044186 246 100555 2
S 40055185 246 100552 2
S 40066184 246 100549 2
S 40077184 246 100549 2
S 40088183 246 100549 2
S 40099182 246 100549 2
S 40110182 246 100548 2
S 40121181 246 100549 2
S 40132180 246 100551 2
S 40143180 246 100551 2
S 40154179 246 100551 2
S 40165178 246 100552 2
S 40176177 246 100554 2
S 40187177 246 100555 2
S 40198176 246 100554 2
S 40209175 246 100549 2
S 40220175 246 100555 2
S 40231174 246 100552 2
S 40242173 246 100555 2
S 40253173 246 100552 2
S 40264172 246 100556 2
S 40275171 246 100552 2
S 40286171 246 100553 2
S 40297170 246 100552 2
S 40308169 246 100554 2
S 40319169 246 100554 2
S 40335168 246 100552 2
S 40346167 246 100552 2
S 40357166 246 100552 2
S 40368165 246 100554 2
S 40379165 246 100549 2
S 40390164 246 100554 2
S 40401163 246 100549 2
S 40412163 246 100550 2
S 40423162 246 100547 2
S 40434161 246 100555 2
S 40445161 246 100554 2
S 40456160 246 100548 2
S 40467159 246 100552 2
S 40478159 246 100539 2
S 40489158 246 100538 2
S 40500157 246 100546 2
S 40511157 246 100547 2
S 40522156 246 100548 2
S 40533155 246 100543 2
S 40544154 246 100548 2
S 40555154 246 100546 2
S 40566153 246 100544 2
S 40577152 246 100544 2
S 40588152 246 100546 2
S 40599151 246 100553 2
S 40610150 246 100552 2
S 40621150 246 100549 2
S 40632149 246 100546 2
S 40643148 246 100545 2
S 40654148 246 100546 2
S 40665147 246 100547 2
S 40676146 246 100542 2
S 40687146 246 100543 2
S 40698145 246 100543 2
S 40709144 246 100550 2
S 40720143 246 100547 2
S 40731143 246 100545 2
S 40742142 246 100539 2
S 40753141 246 100550 2
S 40764141 246 100548 2
S 40775140 246 100546 2
S 40786139 246 100546 2
S 40797139 246 100544 2
S 40808138 246 100548 2
S 40819137 246 100542 2
S 40830137 246 100543 2
S 40841136 246 100545 2
S 40852135 246 100544 2
S 40863135 246 100542 2
S 40874134 246 100549 2
S 40885133 246 100552 2
S 40896132 246 100546 2
S 40907132 246 100545 2
S 40918131 246 100546 2
S 40929130 246 100545 2
S 40940130 246 100547 2
S 40951129 246 100549 2
S 40962128 246 100546 2
S 40973128 246 100544 2
S 40984127 246 100544 2
S 40995126 246 100542 2
S 41006126 246 100540 2
S 41017125 246 100543 2
S 41028124 246 100546 2
S 41039124 246 100545 2
S 41050123 246 100543 2
S 41061122 246 100545 2
S 41072121 246 100540 2
S 41083121 246 100547 2
S 41094120 246 100544 2
S 41105119 246 100543 2
S 41116119 246 100549 2
S 41127118 246 100545 2
S 41138117 246 100546 2
S 41149117 246 100546 2
S 41160116 246 100546 2
S 41171115 246 100544 2
S 41182115 246 100542 2
S 41193114 246 100538 2
S 41204113 246 100541 2
S 41215113 246 100548 2
S 41226112 246 100543 2
S 41237111 246 100543 2
S 41248110 246 100543 2
S 41259110 246 100540 2
S 41270109 246 100539 2
S 41281108 246 100544 2
S 41292108 246 100543 2
S 41303107 246 100547 2
S 41314106 246 100549 2
S 41325106 246 100547 2
S 41341105 246 100552 2
S 41352104 246 100554 2
S 41363103 246 100551 2
S 41374103 246 100550 2
S 41385102 246 100552 2
S 41396101 246 100549 2
S 41407101 246 100552 2
S 41418100 246 100546 2
S 41429099 246 100555 2
S 41440098 246 100547 2
S 41451098 246 100549 2
S 41462097 246 100556 2
S 41473096 246 100557 2
S 41484096 246 100548 2
S 41495095 246 100549 2
S 41506094 246 100548 2
S 41517094 246 100545 2
S 41528093 246 100544 2
S 41539092 246 100549 2
S 41550092 246 100546 2
S 41561091 246 100546 2
S 41572090 246 100546 2
S 41583090 246 100549 2
S 41594089 246 100549 2
S 41605088 246 100550 2
S 41616087 246 100545 2
S 41627087 246 100546 2
S 41638086 246 100543 2
S 41649085 246 100548 2
S 41660085 246 100546 2
S 41671084 246 100543 2
S 41682083 246 100538 2
S 41693083 246 100544 2
S 41704082 246 100541 2
S 41715081 246 100534 2
S 41726081 246 100540 2
S 41737080 246 100540 2
S 41748079 246 100537 2
S 41759079 246 100539 2
S 41770078 246 100543 2
S 41781077 246 100545 2
S 41792076 246 100540 2
S 41803076 246 100543 2
S 41814075 246 100543 2
S 41825074 246 100543 2
S 41836074 246 100546 2
S 41847073 246 100546 2
S 41858072 246 100542 2
S 41869072 246 100540 2
S 41880071 246 100553 2
S 41891070 246 100546 2
S 41902070 246 100542 2
S 41913069 246 100538 2
S 41924068 246 100543 2
S 41935068 246 100543 2
S 41946067 246 100542 2
S 41957066 246 100539 2
S 41968065 246 100546 2
S 41979065 246 100543 2
S 41990064 246 100540 2
S 42001062 246 100540 2
S 42012063 246 100541 2
S 42023062 246 100538 2
S 42034061 246 100543 2
S 42045061 246 100543 2
S 42056060 246 100540 2
S 42067059 246 100543 2
S 42078059 246 100539 2
S 42089058 246 100542 2
S 42100057 246 100541 2
S 42111057 246 100540 2
S 42122056 246 100540 2
S 42133055 246 100543 2
S 42144054 246 100542 2
S 42155054 246 100543 2
S 42166053 246 100539 2
S 42177052 246 100539 2
S 42188052 246 100541 2
S 42199051 246 100538 2
S 42210050 246 100539 2
S 42221050 246 100541 2
S 42232049 246 100539 2
S 42243048 246 100541 2
S 42254048 246 100544 2
S 42265047 246 100545 2
S 42276046 246 100536 2
S 42287046 246 100537 2
S 42298045 246 100539 2
S 42309044 246 100539 2
S 42320043 246 100541 2
S 42331043 246 100542 2
S 42347042 246 100543 2
S 42358041 246 100547 2
S 42369040 246 100540 2
S 42380040 246 100544 2
S 42391039 246 100545 2
S 42402038 246 100542 2
S 42413038 246 100542 2
S 42424037 246 100544 2
S 42435036 246 100543 2
S 42446036 246 100541 2
S 42457035 246 100543 2
S 42468034 246 100542 2
S 42479034 246 100547 2
S 42490033 246 100540 2
S 42501032 246 100545 2
S 42512031 246 100547 2
S 42523031 246 100543 2
S 42534030 246 100534 2
S 42545029 246 100540 2
S 42556029 246 100540 2
S 42567028 246 100539 2
S 42578027 246 100539 2
S 42589027 246 100545 2
S 42600026 246 100541 2
S 42611025 246 100543 2
S 42622025 246 100543 2
S 42633024 246 100550 2
S 42644023 246 100544 2
S 42655023 246 100543 2
S 42666022 246 100546 2
S 42677021 246 100549 2
S 42688020 246 100548 2
S 42699020 246 100547 2
S 42710019 246 100548 2
S 42721018 246 100552 2
S 42732018 246 100544 2
S 42743017 246 100543 2
S 42754016 246 100547 2
S 42765016 246 100548 2
S 42776015 246 100550 2
S 42787014 246 100549 2
S 42798014 246 100543 2
S 42809013 246 100538 2
S 42820012 246 100540 2
S 42831012 246 100543 2
S 42842011 246 100540 2
S 42853010 246 100546 2
S 42864009 246 100539 2
S 42875009 246 100542 2
S 42886008 246 100540 2
S 42897007 246 100543 2
S 42908007 246 100545 2
S 42919006 246 100541 2
S 42930005 246 100548 2
S 42941005 246 100548 2
S 42952004 246 100543 2
S 42963003 246 100538 2
S 42974003 246 100542 2
S 42985002 246 100543 2
S 42996001 246 100540 2
S 43007001 246 100545 2
S 43018000 246 100544 2
S 43028999 246 100546 2
S 43039998 246 100542 2
S 43050998 246 100544 2
S 43061997 246 100546 2
S 43072996 246 100549 2
S 43083996 246 100544 2
S 43094995 246 100546 2
S 43105994 246 100549 2
S 43116994 246 100545 2
S 43127993 246 100549 2
S 43138992 246 100543 2
S 43149992 246 100547 2
S 43160991 246 100546 2
S 43171990 246 100544 2
S 43182990 246 100545 2
S 43193989 246 100544 2
S 43204988 246 100538 2
S 43215987 246 100542 2
S 43226987 246 100538 2
S 43237986 246 100537 2
S 43248985 246 100543 2
S 43259985 246 100543 2
S 43270984 246 100544 2
S 43281983 246 100543 2
S 43292983 246 100540 2
S 43303982 246 100549 2
S 43314981 246 100543 2
S 43325981 246 100543 2
S 43336980 246 100543 2
S 43352979 246 100546 2
S 43363978 246 100546 2
S 43374978 246 100544 2
S 43385977 246 100546 2
S 43396976 246 100549 2
S 43407975 246 100542 2
S 43418975 246 100543 2
S 43429974 246 100546 2
S 43440973 246 100546 2
S 43451973 246 100540 2
S 43462972 246 100540 2
S 43473971 246 100539 2
S 43484971 246 100540 2
S 43495970 246 100540 2
S 43506969 246 100540 2
S 43517969 246 100543 2
S 43528968 246 100538 2
S 43539967 246 100538 2
S 43550967 246 100535 2
S 43561966 246 100540 2
S 43572965 246 100543 2
S 43583964 246 100540 2
S 43594964 246 100542 2
S 43605963 246 100544 2
S 43616962 246 100546 2
S 43627962 246 100542 2
S 43638961 246 100540 2
S 43649960 246 100541 2
S 43660960 246 100543 2
S 43671959 246 100538 2
S 43682958 246 100536 2
S 43693958 246 100540 2
S 43704957 246 100542 2
S 43715956 246 100540 2
S 43726956 246 100540 2
S 43737955 246 100541 2
S 43748954 246 100538 2
S 43759953 246 100540 2
S 43770953 246 100537 2
S 43781952 246 100538 2
S 43792951 246 100538 2
S 43803951 246 100540 2
S 43814950 246 100541 2
S 43825949 246 100540 2
S 43836949 246 100544 2
S 43847948 246 100538 2
S 43858947 246 100540 2
S 43869947 246 100539 2
S 43880946 246 100538 2
S 43891945 246 100540 2
S 43902945 246 100538 2
S 43913944 246 100536 2
S 43924943 246 100540 2
S 43935942 246 100544 2
S 43946942 246 100539 2
S 43957941 246 100537 2
S 43968940 246 100540 2
S 43979940 246 100543 2
S 43990939 246 100538 2
S 44001939 246 100537 2
S 44012938 246 100543 2
S 44023937 246 100541 2
S 44034936 246 100532 2
S 44045936 246 100535 2
S 44056935 246 100538 2
S 44067934 246 100539 2
S 44078934 246 100540 2
S 44089933 246 100535 2
S 44100932 246 100537 2
S 44111931 246 100539 2
S 44122931 246 100538 2
S 44133930 246 100532 2
S 44144929 246 100540 2
S 44155929 246 100538 2
S 44166928 246 100541 2
S 44177927 246 100545 2
S 44188927 246 100541 2
S 44199926 246 100540 2
S 44210925 246 100542 2
S 44221925 246 100543 2
S 44232924 246 100540 2
S 44243923 246 100540 2
S 44254923 246 100543 2
S 44265922 246 100540 2
S 44276921 246 100537 2
S 44287920 246 100546 2
S 44298920 246 100543 2
S 44309919 246 100542 2
S 44320918 246 100543 2
S 44331918 246 100541 2
S 44342917 246 100542 2
S 44358916 246 100543 2
S 44369915 246 100543 2
S 44380915 246 100542 2
S 44391914 246 100538 2
S 44402913 246 100538 2
S 44413913 246 100540 2
S 44424912 246 100540 2
S 44435911 246 100538 2
S 44446911 246 100540 2
S 44457910 246 100540 2
S 44468909 246 100540 2
S 44479908 246 100538 2
S 44490908 246 100545 2
S 44501907 246 100543 2
S 44512906 246 100547 2
S 44523906 246 100545 2
S 44534905 246 100543 2
S 44545904 246 100544 2
S 44556904 246 100542 2
S 44567903 246 100543 2
S 44578902 246 100545 2
S 44589902 246 100549 2
S 44600901 246 100543 2
S 44611900 246 100541 2
S 44622900 246 100540 2
S 44633899 246 100543 2
S 44644898 246 100543 2
S 44655897 246 100541 2
S 44666897 246 100543 2
S 44677896 246 100544 2
S 44688895 246 100540 2
S 44699895 246 100546 2
S 44710894 246 100546 2
S 44721893 246 100545 2
S 44732893 246 100549 2
S 44743892 246 100540 2
S 44754891 246 100542 2
S 44765891 246 100543 2
S 44776890 246 100543 2
S 44787889 246 100538 2
S 44798889 246 100538 2
S 44809888 246 100540 2
S 44820887 246 100540 2
S 44831886 246 100540 2
S 44842886 246 100538 2
S 44853885 246 100541 2
S 44864884 246 100543 2
S 44875884 246 100543 2
S 44886883 246 100535 2
S 44897882 246 100532 2
S 44908882 246 100537 2
S 44919881 246 100541 2
S 44930880 246 100537 2
S 44941880 246 100538 2
S 44952879 246 100543 2
S 44963878 246 100540 2
S 44974878 246 100541 2
S 44985877 246 100540 2
S 44996876 246 100543 2
S 45007875 246 100539 2
S 45018875 246 100543 2
S 45029874 246 100546 2
S 45040873 246 100548 2
S 45051873 246 100544 2
S 45062872 246 100539 2
S 45073871 246 100540 2
S 45084871 246 100540 2
S 45095870 246 100540 2
S 45106869 246 100538 2
S 45117869 246 100545 2
S 45128868 246 100540 2
S 45139867 246 100542 2
S 45150867 246 100539 2
S 45161866 246 100541 2
S 45172865 246 100541 2
S 45183864 246 100548 2
S 45194864 246 100546 2
S 45205863 246 100540 2
S 45216862 246 100544 2
S 45227862 246 100540 2
S 45238861 246 100541 2
S 45249860 246 100541 2
S 45260860 246 100544 2
S 45271859 246 100542 2
S 45282858 246 100535 2
S 45293858 246 100538 2
S 45304857 246 100540 2
S 45315856 246 100543 2
S 45326856 246 100543 2
S 45337855 246 100541 2
S 45348854 246 100543 2
S 45364853 246 100542 2
S 45375852 246 100543 2
S 45386852 246 100551 2
S 45397851 246 100545 2
S 45408850 246 100542 2
S 45419850 246 100540 2
S 45430849 246 100540 2
S 45441848 246 100540 2
S 45452848 246 100540 2
S 45463847 246 100541 2
S 45474846 246 100543 2
S 45485846 246 100544 2
S 45496845 246 100542 2
S 45507844 246 100543 2
S 45518844 246 100542 2
S 45529843 246 100535 2
S 45540842 246 100535 2
S 45551841 246 100538 2
S 45562841 246 100542 2
S 45573840 246 100535 2
S 45584839 246 100539 2
S 45595839 246 100540 2
S 45606838 246 100540 2
S 45617837 246 100537 2
S 45628837 246 100537 2
S 45639836 246 100540 2
S 45650835 246 100538 2
S 45661835 246 100536 2
S 45672834 246 100539 2
S 45683833 246 100537 2
S 45694833 246 100540 2
S 45705832 246 100546 2
S 45716831 246 100541 2
S 45727830 246 100543 2
S 45738830 246 100542 2
S 45749829 246 100541 2
S 45760828 246 100548 2
S 45771828 246 100542 2
S 45782827 246 100543 2
S 45793826 246 100543 2
S 45804826 246 100542 2
S 45815825 246 100539 2
S 45826824 246 100543 2
S 45837824 246 100540 2
S 45848823 246 100543 2
S 45859822 246 100534 2
S 45870822 246 100542 2
S 45881821 246 100540 2
S 45892820 246 100540 2
S 45903819 246 100539 2
S 45914819 246 100537 2
S 45925818 246 100538 2
S 45936817 246 100540 2
S 45947817 246 100544 2
S 45958816 246 100543 2
S 45969815 246 100543 2
S 45980815 246 100544 2
S 45991814 246 100544 2
S 46002813 246 100541 2
S 46013813 246 100541 2
S 46024812 246 100543 2
S 46035811 246 100542 2
S 46046811 246 100538 2
S 46057810 246 100536 2
S 46068809 246 100546 2
S 46079808 246 100539 2
S 46090808 246 100539 2
S 46101807 246 100542 2
S 46112806 246 100543 2
S 46123806 246 100541 2
S 46134805 246 100544 2
S 46145804 246 100546 2
S 46156804 246 100539 2
S 46167803 246 100540 2
S 46178802 246 100540 2
S 46189802 246 100545 2
S 46200801 246 100549 2
S 46211800 246 100540 2
S 46222800 246 100539 2
S 46233799 246 100544 2
S 46244798 246 100540 2
S 46255797 246 100543 2
S 46266797 246 100539 2
S 46277796 246 100542 2
S 46288795 246 100536 2
S 46299795 246 100541 2
S 46310794 246 100543 2
S 46321793 246 100539 2
S 46332793 246 100540 2
S 46343792 246 100535 2
S 46354791 246 100538 2
S 46370790 246 100538 2
S 46381790 246 100544 2
S 46392789 246 100540 2
S 46403788 246 100539 2
S 46414788 246 100538 2
S 46425787 246 100540 2
S 46436786 246 100548 2
S 46447785 246 100543 2
S 46458785 246 100540 2
S 46469784 246 100543 2
S 46480783 246 100543 2
S 46491783 246 100543 2
S 46502782 246 100542 2
S 46513781 246 100549 2
S 46524781 246 100543 2
S 46535780 246 100546 2
S 46546779 246 100540 2
S 46557779 246 100540 2
S 46568778 246 100540 2
S 46579777 246 100546 2
S 46590777 246 100543 2
S 46601776 246 100546 2
S 46612775 246 100546 2
S 46623774 246 100547 2
S 46634774 246 100547 2
S 46645773 246 100545 2
S 46656772 246 100544 2
S 46667772 246 100546 2
S 46678771 246 100539 2
S 46689770 246 100546 2
S 46700770 246 100544 2
S 46711769 246 100541 2
S 46722768 246 100544 2
S 46733768 246 100543 2
S 46744767 246 100535 2
S 46755766 246 100538 2
S 46766766 246 100539 2
S 46777765 246 100536 2
S 46788764 246 100538 2
S 46799763 246 100540 2
S 46810763 246 100536 2
S 46821762 246 100538 2
S 46832761 246 100541 2
S 46843761 246 100539 2
S 46854760 246 100540 2
S 46865759 246 100535 2
S 46876759 246 100538 2
S 46887758 246 100532 2
S 46898757 246 100538 2
S 46909757 246 100540 2
S 46920756 246 100540 2
S 46931755 246 100538 2
S 46942755 246 100535 2
S 46953754 246 100538 2
S 46964753 246 100533 2
S 46975752 246 100538 2
S 46986752 246 100541 2
S 46997751 246 100540 2
S 47008750 246 100538 2
S 47019750 246 100540 2
S 47030749 246 100540 2
S 47041748 246 100546 2
S 47052748 246 100537 2
S 47063747 246 100534 2
S 47074746 246 100540 2
S 47085746 246 100535 2
S 47096745 246 100532 2
S 47107744 246 100537 2
S 47118744 246 100540 2
S 47129743 246 100543 2
S 47140742 246 100543 2
S 47151741 246 100537 2
S 47162741 246 100540 2
S 47173740 246 100540 2
S 47184739 246 100543 2
S 47195739 246 100537 2
S 47206738 246 100542 2
S 47217737 246 100540 2
S 47228737 246 100536 2
S 47239736 246 100538 2
S 47250735 246 100544 2
S 47261735 246 100535 2
S 47272734 246 100535 2
S 47283733 246 100539 2
S 47294733 246 100538 2
S 47305732 246 100538 2
S 47316731 246 100538 2
S 47327730 246 100540 2
S 47338730 246 100543 2
S 47349729 246 100540 2
S 47360728 246 100539 2
S 47376727 246 100546 2
S 47387727 246 100546 2
S 47398726 246 100550 2
S 47409725 246 100546 2
S 47420725 246 100543 2
S 47431724 246 100549 2
S 47442723 246 100543 2
S 47453723 246 100546 2
S 47464722 246 100546 2
S 47475721 246 100546 2
S 47486721 246 100543 2
S 47497720 246 100548 2
S 47508719 246 100543 2
S 47519718 246 100547 2
S 47530718 246 100547 2
S 47541717 246 100547 2
S 47552716 246 100548 2
S 47563716 246 100550 2
S 47574715 246 100550 2
S 47585714 246 100545 2
S 47596714 246 100546 2
S 47607713 246 100549 2
S 47618712 246 100543 2
S 47629712 246 100546 2
S 47640711 246 100546 2
S 47651710 246 100546 2
S 47662710 246 100548 2
S 47673709 246 100551 2
S 47684708 246 100548 2
S 47695707 246 100549 2
S 47706707 246 100549 2
S 47717706 246 100549 2
S 47728705 246 100546 2
S 47739705 246 100548 2
S 47750704 246 100550 2
S 47761703 246 100553 2
S 47772703 246 100552 2
S 47783702 246 100555 2
S 47794701 246 100556 2
S 47805701 246 100551 2
S 47816700 246 100553 2
S 47827699 246 100557 2
S 47838699 246 100547 2
S 47849698 246 100550 2
S 47860697 246 100555 2
S 47871696 246 100549 2
S 47882696 246 100550 2
S 47893695 246 100544 2
S 47904694 246 100546 2
S 47915694 246 100546 2
S 47926693 246 100546 2
S 47937692 246 100549 2
S 47948692 246 100549 2
S 47959691 246 100552 2
S 47970690 246 100546 2
S 47981690 246 100550 2
S 47992689 246 100547 2
S 48003688 246 100549 2
S 48014688 246 100547 2
S 48025687 246 100547 2
S 48036686 246 100549 2
S 48047685 246 100552 2
S 48058685 246 100551 2
S 48069684 246 100550 2
S 48080683 246 100550 2
S 48091683 246 100547 2
S 48102682 246 100549 2
S 48113681 246 100552 2
S 48124681 246 100552 2
S 48135680 246 100550 2
S 48146679 246 100553 2
S 48157679 246 100547 2
S 48168678 246 100551 2
S 48179677 246 100550 2
S 48190677 246 100542 2
S 48201676 246 100549 2
S 48212675 246 100548 2
S 48223674 246 100542 2
S 48234674 246 100550 2
S 48245673 246 100549 2
S 48256672 246 100547 2
S 48267672 246 100549 2
S 48278671 246 100549 2
S 48289670 246 100555 2
S 48300670 246 100551 2
S 48311669 246 100547 2
S 48322668 246 100549 2
S 48333668 246 100547 2
S 48344667 246 100546 2
S 48355666 246 100549 2
S 48366666 246 100546 2
S 48382665 246 100544 2
S 48393664 246 100546 2
S 48404663 246 100541 2
S 48415662 246 100540 2
S 48426662 246 100543 2
S 48437661 246 100543 2
S 48448660 246 100543 2
S 48459660 246 100546 2
S 48470659 246 100544 2
S 48481658 246 100546 2
S 48492658 246 100544 2
S 48503657 246 100545 2
S 48514656 246 100544 2
S 48525656 246 100544 2
S 48536655 246 100543 2
S 48547654 246 100548 2
S 48558654 246 100547 2
S 48569653 246 100549 2
S 48580652 246 100544 2
S 48591651 246 100546 2
S 48602651 246 100549 2
S 48613650 246 100546 2
S 48624649 246 100547 2
S 48635649 246 100546 2
S 48646648 246 100547 2
S 48657647 246 100546 2
S 48668647 246 100543 2
S 48679646 246 100544 2
S 48690645 246 100545 2
S 48701645 246 100549 2
S 48712644 246 100541 2
S 48723643 246 100546 2
S 48734643 246 100546 2
S 48745642 246 100543 2
S 48756641 246 100546 2
S 48767640 246 100542 2
S 48778640 246 100549 2
S 48789639 246 100546 2
S 48800638 246 100552 2
S 48811638 246 100547 2
S 48822637 246 100547 2
S 48833636 246 100546 2
S 48844636 246 100547 2
S 48855635 246 100548 2
S 48866634 246 100549 2
S 48877634 246 100550 2
S 48888633 246 100551 2
S 48899632 246 100547 2
S 48910632 246 100547 2
S 48921631 246 100552 2
S 48932630 246 100550 2
S 48943629 246 100547 2
S 48954629 246 100548 2
S 48965628 246 100544 2
S 48976627 246 100542 2
S 48987627 246 100546 2
S 48998626 246 100549 2
S 49009625 246 100543 2
S 49020625 246 100546 2
S 49031624 246 100543 2
S 49042623 246 100544 2
S 49053623 246 100549 2
S 49064622 246 100546 2
S 49075621 246 100543 2
S 49086621 246 100543 2
S 49097620 246 100541 2
S 49108619 246 100545 2
S 49119618 246 100546 2
S 49130618 246 100539 2
S 49141617 246 100539 2
S 49152616 246 100545 2
S 49163616 246 100543 2
S 49174615 246 100546 2
S 49185614 246 100548 2
S 49196614 246 100548 2
S 49207613 246 100549 2
S 49218612 246 100544 2
S 49229612 246 100549 2
S 49240611 246 100546 2
S 49251610 246 100546 2
S 49262610 246 100548 2
S 49273609 246 100546 2
S 49284608 246 100546 2
S 49295607 246 100546 2
S 49306607 246 100545 2
S 49317606 246 100543 2
S 49328605 246 100544 2
S 49339605 246 100547 2
S 49350604 246 100543 2
S 49361603 246 100552 2
S 49372603 246 100546 2
S 49388602 246 100543 2
S 49399601 246 100546 2
S 49410600 246 100548 2
S 49421600 246 100543 2
S 49432599 246 100544 2
S 49443598 246 100542 2
S 49454598 246 100543 2
S 49465597 246 100543 2
S 49476596 246 100543 2
S 49487595 246 100540 2
S 49498595 246 100543 2
S 49509594 246 100540 2
S 49520593 246 100546 2
S 49531593 246 100540 2
S 49542592 246 100543 2
S 49553591 246 100546 2
S 49564591 246 100543 2
S 49575590 246 100540 2
S 49586589 246 100543 2
S 49597589 246 100545 2
S 49608588 246 100543 2
S 49619587 246 100543 2
S 49630587 246 100542 2
S 49641586 246 100543 2
S 49652585 246 100543 2
S 49663584 246 100543 2
S 49674584 246 100541 2
S 49685583 246 100543 2
S 49696582 246 100542 2
S 49707582 246 100544 2
S 49718581 246 100546 2
S 49729580 246 100542 2
S 49740580 246 100541 2
S 49751579 246 100541 2
S 49762578 246 100542 2
S 49773578 246 100540 2
S 49784577 246 100541 2
S 49795576 246 100544 2
S 49806576 246 100545 2
S 49817575 246 100540 2
S 49828574 246 100540 2
S 49839573 246 100543 2
S 49850573 246 100545 2
S 49861572 246 100542 2
S 49872571 246 100545 2
S 49883571 246 100543 2
S 49894570 246 100543 2
S 49905569 246 100544 2
S 49916569 246 100544 2
S 49927568 246 100543 2
S 49938567 246 100544 2
S 49949567 246 100545 2
S 49960566 246 100543 2
S 49971565 246 100546 2
S 49982565 246 100543 2
S 49993564 246 100544 2
S 50004563 246 100542 2
S 50015562 246 100540 2
S 50026562 246 100540 2
S 50037561 246 100544 2
S 50048560 246 100541 2
S 50059560 246 100541 2
S 50070559 246 100544 2
S 50081558 246 100543 2
S 50092558 246 100544 2
S 50103557 246 100546 2
S 50114556 246 100546 2
S 50125556 246 100541 2
S 50136555 246 100539 2
S 50147554 246 100538 2
S 50158554 246 100543 2
S 50169553 246 100542 2
S 50180552 246 100540 2
S 50191551 246 100540 2
S 50202551 246 100539 2
S 50213550 246 100541 2
S 50224549 246 100543 2
S 50235549 246 100543 2
S 50246548 246 100544 2
S 50257547 246 100543 2
S 50268547 246 100541 2
S 50279546 246 100541 2
S 50290545 246 100543 2
S 50301545 246 100540 2
S 50312544 246 100542 2
S 50323543 246 100537 2
S 50334543 246 100539 2
S 50345542 246 100543 2
S 50356541 246 100539 2
S 50367540 246 100540 2
S 50378540 246 100535 2
S 50394539 246 100546 2
S 50405538 246 100546 2
S 50416537 246 100549 2
S 50427537 246 100546 2
S 50438536 246 100547 2
S 50449535 246 100543 2
S 50460535 246 100546 2
S 50471534 246 100546 2
S 50482533 246 100546 2
S 50493533 246 100546 2
S 50504532 246 100547 2
S 50515531 246 100544 2
S 50526531 246 100543 2
S 50537530 246 100543 2
S 50548529 246 100542 2
S 50559528 246 100546 2
S 50570528 246 100549 2
S 50581527 246 100543 2
S 50592526 246 100545 2
S 50603526 246 100546 2
S 50614525 246 100546 2
S 50625524 246 100547 2
S 50636524 246 100544 2
S 50647523 246 100542 2
S 50658522 246 100549 2
S 50669522 246 100541 2
S 50680521 246 100546 2
S 50691520 246 100548 2
S 50702520 246 100546 2
S 50713519 246 100548 2
S 50724518 246 100547 2
S 50735517 246 100548 2
S 50746517 246 100546 2
S 50757516 246 100546 2
S 50768515 246 100542 2
S 50779515 246 100538 2
S 50790514 246 100543 2
S 50801513 246 100543 2
S 50812513 246 100550 2
S 50823512 246 100542 2
S 50834511 246 100551 2
S 50845511 246 100546 2
S 50856510 246 100543 2
S 50867509 246 100543 2
S 50878509 246 100541 2
S 50889508 246 100546 2
S 50900507 246 100541 2
S 50911506 246 100546 2
S 50922506 246 100542 2
S 50933505 246 100546 2
S 50944504 246 100540 2
S 50955504 246 100545 2
S 50966503 246 100539 2
S 50977502 246 100546 2
S 50988502 246 100546 2
S 50999501 246 100544 2
S 51010500 246 100548 2
S 51021500 246 100550 2
S 51032499 246 100547 2
S 51043498 246 100542 2
S 51054498 246 100536 2
S 51065497 246 100533 2
S 51076496 246 100537 2
S 51087495 246 100538 2
S 51098495 246 100546 2
S 51109494 246 100544 2
S 51120493 246 100543 2
S 51131493 246 100543 2
S 51142492 246 100542 2
S 51153491 246 100542 2
S 51164491 246 100541 2
S 51175490 246 100542 2
S 51186489 246 100534 2
S 51197489 246 100541 2
S 51208488 246 100541 2
S 51219487 246 100541 2
S 51230487 246 100540 2
S 51241486 246 100545 2
S 51252485 246 100546 2
S 51263484 246 100546 2
S 51274484 246 100544 2
S 51285483 246 100543 2
S 51296482 246 100538 2
S 51307482 246 100549 2
S 51318481 246 100541 2
S 51329480 246 100546 2
S 51340480 246 100543 2
S 51351479 246 100549 2
S 51362478 246 100541 2
S 51373478 246 100540 2
S 51384477 246 100543 2
S 51400476 246 100549 2
S 51411475 246 100549 2
S 51422475 246 100543 2
S 51433474 246 100546 2
S 51444473 246 100546 2
S 51455472 246 100548 2
S 51466472 246 100546 2
S 51477471 246 100541 2
S 51488470 246 100544 2
S 51499470 246 100541 2
S 51510469 246 100544 2
S 51521468 246 100543 2
S 51532468 246 100541 2
S 51543467 246 100543 2
S 51554466 246 100541 2
S 51565466 246 100542 2
S 51576465 246 100543 2
S 51587464 246 100546 2
S 51598464 246 100544 2
S 51609463 246 100539 2
S 51620462 246 100546 2
S 51631461 246 100545 2
S 51642461 246 100544 2
S 51653460 246 100537 2
S 51664459 246 100541 2
S 51675459 246 100544 2
S 51686458 246 100542 2
S 51697457 246 100542 2
S 51708457 246 100539 2
S 51719456 246 100544 2
S 51730455 246 100543 2
S 51741455 246 100546 2
S 51752454 246 100546 2
S 51763453 246 100542 2
S 51774453 246 100545 2
S 51785452 246 100546 2
S 51796451 246 100546 2
S 51807450 246 100544 2
S 51818450 246 100546 2
S 51829449 246 100546 2
S 51840448 246 100534 2
S 51851448 246 100543 2
S 51862447 246 100543 2
S 51873446 246 100537 2
S 51884446 246 100540 2
S 51895445 246 100541 2
S 51906444 246 100541 2
S 51917444 246 100545 2
S 51928443 246 100543 2
S 51939442 246 100548 2
S 51950442 246 100546 2
S 51961441 246 100541 2
S 51972440 246 100539 2
S 51983439 246 100543 2
S 51994439 246 100545 2
S 52005438 246 100545 2
S 52016437 246 100545 2
S 52027437 246 100543 2
S 52038436 246 100545 2
S 52049435 246 100545 2
S 52060435 246 100546 2
S 52071434 246 100544 2
S 52082433 246 100544 2
S 52093433 246 100545 2
S 52104432 246 100541 2
S 52115431 246 100541 2
S 52126431 246 100547 2
S 52137430 246 100548 2
S 52148429 246 100546 2
S 52159428 246 100547 2
S 52170428 246 100550 2
S 52181427 246 100546 2
S 52192426 246 100549 2
S 52203426 246 100550 2
S 52214425 246 100551 2
S 52225424 246 100549 2
S 52236424 246 100540 2
S 52247423 246 100548 2
S 52258422 246 100548 2
S 52269422 246 100552 2
S 52280421 246 100545 2
S 52291420 246 100546 2
S 52302420 246 100547 2
S 52313419 246 100544 2
S 52324418 246 100541 2
S 52335417 246 100546 2
S 52346417 246 100548 2
S 52357416 246 100546 2
S 52368415 246 100549 2
S 52379415 246 100547 2
S 52390414 246 100548 2
S 52406413 246 100552 2
S 52417412 246 100548 2
S 52428412 246 100550 2
S 52439411 246 100549 2
S 52450410 246 100546 2
S 52461410 246 100547 2
S 52472409 246 100545 2
S 52483408 246 100548 2
S 52494408 246 100547 2
S 52505407 246 100546 2
S 52516406 246 100551 2
S 52527405 246 100549 2
S 52538405 246 100546 2
S 52549404 246 100549 2
S 52560403 246 100546 2
S 52571403 246 100546 2
S 52582402 246 100548 2
S 52593401 246 100549 2
S 52604401 246 100548 2
S 52615400 246 100544 2
S 52626399 246 100546 2
S 52637399 246 100543 2
S 52648398 246 100544 2
S 52659397 246 100549 2
S 52670397 246 100546 2
S 52681396 246 100543 2
S 52692395 246 100541 2
S 52703394 246 100547 2
S 52714394 246 100547 2
S 52725393 246 100538 2
S 52736392 246 100542 2
S 52747392 246 100541 2
S 52758391 246 100546 2
S 52769390 246 100548 2
S 52780390 246 100547 2
S 52791389 246 100545 2
S 52802388 246 100547 2
S 52813388 246 100545 2
S 52824387 246 100548 2
S 52835386 246 100550 2
S 52846386 246 100545 2
S 52857385 246 100549 2
S 52868384 246 100547 2
S 52879383 246 100546 2
S 52890383 246 100549 2
S 52901382 246 100550 2
S 52912381 246 100550 2
S 52923381 246 100551 2
S 52934380 246 100547 2
S 52945379 246 100546 2
S 52956379 246 100548 2
S 52967378 246 100541 2
S 52978377 246 100548 2
S 52989377 246 100546 2
S 53000374 246 100542 2
S 53011375 246 100541 2
S 53022375 246 100543 2
S 53033374 246 100546 2
S 53044373 246 100548 2
S 53055372 246 100544 2
S 53066372 246 100547 2
S 53077371 246 100549 2
S 53088370 246 100549 2
S 53099370 246 100548 2
S 53110369 246 100544 2
S 53121368 246 100544 2
S 53132368 246 100551 2
S 53143367 246 100543 2
S 53154366 246 100546 2
S 53165366 246 100547 2
S 53176365 246 100550 2
S 53187364 246 100541 2
S 53198364 246 100544 2
S 53209363 246 100542 2
S 53220362 246 100546 2
S 53231361 246 100543 2
S 53242361 246 100539 2
S 53253360 246 100537 2
S 53264359 246 100544 2
S 53275359 246 100542 2
S 53286358 246 100545 2
S 53297357 246 100542 2
S 53308357 246 100544 2
S 53319356 246 100541 2
S 53330355 246 100540 2
S 53341355 246 100541 2
S 53352354 246 100544 2
S 53363353 246 100542 2
S 53374353 246 100546 2
S 53385352 246 100543 2
S 53396351 246 100545 2
S 53412350 246 100553 2
S 53423349 246 100553 2
S 53434349 246 100546 2
S 53445348 246 100551 2
S 53456347 246 100556 2
S 53467347 246 100552 2
S 53478346 246 100552 2
S 53489345 246 100550 2
S 53500345 246 100546 2
S 53511344 246 100549 2
S 53522343 246 100549 2
S 53533343 246 100546 2
S 53544342 246 100548 2
S 53555341 246 100550 2
S 53566341 246 100549 2
S 53577340 246 100552 2
S 53588339 246 100555 2
S 53599338 246 100549 2
S 53610338 246 100553 2
S 53621337 246 100548 2
S 53632336 246 100549 2
S 53643336 246 100547 2
S 53654335 246 100546 2
S 53665334 246 100555 2
S 53676334 246 100546 2
S 53687333 246 100552 2
S 53698332 246 100552 2
S 53709332 246 100555 2
S 53720331 246 100548 2
S 53731330 246 100556 2
S 53742330 246 100552 2
S 53753329 246 100549 2
S 53764328 246 100550 2
S 53775327 246 100553 2
S 53786327 246 100550 2
S 53797326 246 100549 2
S 53808325 246 100549 2
S 53819325 246 100557 2
S 53830324 246 100554 2
S 53841323 246 100555 2
S 53852323 246 100559 2
S 53863322 246 100560 2
S 53874321 246 100556 2
S 53885321 246 100557 2
S 53896320 246 100558 2
S 53907319 246 100555 2
S 53918319 246 100552 2
S 53929318 246 100556 2
S 53940317 246 100549 2
S 53951316 246 100549 2
S 53962316 246 100554 2
S 53973315 246 100555 2
S 53984314 246 100555 2
S 53995314 246 100552 2
S 54006313 246 100549 2
S 54017312 246 100551 2
S 54028312 246 100549 2
S 54039311 246 100550 2
S 54050310 246 100549 2
S 54061310 246 100544 2
S 54072309 246 100549 2
S 54083308 246 100549 2
S 54094308 246 100554 2
S 54105307 246 100551 2
S 54116306 246 100546 2
S 54127305 246 100552 2
S 54138305 246 100544 2
S 54149304 246 100552 2
S 54160303 246 100552 2
S 54171303 246 100550 2
S 54182302 246 100550 2
S 54193301 246 100550 2
S 54204301 246 100551 2
S 54215300 246 100549 2
S 54226299 246 100546 2
S 54237299 246 100548 2
S 54248298 246 100547 2
S 54259297 246 100547 2
S 54270297 246 100546 2
S 54281296 246 100543 2
S 54292295 246 100544 2
S 54303294 246 100550 2
S 54314294 246 100547 2
S 54325293 246 100552 2
S 54336292 246 100545 2
S 54347292 246 100543 2
S 54358291 246 100542 2
S 54369290 246 100542 2
S 54380290 246 100542 2
S 54391289 246 100541 2
S 54402288 246 100546 2
S 54418287 246 100548 2
S 54429287 246 100549 2
S 54440286 246 100548 2
S 54451285 246 100543 2
S 54462285 246 100546 2
S 54473284 246 100544 2
S 54484283 246 100542 2
S 54495282 246 100542 2
S 54506282 246 100547 2
S 54517281 246 100548 2
S 54528280 246 100550 2
S 54539280 246 100551 2
S 54550279 246 100549 2
S 54561278 246 100550 2
S 54572278 246 100549 2
S 54583277 246 100549 2
S 54594276 246 100554 2
S 54605276 246 100553 2
S 54616275 246 100557 2
S 54627274 246 100550 2
S 54638274 246 100552 2
S 54649273 246 100553 2
S 54660272 246 100549 2
S 54671271 246 100557 2
S 54682271 246 100552 2
S 54693270 246 100551 2
S 54704269 246 100549 2
S 54715269 246 100549 2
S 54726268 246 100546 2
S 54737267 246 100548 2
S 54748267 246 100547 2
S 54759266 246 100549 2
S 54770265 246 100552 2
S 54781265 246 100555 2
S 54792264 246 100550 2
S 54803263 246 100550 2
S 54814263 246 100553 2
S 54825262 246 100551 2
S 54836261 246 100557 2
S 54847260 246 100557 2
S 54858260 246 100544 2
S 54869259 246 100549 2
S 54880258 246 100546 2
S 54891258 246 100549 2
S 54902257 246 100549 2
S 54913256 246 100552 2
S 54924256 246 100552 2
S 54935255 246 100553 2
S 54946254 246 100550 2
S 54957254 246 100552 2
S 54968253 246 100552 2
S 54979252 246 100550 2
S 54990252 246 100555 2
S 55001252 246 100553 2
S 55012250 246 100549 2
S 55023249 246 100551 2
S 55034249 246 100555 2
S 55045248 246 100553 2
S 55056247 246 100552 2
S 55067247 246 100554 2
S 55078246 246 100555 2
S 55089245 246 100552 2
S 55100245 246 100546 2
S 55111244 246 100549 2
S 55122243 246 100550 2
S 55133243 246 100558 2
S 55144242 246 100555 2
S 55155241 246 100552 2
S 55166241 246 100555 2
S 55177240 246 100553 2
S 55188239 246 100558 2
S 55199238 246 100555 2
S 55210238 246 100554 2
S 55221237 246 100552 2
S 55232236 246 100554 2
S 55243236 246 100555 2
S 55254235 246 100555 2
S 55265234 246 100552 2
S 55276234 246 100549 2
S 55287233 246 100556 2
S 55298232 246 100557 2
S 55309232 246 100555 2
S 55320231 246 100552 2
S 55331230 246 100552 2
S 55342230 246 100557 2
S 55353229 246 100553 2
S 55364228 246 100560 2
S 55375227 246 100557 2
S 55386227 246 100554 2
S 55397226 246 100552 2
S 55408225 246 100546 2
S 55424224 246 100557 2
S 55435224 246 100558 2
S 55446223 246 100557 2
S 55457222 246 100555 2
S 55468222 246 100557 2
S 55479221 246 100557 2
S 55490220 246 100555 2
S 55501220 246 100560 2
S 55512219 246 100555 2
S 55523218 246 100557 2
S 55534218 246 100553 2
S 55545217 246 100552 2
S 55556216 246 100552 2
S 55567215 246 100555 2
S 55578215 246 100552 2
S 55589214 246 100549 2
S 55600213 246 100552 2
S 55611213 246 100549 2
S 55622212 246 100554 2
S 55633211 246 100553 2
S 55644211 246 100552 2
S 55655210 246 100551 2
S 55666209 246 100553 2
S 55677209 246 100557 2
S 55688208 246 100552 2
S 55699207 246 100557 2
S 55710207 246 100555 2
S 55721206 246 100552 2
S 55732205 246 100557 2
S 55743204 246 100557 2
S 55754204 246 100555 2
S 55765203 246 100557 2
S 55776202 246 100559 2
S 55787202 246 100556 2
S 55798201 246 100560 2
S 55809200 246 100561 2
S 55820200 246 100558 2
S 55831199 246 100556 2
S 55842198 246 100555 2
S 55853198 246 100558 2
S 55864197 246 100558 2
S 55875196 246 100561 2
S 55886196 246 100557 2
S 55897195 246 100560 2
S 55908194 246 100561 2
S 55919193 246 100557 2
S 55930193 246 100555 2
S 55941192 246 100557 2
S 55952191 246 100555 2
S 55963191 246 100555 2
S 55974190 246 100555 2
S 55985189 246 100557 2
S 55996189 246 100558 2
S 56007188 246 100560 2
S 56018187 246 100563 2
S 56029187 246 100560 2
S 56040186 246 100563 2
S 56051185 246 100560 2
S 56062185 246 100563 2
S 56073184 246 100557 2
S 56084183 246 100559 2
S 56095182 246 100560 2
S 56106182 246 100558 2
S 56117181 246 100558 2
S 56128180 246 100560 2
S 56139180 246 100557 2
S 56150179 246 100555 2
S 56161178 246 100558 2
S 56172178 246 100558 2
S 56183177 246 100556 2
S 56194176 246 100555 2
S 56205176 246 100556 2
S 56216175 246 100560 2
S 56227174 246 100556 2
S 56238174 246 100558 2
S 56249173 246 100557 2
S 56260172 246 100556 2
S 56271171 246 100557 2
S 56282171 246 100558 2
S 56293170 246 100560 2
S 56304169 246 100558 2
S 56315169 246 100561 2
S 56326168 246 100560 2
S 56337167 246 100557 2
S 56348167 246 100560 2
S 56359166 246 100559 2
S 56370165 246 100566 2
S 56381165 246 100565 2
S 56392164 246 100561 2
S 56403163 246 100563 2
S 56414163 246 100563 2
S 56430162 246 100554 2
S 56441161 246 100547 2
S 56452160 246 100546 2
S 56463159 246 100543 2
S 56474159 246 100541 2
S 56485158 246 100545 2
S 56496157 246 100550 2
S 56507157 246 100554 2
S 56518156 246 100548 2
S 56529155 246 100546 2
S 56540155 246 100547 2
S 56551154 246 100546 2
S 56562153 246 100552 2
S 56573153 246 100551 2
S 56584152 246 100555 2
S 56595151 246 100551 2
S 56606151 246 100552 2
S 56617150 246 100552 2
S 56628149 246 100546 2
S 56639148 246 100546 2
S 56650148 246 100549 2
S 56661147 246 100552 2
S 56672146 246 100544 2
S 56683146 246 100546 2
S 56694145 246 100543 2
S 56705144 246 100549 2
S 56716144 246 100544 2
S 56727143 246 100550 2
S 56738142 246 100547 2
S 56749142 246 100546 2
S 56760141 246 100547 2
S 56771140 246 100546 2
S 56782140 246 100547 2
S 56793139 246 100547 2
S 56804138 246 100549 2
S 56815137 246 100554 2
S 56826137 246 100548 2
S 56837136 246 100555 2
S 56848135 246 100553 2
S 56859135 246 100552 2
S 56870134 246 100548 2
S 56881133 246 100555 2
S 56892133 246 100552 2
S 56903132 246 100549 2
S 56914131 246 100549 2
S 56925131 246 100547 2
S 56936130 246 100546 2
S 56947129 246 100550 2
S 56958129 246 100546 2
S 56969128 246 100550 2
S 56980127 246 100551 2
S 56991126 246 100550 2
S 57002127 246 100546 2
S 57013125 246 100548 2
S 57024124 246 100550 2
S 57035124 246 100550 2
S 57046123 246 100549 2
S 57057122 246 100550 2
S 57068122 246 100552 2
S 57079121 246 100552 2
S 57090120 246 100549 2
S 57101120 246 100556 2
S 57112119 246 100554 2
S 57123118 246 100550 2
S 57134118 246 100550 2
S 57145117 246 100552 2
S 57156116 246 100547 2
S 57167115 246 100546 2
S 57178115 246 100552 2
S 57189114 246 100554 2
S 57200113 246 100549 2
S 57211113 246 100545 2
S 57222112 246 100549 2
S 57233111 246 100551 2
S 57244111 246 100551 2
S 57255110 246 100549 2
S 57266109 246 100548 2
S 57277109 246 100548 2
S 57288108 246 100546 2
S 57299107 246 100554 2
S 57310107 246 100555 2
S 57321106 246 100550 2
S 57332105 246 100549 2
S 57343104 246 100553 2
S 57354104 246 100551 2
S 57365103 246 100550 2
S 57376102 246 100552 2
S 57387102 246 100549 2
S 57398101 246 100550 2
S 57409100 246 100548 2
S 57420100 246 100550 2
S 57436099 246 100550 2
S 57447098 246 100554 2
S 57458097 246 100551 2
S 57469097 246 100549 2
S 57480096 246 100551 2
S 57491095 246 100552 2
S 57502095 246 100550 2
S 57513094 246 100548 2
S 57524093 246 100552 2
S 57535092 246 100551 2
S 57546092 246 100546 2
S 57557091 246 100553 2
S 57568090 246 100548 2
S 57579090 246 100550 2
S 57590089 246 100549 2
S 57601088 246 100554 2
S 57612088 246 100547 2
S 57623087 246 100551 2
S 57634086 246 100549 2
S 57645086 246 100545 2
S 57656085 246 100549 2
S 57667084 246 100550 2
S 57678084 246 100549 2
S 57689083 246 100546 2
S 57700082 246 100547 2
S 57711081 246 100550 2
S 57722081 246 100546 2
S 57733080 246 100544 2
S 57744079 246 100552 2
S 57755079 246 100546 2
S 57766078 246 100550 2
S 57777077 246 100545 2
S 57788077 246 100543 2
S 57799076 246 100547 2
S 57810075 246 100549 2
S 57821075 246 100547 2
S 57832074 246 100546 2
S 57843073 246 100547 2
S 57854073 246 100546 2
S 57865072 246 100551 2
S 57876071 246 100549 2
S 57887070 246 100546 2
S 57898070 246 100549 2
S 57909069 246 100546 2
S 57920068 246 100547 2
S 57931068 246 100550 2
S 57942067 246 100550 2
S 57953066 246 100546 2
S 57964066 246 100551 2
S 57975065 246 100549 2
S 57986064 246 100550 2
S 57997064 246 100553 2
S 58008063 246 100552 2
S 58019062 246 100549 2
S 58030062 246 100547 2
S 58041061 246 100552 2
S 58052060 246 100554 2
S 58063059 246 100547 2
S 58074059 246 100546 2
S 58085058 246 100549 2
S 58096057 246 100549 2
S 58107057 246 100546 2
S 58118056 246 100549 2
S 58129055 246 100548 2
S 58140055 246 100550 2
S 58151054 246 100550 2
S 58162053 246 100546 2
S 58173053 246 100549 2
S 58184052 246 100549 2
S 58195051 246 100552 2
S 58206051 246 100550 2
S 58217050 246 100546 2
S 58228049 246 100549 2
S 58239048 246 100548 2
S 58250048 246 100549 2
S 58261047 246 100552 2
S 58272046 246 100551 2
S 58283046 246 100549 2
S 58294045 246 100553 2
S 58305044 246 100552 2
S 58316044 246 100554 2
S 58327043 246 100552 2
S 58338042 246 100549 2
S 58349042 246 100551 2
S 58360041 246 100549 2
S 58371040 246 100552 2
S 58382040 246 100549 2
S 58393039 246 100552 2
S 58404038 246 100549 2
S 58415037 246 100549 2
S 58426037 246 100549 2
S 58442036 246 100546 2
S 58453035 246 100550 2
S 58464034 246 100549 2
S 58475034 246 100549 2
S 58486033 246 100546 2
S 58497032 246 100546 2
S 58508032 246 100549 2
S 58519031 246 100544 2
S 58530030 246 100544 2
S 58541030 246 100546 2
S 58552029 246 100544 2
S 58563028 246 100544 2
S 58574028 246 100545 2
S 58585027 246 100547 2
S 58596026 246 100543 2
S 58607025 246 100548 2
S 58618025 246 100552 2
S 58629024 246 100549 2
S 58640023 246 100546 2
S 58651023 246 100548 2
S 58662022 246 100551 2
S 58673021 246 100544 2
S 58684021 246 100546 2
S 58695020 246 100540 2
S 58706019 246 100546 2
S 58717019 246 100548 2
S 58728018 246 100542 2
S 58739017 246 100543 2
S 58750017 246 100542 2
S 58761016 246 100546 2
S 58772015 246 100548 2
S 58783014 246 100544 2
S 58794014 246 100546 2
S 58805013 246 100546 2
S 58816012 246 100545 2
S 58827012 246 100546 2
S 58838011 246 100547 2
S 58849010 246 100546 2
S 58860010 246 100548 2
S 58871009 246 100546 2
S 58882008 246 100549 2
S 58893008 246 100548 2
S 58904007 246 100551 2
S 58915006 246 100552 2
S 58926006 246 100551 2
S 58937005 246 100549 2
S 58948004 246 100553 2
S 58959003 246 100546 2
S 58970003 246 100552 2
S 58981002 246 100551 2
S 58992001 246 100549 2
S 59003001 246 100554 2
S 59014000 246 100552 2
S 59024999 246 100555 2
S 59035999 246 100554 2
S 59046998 246 100554 2
S 59057997 246 100554 2
S 59068997 246 100548 2
S 59079996 246 100548 2
S 59090995 246 100551 2
S 59101995 246 100550 2
S 59112994 246 100549 2
S 59123993 246 100549 2
S 59134992 246 100549 2
S 59145992 246 100554 2
S 59156991 246 100549 2
S 59167990 246 100548 2
S 59178990 246 100551 2
S 59189989 246 100547 2
S 59200988 246 100549 2
S 59211988 246 100549 2
S 59222987 246 100547 2
S 59233986 246 100545 2
S 59244986 246 100550 2
S 59255985 246 100549 2
S 59266984 246 100549 2
S 59277984 246 100550 2
S 59288983 246 100550 2
S 59299982 246 100548 2
S 59310981 246 100555 2
S 59321981 246 100554 2
S 59332980 246 100552 2
S 59343979 246 100549 2
S 59354979 246 100545 2
S 59365978 246 100547 2
S 59376977 246 100549 2
S 59387977 246 100546 2
S 59398976 246 100550 2
S 59409975 246 100551 2
S 59420975 246 100554 2
S 59431974 246 100553 2
S 59447973 246 100551 2
S 59458972 246 100552 2
S 59469972 246 100552 2
S 59480971 246 100549 2
S 59491970 246 100552 2
S 59502969 246 100548 2
S 59513969 246 100549 2
S 59524968 246 100549 2
S 59535967 246 100556 2
S 59546967 246 100546 2
S 59557966 246 100547 2
S 59568965 246 100549 2
S 59579965 246 100547 2
S 59590964 246 100552 2
S 59601963 246 100548 2
S 59612963 246 100550 2
S 59623962 246 100553 2
S 59634961 246 100554 2
S 59645961 246 100553 2
S 59656960 246 100554 2
S 59667959 246 100550 2
S 59678958 246 100548 2
S 59689958 246 100552 2
S 59700957 246 100544 2
S 59711956 246 100549 2
S 59722956 246 100543 2
S 59733955 246 100547 2
S 59744954 246 100550 2
S 59755954 246 100549 2
S 59766953 246 100545 2
S 59777952 246 100548 2
S 59788952 246 100548 2
S 59799951 246 100546 2
S 59810950 246 100544 2
S 59821950 246 100548 2
S 59832949 246 100549 2
S 59843948 246 100552 2
S 59854947 246 100552 2
S 59865947 246 100547 2
S 59876946 246 100552 2
S 59887945 246 100547 2
S 59898945 246 100551 2
S 59909944 246 100547 2
S 59920943 246 100546 2
S 59931943 246 100544 2
S 59942942 246 100546 2
S 59953941 246 100546 2
S 59964941 246 100543 2
S 59975940 246 100539 2
S 59986939 246 100538 2
S 59997939 246 100545 2
S 60008938 246 100546 2
S 60019937 246 100546 2
S 60030936 246 100543 2
S 60041936 246 100540 2
S 60052935 246 100542 2
S 60063934 246 100546 2
S 60074934 246 100539 2
S 60085933 246 100542 2
S 60096932 246 100540 2
S 60107932 246 100540 2
S 60118931 246 100549 2
S 60129930 246 100545 2
S 60140930 246 100548 2
S 60151929 246 100543 2
S 60162928 246 100545 2
S 60173928 246 100549 2
S 60184927 246 100546 2
S 60195926 246 100540 2
S 60206925 246 100540 2
S 60217925 246 100537 2
S 60228924 246 100540 2
S 60239923 246 100540 2
S 60250923 246 100546 2
S 60261922 246 100554 2
S 60272921 246 100551 2
S 60283921 246 100551 2
S 60294920 246 100549 2
S 60305919 246 100545 2
S 60316919 246 100541 2
S 60327918 246 100546 2
S 60338917 246 100548 2
S 60349917 246 100548 2
S 60360916 246 100548 2
S 60371915 246 100546 2
S 60382914 246 100543 2
S 60393914 246 100543 2
S 60404913 246 100547 2
S 60415912 246 100546 2
S 60426912 246 100546 2
S 60437911 246 100546 2
S 60453910 246 100554 2
S 60464909 246 100546 2
S 60475909 246 100549 2
S 60486908 246 100552 2
S 60497907 246 100549 2
S 60508907 246 100545 2
S 60519906 246 100548 2
S 60530905 246 100544 2
S 60541905 246 100545 2
S 60552904 246 100545 2
S 60563903 246 100546 2
S 60574902 246 100549 2
S 60585902 246 100548 2
S 60596901 246 100546 2
S 60607900 246 100549 2
S 60618900 246 100546 2
S 60629899 246 100549 2
S 60640898 246 100545 2
S 60651898 246 100549 2
S 60662897 246 100548 2
S 60673896 246 100544 2
S 60684896 246 100545 2
S 60695895 246 100546 2
S 60706894 246 100548 2
S 60717894 246 100546 2
S 60728893 246 100540 2
S 60739892 246 100543 2
S 60750891 246 100547 2
S 60761891 246 100543 2
S 60772890 246 100545 2
S 60783889 246 100543 2
S 60794889 246 100543 2
S 60805888 246 100540 2
S 60816887 246 100541 2
S 60827887 246 100546 2
S 60838886 246 100543 2
S 60849885 246 100546 2
S 60860885 246 100536 2
S 60871884 246 100538 2
S 60882883 246 100540 2
S 60893883 246 100544 2
S 60904882 246 100546 2
S 60915881 246 100544 2
S 60926880 246 100546 2
S 60937880 246 100540 2
S 60948879 246 100540 2
S 60959878 246 100543 2
S 60970878 246 100543 2
S 60981877 246 100544 2
S 60992876 246 100540 2
S 61003876 246 100543 2
S 61014875 246 100546 2
S 61025874 246 100540 2
S 61036874 246 100543 2
S 61047873 246 100542 2
S 61058872 246 100546 2
S 61069872 246 100546 2
S 61080871 246 100543 2
S 61091870 246 100546 2
S 61102869 246 100546 2
S 61113869 246 100543 2
S 61124868 246 100540 2
S 61135867 246 100537 2
S 61146867 246 100537 2
S 61157866 246 100540 2
S 61168865 246 100539 2
S 61179865 246 100543 2
S 61190864 246 100542 2
S 61201863 246 100545 2
S 61212863 246 100549 2
S 61223862 246 100536 2
S 61234861 246 100541 2
S 61245861 246 100540 2
S 61256860 246 100537 2
S 61267859 246 100537 2
S 61278858 246 100542 2
S 61289858 246 100544 2
S 61300857 246 100538 2
S 61311856 246 100532 2
S 61322856 246 100538 2
S 61333855 246 100542 2
S 61344854 246 100540 2
S 61355854 246 100537 2
S 61366853 246 100542 2
S 61377852 246 100540 2
S 61388852 246 100540 2
S 61399851 246 100537 2
S 61410850 246 100535 2
S 61421850 246 100543 2
S 61432849 246 100541 2
S 61443848 246 100539 2
S 61459847 246 100541 2
S 61470846 246 100543 2
S 61481846 246 100545 2
S 61492845 246 100544 2
S 61503844 246 100546 2
S 61514844 246 100547 2
S 61525843 246 100545 2
S 61536842 246 100548 2
S 61547842 246 100553 2
S 61558841 246 100547 2
S 61569840 246 100549 2
S 61580840 246 100549 2
S 61591839 246 100546 2
S 61602838 246 100554 2
S 61613838 246 100551 2
S 61624837 246 100548 2
S 61635836 246 100551 2
S 61646835 246 100549 2
S 61657835 246 100550 2
S 61668834 246 100546 2
S 61679833 246 100552 2
S 61690833 246 100554 2
S 61701832 246 100550 2
S 61712831 246 100552 2
S 61723831 246 100550 2
S 61734830 246 100551 2
S 61745829 246 100549 2
S 61756829 246 100548 2
S 61767828 246 100549 2
S 61778827 246 100548 2
S 61789827 246 100543 2
S 61800826 246 100546 2
S 61811825 246 100550 2
S 61822824 246 100549 2
S 61833824 246 100548 2
S 61844823 246 100549 2
S 61855822 246 100545 2
S 61866822 246 100546 2
S 61877821 246 100547 2
S 61888820 246 100552 2
S 61899820 246 100546 2
S 61910819 246 100544 2
S 61921818 246 100547 2
S 61932818 246 100546 2
S 61943817 246 100544 2
S 61954816 246 100539 2
S 61965816 246 100543 2
S 61976815 246 100548 2
S 61987814 246 100543 2
S 61998813 246 100549 2
S 62009813 246 100544 2
S 62020812 246 100547 2
S 62031811 246 100549 2
S 62042811 246 100544 2
S 62053810 246 100546 2
S 62064809 246 100545 2
S 62075809 246 100543 2
S 62086808 246 100539 2
S 62097807 246 100537 2
S 62108807 246 100546 2
S 62119806 246 100540 2
S 62130805 246 100549 2
S 62141805 246 100546 2
S 62152804 246 100545 2
S 62163803 246 100544 2
S 62174802 246 100543 2
S 62185802 246 100544 2
S 62196801 246 100547 2
S 62207800 246 100543 2
S 62218800 246 100546 2
S 62229799 246 100541 2
S 62240798 246 100542 2
S 62251798 246 100547 2
S 62262797 246 100543 2
S 62273796 246 100545 2
S 62284796 246 100547 2
S 62295795 246 100552 2
S 62306794 246 100546 2
S 62317794 246 100546 2
S 62328793 246 100543 2
S 62339792 246 100543 2
S 62350791 246 100543 2
S 62361791 246 100545 2
S 62372790 246 100541 2
S 62383789 246 100540 2
S 62394789 246 100544 2
S 62405788 246 100546 2
S 62416787 246 100549 2
S 62427787 246 100546 2
S 62438786 246 100543 2
S 62449785 246 100549 2
S 62465784 246 100552 2
S 62476784 246 100549 2
S 62487783 246 100546 2
S 62498782 246 100549 2
S 62509782 246 100546 2
S 62520781 246 100552 2
S 62531780 246 100546 2
S 62542779 246 100548 2
S 62553779 246 100539 2
S 62564778 246 100546 2
S 62575777 246 100543 2
S 62586777 246 100548 2
S 62597776 246 100543 2
S 62608775 246 100547 2
S 62619775 246 100548 2
S 62630774 246 100548 2
S 62641773 246 100546 2
S 62652773 246 100545 2
S 62663772 246 100543 2
S 62674771 246 100545 2
S 62685771 246 100548 2
S 62696770 246 100541 2
S 62707769 246 100548 2
S 62718768 246 100540 2
S 62729768 246 100544 2
S 62740767 246 100546 2
S 62751766 246 100548 2
S 62762766 246 100548 2
S 62773765 246 100543 2
S 62784764 246 100539 2
S 62795764 246 100538 2
S 62806763 246 100543 2
S 62817762 246 100542 2
S 62828762 246 100540 2
S 62839761 246 100543 2
S 62850760 246 100541 2
S 62861760 246 100546 2
S 62872759 246 100545 2
S 62883758 246 100546 2
S 62894757 246 100545 2
S 62905757 246 100543 2
S 62916756 246 100541 2
S 62927755 246 100538 2
S 62938755 246 100546 2
S 62949754 246 100543 2
S 62960753 246 100543 2
S 62971753 246 100548 2
S 62982752 246 100544 2
S 62993751 246 100550 2
S 63004751 246 100550 2
S 63015750 246 100544 2
S 63026749 246 100542 2
S 63037749 246 100547 2
S 63048748 246 100545 2
S 63059747 246 100547 2
S 63070746 246 100545 2
S 63081746 246 100546 2
S 63092745 246 100546 2
S 63103744 246 100551 2
S 63114744 246 100546 2
S 63125743 246 100544 2
S 63136742 246 100543 2
S 63147742 246 100549 2
S 63158741 246 100546 2
S 63169740 246 100546 2
S 63180740 246 100550 2
S 63191739 246 100546 2
S 63202738 246 100546 2
S 63213738 246 100546 2
S 63224737 246 100547 2
S 63235736 246 100546 2
S 63246735 246 100546 2
S 63257735 246 100535 2
S 63268734 246 100545 2
S 63279733 246 100543 2
S 63290733 246 100544 2
S 63301732 246 100545 2
S 63312731 246 100546 2
S 63323731 246 100546 2
S 63334730 246 100543 2
S 63345729 246 100546 2
S 63356729 246 100540 2
S 63367728 246 100541 2
S 63378727 246 100537 2
S 63389727 246 100540 2
S 63400726 246 100541 2
S 63411725 246 100540 2
S 63422724 246 100540 2
S 63433724 246 100539 2
S 63444723 246 100540 2
S 63455722 246 100541 2
S 63471721 246 100543 2
S 63482721 246 100546 2
S 63493720 246 100540 2
S 63504719 246 100544 2
S 63515719 246 100544 2
S 63526718 246 100540 2
S 63537717 246 100538 2
S 63548717 246 100541 2
S 63559716 246 100541 2
S 63570715 246 100540 2
S 63581715 246 100542 2
S 63592714 246 100544 2
S 63603713 246 100541 2
S 63614712 246 100543 2
S 63625712 246 100546 2
S 63636711 246 100541 2
S 63647710 246 100542 2
S 63658710 246 100543 2
S 63669709 246 100543 2
S 63680708 246 100543 2
S 63691708 246 100546 2
S 63702707 246 100544 2
S 63713706 246 100544 2
S 63724706 246 100547 2
S 63735705 246 100541 2
S 63746704 246 100543 2
S 63757704 246 100549 2
S 63768703 246 100545 2
S 63779702 246 100546 2
S 63790701 246 100546 2
S 63801701 246 100546 2
S 63812700 246 100546 2
S 63823699 246 100548 2
S 63834699 246 100547 2
S 63845698 246 100544 2
S 63856697 246 100543 2
S 63867697 246 100545 2
S 63878696 246 100546 2
S 63889695 246 100546 2
S 63900695 246 100545 2
S 63911694 246 100539 2
S 63922693 246 100543 2
S 63933693 246 100543 2
S 63944692 246 100540 2
S 63955691 246 100542 2
S 63966690 246 100540 2
S 63977690 246 100540 2
S 63988689 246 100543 2
S 63999688 246 100540 2
S 64010688 246 100543 2
S 64021687 246 100540 2
S 64032686 246 100542 2
S 64043686 246 100544 2
S 64054685 246 100543 2
S 64065684 246 100539 2
S 64076684 246 100540 2
S 64087683 246 100546 2
S 64098682 246 100543 2
S 64109682 246 100541 2
S 64120681 246 100544 2
S 64131680 246 100544 2
S 64142679 246 100543 2
S 64153679 246 100538 2
S 64164678 246 100542 2
S 64175677 246 100541 2
S 64186677 246 100539 2
S 64197676 246 100539 2
S 64208675 246 100538 2
S 64219675 246 100539 2
S 64230674 246 100539 2
S 64241673 246 100538 2
S 64252673 246 100540 2
S 64263672 246 100540 2
S 64274671 246 100539 2
S 64285671 246 100538 2
S 64296670 246 100537 2
S 64307669 246 100536 2
S 64318668 246 100533 2
S 64329668 246 100532 2
S 64340667 246 100535 2
S 64351666 246 100535 2
S 64362666 246 100538 2
S 64373665 246 100540 2
S 64384664 246 100540 2
S 64395664 246 100534 2
S 64406663 246 100538 2
S 64417662 246 100540 2
S 64428662 246 100535 2
S 64439661 246 100535 2
S 64450660 246 100537 2
S 64461660 246 100538 2
S 64477659 246 100542 2
S 64488658 246 100549 2
S 64499657 246 100545 2
S 64510656 246 100550 2
S 64521656 246 100540 2
S 64532655 246 100545 2
S 64543654 246 100547 2
S 64554654 246 100545 2
S 64565653 246 100546 2
S 64576652 246 100538 2
S 64587652 246 100546 2
S 64598651 246 100546 2
S 64609650 246 100545 2
S 64620650 246 100543 2
S 64631649 246 100544 2
S 64642648 246 100543 2
S 64653648 246 100547 2
S 64664647 246 100547 2
S 64675646 246 100544 2
S 64686645 246 100549 2
S 64697645 246 100546 2
S 64708644 246 100545 2
S 64719643 246 100547 2
S 64730643 246 100545 2
S 64741642 246 100543 2
S 64752641 246 100540 2
S 64763641 246 100545 2
S 64774640 246 100545 2
S 64785639 246 100542 2
S 64796639 246 100546 2
S 64807638 246 100543 2
S 64818637 246 100545 2
S 64829637 246 100542 2
S 64840636 246 100543 2
S 64851635 246 100540 2
S 64862634 246 100543 2
S 64873634 246 100543 2
S 64884633 246 100544 2
S 64895632 246 100547 2
S 64906632 246 100549 2
S 64917631 246 100545 2
S 64928630 246 100544 2
S 64939630 246 100542 2
S 64950629 246 100544 2
S 64961628 246 100543 2
S 64972628 246 100545 2
S 64983627 246 100549 2
S 64994626 246 100545 2
S 65005626 246 100547 2
S 65016625 246 100549 2
S 65027624 246 100546 2
S 65038623 246 100544 2
S 65049623 246 100546 2
S 65060622 246 100544 2
S 65071621 246 100544 2
S 65082621 246 100546 2
S 65093620 246 100547 2
S 65104619 246 100545 2
S 65115619 246 100544 2
S 65126618 246 100543 2
S 65137617 246 100548 2
S 65148617 246 100549 2
S 65159616 246 100546 2
S 65170615 246 100542 2
S 65181615 246 100542 2
S 65192614 246 100543 2
S 65203613 246 100541 2
S 65214612 246 100546 2
S 65225612 246 100542 2
S 65236611 246 100543 2
S 65247610 246 100541 2
S 65258610 246 100545 2
S 65269609 246 100543 2
S 65280608 246 100542 2
S 65291608 246 100544 2
S 65302607 246 100546 2
S 65313606 246 100546 2
S 65324606 246 100549 2
S 65335605 246 100543 2
S 65346604 246 100544 2
S 65357604 246 100541 2
S 65368603 246 100540 2
S 65379602 246 100540 2
S 65390601 246 100545 2
S 65401601 246 100543 2
S 65412600 246 100543 2
S 65423599 246 100540 2
S 65434599 246 100541 2
S 65445598 246 100542 2
S 65456597 246 100541 2
S 65467597 246 100544 2
S 65483596 246 100548 2
S 65494595 246 100548 2
S 65505594 246 100547 2
S 65516594 246 100554 2
S 65527593 246 100547 2
S 65538592 246 100546 2
S 65549592 246 100547 2
S 65560591 246 100555 2
S 65571590 246 100552 2
S 65582589 246 100547 2
S 65593589 246 100546 2
S 65604588 246 100549 2
S 65615587 246 100548 2
S 65626587 246 100549 2
S 65637586 246 100546 2
S 65648585 246 100551 2
S 65659585 246 100543 2
S 65670584 246 100547 2
S 65681583 246 100546 2
S 65692583 246 100547 2
S 65703582 246 100549 2
S 65714581 246 100551 2
S 65725581 246 100548 2
S 65736580 246 100547 2
S 65747579 246 100547 2
S 65758578 246 100549 2
S 65769578 246 100549 2
S 65780577 246 100546 2
S 65791576 246 100549 2
S 65802576 246 100549 2
S 65813575 246 100552 2
S 65824574 246 100546 2
S 65835574 246 100550 2
S 65846573 246 100546 2
S 65857572 246 100552 2
S 65868572 246 100545 2
S 65879571 246 100549 2
S 65890570 246 100550 2
S 65901570 246 100548 2
S 65912569 246 100546 2
S 65923568 246 100546 2
S 65934567 246 100548 2
S 65945567 246 100549 2
S 65956566 246 100547 2
S 65967565 246 100547 2
S 65978565 246 100549 2
S 65989564 246 100550 2
S 66000562 246 100550 2
S 66011563 246 100549 2
S 66022562 246 100553 2
S 66033561 246 100552 2
S 66044561 246 100553 2
S 66055560 246 100549 2
S 66066559 246 100552 2
S 66077559 246 100550 2
S 66088558 246 100547 2
S 66099557 246 100550 2
S 66110556 246 100548 2
S 66121556 246 100556 2
S 66132555 246 100552 2
S 66143554 246 100553 2
S 66154554 246 100550 2
S 66165553 246 100552 2
S 66176552 246 100554 2
S 66187552 246 100553 2
S 66198551 246 100557 2
S 66209550 246 100553 2
S 66220550 246 100548 2
S 66231549 246 100555 2
S 66242548 246 100552 2
S 66253548 246 100555 2
S 66264547 246 100552 2
S 66275546 246 100549 2
S 66286545 246 100549 2
S 66297545 246 100553 2
S 66308544 246 100549 2
S 66319543 246 100550 2
S 66330543 246 100550 2
S 66341542 246 100545 2
S 66352541 246 100551 2
S 66363541 246 100548 2
S 66374540 246 100546 2
S 66385539 246 100551 2
S 66396539 246 100548 2
S 66407538 246 100547 2
S 66418537 246 100549 2
S 66429537 246 100546 2
S 66440536 246 100546 2
S 66451535 246 100549 2
S 66462534 246 100547 2
S 66473534 246 100546 2
S 66489533 246 100543 2
S 66500532 246 100546 2
S 66511531 246 100545 2
S 66522531 246 100548 2
S 66533530 246 100549 2
S 66544529 246 100545 2
S 66555529 246 100545 2
S 66566528 246 100544 2
S 66577527 246 100541 2
S 66588527 246 100538 2
S 66599526 246 100544 2
S 66610525 246 100543 2
S 66621525 246 100541 2
S 66632524 246 100542 2
S 66643523 246 100540 2
S 66654522 246 100543 2
S 66665522 246 100549 2
S 66676521 246 100550 2
S 66687520 246 100548 2
S 66698520 246 100543 2
S 66709519 246 100546 2
S 66720518 246 100541 2
S 66731518 246 100541 2
S 66742517 246 100545 2
S 66753516 246 100546 2
S 66764516 246 100549 2
S 66775515 246 100544 2
S 66786514 246 100546 2
S 66797514 246 100543 2
S 66808513 246 100537 2
S 66819512 246 100544 2
S 66830511 246 100546 2
S 66841511 246 100546 2
S 66852510 246 100544 2
S 66863509 246 100545 2
S 66874509 246 100543 2
S 66885508 246 100541 2
S 66896507 246 100544 2
S 66907507 246 100540 2
S 66918506 246 100542 2
S 66929505 246 100541 2
S 66940505 246 100545 2
S 66951504 246 100542 2
S 66962503 246 100548 2
S 66973503 246 100548 2
S 66984502 246 100549 2
S 66995501 246 100552 2
S 67006500 246 100549 2
S 67017500 246 100546 2
S 67028499 246 100544 2
S 67039498 246 100546 2
S 67050498 246 100545 2
S 67061497 246 100542 2
S 67072496 246 100546 2
S 67083496 246 100543 2
S 67094495 246 100543 2
S 67105494 246 100544 2
S 67116494 246 100546 2
S 67127493 246 100544 2
S 67138492 246 100542 2
S 67149492 246 100548 2
S 67160491 246 100549 2
S 67171490 246 100547 2
S 67182489 246 100543 2
S 67193489 246 100550 2
S 67204488 246 100549 2
S 67215487 246 100544 2
S 67226487 246 100545 2
S 67237486 246 100550 2
S 67248485 246 100546 2
S 67259485 246 100543 2
S 67270484 246 100545 2
S 67281483 246 100546 2
S 67292483 246 100545 2
S 67303482 246 100543 2
S 67314481 246 100549 2
S 67325481 246 100545 2
S 67336480 246 100546 2
S 67347479 246 100547 2
S 67358478 246 100546 2
S 67369478 246 100544 2
S 67380477 246 100543 2
S 67391476 246 100547 2
S 67402476 246 100546 2
S 67413475 246 100545 2
S 67424474 246 100542 2
S 67435474 246 100542 2
S 67446473 246 100542 2
S 67457472 246 100548 2
S 67468472 246 100546 2
S 67479471 246 100549 2
S 67495470 246 100555 2
S 67506469 246 100549 2
S 67517469 246 100549 2
S 67528468 246 100551 2
S 67539467 246 100551 2
S 67550466 246 100549 2
S 67561466 246 100545 2
S 67572465 246 100546 2
S 67583464 246 100551 2
S 67594464 246 100552 2
S 67605463 246 100548 2
S 67616462 246 100550 2
S 67627462 246 100553 2
S 67638461 246 100553 2
S 67649460 246 100547 2
S 67660460 246 100549 2
S 67671459 246 100547 2
S 67682458 246 100550 2
S 67693458 246 100549 2
S 67704457 246 100548 2
S 67715456 246 100551 2
S 67726455 246 100549 2
S 67737455 246 100547 2
S 67748454 246 100552 2
S 67759453 246 100549 2
S 67770453 246 100548 2
S 67781452 246 100548 2
S 67792451 246 100548 2
S 67803451 246 100548 2
S 67814450 246 100555 2
S 67825449 246 100552 2
S 67836449 246 100553 2
S 67847448 246 100549 2
S 67858447 246 100546 2
S 67869447 246 100546 2
S 67880446 246 100547 2
S 67891445 246 100547 2
S 67902444 246 100549 2
S 67913444 246 100549 2
S 67924443 246 100549 2
S 67935442 246 100547 2
S 67946442 246 100547 2
S 67957441 246 100548 2
S 67968440 246 100546 2
S 67979440 246 100549 2
S 67990439 246 100547 2
S 68001439 246 100545 2
S 68012438 246 100546 2
S 68023437 246 100549 2
S 68034436 246 100549 2
S 68045436 246 100552 2
S 68056435 246 100552 2
S 68067434 246 100548 2
S 68078433 246 100552 2
S 68089433 246 100546 2
S 68100432 246 100550 2
S 68111431 246 100547 2
S 68122431 246 100549 2
S 68133430 246 100549 2
S 68144429 246 100547 2
S 68155429 246 100549 2
S 68166428 246 100548 2
S 68177427 246 100548 2
S 68188427 246 100549 2
S 68199426 246 100548 2
S 68210425 246 100553 2
S 68221425 246 100551 2
S 68232424 246 100552 2
S 68243423 246 100553 2
S 68254422 246 100555 2
S 68265422 246 100555 2
S 68276421 246 100548 2
S 68287420 246 100546 2
S 68298420 246 100549 2
S 68309419 246 100546 2
S 68320418 246 100549 2
S 68331418 246 100551 2
S 68342417 246 100546 2
S 68353416 246 100547 2
S 68364416 246 100549 2
S 68375415 246 100555 2
S 68386414 246 100548 2
S 68397414 246 100549 2
S 68408413 246 100552 2
S 68419412 246 100552 2
S 68430411 246 100553 2
S 68441411 246 100552 2
S 68452410 246 100552 2
S 68463409 246 100549 2
S 68474409 246 100548 2
S 68485408 246 100549 2
S 68501407 246 100552 2
S 68512406 246 100546 2
S 68523406 246 100547 2
S 68534405 246 100550 2
S 68545404 246 100549 2
S 68556404 246 100544 2
S 68567403 246 100547 2
S 68578402 246 100544 2
S 68589402 246 100543 2
S 68600401 246 100549 2
S 68611400 246 100552 2
S 68622399 246 100549 2
S 68633399 246 100548 2
S 68644398 246 100548 2
S 68655397 246 100548 2
S 68666397 246 100547 2
S 68677396 246 100547 2
S 68688395 246 100548 2
S 68699395 246 100547 2
S 68710394 246 100549 2
S 68721393 246 100548 2
S 68732393 246 100549 2
S 68743392 246 100549 2
S 68754391 246 100543 2
S 68765391 246 100552 2
S 68776390 246 100549 2
S 68787389 246 100557 2
S 68798388 246 100551 2
S 68809388 246 100546 2
S 68820387 246 100551 2
S 68831386 246 100547 2
S 68842386 246 100549 2
S 68853385 246 100545 2
S 68864384 246 100544 2
S 68875384 246 100549 2
S 68886383 246 100543 2
S 68897382 246 100546 2
S 68908382 246 100549 2
S 68919381 246 100549 2
S 68930380 246 100546 2
S 68941380 246 100548 2
S 68952379 246 100546 2
S 68963378 246 100549 2
S 68974377 246 100546 2
S 68985377 246 100549 2
S 68996376 246 100550 2
S 69007375 246 100549 2
S 69018375 246 100549 2
S 69029374 246 100549 2
S 69040373 246 100545 2
S 69051373 246 100543 2
S 69062372 246 100546 2
S 69073371 246 100544 2
S 69084371 246 100544 2
S 69095370 246 100543 2
S 69106369 246 100547 2
S 69117369 246 100546 2
S 69128368 246 100544 2
S 69139367 246 100545 2
S 69150366 246 100541 2
S 69161366 246 100543 2
S 69172365 246 100544 2
S 69183364 246 100540 2
S 69194364 246 100545 2
S 69205363 246 100543 2
S 69216362 246 100538 2
S 69227362 246 100540 2
S 69238361 246 100545 2
S 69249360 246 100542 2
S 69260360 246 100546 2
S 69271359 246 100543 2
S 69282358 246 100541 2
S 69293358 246 100544 2
S 69304357 246 100547 2
S 69315356 246 100546 2
S 69326355 246 100547 2
S 69337355 246 100551 2
S 69348354 246 100549 2
S 69359353 246 100549 2
S 69370353 246 100549 2
S 69381352 246 100546 2
S 69392351 246 100549 2
S 69403351 246 100546 2
S 69414350 246 100549 2
S 69425349 246 100544 2
S 69436349 246 100550 2
S 69447348 246 100550 2
S 69458347 246 100552 2
S 69469347 246 100553 2
S 69480346 246 100547 2
S 69491345 246 100555 2
S 69507344 246 100558 2
S 69518343 246 100554 2
S 69529343 246 100557 2
S 69540342 246 100552 2
S 69551341 246 100552 2
S 69562341 246 100553 2
S 69573340 246 100552 2
S 69584339 246 100551 2
S 69595339 246 100555 2
S 69606338 246 100552 2
S 69617337 246 100553 2
S 69628337 246 100550 2
S 69639336 246 100551 2
S 69650335 246 100550 2
S 69661335 246 100552 2
S 69672334 246 100553 2
S 69683333 246 100556 2
S 69694332 246 100552 2
S 69705332 246 100552 2
S 69716331 246 100550 2
S 69727330 246 100547 2
S 69738330 246 100549 2
S 69749329 246 100549 2
S 69760328 246 100551 2
S 69771328 246 100549 2
S 69782327 246 100552 2
S 69793326 246 100553 2
S 69804326 246 100549 2
S 69815325 246 100553 2
S 69826324 246 100554 2
S 69837324 246 100550 2
S 69848323 246 100551 2
S 69859322 246 100550 2
S 69870321 246 100552 2
S 69881321 246 100553 2
S 69892320 246 100548 2
S 69903319 246 100551 2
S 69914319 246 100549 2
S 69925318 246 100551 2
S 69936317 246 100551 2
S 69947317 246 100546 2
S 69958316 246 100551 2
S 69969315 246 100551 2
S 69980315 246 100552 2
S 69991314 246 100548 2
S 70002313 246 100546 2
S 70013313 246 100545 2
S 70024312 246 100547 2
S 70035311 246 100541 2
S 70046310 246 100542 2
S 70057310 246 100547 2
S 70068309 246 100548 2
S 70079308 246 100547 2
S 70090308 246 100546 2
S 70101307 246 100546 2
S 70112306 246 100546 2
S 70123306 246 100542 2
S 70134305 246 100546 2
S 70145304 246 100549 2
S 70156304 246 100541 2
S 70167303 246 100543 2
S 70178302 246 100543 2
S 70189302 246 100544 2
S 70200301 246 100542 2
S 70211300 246 100546 2
S 70222299 246 100545 2
S 70233299 246 100545 2
S 70244298 246 100547 2
S 70255297 246 100547 2
S 70266297 246 100552 2
S 70277296 246 100552 2
S 70288295 246 100552 2
S 70299295 246 100552 2
S 70310294 246 100549 2
S 70321293 246 100546 2
S 70332293 246 100545 2
S 70343292 246 100544 2
S 70354291 246 100544 2
S 70365291 246 100547 2
S 70376290 246 100552 2
S 70387289 246 100554 2
S 70398288 246 100547 2
S 70409288 246 100544 2
S 70420287 246 100555 2
S 70431286 246 100548 2
S 70442286 246 100546 2
S 70453285 246 100549 2
S 70464284 246 100553 2
S 70475284 246 100555 2
S 70486283 246 100548 2
S 70497282 246 100554 2
S 70513281 246 100550 2
S 70524281 246 100552 2
S 70535280 246 100550 2
S 70546279 246 100552 2
S 70557279 246 100549 2
S 70568278 246 100548 2
S 70579277 246 100546 2
S 70590276 246 100547 2
S 70601276 246 100552 2
S 70612275 246 100552 2
S 70623274 246 100552 2
S 70634274 246 100552 2
S 70645273 246 100547 2
S 70656272 246 100552 2
S 70667272 246 100552 2
S 70678271 246 100555 2
S 70689270 246 100553 2
S 70700270 246 100543 2
S 70711269 246 100545 2
S 70722268 246 100546 2
S 70733268 246 100551 2
S 70744267 246 100549 2
S 70755266 246 100548 2
S 70766265 246 100554 2
S 70777265 246 100549 2
S 70788264 246 100549 2
S 70799263 246 100547 2
S 70810263 246 100547 2
S 70821262 246 100550 2
S 70832261 246 100550 2
S 70843261 246 100552 2
S 70854260 246 100551 2
S 70865259 246 100550 2
S 70876259 246 100549 2
S 70887258 246 100548 2
S 70898257 246 100549 2
S 70909257 246 100553 2
S 70920256 246 100550 2
S 70931255 246 100546 2
S 70942254 246 100546 2
S 70953254 246 100548 2
S 70964253 246 100549 2
S 70975252 246 100551 2
S 70986252 246 100545 2
S 70997251 246 100546 2
S 71008250 246 100543 2
S 71019250 246 100547 2
S 71030249 246 100545 2
S 71041248 246 100549 2
S 71052248 246 100546 2
S 71063247 246 100544 2
S 71074246 246 100542 2
S 71085246 246 100545 2
S 71096245 246 100546 2
S 71107244 246 100549 2
S 71118243 246 100540 2
S 71129243 246 100547 2
S 71140242 246 100546 2
S 71151241 246 100546 2
S 71162241 246 100548 2
S 71173240 246 100547 2
S 71184239 246 100546 2
S 71195239 246 100549 2
S 71206238 246 100547 2
S 71217237 246 100547 2
S 71228237 246 100546 2
S 71239236 246 100544 2
S 71250235 246 100545 2
S 71261235 246 100549 2
S 71272234 246 100542 2
S 71283233 246 100542 2
S 71294232 246 100543 2
S 71305232 246 100542 2
S 71316231 246 100546 2
S 71327230 246 100545 2
S 71338230 246 100547 2
S 71349229 246 100543 2
S 71360228 246 100549 2
S 71371228 246 100549 2
S 71382227 246 100550 2
S 71393226 246 100547 2
S 71404226 246 100545 2
S 71415225 246 100543 2
S 71426224 246 100546 2
S 71437224 246 100541 2
S 71448223 246 100547 2
S 71459222 246 100544 2
S 71470221 246 100547 2
S 71481221 246 100546 2
S 71492220 246 100547 2
S 71503219 246 100547 2
S 71519218 246 100548 2
S 71530218 246 100547 2
S 71541217 246 100546 2
S 71552216 246 100550 2
S 71563216 246 100552 2
S 71574215 246 100549 2
S 71585214 246 100549 2
S 71596214 246 100547 2
S 71607213 246 100545 2
S 71618212 246 100545 2
S 71629212 246 100546 2
S 71640211 246 100543 2
S 71651210 246 100549 2
S 71662209 246 100548 2
S 71673209 246 100549 2
S 71684208 246 100542 2
S 71695207 246 100547 2
S 71706207 246 100551 2
S 71717206 246 100549 2
S 71728205 246 100546 2
S 71739205 246 100550 2
S 71750204 246 100543 2
S 71761203 246 100550 2
S 71772203 246 100550 2
S 71783202 246 100550 2
S 71794201 246 100552 2
S 71805201 246 100550 2
S 71816200 246 100551 2
S 71827199 246 100551 2
S 71838198 246 100552 2
S 71849198 246 100547 2
S 71860197 246 100549 2
S 71871196 246 100546 2
S 71882196 246 100552 2
S 71893195 246 100551 2
S 71904194 246 100551 2
S 71915194 246 100546 2
S 71926193 246 100552 2
S 71937192 246 100555 2
S 71948192 246 100554 2
S 71959191 246 100551 2
S 71970190 246 100550 2
S 71981190 246 100544 2
S 71992189 246 100544 2
S 72003188 246 100548 2
S 72014187 246 100547 2
S 72025187 246 100551 2
S 72036186 246 100543 2
S 72047185 246 100545 2
S 72058185 246 100545 2
S 72069184 246 100546 2
S 72080183 246 100549 2
S 72091183 246 100550 2
S 72102182 246 100546 2
S 72113181 246 100546 2
S 72124181 246 100544 2
S 72135180 246 100547 2
S 72146179 246 100550 2
S 72157179 246 100543 2
S 72168178 246 100549 2
S 72179177 246 100545 2
S 72190176 246 100545 2
S 72201176 246 100553 2
S 72212175 246 100547 2
S 72223174 246 100546 2
S 72234174 246 100541 2
S 72245173 246 100546 2
S 72256172 246 100551 2
S 72267172 246 100548 2
S 72278171 246 100551 2
S 72289170 246 100549 2
S 72300170 246 100548 2
S 72311169 246 100545 2
S 72322168 246 100541 2
S 72333168 246 100545 2
S 72344167 246 100546 2
S 72355166 246 100546 2
S 72366165 246 100547 2
S 72377165 246 100545 2
S 72388164 246 100547 2
S 72399163 246 100543 2
S 72410163 246 100545 2
S 72421162 246 100545 2
S 72432161 246 100546 2
S 72443161 246 100543 2
S 72454160 246 100546 2
S 72465159 246 100545 2
S 72476159 246 100546 2
S 72487158 246 100546 2
S 72498157 246 100549 2
S 72509157 246 100546 2
S 72525156 246 100549 2
S 72536155 246 100546 2
S 72547154 246 100546 2
S 72558153 246 100550 2
S 72569153 246 100547 2
S 72580152 246 100551 2
S 72591151 246 100544 2
S 72602151 246 100543 2
S 72613150 246 100546 2
S 72624149 246 100549 2
S 72635149 246 100550 2
S 72646148 246 100544 2
S 72657147 246 100544 2
S 72668147 246 100545 2
S 72679146 246 100551 2
S 72690145 246 100550 2
S 72701145 246 100545 2
S 72712144 246 100546 2
S 72723143 246 100547 2
S 72734142 246 100552 2
S 72745142 246 100549 2
S 72756141 246 100544 2
S 72767140 246 100547 2
S 72778140 246 100543 2
S 72789139 246 100543 2
S 72800138 246 100546 2
S 72811138 246 100546 2
S 72822137 246 100546 2
S 72833136 246 100545 2
S 72844136 246 100542 2
S 72855135 246 100543 2
S 72866134 246 100543 2
S 72877134 246 100545 2
S 72888133 246 100545 2
S 72899132 246 100543 2
S 72910131 246 100548 2
S 72921131 246 100549 2
S 72932130 246 100544 2
S 72943129 246 100543 2
S 72954129 246 100548 2
S 72965128 246 100543 2
S 72976127 246 100545 2
S 72987127 246 100546 2
S 72998126 246 100549 2
S 73009125 246 100542 2
S 73020125 246 100546 2
S 73031124 246 100552 2
S 73042123 246 100546 2
S 73053123 246 100546 2
S 73064122 246 100544 2
S 73075121 246 100542 2
S 73086120 246 100546 2
S 73097120 246 100545 2
S 73108119 246 100544 2
S 73119118 246 100547 2
S 73130118 246 100547 2
S 73141117 246 100546 2
S 73152116 246 100549 2
S 73163116 246 100541 2
S 73174115 246 100546 2
S 73185114 246 100543 2
S 73196114 246 100541 2
S 73207113 246 100547 2
S 73218112 246 100546 2
S 73229112 246 100544 2
S 73240111 246 100546 2
S 73251110 246 100551 2
S 73262109 246 100549 2
S 73273109 246 100545 2
S 73284108 246 100546 2
S 73295107 246 100541 2
S 73306107 246 100543 2
S 73317106 246 100548 2
S 73328105 246 100543 2
S 73339105 246 100545 2
S 73350104 246 100545 2
S 73361103 246 100544 2
S 73372103 246 100543 2
S 73383102 246 100549 2
S 73394101 246 100546 2
S 73405101 246 100546 2
S 73416100 246 100548 2
S 73427099 246 100543 2
S 73438098 246 100544 2
S 73449098 246 100546 2
S 73460097 246 100543 2
S 73471096 246 100551 2
S 73482096 246 100549 2
S 73493095 246 100549 2
S 73504094 246 100551 2
S 73515094 246 100548 2
S 73531093 246 100545 2
S 73542092 246 100548 2
S 73553091 246 100546 2
S 73564091 246 100543 2
S 73575090 246 100545 2
S 73586089 246 100544 2
S 73597089 246 100546 2
S 73608088 246 100547 2
S 73619087 246 100549 2
S 73630086 246 100543 2
S 73641086 246 100547 2
S 73652085 246 100549 2
S 73663084 246 100546 2
S 73674084 246 100543 2
S 73685083 246 100546 2
S 73696082 246 100546 2
S 73707082 246 100546 2
S 73718081 246 100549 2
S 73729080 246 100548 2
S 73740080 246 100546 2
S 73751079 246 100548 2
S 73762078 246 100547 2
S 73773078 246 100548 2
S 73784077 246 100549 2
S 73795076 246 100554 2
S 73806075 246 100549 2
S 73817075 246 100549 2
S 73828074 246 100550 2
S 73839073 246 100550 2
S 73850073 246 100549 2
S 73861072 246 100547 2
S 73872071 246 100546 2
S 73883071 246 100543 2
S 73894070 246 100545 2
S 73905069 246 100546 2
S 73916069 246 100546 2
S 73927068 246 100548 2
S 73938067 246 100548 2
S 73949067 246 100548 2
S 73960066 246 100545 2
S 73971065 246 100548 2
S 73982064 246 100549 2
S 73993064 246 100549 2
S 74004063 246 100549 2
S 74015062 246 100548 2
S 74026062 246 100549 2
S 74037061 246 100548 2
S 74048060 246 100550 2
S 74059060 246 100547 2
S 74070059 246 100549 2
S 74081058 246 100552 2
S 74092058 246 100547 2
S 74103057 246 100551 2
S 74114056 246 100550 2
S 74125056 246 100547 2
S 74136055 246 100548 2
S 74147054 246 100542 2
S 74158053 246 100549 2
S 74169053 246 100542 2
S 74180052 246 100541 2
S 74191051 246 100543 2
S 74202051 246 100548 2
S 74213050 246 100548 2
S 74224049 246 100549 2
S 74235049 246 100544 2
S 74246048 246 100544 2
S 74257047 246 100546 2
S 74268047 246 100545 2
S 74279046 246 100542 2
S 74290045 246 100541 2
S 74301045 246 100545 2
S 74312044 246 100550 2
S 74323043 246 100546 2
S 74334042 246 100546 2
S 74345042 246 100546 2
S 74356041 246 100547 2
S 74367040 246 100549 2
S 74378040 246 100546 2
S 74389039 246 100549 2
S 74400038 246 100546 2
S 74411038 246 100543 2
S 74422037 246 100541 2
S 74433036 246 100548 2
S 74444036 246 100548 2
S 74455035 246 100546 2
S 74466034 246 100545 2
S 74477034 246 100548 2
S 74488033 246 100546 2
S 74499032 246 100542 2
S 74510031 246 100545 2
S 74521031 246 100543 2
S 74537030 246 100543 2
S 74548029 246 100546 2
S 74559028 246 100544 2
S 74570028 246 100550 2
S 74581027 246 100549 2
S 74592026 246 100548 2
S 74603026 246 100546 2
S 74614025 246 100546 2
S 74625024 246 100548 2
S 74636024 246 100551 2
S 74647023 246 100549 2
S 74658022 246 100549 2
S 74669022 246 100548 2
S 74680021 246 100549 2
S 74691020 246 100548 2
S 74702019 246 100549 2
S 74713019 246 100548 2
S 74724018 246 100549 2
S 74735017 246 100548 2
S 74746017 246 100552 2
S 74757016 246 100550 2
S 74768015 246 100549 2
S 74779015 246 100550 2
S 74790014 246 100546 2
S 74801013 246 100548 2
S 74812013 246 100549 2
S 74823012 246 100543 2
S 74834011 246 100542 2
S 74845011 246 100545 2
S 74856010 246 100546 2
S 74867009 246 100549 2
S 74878008 246 100551 2
S 74889008 246 100544 2
S 74900007 246 100549 2
S 74911006 246 100542 2
S 74922006 246 100542 2
S 74933005 246 100545 2
S 74944004 246 100545 2
S 74955004 246 100548 2
S 74966003 246 100547 2
S 74977002 246 100549 2
S 74988002 246 100550 2
S 74999001 246 100551 2
S 75010000 246 100544 2
S 75021000 246 100549 2
S 75031999 246 100546 2
S 75042998 246 100547 2
S 75053997 246 100542 2
S 75064997 246 100539 2
S 75075996 246 100541 2
S 75086995 246 100551 2
S 75097995 246 100541 2
S 75108994 246 100545 2
S 75119993 246 100551 2
S 75130993 246 100548 2
S 75141992 246 100551 2
S 75152991 246 100552 2
S 75163991 246 100552 2
S 75174990 246 100552 2
S 75185989 246 100543 2
S 75196989 246 100546 2
S 75207988 246 100546 2
S 75218987 246 100549 2
S 75229986 246 100546 2
S 75240986 246 100549 2
S 75251985 246 100545 2
S 75262984 246 100545 2
S 75273984 246 100546 2
S 75284983 246 100546 2
S 75295982 246 100541 2
S 75306982 246 100541 2
S 75317981 246 100541 2
S 75328980 246 100542 2
S 75339980 246 100544 2
S 75350979 246 100540 2
S 75361978 246 100542 2
S 75372978 246 100543 2
S 75383977 246 100550 2
S 75394976 246 100541 2
S 75405975 246 100544 2
S 75416975 246 100547 2
S 75427974 246 100545 2
S 75438973 246 100543 2
S 75449973 246 100545 2
S 75460972 246 100548 2
S 75471971 246 100547 2
S 75482971 246 100545 2
S 75493970 246 100554 2
S 75504969 246 100552 2
S 75515969 246 100548 2
S 75526968 246 100546 2
S 75542967 246 100549 2
S 75553966 246 100555 2
S 75564966 246 100549 2
S 75575965 246 100548 2
S 75586964 246 100549 2
S 75597963 246 100550 2
S 75608963 246 100549 2
S 75619962 246 100553 2
S 75630961 246 100548 2
S 75641961 246 100546 2
S 75652960 246 100550 2
S 75663959 246 100548 2
S 75674959 246 100546 2
S 75685958 246 100548 2
S 75696957 246 100551 2
S 75707957 246 100542 2
S 75718956 246 100545 2
S 75729955 246 100549 2
S 75740955 246 100546 2
S 75751954 246 100546 2
S 75762953 246 100549 2
S 75773952 246 100552 2
S 75784952 246 100549 2
S 75795951 246 100552 2
S 75806950 246 100549 2
S 75817950 246 100546 2
S 75828949 246 100549 2
S 75839948 246 100545 2
S 75850948 246 100546 2
S 75861947 246 100546 2
S 75872946 246 100544 2
S 75883946 246 100547 2
S 75894945 246 100544 2
S 75905944 246 100547 2
S 75916944 246 100544 2
S 75927943 246 100543 2
S 75938942 246 100547 2
S 75949941 246 100548 2
S 75960941 246 100549 2
S 75971940 246 100544 2
S 75982939 246 100546 2
S 75993939 246 100546 2
S 76004938 246 100543 2
S 76015937 246 100546 2
S 76026937 246 100545 2
S 76037936 246 100547 2
S 76048935 246 100550 2
S 76059935 246 100546 2
S 76070934 246 100549 2
S 76081933 246 100548 2
S 76092933 246 100549 2
S 76103932 246 100551 2
S 76114931 246 100554 2
S 76125930 246 100546 2
S 76136930 246 100555 2
S 76147929 246 100548 2
S 76158928 246 100546 2
S 76169928 246 100548 2
S 76180927 246 100549 2
S 76191926 246 100549 2
S 76202926 246 100546 2
S 76213925 246 100548 2
S 76224924 246 100551 2
S 76235924 246 100546 2
S 76246923 246 100546 2
S 76257922 246 100549 2
S 76268922 246 100552 2
S 76279921 246 100552 2
S 76290920 246 100551 2
S 76301919 246 100553 2
S 76312919 246 100549 2
S 76323918 246 100549 2
S 76334917 246 100546 2
S 76345917 246 100548 2
S 76356916 246 100548 2
S 76367915 246 100549 2
S 76378915 246 100549 2
S 76389914 246 100547 2
S 76400913 246 100551 2
S 76411913 246 100548 2
S 76422912 246 100553 2
S 76433911 246 100554 2
S 76444911 246 100552 2
S 76455910 246 100553 2
S 76466909 246 100549 2
S 76477908 246 100549 2
S 76488908 246 100548 2
S 76499907 246 100546 2
S 76510906 246 100549 2
S 76521906 246 100550 2
S 76532905 246 100549 2
S 76548904 246 100553 2
S 76559903 246 100551 2
S 76570903 246 100549 2
S 76581902 246 100549 2
S 76592901 246 100555 2
S 76603901 246 100550 2
S 76614900 246 100555 2
S 76625899 246 100553 2
S 76636899 246 100547 2
S 76647898 246 100548 2
S 76658897 246 100551 2
S 76669896 246 100551 2
S 76680896 246 100546 2
S 76691895 246 100553 2
S 76702894 246 100552 2
S 76713894 246 100549 2
S 76724893 246 100549 2
S 76735892 246 100550 2
S 76746892 246 100551 2
S 76757891 246 100549 2
S 76768890 246 100550 2
S 76779890 246 100550 2
S 76790889 246 100553 2
S 76801888 246 100555 2
S 76812888 246 100554 2
S 76823887 246 100552 2
S 76834886 246 100552 2
S 76845885 246 100554 2
S 76856885 246 100550 2
S 76867884 246 100552 2
S 76878883 246 100552 2
S 76889883 246 100556 2
S 76900882 246 100552 2
S 76911881 246 100555 2
S 76922881 246 100553 2
S 76933880 246 100555 2
S 76944879 246 100555 2
S 76955879 246 100550 2
S 76966878 246 100549 2
S 76977877 246 100552 2
S 76988877 246 100547 2
S 76999876 246 100549 2
S 77010875 246 100549 2
S 77021874 246 100557 2
S 77032874 246 100555 2
S 77043873 246 100552 2
S 77054872 246 100551 2
S 77065872 246 100555 2
S 77076871 246 100548 2
S 77087870 246 100546 2
S 77098870 246 100551 2
S 77109869 246 100550 2
S 77120868 246 100551 2
S 77131868 246 100554 2
S 77142867 246 100557 2
S 77153866 246 100554 2
S 77164866 246 100551 2
S 77175865 246 100551 2
S 77186864 246 100547 2
S 77197863 246 100546 2
S 77208863 246 100550 2
S 77219862 246 100554 2
S 77230861 246 100550 2
S 77241861 246 100553 2
S 77252860 246 100553 2
S 77263859 246 100554 2
S 77274859 246 100553 2
S 77285858 246 100552 2
S 77296857 246 100553 2
S 77307857 246 100554 2
S 77318856 246 100552 2
S 77329855 246 100551 2
S 77340855 246 100552 2
S 77351854 246 100549 2
S 77362853 246 100554 2
S 77373852 246 100551 2
S 77384852 246 100553 2
S 77395851 246 100552 2
S 77406850 246 100553 2
S 77417850 246 100552 2
S 77428849 246 100552 2
S 77439848 246 100551 2
S 77450848 246 100556 2
S 77461847 246 100554 2
S 77472846 246 100552 2
S 77483846 246 100556 2
S 77494845 246 100555 2
S 77505844 246 100556 2
S 77516844 246 100553 2
S 77527843 246 100555 2
S 77538842 246 100552 2
S 77554841 246 100558 2
S 77565840 246 100555 2
S 77576840 246 100556 2
S 77587839 246 100553 2
S 77598838 246 100552 2
S 77609838 246 100555 2
S 77620837 246 100560 2
S 77631836 246 100558 2
S 77642836 246 100557 2
S 77653835 246 100555 2
S 77664834 246 100554 2
S 77675834 246 100554 2
S 77686833 246 100552 2
S 77697832 246 100557 2
S 77708832 246 100554 2
S 77719831 246 100555 2
S 77730830 246 100552 2
S 77741829 246 100551 2
S 77752829 246 100549 2
S 77763828 246 100555 2
S 77774827 246 100552 2
S 77785827 246 100552 2
S 77796826 246 100552 2
S 77807825 246 100548 2
S 77818825 246 100552 2
S 77829824 246 100554 2
S 77840823 246 100555 2
S 77851823 246 100554 2
S 77862822 246 100551 2
S 77873821 246 100554 2
S 77884821 246 100553 2
S 77895820 246 100556 2
S 77906819 246 100552 2
S 77917818 246 100548 2
S 77928818 246 100557 2
S 77939817 246 100552 2
S 77950816 246 100556 2
S 77961816 246 100555 2
S 77972815 246 100556 2
S 77983814 246 100552 2
S 77994814 246 100549 2
S 78005813 246 100549 2
S 78016812 246 100548 2
S 78027812 246 100546 2
S 78038811 246 100550 2
S 78049810 246 100548 2
S 78060810 246 100551 2
S 78071809 246 100549 2
S 78082808 246 100550 2
S 78093807 246 100550 2
S 78104807 246 100548 2
S 78115806 246 100549 2
S 78126805 246 100551 2
S 78137805 246 100548 2
S 78148804 246 100553 2
S 78159803 246 100549 2
S 78170803 246 100549 2
S 78181802 246 100554 2
S 78192801 246 100553 2
S 78203801 246 100550 2
S 78214800 246 100546 2
S 78225799 246 100552 2
S 78236799 246 100546 2
S 78247798 246 100553 2
S 78258797 246 100552 2
S 78269796 246 100549 2
S 78280796 246 100550 2
S 78291795 246 100552 2
S 78302794 246 100550 2
S 78313794 246 100552 2
S 78324793 246 100547 2
S 78335792 246 100549 2
S 78346792 246 100552 2
S 78357791 246 100550 2
S 78368790 246 100549 2
S 78379790 246 100545 2
S 78390789 246 100548 2
S 78401788 246 100549 2
S 78412788 246 100550 2
S 78423787 246 100553 2
S 78434786 246 100552 2
S 78445785 246 100549 2
S 78456785 246 100553 2
S 78467784 246 100550 2
S 78478783 246 100552 2
S 78489783 246 100549 2
S 78500782 246 100553 2
S 78511781 246 100549 2
S 78522781 246 100550 2
S 78533780 246 100552 2
S 78544779 246 100555 2
S 78560778 246 100554 2
S 78571778 246 100555 2
S 78582777 246 100549 2
S 78593776 246 100554 2
S 78604776 246 100547 2
S 78615775 246 100551 2
S 78626774 246 100553 2
S 78637773 246 100554 2
S 78648773 246 100552 2
S 78659772 246 100555 2
S 78670771 246 100553 2
S 78681771 246 100549 2
S 78692770 246 100546 2
S 78703769 246 100549 2
S 78714769 246 100547 2
S 78725768 246 100549 2
S 78736767 246 100549 2
S 78747767 246 100551 2
S 78758766 246 100547 2
S 78769765 246 100548 2
S 78780765 246 100549 2
S 78791764 246 100546 2
S 78802763 246 100546 2
S 78813762 246 100547 2
S 78824762 246 100548 2
S 78835761 246 100549 2
S 78846760 246 100548 2
S 78857760 246 100550 2
S 78868759 246 100548 2
S 78879758 246 100544 2
S 78890758 246 100551 2
S 78901757 246 100546 2
S 78912756 246 100546 2
S 78923756 246 100546 2
S 78934755 246 100548 2
S 78945754 246 100549 2
S 78956754 246 100548 2
S 78967753 246 100549 2
S 78978752 246 100552 2
S 78989751 246 100547 2
S 79000749 246 100552 2
S 79011750 246 100555 2
S 79022749 246 100551 2
S 79033749 246 100552 2
S 79044748 246 100553 2
S 79055747 246 100554 2
S 79066747 246 100549 2
S 79077746 246 100552 2
S 79088745 246 100552 2
S 79099745 246 100553 2
S 79110744 246 100555 2
S 79121743 246 100552 2
S 79132743 246 100554 2
S 79143742 246 100553 2
S 79154741 246 100553 2
S 79165740 246 100554 2
S 79176740 246 100550 2
S 79187739 246 100555 2
S 79198738 246 100550 2
S 79209738 246 100551 2
S 79220737 246 100547 2
S 79231736 246 100549 2
S 79242736 246 100546 2
S 79253735 246 100554 2
S 79264734 246 100549 2
S 79275734 246 100552 2
S 79286733 246 100553 2
S 79297732 246 100547 2
S 79308732 246 100549 2
S 79319731 246 100552 2
S 79330730 246 100549 2
S 79341729 246 100549 2
S 79352729 246 100549 2
S 79363728 246 100546 2
S 79374727 246 100549 2
S 79385727 246 100549 2
S 79396726 246 100550 2
S 79407725 246 100549 2
S 79418725 246 100548 2
S 79429724 246 100549 2
S 79440723 246 100548 2
S 79451723 246 100549 2
S 79462722 246 100553 2
S 79473721 246 100550 2
S 79484721 246 100551 2
S 79495720 246 100545 2
S 79506719 246 100548 2
S 79517718 246 100549 2
S 79528718 246 100546 2
S 79539717 246 100546 2
S 79550716 246 100548 2
S 79566715 246 100544 2
S 79577715 246 100549 2
S 79588714 246 100548 2
S 79599713 246 100547 2
S 79610713 246 100549 2
S 79621712 246 100548 2
S 79632711 246 100542 2
S 79643711 246 100543 2
S 79654710 246 100546 2
S 79665709 246 100551 2
S 79676709 246 100550 2
S 79687708 246 100549 2
S 79698707 246 100548 2
S 79709706 246 100548 2
S 79720706 246 100545 2
S 79731705 246 100543 2
S 79742704 246 100548 2
S 79753704 246 100546 2
S 79764703 246 100544 2
S 79775702 246 100546 2
S 79786702 246 100546 2
S 79797701 246 100546 2
S 79808700 246 100546 2
S 79819700 246 100541 2
S 79830699 246 100547 2
S 79841698 246 100547 2
S 79852698 246 100547 2
S 79863697 246 100544 2
S 79874696 246 100545 2
S 79885695 246 100541 2
S 79896695 246 100546 2
S 79907694 246 100547 2
S 79918693 246 100544 2
S 79929693 246 100540 2
S 79940692 246 100546 2
S 79951691 246 100543 2
S 79962691 246 100543 2
S 79973690 246 100539 2
S 79984689 246 100547 2
S 79995689 246 100543 2
S 80006688 246 100545 2
S 80017687 246 100541 2
S 80028687 246 100546 2
S 80039686 246 100545 2
S 80050685 246 100544 2
S 80061684 246 100546 2
S 80072684 246 100540 2
S 80083683 246 100543 2
S 80094682 246 100540 2
S 80105682 246 100538 2
S 80116681 246 100540 2
S 80127680 246 100545 2
S 80138680 246 100543 2
S 80149679 246 100543 2
S 80160678 246 100547 2
S 80171678 246 100539 2
S 80182677 246 100543 2
S 80193676 246 100546 2
S 80204676 246 100544 2
S 80215675 246 100543 2
S 80226674 246 100544 2
S 80237673 246 100546 2
S 80248673 246 100540 2
S 80259672 246 100540 2
S 80270671 246 100544 2
S 80281671 246 100540 2
S 80292670 246 100543 2
S 80303669 246 100548 2
S 80314669 246 100544 2
S 80325668 246 100540 2
S 80336667 246 100543 2
S 80347667 246 100539 2
S 80358666 246 100541 2
S 80369665 246 100540 2
S 80380665 246 100540 2
S 80391664 246 100544 2
S 80402663 246 100543 2
S 80413662 246 100548 2
S 80424662 246 100546 2
S 80435661 246 100547 2
S 80446660 246 100546 2
S 80457660 246 100543 2
S 80468659 246 100547 2
S 80479658 246 100549 2
S 80490658 246 100545 2
S 80501657 246 100546 2
S 80512656 246 100539 2
S 80523656 246 100544 2
S 80534655 246 100543 2
S 80545654 246 100540 2
S 80556654 246 100543 2
S 80572653 246 100542 2
S 80583652 246 100540 2
S 80594651 246 100539 2
S 80605650 246 100538 2
S 80616650 246 100540 2
S 80627649 246 100541 2
S 80638648 246 100536 2
S 80649648 246 100539 2
S 80660647 246 100542 2
S 80671646 246 100538 2
S 80682646 246 100538 2
S 80693645 246 100538 2
S 80704644 246 100540 2
S 80715644 246 100541 2
S 80726643 246 100539 2
S 80737642 246 100546 2
S 80748642 246 100540 2
S 80759641 246 100539 2
S 80770640 246 100541 2
S 80781639 246 100532 2
S 80792639 246 100540 2
S 80803638 246 100542 2
S 80814637 246 100537 2
S 80825637 246 100540 2
S 80836636 246 100545 2
S 80847635 246 100540 2
S 80858635 246 100542 2
S 80869634 246 100544 2
S 80880633 246 100538 2
S 80891633 246 100542 2
S 80902632 246 100540 2
S 80913631 246 100543 2
S 80924631 246 100541 2
S 80935630 246 100540 2
S 80946629 246 100539 2
S 80957628 246 100543 2
S 80968628 246 100548 2
S 80979627 246 100547 2
S 80990626 246 100543 2
S 81001627 246 100543 2
S 81012625 246 100538 2
S 81023624 246 100542 2
S 81034624 246 100540 2
S 81045623 246 100539 2
S 81056622 246 100543 2
S 81067622 246 100540 2
S 81078621 246 100541 2
S 81089620 246 100539 2
S 81100620 246 100543 2
S 81111619 246 100538 2
S 81122618 246 100537 2
S 81133617 246 100541 2
S 81144617 246 100543 2
S 81155616 246 100543 2
S 81166615 246 100542 2
S 81177615 246 100543 2
S 81188614 246 100547 2
S 81199613 246 100544 2
S 81210613 246 100549 2
S 81221612 246 100549 2
S 81232611 246 100540 2
S 81243611 246 100541 2
S 81254610 246 100539 2
S 81265609 246 100546 2
S 81276609 246 100543 2
S 81287608 246 100539 2
S 81298607 246 100546 2
S 81309606 246 100545 2
S 81320606 246 100546 2
S 81331605 246 100550 2
S 81342604 246 100552 2
S 81353604 246 100553 2
S 81364603 246 100554 2
S 81375602 246 100546 2
S 81386602 246 100545 2
S 81397601 246 100545 2
S 81408600 246 100546 2
S 81419600 246 100549 2
S 81430599 246 100543 2
S 81441598 246 100547 2
S 81452598 246 100545 2
S 81463597 246 100549 2
S 81474596 246 100549 2
S 81485595 246 100549 2
S 81496595 246 100545 2
S 81507594 246 100545 2
S 81518593 246 100543 2
S 81529593 246 100546 2
S 81540592 246 100552 2
S 81551591 246 100546 2
S 81562591 246 100546 2
S 81578590 246 100552 2
S 81589589 246 100552 2
S 81600588 246 100550 2
S 81611588 246 100547 2
S 81622587 246 100549 2
S 81633586 246 100552 2
S 81644586 246 100552 2
S 81655585 246 100549 2
S 81666584 246 100549 2
S 81677583 246 100546 2
S 81688583 246 100545 2
S 81699582 246 100549 2
S 81710581 246 100544 2
S 81721581 246 100545 2
S 81732580 246 100542 2
S 81743579 246 100546 2
S 81754579 246 100549 2
S 81765578 246 100547 2
S 81776577 246 100550 2
S 81787577 246 100543 2
S 81798576 246 100549 2
S 81809575 246 100552 2
S 81820575 246 100543 2
S 81831574 246 100545 2
S 81842573 246 100540 2
S 81853572 246 100540 2
S 81864572 246 100542 2
S 81875571 246 100549 2
S 81886570 246 100549 2
S 81897570 246 100545 2
S 81908569 246 100548 2
S 81919568 246 100548 2
S 81930568 246 100544 2
S 81941567 246 100549 2
S 81952566 246 100543 2
S 81963566 246 100546 2
S 81974565 246 100544 2
S 81985564 246 100548 2
S 81996564 246 100544 2
S 82007563 246 100546 2
S 82018562 246 100547 2
S 82029561 246 100544 2
S 82040561 246 100543 2
S 82051560 246 100546 2
S 82062559 246 100547 2
S 82073559 246 100547 2
S 82084558 246 100544 2
S 82095557 246 100545 2
S 82106557 246 100541 2
S 82117556 246 100539 2
S 82128555 246 100546 2
S 82139555 246 100545 2
S 82150554 246 100542 2
S 82161553 246 100548 2
S 82172553 246 100544 2
S 82183552 246 100546 2
S 82194551 246 100543 2
S 82205550 246 100546 2
S 82216550 246 100546 2
S 82227549 246 100547 2
S 82238548 246 100543 2
S 82249548 246 100546 2
S 82260547 246 100545 2
S 82271546 246 100542 2
S 82282546 246 100542 2
S 82293545 246 100547 2
S 82304544 246 100544 2
S 82315544 246 100538 2
S 82326543 246 100539 2
S 82337542 246 100544 2
S 82348542 246 100539 2
S 82359541 246 100543 2
S 82370540 246 100546 2
S 82381539 246 100538 2
S 82392539 246 100547 2
S 82403538 246 100543 2
S 82414537 246 100542 2
S 82425537 246 100537 2
S 82436536 246 100543 2
S 82447535 246 100546 2
S 82458535 246 100538 2
S 82469534 246 100539 2
S 82480533 246 100543 2
S 82491533 246 100542 2
S 82502532 246 100544 2
S 82513531 246 100547 2
S 82524531 246 100547 2
S 82535530 246 100550 2
S 82546529 246 100546 2
S 82557528 246 100549 2
S 82568528 246 100544 2
S 82584527 245 100540 2
S 82595526 245 100540 2
S 82606525 245 100535 2
S 82617525 245 100536 2
S 82628524 245 100540 2
S 82639523 245 100540 2
S 82650523 245 100543 2
S 82661522 245 100541 2
S 82672521 245 100536 2
S 82683521 245 100535 2
S 82694520 245 100536 2
S 82705519 245 100537 2
S 82716519 245 100537 2
S 82727518 245 100532 2
S 82738517 245 100535 2
S 82749516 245 100541 2
S 82760516 245 100544 2
S 82771515 245 100541 2
S 82782514 245 100546 2
S 82793514 245 100540 2
S 82804513 245 100533 2
S 82815512 245 100535 2
S 82826512 245 100537 2
S 82837511 245 100538 2
S 82848510 245 100537 2
S 82859510 245 100543 2
S 82870509 245 100539 2
S 82881508 245 100535 2
S 82892508 245 100537 2
S 82903507 245 100532 2
S 82914506 245 100532 2
S 82925505 245 100542 2
S 82936505 245 100539 2
S 82947504 245 100537 2
S 82958503 245 100537 2
S 82969503 245 100538 2
S 82980502 245 100535 2
S 82991501 245 100536 2
S 83002501 245 100540 2
S 83013500 245 100544 2
S 83024499 245 100540 2
S 83035499 245 100540 2
S 83046498 245 100536 2
S 83057497 245 100536 2
S 83068497 245 100535 2
S 83079496 245 100540 2
S 83090495 245 100537 2
S 83101494 245 100541 2
S 83112494 245 100540 2
S 83123493 245 100539 2
S 83134492 245 100540 2
S 83145492 245 100540 2
S 83156491 245 100543 2
S 83167490 245 100542 2
S 83178490 245 100535 2
S 83189489 245 100540 2
S 83200488 245 100541 2
S 83211488 245 100540 2
S 83222487 245 100538 2
S 83233486 245 100543 2
S 83244486 245 100545 2
S 83255485 245 100542 2
S 83266484 245 100541 2
S 83277483 245 100539 2
S 83288483 245 100540 2
S 83299482 245 100542 2
S 83310481 245 100535 2
S 83321481 245 100540 2
S 83332480 245 100538 2
S 83343479 245 100543 2
S 83354479 245 100542 2
S 83365478 245 100541 2
S 83376477 245 100542 2
S 83387477 245 100536 2
S 83398476 245 100540 2
S 83409475 245 100543 2
S 83420475 245 100537 2
S 83431474 245 100537 2
S 83442473 245 100537 2
S 83453472 245 100536 2
S 83464472 245 100540 2
S 83475471 245 100539 2
S 83486470 245 100541 2
S 83497470 245 100538 2
S 83508469 245 100540 2
S 83519468 245 100541 2
S 83530468 245 100538 2
S 83541467 245 100537 2
S 83552466 245 100541 2
S 83563466 245 100541 2
S 83574465 245 100537 2
S 83590464 245 100547 2
S 83601463 245 100549 2
S 83612463 245 100546 2
S 83623462 245 100548 2
S 83634461 245 100550 2
S 83645460 245 100546 2
S 83656460 245 100543 2
S 83667459 245 100541 2
S 83678458 245 100544 2
S 83689458 245 100548 2
S 83700457 245 100545 2
S 83711456 245 100544 2
S 83722456 245 100538 2
S 83733455 245 100543 2
S 83744454 245 100551 2
S 83755454 245 100547 2
S 83766453 245 100552 2
S 83777452 245 100553 2
S 83788452 245 100547 2
S 83799451 245 100551 2
S 83810450 245 100546 2
S 83821449 245 100548 2
S 83832449 245 100546 2
S 83843448 245 100548 2
S 83854447 245 100544 2
S 83865447 245 100544 2
S 83876446 245 100543 2
S 83887445 245 100546 2
S 83898445 245 100549 2
S 83909444 245 100549 2
S 83920443 245 100550 2
S 83931443 245 100552 2
S 83942442 245 100546 2
S 83953441 245 100548 2
S 83964441 245 100550 2
S 83975440 245 100546 2
S 83986439 245 100551 2
S 83997438 245 100551 2
S 84008438 245 100546 2
S 84019437 245 100551 2
S 84030436 245 100549 2
S 84041436 245 100548 2
S 84052435 245 100553 2
S 84063434 245 100549 2
S 84074434 245 100550 2
S 84085433 245 100554 2
S 84096432 245 100545 2
S 84107432 245 100546 2
S 84118431 245 100549 2
S 84129430 245 100550 2
S 84140430 245 100550 2
S 84151429 245 100553 2
S 84162428 245 100551 2
S 84173427 245 100552 2
S 84184427 245 100542 2
S 84195426 245 100550 2
S 84206425 245 100545 2
S 84217425 245 100550 2
S 84228424 245 100545 2
S 84239423 245 100549 2
S 84250423 245 100549 2
S 84261422 245 100549 2
S 84272421 245 100546 2
S 84283421 245 100551 2
S 84294420 245 100550 2
S 84305419 245 100550 2
S 84316419 245 100546 2
S 84327418 245 100552 2
S 84338417 245 100548 2
S 84349416 245 100549 2
S 84360416 245 100546 2
S 84371415 245 100542 2
S 84382414 245 100549 2
S 84393414 245 100546 2
S 84404413 245 100548 2
S 84415412 245 100548 2
S 84426412 245 100548 2
S 84437411 245 100550 2
S 84448410 245 100554 2
S 84459410 245 100550 2
S 84470409 245 100546 2
S 84481408 245 100546 2
S 84492408 245 100550 2
S 84503407 245 100548 2
S 84514406 245 100554 2
S 84525405 245 100551 2
S 84536405 245 100546 2
S 84547404 245 100549 2
S 84558403 245 100554 2
S 84569403 245 100551 2
S 84580402 245 100551 2
S 84596401 245 100546 2
S 84607400 245 100546 2
S 84618400 245 100551 2
S 84629399 245 100554 2
S 84640398 245 100551 2
S 84651398 245 100552 2
S 84662397 245 100550 2
S 84673396 245 100549 2
S 84684396 245 100551 2
S 84695395 245 100547 2
S 84706394 245 100542 2
S 84717393 245 100546 2
S 84728393 245 100547 2
S 84739392 245 100547 2
S 84750391 245 100545 2
S 84761391 245 100549 2
S 84772390 245 100545 2
S 84783389 245 100549 2
S 84794389 245 100553 2
S 84805388 245 100552 2
S 84816387 245 100551 2
S 84827387 245 100552 2
S 84838386 245 100546 2
S 84849385 245 100549 2
S 84860385 245 100549 2
S 84871384 245 100551 2
S 84882383 245 100550 2
S 84893382 245 100551 2
S 84904382 245 100547 2
S 84915381 245 100550 2
S 84926380 245 100546 2
S 84937380 245 100550 2
S 84948379 245 100543 2
S 84959378 245 100551 2
S 84970378 245 100547 2
S 84981377 245 100550 2
S 84992376 245 100550 2
S 85003376 245 100553 2
S 85014375 245 100553 2
S 85025374 245 100553 2
S 85036374 245 100547 2
S 85047373 245 100551 2
S 85058372 245 100549 2
S 85069371 245 100546 2
S 85080371 245 100552 2
S 85091370 245 100551 2
S 85102369 245 100549 2
S 85113369 245 100551 2
S 85124368 245 100551 2
S 85135367 245 100545 2
S 85146367 245 100548 2
S 85157366 245 100548 2
S 85168365 245 100551 2
S 85179365 245 100548 2
S 85190364 245 100549 2
S 85201363 245 100551 2
S 85212363 245 100551 2
S 85223362 245 100549 2
S 85234361 245 100551 2
S 85245360 245 100555 2
S 85256360 245 100554 2
S 85267359 245 100551 2
S 85278358 245 100548 2
S 85289358 245 100553 2
S 85300357 245 100549 2
S 85311356 245 100552 2
S 85322356 245 100549 2
S 85333355 245 100554 2
S 85344354 245 100551 2
S 85355354 245 100549 2
S 85366353 245 100548 2
S 85377352 245 100551 2
S 85388352 245 100551 2
S 85399351 245 100551 2
S 85410350 245 100549 2
S 85421349 245 100556 2
S 85432349 245 100556 2
S 85443348 245 100560 2
S 85454347 245 100555 2
S 85465347 245 100554 2
S 85476346 245 100551 2
S 85487345 245 100550 2
S 85498345 245 100546 2
S 85509344 245 100549 2
S 85520343 245 100549 2
S 85531343 245 100543 2
S 85542342 245 100552 2
S 85553341 245 100549 2
S 85564341 245 100549 2
S 85575340 245 100549 2
S 85586339 245 100549 2
S 85602338 245 100552 2
S 85613337 245 100552 2
S 85624337 245 100551 2
S 85635336 245 100553 2
S 85646335 245 100551 2
S 85657335 245 100554 2
S 85668334 245 100549 2
S 85679333 245 100550 2
S 85690333 245 100554 2
S 85701332 245 100546 2
S 85712331 245 100546 2
S 85723331 245 100553 2
S 85734330 245 100549 2
S 85745329 245 100553 2
S 85756329 245 100555 2
S 85767328 245 100548 2
S 85778327 245 100546 2
S 85789326 245 100546 2
S 85800326 245 100550 2
S 85811325 245 100548 2
S 85822324 245 100549 2
S 85833324 245 100551 2
S 85844323 245 100557 2
S 85855322 245 100551 2
S 85866322 245 100551 2
S 85877321 245 100550 2
S 85888320 245 100554 2
S 85899320 245 100549 2
S 85910319 245 100547 2
S 85921318 245 100547 2
S 85932318 245 100549 2
S 85943317 245 100546 2
S 85954316 245 100549 2
S 85965315 245 100548 2
S 85976315 245 100546 2
S 85987314 245 100549 2
S 85998313 245 100553 2
S 86009313 245 100552 2
S 86020312 245 100549 2
S 86031311 245 100549 2
S 86042311 245 100547 2
S 86053310 245 100550 2
S 86064309 245 100552 2
S 86075309 245 100553 2
S 86086308 245 100552 2
S 86097307 245 100553 2
S 86108307 245 100551 2
S 86119306 245 100553 2
S 86130305 245 100552 2
S 86141304 245 100549 2
S 86152304 245 100551 2
S 86163303 245 100547 2
S 86174302 245 100550 2
S 86185302 245 100550 2
S 86196301 245 100551 2
S 86207300 245 100551 2
S 86218300 245 100551 2
S 86229299 245 100547 2
S 86240298 245 100550 2
S 86251298 245 100549 2
S 86262297 245 100551 2
S 86273296 245 100555 2
S 86284296 245 100551 2
S 86295295 245 100553 2
S 86306294 245 100549 2
S 86317293 245 100545 2
S 86328293 245 100551 2
S 86339292 245 100551 2
S 86350291 245 100552 2
S 86361291 245 100554 2
S 86372290 245 100554 2
S 86383289 245 100551 2
S 86394289 245 100549 2
S 86405288 245 100554 2
S 86416287 245 100554 2
S 86427287 245 100551 2
S 86438286 245 100552 2
S 86449285 245 100553 2
S 86460285 245 100554 2
S 86471284 245 100549 2
S 86482283 245 100550 2
S 86493282 245 100549 2
S 86504282 245 100555 2
S 86515281 245 100560 2
S 86526280 245 100559 2
S 86537280 245 100553 2
S 86548279 245 100554 2
S 86559278 245 100556 2
S 86570278 245 100559 2
S 86581277 245 100553 2
S 86592276 245 100548 2
S 86608275 245 100551 2
S 86619275 245 100547 2
S 86630274 245 100544 2
S 86641273 245 100551 2
S 86652273 245 100550 2
S 86663272 245 100549 2
S 86674271 245 100545 2
S 86685270 245 100546 2
S 86696270 245 100547 2
S 86707269 245 100543 2
S 86718268 245 100546 2
S 86729268 245 100546 2
S 86740267 245 100541 2
S 86751266 245 100542 2
S 86762266 245 100549 2
S 86773265 245 100549 2
S 86784264 245 100547 2
S 86795264 245 100551 2
S 86806263 245 100548 2
S 86817262 245 100546 2
S 86828262 245 100547 2
S 86839261 245 100544 2
S 86850260 245 100546 2
S 86861259 245 100546 2
S 86872259 245 100545 2
S 86883258 245 100546 2
S 86894257 245 100543 2
S 86905257 245 100540 2
S 86916256 245 100543 2
S 86927255 245 100538 2
S 86938255 245 100551 2
S 86949254 245 100544 2
S 86960253 245 100545 2
S 86971253 245 100547 2
S 86982252 245 100548 2
S 86993251 245 100548 2
S 87004251 245 100551 2
S 87015250 245 100553 2
S 87026249 245 100548 2
S 87037248 245 100549 2
S 87048248 245 100549 2
S 87059247 245 100547 2
S 87070246 245 100542 2
S 87081246 245 100544 2
S 87092245 245 100549 2
S 87103244 245 100548 2
S 87114244 245 100548 2
S 87125243 245 100546 2
S 87136242 245 100543 2
S 87147242 245 100546 2
S 87158241 245 100549 2
S 87169240 245 100550 2
S 87180240 245 100550 2
S 87191239 245 100550 2
S 87202238 245 100545 2
S 87213237 245 100549 2
S 87224237 245 100549 2
S 87235236 245 100553 2
S 87246235 245 100548 2
S 87257235 245 100546 2
S 87268234 245 100546 2
S 87279233 245 100551 2
S 87290233 245 100546 2
S 87301232 245 100547 2
S 87312231 245 100551 2
S 87323231 245 100546 2
S 87334230 245 100546 2
S 87345229 245 100543 2
S 87356229 245 100551 2
S 87367228 245 100546 2
S 87378227 245 100548 2
S 87389226 245 100543 2
S 87400226 245 100547 2
S 87411225 245 100543 2
S 87422224 245 100546 2
S 87433224 245 100549 2
S 87444223 245 100547 2
S 87455222 245 100543 2
S 87466222 245 100544 2
S 87477221 245 100545 2
S 87488220 245 100542 2
S 87499220 245 100543 2
S 87510219 245 100549 2
S 87521218 245 100544 2
S 87532218 245 100548 2
S 87543217 245 100543 2
S 87554216 245 100550 2
S 87565215 245 100543 2
S 87576215 245 100547 2
S 87587214 245 100543 2
S 87598213 245 100542 2
S 87614212 245 100546 2
S 87625212 245 100545 2
S 87636211 245 100542 2
S 87647210 245 100535 2
S 87658210 245 100539 2
S 87669209 245 100536 2
S 87680208 245 100539 2
S 87691208 245 100541 2
S 87702207 245 100537 2
S 87713206 245 100535 2
S 87724206 245 100537 2
S 87735205 245 100536 2
S 87746204 245 100533 2
S 87757203 245 100534 2
S 87768203 245 100536 2
S 87779202 245 100540 2
S 87790201 245 100540 2
S 87801201 245 100540 2
S 87812200 245 100536 2
S 87823199 245 100537 2
S 87834199 245 100535 2
S 87845198 245 100537 2
S 87856197 245 100535 2
S 87867197 245 100540 2
S 87878196 245 100540 2
S 87889195 245 100535 2
S 87900195 245 100533 2
S 87911194 245 100537 2
S 87922193 245 100540 2
S 87933192 245 100534 2
S 87944192 245 100535 2
S 87955191 245 100540 2
S 87966190 245 100536 2
S 87977190 245 100535 2
S 87988189 245 100537 2
S 87999188 245 100541 2
S 88010188 245 100542 2
S 88021187 245 100538 2
S 88032186 245 100538 2
S 88043186 245 100535 2
S 88054185 245 100536 2
S 88065184 245 100540 2
S 88076184 245 100539 2
S 88087183 245 100539 2
S 88098182 245 100538 2
S 88109181 245 100542 2
S 88120181 245 100540 2
S 88131180 245 100537 2
S 88142179 245 100539 2
S 88153179 245 100535 2
S 88164178 245 100540 2
S 88175177 245 100537 2
S 88186177 245 100539 2
S 88197176 245 100538 2
S 88208175 245 100536 2
S 88219175 245 100535 2
S 88230174 245 100538 2
S 88241173 245 100535 2
S 88252173 245 100533 2
S 88263172 245 100535 2
S 88274171 245 100533 2
S 88285170 245 100535 2
S 88296170 245 100541 2
S 88307169 245 100540 2
S 88318168 245 100535 2
S 88329168 245 100537 2
S 88340167 245 100536 2
S 88351166 245 100535 2
S 88362166 245 100540 2
S 88373165 245 100537 2
S 88384164 245 100535 2
S 88395164 245 100538 2
S 88406163 245 100543 2
S 88417162 245 100537 2
S 88428162 245 100537 2
S 88439161 245 100535 2
S 88450160 245 100532 2
S 88461159 245 100536 2
S 88472159 245 100540 2
S 88483158 245 100534 2
S 88494157 245 100533 2
S 88505157 245 100536 2
S 88516156 245 100540 2
S 88527155 245 100537 2
S 88538155 245 100539 2
S 88549154 245 100539 2
S 88560153 245 100538 2
S 88571153 245 100533 2
S 88582152 245 100535 2
S 88593151 245 100539 2
S 88604151 245 100536 2
S 88620150 245 100546 2
S 88631149 245 100545 2
S 88642148 245 100549 2
S 88653147 245 100546 2
S 88664147 245 100546 2
S 88675146 245 100541 2
S 88686145 245 100542 2
S 88697145 245 100546 2
S 88708144 245 100551 2
S 88719143 245 100543 2
S 88730143 245 100546 2
S 88741142 245 100551 2
S 88752141 245 100546 2
S 88763141 245 100548 2
S 88774140 245 100547 2
S 88785139 245 100545 2
S 88796139 245 100546 2
S 88807138 245 100541 2
S 88818137 245 100543 2
S 88829136 245 100539 2
S 88840136 245 100537 2
S 88851135 245 100547 2
S 88862134 245 100545 2
S 88873134 245 100549 2
S 88884133 245 100544 2
S 88895132 245 100548 2
S 88906132 245 100543 2
S 88917131 245 100540 2
S 88928130 245 100539 2
S 88939130 245 100537 2
S 88950129 245 100538 2
S 88961128 245 100540 2
S 88972128 245 100540 2
S 88983127 245 100538 2
S 88994126 245 100540 2
S 89005125 245 100539 2
S 89016125 245 100540 2
S 89027124 245 100543 2
S 89038123 245 100536 2
S 89049123 245 100540 2
S 89060122 245 100542 2
S 89071121 245 100538 2
S 89082121 245 100542 2
S 89093120 245 100539 2
S 89104119 245 100540 2
S 89115119 245 100540 2
S 89126118 245 100540 2
S 89137117 245 100543 2
S 89148117 245 100543 2
S 89159116 245 100549 2
S 89170115 245 100543 2
S 89181114 245 100542 2
S 89192114 245 100543 2
S 89203113 245 100543 2
S 89214112 245 100546 2
S 89225112 245 100541 2
S 89236111 245 100543 2
S 89247110 245 100540 2
S 89258110 245 100540 2
S 89269109 245 100542 2
S 89280108 245 100541 2
S 89291108 245 100543 2
S 89302107 245 100541 2
S 89313106 245 100539 2
S 89324106 245 100538 2
S 89335105 245 100540 2
S 89346104 245 100543 2
S 89357103 245 100540 2
S 89368103 245 100543 2
S 89379102 245 100532 2
S 89390101 245 100546 2
S 89401101 245 100543 2
S 89412100 245 100549 2
S 89423099 245 100536 2
S 89434099 245 100544 2
S 89445098 245 100543 2
S 89456097 245 100546 2
S 89467097 245 100545 2
S 89478096 245 100543 2
S 89489095 245 100542 2
S 89500095 245 100541 2
S 89511094 245 100540 2
S 89522093 245 100541 2
S 89533092 245 100545 2
S 89544092 245 100547 2
S 89555091 245 100543 2
S 89566090 245 100549 2
S 89577090 245 100546 2
S 89588089 245 100545 2
S 89599088 245 100546 2
S 89610088 245 100543 2
S 89626087 245 100549 2
S 89637086 245 100544 2
S 89648085 245 100543 2
S 89659085 245 100544 2
S 89670084 245 100547 2
S 89681083 245 100547 2
S 89692083 245 100546 2
S 89703082 245 100549 2
S 89714081 245 100551 2
S 89725080 245 100543 2
S 89736080 245 100549 2
S 89747079 245 100545 2
S 89758078 245 100546 2
S 89769078 245 100548 2
S 89780077 245 100543 2
S 89791076 245 100545 2
S 89802076 245 100543 2
S 89813075 245 100545 2
S 89824074 245 100539 2
S 89835074 245 100547 2
S 89846073 245 100546 2
S 89857072 245 100545 2
S 89868072 245 100543 2
S 89879071 245 100543 2
S 89890070 245 100540 2
S 89901069 245 100546 2
S 89912069 245 100553 2
S 89923068 245 100547 2
S 89934067 245 100548 2
S 89945067 245 100544 2
S 89956066 245 100547 2
S 89967065 245 100547 2
S 89978065 245 100545 2
S 89989064 245 100552 2
S 90000063 245 100547 2
S 90011063 245 100546 2
S 90022062 245 100546 2
S 90033061 245 100542 2
S 90044061 245 100543 2
S 90055060 245 100546 2
S 90066059 245 100542 2
S 90077058 245 100541 2
S 90088058 245 100540 2
S 90099057 245 100544 2
S 90110056 245 100543 2
S 90121056 245 100546 2
S 90132055 245 100542 2
S 90143054 245 100541 2
S 90154054 245 100543 2
S 90165053 245 100543 2
S 90176052 245 100543 2
S 90187052 245 100543 2
S 90198051 245 100544 2
S 90209050 245 100549 2
S 90220050 245 100543 2
S 90231049 245 100544 2
S 90242048 245 100545 2
S 90253047 245 100545 2
S 90264047 245 100549 2
S 90275046 245 100547 2
S 90286045 245 100543 2
S 90297045 245 100546 2
S 90308044 245 100550 2
S 90319043 245 100543 2
S 90330043 245 100545 2
S 90341042 245 100546 2
S 90352041 245 100544 2
S 90363041 245 100548 2
S 90374040 245 100540 2
S 90385039 245 100546 2
S 90396039 245 100548 2
S 90407038 245 100545 2
S 90418037 245 100548 2
S 90429036 245 100544 2
S 90440036 245 100546 2
S 90451035 245 100546 2
S 90462034 245 100544 2
S 90473034 245 100544 2
S 90484033 245 100541 2
S 90495032 245 100541 2
S 90506032 245 100544 2
S 90517031 245 100538 2
S 90528030 245 100540 2
S 90539030 245 100538 2
S 90550029 245 100545 2
S 90561028 245 100543 2
S 90572028 245 100540 2
S 90583027 245 100539 2
S 90594026 245 100546 2
S 90605025 245 100542 2
S 90616025 245 100538 2
S 90632024 245 100546 2
S 90643023 245 100551 2
S 90654022 245 100551 2
S 90665022 245 100541 2
S 90676021 245 100544 2
S 90687020 245 100543 2
S 90698020 245 100545 2
S 90709019 245 100549 2
S 90720018 245 100549 2
S 90731018 245 100543 2
S 90742017 245 100549 2
S 90753016 245 100541 2
S 90764016 245 100544 2
S 90775015 245 100546 2
S 90786014 245 100547 2
S 90797013 245 100546 2
S 90808013 245 100544 2
S 90819012 245 100544 2
S 90830011 245 100546 2
S 90841011 245 100546 2
S 90852010 245 100540 2
S 90863009 245 100546 2
S 90874009 245 100543 2
S 90885008 245 100543 2
S 90896007 245 100540 2
S 90907007 245 100543 2
S 90918006 245 100551 2
S 90929005 245 100547 2
S 90940005 245 100551 2
S 90951004 245 100547 2
S 90962003 245 100549 2
S 90973002 245 100551 2
S 90984002 245 100551 2
S 90995001 245 100552 2
S 91006000 245 100553 2
S 91017000 245 100555 2
S 91027999 245 100551 2
S 91038998 245 100549 2
S 91049998 245 100549 2
S 91060997 245 100546 2
S 91071996 245 100542 2
S 91082996 245 100548 2
S 91093995 245 100548 2
S 91104994 245 100549 2
S 91115994 245 100545 2
S 91126993 245 100542 2
S 91137992 245 100546 2
S 91148991 245 100549 2
S 91159991 245 100547 2
S 91170990 245 100551 2
S 91181989 245 100551 2
S 91192989 245 100552 2
S 91203988 245 100543 2
S 91214987 245 100543 2
S 91225987 245 100545 2
S 91236986 245 100543 2
S 91247985 245 100549 2
S 91258985 245 100551 2
S 91269984 245 100546 2
S 91280983 245 100546 2
S 91291983 245 100545 2
S 91302982 245 100541 2
S 91313981 245 100543 2
S 91324980 245 100543 2
S 91335980 245 100539 2
S 91346979 245 100542 2
S 91357978 245 100545 2
S 91368978 245 100542 2
S 91379977 245 100538 2
S 91390976 245 100542 2
S 91401976 245 100542 2
S 91412975 245 100537 2
S 91423974 245 100543 2
S 91434974 245 100543 2
S 91445973 245 100543 2
S 91456972 245 100543 2
S 91467972 245 100543 2
S 91478971 245 100546 2
S 91489970 245 100546 2
S 91500969 245 100546 2
S 91511969 245 100545 2
S 91522968 245 100549 2
S 91533967 245 100543 2
S 91544967 245 100549 2
S 91555966 245 100546 2
S 91566965 245 100549 2
S 91577965 245 100549 2
S 91588964 245 100549 2
S 91599963 245 100541 2
S 91610963 245 100542 2
S 91621962 245 100551 2
S 91637961 245 100549 2
S 91648960 245 100545 2
S 91659960 245 100544 2
S 91670959 245 100541 2
S 91681958 245 100545 2
S 91692957 245 100542 2
S 91703957 245 100547 2
S 91714956 245 100543 2
S 91725955 245 100548 2
S 91736955 245 100546 2
S 91747954 245 100546 2
S 91758953 245 100550 2
S 91769953 245 100547 2
S 91780952 245 100546 2
S 91791951 245 100548 2
S 91802951 245 100542 2
S 91813950 245 100550 2
S 91824949 245 100552 2
S 91835949 245 100551 2
S 91846948 245 100550 2
S 91857947 245 100547 2
S 91868946 245 100546 2
S 91879946 245 100541 2
S 91890945 245 100543 2
S 91901944 245 100542 2
S 91912944 245 100543 2
S 91923943 245 100545 2
S 91934942 245 100544 2
S 91945942 245 100546 2
S 91956941 245 100549 2
S 91967940 245 100544 2
S 91978940 245 100552 2
S 91989939 245 100554 2
S 92000937 245 100550 2
S 92011938 245 100551 2
S 92022937 245 100552 2
S 92033936 245 100550 2
S 92044935 245 100546 2
S 92055935 245 100553 2
S 92066934 245 100545 2
S 92077933 245 100549 2
S 92088933 245 100548 2
S 92099932 245 100549 2
S 92110931 245 100550 2
S 92121931 245 100546 2
S 92132930 245 100549 2
S 92143929 245 100547 2
S 92154929 245 100549 2
S 92165928 245 100552 2
S 92176927 245 100550 2
S 92187927 245 100546 2
S 92198926 245 100549 2
S 92209925 245 100552 2
S 92220924 245 100549 2
S 92231924 245 100550 2
S 92242923 245 100550 2
S 92253922 245 100553 2
S 92264922 245 100551 2
S 92275921 245 100546 2
S 92286920 245 100549 2
S 92297920 245 100549 2
S 92308919 245 100553 2
S 92319918 245 100552 2
S 92330918 245 100554 2
S 92341917 245 100558 2
S 92352916 245 100554 2
S 92363916 245 100551 2
S 92374915 245 100546 2
S 92385914 245 100550 2
S 92396913 245 100552 2
S 92407913 245 100546 2
S 92418912 245 100549 2
S 92429911 245 100555 2
S 92440911 245 100550 2
S 92451910 245 100551 2
S 92462909 245 100554 2
S 92473909 245 100554 2
S 92484908 245 100547 2
S 92495907 245 100550 2
S 92506907 245 100552 2
S 92517906 245 100552 2
S 92528905 245 100548 2
S 92539905 245 100554 2
S 92550904 245 100551 2
S 92561903 245 100549 2
S 92572902 245 100556 2
S 92583902 245 100550 2
S 92594901 245 100546 2
S 92605900 245 100546 2
S 92616900 245 100548 2
S 92627899 245 100543 2
S 92643898 245 100541 2
S 92654897 245 100549 2
S 92665897 245 100542 2
S 92676896 245 100542 2
S 92687895 245 100543 2
S 92698895 245 100540 2
S 92709894 245 100540 2
S 92720893 245 100546 2
S 92731893 245 100547 2
S 92742892 245 100546 2
S 92753891 245 100541 2
S 92764890 245 100543 2
S 92775890 245 100540 2
S 92786889 245 100543 2
S 92797888 245 100541 2
S 92808888 245 100541 2
S 92819887 245 100536 2
S 92830886 245 100539 2
S 92841886 245 100540 2
S 92852885 245 100543 2
S 92863884 245 100545 2
S 92874884 245 100548 2
S 92885883 245 100540 2
S 92896882 245 100540 2
S 92907882 245 100548 2
S 92918881 245 100545 2
S 92929880 245 100545 2
S 92940879 245 100546 2
S 92951879 245 100541 2
S 92962878 245 100543 2
S 92973877 245 100547 2
S 92984877 245 100546 2
S 92995876 245 100545 2
S 93006875 245 100543 2
S 93017875 245 100543 2
S 93028874 245 100542 2
S 93039873 245 100543 2
S 93050873 245 100540 2
S 93061872 245 100537 2
S 93072871 245 100540 2
S 93083871 245 100540 2
S 93094870 245 100538 2
S 93105869 245 100541 2
S 93116868 245 100539 2
S 93127868 245 100542 2
S 93138867 245 100546 2
S 93149866 245 100542 2
S 93160866 245 100539 2
S 93171865 245 100539 2
S 93182864 245 100544 2
S 93193864 245 100540 2
S 93204863 245 100543 2
S 93215862 245 100538 2
S 93226862 245 100546 2
S 93237861 245 100540 2
S 93248860 245 100539 2
S 93259860 245 100545 2
S 93270859 245 100543 2
S 93281858 245 100546 2
S 93292857 245 100537 2
S 93303857 245 100541 2
S 93314856 245 100542 2
S 93325855 245 100544 2
S 93336855 245 100548 2
S 93347854 245 100545 2
S 93358853 245 100545 2
S 93369853 245 100547 2
S 93380852 245 100543 2
S 93391851 245 100546 2
S 93402851 245 100543 2
S 93413850 245 100545 2
S 93424849 245 100543 2
S 93435849 245 100543 2
S 93446848 245 100546 2
S 93457847 245 100541 2
S 93468846 245 100547 2
S 93479846 245 100546 2
S 93490845 245 100543 2
S 93501844 245 100546 2
S 93512844 245 100543 2
S 93523843 245 100547 2
S 93534842 245 100549 2
S 93545842 245 100546 2
S 93556841 245 100545 2
S 93567840 245 100546 2
S 93578840 245 100545 2
S 93589839 245 100544 2
S 93600838 245 100549 2
S 93611838 245 100543 2
S 93622837 245 100543 2
S 93633836 245 100549 2
S 93649835 245 100547 2
S 93660834 245 100541 2
S 93671834 245 100547 2
S 93682833 245 100543 2
S 93693832 245 100549 2
S 93704832 245 100545 2
S 93715831 245 100543 2
S 93726830 245 100554 2
S 93737830 245 100549 2
S 93748829 245 100546 2
S 93759828 245 100546 2
S 93770828 245 100546 2
S 93781827 245 100544 2
S 93792826 245 100544 2
S 93803826 245 100549 2
S 93814825 245 100546 2
S 93825824 245 100546 2
S 93836823 245 100545 2
S 93847823 245 100546 2
S 93858822 245 100545 2
S 93869821 245 100548 2
S 93880821 245 100547 2
S 93891820 245 100543 2
S 93902819 245 100546 2
S 93913819 245 100546 2
S 93924818 245 100544 2
S 93935817 245 100540 2
S 93946817 245 100540 2
S 93957816 245 100540 2
S 93968815 245 100536 2
S 93979815 245 100547 2
S 93990814 245 100544 2
S 94001814 245 100537 2
S 94012812 245 100538 2
S 94023812 245 100541 2
S 94034811 245 100540 2
S 94045810 245 100544 2
S 94056810 245 100545 2
S 94067809 245 100546 2
S 94078808 245 100547 2
S 94089808 245 100542 2
S 94100807 245 100542 2
S 94111806 245 100541 2
S 94122806 245 100544 2
S 94133805 245 100542 2
S 94144804 245 100540 2
S 94155804 245 100543 2
S 94166803 245 100540 2
S 94177802 245 100540 2
S 94188801 245 100544 2
S 94199801 245 100541 2
S 94210800 245 100543 2
S 94221799 245 100543 2
S 94232799 245 100546 2
S 94243798 245 100544 2
S 94254797 245 100545 2
S 94265797 245 100542 2
S 94276796 245 100549 2
S 94287795 245 100544 2
S 94298795 245 100546 2
S 94309794 245 100544 2
S 94320793 245 100542 2
S 94331793 245 100546 2
S 94342792 245 100547 2
S 94353791 245 100546 2
S 94364790 245 100544 2
S 94375790 245 100546 2
S 94386789 245 100546 2
S 94397788 245 100546 2
S 94408788 245 100543 2
S 94419787 245 100547 2
S 94430786 245 100549 2
S 94441786 245 100546 2
S 94452785 245 100543 2
S 94463784 245 100543 2
S 94474784 245 100544 2
S 94485783 245 100543 2
S 94496782 245 100545 2
S 94507782 245 100541 2
S 94518781 245 100543 2
S 94529780 245 100545 2
S 94540779 245 100543 2
S 94551779 245 100541 2
S 94562778 245 100542 2
S 94573777 245 100546 2
S 94584777 245 100548 2
S 94595776 245 100541 2
S 94606775 245 100545 2
S 94617775 245 100540 2
S 94628774 245 100543 2
S 94639773 245 100546 2
S 94655772 245 100557 2
S 94666772 245 100556 2
S 94677771 245 100552 2
S 94688770 245 100557 2
S 94699770 245 100557 2
S 94710769 245 100560 2
S 94721768 245 100557 2
S 94732767 245 100557 2
S 94743767 245 100557 2
S 94754766 245 100554 2
S 94765765 245 100556 2
S 94776765 245 100557 2
S 94787764 245 100555 2
S 94798763 245 100552 2
S 94809763 245 100554 2
S 94820762 245 100552 2
S 94831761 245 100553 2
S 94842761 245 100553 2
S 94853760 245 100551 2
S 94864759 245 100551 2
S 94875759 245 100553 2
S 94886758 245 100548 2
S 94897757 245 100548 2
S 94908756 245 100543 2
S 94919756 245 100550 2
S 94930755 245 100548 2
S 94941754 245 100549 2
S 94952754 245 100551 2
S 94963753 245 100551 2
S 94974752 245 100547 2
S 94985752 245 100550 2
S 94996751 245 100549 2
S 95007750 245 100547 2
S 95018750 245 100549 2
S 95029749 245 100554 2
S 95040748 245 100551 2
S 95051748 245 100553 2
S 95062747 245 100551 2
S 95073746 245 100554 2
S 95084745 245 100551 2
S 95095745 245 100554 2
S 95106744 245 100546 2
S 95117743 245 100552 2
S 95128743 245 100553 2
S 95139742 245 100547 2
S 95150741 245 100549 2
S 95161741 245 100553 2
S 95172740 245 100557 2
S 95183739 245 100555 2
S 95194739 245 100555 2
S 95205738 245 100556 2
S 95216737 245 100553 2
S 95227737 245 100548 2
S 95238736 245 100553 2
S 95249735 245 100548 2
S 95260734 245 100544 2
S 95271734 245 100549 2
S 95282733 245 100551 2
S 95293732 245 100549 2
S 95304732 245 100547 2
S 95315731 245 100551 2
S 95326730 245 100551 2
S 95337730 245 100548 2
S 95348729 245 100549 2
S 95359728 245 100548 2
S 95370728 245 100546 2
S 95381727 245 100552 2
S 95392726 245 100554 2
S 95403726 245 100552 2
S 95414725 245 100550 2
S 95425724 245 100550 2
S 95436723 245 100547 2
S 95447723 245 100546 2
S 95458722 245 100549 2
S 95469721 245 100549 2
S 95480721 245 100553 2
S 95491720 245 100550 2
S 95502719 245 100548 2
S 95513719 245 100554 2
S 95524718 245 100557 2
S 95535717 245 100554 2
S 95546717 245 100549 2
S 95557716 245 100553 2
S 95568715 245 100555 2
S 95579715 245 100553 2
S 95590714 245 100554 2
S 95601713 245 100549 2
S 95612712 245 100551 2
S 95623712 245 100551 2
S 95634711 245 100552 2
S 95645710 245 100555 2
S 95661709 245 100548 2
S 95672709 245 100543 2
S 95683708 245 100543 2
S 95694707 245 100545 2
S 95705707 245 100547 2
S 95716706 245 100545 2
S 95727705 245 100540 2
S 95738705 245 100546 2
S 95749704 245 100546 2
S 95760703 245 100548 2
S 95771703 245 100541 2
S 95782702 245 100546 2
S 95793701 245 100544 2
S 95804700 245 100544 2
S 95815700 245 100540 2
S 95826699 245 100545 2
S 95837698 245 100541 2
S 95848698 245 100543 2
S 95859697 245 100545 2
S 95870696 245 100540 2
S 95881696 245 100542 2
S 95892695 245 100546 2
S 95903694 245 100543 2
S 95914694 245 100544 2
S 95925693 245 100541 2
S 95936692 245 100543 2
S 95947692 245 100537 2
S 95958691 245 100538 2
S 95969690 245 100542 2
S 95980689 245 100543 2
S 95991689 245 100540 2
S 96002688 245 100544 2
S 96013687 245 100546 2
S 96024687 245 100544 2
S 96035686 245 100546 2
S 96046685 245 100546 2
S 96057685 245 100543 2
S 96068684 245 100548 2
S 96079683 245 100543 2
S 96090683 245 100547 2
S 96101682 245 100541 2
S 96112681 245 100541 2
S 96123681 245 100543 2
S 96134680 245 100544 2
S 96145679 245 100547 2
S 96156678 245 100543 2
S 96167678 245 100545 2
S 96178677 245 100542 2
S 96189676 245 100545 2
S 96200676 245 100540 2
S 96211675 245 100542 2
S 96222674 245 100542 2
S 96233674 245 100544 2
S 96244673 245 100545 2
S 96255672 245 100543 2
S 96266672 245 100545 2
S 96277671 245 100541 2
S 96288670 245 100545 2
S 96299670 245 100540 2
S 96310669 245 100543 2
S 96321668 245 100546 2
S 96332667 245 100543 2
S 96343667 245 100547 2
S 96354666 245 100543 2
S 96365665 245 100547 2
S 96376665 245 100546 2
S 96387664 245 100549 2
S 96398663 245 100546 2
S 96409663 245 100548 2
S 96420662 245 100540 2
S 96431661 245 100541 2
S 96442661 245 100541 2
S 96453660 245 100542 2
S 96464659 245 100539 2
S 96475659 245 100545 2
S 96486658 245 100542 2
S 96497657 245 100539 2
S 96508656 245 100543 2
S 96519656 245 100544 2
S 96530655 245 100547 2
S 96541654 245 100542 2
S 96552654 245 100548 2
S 96563653 245 100546 2
S 96574652 245 100546 2
S 96585652 245 100545 2
S 96596651 245 100548 2
S 96607650 245 100546 2
S 96618650 245 100543 2
S 96629649 245 100546 2
S 96640648 245 100540 2
S 96651648 245 100543 2
S 96667647 245 100554 2
S 96678646 245 100556 2
S 96689645 245 100554 2
S 96700644 245 100554 2
S 96711644 245 100551 2
S 96722643 245 100556 2
S 96733642 245 100550 2
S 96744642 245 100545 2
S 96755641 245 100547 2
S 96766640 245 100551 2
S 96777640 245 100550 2
S 96788639 245 100553 2
S 96799638 245 100551 2
S 96810638 245 100554 2
S 96821637 245 100551 2
S 96832636 245 100551 2
S 96843636 245 100547 2
S 96854635 245 100549 2
S 96865634 245 100546 2
S 96876633 245 100549 2
S 96887633 245 100552 2
S 96898632 245 100549 2
S 96909631 245 100549 2
S 96920631 245 100552 2
S 96931630 245 100546 2
S 96942629 245 100551 2
S 96953629 245 100549 2
S 96964628 245 100551 2
S 96975627 245 100552 2
S 96986627 245 100548 2
S 96997626 245 100546 2
S 97008625 245 100549 2
S 97019625 245 100550 2
S 97030624 245 100547 2
S 97041623 245 100549 2
S 97052622 245 100549 2
S 97063622 245 100547 2
S 97074621 245 100548 2
S 97085620 245 100545 2
S 97096620 245 100546 2
S 97107619 245 100550 2
S 97118618 245 100548 2
S 97129618 245 100547 2
S 97140617 245 100550 2
S 97151616 245 100545 2
S 97162616 245 100548 2
S 97173615 245 100552 2
S 97184614 245 100554 2
S 97195614 245 100549 2
S 97206613 245 100548 2
S 97217612 245 100550 2
S 97228611 245 100546 2
S 97239611 245 100545 2
S 97250610 245 100545 2
S 97261609 245 100549 2
S 97272609 245 100546 2
S 97283608 245 100546 2
S 97294607 245 100546 2
S 97305607 245 100551 2
S 97316606 245 100548 2
S 97327605 245 100547 2
S 97338605 245 100545 2
S 97349604 245 100547 2
S 97360603 245 100546 2
S 97371603 245 100546 2
S 97382602 245 100546 2
S 97393601 245 100545 2
S 97404600 245 100545 2
S 97415600 245 100542 2
S 97426599 245 100541 2
S 97437598 245 100549 2
S 97448598 245 100545 2
S 97459597 245 100544 2
S 97470596 245 100548 2
S 97481596 245 100549 2
S 97492595 245 100548 2
S 97503594 245 100549 2
S 97514594 245 100546 2
S 97525593 245 100551 2
S 97536592 245 100548 2
S 97547592 245 100549 2
S 97558591 245 100550 2
S 97569590 245 100549 2
S 97580589 245 100548 2
S 97591589 245 100551 2
S 97602588 245 100555 2
S 97613587 245 100554 2
S 97624587 245 100554 2
S 97635586 245 100548 2
S 97646585 245 100552 2
S 97657585 245 100550 2
S 97673584 245 100552 2
S 97684583 245 100549 2
S 97695582 245 100545 2
S 97706582 245 100549 2
S 97717581 245 100551 2
S 97728580 245 100546 2
S 97739580 245 100546 2
S 97750579 245 100550 2
S 97761578 245 100546 2
S 97772577 245 100548 2
S 97783577 245 100541 2
S 97794576 245 100548 2
S 97805575 245 100547 2
S 97816575 245 100548 2
S 97827574 245 100546 2
S 97838573 245 100551 2
S 97849573 245 100550 2
S 97860572 245 100549 2
S 97871571 245 100551 2
S 97882571 245 100550 2
S 97893570 245 100546 2
S 97904569 245 100546 2
S 97915569 245 100552 2
S 97926568 245 100551 2
S 97937567 245 100554 2
S 97948566 245 100546 2
S 97959566 245 100551 2
S 97970565 245 100546 2
S 97981564 245 100552 2
S 97992564 245 100543 2
S 98003563 245 100551 2
S 98014562 245 100545 2
S 98025562 245 100549 2
S 98036561 245 100545 2
S 98047560 245 100550 2
S 98058560 245 100546 2
S 98069559 245 100543 2
S 98080558 245 100543 2
S 98091558 245 100547 2
S 98102557 245 100548 2
S 98113556 245 100551 2
S 98124555 245 100546 2
S 98135555 245 100544 2
S 98146554 245 100548 2
S 98157553 245 100547 2
S 98168553 245 100547 2
S 98179552 245 100546 2
S 98190551 245 100546 2
S 98201551 245 100543 2
S 98212550 245 100543 2
S 98223549 245 100545 2
S 98234549 245 100540 2
S 98245548 245 100540 2
S 98256547 245 100538 2
S 98267547 245 100541 2
S 98278546 245 100541 2
S 98289545 245 100543 2
S 98300544 245 100543 2
S 98311544 245 100542 2
S 98322543 245 100546 2
S 98333542 245 100545 2
S 98344542 245 100542 2
S 98355541 245 100548 2
S 98366540 245 100543 2
S 98377540 245 100547 2
S 98388539 245 100544 2
S 98399538 245 100548 2
S 98410538 245 100546 2
S 98421537 245 100550 2
S 98432536 245 100549 2
S 98443536 245 100546 2
S 98454535 245 100540 2
S 98465534 245 100544 2
S 98476533 245 100548 2
S 98487533 245 100547 2
S 98498532 245 100546 2
S 98509531 245 100546 2
S 98520531 245 100544 2
S 98531530 245 100546 2
S 98542529 245 100548 2
S 98553529 245 100544 2
S 98564528 245 100545 2
S 98575527 245 100550 2
S 98586527 245 100550 2
S 98597526 245 100546 2
S 98608525 245 100543 2
S 98619525 245 100547 2
S 98630524 245 100542 2
S 98641523 245 100540 2
S 98652522 245 100542 2
S 98663522 245 100546 2
S 98679521 245 100547 2
S 98690520 245 100543 2
S 98701519 245 100539 2
S 98712519 245 100537 2
S 98723518 245 100542 2
S 98734517 245 100537 2
S 98745517 245 100536 2
S 98756516 245 100539 2
S 98767515 245 100541 2
S 98778515 245 100540 2
S 98789514 245 100543 2
S 98800513 245 100537 2
S 98811513 245 100538 2
S 98822512 245 100540 2
S 98833511 245 100539 2
S 98844510 245 100541 2
S 98855510 245 100543 2
S 98866509 245 100543 2
S 98877508 245 100538 2
S 98888508 245 100535 2
S 98899507 245 100537 2
S 98910506 245 100536 2
S 98921506 245 100537 2
S 98932505 245 100540 2
S 98943504 245 100542 2
S 98954504 245 100541 2
S 98965503 245 100541 2
S 98976502 245 100540 2
S 98987502 245 100540 2
S 98998501 245 100537 2
S 99009500 245 100539 2
S 99020499 245 100536 2
S 99031499 245 100539 2
S 99042498 245 100539 2
S 99053497 245 100539 2
S 99064497 245 100541 2
S 99075496 245 100540 2
S 99086495 245 100543 2
S 99097495 245 100542 2
S 99108494 245 100537 2
S 99119493 245 100541 2
S 99130493 245 100542 2
S 99141492 245 100536 2
S 99152491 245 100537 2
S 99163491 245 100537 2
S 99174490 245 100542 2
S 99185489 245 100539 2
S 99196488 245 100541 2
S 99207488 245 100535 2
S 99218487 245 100539 2
S 99229486 245 100542 2
S 99240486 245 100544 2
S 99251485 245 100541 2
S 99262484 245 100541 2
S 99273484 245 100537 2
S 99284483 245 100537 2
S 99295482 245 100540 2
S 99306482 245 100541 2
S 99317481 245 100546 2
S 99328480 245 100543 2
S 99339480 245 100546 2
S 99350479 245 100545 2
S 99361478 245 100538 2
S 99372477 245 100544 2
S 99383477 245 100543 2
S 99394476 245 100540 2
S 99405475 245 100543 2
S 99416475 245 100542 2
S 99427474 245 100549 2
S 99438473 245 100539 2
S 99449473 245 100537 2
S 99460472 245 100546 2
S 99471471 245 100541 2
S 99482471 245 100538 2
S 99493470 245 100547 2
S 99504469 245 100543 2
S 99515469 245 100543 2
S 99526468 245 100546 2
S 99537467 245 100543 2
S 99548466 245 100541 2
S 99559466 245 100537 2
S 99570465 245 100547 2
S 99581464 245 100543 2
S 99592464 245 100547 2
S 99603463 245 100543 2
S 99614462 245 100538 2
S 99625462 245 100540 2
S 99636461 245 100537 2
S 99647460 245 100541 2
S 99658460 245 100544 2
S 99669459 245 100542 2
S 99685458 246 100547 2
S 99696457 246 100549 2
S 99707457 246 100547 2
S 99718456 246 100546 2
S 99729455 246 100549 2
S 99740454 246 100546 2
S 99751454 246 100545 2
S 99762453 246 100547 2
S 99773452 246 100546 2
S 99784452 246 100549 2
S 99795451 246 100546 2
S 99806450 246 100543 2
S 99817450 246 100545 2
S 99828449 246 100544 2
S 99839448 246 100545 2
S 99850448 246 100542 2
S 99861447 246 100549 2
S 99872446 246 100546 2
S 99883446 246 100546 2
S 99894445 246 100547 2
S 99905444 246 100551 2
S 99916443 246 100553 2
S 99927443 246 100543 2
S 99938442 246 100546 2
S 99949441 246 100546 2
S 99960441 246 100549 2
S 99971440 246 100550 2
S 99982439 246 100552 2
S 99993439 246 100549 2
S 100004438 246 100552 2
S 100015437 246 100552 2
S 100026437 246 100552 2
S 100037436 246 100549 2
S 100048435 246 100555 2
S 100059435 246 100549 2
S 100070434 246 100543 2
S 100081433 246 100546 2
S 100092432 246 100547 2
S 100103432 246 100546 2
S 100114431 246 100548 2
S 100125430 246 100552 2
S 100136430 246 100557 2
S 100147429 246 100549 2
S 100158428 246 100549 2
S 100169428 246 100550 2
S 100180427 246 100550 2
S 100191426 246 100549 2
S 100202426 246 100546 2
S 100213425 246 100544 2
S 100224424 246 100549 2
S 100235424 246 100551 2
S 100246423 246 100548 2
S 100257422 246 100543 2
S 100268421 246 100548 2
S 100279421 246 100552 2
S 100290420 246 100549 2
S 100301419 246 100550 2
S 100312419 246 100549 2
S 100323418 246 100552 2
S 100334417 246 100547 2
S 100345417 246 100557 2
S 100356416 246 100555 2
S 100367415 246 100554 2
S 100378415 246 100553 2
S 100389414 246 100552 2
S 100400413 246 100548 2
S 100411413 246 100548 2
S 100422412 246 100549 2
S 100433411 246 100547 2
S 100444410 246 100546 2
S 100455410 246 100545 2
S 100466409 246 100542 2
S 100477408 246 100545 2
S 100488408 246 100545 2
S 100499407 246 100541 2
S 100510406 246 100542 2
S 100521406 246 100540 2
S 100532405 246 100546 2
S 100543404 246 100544 2
S 100554404 246 100540 2
S 100565403 246 100540 2
S 100576402 246 100542 2
S 100587402 246 100546 2
S 100598401 246 100541 2
S 100609400 246 100545 2
S 100620399 246 100542 2
S 100631399 246 100544 2
S 100642398 246 100546 2
S 100653397 246 100547 2
S 100664397 246 100549 2
S 100675396 246 100545 2
S 100691395 246 100549 2
S 100702394 246 100544 2
S 100713394 246 100549 2
S 100724393 246 100549 2
S 100735392 246 100543 2
S 100746392 246 100549 2
S 100757391 246 100547 2
S 100768390 246 100549 2
S 100779390 246 100543 2
S 100790389 246 100546 2
S 100801388 246 100545 2
S 100812387 246 100546 2
S 100823387 246 100546 2
S 100834386 246 100545 2
S 100845385 246 100549 2
S 100856385 246 100546 2
S 100867384 246 100544 2
S 100878383 246 100544 2
S 100889383 246 100550 2
S 100900382 246 100552 2
S 100911381 246 100549 2
S 100922381 246 100553 2
S 100933380 246 100548 2
S 100944379 246 100542 2
S 100955379 246 100549 2
S 100966378 246 100548 2
S 100977377 246 100551 2
S 100988376 246 100549 2
S 100999376 246 100548 2
S 101010375 246 100546 2
S 101021374 246 100550 2
S 101032374 246 100554 2
S 101043373 246 100552 2
S 101054372 246 100549 2
S 101065372 246 100552 2
S 101076371 246 100549 2
S 101087370 246 100553 2
S 101098370 246 100547 2
S 101109369 246 100544 2
S 101120368 246 100540 2
S 101131368 246 100542 2
S 101142367 246 100546 2
S 101153366 246 100545 2
S 101164365 246 100543 2
S 101175365 246 100547 2
S 101186364 246 100546 2
S 101197363 246 100547 2
S 101208363 246 100549 2
S 101219362 246 100546 2
S 101230361 246 100548 2
S 101241361 246 100545 2
S 101252360 246 100546 2
S 101263359 246 100546 2
S 101274359 246 100545 2
S 101285358 246 100546 2
S 101296357 246 100544 2
S 101307357 246 100546 2
S 101318356 246 100549 2
S 101329355 246 100548 2
S 101340354 246 100547 2
S 101351354 246 100547 2
S 101362353 246 100548 2
S 101373352 246 100546 2
S 101384352 246 100549 2
S 101395351 246 100548 2
S 101406350 246 100552 2
S 101417350 246 100544 2
S 101428349 246 100547 2
S 101439348 246 100547 2
S 101450348 246 100547 2
S 101461347 246 100549 2
S 101472346 246 100553 2
S 101483346 246 100553 2
S 101494345 246 100544 2
S 101505344 246 100548 2
S 101516343 246 100552 2
S 101527343 246 100552 2
S 101538342 246 100546 2
S 101549341 246 100549 2
S 101560341 246 100547 2
S 101571340 246 100548 2
S 101582339 246 100544 2
S 101593339 246 100544 2
S 101604338 246 100543 2
S 101615337 246 100553 2
S 101626337 246 100546 2
S 101637336 246 100546 2
S 101648335 246 100552 2
S 101659335 246 100550 2
S 101670334 246 100554 2
S 101681333 246 100540 2
S 101697332 246 100544 2
S 101708331 246 100546 2
S 101719331 246 100544 2
S 101730330 246 100546 2
S 101741329 246 100549 2
S 101752329 246 100549 2
S 101763328 246 100548 2
S 101774327 246 100550 2
S 101785327 246 100549 2
S 101796326 246 100546 2
S 101807325 246 100548 2
S 101818325 246 100542 2
S 101829324 246 100541 2
S 101840323 246 100543 2
S 101851323 246 100549 2
S 101862322 246 100548 2
S 101873321 246 100534 2
S 101884320 246 100540 2
S 101895320 246 100540 2
S 101906319 246 100549 2
S 101917318 246 100550 2
S 101928318 246 100549 2
S 101939317 246 100552 2
S 101950316 246 100549 2
S 101961316 246 100546 2
S 101972315 246 100543 2
S 101983314 246 100542 2
S 101994314 246 100543 2
S 102005313 246 100539 2
S 102016312 246 100543 2
S 102027312 246 100548 2
S 102038311 246 100544 2
S 102049310 246 100543 2
S 102060309 246 100545 2
S 102071309 246 100545 2
S 102082308 246 100538 2
S 102093307 246 100542 2
S 102104307 246 100539 2
S 102115306 246 100540 2
S 102126305 246 100540 2
S 102137305 246 100541 2
S 102148304 246 100543 2
S 102159303 246 100536 2
S 102170303 246 100546 2
S 102181302 246 100542 2
S 102192301 246 100547 2
S 102203301 246 100548 2
S 102214300 246 100546 2
S 102225299 246 100541 2
S 102236298 246 100546 2
S 102247298 246 100538 2
S 102258297 246 100542 2
S 102269296 246 100546 2
S 102280296 246 100549 2
S 102291295 246 100549 2
S 102302294 246 100543 2
S 102313294 246 100546 2
S 102324293 246 100546 2
S 102335292 246 100546 2
S 102346292 246 100549 2
S 102357291 246 100547 2
S 102368290 246 100546 2
S 102379290 246 100547 2
S 102390289 246 100548 2
S 102401288 246 100544 2
S 102412287 246 100544 2
S 102423287 246 100543 2
S 102434286 246 100549 2
S 102445285 246 100545 2
S 102456285 246 100546 2
S 102467284 246 100549 2
S 102478283 246 100546 2
S 102489283 246 100549 2
S 102500282 246 100547 2
S 102511281 246 100544 2
S 102522281 246 100546 2
S 102533280 246 100548 2
S 102544279 246 100548 2
S 102555279 246 100543 2
S 102566278 246 100542 2
S 102577277 246 100543 2
S 102588276 246 100543 2
S 102599276 246 100546 2
S 102610275 246 100546 2
S 102621274 246 100551 2
S 102632274 246 100545 2
S 102643273 246 100541 2
S 102654272 246 100538 2
S 102665272 246 100546 2
S 102676271 246 100546 2
S 102687270 246 100547 2
S 102703269 246 100552 2
S 102714269 246 100546 2
S 102725268 246 100545 2
S 102736267 246 100543 2
S 102747267 246 100551 2
S 102758266 246 100546 2
S 102769265 246 100549 2
S 102780264 246 100547 2
S 102791264 246 100549 2
S 102802263 246 100547 2
S 102813262 246 100551 2
S 102824262 246 100549 2
S 102835261 246 100547 2
S 102846260 246 100547 2
S 102857260 246 100546 2
S 102868259 246 100545 2
S 102879258 246 100544 2
S 102890258 246 100547 2
S 102901257 246 100546 2
S 102912256 246 100543 2
S 102923256 246 100543 2
S 102934255 246 100543 2
S 102945254 246 100543 2
S 102956253 246 100547 2
S 102967253 246 100543 2
S 102978252 246 100547 2
S 102989251 246 100547 2
S 103000249 246 100548 2
S 103011250 246 100550 2
S 103022249 246 100549 2
S 103033249 246 100549 2
S 103044248 246 100547 2
S 103055247 246 100546 2
S 103066247 246 100547 2
S 103077246 246 100554 2
S 103088245 246 100554 2
S 103099245 246 100552 2
S 103110244 246 100556 2
S 103121243 246 100547 2
S 103132242 246 100545 2
S 103143242 246 100543 2
S 103154241 246 100541 2
S 103165240 246 100544 2
S 103176240 246 100547 2
S 103187239 246 100540 2
S 103198238 246 100546 2
S 103209238 246 100544 2
S 103220237 246 100546 2
S 103231236 246 100538 2
S 103242236 246 100546 2
S 103253235 246 100540 2
S 103264234 246 100538 2
S 103275234 246 100541 2
S 103286233 246 100539 2
S 103297232 246 100549 2
S 103308231 246 100544 2
S 103319231 246 100546 2
S 103330230 246 100547 2
S 103341229 246 100543 2
S 103352229 246 100546 2
S 103363228 246 100545 2
S 103374227 246 100543 2
S 103385227 246 100547 2
S 103396226 246 100549 2
S 103407225 246 100548 2
S 103418225 246 100547 2
S 103429224 246 100543 2
S 103440223 246 100541 2
S 103451223 246 100544 2
S 103462222 246 100545 2
S 103473221 246 100546 2
S 103484220 246 100549 2
S 103495220 246 100546 2
S 103506219 246 100549 2
S 103517218 246 100549 2
S 103528218 246 100552 2
S 103539217 246 100549 2
S 103550216 246 100547 2
S 103561216 246 100547 2
S 103572215 246 100542 2
S 103583214 246 100544 2
S 103594214 246 100547 2
S 103605213 246 100546 2
S 103616212 246 100545 2
S 103627212 246 100541 2
S 103638211 246 100543 2
S 103649210 246 100540 2
S 103660209 246 100543 2
S 103671209 246 100546 2
S 103682208 246 100543 2
S 103693207 246 100541 2
S 103709206 246 100549 2
S 103720206 246 100546 2
S 103731205 246 100546 2
S 103742204 246 100549 2
S 103753204 246 100541 2
S 103764203 246 100543 2
S 103775202 246 100544 2
S 103786202 246 100543 2
S 103797201 246 100543 2
S 103808200 246 100542 2
S 103819200 246 100544 2
S 103830199 246 100542 2
S 103841198 246 100546 2
S 103852197 246 100545 2
S 103863197 246 100546 2
S 103874196 246 100547 2
S 103885195 246 100546 2
S 103896195 246 100544 2
S 103907194 246 100541 2
S 103918193 246 100543 2
S 103929193 246 100540 2
S 103940192 246 100544 2
S 103951191 246 100541 2
S 103962191 246 100546 2
S 103973190 246 100542 2
S 103984189 246 100541 2
S 103995189 246 100543 2
S 104006188 246 100540 2
S 104017187 246 100541 2
S 104028186 246 100538 2
S 104039186 246 100543 2
S 104050185 246 100541 2
S 104061184 246 100546 2
S 104072184 246 100542 2
S 104083183 246 100539 2
S 104094182 246 100549 2
S 104105182 246 100546 2
S 104116181 246 100545 2
S 104127180 246 100547 2
S 104138180 246 100548 2
S 104149179 246 100545 2
S 104160178 246 100543 2
S 104171178 246 100543 2
S 104182177 246 100544 2
S 104193176 246 100543 2
S 104204175 246 100543 2
S 104215175 246 100540 2
S 104226174 246 100541 2
S 104237173 246 100545 2
S 104248173 246 100543 2
S 104259172 246 100540 2
S 104270171 246 100538 2
S 104281171 246 100538 2
S 104292170 246 100537 2
S 104303169 246 100536 2
S 104314169 246 100539 2
S 104325168 246 100539 2
S 104336167 246 100540 2
S 104347167 246 100540 2
S 104358166 246 100541 2
S 104369165 246 100540 2
S 104380164 246 100544 2
S 104391164 246 100541 2
S 104402163 246 100544 2
S 104413162 246 100549 2
S 104424162 246 100546 2
S 104435161 246 100540 2
S 104446160 246 100540 2
S 104457160 246 100538 2
S 104468159 246 100543 2
S 104479158 246 100540 2
S 104490158 246 100541 2
S 104501157 246 100542 2
S 104512156 246 100540 2
S 104523156 246 100543 2
S 104534155 246 100544 2
S 104545154 246 100543 2
S 104556153 246 100545 2
S 104567153 246 100543 2
S 104578152 246 100543 2
S 104589151 246 100547 2
S 104600151 246 100545 2
S 104611150 246 100543 2
S 104622149 246 100543 2
S 104633149 246 100540 2
S 104644148 246 100541 2
S 104655147 246 100542 2
S 104666147 246 100542 2
S 104677146 246 100543 2
S 104688145 246 100544 2
S 104699145 246 100547 2
S 104715144 246 100549 2
S 104726143 246 100549 2
S 104737142 246 100546 2
S 104748141 246 100543 2
S 104759141 246 100550 2
S 104770140 246 100543 2
S 104781139 246 100546 2
S 104792139 246 100545 2
S 104803138 246 100544 2
S 104814137 246 100543 2
S 104825137 246 100547 2
S 104836136 246 100546 2
S 104847135 246 100549 2
S 104858135 246 100541 2
S 104869134 246 100543 2
S 104880133 246 100548 2
S 104891133 246 100549 2
S 104902132 246 100544 2
S 104913131 246 100547 2
S 104924130 246 100543 2
S 104935130 246 100552 2
S 104946129 246 100552 2
S 104957128 246 100549 2
S 104968128 246 100549 2
S 104979127 246 100546 2
S 104990126 246 100545 2
S 105001124 246 100547 2
S 105012125 246 100546 2
S 105023124 246 100549 2
S 105034124 246 100552 2
S 105045123 246 100546 2
S 105056122 246 100546 2
S 105067122 246 100549 2
S 105078121 246 100547 2
S 105089120 246 100543 2
S 105100119 246 100544 2
S 105111119 246 100543 2
S 105122118 246 100546 2
S 105133117 246 100547 2
S 105144117 246 100546 2
S 105155116 246 100546 2
S 105166115 246 100546 2
S 105177115 246 100548 2
S 105188114 246 100546 2
S 105199113 246 100549 2
S 105210113 246 100549 2
S 105221112 246 100547 2
S 105232111 246 100546 2
S 105243111 246 100552 2
S 105254110 246 100544 2
S 105265109 246 100549 2
S 105276108 246 100547 2
S 105287108 246 100554 2
S 105298107 246 100552 2
S 105309106 246 100550 2
S 105320106 246 100548 2
S 105331105 246 100550 2
S 105342104 246 100552 2
S 105353104 246 100548 2
S 105364103 246 100552 2
S 105375102 246 100548 2
S 105386102 246 100554 2
S 105397101 246 100552 2
S 105408100 246 100549 2
S 105419100 246 100541 2
S 105430099 246 100547 2
S 105441098 246 100543 2
S 105452097 246 100549 2
S 105463097 246 100549 2
S 105474096 246 100549 2
S 105485095 246 100549 2
S 105496095 246 100549 2
S 105507094 246 100548 2
S 105518093 246 100546 2
S 105529093 246 100546 2
S 105540092 246 100548 2
S 105551091 246 100544 2
S 105562091 246 100546 2
S 105573090 246 100551 2
S 105584089 246 100548 2
S 105595089 246 100554 2
S 105606088 246 100549 2
S 105617087 246 100543 2
S 105628086 246 100546 2
S 105639086 246 100544 2
S 105650085 246 100549 2
S 105661084 246 100549 2
S 105672084 246 100543 2
S 105683083 246 100546 2
S 105694082 246 100547 2
S 105705082 246 100542 2
S 105721081 246 100554 2
S 105732080 246 100553 2
S 105743079 246 100554 2
S 105754079 246 100549 2
S 105765078 246 100549 2
S 105776077 246 100547 2
S 105787077 246 100545 2
S 105798076 246 100543 2
S 105809075 246 100547 2
S 105820074 246 100546 2
S 105831074 246 100546 2
S 105842073 246 100541 2
S 105853072 246 100547 2
S 105864072 246 100547 2
S 105875071 246 100555 2
S 105886070 246 100546 2
S 105897070 246 100549 2
S 105908069 246 100551 2
S 105919068 246 100550 2
S 105930068 246 100544 2
S 105941067 246 100549 2
S 105952066 246 100548 2
S 105963066 246 100549 2
S 105974065 246 100546 2
S 105985064 246 100549 2
S 105996063 246 100550 2
S 106007063 246 100549 2
S 106018062 246 100549 2
S 106029061 246 100546 2
S 106040061 246 100546 2
S 106051060 246 100545 2
S 106062059 246 100547 2
S 106073059 246 100552 2
S 106084058 246 100547 2
S 106095057 246 100548 2
S 106106057 246 100546 2
S 106117056 246 100549 2
S 106128055 246 100546 2
S 106139055 246 100543 2
S 106150054 246 100542 2
S 106161053 246 100542 2
S 106172052 246 100538 2
S 106183052 246 100545 2
S 106194051 246 100549 2
S 106205050 246 100545 2
S 106216050 246 100543 2
S 106227049 246 100546 2
S 106238048 246 100546 2
S 106249048 246 100549 2
S 106260047 246 100549 2
S 106271046 246 100541 2
S 106282046 246 100549 2
S 106293045 246 100541 2
S 106304044 246 100548 2
S 106315044 246 100549 2
S 106326043 246 100551 2
S 106337042 246 100546 2
S 106348041 246 100541 2
S 106359041 246 100546 2
S 106370040 246 100542 2
S 106381039 246 100543 2
S 106392039 246 100552 2
S 106403038 246 100549 2
S 106414037 246 100546 2
S 106425037 246 100551 2
S 106436036 246 100546 2
S 106447035 246 100549 2
S 106458035 246 100549 2
S 106469034 246 100546 2
S 106480033 246 100546 2
S 106491033 246 100542 2
S 106502032 246 100544 2
S 106513031 246 100547 2
S 106524030 246 100547 2
S 106535030 246 100544 2
S 106546029 246 100543 2
S 106557028 246 100538 2
S 106568028 246 100544 2
S 106579027 246 100546 2
S 106590026 246 100546 2
S 106601026 246 100549 2
S 106612025 246 100545 2
S 106623024 246 100546 2
S 106634024 246 100544 2
S 106645023 246 100545 2
S 106656022 246 100545 2
S 106667022 246 100545 2
S 106678021 246 100546 2
S 106689020 246 100543 2
S 106700019 246 100546 2
S 106711019 246 100548 2
S 106727018 246 100546 2
S 106738017 246 100549 2
S 106749016 246 100547 2
S 106760016 246 100549 2
S 106771015 246 100543 2
S 106782014 246 100546 2
S 106793014 246 100548 2
S 106804013 246 100548 2
S 106815012 246 100553 2
S 106826012 246 100548 2
S 106837011 246 100549 2
S 106848010 246 100546 2
S 106859010 246 100549 2
S 106870009 246 100548 2
S 106881008 246 100545 2
S 106892007 246 100551 2
S 106903007 246 100545 2
S 106914006 246 100546 2
S 106925005 246 100545 2
S 106936005 246 100546 2
S 106947004 246 100546 2
S 106958003 246 100544 2
S 106969003 246 100545 2
S 106980002 246 100543 2
S 106991001 246 100544 2
S 107002001 246 100545 2
S 107013000 246 100541 2
S 107023999 246 100541 2
S 107034999 246 100538 2
S 107045998 246 100543 2
S 107056997 246 100548 2
S 107067996 246 100546 2
S 107078996 246 100544 2
S 107089995 246 100541 2
S 107100994 246 100542 2
S 107111994 246 100544 2
S 107122993 246 100543 2
S 107133992 246 100549 2
S 107144992 246 100546 2
S 107155991 246 100547 2
S 107166990 246 100550 2
S 107177990 246 100545 2
S 107188989 246 100551 2
S 107199988 246 100551 2
S 107210988 246 100551 2
S 107221987 246 100547 2
S 107232986 246 100550 2
S 107243985 246 100543 2
S 107254985 246 100550 2
S 107265984 246 100549 2
S 107276983 246 100542 2
S 107287983 246 100544 2
S 107298982 246 100549 2
S 107309981 246 100547 2
S 107320981 246 100543 2
S 107331980 246 100544 2
S 107342979 246 100546 2
S 107353979 246 100545 2
S 107364978 246 100543 2
S 107375977 246 100546 2
S 107386977 246 100547 2
S 107397976 246 100545 2
S 107408975 246 100546 2
S 107419974 246 100546 2
S 107430974 246 100546 2
S 107441973 246 100550 2
S 107452972 246 100543 2
S 107463972 246 100543 2
S 107474971 246 100542 2
S 107485970 246 100545 2
S 107496970 246 100541 2
S 107507969 246 100539 2
S 107518968 246 100535 2
S 107529968 246 100546 2
S 107540967 246 100542 2
S 107551966 246 100545 2
S 107562966 246 100543 2
S 107573965 246 100539 2
S 107584964 246 100544 2
S 107595963 246 100546 2
S 107606963 246 100545 2
S 107617962 246 100548 2
S 107628961 246 100543 2
S 107639961 246 100541 2
S 107650960 246 100547 2
S 107661959 246 100544 2
S 107672959 246 100543 2
S 107683958 246 100543 2
S 107694957 246 100546 2
S 107705957 246 100545 2
S 107716956 246 100544 2
S 107732955 246 100547 2
S 107743954 246 100555 2
S 107754954 246 100546 2
S 107765953 246 100549 2
S 107776952 246 100548 2
S 107787951 246 100549 2
S 107798951 246 100545 2
S 107809950 246 100548 2
S 107820949 246 100548 2
S 107831949 246 100554 2
S 107842948 246 100547 2
S 107853947 246 100542 2
S 107864947 246 100546 2
S 107875946 246 100544 2
S 107886945 246 100550 2
S 107897945 246 100544 2
S 107908944 246 100546 2
S 107919943 246 100549 2
S 107930943 246 100548 2
S 107941942 246 100548 2
S 107952941 246 100549 2
S 107963940 246 100548 2
S 107974940 246 100550 2
S 107985939 246 100543 2
S 107996938 246 100549 2
S 108007938 246 100546 2
S 108018937 246 100547 2
S 108029936 246 100548 2
S 108040936 246 100541 2
S 108051935 246 100544 2
S 108062934 246 100547 2
S 108073934 246 100545 2
S 108084933 246 100549 2
S 108095932 246 100543 2
S 108106932 246 100545 2
S 108117931 246 100546 2
S 108128930 246 100552 2
S 108139929 246 100550 2
S 108150929 246 100549 2
S 108161928 246 100548 2
S 108172927 246 100551 2
S 108183927 246 100548 2
S 108194926 246 100546 2
S 108205925 246 100546 2
S 108216925 246 100546 2
S 108227924 246 100549 2
S 108238923 246 100546 2
S 108249923 246 100546 2
S 108260922 246 100549 2
S 108271921 246 100549 2
S 108282921 246 100549 2
S 108293920 246 100546 2
S 108304919 246 100552 2
S 108315918 246 100545 2
S 108326918 246 100546 2
S 108337917 246 100546 2
S 108348916 246 100546 2
S 108359916 246 100551 2
S 108370915 246 100548 2
S 108381914 246 100549 2
S 108392914 246 100549 2
S 108403913 246 100552 2
S 108414912 246 100547 2
S 108425912 246 100549 2
S 108436911 246 100552 2
S 108447910 246 100543 2
S 108458910 246 100545 2
S 108469909 246 100547 2
S 108480908 246 100551 2
S 108491907 246 100551 2
S 108502907 246 100555 2
S 108513906 246 100548 2
S 108524905 246 100548 2
S 108535905 246 100546 2
S 108546904 246 100551 2
S 108557903 246 100553 2
S 108568903 246 100549 2
S 108579902 246 100548 2
S 108590901 246 100551 2
S 108601901 246 100552 2
S 108612900 246 100552 2
S 108623899 246 100553 2
S 108634899 246 100550 2
S 108645898 246 100552 2
S 108656897 246 100550 2
S 108667896 246 100555 2
S 108678896 246 100555 2
S 108689895 246 100553 2
S 108700894 246 100549 2
S 108711894 246 100552 2
S 108722893 246 100546 2
S 108738892 246 100559 2
S 108749891 246 100557 2
S 108760891 246 100557 2
S 108771890 246 100557 2
S 108782889 246 100558 2
S 108793889 246 100560 2
S 108804888 246 100556 2
S 108815887 246 100557 2
S 108826887 246 100554 2
S 108837886 246 100555 2
S 108848885 246 100555 2
S 108859884 246 100552 2
S 108870884 246 100557 2
S 108881883 246 100556 2
S 108892882 246 100552 2
S 108903882 246 100555 2
S 108914881 246 100554 2
S 108925880 246 100556 2
S 108936880 246 100555 2
S 108947879 246 100557 2
S 108958878 246 100556 2
S 108969878 246 100551 2
S 108980877 246 100552 2
S 108991876 246 100555 2
S 109002876 246 100555 2
S 109013875 246 100555 2
S 109024874 246 100553 2
S 109035873 246 100560 2
S 109046873 246 100557 2
S 109057872 246 100558 2
S 109068871 246 100555 2
S 109079871 246 100560 2
S 109090870 246 100556 2
S 109101869 246 100548 2
S 109112869 246 100557 2
S 109123868 246 100551 2
S 109134867 246 100553 2
S 109145867 246 100554 2
S 109156866 246 100554 2
S 109167865 246 100555 2
S 109178865 246 100554 2
S 109189864 246 100551 2
S 109200863 246 100549 2
S 109211862 246 100549 2
S 109222862 246 100547 2
S 109233861 246 100547 2
S 109244860 246 100555 2
S 109255860 246 100549 2
S 109266859 246 100555 2
S 109277858 246 100558 2
S 109288858 246 100555 2
S 109299857 246 100554 2
S 109310856 246 100552 2
S 109321856 246 100550 2
S 109332855 246 100548 2
S 109343854 246 100552 2
S 109354854 246 100547 2
S 109365853 246 100550 2
S 109376852 246 100550 2
S 109387851 246 100549 2
S 109398851 246 100552 2
S 109409850 246 100552 2
S 109420849 246 100555 2
S 109431849 246 100550 2
S 109442848 246 100552 2
S 109453847 246 100549 2
S 109464847 246 100548 2
S 109475846 246 100546 2
S 109486845 246 100547 2
S 109497845 246 100551 2
S 109508844 246 100546 2
S 109519843 246 100550 2
S 109530843 246 100557 2
S 109541842 246 100552 2
S 109552841 246 100555 2
S 109563840 246 100552 2
S 109574840 246 100555 2
S 109585839 246 100549 2
S 109596838 246 100549 2
S 109607838 246 100548 2
S 109618837 246 100552 2
S 109629836 246 100548 2
S 109640836 246 100546 2
S 109651835 246 100551 2
S 109662834 246 100556 2
S 109673834 246 100550 2
S 109684833 246 100546 2
S 109695832 246 100548 2
S 109706832 246 100552 2
S 109717831 246 100546 2
S 109728830 246 100549 2
S 109744829 246 100549 2
S 109755828 246 100546 2
S 109766828 246 100543 2
S 109777827 246 100544 2
S 109788826 246 100545 2
S 109799826 246 100547 2
S 109810825 246 100549 2
S 109821824 246 100542 2
S 109832824 246 100549 2
S 109843823 246 100544 2
S 109854822 246 100550 2
S 109865822 246 100548 2
S 109876821 246 100548 2
S 109887820 246 100549 2
S 109898820 246 100549 2
S 109909819 246 100542 2
S 109920818 246 100547 2
S 109931817 246 100550 2
S 109942817 246 100546 2
S 109953816 246 100543 2
S 109964815 246 100545 2
S 109975815 246 100541 2
S 109986814 246 100544 2
S 109997813 246 100543 2
S 110008813 246 100543 2
S 110019812 246 100541 2
S 110030811 246 100547 2
S 110041811 246 100544 2
S 110052810 246 100545 2
S 110063809 246 100547 2
S 110074809 246 100547 2
S 110085808 246 100547 2
S 110096807 246 100546 2
S 110107806 246 100546 2
S 110118806 246 100549 2
S 110129805 246 100555 2
S 110140804 246 100547 2
S 110151804 246 100547 2
S 110162803 246 100546 2
S 110173802 246 100549 2
S 110184802 246 100542 2
S 110195801 246 100546 2
S 110206800 246 100547 2
S 110217800 246 100543 2
S 110228799 246 100546 2
S 110239798 246 100541 2
S 110250798 246 100545 2
S 110261797 246 100543 2
S 110272796 246 100542 2
S 110283795 246 100543 2
S 110294795 246 100551 2
S 110305794 246 100546 2
S 110316793 246 100543 2
S 110327793 246 100543 2
S 110338792 246 100542 2
S 110349791 246 100544 2
S 110360791 246 100543 2
S 110371790 246 100543 2
S 110382789 246 100541 2
S 110393789 246 100543 2
S 110404788 246 100543 2
S 110415787 246 100540 2
S 110426787 246 100542 2
S 110437786 246 100538 2
S 110448785 246 100541 2
S 110459784 246 100546 2
S 110470784 246 100544 2
S 110481783 246 100543 2
S 110492782 246 100547 2
S 110503782 246 100540 2
S 110514781 246 100544 2
S 110525780 246 100546 2
S 110536780 246 100541 2
S 110547779 246 100546 2
S 110558778 246 100538 2
S 110569778 246 100544 2
S 110580777 246 100547 2
S 110591776 246 100543 2
S 110602776 246 100541 2
S 110613775 246 100545 2
S 110624774 246 100540 2
S 110635773 246 100545 2
S 110646773 246 100545 2
S 110657772 246 100541 2
S 110668771 246 100544 2
S 110679771 246 100541 2
S 110690770 246 100542 2
S 110701769 246 100552 2
S 110712769 246 100544 2
S 110723768 246 100546 2
S 110734767 246 100548 2
S 110750766 246 100549 2
S 110761766 246 100550 2
S 110772765 246 100548 2
S 110783764 246 100543 2
S 110794764 246 100543 2
S 110805763 246 100541 2
S 110816762 246 100543 2
S 110827761 246 100543 2
S 110838761 246 100536 2
S 110849760 246 100539 2
S 110860759 246 100547 2
S 110871759 246 100539 2
S 110882758 246 100547 2
S 110893757 246 100548 2
S 110904757 246 100550 2
S 110915756 246 100547 2
S 110926755 246 100549 2
S 110937755 246 100550 2
S 110948754 246 100549 2
S 110959753 246 100546 2
S 110970753 246 100546 2
S 110981752 246 100539 2
S 110992751 246 100535 2
S 111003750 246 100540 2
S 111014750 246 100541 2
S 111025749 246 100541 2
S 111036748 246 100543 2
S 111047748 246 100546 2
S 111058747 246 100543 2
S 111069746 246 100542 2
S 111080746 246 100539 2
S 111091745 246 100543 2
S 111102744 246 100546 2
S 111113744 246 100544 2
S 111124743 246 100542 2
S 111135742 246 100543 2
S 111146742 246 100548 2
S 111157741 246 100545 2
S 111168740 246 100548 2
S 111179739 246 100545 2
S 111190739 246 100542 2
S 111201738 246 100543 2
S 111212737 246 100538 2
S 111223737 246 100541 2
S 111234736 246 100538 2
S 111245735 246 100542 2
S 111256735 246 100542 2
S 111267734 246 100541 2
S 111278733 246 100543 2
S 111289733 246 100541 2
S 111300732 246 100546 2
S 111311731 246 100545 2
S 111322731 246 100547 2
S 111333730 246 100545 2
S 111344729 246 100545 2
S 111355728 246 100541 2
S 111366728 246 100542 2
S 111377727 246 100546 2
S 111388726 246 100548 2
S 111399726 246 100544 2
S 111410725 246 100541 2
S 111421724 246 100543 2
S 111432724 246 100543 2
S 111443723 246 100544 2
S 111454722 246 100541 2
S 111465722 246 100546 2
S 111476721 246 100548 2
S 111487720 246 100543 2
S 111498720 246 100544 2
S 111509719 246 100546 2
S 111520718 246 100541 2
S 111531717 246 100540 2
S 111542717 246 100533 2
S 111553716 246 100538 2
S 111564715 246 100537 2
S 111575715 246 100541 2
S 111586714 246 100540 2
S 111597713 246 100541 2
S 111608713 246 100548 2
S 111619712 246 100542 2
S 111630711 246 100543 2
S 111641711 246 100551 2
S 111652710 246 100543 2
S 111663709 246 100546 2
S 111674709 246 100544 2
S 111685708 246 100541 2
S 111696707 246 100545 2
S 111707706 246 100540 2
S 111718706 246 100542 2
S 111729705 246 100540 2
S 111740704 246 100541 2
S 111756703 246 100546 2
S 111767703 246 100544 2
S 111778702 246 100541 2
S 111789701 246 100546 2
S 111800701 246 100544 2
S 111811700 246 100542 2
S 111822699 246 100546 2
S 111833699 246 100543 2
S 111844698 246 100540 2
S 111855697 246 100544 2
S 111866697 246 100543 2
S 111877696 246 100543 2
S 111888695 246 100547 2
S 111899694 246 100546 2
S 111910694 246 100543 2
S 111921693 246 100548 2
S 111932692 246 100544 2
S 111943692 246 100538 2
S 111954691 246 100545 2
S 111965690 246 100543 2
S 111976690 246 100545 2
S 111987689 246 100538 2
S 111998688 246 100538 2
S 112009688 246 100541 2
S 112020687 246 100544 2
S 112031686 246 100539 2
S 112042686 246 100541 2
S 112053685 246 100544 2
S 112064684 246 100543 2
S 112075683 246 100547 2
S 112086683 246 100548 2
S 112097682 246 100550 2
S 112108681 246 100548 2
S 112119681 246 100548 2
S 112130680 246 100547 2
S 112141679 246 100546 2
S 112152679 246 100546 2
S 112163678 246 100546 2
S 112174677 246 100546 2
S 112185677 246 100541 2
S 112196676 246 100546 2
S 112207675 246 100549 2
S 112218675 246 100547 2
S 112229674 246 100546 2
S 112240673 246 100546 2
S 112251672 246 100545 2
S 112262672 246 100549 2
S 112273671 246 100544 2
S 112284670 246 100546 2
S 112295670 246 100554 2
S 112306669 246 100546 2
S 112317668 246 100545 2
S 112328668 246 100543 2
S 112339667 246 100546 2
S 112350666 246 100545 2
S 112361666 246 100539 2
S 112372665 246 100540 2
S 112383664 246 100541 2
S 112394664 246 100541 2
S 112405663 246 100546 2
S 112416662 246 100544 2
S 112427661 246 100546 2
S 112438661 246 100547 2
S 112449660 246 100552 2
S 112460659 246 100544 2
S 112471659 246 100547 2
S 112482658 246 100544 2
S 112493657 246 100545 2
S 112504657 246 100546 2
S 112515656 246 100542 2
S 112526655 246 100542 2
S 112537655 246 100544 2
S 112548654 246 100541 2
S 112559653 246 100544 2
S 112570653 246 100541 2
S 112581652 246 100542 2
S 112592651 246 100536 2
S 112603650 246 100544 2
S 112614650 246 100547 2
S 112625649 246 100541 2
S 112636648 246 100548 2
S 112647648 246 100544 2
S 112658647 246 100545 2
S 112669646 246 100548 2
S 112680646 246 100543 2
S 112691645 246 100543 2
S 112702644 246 100542 2
S 112713644 246 100544 2
S 112724643 246 100544 2
S 112735642 246 100541 2
S 112746642 246 100543 2
S 112762641 246 100548 2
S 112773640 246 100552 2
S 112784639 246 100544 2
S 112795638 246 100548 2
S 112806638 246 100549 2
S 112817637 246 100549 2
S 112828636 246 100549 2
S 112839636 246 100546 2
S 112850635 246 100546 2
S 112861634 246 100550 2
S 112872634 246 100551 2
S 112883633 246 100552 2
S 112894632 246 100554 2
S 112905632 246 100552 2
S 112916631 246 100551 2
S 112927630 246 100551 2
S 112938630 246 100548 2
S 112949629 246 100549 2
S 112960628 246 100554 2
S 112971627 246 100549 2
S 112982627 246 100548 2
S 112993626 246 100555 2
S 113004625 246 100549 2
S 113015625 246 100553 2
S 113026624 246 100553 2
S 113037623 246 100550 2
S 113048623 246 100552 2
S 113059622 246 100544 2
S 113070621 246 100545 2
S 113081621 246 100541 2
S 113092620 246 100546 2
S 113103619 246 100546 2
S 113114619 246 100547 2
S 113125618 246 100543 2
S 113136617 246 100544 2
S 113147616 246 100551 2
S 113158616 246 100548 2
S 113169615 246 100549 2
S 113180614 246 100544 2
S 113191614 246 100544 2
S 113202613 246 100549 2
S 113213612 246 100545 2
S 113224612 246 100548 2
S 113235611 246 100546 2
S 113246610 246 100551 2
S 113257610 246 100546 2
S 113268609 246 100546 2
S 113279608 246 100550 2
S 113290608 246 100554 2
S 113301607 246 100550 2
S 113312606 246 100544 2
S 113323605 246 100547 2
S 113334605 246 100543 2
S 113345604 246 100542 2
S 113356603 246 100543 2
S 113367603 246 100545 2
S 113378602 246 100547 2
S 113389601 246 100548 2
S 113400601 246 100544 2
S 113411600 246 100545 2
S 113422599 246 100540 2
S 113433599 246 100544 2
S 113444598 246 100544 2
S 113455597 246 100543 2
S 113466597 246 100551 2
S 113477596 246 100546 2
S 113488595 246 100547 2
S 113499594 246 100549 2
S 113510594 246 100547 2
S 113521593 246 100547 2
S 113532592 246 100544 2
S 113543592 246 100541 2
S 113554591 246 100546 2
S 113565590 246 100546 2
S 113576590 246 100548 2
S 113587589 246 100549 2
S 113598588 246 100549 2
S 113609588 246 100548 2
S 113620587 246 100549 2
S 113631586 246 100546 2
S 113642586 246 100550 2
S 113653585 246 100546 2
S 113664584 246 100550 2
S 113675583 246 100549 2
S 113686583 246 100549 2
S 113697582 246 100545 2
S 113708581 246 100549 2
S 113719581 246 100549 2
S 113730580 246 100548 2
S 113741579 246 100549 2
S 113752579 246 100544 2
S 113768578 247 100553 2
S 113779577 247 100547 2
S 113790576 247 100545 2
S 113801576 247 100549 2
S 113812575 247 100551 2
S 113823574 247 100545 2
S 113834574 247 100545 2
S 113845573 247 100551 2
S 113856572 247 100549 2
S 113867571 247 100552 2
S 113878571 247 100550 2
S 113889570 247 100551 2
S 113900569 247 100546 2
S 113911569 247 100549 2
S 113922568 247 100552 2
S 113933567 247 100548 2
S 113944567 247 100546 2
S 113955566 247 100546 2
S 113966565 247 100548 2
S 113977565 247 100548 2
S 113988564 247 100555 2
S 113999563 247 100553 2
S 114010563 247 100546 2
S 114021562 247 100550 2
S 114032561 247 100551 2
S 114043560 247 100547 2
S 114054560 247 100549 2
S 114065559 247 100549 2
S 114076558 247 100549 2
S 114087558 247 100551 2
S 114098557 247 100546 2
S 114109556 247 100550 2
S 114120556 247 100546 2
S 114131555 247 100549 2
S 114142554 247 100549 2
S 114153554 247 100546 2
S 114164553 247 100544 2
S 114175552 247 100549 2
S 114186552 247 100546 2
S 114197551 247 100549 2
S 114208550 247 100546 2
S 114219549 247 100549 2
S 114230549 247 100544 2
S 114241548 247 100547 2
S 114252547 247 100549 2
S 114263547 247 100547 2
S 114274546 247 100547 2
S 114285545 247 100555 2
S 114296545 247 100551 2
S 114307544 247 100549 2
S 114318543 247 100549 2
S 114329543 247 100551 2
S 114340542 247 100549 2
S 114351541 247 100545 2
S 114362541 247 100551 2
S 114373540 247 100553 2
S 114384539 247 100552 2
S 114395538 247 100550 2
S 114406538 247 100553 2
S 114417537 247 100550 2
S 114428536 247 100551 2
S 114439536 247 100549 2
S 114450535 247 100552 2
S 114461534 247 100550 2
S 114472534 247 100546 2
S 114483533 247 100551 2
S 114494532 247 100545 2
S 114505532 247 100551 2
S 114516531 247 100553 2
S 114527530 247 100556 2
S 114538530 247 100551 2
S 114549529 247 100552 2
S 114560528 247 100551 2
S 114571527 247 100554 2
S 114582527 247 100551 2
S 114593526 247 100552 2
S 114604525 247 100555 2
S 114615525 247 100552 2
S 114626524 247 100552 2
S 114637523 247 100549 2
S 114648523 247 100548 2
S 114659522 247 100552 2
S 114670521 247 100554 2
S 114681521 247 100552 2
S 114692520 247 100554 2
S 114703519 247 100555 2
S 114714519 247 100552 2
S 114725518 247 100554 2
S 114736517 247 100553 2
S 114747516 247 100553 2
S 114758516 247 100552 2
S 114774515 247 100557 2
S 114785514 247 100555 2
S 114796513 247 100551 2
S 114807513 247 100548 2
S 114818512 247 100547 2
S 114829511 247 100549 2
S 114840511 247 100548 2
S 114851510 247 100550 2
S 114862509 247 100549 2
S 114873509 247 100553 2
S 114884508 247 100558 2
S 114895507 247 100554 2
S 114906507 247 100556 2
S 114917506 247 100556 2
S 114928505 247 100555 2
S 114939504 247 100559 2
S 114950504 247 100557 2
S 114961503 247 100560 2
S 114972502 247 100554 2
S 114983502 247 100552 2
S 114994501 247 100552 2
S 115005500 247 100552 2
S 115016500 247 100557 2
S 115027499 247 100556 2
S 115038498 247 100554 2
S 115049498 247 100553 2
S 115060497 247 100559 2
S 115071496 247 100554 2
S 115082496 247 100552 2
S 115093495 247 100549 2
S 115104494 247 100549 2
S 115115493 247 100553 2
S 115126493 247 100548 2
S 115137492 247 100549 2
S 115148491 247 100553 2
S 115159491 247 100551 2
S 115170490 247 100552 2
S 115181489 247 100551 2
S 115192489 247 100553 2
S 115203488 247 100555 2
S 115214487 247 100554 2
S 115225487 247 100554 2
S 115236486 247 100557 2
S 115247485 247 100554 2
S 115258485 247 100553 2
S 115269484 247 100552 2
S 115280483 247 100555 2
S 115291482 247 100553 2
S 115302482 247 100555 2
S 115313481 247 100557 2
S 115324480 247 100556 2
S 115335480 247 100555 2
S 115346479 247 100557 2
S 115357478 247 100555 2
S 115368478 247 100558 2
S 115379477 247 100558 2
S 115390476 247 100555 2
S 115401476 247 100558 2
S 115412475 247 100557 2
S 115423474 247 100559 2
S 115434474 247 100557 2
S 115445473 247 100555 2
S 115456472 247 100551 2
S 115467471 247 100558 2
S 115478471 247 100555 2
S 115489470 247 100553 2
S 115500469 247 100553 2
S 115511469 247 100555 2
S 115522468 247 100552 2
S 115533467 247 100551 2
S 115544467 247 100550 2
S 115555466 247 100552 2
S 115566465 247 100550 2
S 115577465 247 100555 2
S 115588464 247 100550 2
S 115599463 247 100557 2
S 115610463 247 100553 2
S 115621462 247 100555 2
S 115632461 247 100549 2
S 115643460 247 100550 2
S 115654460 247 100548 2
S 115665459 247 100550 2
S 115676458 247 100553 2
S 115687458 247 100556 2
S 115698457 247 100553 2
S 115709456 247 100555 2
S 115720456 247 100552 2
S 115731455 247 100555 2
S 115742454 247 100551 2
S 115753454 247 100548 2
S 115764453 247 100548 2
S 115780452 246 100546 2
S 115791451 246 100545 2
S 115802451 246 100541 2
S 115813450 246 100543 2
S 115824449 246 100545 2
S 115835448 246 100544 2
S 115846448 246 100541 2
S 115857447 246 100547 2
S 115868446 246 100551 2
S 115879446 246 100549 2
S 115890445 246 100546 2
S 115901444 246 100544 2
S 115912444 246 100546 2
S 115923443 246 100538 2
S 115934442 246 100539 2
S 115945442 246 100541 2
S 115956441 246 100539 2
S 115967440 246 100541 2
S 115978440 246 100536 2
S 115989439 246 100545 2
S 116000437 246 100547 2
S 116011437 246 100543 2
S 116022437 246 100543 2
S 116033436 246 100543 2
S 116044435 246 100540 2
S 116055435 246 100539 2
S 116066434 246 100544 2
S 116077433 246 100541 2
S 116088433 246 100539 2
S 116099432 246 100541 2
S 116110431 246 100543 2
S 116121431 246 100544 2
S 116132430 246 100547 2
S 116143429 246 100541 2
S 116154429 246 100541 2
S 116165428 246 100541 2
S 116176427 246 100546 2
S 116187426 246 100546 2
S 116198426 246 100544 2
S 116209425 246 100546 2
S 116220424 246 100541 2
S 116231424 246 100549 2
S 116242423 246 100547 2
S 116253422 246 100549 2
S 116264422 246 100549 2
S 116275421 246 100549 2
S 116286420 246 100544 2
S 116297420 246 100546 2
S 116308419 246 100548 2
S 116319418 246 100541 2
S 116330418 246 100544 2
S 116341417 246 100547 2
S 116352416 246 100544 2
S 116363415 246 100543 2
S 116374415 246 100539 2
S 116385414 246 100541 2
S 116396413 246 100542 2
S 116407413 246 100540 2
S 116418412 246 100543 2
S 116429411 246 100549 2
S 116440411 246 100542 2
S 116451410 246 100543 2
S 116462409 246 100546 2
S 116473409 246 100544 2
S 116484408 246 100535 2
S 116495407 246 100541 2
S 116506407 246 100541 2
S 116517406 246 100538 2
S 116528405 246 100542 2
S 116539404 246 100542 2
S 116550404 246 100539 2
S 116561403 246 100539 2
S 116572402 246 100541 2
S 116583402 246 100543 2
S 116594401 246 100541 2
S 116605400 246 100539 2
S 116616400 246 100542 2
S 116627399 246 100541 2
S 116638398 246 100541 2
S 116649398 246 100541 2
S 116660397 246 100543 2
S 116671396 246 100541 2
S 116682396 246 100544 2
S 116693395 246 100541 2
S 116704394 246 100544 2
S 116715393 246 100540 2
S 116726393 246 100543 2
S 116737392 246 100544 2
S 116748391 246 100544 2
S 116759391 246 100545 2
S 116770390 246 100541 2
S 116786389 247 100554 2
S 116797388 247 100549 2
S 116808388 247 100552 2
S 116819387 247 100554 2
S 116830386 247 100555 2
S 116841386 247 100554 2
S 116852385 247 100558 2
S 116863384 247 100552 2
S 116874384 247 100553 2
S 116885383 247 100552 2
S 116896382 247 100558 2
S 116907381 247 100552 2
S 116918381 247 100554 2
S 116929380 247 100552 2
S 116940379 247 100553 2
S 116951379 247 100555 2
S 116962378 247 100554 2
S 116973377 247 100555 2
S 116984377 247 100555 2
S 116995376 247 100559 2
S 117006375 247 100552 2
S 117017375 247 100552 2
S 117028374 247 100554 2
S 117039373 247 100552 2
S 117050373 247 100553 2
S 117061372 247 100555 2
S 117072371 247 100551 2
S 117083370 247 100553 2
S 117094370 247 100554 2
S 117105369 247 100557 2
S 117116368 247 100555 2
S 117127368 247 100555 2
S 117138367 247 100553 2
S 117149366 247 100557 2
S 117160366 247 100553 2
S 117171365 247 100551 2
S 117182364 247 100553 2
S 117193364 247 100556 2
S 117204363 247 100555 2
S 117215362 247 100552 2
S 117226362 247 100552 2
S 117237361 247 100558 2
S 117248360 247 100552 2
S 117259359 247 100557 2
S 117270359 247 100549 2
S 117281358 247 100551 2
S 117292357 247 100552 2
S 117303357 247 100554 2
S 117314356 247 100552 2
S 117325355 247 100556 2
S 117336355 247 100553 2
S 117347354 247 100558 2
S 117358353 247 100557 2
S 117369353 247 100549 2
S 117380352 247 100552 2
S 117391351 247 100555 2
S 117402351 247 100554 2
S 117413350 247 100552 2
S 117424349 247 100560 2
S 117435348 247 100558 2
S 117446348 247 100558 2
S 117457347 247 100552 2
S 117468346 247 100558 2
S 117479346 247 100556 2
S 117490345 247 100557 2
S 117501344 247 100552 2
S 117512344 247 100558 2
S 117523343 247 100555 2
S 117534342 247 100556 2
S 117545342 247 100552 2
S 117556341 247 100551 2
S 117567340 247 100552 2
S 117578340 247 100558 2
S 117589339 247 100554 2
S 117600338 247 100552 2
S 117611337 247 100552 2
S 117622337 247 100547 2
S 117633336 247 100554 2
S 117644335 247 100556 2
S 117655335 247 100553 2
S 117666334 247 100551 2
S 117677333 247 100555 2
S 117688333 247 100554 2
S 117699332 247 100549 2
S 117710331 247 100552 2
S 117721331 247 100549 2
S 117732330 247 100553 2
S 117743329 247 100553 2
S 117754329 247 100552 2
S 117765328 247 100555 2
S 117776327 247 100554 2
S 117792326 246 100548 2
S 117803325 246 100548 2
S 117814325 246 100545 2
S 117825324 246 100549 2
S 117836323 246 100550 2
S 117847323 246 100549 2
S 117858322 246 100548 2
S 117869321 246 100548 2
S 117880321 246 100546 2
S 117891320 246 100548 2
S 117902319 246 100548 2
S 117913319 246 100547 2
S 117924318 246 100546 2
S 117935317 246 100550 2
S 117946317 246 100552 2
S 117957316 246 100552 2
S 117968315 246 100549 2
S 117979314 246 100547 2
S 117990314 246 100547 2
S 118001314 246 100543 2
S 118012312 246 100552 2
S 118023312 246 100551 2
S 118034311 246 100552 2
S 118045310 246 100558 2
S 118056310 246 100548 2
S 118067309 246 100553 2
S 118078308 246 100549 2
S 118089308 246 100555 2
S 118100307 246 100555 2
S 118111306 246 100550 2
S 118122306 246 100549 2
S 118133305 246 100550 2
S 118144304 246 100547 2
S 118155303 246 100550 2
S 118166303 246 100546 2
S 118177302 246 100545 2
S 118188301 246 100551 2
S 118199301 246 100549 2
S 118210300 246 100546 2
S 118221299 246 100549 2
S 118232299 246 100549 2
S 118243298 246 100552 2
S 118254297 246 100552 2
S 118265297 246 100551 2
S 118276296 246 100549 2
S 118287295 246 100548 2
S 118298295 246 100549 2
S 118309294 246 100546 2
S 118320293 246 100545 2
S 118331292 246 100546 2
S 118342292 246 100548 2
S 118353291 246 100549 2
S 118364290 246 100552 2
S 118375290 246 100552 2
S 118386289 246 100550 2
S 118397288 246 100550 2
S 118408288 246 100552 2
S 118419287 246 100553 2
S 118430286 246 100553 2
S 118441286 246 100553 2
S 118452285 246 100557 2
S 118463284 246 100551 2
S 118474284 246 100549 2
S 118485283 246 100554 2
S 118496282 246 100554 2
S 118507281 246 100552 2
S 118518281 246 100556 2
S 118529280 246 100560 2
S 118540279 246 100552 2
S 118551279 246 100553 2
S 118562278 246 100553 2
S 118573277 246 100552 2
S 118584277 246 100550 2
S 118595276 246 100552 2
S 118606275 246 100552 2
S 118617275 246 100547 2
S 118628274 246 100556 2
S 118639273 246 100557 2
S 118650273 246 100560 2
S 118661272 246 100557 2
S 118672271 246 100558 2
S 118683270 246 100555 2
S 118694270 246 100554 2
S 118705269 246 100555 2
S 118716268 246 100552 2
S 118727268 246 100552 2
S 118738267 246 100549 2
S 118749266 246 100552 2
S 118760266 246 100553 2
S 118771265 246 100554 2
S 118782264 246 100554 2
S 118798263 246 100554 2
S 118809263 246 100552 2
S 118820262 246 100553 2
S 118831261 246 100551 2
S 118842261 246 100553 2
S 118853260 246 100546 2
S 118864259 246 100554 2
S 118875258 246 100552 2
S 118886258 246 100549 2
S 118897257 246 100552 2
S 118908256 246 100551 2
S 118919256 246 100546 2
S 118930255 246 100549 2
S 118941254 246 100547 2
S 118952254 246 100552 2
S 118963253 246 100550 2
S 118974252 246 100551 2
S 118985252 246 100548 2
S 118996251 246 100553 2
S 119007250 246 100546 2
S 119018250 246 100552 2
S 119029249 246 100552 2
S 119040248 246 100553 2
S 119051247 246 100551 2
S 119062247 246 100560 2
S 119073246 246 100551 2
S 119084245 246 100556 2
S 119095245 246 100552 2
S 119106244 246 100557 2
S 119117243 246 100557 2
S 119128243 246 100553 2
S 119139242 246 100554 2
S 119150241 246 100555 2
S 119161241 246 100555 2
S 119172240 246 100556 2
S 119183239 246 100552 2
S 119194239 246 100552 2
S 119205238 246 100551 2
S 119216237 246 100553 2
S 119227236 246 100552 2
S 119238236 246 100550 2
S 119249235 246 100552 2
S 119260234 246 100546 2
S 119271234 246 100546 2
S 119282233 246 100546 2
S 119293232 246 100546 2
S 119304232 246 100549 2
S 119315231 246 100557 2
S 119326230 246 100555 2
S 119337230 246 100553 2
S 119348229 246 100547 2
S 119359228 246 100549 2
S 119370228 246 100549 2
S 119381227 246 100549 2
S 119392226 246 100549 2
S 119403225 246 100552 2
S 119414225 246 100546 2
S 119425224 246 100545 2
S 119436223 246 100549 2
S 119447223 246 100552 2
S 119458222 246 100552 2
S 119469221 246 100549 2
S 119480221 246 100550 2
S 119491220 246 100548 2
S 119502219 246 100548 2
S 119513219 246 100550 2
S 119524218 246 100549 2
S 119535217 246 100555 2
S 119546217 246 100550 2
S 119557216 246 100547 2
S 119568215 246 100548 2
S 119579214 246 100549 2
S 119590214 246 100542 2
S 119601213 246 100543 2
S 119612212 246 100541 2
S 119623212 246 100546 2
S 119634211 246 100548 2
S 119645210 246 100551 2
S 119656210 246 100547 2
S 119667209 246 100545 2
S 119678208 246 100550 2
S 119689208 246 100547 2
S 119700207 246 100547 2
S 119711206 246 100549 2
S 119722206 246 100553 2
S 119733205 246 100550 2
S 119744204 246 100547 2
S 119755203 246 100552 2
S 119766203 246 100546 2
S 119777202 246 100555 2
S 119788201 246 100551 2
S 119804200 246 100553 2
S 119815200 246 100551 2
S 119826199 246 100551 2
S 119837198 246 100549 2
S 119848198 246 100552 2
S 119859197 246 100548 2
S 119870196 246 100551 2
S 119881196 246 100560 2
S 119892195 246 100551 2
S 119903194 246 100550 2
S 119914194 246 100552 2
S 119925193 246 100555 2
S 119936192 246 100553 2
S 119947191 246 100556 2
S 119958191 246 100555 2
S 119969190 246 100551 2
S 119980189 246 100554 2
S 119991189 246 100545 2
S 120002189 246 100546 2
S 120013187 246 100550 2
S 120024187 246 100544 2
S 120035186 246 100546 2
S 120046185 246 100548 2
S 120057185 246 100545 2
S 120068184 246 100549 2
S 120079183 246 100549 2
S 120090183 246 100552 2
S 120101182 246 100548 2
S 120112181 246 100549 2
S 120123180 246 100544 2
S 120134180 246 100545 2
S 120145179 246 100546 2
S 120156178 246 100545 2
S 120167178 246 100547 2
S 120178177 246 100549 2
S 120189176 246 100548 2
S 120200176 246 100542 2
S 120211175 246 100550 2
S 120222174 246 100546 2
S 120233174 246 100545 2
S 120244173 246 100548 2
S 120255172 246 100552 2
S 120266172 246 100549 2
S 120277171 246 100552 2
S 120288170 246 100547 2
S 120299169 246 100549 2
S 120310169 246 100548 2
S 120321168 246 100549 2
S 120332167 246 100551 2
S 120343167 246 100549 2
S 120354166 246 100545 2
S 120365165 246 100549 2
S 120376165 246 100546 2
S 120387164 246 100544 2
S 120398163 246 100546 2
S 120409163 246 100546 2
S 120420162 246 100552 2
S 120431161 246 100548 2
S 120442161 246 100547 2
S 120453160 246 100544 2
S 120464159 246 100547 2
S 120475158 246 100549 2
S 120486158 246 100544 2
S 120497157 246 100545 2
S 120508156 246 100549 2
S 120519156 246 100549 2
S 120530155 246 100551 2
S 120541154 246 100554 2
S 120552154 246 100550 2
S 120563153 246 100549 2
S 120574152 246 100544 2
S 120585152 246 100542 2
S 120596151 246 100549 2
S 120607150 246 100549 2
S 120618150 246 100544 2
S 120629149 246 100544 2
S 120640148 246 100544 2
S 120651147 246 100548 2
S 120662147 246 100538 2
S 120673146 246 100546 2
S 120684145 246 100548 2
S 120695145 246 100545 2
S 120706144 246 100549 2
S 120717143 246 100548 2
S 120728143 246 100546 2
S 120739142 246 100545 2
S 120750141 246 100546 2
S 120761141 246 100547 2
S 120772140 246 100538 2
S 120783139 246 100541 2
S 120794139 246 100538 2
S 120810138 246 100549 2
S 120821137 246 100548 2
S 120832136 246 100550 2
S 120843135 246 100546 2
S 120854135 246 100543 2
S 120865134 246 100545 2
S 120876133 246 100545 2
S 120887133 246 100544 2
S 120898132 246 100546 2
S 120909131 246 100542 2
S 120920131 246 100546 2
S 120931130 246 100545 2
S 120942129 246 100544 2
S 120953129 246 100548 2
S 120964128 246 100546 2
S 120975127 246 100540 2
S 120986127 246 100545 2
S 120997126 246 100539 2
S 121008125 246 100538 2
S 121019124 246 100538 2
S 121030124 246 100546 2
S 121041123 246 100546 2
S 121052122 246 100547 2
S 121063122 246 100544 2
S 121074121 246 100544 2
S 121085120 246 100540 2
S 121096120 246 100547 2
S 121107119 246 100541 2
S 121118118 246 100543 2
S 121129118 246 100543 2
S 121140117 246 100544 2
S 121151116 246 100542 2
S 121162116 246 100544 2
S 121173115 246 100547 2
S 121184114 246 100546 2
S 121195113 246 100548 2
S 121206113 246 100546 2
S 121217112 246 100546 2
S 121228111 246 100546 2
S 121239111 246 100544 2
S 121250110 246 100540 2
S 121261109 246 100542 2
S 121272109 246 100542 2
S 121283108 246 100546 2
S 121294107 246 100545 2
S 121305107 246 100549 2
S 121316106 246 100542 2
S 121327105 246 100543 2
S 121338105 246 100546 2
S 121349104 246 100544 2
S 121360103 246 100546 2
S 121371102 246 100541 2
S 121382102 246 100541 2
S 121393101 246 100542 2
S 121404100 246 100539 2
S 121415100 246 100544 2
S 121426099 246 100549 2
S 121437098 246 100544 2
S 121448098 246 100544 2
S 121459097 246 100545 2
S 121470096 246 100547 2
S 121481096 246 100546 2
S 121492095 246 100544 2
S 121503094 246 100546 2
S 121514094 246 100547 2
S 121525093 246 100542 2
S 121536092 246 100546 2
S 121547091 246 100540 2
S 121558091 246 100544 2
S 121569090 246 100546 2
S 121580089 246 100546 2
S 121591089 246 100541 2
S 121602088 246 100546 2
S 121613087 246 100547 2
S 121624087 246 100546 2
S 121635086 246 100545 2
S 121646085 246 100544 2
S 121657085 246 100542 2
S 121668084 246 100538 2
S 121679083 246 100541 2
S 121690083 246 100542 2
S 121701082 246 100545 2
S 121712081 246 100541 2
S 121723080 246 100546 2
S 121734080 246 100544 2
S 121745079 246 100547 2
S 121756078 246 100543 2
S 121767078 246 100544 2
S 121778077 246 100544 2
S 121789076 246 100545 2
S 121800076 246 100545 2
S 121816075 247 100553 2
S 121827074 247 100555 2
S 121838073 247 100552 2
S 121849073 247 100556 2
S 121860072 247 100554 2
S 121871071 247 100552 2
S 121882071 247 100552 2
S 121893070 247 100552 2
S 121904069 247 100551 2
S 121915068 247 100553 2
S 121926068 247 100546 2
S 121937067 247 100552 2
S 121948066 247 100550 2
S 121959066 247 100551 2
S 121970065 247 100548 2
S 121981064 247 100549 2
S 121992064 247 100546 2
S 122003063 247 100549 2
S 122014062 247 100552 2
S 122025062 247 100555 2
S 122036061 247 100555 2
S 122047060 247 100555 2
S 122058060 247 100555 2
S 122069059 247 100550 2
S 122080058 247 100556 2
S 122091057 247 100556 2
S 122102057 247 100559 2
S 122113056 247 100556 2
S 122124055 247 100552 2
S 122135055 247 100554 2
S 122146054 247 100548 2
S 122157053 247 100555 2
S 122168053 247 100555 2
S 122179052 247 100560 2
S 122190051 247 100553 2
S 122201051 247 100558 2
S 122212050 247 100557 2
S 122223049 247 100553 2
S 122234049 247 100549 2
S 122245048 247 100559 2
S 122256047 247 100555 2
S 122267046 247 100559 2
S 122278046 247 100556 2
S 122289045 247 100555 2
S 122300044 247 100561 2
S 122311044 247 100567 2
S 122322043 247 100560 2
S 122333042 247 100559 2
S 122344042 247 100558 2
S 122355041 247 100557 2
S 122366040 247 100555 2
S 122377040 247 100558 2
S 122388039 247 100561 2
S 122399038 247 100560 2
S 122410038 247 100559 2
S 122421037 247 100552 2
S 122432036 247 100565 2
S 122443035 247 100557 2
S 122454035 247 100555 2
S 122465034 247 100558 2
S 122476033 247 100557 2
S 122487033 247 100553 2
S 122498032 247 100554 2
S 122509031 247 100556 2
S 122520031 247 100555 2
S 122531030 247 100553 2
S 122542029 247 100558 2
S 122553029 247 100555 2
S 122564028 247 100553 2
S 122575027 247 100557 2
S 122586027 247 100550 2
S 122597026 247 100554 2
S 122608025 247 100557 2
S 122619024 247 100555 2
S 122630024 247 100552 2
S 122641023 247 100553 2
S 122652022 247 100552 2
S 122663022 247 100557 2
S 122674021 247 100560 2
S 122685020 247 100561 2
S 122696020 247 100562 2
S 122707019 247 100558 2
S 122718018 247 100558 2
S 122729018 247 100558 2
S 122740017 247 100552 2
S 122751016 247 100555 2
S 122762016 247 100556 2
S 122773015 247 100554 2
S 122784014 247 100558 2
S 122795013 247 100553 2
S 122806013 247 100563 2
S 122822012 246 100550 2
S 122833011 246 100552 2
S 122844010 246 100553 2
S 122855010 246 100553 2
S 122866009 246 100552 2
S 122877008 246 100546 2
S 122888008 246 100550 2
S 122899007 246 100549 2
S 122910006 246 100553 2
S 122921006 246 100549 2
S 122932005 246 100555 2
S 122943004 246 100549 2
S 122954004 246 100546 2
S 122965003 246 100544 2
S 122976002 246 100547 2
S 122987001 246 100546 2
S 122998001 246 100545 2
S 123009000 246 100547 2
S 123019999 246 100544 2
S 123030999 246 100541 2
S 123041998 246 100544 2
S 123052997 246 100541 2
S 123063997 246 100546 2
S 123074996 246 100545 2
S 123085995 246 100550 2
S 123096995 246 100546 2
S 123107994 246 100541 2
S 123118993 246 100547 2
S 123129993 246 100547 2
S 123140992 246 100549 2
S 123151991 246 100547 2
S 123162990 246 100546 2
S 123173990 246 100549 2
S 123184989 246 100545 2
S 123195988 246 100548 2
S 123206988 246 100546 2
S 123217987 246 100539 2
S 123228986 246 100544 2
S 123239986 246 100547 2
S 123250985 246 100545 2
S 123261984 246 100547 2
S 123272984 246 100541 2
S 123283983 246 100546 2
S 123294982 246 100544 2
S 123305982 246 100541 2
S 123316981 246 100541 2
S 123327980 246 100542 2
S 123338979 246 100546 2
S 123349979 246 100549 2
S 123360978 246 100545 2
S 123371977 246 100545 2
S 123382977 246 100546 2
S 123393976 246 100543 2
S 123404975 246 100545 2
S 123415975 246 100546 2
S 123426974 246 100548 2
S 123437973 246 100549 2
S 123448973 246 100546 2
S 123459972 246 100542 2
S 123470971 246 100545 2
S 123481971 246 100542 2
S 123492970 246 100543 2
S 123503969 246 100538 2
S 123514968 246 100542 2
S 123525968 246 100541 2
S 123536967 246 100544 2
S 123547966 246 100543 2
S 123558966 246 100548 2
S 123569965 246 100546 2
S 123580964 246 100544 2
S 123591964 246 100541 2
S 123602963 246 100542 2
S 123613962 246 100545 2
S 123624962 246 100547 2
S 123635961 246 100549 2
S 123646960 246 100545 2
S 123657960 246 100544 2
S 123668959 246 100552 2
S 123679958 246 100548 2
S 123690957 246 100545 2
S 123701957 246 100543 2
S 123712956 246 100544 2
S 123723955 246 100542 2
S 123734955 246 100544 2
S 123745954 246 100544 2
S 123756953 246 100549 2
S 123767953 246 100545 2
S 123778952 246 100548 2
S 123789951 246 100548 2
S 123800951 246 100545 2
S 123811950 246 100547 2
S 123827949 246 100553 2
S 123838948 246 100546 2
S 123849948 246 100552 2
S 123860947 246 100547 2
S 123871946 246 100549 2
S 123882945 246 100548 2
S 123893945 246 100547 2
S 123904944 246 100546 2
S 123915943 246 100546 2
S 123926943 246 100544 2
S 123937942 246 100542 2
S 123948941 246 100547 2
S 123959941 246 100546 2
S 123970940 246 100544 2
S 123981939 246 100546 2
S 123992939 246 100549 2
S 124003938 246 100546 2
S 124014937 246 100547 2
S 124025937 246 100553 2
S 124036936 246 100549 2
S 124047935 246 100550 2
S 124058934 246 100547 2
S 124069934 246 100544 2
S 124080933 246 100546 2
S 124091932 246 100549 2
S 124102932 246 100552 2
S 124113931 246 100546 2
S 124124930 246 100547 2
S 124135930 246 100549 2
S 124146929 246 100548 2
S 124157928 246 100551 2
S 124168928 246 100549 2
S 124179927 246 100546 2
S 124190926 246 100548 2
S 124201926 246 100549 2
S 124212925 246 100550 2
S 124223924 246 100553 2
S 124234923 246 100541 2
S 124245923 246 100546 2
S 124256922 246 100545 2
S 124267921 246 100548 2
S 124278921 246 100546 2
S 124289920 246 100546 2
S 124300919 246 100547 2
S 124311919 246 100541 2
S 124322918 246 100541 2
S 124333917 246 100543 2
S 124344917 246 100546 2
S 124355916 246 100546 2
S 124366915 246 100542 2
S 124377915 246 100546 2
S 124388914 246 100549 2
S 124399913 246 100548 2
S 124410912 246 100548 2
S 124421912 246 100545 2
S 124432911 246 100541 2
S 124443910 246 100540 2
S 124454910 246 100541 2
S 124465909 246 100538 2
S 124476908 246 100540 2
S 124487908 246 100541 2
S 124498907 246 100541 2
S 124509906 246 100535 2
S 124520906 246 100538 2
S 124531905 246 100535 2
S 124542904 246 100540 2
S 124553904 246 100540 2
S 124564903 246 100542 2
S 124575902 246 100538 2
S 124586901 246 100540 2
S 124597901 246 100544 2
S 124608900 246 100545 2
S 124619899 246 100543 2
S 124630899 246 100541 2
S 124641898 246 100540 2
S 124652897 246 100541 2
S 124663897 246 100550 2
S 124674896 246 100548 2
S 124685895 246 100547 2
S 124696895 246 100545 2
S 124707894 246 100541 2
S 124718893 246 100544 2
S 124729893 246 100541 2
S 124740892 246 100546 2
S 124751891 246 100543 2
S 124762890 246 100543 2
S 124773890 246 100545 2
S 124784889 246 100544 2
S 124795888 246 100542 2
S 124806888 246 100538 2
S 124817887 246 100540 2
S 124833886 246 100549 2
S 124844885 246 100546 2
S 124855885 246 100538 2
S 124866884 246 100540 2
S 124877883 246 100544 2
S 124888883 246 100545 2
S 124899882 246 100546 2
S 124910881 246 100541 2
S 124921881 246 100544 2
S 124932880 246 100541 2
S 124943879 246 100544 2
S 124954878 246 100544 2
S 124965878 246 100541 2
S 124976877 246 100544 2
S 124987876 246 100543 2
S 124998876 246 100540 2
S 125009875 246 100545 2
S 125020874 246 100546 2
S 125031874 246 100544 2
S 125042873 246 100542 2
S 125053872 246 100540 2
S 125064872 246 100540 2
S 125075871 246 100540 2
S 125086870 246 100538 2
S 125097870 246 100544 2
S 125108869 246 100540 2
S 125119868 246 100541 2
S 125130867 246 100538 2
S 125141867 246 100544 2
S 125152866 246 100546 2
S 125163865 246 100549 2
S 125174865 246 100547 2
S 125185864 246 100544 2
S 125196863 246 100538 2
S 125207863 246 100543 2
S 125218862 246 100543 2
S 125229861 246 100541 2
S 125240861 246 100542 2
S 125251860 246 100542 2
S 125262859 246 100541 2
S 125273859 246 100541 2
S 125284858 246 100538 2
S 125295857 246 100541 2
S 125306856 246 100536 2
S 125317856 246 100541 2
S 125328855 246 100539 2
S 125339854 246 100536 2
S 125350854 246 100541 2
S 125361853 246 100542 2
S 125372852 246 100542 2
S 125383852 246 100543 2
S 125394851 246 100541 2
S 125405850 246 100544 2
S 125416850 246 100541 2
S 125427849 246 100542 2
S 125438848 246 100541 2
S 125449848 246 100540 2
S 125460847 246 100538 2
S 125471846 246 100534 2
S 125482845 246 100537 2
S 125493845 246 100540 2
S 125504844 246 100541 2
S 125515843 246 100543 2
S 125526843 246 100539 2
S 125537842 246 100541 2
S 125548841 246 100543 2
S 125559841 246 100535 2
S 125570840 246 100539 2
S 125581839 246 100544 2
S 125592839 246 100547 2
S 125603838 246 100546 2
S 125614837 246 100548 2
S 125625837 246 100538 2
S 125636836 246 100543 2
S 125647835 246 100533 2
S 125658834 246 100535 2
S 125669834 246 100538 2
S 125680833 246 100540 2
S 125691832 246 100545 2
S 125702832 246 100544 2
S 125713831 246 100539 2
S 125724830 246 100539 2
S 125735830 246 100545 2
S 125746829 246 100542 2
S 125757828 246 100544 2
S 125768828 246 100542 2
S 125779827 246 100546 2
S 125790826 246 100540 2
S 125801826 246 100541 2
S 125812825 246 100546 2
S 125823824 246 100544 2
S 125839823 247 100556 2
S 125850822 247 100550 2
S 125861822 247 100546 2
S 125872821 247 100552 2
S 125883820 247 100552 2
S 125894820 247 100549 2
S 125905819 247 100547 2
S 125916818 247 100547 2
S 125927818 247 100547 2
S 125938817 247 100552 2
S 125949816 247 100550 2
S 125960816 247 100554 2
S 125971815 247 100549 2
S 125982814 247 100552 2
S 125993814 247 100546 2
S 126004813 247 100552 2
S 126015812 247 100549 2
S 126026811 247 100551 2
S 126037811 247 100549 2
S 126048810 247 100553 2
S 126059809 247 100550 2
S 126070809 247 100549 2
S 126081808 247 100549 2
S 126092807 247 100549 2
S 126103807 247 100552 2
S 126114806 247 100552 2
S 126125805 247 100546 2
S 126136805 247 100549 2
S 126147804 247 100549 2
S 126158803 247 100549 2
S 126169803 247 100547 2
S 126180802 247 100547 2
S 126191801 247 100547 2
S 126202800 247 100548 2
S 126213800 247 100554 2
S 126224799 247 100552 2
S 126235798 247 100550 2
S 126246798 247 100549 2
S 126257797 247 100550 2
S 126268796 247 100547 2
S 126279796 247 100549 2
S 126290795 247 100547 2
S 126301794 247 100551 2
S 126312794 247 100549 2
S 126323793 247 100551 2
S 126334792 247 100553 2
S 126345792 247 100549 2
S 126356791 247 100547 2
S 126367790 247 100548 2
S 126378789 247 100553 2
S 126389789 247 100554 2
S 126400788 247 100551 2
S 126411787 247 100554 2
S 126422787 247 100555 2
S 126433786 247 100552 2
S 126444785 247 100551 2
S 126455785 247 100547 2
S 126466784 247 100549 2
S 126477783 247 100558 2
S 126488783 247 100551 2
S 126499782 247 100549 2
S 126510781 247 100552 2
S 126521781 247 100557 2
S 126532780 247 100555 2
S 126543779 247 100551 2
S 126554778 247 100554 2
S 126565778 247 100548 2
S 126576777 247 100552 2
S 126587776 247 100546 2
S 126598776 247 100552 2
S 126609775 247 100548 2
S 126620774 247 100545 2
S 126631774 247 100552 2
S 126642773 247 100546 2
S 126653772 247 100544 2
S 126664772 247 100551 2
S 126675771 247 100544 2
S 126686770 247 100552 2
S 126697770 247 100552 2
S 126708769 247 100549 2
S 126719768 247 100552 2
S 126730767 247 100547 2
S 126741767 247 100547 2
S 126752766 247 100551 2
S 126763765 247 100552 2
S 126774765 247 100553 2
S 126785764 247 100552 2
S 126796763 247 100555 2
S 126807763 247 100553 2
S 126818762 247 100552 2
S 126829761 247 100555 2
S 126845760 247 100555 2
S 126856760 247 100553 2
S 126867759 247 100557 2
S 126878758 247 100552 2
S 126889758 247 100556 2
S 126900757 247 100549 2
S 126911756 247 100555 2
S 126922755 247 100549 2
S 126933755 247 100554 2
S 126944754 247 100553 2
S 126955753 247 100547 2
S 126966753 247 100553 2
S 126977752 247 100553 2
S 126988751 247 100551 2
S 126999751 247 100548 2
S 127010750 247 100549 2
S 127021749 247 100555 2
S 127032749 247 100552 2
S 127043748 247 100551 2
S 127054747 247 100551 2
S 127065747 247 100555 2
S 127076746 247 100553 2
S 127087745 247 100546 2
S 127098744 247 100549 2
S 127109744 247 100552 2
S 127120743 247 100549 2
S 127131742 247 100550 2
S 127142742 247 100552 2
S 127153741 247 100552 2
S 127164740 247 100551 2
S 127175740 247 100548 2
S 127186739 247 100549 2
S 127197738 247 100549 2
S 127208738 247 100547 2
S 127219737 247 100547 2
S 127230736 247 100546 2
S 127241736 247 100549 2
S 127252735 247 100547 2
S 127263734 247 100547 2
S 127274733 247 100549 2
S 127285733 247 100548 2
S 127296732 247 100545 2
S 127307731 247 100549 2
S 127318731 247 100549 2
S 127329730 247 100546 2
S 127340729 247 100548 2
S 127351729 247 100546 2
S 127362728 247 100546 2
S 127373727 247 100553 2
S 127384727 247 100547 2
S 127395726 247 100546 2
S 127406725 247 100548 2
S 127417725 247 100551 2
S 127428724 247 100546 2
S 127439723 247 100544 2
S 127450722 247 100546 2
S 127461722 247 100547 2
S 127472721 247 100549 2
S 127483720 247 100546 2
S 127494720 247 100544 2
S 127505719 247 100544 2
S 127516718 247 100549 2
S 127527718 247 100548 2
S 127538717 247 100548 2
S 127549716 247 100549 2
S 127560716 247 100551 2
S 127571715 247 100551 2
S 127582714 247 100549 2
S 127593714 247 100551 2
S 127604713 247 100555 2
S 127615712 247 100552 2
S 127626711 247 100549 2
S 127637711 247 100549 2
S 127648710 247 100549 2
S 127659709 247 100550 2
S 127670709 247 100554 2
S 127681708 247 100556 2
S 127692707 247 100556 2
S 127703707 247 100555 2
S 127714706 247 100554 2
S 127725705 247 100550 2
S 127736705 247 100555 2
S 127747704 247 100558 2
S 127758703 247 100552 2
S 127769703 247 100547 2
S 127780702 247 100550 2
S 127791701 247 100556 2
S 127802700 247 100556 2
S 127813700 247 100552 2
S 127824699 247 100549 2
S 127835698 247 100552 2
S 127851697 247 100555 2
S 127862697 247 100554 2
S 127873696 247 100555 2
S 127884695 247 100555 2
S 127895695 247 100554 2
S 127906694 247 100552 2
S 127917693 247 100549 2
S 127928693 247 100554 2
S 127939692 247 100551 2
S 127950691 247 100549 2
S 127961691 247 100550 2
S 127972690 247 100549 2
S 127983689 247 100549 2
S 127994688 247 100554 2
S 128005688 247 100549 2
S 128016687 247 100552 2
S 128027686 247 100546 2
S 128038686 247 100549 2
S 128049685 247 100550 2
S 128060684 247 100546 2
S 128071684 247 100547 2
S 128082683 247 100545 2
S 128093682 247 100552 2
S 128104682 247 100546 2
S 128115681 247 100552 2
S 128126680 247 100550 2
S 128137680 247 100550 2
S 128148679 247 100552 2
S 128159678 247 100550 2
S 128170677 247 100552 2
S 128181677 247 100549 2
S 128192676 247 100552 2
S 128203675 247 100549 2
S 128214675 247 100552 2
S 128225674 247 100548 2
S 128236673 247 100549 2
S 128247673 247 100550 2
S 128258672 247 100552 2
S 128269671 247 100546 2
S 128280671 247 100547 2
S 128291670 247 100546 2
S 128302669 247 100551 2
S 128313669 247 100549 2
S 128324668 247 100547 2
S 128335667 247 100545 2
S 128346666 247 100552 2
S 128357666 247 100551 2
S 128368665 247 100558 2
S 128379664 247 100551 2
S 128390664 247 100552 2
S 128401663 247 100549 2
S 128412662 247 100546 2
S 128423662 247 100547 2
S 128434661 247 100547 2
S 128445660 247 100545 2
S 128456660 247 100545 2
S 128467659 247 100541 2
S 128478658 247 100544 2
S 128489658 247 100549 2
S 128500657 247 100546 2
S 128511656 247 100548 2
S 128522655 247 100546 2
S 128533655 247 100547 2
S 128544654 247 100550 2
S 128555653 247 100546 2
S 128566653 247 100549 2
S 128577652 247 100553 2
S 128588651 247 100549 2
S 128599651 247 100551 2
S 128610650 247 100551 2
S 128621649 247 100552 2
S 128632649 247 100552 2
S 128643648 247 100552 2
S 128654647 247 100551 2
S 128665647 247 100551 2
S 128676646 247 100551 2
S 128687645 247 100546 2
S 128698644 247 100551 2
S 128709644 247 100552 2
S 128720643 247 100552 2
S 128731642 247 100551 2
S 128742642 247 100550 2
S 128753641 247 100550 2
S 128764640 247 100549 2
S 128775640 247 100548 2
S 128786639 247 100553 2
S 128797638 247 100552 2
S 128808638 247 100552 2
S 128819637 247 100550 2
S 128830636 247 100551 2
S 128841636 247 100552 2
S 128857635 247 100558 2
S 128868634 247 100549 2
S 128879633 247 100557 2
S 128890632 247 100549 2
S 128901632 247 100548 2
S 128912631 247 100546 2
S 128923630 247 100549 2
S 128934630 247 100550 2
S 128945629 247 100547 2
S 128956628 247 100549 2
S 128967628 247 100553 2
S 128978627 247 100553 2
S 128989626 247 100550 2
S 129000624 247 100553 2
S 129011625 247 100552 2
S 129022624 247 100560 2
S 129033624 247 100555 2
S 129044623 247 100558 2
S 129055622 247 100552 2
S 129066621 247 100554 2
S 129077621 247 100550 2
S 129088620 247 100549 2
S 129099619 247 100552 2
S 129110619 247 100552 2
S 129121618 247 100553 2
S 129132617 247 100552 2
S 129143617 247 100548 2
S 129154616 247 100549 2
S 129165615 247 100544 2
S 129176615 247 100547 2
S 129187614 247 100545 2
S 129198613 247 100547 2
S 129209613 247 100553 2
S 129220612 247 100554 2
S 129231611 247 100547 2
S 129242610 247 100547 2
S 129253610 247 100543 2
S 129264609 247 100547 2
S 129275608 247 100544 2
S 129286608 247 100546 2
S 129297607 247 100544 2
S 129308606 247 100548 2
S 129319606 247 100551 2
S 129330605 247 100546 2
S 129341604 247 100549 2
S 129352604 247 100552 2
S 129363603 247 100547 2
S 129374602 247 100545 2
S 129385602 247 100544 2
S 129396601 247 100543 2
S 129407600 247 100546 2
S 129418599 247 100548 2
S 129429599 247 100550 2
S 129440598 247 100549 2
S 129451597 247 100546 2
S 129462597 247 100544 2
S 129473596 247 100547 2
S 129484595 247 100546 2
S 129495595 247 100543 2
S 129506594 247 100547 2
S 129517593 247 100544 2
S 129528593 247 100544 2
S 129539592 247 100544 2
S 129550591 247 100546 2
S 129561591 247 100544 2
S 129572590 247 100549 2
S 129583589 247 100547 2
S 129594588 247 100544 2
S 129605588 247 100549 2
S 129616587 247 100545 2
S 129627586 247 100549 2
S 129638586 247 100546 2
S 129649585 247 100545 2
S 129660584 247 100544 2
S 129671584 247 100543 2
S 129682583 247 100546 2
S 129693582 247 100544 2
S 129704582 247 100543 2
S 129715581 247 100546 2
S 129726580 247 100549 2
S 129737580 247 100549 2
S 129748579 247 100547 2
S 129759578 247 100552 2
S 129770577 247 100546 2
S 129781577 247 100546 2
S 129792576 247 100550 2
S 129803575 247 100546 2
S 129814575 247 100548 2
S 129825574 247 100546 2
S 129836573 247 100546 2
S 129847573 247 100544 2
S 129863572 247 100549 2
S 129874571 247 100546 2
S 129885570 247 100545 2
S 129896570 247 100545 2
S 129907569 247 100546 2
S 129918568 247 100546 2
S 129929568 247 100546 2
S 129940567 247 100545 2
S 129951566 247 100548 2
S 129962565 247 100543 2
S 129973565 247 100544 2
S 129984564 247 100549 2
S 129995563 247 100546 2
S 130006563 247 100545 2
S 130017562 247 100546 2
S 130028561 247 100548 2
S 130039561 247 100544 2
S 130050560 247 100546 2
S 130061559 247 100545 2
S 130072559 247 100548 2
S 130083558 247 100546 2
S 130094557 247 100544 2
S 130105557 247 100547 2
S 130116556 247 100544 2
S 130127555 247 100544 2
S 130138554 247 100541 2
S 130149554 247 100544 2
S 130160553 247 100546 2
S 130171552 247 100546 2
S 130182552 247 100545 2
S 130193551 247 100546 2
S 130204550 247 100545 2
S 130215550 247 100546 2
S 130226549 247 100544 2
S 130237548 247 100541 2
S 130248548 247 100544 2
S 130259547 247 100542 2
S 130270546 247 100541 2
S 130281546 247 100544 2
S 130292545 247 100548 2
S 130303544 247 100546 2
S 130314543 247 100545 2
S 130325543 247 100544 2
S 130336542 247 100544 2
S 130347541 247 100543 2
S 130358541 247 100547 2
S 130369540 247 100544 2
S 130380539 247 100545 2
S 130391539 247 100543 2
S 130402538 247 100541 2
S 130413537 247 100546 2
S 130424537 247 100539 2
S 130435536 247 100542 2
S 130446535 247 100542 2
S 130457535 247 100543 2
S 130468534 247 100544 2
S 130479533 247 100542 2
S 130490532 247 100538 2
S 130501532 247 100541 2
S 130512531 247 100542 2
S 130523530 247 100541 2
S 130534530 247 100542 2
S 130545529 247 100541 2
S 130556528 247 100539 2
S 130567528 247 100541 2
S 130578527 247 100542 2
S 130589526 247 100541 2
S 130600526 247 100539 2
S 130611525 247 100543 2
S 130622524 247 100539 2
S 130633524 247 100541 2
S 130644523 247 100543 2
S 130655522 247 100544 2
S 130666521 247 100541 2
S 130677521 247 100541 2
S 130688520 247 100543 2
S 130699519 247 100543 2
S 130710519 247 100542 2
S 130721518 247 100543 2
S 130732517 247 100542 2
S 130743517 247 100545 2
S 130754516 247 100542 2
S 130765515 247 100543 2
S 130776515 247 100542 2
S 130787514 247 100539 2
S 130798513 247 100541 2
S 130809513 247 100542 2
S 130820512 247 100541 2
S 130831511 247 100544 2
S 130842510 247 100541 2
S 130853510 247 100542 2
S 130869509 247 100541 2
S 130880508 247 100544 2
S 130891507 247 100544 2
S 130902507 247 100538 2
S 130913506 247 100543 2
S 130924505 247 100544 2
S 130935505 247 100541 2
S 130946504 247 100541 2
S 130957503 247 100542 2
S 130968503 247 100543 2
S 130979502 247 100543 2
S 130990501 247 100546 2
S 131001501 247 100546 2
S 131012500 247 100544 2
S 131023499 247 100544 2
S 131034498 247 100544 2
S 131045498 247 100546 2
S 131056497 247 100544 2
S 131067496 247 100544 2
S 131078496 247 100544 2
S 131089495 247 100546 2
S 131100494 247 100544 2
S 131111494 247 100544 2
S 131122493 247 100546 2
S 131133492 247 100545 2
S 131144492 247 100547 2
S 131155491 247 100548 2
S 131166490 247 100545 2
S 131177490 247 100546 2
S 131188489 247 100548 2
S 131199488 247 100541 2
S 131210487 247 100543 2
S 131221487 247 100547 2
S 131232486 247 100546 2
S 131243485 247 100545 2
S 131254485 247 100547 2
S 131265484 247 100551 2
S 131276483 247 100547 2
S 131287483 247 100544 2
S 131298482 247 100545 2
S 131309481 247 100542 2
S 131320481 247 100548 2
S 131331480 247 100544 2
S 131342479 247 100552 2
S 131353479 247 100544 2
S 131364478 247 100545 2
S 131375477 247 100549 2
S 131386476 247 100548 2
S 131397476 247 100546 2
S 131408475 247 100546 2
S 131419474 247 100547 2
S 131430474 247 100550 2
S 131441473 247 100549 2
S 131452472 247 100548 2
S 131463472 247 100548 2
S 131474471 247 100547 2
S 131485470 247 100546 2
S 131496470 247 100544 2
S 131507469 247 100546 2
S 131518468 247 100538 2
S 131529468 247 100543 2
S 131540467 247 100542 2
S 131551466 247 100547 2
S 131562465 247 100548 2
S 131573465 247 100545 2
S 131584464 247 100542 2
S 131595463 247 100545 2
S 131606463 247 100545 2
S 131617462 247 100543 2
S 131628461 247 100541 2
S 131639461 247 100542 2
S 131650460 247 100546 2
S 131661459 247 100547 2
S 131672459 247 100546 2
S 131683458 247 100544 2
S 131694457 247 100544 2
S 131705457 247 100547 2
S 131716456 247 100548 2
S 131727455 247 100547 2
S 131738454 247 100545 2
S 131749454 247 100546 2
S 131760453 247 100545 2
S 131771452 247 100544 2
S 131782452 247 100545 2
S 131793451 247 100545 2
S 131804450 247 100548 2
S 131815450 247 100549 2
S 131826449 247 100549 2
S 131837448 247 100546 2
S 131848448 247 100541 2
S 131859447 247 100543 2
S 131875446 246 100544 2
S 131886445 246 100542 2
S 131897445 246 100546 2
S 131908444 246 100546 2
S 131919443 246 100549 2
S 131930442 246 100549 2
S 131941442 246 100548 2
S 131952441 246 100541 2
S 131963440 246 100546 2
S 131974440 246 100547 2
S 131985439 246 100541 2
S 131996438 246 100542 2
S 132007438 246 100545 2
S 132018437 246 100539 2
S 132029436 246 100538 2
S 132040436 246 100543 2
S 132051435 246 100540 2
S 132062434 246 100536 2
S 132073434 246 100538 2
S 132084433 246 100545 2
S 132095432 246 100538 2
S 132106431 246 100540 2
S 132117431 246 100540 2
S 132128430 246 100536 2
S 132139429 246 100538 2
S 132150429 246 100546 2
S 132161428 246 100543 2
S 132172427 246 100544 2
S 132183427 246 100543 2
S 132194426 246 100541 2
S 132205425 246 100543 2
S 132216425 246 100541 2
S 132227424 246 100540 2
S 132238423 246 100542 2
S 132249423 246 100541 2
S 132260422 246 100542 2
S 132271421 246 100541 2
S 132282420 246 100544 2
S 132293420 246 100544 2
S 132304419 246 100543 2
S 132315418 246 100547 2
S 132326418 246 100540 2
S 132337417 246 100541 2
S 132348416 246 100537 2
S 132359416 246 100543 2
S 132370415 246 100545 2
S 132381414 246 100543 2
S 132392414 246 100540 2
S 132403413 246 100541 2
S 132414412 246 100539 2
S 132425412 246 100538 2
S 132436411 246 100541 2
S 132447410 246 100541 2
S 132458409 246 100537 2
S 132469409 246 100538 2
S 132480408 246 100539 2
S 132491407 246 100543 2
S 132502407 246 100539 2
S 132513406 246 100540 2
S 132524405 246 100543 2
S 132535405 246 100544 2
S 132546404 246 100539 2
S 132557403 246 100537 2
S 132568403 246 100541 2
S 132579402 246 100540 2
S 132590401 246 100538 2
S 132601401 246 100538 2
S 132612400 246 100546 2
S 132623399 246 100541 2
S 132634398 246 100544 2
S 132645398 246 100541 2
S 132656397 246 100541 2
S 132667396 246 100537 2
S 132678396 246 100538 2
S 132689395 246 100541 2
S 132700394 246 100542 2
S 132711394 246 100541 2
S 132722393 246 100541 2
S 132733392 246 100541 2
S 132744392 246 100539 2
S 132755391 246 100543 2
S 132766390 246 100544 2
S 132777390 246 100540 2
S 132788389 246 100542 2
S 132799388 246 100537 2
S 132810387 246 100539 2
S 132821387 246 100539 2
S 132832386 246 100540 2
S 132843385 246 100542 2
S 132854385 246 100540 2
S 132865384 246 100538 2
S 132881383 247 100547 2
S 132892382 247 100550 2
S 132903382 247 100546 2
S 132914381 247 100542 2
S 132925380 247 100544 2
S 132936380 247 100545 2
S 132947379 247 100547 2
S 132958378 247 100546 2
S 132969378 247 100541 2
S 132980377 247 100544 2
S 132991376 247 100544 2
S 133002375 247 100544 2
S 133013375 247 100546 2
S 133024374 247 100546 2
S 133035373 247 100544 2
S 133046373 247 100543 2
S 133057372 247 100544 2
S 133068371 247 100546 2
S 133079371 247 100544 2
S 133090370 247 100545 2
S 133101369 247 100545 2
S 133112369 247 100544 2
S 133123368 247 100548 2
S 133134367 247 100549 2
S 133145367 247 100549 2
S 133156366 247 100544 2
S 133167365 247 100546 2
S 133178364 247 100546 2
S 133189364 247 100549 2
S 133200363 247 100542 2
S 133211362 247 100546 2
S 133222362 247 100551 2
S 133233361 247 100549 2
S 133244360 247 100545 2
S 133255360 247 100545 2
S 133266359 247 100549 2
S 133277358 247 100544 2
S 133288358 247 100548 2
S 133299357 247 100548 2
S 133310356 247 100546 2
S 133321356 247 100554 2
S 133332355 247 100552 2
S 133343354 247 100552 2
S 133354353 247 100551 2
S 133365353 247 100549 2
S 133376352 247 100552 2
S 133387351 247 100547 2
S 133398351 247 100546 2
S 133409350 247 100549 2
S 133420349 247 100544 2
S 133431349 247 100546 2
S 133442348 247 100548 2
S 133453347 247 100550 2
S 133464347 247 100551 2
S 133475346 247 100552 2
S 133486345 247 100548 2
S 133497345 247 100546 2
S 133508344 247 100548 2
S 133519343 247 100545 2
S 133530342 247 100546 2
S 133541342 247 100549 2
S 133552341 247 100547 2
S 133563340 247 100548 2
S 133574340 247 100553 2
S 133585339 247 100549 2
S 133596338 247 100548 2
S 133607338 247 100542 2
S 133618337 247 100546 2
S 133629336 247 100544 2
S 133640336 247 100547 2
S 133651335 247 100543 2
S 133662334 247 100542 2
S 133673334 247 100541 2
S 133684333 247 100541 2
S 133695332 247 100544 2
S 133706331 247 100543 2
S 133717331 247 100545 2
S 133728330 247 100543 2
S 133739329 247 100546 2
S 133750329 247 100547 2
S 133761328 247 100545 2
S 133772327 247 100546 2
S 133783327 247 100546 2
S 133794326 247 100548 2
S 133805325 247 100545 2
S 133816325 247 100544 2
S 133827324 247 100542 2
S 133838323 247 100546 2
S 133849323 247 100547 2
S 133860322 247 100552 2
S 133871321 247 100549 2
S 133887320 247 100544 2
S 133898319 247 100544 2
S 133909319 247 100544 2
S 133920318 247 100544 2
S 133931317 247 100546 2
S 133942317 247 100544 2
S 133953316 247 100550 2
S 133964315 247 100544 2
S 133975315 247 100547 2
S 133986314 247 100547 2
S 133997313 247 100544 2
S 134008313 247 100541 2
S 134019312 247 100544 2
S 134030311 247 100541 2
S 134041311 247 100542 2
S 134052310 247 100547 2
S 134063309 247 100552 2
S 134074308 247 100544 2
S 134085308 247 100547 2
S 134096307 247 100545 2
S 134107306 247 100545 2
S 134118306 247 100542 2
S 134129305 247 100545 2
S 134140304 247 100546 2
S 134151304 247 100550 2
S 134162303 247 100547 2
S 134173302 247 100546 2
S 134184302 247 100548 2
S 134195301 247 100549 2
S 134206300 247 100546 2
S 134217300 247 100552 2
S 134228299 247 100552 2
S 134239298 247 100552 2
S 134250297 247 100552 2
S 134261297 247 100548 2
S 134272296 247 100550 2
S 134283295 247 100553 2
S 134294295 247 100549 2
S 134305294 247 100550 2
S 134316293 247 100549 2
S 134327293 247 100550 2
S 134338292 247 100551 2
S 134349291 247 100551 2
S 134360291 247 100546 2
S 134371290 247 100549 2
S 134382289 247 100552 2
S 134393289 247 100550 2
S 134404288 247 100555 2
S 134415287 247 100550 2
S 134426286 247 100549 2
S 134437286 247 100550 2
S 134448285 247 100546 2
S 134459284 247 100553 2
S 134470284 247 100547 2
S 134481283 247 100546 2
S 134492282 247 100549 2
S 134503282 247 100546 2
S 134514281 247 100546 2
S 134525280 247 100549 2
S 134536280 247 100544 2
S 134547279 247 100546 2
S 134558278 247 100546 2
S 134569278 247 100548 2
S 134580277 247 100546 2
S 134591276 247 100546 2
S 134602275 247 100549 2
S 134613275 247 100543 2
S 134624274 247 100550 2
S 134635273 247 100550 2
S 134646273 247 100551 2
S 134657272 247 100545 2
S 134668271 247 100551 2
S 134679271 247 100546 2
S 134690270 247 100549 2
S 134701269 247 100546 2
S 134712269 247 100547 2
S 134723268 247 100549 2
S 134734267 247 100549 2
S 134745267 247 100546 2
S 134756266 247 100545 2
S 134767265 247 100544 2
S 134778264 247 100546 2
S 134789264 247 100549 2
S 134800263 247 100548 2
S 134811262 247 100552 2
S 134822262 247 100547 2
S 134833261 247 100551 2
S 134844260 247 100549 2
S 134855260 247 100544 2
S 134866259 247 100546 2
S 134877258 247 100549 2
S 134893257 247 100545 2
S 134904257 247 100542 2
S 134915256 247 100550 2
S 134926255 247 100547 2
S 134937255 247 100547 2
S 134948254 247 100544 2
S 134959253 247 100548 2
S 134970252 247 100545 2
S 134981252 247 100544 2
S 134992251 247 100544 2
S 135003250 247 100552 2
S 135014250 247 100549 2
S 135025249 247 100547 2
S 135036248 247 100550 2
S 135047248 247 100545 2
S 135058247 247 100547 2
S 135069246 247 100550 2
S 135080246 247 100548 2
S 135091245 247 100550 2
S 135102244 247 100556 2
S 135113244 247 100550 2
S 135124243 247 100551 2
S 135135242 247 100549 2
S 135146241 247 100548 2
S 135157241 247 100547 2
S 135168240 247 100547 2
S 135179239 247 100546 2
S 135190239 247 100546 2
S 135201238 247 100546 2
S 135212237 247 100549 2
S 135223237 247 100549 2
S 135234236 247 100549 2
S 135245235 247 100545 2
S 135256235 247 100546 2
S 135267234 247 100549 2
S 135278233 247 100549 2
S 135289233 247 100545 2
S 135300232 247 100549 2
S 135311231 247 100546 2
S 135322230 247 100545 2
S 135333230 247 100547 2
S 135344229 247 100547 2
S 135355228 247 100549 2
S 135366228 247 100550 2
S 135377227 247 100553 2
S 135388226 247 100547 2
S 135399226 247 100551 2
S 135410225 247 100552 2
S 135421224 247 100553 2
S 135432224 247 100547 2
S 135443223 247 100549 2
S 135454222 247 100549 2
S 135465222 247 100549 2
S 135476221 247 100555 2
S 135487220 247 100549 2
S 135498219 247 100555 2
S 135509219 247 100551 2
S 135520218 247 100554 2
S 135531217 247 100548 2
S 135542217 247 100549 2
S 135553216 247 100546 2
S 135564215 247 100547 2
S 135575215 247 100547 2
S 135586214 247 100545 2
S 135597213 247 100546 2
S 135608213 247 100548 2
S 135619212 247 100546 2
S 135630211 247 100549 2
S 135641211 247 100546 2
S 135652210 247 100545 2
S 135663209 247 100546 2
S 135674208 247 100547 2
S 135685208 247 100549 2
S 135696207 247 100544 2
S 135707206 247 100547 2
S 135718206 247 100549 2
S 135729205 247 100546 2
S 135740204 247 100553 2
S 135751204 247 100555 2
S 135762203 247 100559 2
S 135773202 247 100552 2
S 135784202 247 100551 2
S 135795201 247 100549 2
S 135806200 247 100550 2
S 135817200 247 100550 2
S 135828199 247 100549 2
S 135839198 247 100547 2
S 135850197 247 100550 2
S 135861197 247 100552 2
S 135872196 247 100552 2
S 135883195 247 100551 2
S 135899194 246 100547 2
S 135910194 246 100549 2
S 135921193 246 100552 2
S 135932192 246 100546 2
S 135943192 246 100545 2
S 135954191 246 100555 2
S 135965190 246 100552 2
S 135976190 246 100552 2
S 135987189 246 100550 2
S 135998188 246 100550 2
S 136009188 246 100553 2
S 136020187 246 100549 2
S 136031186 246 100549 2
S 136042185 246 100552 2
S 136053185 246 100548 2
S 136064184 246 100552 2
S 136075183 246 100549 2
S 136086183 246 100553 2
S 136097182 246 100551 2
S 136108181 246 100558 2
S 136119181 246 100549 2
S 136130180 246 100549 2
S 136141179 246 100554 2
S 136152179 246 100551 2
S 136163178 246 100552 2
S 136174177 246 100550 2
S 136185177 246 100549 2
S 136196176 246 100553 2
S 136207175 246 100552 2
S 136218174 246 100549 2
S 136229174 246 100550 2
S 136240173 246 100551 2
S 136251172 246 100551 2
S 136262172 246 100546 2
S 136273171 246 100549 2
S 136284170 246 100546 2
S 136295170 246 100543 2
S 136306169 246 100548 2
S 136317168 246 100546 2
S 136328168 246 100551 2
S 136339167 246 100551 2
S 136350166 246 100549 2
S 136361166 246 100547 2
S 136372165 246 100549 2
S 136383164 246 100548 2
S 136394163 246 100547 2
S 136405163 246 100551 2
S 136416162 246 100552 2
S 136427161 246 100551 2
S 136438161 246 100547 2
S 136449160 246 100546 2
S 136460159 246 100551 2
S 136471159 246 100549 2
S 136482158 246 100550 2
S 136493157 246 100548 2
S 136504157 246 100549 2
S 136515156 246 100547 2
S 136526155 246 100548 2
S 136537155 246 100544 2
S 136548154 246 100550 2
S 136559153 246 100549 2
S 136570152 246 100556 2
S 136581152 246 100552 2
S 136592151 246 100546 2
S 136603150 246 100547 2
S 136614150 246 100544 2
S 136625149 246 100546 2
S 136636148 246 100548 2
S 136647148 246 100544 2
S 136658147 246 100547 2
S 136669146 246 100542 2
S 136680146 246 100552 2
S 136691145 246 100544 2
S 136702144 246 100550 2
S 136713144 246 100549 2
S 136724143 246 100551 2
S 136735142 246 100550 2
S 136746141 246 100548 2
S 136757141 246 100549 2
S 136768140 246 100552 2
S 136779139 246 100544 2
S 136790139 246 100548 2
S 136801138 246 100545 2
S 136812137 246 100549 2
S 136823137 246 100549 2
S 136834136 246 100544 2
S 136845135 246 100545 2
S 136856135 246 100546 2
S 136867134 246 100550 2
S 136878133 246 100546 2
S 136889133 246 100547 2
S 136905132 247 100552 2
S 136916131 247 100557 2
S 136927130 247 100557 2
S 136938129 247 100555 2
S 136949129 247 100552 2
S 136960128 247 100552 2
S 136971127 247 100557 2
S 136982127 247 100555 2
S 136993126 247 100561 2
S 137004125 247 100549 2
S 137015125 247 100559 2
S 137026124 247 100556 2
S 137037123 247 100554 2
S 137048123 247 100551 2
S 137059122 247 100549 2
S 137070121 247 100555 2
S 137081121 247 100557 2
S 137092120 247 100555 2
S 137103119 247 100553 2
S 137114118 247 100554 2
S 137125118 247 100554 2
S 137136117 247 100552 2
S 137147116 247 100555 2
S 137158116 247 100554 2
S 137169115 247 100553 2
S 137180114 247 100554 2
S 137191114 247 100553 2
S 137202113 247 100549 2
S 137213112 247 100552 2
S 137224112 247 100549 2
S 137235111 247 100546 2
S 137246110 247 100546 2
S 137257110 247 100545 2
S 137268109 247 100550 2
S 137279108 247 100550 2
S 137290107 247 100548 2
S 137301107 247 100552 2
S 137312106 247 100549 2
S 137323105 247 100555 2
S 137334105 247 100550 2
S 137345104 247 100557 2
S 137356103 247 100549 2
S 137367103 247 100554 2
S 137378102 247 100558 2
S 137389101 247 100552 2
S 137400101 247 100554 2
S 137411100 247 100550 2
S 137422099 247 100546 2
S 137433099 247 100555 2
S 137444098 247 100552 2
S 137455097 247 100552 2
S 137466096 247 100553 2
S 137477096 247 100552 2
S 137488095 247 100553 2
S 137499094 247 100546 2
S 137510094 247 100552 2
S 137521093 247 100545 2
S 137532092 247 100543 2
S 137543092 247 100551 2
S 137554091 247 100549 2
S 137565090 247 100550 2
S 137576090 247 100549 2
S 137587089 247 100546 2
S 137598088 247 100553 2
S 137609088 247 100549 2
S 137620087 247 100545 2
S 137631086 247 100545 2
S 137642085 247 100546 2
S 137653085 247 100547 2
S 137664084 247 100549 2
S 137675083 247 100547 2
S 137686083 247 100547 2
S 137697082 247 100549 2
S 137708081 247 100552 2
S 137719081 247 100549 2
S 137730080 247 100552 2
S 137741079 247 100548 2
S 137752079 247 100551 2
S 137763078 247 100553 2
S 137774077 247 100555 2
S 137785077 247 100546 2
S 137796076 247 100546 2
S 137807075 247 100549 2
S 137818074 247 100546 2
S 137829074 247 100549 2
S 137840073 247 100545 2
S 137851072 247 100547 2
S 137862072 247 100552 2
S 137873071 247 100552 2
S 137884070 247 100546 2
S 137895070 247 100548 2
S 137911069 246 100548 2
S 137922068 246 100545 2
S 137933067 246 100546 2
S 137944067 246 100547 2
S 137955066 246 100538 2
S 137966065 246 100546 2
S 137977065 246 100544 2
S 137988064 246 100546 2
S 137999063 246 100544 2
S 138010062 246 100544 2
S 138021062 246 100548 2
S 138032061 246 100542 2
S 138043060 246 100547 2
S 138054060 246 100540 2
S 138065059 246 100541 2
S 138076058 246 100540 2
S 138087058 246 100539 2
S 138098057 246 100541 2
S 138109056 246 100541 2
S 138120056 246 100538 2
S 138131055 246 100543 2
S 138142054 246 100538 2
S 138153054 246 100544 2
S 138164053 246 100538 2
S 138175052 246 100544 2
S 138186051 246 100544 2
S 138197051 246 100547 2
S 138208050 246 100544 2
S 138219049 246 100546 2
S 138230049 246 100538 2
S 138241048 246 100544 2
S 138252047 246 100541 2
S 138263047 246 100541 2
S 138274046 246 100542 2
S 138285045 246 100538 2
S 138296045 246 100539 2
S 138307044 246 100541 2
S 138318043 246 100542 2
S 138329043 246 100542 2
S 138340042 246 100541 2
S 138351041 246 100538 2
S 138362040 246 100545 2
S 138373040 246 100544 2
S 138384039 246 100545 2
S 138395038 246 100541 2
S 138406038 246 100548 2
S 138417037 246 100545 2
S 138428036 246 100545 2
S 138439036 246 100538 2
S 138450035 246 100539 2
S 138461034 246 100539 2
S 138472034 246 100541 2
S 138483033 246 100544 2
S 138494032 246 100544 2
S 138505032 246 100541 2
S 138516031 246 100542 2
S 138527030 246 100541 2
S 138538029 246 100545 2
S 138549029 246 100540 2
S 138560028 246 100542 2
S 138571027 246 100537 2
S 138582027 246 100543 2
S 138593026 246 100541 2
S 138604025 246 100539 2
S 138615025 246 100541 2
S 138626024 246 100543 2
S 138637023 246 100542 2
S 138648023 246 100543 2
S 138659022 246 100541 2
S 138670021 246 100546 2
S 138681021 246 100546 2
S 138692020 246 100544 2
S 138703019 246 100544 2
S 138714018 246 100538 2
S 138725018 246 100536 2
S 138736017 246 100538 2
S 138747016 246 100543 2
S 138758016 246 100543 2
S 138769015 246 100547 2
S 138780014 246 100542 2
S 138791014 246 100537 2
S 138802013 246 100537 2
S 138813012 246 100541 2
S 138824012 246 100540 2
S 138835011 246 100543 2
S 138846010 246 100541 2
S 138857010 246 100539 2
S 138868009 246 100538 2
S 138879008 246 100539 2
S 138890007 246 100536 2
S 138901007 246 100538 2
S 138917006 246 100541 2
S 138928005 246 100535 2
S 138939004 246 100541 2
S 138950004 246 100538 2
S 138961003 246 100536 2
S 138972002 246 100541 2
S 138983002 246 100539 2
S 138994001 246 100540 2
S 139005000 246 100545 2
S 139016000 246 100543 2
S 139026999 246 100542 2
S 139037998 246 100544 2
S 139048998 246 100544 2
S 139059997 246 100539 2
S 139070996 246 100541 2
S 139081995 246 100538 2
S 139092995 246 100545 2
S 139103994 246 100543 2
S 139114993 246 100539 2
S 139125993 246 100541 2
S 139136992 246 100544 2
S 139147991 246 100544 2
S 139158991 246 100544 2
S 139169990 246 100540 2
S 139180989 246 100544 2
S 139191989 246 100541 2
S 139202988 246 100544 2
S 139213987 246 100549 2
S 139224987 246 100543 2
S 139235986 246 100541 2
S 139246985 246 100542 2
S 139257984 246 100540 2
S 139268984 246 100544 2
S 139279983 246 100540 2
S 139290982 246 100541 2
S 139301982 246 100543 2
S 139312981 246 100542 2
S 139323980 246 100544 2
S 139334980 246 100545 2
S 139345979 246 100545 2
S 139356978 246 100545 2
S 139367978 246 100543 2
S 139378977 246 100546 2
S 139389976 246 100543 2
S 139400976 246 100546 2
S 139411975 246 100543 2
S 139422974 246 100542 2
S 139433973 246 100541 2
S 139444973 246 100539 2
S 139455972 246 100543 2
S 139466971 246 100539 2
S 139477971 246 100540 2
S 139488970 246 100542 2
S 139499969 246 100538 2
S 139510969 246 100539 2
S 139521968 246 100539 2
S 139532967 246 100539 2
S 139543967 246 100542 2
S 139554966 246 100540 2
S 139565965 246 100541 2
S 139576965 246 100538 2
S 139587964 246 100537 2
S 139598963 246 100538 2
S 139609962 246 100542 2
S 139620962 246 100540 2
S 139631961 246 100535 2
S 139642960 246 100544 2
S 139653960 246 100544 2
S 139664959 246 100538 2
S 139675958 246 100543 2
S 139686958 246 100538 2
S 139697957 246 100541 2
S 139708956 246 100541 2
S 139719956 246 100539 2
S 139730955 246 100539 2
S 139741954 246 100545 2
S 139752954 246 100542 2
S 139763953 246 100542 2
S 139774952 246 100544 2
S 139785951 246 100540 2
S 139796951 246 100545 2
S 139807950 246 100544 2
S 139818949 246 100539 2
S 139829949 246 100541 2
S 139840948 246 100541 2
S 139851947 246 100545 2
S 139862947 246 100547 2
S 139873946 246 100544 2
S 139884945 246 100543 2
S 139895945 246 100546 2
S 139906944 246 100541 2
S 139922943 246 100541 2
S 139933942 246 100542 2
S 139944942 246 100542 2
S 139955941 246 100548 2
S 139966940 246 100546 2
S 139977939 246 100545 2
S 139988939 246 100544 2
S 139999938 246 100539 2
S 140010937 246 100537 2
S 140021937 246 100538 2
S 140032936 246 100540 2
S 140043935 246 100538 2
S 140054935 246 100542 2
S 140065934 246 100537 2
S 140076933 246 100536 2
S 140087933 246 100534 2
S 140098932 246 100540 2
S 140109931 246 100539 2
S 140120931 246 100536 2
S 140131930 246 100535 2
S 140142929 246 100541 2
S 140153928 246 100544 2
S 140164928 246 100543 2
S 140175927 246 100538 2
S 140186926 246 100535 2
S 140197926 246 100533 2
S 140208925 246 100535 2
S 140219924 246 100536 2
S 140230924 246 100538 2
S 140241923 246 100538 2
S 140252922 246 100538 2
S 140263922 246 100545 2
S 140274921 246 100541 2
S 140285920 246 100541 2
S 140296920 246 100538 2
S 140307919 246 100541 2
S 140318918 246 100543 2
S 140329917 246 100539 2
S 140340917 246 100534 2
S 140351916 246 100535 2
S 140362915 246 100535 2
S 140373915 246 100538 2
S 140384914 246 100538 2
S 140395913 246 100539 2
S 140406913 246 100542 2
S 140417912 246 100538 2
S 140428911 246 100538 2
S 140439911 246 100541 2
S 140450910 246 100542 2
S 140461909 246 100540 2
S 140472909 246 100542 2
S 140483908 246 100540 2
S 140494907 246 100537 2
S 140505906 246 100538 2
S 140516906 246 100538 2
S 140527905 246 100541 2
S 140538904 246 100539 2
S 140549904 246 100538 2
S 140560903 246 100541 2
S 140571902 246 100538 2
S 140582902 246 100541 2
S 140593901 246 100538 2
S 140604900 246 100540 2
S 140615900 246 100538 2
S 140626899 246 100542 2
S 140637898 246 100538 2
S 140648898 246 100538 2
S 140659897 246 100538 2
S 140670896 246 100544 2
S 140681895 246 100541 2
S 140692895 246 100537 2
S 140703894 246 100543 2
S 140714893 246 100540 2
S 140725893 246 100540 2
S 140736892 246 100537 2
S 140747891 246 100538 2
S 140758891 246 100538 2
S 140769890 246 100538 2
S 140780889 246 100544 2
S 140791889 246 100545 2
S 140802888 246 100541 2
S 140813887 246 100544 2
S 140824887 246 100538 2
S 140835886 246 100541 2
S 140846885 246 100541 2
S 140857884 246 100541 2
S 140868884 246 100544 2
S 140879883 246 100544 2
S 140890882 246 100544 2
S 140901882 246 100536 2
S 140912881 246 100540 2
S 140928880 246 100548 2
S 140939879 246 100548 2
S 140950879 246 100546 2
S 140961878 246 100551 2
S 140972877 246 100550 2
S 140983877 246 100550 2
S 140994876 246 100543 2
S 141005875 246 100544 2
S 141016875 246 100550 2
S 141027874 246 100546 2
S 141038873 246 100547 2
S 141049872 246 100547 2
S 141060872 246 100548 2
S 141071871 246 100548 2
S 141082870 246 100541 2
S 141093870 246 100547 2
S 141104869 246 100549 2
S 141115868 246 100546 2
S 141126868 246 100547 2
S 141137867 246 100548 2
S 141148866 246 100551 2
S 141159866 246 100548 2
S 141170865 246 100549 2
S 141181864 246 100551 2
S 141192864 246 100547 2
S 141203863 246 100549 2
S 141214862 246 100552 2
S 141225861 246 100545 2
S 141236861 246 100546 2
S 141247860 246 100548 2
S 141258859 246 100551 2
S 141269859 246 100549 2
S 141280858 246 100549 2
S 141291857 246 100549 2
S 141302857 246 100549 2
S 141313856 246 100540 2
S 141324855 246 100546 2
S 141335855 246 100544 2
S 141346854 246 100549 2
S 141357853 246 100549 2
S 141368853 246 100546 2
S 141379852 246 100547 2
S 141390851 246 100538 2
S 141401850 246 100544 2
S 141412850 246 100544 2
S 141423849 246 100548 2
S 141434848 246 100541 2
S 141445848 246 100543 2
S 141456847 246 100541 2
S 141467846 246 100541 2
S 141478846 246 100540 2
S 141489845 246 100541 2
S 141500844 246 100544 2
S 141511844 246 100541 2
S 141522843 246 100544 2
S 141533842 246 100544 2
S 141544842 246 100548 2
S 141555841 246 100546 2
S 141566840 246 100545 2
S 141577839 246 100544 2
S 141588839 246 100546 2
S 141599838 246 100546 2
S 141610837 246 100552 2
S 141621837 246 100546 2
S 141632836 246 100544 2
S 141643835 246 100547 2
S 141654835 246 100546 2
S 141665834 246 100547 2
S 141676833 246 100547 2
S 141687833 246 100545 2
S 141698832 246 100546 2
S 141709831 246 100545 2
S 141720831 246 100550 2
S 141731830 246 100544 2
S 141742829 246 100546 2
S 141753828 246 100546 2
S 141764828 246 100545 2
S 141775827 246 100548 2
S 141786826 246 100544 2
S 141797826 246 100551 2
S 141808825 246 100546 2
S 141819824 246 100547 2
S 141830824 246 100546 2
S 141841823 246 100544 2
S 141852822 246 100544 2
S 141863822 246 100543 2
S 141874821 246 100546 2
S 141885820 246 100541 2
S 141896820 246 100543 2
S 141907819 246 100545 2
S 141918818 246 100546 2
S 141934817 247 100551 2
S 141945816 247 100549 2
S 141956816 247 100547 2
S 141967815 247 100549 2
S 141978814 247 100553 2
S 141989814 247 100550 2
S 142000811 247 100550 2
S 142011812 247 100549 2
S 142022812 247 100552 2
S 142033811 247 100551 2
S 142044810 247 100553 2
S 142055810 247 100551 2
S 142066809 247 100547 2
S 142077808 247 100547 2
S 142088808 247 100546 2
S 142099807 247 100549 2
S 142110806 247 100543 2
S 142121805 247 100547 2
S 142132805 247 100546 2
S 142143804 247 100548 2
S 142154803 247 100543 2
S 142165803 247 100547 2
S 142176802 247 100549 2
S 142187801 247 100548 2
S 142198801 247 100545 2
S 142209800 247 100546 2
S 142220799 247 100546 2
S 142231799 247 100546 2
S 142242798 247 100549 2
S 142253797 247 100541 2
S 142264797 247 100547 2
S 142275796 247 100547 2
S 142286795 247 100549 2
S 142297794 247 100546 2
S 142308794 247 100546 2
S 142319793 247 100549 2
S 142330792 247 100544 2
S 142341792 247 100546 2
S 142352791 247 100544 2
S 142363790 247 100545 2
S 142374790 247 100544 2
S 142385789 247 100552 2
S 142396788 247 100544 2
S 142407788 247 100551 2
S 142418787 247 100550 2
S 142429786 247 100548 2
S 142440786 247 100548 2
S 142451785 247 100546 2
S 142462784 247 100549 2
S 142473783 247 100554 2
S 142484783 247 100554 2
S 142495782 247 100549 2
S 142506781 247 100545 2
S 142517781 247 100550 2
S 142528780 247 100548 2
S 142539779 247 100546 2
S 142550779 247 100550 2
S 142561778 247 100546 2
S 142572777 247 100550 2
S 142583777 247 100549 2
S 142594776 247 100549 2
S 142605775 247 100548 2
S 142616775 247 100549 2
S 142627774 247 100547 2
S 142638773 247 100548 2
S 142649772 247 100546 2
S 142660772 247 100546 2
S 142671771 247 100542 2
S 142682770 247 100545 2
S 142693770 247 100545 2
S 142704769 247 100544 2
S 142715768 247 100546 2
S 142726768 247 100544 2
S 142737767 247 100544 2
S 142748766 247 100546 2
S 142759766 247 100543 2
S 142770765 247 100542 2
S 142781764 247 100543 2
S 142792764 247 100543 2
S 142803763 247 100546 2
S 142814762 247 100543 2
S 142825761 247 100542 2
S 142836761 247 100544 2
S 142847760 247 100547 2
S 142858759 247 100542 2
S 142869759 247 100546 2
S 142880758 247 100543 2
S 142891757 247 100546 2
S 142902757 247 100545 2
S 142913756 247 100549 2
S 142924755 247 100549 2
S 142940754 247 100544 2
S 142951754 247 100546 2
S 142962753 247 100552 2
S 142973752 247 100552 2
S 142984752 247 100548 2
S 142995751 247 100550 2
S 143006750 247 100549 2
S 143017749 247 100547 2
S 143028749 247 100546 2
S 143039748 247 100552 2
S 143050747 247 100552 2
S 143061747 247 100547 2
S 143072746 247 100546 2
S 143083745 247 100550 2
S 143094745 247 100549 2
S 143105744 247 100552 2
S 143116743 247 100553 2
S 143127743 247 100546 2
S 143138742 247 100544 2
S 143149741 247 100543 2
S 143160741 247 100543 2
S 143171740 247 100546 2
S 143182739 247 100549 2
S 143193738 247 100551 2
S 143204738 247 100545 2
S 143215737 247 100546 2
S 143226736 247 100546 2
S 143237736 247 100546 2
S 143248735 247 100547 2
S 143259734 247 100544 2
S 143270734 247 100545 2
S 143281733 247 100544 2
S 143292732 247 100549 2
S 143303732 247 100546 2
S 143314731 247 100543 2
S 143325730 247 100546 2
S 143336730 247 100542 2
S 143347729 247 100546 2
S 143358728 247 100546 2
S 143369727 247 100546 2
S 143380727 247 100545 2
S 143391726 247 100546 2
S 143402725 247 100547 2
S 143413725 247 100548 2
S 143424724 247 100555 2
S 143435723 247 100555 2
S 143446723 247 100558 2
S 143457722 247 100558 2
S 143468721 247 100556 2
S 143479721 247 100552 2
S 143490720 247 100551 2
S 143501719 247 100555 2
S 143512719 247 100555 2
S 143523718 247 100554 2
S 143534717 247 100552 2
S 143545716 247 100555 2
S 143556716 247 100552 2
S 143567715 247 100552 2
S 143578714 247 100549 2
S 143589714 247 100558 2
S 143600713 247 100553 2
S 143611712 247 100549 2
S 143622712 247 100549 2
S 143633711 247 100555 2
S 143644710 247 100549 2
S 143655710 247 100554 2
S 143666709 247 100550 2
S 143677708 247 100553 2
S 143688708 247 100550 2
S 143699707 247 100549 2
S 143710706 247 100548 2
S 143721705 247 100546 2
S 143732705 247 100547 2
S 143743704 247 100549 2
S 143754703 247 100546 2
S 143765703 247 100547 2
S 143776702 247 100546 2
S 143787701 247 100546 2
S 143798701 247 100549 2
S 143809700 247 100549 2
S 143820699 247 100544 2
S 143831699 247 100550 2
S 143842698 247 100548 2
S 143853697 247 100545 2
S 143864697 247 100543 2
S 143875696 247 100546 2
S 143886695 247 100549 2
S 143897694 247 100547 2
S 143908694 247 100547 2
S 143919693 247 100548 2
S 143930692 247 100547 2
S 143946691 247 100548 2
S 143957691 247 100550 2
S 143968690 247 100550 2
S 143979689 247 100550 2
S 143990689 247 100550 2
S 144001689 247 100545 2
S 144012687 247 100546 2
S 144023687 247 100549 2
S 144034686 247 100546 2
S 144045685 247 100552 2
S 144056685 247 100546 2
S 144067684 247 100551 2
S 144078683 247 100552 2
S 144089682 247 100546 2
S 144100682 247 100546 2
S 144111681 247 100549 2
S 144122680 247 100546 2
S 144133680 247 100543 2
S 144144679 247 100547 2
S 144155678 247 100553 2
S 144166678 247 100546 2
S 144177677 247 100548 2
S 144188676 247 100547 2
S 144199676 247 100544 2
S 144210675 247 100547 2
S 144221674 247 100545 2
S 144232674 247 100547 2
S 144243673 247 100544 2
S 144254672 247 100548 2
S 144265671 247 100548 2
S 144276671 247 100545 2
S 144287670 247 100548 2
S 144298669 247 100545 2
S 144309669 247 100544 2
S 144320668 247 100548 2
S 144331667 247 100553 2
S 144342667 247 100544 2
S 144353666 247 100547 2
S 144364665 247 100543 2
S 144375665 247 100548 2
S 144386664 247 100551 2
S 144397663 247 100546 2
S 144408663 247 100549 2
S 144419662 247 100548 2
S 144430661 247 100549 2
S 144441660 247 100546 2
S 144452660 247 100548 2
S 144463659 247 100548 2
S 144474658 247 100554 2
S 144485658 247 100549 2
S 144496657 247 100549 2
S 144507656 247 100545 2
S 144518656 247 100549 2
S 144529655 247 100550 2
S 144540654 247 100549 2
S 144551654 247 100544 2
S 144562653 247 100549 2
S 144573652 247 100549 2
S 144584652 247 100550 2
S 144595651 247 100552 2
S 144606650 247 100548 2
S 144617649 247 100550 2
S 144628649 247 100546 2
S 144639648 247 100549 2
S 144650647 247 100544 2
S 144661647 247 100549 2
S 144672646 247 100548 2
S 144683645 247 100547 2
S 144694645 247 100547 2
S 144705644 247 100544 2
S 144716643 247 100547 2
S 144727643 247 100546 2
S 144738642 247 100545 2
S 144749641 247 100547 2
S 144760641 247 100548 2
S 144771640 247 100549 2
S 144782639 247 100548 2
S 144793638 247 100547 2
S 144804638 247 100546 2
S 144815637 247 100549 2
S 144826636 247 100546 2
S 144837636 247 100546 2
S 144848635 247 100546 2
S 144859634 247 100545 2
S 144870634 247 100552 2
S 144881633 247 100547 2
S 144892632 247 100546 2
S 144903632 247 100546 2
S 144914631 247 100547 2
S 144925630 247 100547 2
S 144936630 247 100545 2
S 144952629 247 100548 2
S 144963628 247 100552 2
S 144974627 247 100552 2
S 144985626 247 100546 2
S 144996626 247 100548 2
S 145007625 247 100546 2
S 145018624 247 100548 2
S 145029624 247 100549 2
S 145040623 247 100544 2
S 145051622 247 100545 2
S 145062622 247 100545 2
S 145073621 247 100549 2
S 145084620 247 100547 2
S 145095620 247 100546 2
S 145106619 247 100549 2
S 145117618 247 100548 2
S 145128618 247 100545 2
S 145139617 247 100546 2
S 145150616 247 100548 2
S 145161615 247 100550 2
S 145172615 247 100549 2
S 145183614 247 100547 2
S 145194613 247 100549 2
S 145205613 247 100546 2
S 145216612 247 100550 2
S 145227611 247 100547 2
S 145238611 247 100544 2
S 145249610 247 100548 2
S 145260609 247 100546 2
S 145271609 247 100545 2
S 145282608 247 100546 2
S 145293607 247 100542 2
S 145304607 247 100546 2
S 145315606 247 100544 2
S 145326605 247 100544 2
S 145337604 247 100545 2
S 145348604 247 100542 2
S 145359603 247 100549 2
S 145370602 247 100548 2
S 145381602 247 100546 2
S 145392601 247 100545 2
S 145403600 247 100546 2
S 145414600 247 100546 2
S 145425599 247 100546 2
S 145436598 247 100545 2
S 145447598 247 100546 2
S 145458597 247 100541 2
S 145469596 247 100544 2
S 145480596 247 100546 2
S 145491595 247 100544 2
S 145502594 247 100543 2
S 145513593 247 100544 2
S 145524593 247 100547 2
S 145535592 247 100546 2
S 145546591 247 100544 2
S 145557591 247 100541 2
S 145568590 247 100544 2
S 145579589 247 100546 2
S 145590589 247 100547 2
S 145601588 247 100542 2
S 145612587 247 100546 2
S 145623587 247 100548 2
S 145634586 247 100546 2
S 145645585 247 100549 2
S 145656585 247 100545 2
S 145667584 247 100546 2
S 145678583 247 100544 2
S 145689582 247 100548 2
S 145700582 247 100545 2
S 145711581 247 100546 2
S 145722580 247 100546 2
S 145733580 247 100548 2
S 145744579 247 100547 2
S 145755578 247 100547 2
S 145766578 247 100548 2
S 145777577 247 100549 2
S 145788576 247 100550 2
S 145799576 247 100543 2
S 145810575 247 100544 2
S 145821574 247 100544 2
S 145832574 247 100545 2
S 145843573 247 100543 2
S 145854572 247 100543 2
S 145865571 247 100546 2
S 145876571 247 100546 2
S 145887570 247 100546 2
S 145898569 247 100545 2
S 145909569 247 100545 2
S 145920568 247 100544 2
S 145931567 247 100543 2
S 145942567 247 100545 2
S 145958566 247 100544 2
S 145969565 247 100545 2
S 145980564 247 100541 2
S 145991564 247 100542 2
S 146002563 247 100544 2
S 146013562 247 100543 2
S 146024562 247 100542 2
S 146035561 247 100541 2
S 146046560 247 100542 2
S 146057559 247 100545 2
S 146068559 247 100543 2
S 146079558 247 100542 2
S 146090557 247 100545 2
S 146101557 247 100544 2
S 146112556 247 100544 2
S 146123555 247 100548 2
S 146134555 247 100546 2
S 146145554 247 100552 2
S 146156553 247 100556 2
S 146167553 247 100547 2
S 146178552 247 100549 2
S 146189551 247 100547 2
S 146200551 247 100552 2
S 146211550 247 100546 2
S 146222549 247 100550 2
S 146233548 247 100548 2
S 146244548 247 100550 2
S 146255547 247 100546 2
S 146266546 247 100549 2
S 146277546 247 100546 2
S 146288545 247 100550 2
S 146299544 247 100546 2
S 146310544 247 100546 2
S 146321543 247 100549 2
S 146332542 247 100549 2
S 146343542 247 100546 2
S 146354541 247 100549 2
S 146365540 247 100549 2
S 146376540 247 100549 2
S 146387539 247 100546 2
S 146398538 247 100551 2
S 146409537 247 100548 2
S 146420537 247 100549 2
S 146431536 247 100549 2
S 146442535 247 100547 2
S 146453535 247 100553 2
S 146464534 247 100549 2
S 146475533 247 100547 2
S 146486533 247 100546 2
S 146497532 247 100549 2
S 146508531 247 100544 2
S 146519531 247 100546 2
S 146530530 247 100547 2
S 146541529 247 100545 2
S 146552529 247 100546 2
S 146563528 247 100548 2
S 146574527 247 100546 2
S 146585526 247 100548 2
S 146596526 247 100548 2
S 146607525 247 100555 2
S 146618524 247 100549 2
S 146629524 247 100547 2
S 146640523 247 100549 2
S 146651522 247 100544 2
S 146662522 247 100547 2
S 146673521 247 100549 2
S 146684520 247 100546 2
S 146695520 247 100552 2
S 146706519 247 100546 2
S 146717518 247 100549 2
S 146728518 247 100548 2
S 146739517 247 100545 2
S 146750516 247 100545 2
S 146761515 247 100547 2
S 146772515 247 100549 2
S 146783514 247 100551 2
S 146794513 247 100554 2
S 146805513 247 100551 2
S 146816512 247 100548 2
S 146827511 247 100548 2
S 146838511 247 100544 2
S 146849510 247 100549 2
S 146860509 247 100552 2
S 146871509 247 100551 2
S 146882508 247 100551 2
S 146893507 247 100548 2
S 146904507 247 100549 2
S 146915506 247 100545 2
S 146926505 247 100548 2
S 146937504 247 100552 2
S 146948504 247 100546 2
S 146964503 247 100549 2
S 146975502 247 100549 2
S 146986501 247 100547 2
S 146997501 247 100549 2
S 147008500 247 100549 2
S 147019499 247 100548 2
S 147030499 247 100550 2
S 147041498 247 100549 2
S 147052497 247 100546 2
S 147063497 247 100547 2
S 147074496 247 100546 2
S 147085495 247 100544 2
S 147096495 247 100544 2
S 147107494 247 100542 2
S 147118493 247 100542 2
S 147129492 247 100547 2
S 147140492 247 100546 2
S 147151491 247 100545 2
S 147162490 247 100550 2
S 147173490 247 100544 2
S 147184489 247 100547 2
S 147195488 247 100545 2
S 147206488 247 100548 2
S 147217487 247 100546 2
S 147228486 247 100547 2
S 147239486 247 100546 2
S 147250485 247 100551 2
S 147261484 247 100541 2
S 147272484 247 100542 2
S 147283483 247 100549 2
S 147294482 247 100548 2
S 147305481 247 100547 2
S 147316481 247 100549 2
S 147327480 247 100548 2
S 147338479 247 100551 2
S 147349479 247 100544 2
S 147360478 247 100551 2
S 147371477 247 100547 2
S 147382477 247 100544 2
S 147393476 247 100544 2
S 147404475 247 100549 2
S 147415475 247 100546 2
S 147426474 247 100548 2
S 147437473 247 100545 2
S 147448473 247 100547 2
S 147459472 247 100545 2
S 147470471 247 100544 2
S 147481470 247 100544 2
S 147492470 247 100541 2
S 147503469 247 100544 2
S 147514468 247 100543 2
S 147525468 247 100546 2
S 147536467 247 100541 2
S 147547466 247 100546 2
S 147558466 247 100545 2
S 147569465 247 100543 2
S 147580464 247 100549 2
S 147591464 247 100549 2
S 147602463 247 100542 2
S 147613462 247 100546 2
S 147624462 247 100547 2
S 147635461 247 100547 2
S 147646460 247 100543 2
S 147657459 247 100551 2
S 147668459 247 100549 2
S 147679458 247 100549 2
S 147690457 247 100546 2
S 147701457 247 100549 2
S 147712456 247 100546 2
S 147723455 247 100544 2
S 147734455 247 100544 2
S 147745454 247 100546 2
S 147756453 247 100545 2
S 147767453 247 100547 2
S 147778452 247 100546 2
S 147789451 247 100543 2
S 147800451 247 100544 2
S 147811450 247 100542 2
S 147822449 247 100541 2
S 147833448 247 100543 2
S 147844448 247 100546 2
S 147855447 247 100545 2
S 147866446 247 100543 2
S 147877446 247 100547 2
S 147888445 247 100543 2
S 147899444 247 100544 2
S 147910444 247 100545 2
S 147921443 247 100547 2
S 147932442 247 100546 2
S 147943442 247 100549 2
S 147954441 247 100549 2
S 147970440 247 100553 2
S 147981439 247 100549 2
S 147992439 247 100551 2
S 148003438 247 100544 2
S 148014437 247 100547 2
S 148025436 247 100548 2
S 148036436 247 100545 2
S 148047435 247 100544 2
S 148058434 247 100546 2
S 148069434 247 100546 2
S 148080433 247 100553 2
S 148091432 247 100546 2
S 148102432 247 100553 2
S 148113431 247 100546 2
S 148124430 247 100549 2
S 148135430 247 100546 2
S 148146429 247 100549 2
S 148157428 247 100546 2
S 148168428 247 100546 2
S 148179427 247 100544 2
S 148190426 247 100543 2
S 148201425 247 100544 2
S 148212425 247 100547 2
S 148223424 247 100550 2
S 148234423 247 100546 2
S 148245423 247 100546 2
S 148256422 247 100546 2
S 148267421 247 100549 2
S 148278421 247 100549 2
S 148289420 247 100547 2
S 148300419 247 100548 2
S 148311419 247 100548 2
S 148322418 247 100548 2
S 148333417 247 100547 2
S 148344417 247 100546 2
S 148355416 247 100546 2
S 148366415 247 100546 2
S 148377414 247 100544 2
S 148388414 247 100546 2
S 148399413 247 100544 2
S 148410412 247 100544 2
S 148421412 247 100544 2
S 148432411 247 100544 2
S 148443410 247 100546 2
S 148454410 247 100545 2
S 148465409 247 100546 2
S 148476408 247 100543 2
S 148487408 247 100544 2
S 148498407 247 100549 2
S 148509406 247 100552 2
S 148520406 247 100549 2
S 148531405 247 100548 2
S 148542404 247 100547 2
S 148553403 247 100547 2
S 148564403 247 100546 2
S 148575402 247 100549 2
S 148586401 247 100546 2
S 148597401 247 100549 2
S 148608400 247 100552 2
S 148619399 247 100550 2
S 148630399 247 100546 2
S 148641398 247 100555 2
S 148652397 247 100549 2
S 148663397 247 100549 2
S 148674396 247 100548 2
S 148685395 247 100553 2
S 148696395 247 100550 2
S 148707394 247 100548 2
S 148718393 247 100551 2
S 148729392 247 100552 2
S 148740392 247 100550 2
S 148751391 247 100551 2
S 148762390 247 100546 2
S 148773390 247 100552 2
S 148784389 247 100549 2
S 148795388 247 100544 2
S 148806388 247 100544 2
S 148817387 247 100542 2
S 148828386 247 100544 2
S 148839386 247 100549 2
S 148850385 247 100545 2
S 148861384 247 100544 2
S 148872384 247 100550 2
S 148883383 247 100545 2
S 148894382 247 100548 2
S 148905381 247 100544 2
S 148916381 247 100550 2
S 148927380 247 100546 2
S 148938379 247 100549 2
S 148949379 247 100550 2
S 148960378 247 100549 2
S 148976377 247 100550 2
S 148987376 247 100547 2
S 148998376 247 100548 2
S 149009375 247 100549 2
S 149020374 247 100551 2
S 149031374 247 100546 2
S 149042373 247 100546 2
S 149053372 247 100544 2
S 149064372 247 100545 2
S 149075371 247 100547 2
S 149086370 247 100549 2
S 149097369 247 100546 2
S 149108369 247 100547 2
S 149119368 247 100549 2
S 149130367 247 100544 2
S 149141367 247 100546 2
S 149152366 247 100544 2
S 149163365 247 100544 2
S 149174365 247 100547 2
S 149185364 247 100552 2
S 149196363 247 100544 2
S 149207363 247 100549 2
S 149218362 247 100546 2
S 149229361 247 100546 2
S 149240361 247 100549 2
S 149251360 247 100555 2
S 149262359 247 100548 2
S 149273358 247 100549 2
S 149284358 247 100546 2
S 149295357 247 100550 2
S 149306356 247 100552 2
S 149317356 247 100552 2
S 149328355 247 100552 2
S 149339354 247 100548 2
S 149350354 247 100545 2
S 149361353 247 100548 2
S 149372352 247 100547 2
S 149383352 247 100550 2
S 149394351 247 100551 2
S 149405350 247 100545 2
S 149416350 247 100544 2
S 149427349 247 100547 2
S 149438348 247 100551 2
S 149449347 247 100549 2
S 149460347 247 100544 2
S 149471346 247 100544 2
S 149482345 247 100545 2
S 149493345 247 100549 2
S 149504344 247 100549 2
S 149515343 247 100549 2
S 149526343 247 100550 2
S 149537342 247 100550 2
S 149548341 247 100546 2
S 149559341 247 100549 2
S 149570340 247 100555 2
S 149581339 247 100555 2
S 149592339 247 100549 2
S 149603338 247 100547 2
S 149614337 247 100546 2
S 149625336 247 100543 2
S 149636336 247 100549 2
S 149647335 247 100549 2
S 149658334 247 100550 2
S 149669334 247 100549 2
S 149680333 247 100548 2
S 149691332 247 100543 2
S 149702332 247 100544 2
S 149713331 247 100545 2
S 149724330 247 100545 2
S 149735330 247 100544 2
S 149746329 247 100546 2
S 149757328 247 100550 2
S 149768328 247 100554 2
S 149779327 247 100546 2
S 149790326 247 100550 2
S 149801325 247 100548 2
S 149812325 247 100551 2
S 149823324 247 100550 2
S 149834323 247 100547 2
S 149845323 247 100549 2
S 149856322 247 100546 2
S 149867321 247 100546 2
S 149878321 247 100549 2
S 149889320 247 100545 2
S 149900319 247 100549 2
S 149911319 247 100551 2
S 149922318 247 100552 2
S 149933317 247 100557 2
S 149944317 247 100552 2
S 149955316 247 100553 2
S 149966315 247 100552 2
S 149982314 247 100549 2
S 149993313 247 100552 2
S 150004313 247 100551 2
S 150015312 247 100549 2
S 150026311 247 100552 2
S 150037311 247 100554 2
S 150048310 247 100546 2
