# capture_start_utc=2026-08-31T10:01:32Z
S 166690 276 100379 0
S 171690 276 100376 0
S 176690 276 100385 0
S 181689 276 100379 0
S 186689 276 100385 0
S 191689 276 100376 0
S 196688 276 100385 0
S 201688 276 100376 0
S 206688 276 100379 0
S 211687 276 100376 0
S 216687 276 100373 0
S 221687 276 100379 0
S 226686 276 100382 0
S 231686 276 100382 0
S 236686 276 100370 0
S 241686 276 100370 0
S 246685 276 100364 0
S 251685 276 100370 0
S 256685 276 100379 0
S 261684 276 100370 0
S 266684 276 100370 0
S 271684 276 100373 0
S 276683 276 100370 0
S 281683 276 100376 0
S 286683 276 100379 0
S 291682 276 100382 0
S 296682 276 100385 0
S 301682 276 100376 0
S 30þ[[DEBUG]] Starting [[SENSOR TASK]]
[SELFTEST] compensate: T=150 (exp 150)  P=69964 (exp 69964)  -> PASS
#BMP180 v1 fw=1.5.0 temp_ms=1000
[[DEBUG]] BMP180 registered on /dev/bmp180-0
S 46698 277 100391 0
S 51697 277 100391 0
S 56697 277 100385 0
S 61697 277 100385 0
S 66696 277 100391 0
S 71696 277 100391 0
S 76696 277 100388 0
S 81696 277 100385 0
S 86695 277 100385 0
S 91695 277 100388 0
S 96695 277 100391 0
S 101694 277 100394 0
S 106694 277 100385 0
S 111694 277 100385 0
S 116693 277 100391 0
S 121693 277 100391 0
S 126693 277 100391 0
S 131692 277 100397 0
S 136692 277 100388 0
S 141692 277 100391 0
S 146691 277 100391 0
S 151691 277 100391 0
S 156691 277 100391 0
S 161691 277 100391 0
S 166690 277 100388 0
S 171690 277 100388 0
S 176690 277 100391 0
S 181689 277 100385 0
S 186689 277 100388 0
S 191689 277 100382 0
S 196688 277 100382 0
S 201688 277 100382 0
S 206688 277 100382 0
S 211687 277 100388 0
S 216687 277 100379 0
S 221687 277 100385 0
S 226686 277 100391 0
S 231686 277 100385 0
S 236686 277 100391 0
S 241686 277 100391 0
S 246685 277 100394 0
S 251685 277 100391 0
S 256685 277 100388 0
S 261684 277 100391 0
S 266684 277 100385 0
S 271684 277 100391 0
S 276683 277 100385 0
S 281683 277 100385 0
S 286683 277 100391 0
S 291682 277 100385 0
S 296682 277 100379 0
S 301682 277 100379 0
S 306681 277 100379 0
S 311681 277 100376 0
S 316681 277 100379 0
S 321681 277 100382 0
S 326680 277 100376 0
S 331680 277 100391 0
S 336680 277 100379 0
S 341679 277 100379 0
S 346679 277 100379 0
S 351679 277 100376 0
S 356678 277 100379 0
S 361678 277 100376 0
S 366678 277 100379 0
S 371677 277 100379 0
S 376677 277 100379 0
S 381677 277 100376 0
S 386676 277 100379 0
S 391676 277 100382 0
S 396676 277 100385 0
S 401676 277 100382 0
S 406675 277 100376 0
S 411675 277 100385 0
S 416675 277 100379 0
S 421674 277 100379 0
S 426674 277 100376 0
S 431674 277 100379 0
S 436673 277 100382 0
S 441673 277 100379 0
S 446673 277 100379 0
S 451672 277 100379 0
S 456672 277 100373 0
S 461672 277 100379 0
S 466671 277 100379 0
S 471671 277 100379 0
S 476671 277 100379 0
S 481671 277 100379 0
S 486670 277 100376 0
S 491670 277 100379 0
S 496670 277 100379 0
S 501669 277 100376 0
S 506669 277 100385 0
S 511669 277 100376 0
S 516668 277 100376 0
S 521668 277 100379 0
S 526668 277 100388 0
S 531667 277 100379 0
S 536667 277 100376 0
S 541667 277 100376 0
S 546666 277 100373 0
S 551666 277 100382 0
S 556666 277 100382 0
S 561666 277 100376 0
S 566665 277 100370 0
S 571665 277 100376 0
S 576665 277 100379 0
S 581664 277 100379 0
S 586664 277 100376 0
S 591664 277 100379 0
S 596663 277 100379 0
S 601663 277 100373 0
S 606663 277 100379 0
S 611662 277 100373 0
S 616662 277 100379 0
S 621662 277 100376 0
S 626661 277 100373 0
S 631661 277 100376 0
S 636661 277 100379 0
S 641661 277 100379 0
S 646660 277 100382 0
S 651660 277 100379 0
S 656660 277 100370 0
S 661659 277 100379 0
S 666659 277 100379 0
S 671659 277 100379 0
S 676658 277 100379 0
S 681658 277 100379 0
S 686658 277 100376 0
S 691657 277 100370 0
S 696657 277 100376 0
S 701657 277 100382 0
S 706656 277 100370 0
S 711656 277 100373 0
S 716656 277 100379 0
S 721656 277 100376 0
S 726655 277 100370 0
S 731655 277 100379 0
S 736655 277 100376 0
S 741654 277 100379 0
S 746654 277 100379 0
S 751654 277 100385 0
S 756653 277 100385 0
S 761653 277 100376 0
S 766653 277 100376 0
S 771652 277 100376 0
S 776652 277 100379 0
S 781652 277 100376 0
S 786651 277 100373 0
S 791651 277 100373 0
S 796651 277 100376 0
S 801651 277 100379 0
S 806650 277 100373 0
S 811650 277 100370 0
S 816650 277 100382 0
S 821649 277 100376 0
S 826649 277 100376 0
S 831649 277 100373 0
S 836648 277 100376 0
S 841648 277 100368 0
S 846648 277 100368 0
S 851647 277 100368 0
S 856647 277 100373 0
S 861647 277 100376 0
S 866646 277 100368 0
S 871646 277 100370 0
S 876646 277 100368 0
S 881646 277 100376 0
S 886645 277 100373 0
S 891645 277 100373 0
S 896645 277 100373 0
S 901644 277 100370 0
S 906644 277 100376 0
S 911644 277 100376 0
S 916643 277 100368 0
S 921643 277 100379 0
S 926643 277 100376 0
S 931642 277 100373 0
S 936642 277 100373 0
S 941642 277 100373 0
S 946641 277 100370 0
S 951641 277 100370 0
S 956641 277 100373 0
S 961641 277 100370 0
S 966640 277 100370 0
S 971640 277 100373 0
S 976640 277 100376 0
S 981639 277 100379 0
S 986639 277 100379 0
S 991639 277 100376 0
S 996638 277 100379 0
S 1001639 277 100370 0
S 1006638 277 100373 0
S 1011637 277 100376 0
S 1016637 277 100379 0
S 1021637 277 100382 0
S 1026636 277 100362 0
S 1036636 278 100394 0
S 1041636 278 100388 0
S 1046635 278 100385 0
S 1051635 278 100397 0
S 1056635 278 100388 0
S 1061634 278 100394 0
S 1066634 278 100391 0
S 1071634 278 100391 0
S 1076633 278 100388 0
S 1081633 278 100388 0
S 1086633 278 100385 0
S 1091632 278 100391 0
S 1096632 278 100394 0
S 1101632 278 100388 0
S 1106631 278 100394 0
S 1111638 278 100388 0
S 1116631 278 100391 0
S 1121631 278 100385 0
S 1126630 278 100388 0
S 1131630 278 100376 0
S 1136630 278 100394 0
S 1141629 278 100391 0
S 1146636 278 100379 0
S 1151629 278 100385 0
S 1156628 278 100394 0
S 1161628 278 100391 0
S 1166628 278 100388 0
S 1171627 278 100385 0
S 1176627 278 100388 0
S 1181627 278 100388 0
S 1186626 278 100388 0
S 1191626 278 100388 0
S 1196626 278 100388 0
S 1201626 278 100394 0
S 1206625 278 100394 0
S 1211625 278 100388 0
S 1216625 278 100388 0
S 1221624 278 100391 0
S 1226624 278 100388 0
S 1231624 278 100394 0
S 1236623 278 100394 0
S 1241623 278 100388 0
S 1246623 278 100388 0
S 1251622 278 100391 0
S 1256622 278 100388 0
S 1261622 278 100388 0
S 1266621 278 100391 0
S 1271621 278 100388 0
S 1276621 278 100394 0
S 1281621 278 100391 0
S 1286620 278 100388 0
S 1291620 278 100382 0
S 1296620 278 100379 0
S 1301619 278 100388 0
S 1306619 278 100391 0
S 1311619 278 100388 0
S 1316618 278 100394 0
S 1321618 278 100388 0
S 1326618 278 100379 0
S 1331617 278 100382 0
S 1336617 278 100388 0
S 1341617 278 100388 0
S 1346616 278 100394 0
S 1351616 278 100388 0
S 1356616 278 100385 0
S 1361616 278 100388 0
S 1366615 278 100391 0
S 1371615 278 100388 0
S 1376615 278 100388 0
S 1381614 278 100394 0
S 1386614 278 100385 0
S 1391614 278 100379 0
S 1396613 278 100382 0
S 1401613 278 100394 0
S 1406613 278 100388 0
S 1411612 278 100391 0
S 1416612 278 100379 0
S 1421612 278 100385 0
S 1426611 278 100385 0
S 1431611 278 100391 0
S 1436611 278 100391 0
S 1441611 278 100385 0
S 1446610 278 100391 0
S 1451610 278 100379 0
S 1456610 278 100379 0
S 1461609 278 100388 0
S 1466609 278 100379 0
S 1471609 278 100388 0
S 1476608 278 100388 0
S 1481608 278 100385 0
S 1486608 278 100379 0
S 1491614 278 100379 0
S 1496607 278 100379 0
S 1501607 278 100376 0
S 1506606 278 100385 0
S 1511606 278 100385 0
S 1516606 278 100388 0
S 1521606 278 100379 0
S 1526605 278 100388 0
S 1531605 278 100388 0
S 1536605 278 100385 0
S 1541604 278 100379 0
S 1546604 278 100382 0
S 1551604 278 100379 0
S 1556603 278 100379 0
S 1561603 278 100379 0
S 1566603 278 100391 0
S 1571602 278 100388 0
S 1576602 278 100379 0
S 1581602 278 100382 0
S 1586601 278 100385 0
S 1591601 278 100391 0
S 1596601 278 100382 0
S 1601601 278 100379 0
S 1606600 278 100379 0
S 1611600 278 100379 0
S 1616600 278 100388 0
S 1621599 278 100379 0
S 1626599 278 100382 0
S 1631599 278 100379 0
S 1636598 278 100385 0
S 1641598 278 100388 0
S 1646598 278 100385 0
S 1651597 278 100379 0
S 1656597 278 100388 0
S 1661597 278 100394 0
S 1666596 278 100379 0
S 1671596 278 100376 0
S 1676596 278 100374 0
S 1681603 278 100374 0
S 1686595 278 100379 0
S 1691595 278 100379 0
S 1696595 278 100379 0
S 1701594 278 100376 0
S 1706594 278 100379 0
S 1711594 278 100379 0
S 1716593 278 100379 0
S 1721593 278 100385 0
S 1726593 278 100391 0
S 1731592 278 100385 0
S 1736592 278 100382 0
S 1741592 278 100385 0
S 1746591 278 100385 0
S 1751591 278 100391 0
S 1756591 278 100385 0
S 1761591 278 100382 0
S 1766590 278 100382 0
S 1771590 278 100385 0
S 1776590 278 100382 0
S 1781589 278 100388 0
S 1786589 278 100374 0
S 1791589 278 100379 0
S 1796588 278 100385 0
S 1801588 278 100385 0
S 1806588 278 100385 0
S 1811587 278 100379 0
S 1816587 278 100379 0
S 1821587 278 100379 0
S 1826586 278 100379 0
S 1831586 278 100382 0
S 1836586 278 100379 0
S 1841586 278 100385 0
S 1846585 278 100376 0
S 1851585 278 100379 0
S 1856585 278 100385 0
S 1861584 278 100385 0
S 1866584 278 100379 0
S 1871591 278 100374 0
S 1876583 278 100388 0
S 1881583 278 100388 0
S 1886583 278 100379 0
S 1891582 278 100379 0
S 1896582 278 100385 0
S 1901582 278 100379 0
S 1906581 278 100379 0
S 1911581 278 100391 0
S 1916581 278 100388 0
S 1921581 278 100397 0
S 1926580 278 100379 0
S 1931580 278 100388 0
S 1936580 278 100388 0
S 1941579 278 100379 0
S 1946579 278 100391 0
S 1951579 278 100385 0
S 1956578 278 100385 0
S 1961578 278 100385 0
S 1966578 278 100379 0
S 1971577 278 100388 0
S 1976577 278 100385 0
S 1981577 278 100385 0
S 1986576 278 100388 0
S 1991583 278 100388 0
S 1996576 278 100385 0
S 2001576 278 100379 0
S 2006575 278 100379 0
S 2011575 278 100385 0
S 2016575 278 100388 0
S 2021574 278 100379 0
S 2026581 278 100388 0
S 2031574 278 100385 0
S 2041573 278 100397 0
S 2046573 278 100391 0
S 2051572 278 100391 0
S 2056572 278 100391 0
S 2061579 278 100391 0
S 2066571 278 100391 0
S 2071571 278 100391 0
S 2076571 278 100400 0
S 2081571 278 100400 0
S 2086570 278 100394 0
S 2091570 278 100385 0
S 2096570 278 100391 0
S 2101569 278 100397 0
S 2106569 278 100391 0
S 2111569 278 100391 0
S 2116568 278 100397 0
S 2121568 278 100400 0
S 2126568 278 100400 0
S 2131567 278 100388 0
S 2136567 278 100406 0
S 2141567 278 100391 0
S 2146566 278 100397 0
S 2151566 278 100397 0
S 2156566 278 100385 0
S 2161566 278 100397 0
S 2166565 278 100403 0
S 2171565 278 100400 0
S 2176565 278 100403 0
S 2181564 278 100397 0
S 2186564 278 100397 0
S 2191564 278 100397 0
S 2196563 278 100391 0
S 2201563 278 100391 0
S 2206563 278 100391 0
S 2211562 278 100385 0
S 2216569 278 100400 0
S 2221562 278 100391 0
S 2226561 278 100391 0
S 2231561 278 100400 0
S 2236561 278 100391 0
S 2241561 278 100388 0
S 2246560 278 100385 0
S 2251560 278 100397 0
S 2256560 278 100385 0
S 2261559 278 100391 0
S 2266559 278 100397 0
S 2271559 278 100385 0
S 2276558 278 100388 0
S 2281558 278 100388 0
S 2286558 278 100391 0
S 2291557 278 100391 0
S 2296557 278 100394 0
S 2301557 278 100391 0
S 2306556 278 100388 0
S 2311556 278 100385 0
S 2316556 278 100391 0
S 2321556 278 100391 0
S 2326555 278 100391 0
S 2331555 278 100388 0
S 2336555 278 100391 0
S 2341554 278 100388 0
S 2346554 278 100388 0
S 2351554 278 100391 0
S 2356553 278 100397 0
S 2361553 278 100377 0
S 2366553 278 100391 0
S 2371559 278 100391 0
S 2376552 278 100391 0
S 2381552 278 100388 0
S 2386551 278 100385 0
S 2391551 278 100388 0
S 2396551 278 100397 0
S 2401551 278 100397 0
S 2406557 278 100385 0
S 2411550 278 100391 0
S 2416550 278 100391 0
S 2421549 278 100397 0
S 2426549 278 100400 0
S 2431549 278 100388 0
S 2436548 278 100391 0
S 2441548 278 100400 0
S 2446548 278 100397 0
S 2451547 278 100391 0
S 2456547 278 100394 0
S 2461547 278 100388 0
S 2466546 278 100391 0
S 2471546 278 100385 0
S 2476546 278 100391 0
S 2481546 278 100388 0
S 2486545 278 100385 0
S 2491545 278 100400 0
S 2496545 278 100394 0
S 2501544 278 100400 0
S 2506544 278 100400 0
S 2511544 278 100391 0
S 2516543 278 100391 0
S 2521543 278 100391 0
S 2526543 278 100385 0
S 2531542 278 100385 0
S 2536542 278 100388 0
S 2541542 278 100391 0
S 2546541 278 100394 0
S 2551541 278 100385 0
S 2579539 278 100393 1
S 2586539 278 100384 1
S 2593539 278 100390 1
S 2600538 278 100388 1
S 2607538 278 100390 1
S 2614537 278 100393 1
S 2621537 278 100387 1
S 2628536 278 100394 1
S 2635536 278 100387 1
S 2642535 278 100385 1
S 2649535 278 100384 1
S 2656535 278 100385 1
S 2663534 278 100387 1
S 2670534 278 100385 1
S 2677533 278 100384 1
S 2684533 278 100390 1
S 2691532 278 100382 1
S 2698532 278 100381 1
S 2705532 278 100388 1
S 2712531 278 100384 1
S 2719531 278 100384 1
S 2726530 278 100390 1
S 2733530 278 100385 1
S 2740529 278 100384 1
S 2747529 278 100385 1
S 2754528 278 100384 1
S 2761528 278 100391 1
S 2768528 278 100388 1
S 2775527 278 100384 1
S 2782527 278 100385 1
S 2789526 278 100382 1
S 2796526 278 100379 1
S 2803525 278 100385 1
S 2810525 278 100384 1
S 2817525 278 100382 1
S 2824524 278 100384 1
S 2831524 278 100382 1
S 2838523 278 100385 1
S 2845523 278 100393 1
S 2852522 278 100390 1
S 2859522 278 100384 1
S 2866521 278 100384 1
S 2873521 278 100382 1
S 2880521 278 100385 1
S 2887520 278 100384 1
S 2894520 278 100382 1
S 2901519 278 100384 1
S 2908519 278 100393 1
S 2915518 278 100384 1
S 2922518 278 100385 1
S 2929518 278 100385 1
S 2936517 278 100384 1
S 2943517 278 100385 1
S 2950516 278 100388 1
S 2957516 278 100390 1
S 2964515 278 100390 1
S 2971515 278 100384 1
S 2978514 278 100384 1
S 2985514 278 100388 1
S 2992514 278 100385 1
S 2999513 278 100385 1
S 3006513 278 100385 1
S 3013512 278 100384 1
S 3020512 278 100384 1
S 3027511 278 100382 1
S 3034511 278 100381 1
S 3041511 278 100384 1
S 3053510 278 100390 1
S 3060509 278 100391 1
S 3067509 278 100388 1
S 3074508 278 100390 1
S 3081508 278 100394 1
S 3088508 278 100388 1
S 3095507 278 100391 1
S 3102507 278 100393 1
S 3109506 278 100393 1
S 3116506 278 100390 1
S 3123505 278 100396 1
S 3130505 278 100403 1
S 3137505 278 100396 1
S 3144504 278 100396 1
S 3151504 278 100397 1
S 3158503 278 100393 1
S 3165503 278 100394 1
S 3172502 278 100393 1
S 3179502 278 100391 1
S 3186501 278 100391 1
S 3193501 278 100393 1
S 3200501 278 100393 1
S 3207500 278 100393 1
S 3214500 278 100391 1
S 3221499 278 100394 1
S 3228499 278 100393 1
S 3235498 278 100393 1
S 3242498 278 100393 1
S 3249498 278 100391 1
S 3256497 278 100397 1
S 3263497 278 100394 1
S 3270496 278 100393 1
S 3277496 278 100390 1
S 3284495 278 100394 1
S 3291495 278 100391 1
S 3298494 278 100390 1
S 3305494 278 100388 1
S 3312494 278 100391 1
S 3319493 278 100394 1
S 3326493 278 100391 1
S 3333492 278 100390 1
S 3340492 278 100387 1
S 3347491 278 100387 1
S 3354491 278 100390 1
S 3361491 278 100387 1
S 3368490 278 100393 1
S 3375490 278 100388 1
S 3382489 278 100387 1
S 3389489 278 100391 1
S 3396488 278 100391 1
S 3403488 278 100390 1
S 3410487 278 100391 1
S 3417487 278 100394 1
S 3424487 278 100381 1
S 3431486 278 100390 1
S 3438486 278 100385 1
S 3445485 278 100393 1
S 3452485 278 100388 1
S 3459484 278 100390 1
S 3466484 278 100394 1
S 3473484 278 100393 1
S 3480483 278 100391 1
S 3487483 278 100394 1
S 3494482 278 100396 1
S 3501482 278 100403 1
S 3508481 278 100394 1
S 3515481 278 100394 1
S 3522480 278 100388 1
S 3529480 278 100397 1
S 3536480 278 100396 1
S 3543479 278 100394 1
S 3550479 278 100393 1
S 3557478 278 100390 1
S 3564478 278 100388 1
S 3571477 278 100394 1
S 3578477 278 100393 1
S 3585477 278 100396 1
S 3592476 278 100385 1
S 3599476 278 100390 1
S 3606475 278 100391 1
S 3613475 278 100388 1
S 3620474 278 100390 1
S 3627474 278 100396 1
S 3634473 278 100391 1
S 3641473 278 100391 1
S 3648473 278 100388 1
S 3655472 278 100393 1
S 3662472 278 100391 1
S 3669471 278 100390 1
S 3676471 278 100391 1
S 3683470 278 100393 1
S 3690470 278 100394 1
S 3697470 278 100388 1
S 3704469 278 100387 1
S 3711469 278 100388 1
S 3718468 278 100382 1
S 3725468 278 100391 1
S 3732467 278 100385 1
S 3739467 278 100385 1
S 3746466 278 100391 1
S 3753466 278 100391 1
S 3760466 278 100393 1
S 3767465 278 100390 1
S 3774465 278 100391 1
S 3781464 278 100390 1
S 3788464 278 100385 1
S 3795463 278 100393 1
S 3802463 278 100393 1
S 3809463 278 100391 1
S 3816462 278 100399 1
S 3823462 278 100391 1
S 3830461 278 100391 1
S 3837461 278 100391 1
S 3844460 278 100390 1
S 3851460 278 100393 1
S 3858459 278 100391 1
S 3865459 278 100391 1
S 3872459 278 100399 1
S 3879458 278 100387 1
S 3886458 278 100391 1
S 3893457 278 100388 1
S 3900457 278 100391 1
S 3907456 278 100393 1
S 3914456 278 100391 1
S 3921456 278 100393 1
S 3928455 278 100390 1
S 3935455 278 100391 1
S 3942454 278 100393 1
S 3949454 278 100388 1
S 3956453 278 100393 1
S 3963453 278 100393 1
S 3970452 278 100394 1
S 3977452 278 100393 1
S 3984452 278 100388 1
S 3991451 278 100391 1
S 3998451 278 100391 1
S 4005450 278 100388 1
S 4012450 278 100390 1
S 4019449 278 100394 1
S 4026449 278 100384 1
S 4033449 278 100382 1
S 4040448 278 100388 1
S 4047448 278 100391 1
S 4059447 278 100396 1
S 4066446 278 100391 1
S 4073446 278 100393 1
S 4080446 278 100390 1
S 4087445 278 100394 1
S 4094445 278 100387 1
S 4101444 278 100385 1
S 4108444 278 100396 1
S 4115443 278 100399 1
S 4122443 278 100396 1
S 4129443 278 100397 1
S 4136442 278 100399 1
S 4143442 278 100391 1
S 4150441 278 100399 1
S 4157441 278 100391 1
S 4164440 278 100397 1
S 4171440 278 100397 1
S 4178439 278 100393 1
S 4185439 278 100396 1
S 4192439 278 100396 1
S 4199438 278 100387 1
S 4206438 278 100394 1
S 4213437 278 100393 1
S 4220437 278 100387 1
S 4227436 278 100391 1
S 4234436 278 100394 1
S 4241436 278 100388 1
S 4248435 278 100397 1
S 4255435 278 100393 1
S 4262434 278 100397 1
S 4269434 278 100400 1
S 4276433 278 100396 1
S 4283433 278 100396 1
S 4290432 278 100396 1
S 4297432 278 100397 1
S 4304432 278 100391 1
S 4311431 278 100396 1
S 4318431 278 100394 1
S 4325430 278 100388 1
S 4332430 278 100394 1
S 4339429 278 100396 1
S 4346429 278 100399 1
S 4353429 278 100390 1
S 4360428 278 100388 1
S 4367428 278 100387 1
S 4374427 278 100399 1
S 4381427 278 100388 1
S 4388426 278 100397 1
S 4395426 278 100391 1
S 4402425 278 100388 1
S 4409425 278 100390 1
S 4416425 278 100391 1
S 4423424 278 100394 1
S 4430424 278 100393 1
S 4437423 278 100394 1
S 4444423 278 100387 1
S 4451422 278 100388 1
S 4458422 278 100397 1
S 4465422 278 100388 1
S 4472421 278 100388 1
S 4479421 278 100394 1
S 4486420 278 100393 1
S 4493420 278 100388 1
S 4500419 278 100391 1
S 4507419 278 100388 1
S 4514418 278 100394 1
S 4521418 278 100391 1
S 4528418 278 100385 1
S 4535417 278 100394 1
S 4542417 278 100394 1
S 4549416 278 100388 1
S 4556416 278 100391 1
S 4563415 278 100396 1
S 4570415 278 100393 1
S 4577415 278 100394 1
S 4584414 278 100397 1
S 4591414 278 100390 1
S 4598413 278 100393 1
S 4605413 278 100396 1
S 4612412 278 100393 1
S 4619412 278 100399 1
S 4626411 278 100394 1
S 4633411 278 100391 1
S 4640411 278 100393 1
S 4647410 278 100393 1
S 4654410 278 100396 1
S 4661409 278 100397 1
S 4668409 278 100399 1
S 4675408 278 100394 1
S 4682408 278 100393 1
S 4689408 278 100399 1
S 4696407 278 100394 1
S 4703407 278 100387 1
S 4710406 278 100397 1
S 4717406 278 100399 1
S 4724405 278 100396 1
S 4731405 278 100396 1
S 4738404 278 100387 1
S 4745404 278 100387 1
S 4752404 278 100388 1
S 4759403 278 100388 1
S 4766403 278 100394 1
S 4773402 278 100399 1
S 4780402 278 100399 1
S 4787401 278 100397 1
S 4794401 278 100394 1
S 4801401 278 100393 1
S 4808400 278 100396 1
S 4815400 278 100393 1
S 4822399 278 100399 1
S 4829399 278 100388 1
S 4836398 278 100396 1
S 4843398 278 100391 1
S 4850397 278 100393 1
S 4857397 278 100394 1
S 4864397 278 100390 1
S 4871396 278 100397 1
S 4878396 278 100399 1
S 4885395 278 100396 1
S 4892395 278 100397 1
S 4899394 278 100399 1
S 4906394 278 100390 1
S 4913394 278 100393 1
S 4920393 278 100391 1
S 4927393 278 100387 1
S 4934392 278 100391 1
S 4941392 278 100391 1
S 4948391 278 100396 1
S 4955391 278 100396 1
S 4962390 278 100394 1
S 4969390 278 100387 1
S 4976390 278 100391 1
S 4983389 278 100390 1
S 4990389 278 100390 1
S 4997388 278 100390 1
S 5004388 278 100385 1
S 5011387 278 100390 1
S 5018387 278 100387 1
S 5025387 278 100385 1
S 5032386 278 100387 1
S 5039386 278 100390 1
S 5046385 278 100393 1
S 5053385 278 100399 1
S 5065384 279 100396 1
S 5072384 279 100394 1
S 5079383 279 100393 1
S 5086383 279 100391 1
S 5093382 279 100393 1
S 5100382 279 100388 1
S 5107381 279 100394 1
S 5114381 279 100391 1
S 5121381 279 100393 1
S 5128380 279 100394 1
S 5135380 279 100390 1
S 5142379 279 100394 1
S 5149379 279 100393 1
S 5156378 279 100388 1
S 5163378 279 100394 1
S 5170377 279 100387 1
S 5177377 279 100388 1
S 5184377 279 100382 1
S 5191376 279 100396 1
S 5198376 279 100385 1
S 5205375 279 100384 1
S 5212375 279 100382 1
S 5219374 279 100394 1
S 5226374 279 100391 1
S 5233374 279 100397 1
S 5240373 279 100396 1
S 5247373 279 100397 1
S 5254372 279 100393 1
S 5261372 279 100390 1
S 5268371 279 100388 1
S 5275371 279 100385 1
S 5282370 279 100393 1
S 5289370 279 100393 1
S 5296370 279 100393 1
S 5303369 279 100390 1
S 5310369 279 100391 1
S 5317368 279 100385 1
S 5324368 279 100388 1
S 5331367 279 100394 1
S 5338367 279 100387 1
S 5345367 279 100390 1
S 5352366 279 100388 1
S 5359366 279 100391 1
S 5366365 279 100396 1
S 5373365 279 100391 1
S 5380364 279 100397 1
S 5387364 279 100396 1
S 5394363 279 100394 1
S 5401363 279 100388 1
S 5408363 279 100391 1
S 5415362 279 100385 1
S 5422362 279 100391 1
S 5429361 279 100399 1
S 5436361 279 100394 1
S 5443360 279 100394 1
S 5450360 279 100393 1
S 5457360 279 100391 1
S 5464359 279 100387 1
S 5471359 279 100393 1
S 5478358 279 100399 1
S 5485358 279 100391 1
S 5492357 279 100394 1
S 5499357 279 100393 1
S 5506356 279 100397 1
S 5513356 279 100390 1
S 5520356 279 100387 1
S 5527355 279 100388 1
S 5534355 279 100388 1
S 5541354 279 100394 1
S 5548354 279 100388 1
S 5555353 279 100388 1
S 5562353 279 100391 1
S 5569353 279 100390 1
S 5576352 279 100390 1
S 5583352 279 100388 1
S 5590351 279 100393 1
S 5597351 279 100390 1
S 5604350 279 100393 1
S 5611350 279 100393 1
S 5618349 279 100391 1
S 5625349 279 100390 1
S 5632349 279 100385 1
S 5639348 279 100396 1
S 5646348 279 100399 1
S 5653347 279 100393 1
S 5660347 279 100393 1
S 5667346 279 100387 1
S 5674346 279 100387 1
S 5681346 279 100387 1
S 5688345 279 100382 1
S 5695345 279 100390 1
S 5702344 279 100385 1
S 5709344 279 100387 1
S 5716343 279 100384 1
S 5723343 279 100388 1
S 5730342 279 100380 1
S 5737342 279 100388 1
S 5744342 279 100388 1
S 5751341 279 100387 1
S 5758341 279 100393 1
S 5765340 279 100384 1
S 5772340 279 100388 1
S 5779339 279 100382 1
S 5786339 279 100388 1
S 5793339 279 100384 1
S 5800338 279 100385 1
S 5807338 279 100382 1
S 5814337 279 100391 1
S 5821337 279 100393 1
S 5828336 279 100394 1
S 5835336 279 100393 1
S 5842335 279 100394 1
S 5849335 279 100393 1
S 5856335 279 100387 1
S 5863334 279 100391 1
S 5870334 279 100388 1
S 5877333 279 100391 1
S 5884333 279 100387 1
S 5891332 279 100387 1
S 5898332 279 100388 1
S 5905332 279 100390 1
S 5912331 279 100384 1
S 5919331 279 100381 1
S 5926330 279 100388 1
S 5933330 279 100393 1
S 5940329 279 100394 1
S 5947329 279 100382 1
S 5954328 279 100384 1
S 5961328 279 100388 1
S 5968328 279 100388 1
S 5975327 279 100385 1
S 5982327 279 100385 1
S 5989326 279 100385 1
S 5996326 279 100390 1
S 6003325 279 100385 1
S 6010325 279 100394 1
S 6017325 279 100390 1
S 6024324 279 100388 1
S 6031324 279 100385 1
S 6038323 279 100381 1
S 6045323 279 100385 1
S 6052322 279 100391 1
S 6059322 279 100399 1
S 6071321 279 100393 1
S 6078321 279 100390 1
S 6085320 279 100393 1
S 6092320 279 100393 1
S 6136317 279 100394 2
S 6147316 279 100390 2
S 6158316 279 100388 2
S 6169315 279 100392 2
S 6180314 279 100391 2
S 6191314 279 100390 2
S 6202313 279 100390 2
S 6213312 279 100391 2
S 6224312 279 100388 2
S 6235311 279 100388 2
S 6246310 279 100396 2
S 6257310 279 100387 2
S 6268309 279 100390 2
S 6279308 279 100387 2
S 6290307 279 100387 2
S 6301307 279 100385 2
S 6312306 279 100390 2
S 6323305 279 100395 2
S 6334305 279 100391 2
S 6345304 279 100389 2
S 6356303 279 100388 2
S 6367303 279 100390 2
S 6378302 279 100385 2
S 6389301 279 100394 2
S 6400301 279 100387 2
S 6411300 279 100386 2
S 6422299 279 100392 2
S 6433299 279 100395 2
S 6444298 279 100390 2
S 6455297 279 100392 2
S 6466296 279 100394 2
S 6477296 279 100388 2
S 6488295 279 100386 2
S 6499294 279 100387 2
S 6510294 279 100385 2
S 6521293 279 100384 2
S 6532292 279 100380 2
S 6543292 279 100386 2
S 6554291 279 100385 2
S 6565290 279 100391 2
S 6576290 279 100383 2
S 6587289 279 100381 2
S 6598288 279 100385 2
S 6609288 279 100384 2
S 6620287 279 100381 2
S 6631286 279 100388 2
S 6642285 279 100385 2
S 6653285 279 100380 2
S 6664284 279 100381 2
S 6675283 279 100385 2
S 6686283 279 100381 2
S 6697282 279 100380 2
S 6708281 279 100385 2
S 6719281 279 100381 2
S 6730280 279 100379 2
S 6741279 279 100382 2
S 6752279 279 100381 2
S 6763278 279 100382 2
S 6774277 279 100386 2
S 6785277 279 100385 2
S 6796276 279 100384 2
S 6807275 279 100377 2
S 6818274 279 100379 2
S 6829274 279 100381 2
S 6840273 279 100383 2
S 6851272 279 100382 2
S 6862272 279 100385 2
S 6873271 279 100380 2
S 6884270 279 100379 2
S 6895270 279 100382 2
S 6906269 279 100384 2
S 6917268 279 100383 2
S 6928268 279 100385 2
S 6939267 279 100382 2
S 6950266 279 100382 2
S 6961266 279 100381 2
S 6972265 279 100380 2
S 6983264 279 100381 2
S 6994263 279 100382 2
S 7005263 279 100379 2
S 7016262 279 100380 2
S 7027261 279 100382 2
S 7038261 279 100381 2
S 7049260 279 100385 2
S 7060259 279 100384 2
S 7071259 279 100385 2
S 7087258 279 100398 2
S 7098257 279 100403 2
S 7109256 279 100399 2
S 7120256 279 100397 2
S 7131255 279 100400 2
S 7142254 279 100395 2
S 7153254 279 100394 2
S 7164253 279 100394 2
S 7175252 279 100395 2
S 7186251 279 100395 2
S 7197251 279 100390 2
S 7208250 279 100393 2
S 7219249 279 100392 2
S 7230249 279 100397 2
S 7241248 279 100395 2
S 7252247 279 100391 2
S 7263247 279 100395 2
S 7274246 279 100390 2
S 7285245 279 100393 2
S 7296245 279 100391 2
S 7307244 279 100399 2
S 7318243 279 100395 2
S 7329243 279 100394 2
S 7340242 279 100395 2
S 7351241 279 100400 2
S 7362240 279 100391 2
S 7373240 279 100391 2
S 7384239 279 100393 2
S 7395238 279 100395 2
S 7406238 279 100391 2
S 7417237 279 100396 2
S 7428236 279 100392 2
S 7439236 279 100397 2
S 7450235 279 100394 2
S 7461234 279 100390 2
S 7472234 279 100394 2
S 7483233 279 100391 2
S 7494232 279 100393 2
S 7505232 279 100393 2
S 7516231 279 100394 2
S 7527230 279 100393 2
S 7538229 279 100394 2
S 7549229 279 100398 2
S 7560228 279 100394 2
S 7571227 279 100393 2
S 7582227 279 100394 2
S 7593226 279 100397 2
S 7604225 279 100397 2
S 7615225 279 100392 2
S 7626224 279 100389 2
S 7637223 279 100394 2
S 7648223 279 100391 2
S 7659222 279 100392 2
S 7670221 279 100391 2
S 7681221 279 100394 2
S 7692220 279 100393 2
S 7703219 279 100395 2
S 7714218 279 100396 2
S 7725218 279 100395 2
S 7736217 279 100394 2
S 7747216 279 100389 2
S 7758216 279 100391 2
S 7769215 279 100393 2
S 7780214 279 100394 2
S 7791214 279 100394 2
S 7802213 279 100389 2
S 7813212 279 100387 2
S 7824212 279 100388 2
S 7835211 279 100390 2
S 7846210 279 100388 2
S 7857210 279 100388 2
S 7868209 279 100391 2
S 7879208 279 100391 2
S 7890207 279 100391 2
S 7901207 279 100393 2
S 7912206 279 100389 2
S 7923205 279 100384 2
S 7934205 279 100382 2
S 7945204 279 100385 2
S 7956203 279 100383 2
S 7967203 279 100385 2
S 7978202 279 100383 2
S 7989201 279 100385 2
S 8000201 279 100390 2
S 8011200 279 100387 2
S 8022199 279 100391 2
S 8033199 279 100384 2
S 8044198 279 100388 2
S 8055197 279 100391 2
S 8066196 279 100388 2
S 8077196 279 100385 2
S 8093195 279 100393 2
S 8104194 279 100389 2
S 8115193 279 100391 2
S 8126193 279 100390 2
S 8137192 279 100391 2
S 8148191 279 100394 2
S 8159191 279 100388 2
S 8170190 279 100394 2
S 8181189 279 100391 2
S 8192189 279 100391 2
S 8203188 279 100391 2
S 8214187 279 100391 2
S 8225187 279 100390 2
S 8236186 279 100388 2
S 8247185 279 100392 2
S 8258184 279 100388 2
S 8269184 279 100389 2
S 8280183 279 100393 2
S 8291182 279 100393 2
S 8302182 279 100393 2
S 8313181 279 100388 2
S 8324180 279 100388 2
S 8335180 279 100388 2
S 8346179 279 100393 2
S 8357178 279 100386 2
S 8368178 279 100389 2
S 8379177 279 100390 2
S 8390176 279 100390 2
S 8401176 279 100385 2
S 8412175 279 100392 2
S 8423174 279 100390 2
S 8434173 279 100391 2
S 8445173 279 100388 2
S 8456172 279 100390 2
S 8467171 279 100388 2
S 8478171 279 100391 2
S 8489170 279 100388 2
S 8500169 279 100388 2
S 8511169 279 100391 2
S 8522168 279 100391 2
S 8533167 279 100391 2
S 8544167 279 100388 2
S 8555166 279 100392 2
S 8566165 279 100390 2
S 8577165 279 100394 2
S 8588164 279 100387 2
S 8599163 279 100392 2
S 8610162 279 100394 2
S 8621162 279 100393 2
S 8632161 279 100394 2
S 8643160 279 100391 2
S 8654160 279 100391 2
S 8665159 279 100382 2
S 8676158 279 100383 2
S 8687158 279 100386 2
S 8698157 279 100394 2
S 8709156 279 100393 2
S 8720156 279 100391 2
S 8731155 279 100392 2
S 8742154 279 100393 2
S 8753154 279 100392 2
S 8764153 279 100392 2
S 8775152 279 100388 2
S 8786151 279 100393 2
S 8797151 279 100391 2
S 8808150 279 100389 2
S 8819149 279 100389 2
S 8830149 279 100391 2
S 8841148 279 100390 2
S 8852147 279 100388 2
S 8863147 279 100392 2
S 8874146 279 100390 2
S 8885145 279 100383 2
S 8896145 279 100387 2
S 8907144 279 100392 2
S 8918143 279 100392 2
S 8929143 279 100388 2
S 8940142 279 100390 2
S 8951141 279 100389 2
S 8962140 279 100389 2
S 8973140 279 100391 2
S 8984139 279 100389 2
S 8995138 279 100392 2
S 9006138 279 100388 2
S 9017137 279 100389 2
S 9028136 279 100388 2
S 9039136 279 100388 2
S 9050135 279 100390 2
S 9061134 279 100386 2
S 9072134 279 100391 2
S 9083133 279 100391 2
S 9099132 279 100394 2
S 9110131 279 100393 2
S 9121131 279 100397 2
S 9132130 279 100394 2
S 9143129 279 100395 2
S 9154128 279 100394 2
S 9165128 279 100394 2
S 9176127 279 100396 2
S 9187126 279 100396 2
S 9198126 279 100393 2
S 9209125 279 100396 2
S 9220124 279 100397 2
S 9231124 279 100398 2
S 9242123 279 100394 2
S 9253122 279 100394 2
S 9264122 279 100394 2
S 9275121 279 100394 2
S 9286120 279 100391 2
S 9297120 279 100393 2
S 9308119 279 100389 2
S 9319118 279 100391 2
S 9330117 279 100394 2
S 9341117 279 100394 2
S 9352116 279 100394 2
S 9363115 279 100393 2
S 9374115 279 100393 2
S 9385114 279 100393 2
S 9396113 279 100394 2
S 9407113 279 100397 2
S 9418112 279 100395 2
S 9429111 279 100394 2
S 9440111 279 100391 2
S 9451110 279 100391 2
S 9462109 279 100389 2
S 9473109 279 100391 2
S 9484108 279 100391 2
S 9495107 279 100392 2
S 9506106 279 100394 2
S 9517106 279 100391 2
S 9528105 279 100392 2
S 9539104 279 100392 2
S 9550104 279 100393 2
S 9561103 279 100392 2
S 9572102 279 100393 2
S 9583102 279 100395 2
S 9594101 279 100396 2
S 9605100 279 100397 2
S 9616100 279 100397 2
S 9627099 279 100394 2
S 9638098 279 100393 2
S 9649098 279 100395 2
S 9660097 279 100394 2
S 9671096 279 100388 2
S 9682095 279 100394 2
S 9693095 279 100385 2
S 9704094 279 100385 2
S 9715093 279 100390 2
S 9726093 279 100391 2
S 9737092 279 100395 2
S 9748091 279 100395 2
S 9759091 279 100390 2
S 9770090 279 100388 2
S 9781089 279 100395 2
S 9792089 279 100389 2
S 9803088 279 100388 2
S 9814087 279 100391 2
S 9825087 279 100388 2
S 9836086 279 100387 2
S 9847085 279 100393 2
S 9858084 279 100391 2
S 9869084 279 100391 2
S 9880083 279 100392 2
S 9891082 279 100394 2
S 9902082 279 100391 2
S 9913081 279 100394 2
S 9924080 279 100394 2
S 9935080 279 100394 2
S 9946079 279 100392 2
S 9957078 279 100395 2
S 9968078 279 100394 2
S 9979077 279 100393 2
S 9990076 279 100393 2
S 10001076 279 100397 2
S 10012075 279 100393 2
S 10023074 279 100398 2
S 10034073 279 100391 2
S 10045073 279 100394 2
S 10056072 279 100396 2
S 10067071 279 100391 2
S 10078071 279 100393 2
S 10089070 279 100391 2
S 10105069 279 100397 2
S 10116068 279 100395 2
S 10127068 279 100391 2
S 10138067 279 100393 2
S 10149066 279 100394 2
S 10160066 279 100397 2
S 10171065 279 100394 2
S 10182064 279 100398 2
S 10193064 279 100395 2
S 10204063 279 100391 2
S 10215062 279 100394 2
S 10226061 279 100391 2
S 10237061 279 100397 2
S 10248060 279 100396 2
S 10259059 279 100391 2
S 10270059 279 100389 2
S 10281058 279 100389 2
S 10292057 279 100393 2
S 10303057 279 100391 2
S 10314056 279 100393 2
S 10325055 279 100387 2
S 10336055 279 100390 2
S 10347054 279 100388 2
S 10358053 279 100392 2
S 10369053 279 100397 2
S 10380052 279 100394 2
S 10391051 279 100390 2
S 10402050 279 100392 2
S 10413050 279 100392 2
S 10424049 279 100392 2
S 10435048 279 100393 2
S 10446048 279 100394 2
S 10457047 279 100389 2
S 10468046 279 100386 2
S 10479046 279 100390 2
S 10490045 279 100391 2
S 10501044 279 100386 2
S 10512044 279 100394 2
S 10523043 279 100392 2
S 10534042 279 100394 2
S 10545042 279 100396 2
S 10556041 279 100393 2
S 10567040 279 100390 2
S 10578039 279 100393 2
S 10589039 279 100392 2
S 10600038 279 100393 2
S 10611037 279 100391 2
S 10622037 279 100394 2
S 10633036 279 100394 2
S 10644035 279 100397 2
S 10655035 279 100391 2
S 10666034 279 100396 2
S 10677033 279 100392 2
S 10688033 279 100397 2
S 10699032 279 100390 2
S 10710031 279 100391 2
S 10721031 279 100394 2
S 10732030 279 100390 2
S 10743029 279 100394 2
S 10754028 279 100394 2
S 10765028 279 100394 2
S 10776027 279 100390 2
S 10787026 279 100394 2
S 10798026 279 100393 2
S 10809025 279 100391 2
S 10820024 279 100394 2
S 10831024 279 100393 2
S 10842023 279 100395 2
S 10853022 279 100395 2
S 10864022 279 100395 2
S 10875021 279 100396 2
S 10886020 279 100394 2
S 10897020 279 100392 2
S 10908019 279 100390 2
S 10919018 279 100394 2
S 10930017 279 100392 2
S 10941017 279 100394 2
S 10952016 279 100391 2
S 10963015 279 100390 2
S 10974015 279 100397 2
S 10985014 279 100396 2
S 10996013 279 100393 2
S 11007013 279 100391 2
S 11018012 279 100394 2
S 11029011 279 100391 2
S 11040011 279 100394 2
S 11051010 279 100393 2
S 11062009 279 100395 2
S 11073009 279 100394 2
S 11084008 279 100395 2
S 11095007 279 100392 2
S 11111006 279 100397 2
S 11122005 279 100400 2
S 11133005 279 100400 2
S 11144004 279 100397 2
S 11155003 279 100395 2
S 11166003 279 100398 2
S 11177002 279 100397 2
S 11188001 279 100397 2
S 11199001 279 100400 2
S 11210000 279 100396 2
S 11220999 279 100395 2
S 11231999 279 100397 2
S 11242998 279 100398 2
S 11253997 279 100398 2
S 11264997 279 100394 2
S 11275996 279 100398 2
S 11286995 279 100398 2
S 11297994 279 100399 2
S 11308994 279 100402 2
S 11319993 279 100393 2
S 11330992 279 100397 2
S 11341992 279 100398 2
S 11352991 279 100395 2
S 11363990 279 100400 2
S 11374990 279 100397 2
S 11385989 279 100397 2
S 11396988 279 100396 2
S 11407988 279 100392 2
S 11418987 279 100388 2
S 11429986 279 100397 2
S 11440986 279 100389 2
S 11451985 279 100391 2
S 11462984 279 100394 2
S 11473983 279 100391 2
S 11484983 279 100391 2
S 11495982 279 100392 2
S 11506981 279 100391 2
S 11517981 279 100390 2
S 11528980 279 100391 2
S 11539979 279 100394 2
S 11550979 279 100392 2
S 11561978 279 100389 2
S 11572977 279 100391 2
S 11583977 279 100392 2
S 11594976 279 100397 2
S 11605975 279 100394 2
S 11616975 279 100387 2
S 11627974 279 100389 2
S 11638973 279 100391 2
S 11649972 279 100391 2
S 11725968 279 100390 3
S 11744967 279 100388 3
S 11763965 279 100391 3
S 11782964 279 100391 3
S 11801963 279 100388 3
S 11820962 279 100386 3
S 11839961 279 100390 3
S 11858959 279 100386 3
S 11877958 279 100386 3
S 11896957 279 100388 3
S 11915956 279 100389 3
S 11934955 279 100390 3
S 11953953 279 100391 3
S 11972952 279 100386 3
S 11991951 279 100388 3
S 12010950 279 100390 3
S 12029949 279 100387 3
S 12048948 279 100390 3
S 12067946 279 100387 3
S 12086945 279 100385 3
S 12105944 279 100386 3
S 12128942 280 100398 3
S 12147941 280 100395 3
S 12166940 280 100396 3
S 12185939 280 100397 3
S 12204938 280 100399 3
S 12223937 280 100396 3
S 12242935 280 100394 3
S 12261934 280 100397 3
S 12280933 280 100393 3
S 12299932 280 100396 3
S 12318931 280 100391 3
S 12337929 280 100394 3
S 12356928 280 100396 3
S 12375927 280 100395 3
S 12394926 280 100390 3
S 12413925 280 100393 3
S 12432924 280 100391 3
S 12451922 280 100394 3
S 12470921 280 100394 3
S 12489920 280 100392 3
S 12508919 280 100392 3
S 12527918 280 100392 3
S 12546916 280 100396 3
S 12565915 280 100393 3
S 12584914 280 100393 3
S 12603913 280 100394 3
S 12622912 280 100393 3
S 12641910 280 100391 3
S 12660909 280 100392 3
S 12679908 280 100392 3
S 12698907 280 100394 3
S 12717906 280 100393 3
S 12736905 280 100394 3
S 12755903 280 100396 3
S 12774902 280 100395 3
S 12793901 280 100394 3
S 12812900 280 100397 3
S 12831899 280 100396 3
S 12850897 280 100395 3
S 12869896 280 100394 3
S 12888895 280 100394 3
S 12907894 280 100394 3
S 12926893 280 100395 3
S 12945891 280 100396 3
S 12964890 280 100399 3
S 12983889 280 100399 3
S 13002888 280 100400 3
S 13021887 280 100398 3
S 13040886 280 100400 3
S 13059884 280 100397 3
S 13078883 280 100402 3
S 13097882 280 100402 3
S 13116881 280 100399 3
S 13139879 280 100402 3
S 13158878 280 100399 3
S 13177877 280 100398 3
S 13196876 280 100396 3
S 13215875 280 100394 3
S 13234873 280 100397 3
S 13253872 280 100394 3
S 13272871 280 100396 3
S 13291870 280 100398 3
S 13310869 280 100396 3
S 13329867 280 100394 3
S 13348866 280 100395 3
S 13367865 280 100394 3
S 13386864 280 100394 3
S 13405863 280 100396 3
S 13424862 280 100397 3
S 13443860 280 100394 3
S 13462859 280 100395 3
S 13481858 280 100395 3
S 13500857 280 100395 3
S 13519856 280 100391 3
S 13538854 280 100391 3
S 13557853 280 100390 3
S 13576852 280 100390 3
S 13595851 280 100390 3
S 13614850 280 100391 3
S 13633848 280 100390 3
S 13652847 280 100388 3
S 13671846 280 100381 3
S 13690845 280 100383 3
S 13709844 280 100392 3
S 13728843 280 100390 3
S 13747841 280 100392 3
S 13766840 280 100389 3
S 13785839 280 100394 3
S 13804838 280 100395 3
S 13823837 280 100394 3
S 13842835 280 100390 3
S 13861834 280 100388 3
S 13880833 280 100391 3
S 13899832 280 100387 3
S 13918831 280 100390 3
S 13937829 280 100389 3
S 13956828 280 100392 3
S 13975827 280 100390 3
S 13994826 280 100387 3
S 14013825 280 100391 3
S 14032824 280 100393 3
S 14051822 280 100391 3
S 14070821 280 100387 3
S 14089820 280 100386 3
S 14108819 280 100389 3
S 14127818 280 100389 3
S 14150816 280 100396 3
S 14169815 280 100390 3
S 14188814 280 100388 3
S 14207813 280 100389 3
S 14226811 280 100392 3
S 14245810 280 100388 3
S 14264809 280 100392 3
S 14283808 280 100386 3
S 14302807 280 100388 3
S 14321805 280 100389 3
S 14340804 280 100388 3
S 14359803 280 100384 3
S 14378802 280 100386 3
S 14397801 280 100391 3
S 14416800 280 100389 3
S 14435798 280 100391 3
S 14454797 280 100388 3
S 14473796 280 100387 3
S 14492795 280 100388 3
S 14511794 280 100389 3
S 14530792 280 100383 3
S 14549791 280 100390 3
S 14568790 280 100391 3
S 14587789 280 100387 3
S 14606788 280 100387 3
S 14625786 280 100394 3
S 14644785 280 100390 3
S 14663784 280 100392 3
S 14682783 280 100392 3
S 14701782 280 100387 3
S 14720781 280 100392 3
S 14739779 280 100393 3
S 14758778 280 100386 3
S 14777777 280 100394 3
S 14796776 280 100393 3
S 14815775 280 100385 3
S 14834773 280 100386 3
S 14853772 280 100394 3
S 14872771 280 100391 3
S 14891770 280 100391 3
S 14910769 280 100392 3
S 14929767 280 100392 3
S 14948766 280 100390 3
S 14967765 280 100391 3
S 14986764 280 100389 3
S 15005763 280 100385 3
S 15024762 280 100394 3
S 15043760 280 100394 3
S 15062759 280 100391 3
S 15081758 280 100390 3
S 15100757 280 100389 3
S 15119756 280 100386 3
S 15138754 280 100387 3
S 15161753 280 100397 3
S 15180752 280 100399 3
S 15199751 280 100398 3
S 15218749 280 100394 3
S 15237748 280 100396 3
S 15256747 280 100399 3
S 15275746 280 100396 3
S 15294745 280 100399 3
S 15313743 280 100399 3
S 15332742 280 100398 3
S 15351741 280 100397 3
S 15370740 280 100396 3
S 15389739 280 100399 3
S 15408738 280 100400 3
S 15427736 280 100400 3
S 15446735 280 100396 3
S 15465734 280 100396 3
S 15484733 280 100397 3
S 15503732 280 100397 3
S 15522730 280 100394 3
S 15541729 280 100394 3
S 15560728 280 100391 3
S 15579727 280 100391 3
S 15598726 280 100390 3
S 15617724 280 100389 3
S 15636723 280 100391 3
S 15655722 280 100392 3
S 15674721 280 100394 3
S 15693720 280 100394 3
S 15712719 280 100395 3
S 15731717 280 100391 3
S 15750716 280 100399 3
S 15769715 280 100395 3
S 15788714 280 100394 3
S 15807713 280 100394 3
S 15826711 280 100390 3
S 15845710 280 100395 3
S 15864709 280 100388 3
S 15883708 280 100394 3
S 15902707 280 100397 3
S 15921705 280 100391 3
S 15940704 280 100393 3
S 15959703 280 100392 3
S 15978702 280 100396 3
S 15997701 280 100394 3
S 16016700 280 100397 3
S 16035698 280 100397 3
S 16054697 280 100393 3
S 16073696 280 100391 3
S 16092695 280 100395 3
S 16111694 280 100396 3
S 16130692 280 100397 3
S 16149691 280 100396 3
S 16172690 280 100394 3
S 16191689 280 100393 3
S 16210687 280 100391 3
S 16229686 280 100391 3
S 16248685 280 100396 3
S 16267684 280 100396 3
S 16286683 280 100394 3
S 16305681 280 100394 3
S 16324680 280 100396 3
S 16343679 280 100395 3
S 16362678 280 100397 3
S 16381677 280 100394 3
S 16400676 280 100394 3
S 16419674 280 100393 3
S 16438673 280 100394 3
S 16457672 280 100396 3
S 16476671 280 100390 3
S 16495670 280 100396 3
S 16514668 280 100389 3
S 16533667 280 100386 3
S 16552666 280 100393 3
S 16571665 280 100391 3
S 16590664 280 100389 3
S 16609662 280 100392 3
S 16628661 280 100390 3
S 16647660 280 100393 3
S 16666659 280 100392 3
S 16685658 280 100392 3
S 16704657 280 100386 3
S 16723655 280 100384 3
S 16742654 280 100389 3
S 16761653 280 100391 3
S 16780652 280 100389 3
S 16799651 280 100389 3
S 16818649 280 100394 3
S 16837648 280 100387 3
S 16856647 280 100390 3
S 16875646 280 100393 3
S 16894645 280 100393 3
S 16913643 280 100390 3
S 16932642 280 100392 3
S 16951641 280 100395 3
S 16970640 280 100390 3
S 16989639 280 100391 3
S 17008638 280 100389 3
S 17027636 280 100394 3
S 17046635 280 100395 3
S 17065634 280 100387 3
S 17084633 280 100389 3
S 17103632 280 100387 3
S 17122630 280 100386 3
S 17141629 280 100389 3
S 17160628 280 100391 3
S 17183626 280 100401 3
S 17202625 280 100396 3
S 17221624 280 100395 3
S 17240623 280 100391 3
S 17259622 280 100394 3
S 17278621 280 100391 3
S 17297619 280 100390 3
S 17316618 280 100394 3
S 17335617 280 100390 3
S 17354616 280 100393 3
S 17373615 280 100392 3
S 17392614 280 100393 3
S 17411612 280 100394 3
S 17430611 280 100393 3
S 17449610 280 100397 3
S 17468609 280 100397 3
S 17487608 280 100397 3
S 17506606 280 100397 3
S 17525605 280 100397 3
S 17544604 280 100397 3
S 17563603 280 100399 3
S 17582602 280 100398 3
S 17601600 280 100395 3
S 17620599 280 100395 3
S 17639598 280 100395 3
S 17658597 280 100392 3
S 17677596 280 100391 3
S 17696595 280 100388 3
S 17715593 280 100391 3
S 17734592 280 100390 3
S 17753591 280 100394 3
S 17772590 280 100391 3
S 17791589 280 100391 3
S 17810587 280 100394 3
S 17829586 280 100393 3
S 17848585 280 100393 3
S 17867584 280 100395 3
S 17886583 280 100395 3
S 17905581 280 100395 3
S 17924580 280 100398 3
S 17943579 280 100396 3
S 17962578 280 100398 3
S 17981577 280 100398 3
S 18000576 280 100394 3
S 18019574 280 100395 3
S 18038573 280 100395 3
S 18057572 280 100392 3
S 18076571 280 100399 3
S 18095570 280 100393 3
S 18114568 280 100395 3
S 18133567 280 100393 3
S 18152566 280 100393 3
S 18171565 280 100395 3
S 18194563 280 100399 3
S 18213562 280 100400 3
S 18232561 280 100396 3
S 18251560 280 100397 3
S 18270559 280 100394 3
S 18289557 280 100398 3
S 18308556 280 100394 3
S 18327555 280 100392 3
S 18346554 280 100396 3
S 18365553 280 100396 3
S 18384552 280 100397 3
S 18403550 280 100399 3
S 18422549 280 100395 3
S 18441548 280 100393 3
S 18460547 280 100397 3
S 18479546 280 100396 3
S 18498544 280 100396 3
S 18517543 280 100395 3
S 18536542 280 100397 3
S 18555541 280 100397 3
S 18574540 280 100396 3
S 18593538 280 100394 3
S 18612537 280 100397 3
S 18631536 280 100400 3
S 18650535 280 100397 3
S 18669534 280 100397 3
S 18688533 280 100396 3
S 18707531 280 100397 3
S 18726530 280 100397 3
S 18745529 280 100396 3
S 18764528 280 100396 3
S 18783527 280 100394 3
S 18802525 280 100397 3
S 18821524 280 100397 3
S 18840523 280 100396 3
S 18859522 280 100399 3
S 18878521 280 100397 3
S 18897519 280 100399 3
S 18916518 280 100395 3
S 18935517 280 100394 3
S 18954516 280 100397 3
S 18973515 280 100399 3
S 18992514 280 100398 3
S 19011512 280 100397 3
S 19030511 280 100392 3
S 19049510 280 100392 3
S 19068509 280 100395 3
S 19087508 280 100393 3
S 19106506 280 100392 3
S 19125505 280 100393 3
S 19144504 280 100392 3
S 19163503 280 100392 3
S 19182502 280 100395 3
S 19205500 280 100399 3
S 19224499 280 100396 3
S 19243498 280 100396 3
S 19262497 280 100395 3
S 19281495 280 100393 3
S 19300494 280 100395 3
S 19319493 280 100397 3
S 19338492 280 100396 3
S 19357491 280 100390 3
S 19376490 280 100394 3
S 19395488 280 100390 3
S 19414487 280 100394 3
S 19433486 280 100396 3
S 19452485 280 100399 3
S 19471484 280 100395 3
S 19490482 280 100396 3
S 19509481 280 100396 3
S 19528480 280 100394 3
S 19547479 280 100396 3
S 19566478 280 100393 3
S 19585476 280 100392 3
S 19604475 280 100390 3
S 19623474 280 100393 3
S 19642473 280 100391 3
S 19661472 280 100392 3
S 19680471 280 100394 3
S 19699469 280 100393 3
S 19718468 280 100395 3
S 19737467 280 100390 3
S 19756466 280 100392 3
S 19775465 280 100396 3
S 19794463 280 100398 3
S 19813462 280 100389 3
S 19832461 280 100387 3
S 19851460 280 100386 3
S 19870459 280 100387 3
S 19889457 280 100389 3
S 19908456 280 100388 3
S 19927455 280 100386 3
S 19946454 280 100387 3
S 19965453 280 100386 3
S 19984452 280 100384 3
S 20003450 280 100385 3
S 20022449 280 100386 3
S 20041448 280 100387 3
S 20060447 280 100386 3
S 20079446 280 100389 3
S 20098444 280 100389 3
S 20117443 280 100387 3
S 20136442 280 100384 3
S 20155441 280 100390 3
S 20174440 280 100390 3
S 20193438 280 100387 3
S 20216437 280 100390 3
S 20235436 280 100392 3
S 20254435 280 100389 3
S 20273433 280 100389 3
S 20292432 280 100390 3
S 20311431 280 100390 3
S 20330430 280 100386 3
S 20349429 280 100390 3
S 20368428 280 100389 3
S 20387426 280 100387 3
S 20406425 280 100392 3
S 20425424 280 100390 3
S 20444423 280 100394 3
S 20463422 280 100392 3
S 20482420 280 100393 3
S 20501419 280 100394 3
S 20520418 280 100393 3
S 20539417 280 100390 3
S 20558416 280 100392 3
S 20577414 280 100391 3
S 20596413 280 100388 3
S 20615412 280 100390 3
S 20634411 280 100392 3
S 20653410 280 100391 3
S 20672409 280 100388 3
S 20691407 280 100392 3
S 20710406 280 100390 3
S 20729405 280 100395 3
S 20748404 280 100389 3
S 20767403 280 100389 3
S 20786401 280 100390 3
S 20805400 280 100390 3
S 20824399 280 100392 3
S 20843398 280 100391 3
S 20862397 280 100387 3
S 20881395 280 100387 3
S 20900394 280 100389 3
S 20919393 280 100385 3
S 20938392 280 100385 3
S 20957391 280 100385 3
S 20976390 280 100388 3
S 20995388 280 100386 3
S 21014387 280 100383 3
S 21033386 280 100384 3
S 21052385 280 100388 3
S 21071384 280 100387 3
S 21090382 280 100393 3
S 21109381 280 100390 3
S 21128380 280 100389 3
S 21147379 280 100388 3
S 21166378 280 100386 3
S 21185376 280 100387 3
S 21204375 280 100389 3
S 21227374 280 100396 3
S 21246373 280 100394 3
S 21257372 280 100394 2
S 21268371 280 100394 2
S 21279371 280 100398 2
S 21290370 280 100392 2
S 21301369 280 100400 2
S 21312369 280 100399 2
S 21323368 280 100392 2
S 21334367 280 100394 2
S 21345366 280 100392 2
S 21356366 280 100392 2
S 21367365 280 100400 2
S 21378364 280 100401 2
S 21389364 280 100395 2
S 21400363 280 100394 2
S 21411362 280 100390 2
S 21422362 280 100396 2
S 21433361 280 100392 2
S 21444360 280 100393 2
S 21455360 280 100397 2
S 21466359 280 100396 2
S 21477358 280 100397 2
S 21488358 280 100399 2
S 21499357 280 100392 2
S 21510356 280 100393 2
S 21521355 280 100396 2
S 21532355 280 100395 2
S 21543354 280 100393 2
S 21554353 280 100395 2
S 21565353 280 100397 2
S 21576352 280 100395 2
S 21587351 280 100392 2
S 21598351 280 100392 2
S 21609350 280 100392 2
S 21620349 280 100393 2
S 21631349 280 100396 2
S 21642348 280 100391 2
S 21653347 280 100390 2
S 21664347 280 100393 2
S 21675346 280 100394 2
S 21686345 280 100395 2
S 21697344 280 100393 2
S 21708344 280 100392 2
S 21719343 280 100393 2
S 21730342 280 100398 2
S 21741342 280 100396 2
S 21752341 280 100396 2
S 21763340 280 100398 2
S 21774340 280 100394 2
S 21785339 280 100393 2
S 21796338 280 100397 2
S 21807338 280 100395 2
S 21818337 280 100397 2
S 21829336 280 100401 2
S 21840336 280 100400 2
S 21851335 280 100395 2
S 21862334 280 100392 2
S 21873333 280 100392 2
S 21884333 280 100393 2
S 21895332 280 100390 2
S 21906331 280 100392 2
S 21917331 280 100394 2
S 21928330 280 100400 2
S 21939329 280 100399 2
S 21950329 280 100398 2
S 21961328 280 100397 2
S 21972327 280 100397 2
S 21983327 280 100394 2
S 21994326 280 100397 2
S 22005325 280 100394 2
S 22016325 280 100392 2
S 22027324 280 100398 2
S 22038323 280 100397 2
S 22049322 280 100400 2
S 22060322 280 100398 2
S 22071321 280 100393 2
S 22082320 280 100396 2
S 22093320 280 100397 2
S 22104319 280 100400 2
S 22115318 280 100398 2
S 22126318 280 100397 2
S 22137317 280 100397 2
S 22148316 280 100394 2
S 22159316 280 100397 2
S 22170315 280 100394 2
S 22181314 280 100399 2
S 22192314 280 100394 2
S 22203313 280 100399 2
S 22214312 280 100395 2
S 22230311 280 100392 2
S 22241310 280 100389 2
S 22252310 280 100391 2
S 22263309 280 100388 2
S 22274308 280 100389 2
S 22285308 280 100392 2
S 22296307 280 100395 2
S 22307306 280 100390 2
S 22318306 280 100389 2
S 22329305 280 100392 2
S 22340304 280 100389 2
S 22351304 280 100383 2
S 22362303 280 100392 2
S 22373302 280 100391 2
S 22384302 280 100392 2
S 22395301 280 100393 2
S 22406300 280 100391 2
S 22417299 280 100389 2
S 22428299 280 100395 2
S 22439298 280 100394 2
S 22450297 280 100394 2
S 22461297 280 100393 2
S 22472296 280 100392 2
S 22483295 280 100391 2
S 22494295 280 100390 2
S 22505294 280 100386 2
S 22516293 280 100389 2
S 22527293 280 100392 2
S 22538292 280 100389 2
S 22549291 280 100388 2
S 22560291 280 100392 2
S 22571290 280 100389 2
S 22582289 280 100387 2
S 22593288 280 100389 2
S 22604288 280 100391 2
S 22615287 280 100391 2
S 22626286 280 100392 2
S 22637286 280 100386 2
S 22648285 280 100387 2
S 22659284 280 100388 2
S 22670284 280 100387 2
S 22681283 280 100386 2
S 22692282 280 100389 2
S 22703282 280 100393 2
S 22714281 280 100389 2
S 22725280 280 100385 2
S 22736280 280 100391 2
S 22747279 280 100385 2
S 22758278 280 100389 2
S 22769277 280 100389 2
S 22780277 280 100391 2
S 22791276 280 100395 2
S 22802275 280 100393 2
S 22813275 280 100390 2
S 22824274 280 100390 2
S 22835273 280 100392 2
S 22846273 280 100388 2
S 22857272 280 100390 2
S 22868271 280 100392 2
S 22879271 280 100387 2
S 22890270 280 100389 2
S 22901269 280 100389 2
S 22912269 280 100392 2
S 22923268 280 100392 2
S 22934267 280 100394 2
S 22945266 280 100389 2
S 22956266 280 100393 2
S 22967265 280 100391 2
S 22978264 280 100389 2
S 22989264 280 100391 2
S 23000264 280 100392 2
S 23011262 280 100392 2
S 23022262 280 100391 2
S 23033261 280 100394 2
S 23044260 280 100391 2
S 23055260 280 100390 2
S 23066259 280 100384 2
S 23077258 280 100388 2
S 23088258 280 100391 2
S 23099257 280 100392 2
S 23110256 280 100392 2
S 23121255 280 100389 2
S 23132255 280 100392 2
S 23143254 280 100394 2
S 23154253 280 100391 2
S 23165253 280 100391 2
S 23176252 280 100394 2
S 23187251 280 100385 2
S 23198251 280 100387 2
S 23209250 280 100389 2
S 23220249 280 100391 2
S 23236248 280 100397 2
S 23247248 280 100397 2
S 23258247 280 100397 2
S 23269246 280 100397 2
S 23280246 280 100392 2
S 23291245 280 100393 2
S 23302244 280 100390 2
S 23313243 280 100395 2
S 23324243 280 100391 2
S 23335242 280 100396 2
S 23346241 280 100396 2
S 23357241 280 100392 2
S 23368240 280 100392 2
S 23379239 280 100394 2
S 23390239 280 100398 2
S 23401238 280 100395 2
S 23412237 280 100397 2
S 23423237 280 100400 2
S 23434236 280 100400 2
S 23445235 280 100397 2
S 23456235 280 100398 2
S 23467234 280 100397 2
S 23478233 280 100394 2
S 23489232 280 100397 2
S 23500232 280 100396 2
S 23511231 280 100395 2
S 23522230 280 100397 2
S 23533230 280 100393 2
S 23544229 280 100391 2
S 23555228 280 100394 2
S 23566228 280 100391 2
S 23577227 280 100392 2
S 23588226 280 100397 2
S 23599226 280 100394 2
S 23610225 280 100394 2
S 23621224 280 100390 2
S 23632224 280 100394 2
S 23643223 280 100397 2
S 23654222 280 100392 2
S 23665221 280 100395 2
S 23676221 280 100397 2
S 23687220 280 100392 2
S 23698219 280 100396 2
S 23709219 280 100395 2
S 23720218 280 100395 2
S 23731217 280 100386 2
S 23742217 280 100392 2
S 23753216 280 100386 2
S 23764215 280 100393 2
S 23775215 280 100394 2
S 23786214 280 100394 2
S 23797213 280 100391 2
S 23808213 280 100388 2
S 23819212 280 100395 2
S 23830211 280 100397 2
S 23841210 280 100397 2
S 23852210 280 100393 2
S 23863209 280 100396 2
S 23874208 280 100395 2
S 23885208 280 100394 2
S 23896207 280 100403 2
S 23907206 280 100397 2
S 23918206 280 100398 2
S 23929205 280 100395 2
S 23940204 280 100397 2
S 23951204 280 100395 2
S 23962203 280 100395 2
S 23973202 280 100395 2
S 23984202 280 100392 2
S 23995201 280 100392 2
S 24006200 280 100393 2
S 24017199 280 100393 2
S 24028199 280 100393 2
S 24039198 280 100394 2
S 24050197 280 100394 2
S 24061197 280 100394 2
S 24072196 280 100389 2
S 24083195 280 100392 2
S 24094195 280 100392 2
S 24105194 280 100395 2
S 24116193 280 100396 2
S 24127193 280 100389 2
S 24138192 280 100392 2
S 24149191 280 100390 2
S 24160191 280 100392 2
S 24171190 280 100393 2
S 24182189 280 100391 2
S 24193188 280 100389 2
S 24204188 280 100391 2
S 24215187 280 100389 2
S 24226186 280 100391 2
S 24242185 281 100403 2
S 24253185 281 100395 2
S 24264184 281 100397 2
S 24275183 281 100396 2
S 24286183 281 100399 2
S 24297182 281 100394 2
S 24308181 281 100392 2
S 24319181 281 100393 2
S 24330180 281 100397 2
S 24341179 281 100398 2
S 24352179 281 100395 2
S 24363178 281 100394 2
S 24374177 281 100395 2
S 24385176 281 100397 2
S 24396176 281 100393 2
S 24407175 281 100395 2
S 24418174 281 100393 2
S 24429174 281 100397 2
S 24440173 281 100400 2
S 24451172 281 100397 2
S 24462172 281 100395 2
S 24473171 281 100397 2
S 24484170 281 100400 2
S 24495170 281 100398 2
S 24506169 281 100395 2
S 24517168 281 100397 2
S 24528168 281 100395 2
S 24539167 281 100394 2
S 24550166 281 100395 2
S 24561165 281 100395 2
S 24572165 281 100396 2
S 24583164 281 100396 2
S 24594163 281 100399 2
S 24605163 281 100394 2
S 24616162 281 100398 2
S 24627161 281 100396 2
S 24638161 281 100397 2
S 24649160 281 100392 2
S 24660159 281 100398 2
S 24671159 281 100398 2
S 24682158 281 100396 2
S 24693157 281 100395 2
S 24704157 281 100391 2
S 24715156 281 100389 2
S 24726155 281 100395 2
S 24737154 281 100399 2
S 24748154 281 100397 2
S 24759153 281 100399 2
S 24770152 281 100397 2
S 24781152 281 100392 2
S 24792151 281 100395 2
S 24803150 281 100396 2
S 24814150 281 100396 2
S 24825149 281 100397 2
S 24836148 281 100395 2
S 24847148 281 100394 2
S 24858147 281 100393 2
S 24869146 281 100400 2
S 24880146 281 100394 2
S 24891145 281 100395 2
S 24902144 281 100396 2
S 24913143 281 100391 2
S 24924143 281 100394 2
S 24935142 281 100398 2
S 24946141 281 100400 2
S 24957141 281 100399 2
S 24968140 281 100396 2
S 24979139 281 100398 2
S 24990139 281 100397 2
S 25001139 281 100395 2
S 25012137 281 100402 2
S 25023137 281 100403 2
S 25034136 281 100398 2
S 25045135 281 100398 2
S 25056135 281 100399 2
S 25067134 281 100396 2
S 25078133 281 100395 2
S 25089132 281 100395 2
S 25100132 281 100395 2
S 25111131 281 100400 2
S 25122130 281 100397 2
S 25133130 281 100397 2
S 25144129 281 100393 2
S 25155128 281 100397 2
S 25166128 281 100394 2
S 25177127 281 100395 2
S 25188126 281 100396 2
S 25199126 281 100395 2
S 25210125 281 100398 2
S 25221124 281 100397 2
S 25232124 281 100399 2
S 25248123 280 100397 2
S 25259122 280 100395 2
S 25270121 280 100393 2
S 25281120 280 100395 2
S 25292120 280 100394 2
S 25303119 280 100396 2
S 25314118 280 100398 2
S 25325118 280 100396 2
S 25336117 280 100397 2
S 25347116 280 100394 2
S 25358116 280 100392 2
S 25369115 280 100396 2
S 25380114 280 100394 2
S 25391114 280 100395 2
S 25402113 280 100398 2
S 25413112 280 100398 2
S 25424112 280 100400 2
S 25435111 280 100397 2
S 25446110 280 100395 2
S 25457109 280 100392 2
S 25468109 280 100389 2
S 25479108 280 100385 2
S 25490107 280 100387 2
S 25501107 280 100387 2
S 25512106 280 100388 2
S 25523105 280 100386 2
S 25534105 280 100391 2
S 25545104 280 100392 2
S 25556103 280 100392 2
S 25567103 280 100384 2
S 25578102 280 100386 2
S 25589101 280 100386 2
S 25600101 280 100389 2
S 25611100 280 100390 2
S 25622099 280 100383 2
S 25633098 280 100389 2
S 25644098 280 100385 2
S 25655097 280 100391 2
S 25666096 280 100384 2
S 25677096 280 100386 2
S 25688095 280 100389 2
S 25699094 280 100388 2
S 25710094 280 100391 2
S 25721093 280 100392 2
S 25732092 280 100392 2
S 25743092 280 100392 2
S 25754091 280 100389 2
S 25765090 280 100392 2
S 25776090 280 100392 2
S 25787089 280 100386 2
S 25798088 280 100393 2
S 25809087 280 100389 2
S 25820087 280 100394 2
S 25831086 280 100384 2
S 25842085 280 100388 2
S 25853085 280 100392 2
S 25864084 280 100392 2
S 25875083 280 100392 2
S 25886083 280 100387 2
S 25897082 280 100386 2
S 25908081 280 100389 2
S 25919081 280 100391 2
S 25930080 280 100390 2
S 25941079 280 100388 2
S 25952079 280 100392 2
S 25963078 280 100390 2
S 25974077 280 100386 2
S 25985076 280 100389 2
S 25996076 280 100389 2
S 26007075 280 100392 2
S 26018074 280 100392 2
S 26029074 280 100389 2
S 26040073 280 100386 2
S 26051072 280 100384 2
S 26062072 280 100383 2
S 26073071 280 100389 2
S 26084070 280 100390 2
S 26095070 280 100386 2
S 26106069 280 100389 2
S 26117068 280 100382 2
S 26128068 280 100383 2
S 26139067 280 100387 2
S 26150066 280 100390 2
S 26161065 280 100389 2
S 26172065 280 100386 2
S 26183064 280 100394 2
S 26194063 280 100392 2
S 26205063 280 100393 2
S 26216062 280 100389 2
S 26227061 280 100386 2
S 26238061 280 100389 2
S 26254060 281 100395 2
S 26265059 281 100395 2
S 26276058 281 100393 2
S 26287058 281 100389 2
S 26298057 281 100392 2
S 26309056 281 100392 2
S 26320056 281 100396 2
S 26331055 281 100395 2
S 26342054 281 100393 2
S 26353053 281 100397 2
S 26364053 281 100395 2
S 26375052 281 100394 2
S 26386051 281 100395 2
S 26397051 281 100395 2
S 26408050 281 100394 2
S 26419049 281 100393 2
S 26430049 281 100393 2
S 26441048 281 100397 2
S 26452047 281 100397 2
S 26463047 281 100395 2
S 26474046 281 100392 2
S 26485045 281 100390 2
S 26496045 281 100392 2
S 26507044 281 100395 2
S 26518043 281 100392 2
S 26529042 281 100394 2
S 26540042 281 100392 2
S 26551041 281 100397 2
S 26562040 281 100388 2
S 26573040 281 100394 2
S 26584039 281 100389 2
S 26595038 281 100393 2
S 26606038 281 100389 2
S 26617037 281 100389 2
S 26628036 281 100391 2
S 26639036 281 100394 2
S 26650035 281 100392 2
S 26661034 281 100393 2
S 26672034 281 100391 2
S 26683033 281 100393 2
S 26694032 281 100388 2
S 26705031 281 100385 2
S 26716031 281 100389 2
S 26727030 281 100391 2
S 26738029 281 100392 2
S 26749029 281 100390 2
S 26760028 281 100394 2
S 26771027 281 100393 2
S 26782027 281 100395 2
S 26793026 281 100390 2
S 26804025 281 100395 2
S 26815025 281 100391 2
S 26826024 281 100392 2
S 26837023 281 100386 2
S 26848023 281 100390 2
S 26859022 281 100388 2
S 26870021 281 100388 2
S 26881020 281 100386 2
S 26892020 281 100389 2
S 26903019 281 100388 2
S 26914018 281 100385 2
S 26925018 281 100387 2
S 26936017 281 100390 2
S 26947016 281 100386 2
S 26958016 281 100386 2
S 26969015 281 100385 2
S 26980014 281 100386 2
S 26991014 281 100388 2
S 27002014 281 100389 2
S 27013012 281 100389 2
S 27024012 281 100392 2
S 27035011 281 100389 2
S 27046010 281 100389 2
S 27057009 281 100389 2
S 27068009 281 100390 2
S 27079008 281 100386 2
S 27090007 281 100385 2
S 27101007 281 100387 2
S 27112006 281 100386 2
S 27123005 281 100388 2
S 27134005 281 100388 2
S 27145004 281 100391 2
S 27156003 281 100390 2
S 27167003 281 100392 2
S 27178002 281 100392 2
S 27189001 281 100395 2
S 27200001 281 100388 2
S 27211000 281 100392 2
S 27221999 281 100393 2
S 27232998 281 100390 2
S 27243998 281 100392 2
S 27259997 281 100393 2
S 27270996 281 100396 2
S 27281995 281 100394 2
S 27292995 281 100397 2
S 27303994 281 100393 2
S 27314993 281 100390 2
S 27325993 281 100390 2
S 27336992 281 100392 2
S 27347991 281 100392 2
S 27358991 281 100389 2
S 27369990 281 100389 2
S 27380989 281 100389 2
S 27391989 281 100389 2
S 27402988 281 100389 2
S 27413987 281 100389 2
S 27424986 281 100392 2
S 27435986 281 100392 2
S 27446985 281 100390 2
S 27457984 281 100391 2
S 27468984 281 100389 2
S 27479983 281 100390 2
S 27490982 281 100392 2
S 27501982 281 100394 2
S 27512981 281 100392 2
S 27523980 281 100395 2
S 27534980 281 100391 2
S 27545979 281 100395 2
S 27556978 281 100397 2
S 27567978 281 100396 2
S 27578977 281 100392 2
S 27589976 281 100396 2
S 27600975 281 100395 2
S 27611975 281 100393 2
S 27622974 281 100392 2
S 27633973 281 100393 2
S 27644973 281 100391 2
S 27655972 281 100392 2
S 27666971 281 100395 2
S 27677971 281 100393 2
S 27688970 281 100394 2
S 27699969 281 100389 2
S 27710969 281 100393 2
S 27721968 281 100394 2
S 27732967 281 100389 2
S 27743967 281 100392 2
S 27754966 281 100395 2
S 27765965 281 100394 2
S 27776964 281 100395 2
S 27787964 281 100393 2
S 27798963 281 100393 2
S 27809962 281 100392 2
S 27820962 281 100393 2
S 27831961 281 100392 2
S 27842960 281 100395 2
S 27853960 281 100392 2
S 27864959 281 100392 2
S 27875958 281 100396 2
S 27886958 281 100394 2
S 27897957 281 100391 2
S 27908956 281 100389 2
S 27919956 281 100389 2
S 27930955 281 100392 2
S 27941954 281 100391 2
S 27952953 281 100387 2
S 27963953 281 100394 2
S 27974952 281 100395 2
S 27985951 281 100397 2
S 27996951 281 100392 2
S 28007950 281 100390 2
S 28018949 281 100391 2
S 28029949 281 100389 2
S 28040948 281 100392 2
S 28051947 281 100391 2
S 28062947 281 100392 2
S 28073946 281 100388 2
S 28084945 281 100391 2
S 28095945 281 100393 2
S 28106944 281 100396 2
S 28117943 281 100395 2
S 28128942 281 100394 2
S 28139942 281 100396 2
S 28150941 281 100393 2
S 28161940 281 100392 2
S 28172940 281 100390 2
S 28183939 281 100395 2
S 28194938 281 100391 2
S 28205938 281 100391 2
S 28216937 281 100390 2
S 28227936 281 100389 2
S 28238936 281 100389 2
S 28249935 281 100388 2
S 28265934 281 100394 2
S 28276933 281 100391 2
S 28287933 281 100392 2
S 28298932 281 100393 2
S 28309931 281 100391 2
S 28320930 281 100390 2
S 28331930 281 100394 2
S 28342929 281 100390 2
S 28353928 281 100393 2
S 28364928 281 100390 2
S 28375927 281 100393 2
S 28386926 281 100393 2
S 28397926 281 100392 2
S 28408925 281 100391 2
S 28419924 281 100389 2
S 28430924 281 100393 2
S 28441923 281 100392 2
S 28452922 281 100396 2
S 28463922 281 100389 2
S 28474921 281 100392 2
S 28485920 281 100389 2
S 28496919 281 100387 2
S 28507919 281 100386 2
S 28518918 281 100388 2
S 28529917 281 100392 2
S 28540917 281 100391 2
S 28551916 281 100394 2
S 28562915 281 100392 2
S 28573915 281 100392 2
S 28584914 281 100395 2
S 28595913 281 100392 2
S 28606913 281 100387 2
S 28617912 281 100391 2
S 28628911 281 100390 2
S 28639911 281 100392 2
S 28650910 281 100392 2
S 28661909 281 100386 2
S 28672908 281 100395 2
S 28683908 281 100392 2
S 28694907 281 100393 2
S 28705906 281 100392 2
S 28716906 281 100392 2
S 28727905 281 100389 2
S 28738904 281 100390 2
S 28749904 281 100392 2
S 28760903 281 100389 2
S 28771902 281 100395 2
S 28782902 281 100391 2
S 28793901 281 100391 2
S 28804900 281 100392 2
S 28815900 281 100389 2
S 28826899 281 100390 2
S 28837898 281 100387 2
S 28848897 281 100389 2
S 28859897 281 100388 2
S 28870896 281 100389 2
S 28881895 281 100389 2
S 28892895 281 100393 2
S 28903894 281 100391 2
S 28914893 281 100395 2
S 28925893 281 100392 2
S 28936892 281 100389 2
S 28947891 281 100393 2
S 28958891 281 100392 2
S 28969890 281 100395 2
S 28980889 281 100394 2
S 28991889 281 100395 2
S 29002888 281 100392 2
S 29013887 281 100396 2
S 29024886 281 100395 2
S 29035886 281 100393 2
S 29046885 281 100393 2
S 29057884 281 100395 2
S 29068884 281 100390 2
S 29079883 281 100391 2
S 29090882 281 100392 2
S 29101882 281 100392 2
S 29112881 281 100395 2
S 29123880 281 100390 2
S 29134880 281 100392 2
S 29145879 281 100392 2
S 29156878 281 100391 2
S 29167878 281 100388 2
S 29178877 281 100389 2
S 29189876 281 100395 2
S 29200875 281 100389 2
S 29211875 281 100386 2
S 29222874 281 100390 2
S 29233873 281 100390 2
S 29244873 281 100392 2
S 29255872 281 100390 2
S 29271871 281 100395 2
S 29282870 281 100395 2
S 29293870 281 100393 2
S 29304869 281 100393 2
S 29315868 281 100395 2
S 29326868 281 100388 2
S 29337867 281 100391 2
S 29348866 281 100393 2
S 29359866 281 100396 2
S 29370865 281 100394 2
S 29381864 281 100394 2
S 29392863 281 100391 2
S 29403863 281 100389 2
S 29414862 281 100391 2
S 29425861 281 100392 2
S 29436861 281 100389 2
S 29447860 281 100386 2
S 29458859 281 100392 2
S 29469859 281 100394 2
S 29480858 281 100391 2
S 29491857 281 100393 2
S 29502857 281 100389 2
S 29513856 281 100389 2
S 29524855 281 100390 2
S 29535855 281 100392 2
S 29546854 281 100389 2
S 29557853 281 100395 2
S 29568852 281 100389 2
S 29579852 281 100390 2
S 29590851 281 100389 2
S 29601850 281 100394 2
S 29612850 281 100389 2
S 29623849 281 100391 2
S 29634848 281 100390 2
S 29645848 281 100392 2
S 29656847 281 100386 2
S 29667846 281 100392 2
S 29678846 281 100387 2
S 29689845 281 100390 2
S 29700844 281 100387 2
S 29711844 281 100392 2
S 29722843 281 100392 2
S 29733842 281 100393 2
S 29744841 281 100391 2
S 29755841 281 100389 2
S 29766840 281 100390 2
S 29777839 281 100389 2
S 29788839 281 100387 2
S 29799838 281 100389 2
S 29810837 281 100386 2
S 29821837 281 100384 2
S 29832836 281 100388 2
S 29843835 281 100385 2
S 29854835 281 100386 2
S 29865834 281 100386 2
S 29876833 281 100387 2
S 29887833 281 100383 2
S 29898832 281 100385 2
S 29909831 281 100386 2
S 29920830 281 100388 2
S 29931830 281 100382 2
S 29942829 281 100389 2
S 29953828 281 100388 2
S 29964828 281 100390 2
S 29975827 281 100383 2
S 29986826 281 100383 2
S 29997826 281 100389 2
S 30008825 281 100386 2
S 30019824 281 100388 2
S 30030824 281 100388 2
S 30041823 281 100386 2
S 30052822 281 100389 2
S 30063822 281 100388 2
S 30074821 281 100383 2
S 30085820 281 100388 2
S 30096819 281 100387 2
S 30107819 281 100386 2
S 30118818 281 100391 2
S 30129817 281 100384 2
S 30140817 281 100384 2
S 30151816 281 100388 2
S 30162815 281 100390 2
S 30173815 281 100392 2
S 30184814 281 100391 2
S 30195813 281 100389 2
S 30206813 281 100389 2
S 30217812 281 100389 2
S 30228811 281 100387 2
S 30239811 281 100386 2
S 30250810 281 100386 2
S 30261809 281 100386 2
S 30277808 281 100392 2
S 30288807 281 100389 2
S 30299807 281 100386 2
S 30310806 281 100390 2
S 30321805 281 100392 2
S 30332805 281 100390 2
S 30343804 281 100390 2
S 30354803 281 100388 2
S 30365803 281 100389 2
S 30376802 281 100388 2
S 30387801 281 100389 2
S 30398801 281 100390 2
S 30409800 281 100387 2
S 30420799 281 100382 2
S 30431799 281 100385 2
S 30442798 281 100391 2
S 30453797 281 100386 2
S 30464796 281 100391 2
S 30475796 281 100391 2
S 30486795 281 100389 2
S 30497794 281 100386 2
S 30508794 281 100389 2
S 30519793 281 100389 2
S 30530792 281 100389 2
S 30541792 281 100383 2
S 30552791 281 100395 2
S 30563790 281 100386 2
S 30574790 281 100389 2
S 30585789 281 100389 2
S 30596788 281 100387 2
S 30607788 281 100388 2
S 30618787 281 100389 2
S 30629786 281 100386 2
S 30640785 281 100386 2
S 30651785 281 100380 2
S 30662784 281 100388 2
S 30673783 281 100386 2
S 30684783 281 100390 2
S 30695782 281 100389 2
S 30706781 281 100390 2
S 30717781 281 100389 2
S 30728780 281 100388 2
S 30739779 281 100390 2
S 30750779 281 100387 2
S 30761778 281 100386 2
S 30772777 281 100390 2
S 30783777 281 100392 2
S 30794776 281 100384 2
S 30805775 281 100392 2
S 30816774 281 100389 2
S 30827774 281 100386 2
S 30838773 281 100388 2
S 30849772 281 100389 2
S 30860772 281 100391 2
S 30871771 281 100389 2
S 30882770 281 100389 2
S 30893770 281 100388 2
S 30904769 281 100389 2
S 30915768 281 100391 2
S 30926768 281 100389 2
S 30937767 281 100384 2
S 30948766 281 100389 2
S 30959766 281 100388 2
S 30970765 281 100389 2
S 30981764 281 100386 2
S 30992763 281 100388 2
S 31003763 281 100388 2
S 31014762 281 100387 2
S 31025761 281 100388 2
S 31036761 281 100389 2
S 31047760 281 100388 2
S 31058759 281 100389 2
S 31069759 281 100388 2
S 31080758 281 100388 2
S 31091757 281 100385 2
S 31102757 281 100387 2
S 31113756 281 100386 2
S 31124755 281 100391 2
S 31135755 281 100391 2
S 31146754 281 100389 2
S 31157753 281 100388 2
S 31168752 281 100389 2
S 31179752 281 100390 2
S 31190751 281 100386 2
S 31201750 281 100389 2
S 31212750 281 100388 2
S 31223749 281 100388 2
S 31234748 281 100390 2
S 31245748 281 100389 2
S 31256747 281 100387 2
S 31267746 281 100389 2
S 31283745 281 100392 2
S 31294745 281 100388 2
S 31305744 281 100395 2
S 31316743 281 100391 2
S 31327743 281 100386 2
S 31338742 281 100394 2
S 31349741 281 100390 2
S 31360740 281 100392 2
S 31371740 281 100391 2
S 31382739 281 100391 2
S 31393738 281 100395 2
S 31404738 281 100389 2
S 31415737 281 100391 2
S 31426736 281 100391 2
S 31437736 281 100385 2
S 31448735 281 100388 2
S 31459734 281 100387 2
S 31470734 281 100386 2
S 31481733 281 100384 2
S 31492732 281 100388 2
S 31503732 281 100389 2
S 31514731 281 100389 2
S 31525730 281 100391 2
S 31536729 281 100390 2
S 31547729 281 100385 2
S 31558728 281 100385 2
S 31569727 281 100384 2
S 31580727 281 100383 2
S 31591726 281 100391 2
S 31602725 281 100389 2
S 31613725 281 100390 2
S 31624724 281 100387 2
S 31635723 281 100386 2
S 31646723 281 100388 2
S 31657722 281 100390 2
S 31668721 281 100389 2
S 31679721 281 100388 2
S 31690720 281 100383 2
S 31701719 281 100389 2
S 31712718 281 100391 2
S 31723718 281 100389 2
S 31734717 281 100387 2
S 31745716 281 100386 2
S 31756716 281 100389 2
S 31767715 281 100386 2
S 31778714 281 100387 2
S 31789714 281 100384 2
S 31800713 281 100389 2
S 31811712 281 100391 2
S 31822712 281 100389 2
S 31833711 281 100392 2
S 31844710 281 100389 2
S 31855710 281 100390 2
S 31866709 281 100389 2
S 31877708 281 100385 2
S 31888707 281 100390 2
S 31899707 281 100389 2
S 31910706 281 100386 2
S 31921705 281 100385 2
S 31932705 281 100386 2
S 31943704 281 100386 2
S 31954703 281 100388 2
S 31965703 281 100384 2
S 31976702 281 100383 2
S 31987701 281 100386 2
S 31998701 281 100384 2
S 32009700 281 100384 2
S 32020699 281 100383 2
S 32031699 281 100380 2
S 32042698 281 100385 2
S 32053697 281 100387 2
S 32064696 281 100386 2
S 32075696 281 100382 2
S 32086695 281 100382 2
S 32097694 281 100384 2
S 32108694 281 100384 2
S 32119693 281 100388 2
S 32130692 281 100386 2
S 32141692 281 100390 2
S 32152691 281 100390 2
S 32163690 281 100385 2
S 32174690 281 100386 2
S 32185689 281 100392 2
S 32196688 281 100389 2
S 32207688 281 100392 2
S 32218687 281 100393 2
S 32229686 281 100389 2
S 32240685 281 100383 2
S 32251685 281 100383 2
S 32262684 281 100387 2
S 32273683 281 100389 2
S 32289682 281 100393 2
S 32300682 281 100395 2
S 32311681 281 100392 2
S 32322680 281 100392 2
S 32333680 281 100394 2
S 32344679 281 100389 2
S 32355678 281 100392 2
S 32366678 281 100394 2
S 32377677 281 100392 2
S 32388676 281 100395 2
S 32399676 281 100394 2
S 32410675 281 100392 2
S 32421674 281 100392 2
S 32432673 281 100396 2
S 32443673 281 100397 2
S 32454672 281 100397 2
S 32465671 281 100397 2
S 32476671 281 100395 2
S 32487670 281 100394 2
S 32498669 281 100393 2
S 32509669 281 100393 2
S 32520668 281 100395 2
S 32531667 281 100392 2
S 32542667 281 100393 2
S 32553666 281 100392 2
S 32564665 281 100395 2
S 32575665 281 100392 2
S 32586664 281 100392 2
S 32597663 281 100388 2
S 32608662 281 100393 2
S 32619662 281 100392 2
S 32630661 281 100395 2
S 32641660 281 100395 2
S 32652660 281 100386 2
S 32663659 281 100391 2
S 32674658 281 100393 2
S 32685658 281 100389 2
S 32696657 281 100395 2
S 32707656 281 100390 2
S 32718656 281 100390 2
S 32729655 281 100386 2
S 32740654 281 100387 2
S 32751654 281 100387 2
S 32762653 281 100386 2
S 32773652 281 100389 2
S 32784651 281 100387 2
S 32795651 281 100383 2
S 32806650 281 100387 2
S 32817649 281 100389 2
S 32828649 281 100386 2
S 32839648 281 100384 2
S 32850647 281 100384 2
S 32861647 281 100389 2
S 32872646 281 100386 2
S 32883645 281 100387 2
S 32894645 281 100386 2
S 32905644 281 100388 2
S 32916643 281 100389 2
S 32927643 281 100382 2
S 32938642 281 100386 2
S 32949641 281 100381 2
S 32960640 281 100383 2
S 32971640 281 100382 2
S 32982639 281 100381 2
S 32993638 281 100380 2
S 33004638 281 100385 2
S 33015637 281 100382 2
S 33026636 281 100380 2
S 33037636 281 100383 2
S 33048635 281 100380 2
S 33059634 281 100385 2
S 33070634 281 100389 2
S 33081633 281 100386 2
S 33092632 281 100388 2
S 33103632 281 100384 2
S 33114631 281 100386 2
S 33125630 281 100389 2
S 33136629 281 100387 2
S 33147629 281 100384 2
S 33158628 281 100386 2
S 33169627 281 100386 2
S 33180627 281 100381 2
S 33191626 281 100386 2
S 33202625 281 100386 2
S 33213625 281 100386 2
S 33224624 281 100383 2
S 33235623 281 100389 2
S 33246623 281 100383 2
S 33257622 281 100380 2
S 33268621 281 100384 2
S 33279621 281 100384 2
S 33295620 281 100389 2
S 33306619 281 100393 2
S 33317618 281 100386 2
S 33328617 281 100390 2
S 33339617 281 100389 2
S 33350616 281 100395 2
S 33361615 281 100390 2
S 33372615 281 100395 2
S 33383614 281 100393 2
S 33394613 281 100395 2
S 33405613 281 100396 2
S 33416612 281 100395 2
S 33427611 281 100390 2
S 33438611 281 100395 2
S 33449610 281 100390 2
S 33460609 281 100398 2
S 33471609 281 100398 2
S 33482608 281 100395 2
S 33493607 281 100393 2
S 33504606 281 100398 2
S 33515606 281 100393 2
S 33526605 281 100397 2
S 33537604 281 100398 2
S 33548604 281 100392 2
S 33559603 281 100394 2
S 33570602 281 100391 2
S 33581602 281 100397 2
S 33592601 281 100398 2
S 33603600 281 100395 2
S 33614600 281 100395 2
S 33625599 281 100395 2
S 33636598 281 100388 2
S 33647598 281 100395 2
S 33658597 281 100395 2
S 33669596 281 100396 2
S 33680595 281 100395 2
S 33691595 281 100393 2
S 33702594 281 100396 2
S 33713593 281 100395 2
S 33724593 281 100390 2
S 33735592 281 100392 2
S 33746591 281 100388 2
S 33757591 281 100391 2
S 33768590 281 100394 2
S 33779589 281 100394 2
S 33790589 281 100389 2
S 33801588 281 100391 2
S 33812587 281 100393 2
S 33823587 281 100392 2
S 33834586 281 100387 2
S 33845585 281 100386 2
S 33856584 281 100391 2
S 33867584 281 100386 2
S 33878583 281 100386 2
S 33889582 281 100392 2
S 33900582 281 100392 2
S 33911581 281 100386 2
S 33922580 281 100389 2
S 33933580 281 100398 2
S 33944579 281 100390 2
S 33955578 281 100395 2
S 33966578 281 100392 2
S 33977577 281 100388 2
S 33988576 281 100395 2
S 33999576 281 100392 2
S 34010575 281 100391 2
S 34021574 281 100392 2
S 34032573 281 100390 2
S 34043573 281 100389 2
S 34054572 281 100381 2
S 34065571 281 100385 2
S 34076571 281 100385 2
S 34087570 281 100386 2
S 34098569 281 100392 2
S 34109569 281 100389 2
S 34120568 281 100387 2
S 34131567 281 100383 2
S 34142567 281 100382 2
S 34153566 281 100391 2
S 34164565 281 100386 2
S 34175565 281 100383 2
S 34186564 281 100384 2
S 34197563 281 100389 2
S 34208562 281 100394 2
S 34219562 281 100388 2
S 34230561 281 100390 2
S 34241560 281 100385 2
S 34252560 281 100390 2
S 34263559 281 100395 2
S 34274558 281 100392 2
S 34285558 281 100389 2
S 34301557 281 100389 2
S 34312556 281 100383 2
S 34323555 281 100389 2
S 34334555 281 100389 2
S 34345554 281 100385 2
S 34356553 281 100386 2
S 34367553 281 100383 2
S 34378552 281 100387 2
S 34389551 281 100390 2
S 34400550 281 100388 2
S 34411550 281 100394 2
S 34422549 281 100390 2
S 34433548 281 100387 2
S 34444548 281 100389 2
S 34455547 281 100388 2
S 34466546 281 100393 2
S 34477546 281 100387 2
S 34488545 281 100385 2
S 34499544 281 100383 2
S 34510544 281 100383 2
S 34521543 281 100384 2
S 34532542 281 100393 2
S 34543542 281 100394 2
S 34554541 281 100390 2
S 34565540 281 100392 2
S 34576539 281 100383 2
S 34587539 281 100389 2
S 34598538 281 100390 2
S 34609537 281 100391 2
S 34620537 281 100390 2
S 34631536 281 100392 2
S 34642535 281 100386 2
S 34653535 281 100384 2
S 34664534 281 100381 2
S 34675533 281 100388 2
S 34686533 281 100387 2
S 34697532 281 100392 2
S 34708531 281 100388 2
S 34719531 281 100389 2
S 34730530 281 100387 2
S 34741529 281 100389 2
S 34752528 281 100389 2
S 34763528 281 100386 2
S 34774527 281 100386 2
S 34785526 281 100392 2
S 34796526 281 100394 2
S 34807525 281 100397 2
S 34818524 281 100394 2
S 34829524 281 100391 2
S 34840523 281 100386 2
S 34851522 281 100389 2
S 34862522 281 100389 2
S 34873521 281 100389 2
S 34884520 281 100385 2
S 34895520 281 100389 2
S 34906519 281 100394 2
S 34917518 281 100389 2
S 34928517 281 100390 2
S 34939517 281 100392 2
S 34950516 281 100389 2
S 34961515 281 100391 2
S 34972515 281 100390 2
S 34983514 281 100384 2
S 34994513 281 100387 2
S 35005513 281 100383 2
S 35016512 281 100385 2
S 35027511 281 100388 2
S 35038511 281 100390 2
S 35049510 281 100385 2
S 35060509 281 100393 2
S 35071509 281 100393 2
S 35082508 281 100395 2
S 35093507 281 100389 2
S 35104506 281 100389 2
S 35115506 281 100389 2
S 35126505 281 100385 2
S 35137504 281 100388 2
S 35148504 281 100387 2
S 35159503 281 100380 2
S 35170502 281 100385 2
S 35181502 281 100386 2
S 35192501 281 100389 2
S 35203500 281 100390 2
S 35214500 281 100388 2
S 35225499 281 100392 2
S 35236498 281 100393 2
S 35247498 281 100389 2
S 35258497 281 100392 2
S 35269496 281 100393 2
S 35280495 281 100392 2
S 35291495 281 100391 2
S 35307494 281 100397 2
S 35318493 281 100391 2
S 35329492 281 100392 2
S 35340492 281 100392 2
S 35351491 281 100391 2
S 35362490 281 100394 2
S 35373490 281 100391 2
S 35384489 281 100393 2
S 35395488 281 100390 2
S 35406488 281 100391 2
S 35417487 281 100395 2
S 35428486 281 100395 2
S 35439486 281 100391 2
S 35450485 281 100389 2
S 35461484 281 100389 2
S 35472483 281 100391 2
S 35483483 281 100393 2
S 35494482 281 100393 2
S 35505481 281 100390 2
S 35516481 281 100392 2
S 35527480 281 100388 2
S 35538479 281 100395 2
S 35549479 281 100395 2
S 35560478 281 100395 2
S 35571477 281 100395 2
S 35582477 281 100388 2
S 35593476 281 100392 2
S 35604475 281 100395 2
S 35615475 281 100389 2
S 35626474 281 100394 2
S 35637473 281 100392 2
S 35648472 281 100392 2
S 35659472 281 100389 2
S 35670471 281 100391 2
S 35681470 281 100392 2
S 35692470 281 100388 2
S 35703469 281 100391 2
S 35714468 281 100392 2
S 35725468 281 100386 2
S 35736467 281 100383 2
S 35747466 281 100395 2
S 35758466 281 100388 2
S 35769465 281 100386 2
S 35780464 281 100389 2
S 35791464 281 100390 2
S 35802463 281 100390 2
S 35813462 281 100389 2
S 35824461 281 100387 2
S 35835461 281 100390 2
S 35846460 281 100387 2
S 35857459 281 100392 2
S 35868459 281 100388 2
S 35879458 281 100386 2
S 35890457 281 100396 2
S 35901457 281 100388 2
S 35912456 281 100385 2
S 35923455 281 100388 2
S 35934455 281 100389 2
S 35945454 281 100383 2
S 35956453 281 100386 2
S 35967453 281 100385 2
S 35978452 281 100387 2
S 35989451 281 100385 2
S 36000451 281 100386 2
S 36011450 281 100386 2
S 36022449 281 100384 2
S 36033448 281 100388 2
S 36044448 281 100382 2
S 36055447 281 100386 2
S 36066446 281 100382 2
S 36077446 281 100384 2
S 36088445 281 100387 2
S 36099444 281 100385 2
S 36110444 281 100385 2
S 36121443 281 100389 2
S 36132442 281 100386 2
S 36143442 281 100390 2
S 36154441 281 100389 2
S 36165440 281 100388 2
S 36176439 281 100389 2
S 36187439 281 100385 2
S 36198438 281 100387 2
S 36209437 281 100392 2
S 36220437 281 100390 2
S 36231436 281 100383 2
S 36242435 281 100380 2
S 36253435 281 100384 2
S 36264434 281 100391 2
S 36275433 281 100391 2
S 36286433 281 100390 2
S 36297432 281 100388 2
S 36313431 281 100398 2
S 36324430 281 100389 2
S 36335430 281 100391 2
S 36346429 281 100393 2
S 36357428 281 100389 2
S 36368427 281 100391 2
S 36379427 281 100394 2
S 36390426 281 100392 2
S 36401425 281 100397 2
S 36412425 281 100394 2
S 36423424 281 100398 2
S 36434423 281 100399 2
S 36445423 281 100397 2
S 36456422 281 100394 2
S 36467421 281 100395 2
S 36478421 281 100392 2
S 36489420 281 100386 2
S 36500419 281 100392 2
S 36511419 281 100389 2
S 36522418 281 100392 2
S 36533417 281 100392 2
S 36544416 281 100389 2
S 36555416 281 100391 2
S 36566415 281 100386 2
S 36577414 281 100380 2
S 36588414 281 100383 2
S 36599413 281 100385 2
S 36610412 281 100380 2
S 36621412 281 100385 2
S 36632411 281 100388 2
S 36643410 281 100393 2
S 36654410 281 100385 2
S 36665409 281 100385 2
S 36676408 281 100384 2
S 36687408 281 100387 2
S 36698407 281 100384 2
S 36709406 281 100384 2
S 36720405 281 100382 2
S 36731405 281 100380 2
S 36742404 281 100380 2
S 36753403 281 100382 2
S 36764403 281 100379 2
S 36775402 281 100382 2
S 36786401 281 100385 2
S 36797401 281 100392 2
S 36808400 281 100383 2
S 36819399 281 100384 2
S 36830399 281 100382 2
S 36841398 281 100382 2
S 36852397 281 100386 2
S 36863397 281 100385 2
S 36874396 281 100386 2
S 36885395 281 100386 2
S 36896394 281 100387 2
S 36907394 281 100388 2
S 36918393 281 100391 2
S 36929392 281 100389 2
S 36940392 281 100388 2
S 36951391 281 100387 2
S 36962390 281 100390 2
S 36973390 281 100391 2
S 36984389 281 100389 2
S 36995388 281 100392 2
S 37006388 281 100386 2
S 37017387 281 100395 2
S 37028386 281 100388 2
S 37039386 281 100386 2
S 37050385 281 100387 2
S 37061384 281 100390 2
S 37072383 281 100393 2
S 37083383 281 100389 2
S 37094382 281 100388 2
S 37105381 281 100388 2
S 37116381 281 100386 2
S 37127380 281 100383 2
S 37138379 281 100389 2
S 37149379 281 100389 2
S 37160378 281 100389 2
S 37171377 281 100385 2
S 37182377 281 100386 2
S 37193376 281 100383 2
S 37204375 281 100385 2
S 37215375 281 100392 2
S 37226374 281 100384 2
S 37237373 281 100389 2
S 37248372 281 100388 2
S 37259372 281 100389 2
S 37270371 281 100386 2
S 37281370 281 100392 2
S 37292370 281 100389 2
S 37303369 281 100383 2
S 37319368 281 100395 2
S 37330367 281 100392 2
S 37341367 281 100398 2
S 37352366 281 100390 2
S 37363365 281 100392 2
S 37374365 281 100389 2
S 37385364 281 100391 2
S 37396363 281 100394 2
S 37407363 281 100389 2
S 37418362 281 100390 2
S 37429361 281 100389 2
S 37440360 281 100388 2
S 37451360 281 100389 2
S 37462359 281 100389 2
S 37473358 281 100392 2
S 37484358 281 100392 2
S 37495357 281 100392 2
S 37506356 281 100392 2
S 37517356 281 100393 2
S 37528355 281 100394 2
S 37539354 281 100392 2
S 37550354 281 100395 2
S 37561353 281 100387 2
S 37572352 281 100389 2
S 37583352 281 100392 2
S 37594351 281 100392 2
S 37605350 281 100390 2
S 37616349 281 100395 2
S 37627349 281 100389 2
S 37638348 281 100392 2
S 37649347 281 100387 2
S 37660347 281 100392 2
S 37671346 281 100387 2
S 37682345 281 100388 2
S 37693345 281 100389 2
S 37704344 281 100392 2
S 37715343 281 100392 2
S 37726343 281 100391 2
S 37737342 281 100397 2
S 37748341 281 100392 2
S 37759341 281 100386 2
S 37770340 281 100386 2
S 37781339 281 100384 2
S 37792338 281 100392 2
S 37803338 281 100393 2
S 37814337 281 100394 2
S 37825336 281 100395 2
S 37836336 281 100397 2
S 37847335 281 100393 2
S 37858334 281 100395 2
S 37869334 281 100392 2
S 37880333 281 100396 2
S 37891332 281 100393 2
S 37902332 281 100393 2
S 37913331 281 100393 2
S 37924330 281 100395 2
S 37935330 281 100396 2
S 37946329 281 100391 2
S 37957328 281 100392 2
S 37968327 281 100390 2
S 37979327 281 100389 2
S 37990326 281 100397 2
S 38001326 281 100396 2
S 38012325 281 100398 2
S 38023324 281 100395 2
S 38034323 281 100396 2
S 38045323 281 100395 2
S 38056322 281 100394 2
S 38067321 281 100392 2
S 38078321 281 100391 2
S 38089320 281 100393 2
S 38100319 281 100393 2
S 38111319 281 100391 2
S 38122318 281 100388 2
S 38133317 281 100392 2
S 38144316 281 100398 2
S 38155316 281 100390 2
S 38166315 281 100393 2
S 38177314 281 100391 2
S 38188314 281 100395 2
S 38199313 281 100392 2
S 38210312 281 100389 2
S 38221312 281 100393 2
S 38232311 281 100393 2
S 38243310 281 100395 2
S 38254310 281 100392 2
S 38265309 281 100388 2
S 38276308 281 100392 2
S 38287308 281 100393 2
S 38298307 281 100395 2
S 38309306 281 100391 2
S 38325305 281 100394 2
S 38336304 281 100398 2
S 38347304 281 100395 2
S 38358303 281 100389 2
S 38369302 281 100389 2
S 38380302 281 100388 2
S 38391301 281 100392 2
S 38402300 281 100389 2
S 38413300 281 100392 2
S 38424299 281 100390 2
S 38435298 281 100388 2
S 38446298 281 100389 2
S 38457297 281 100388 2
S 38468296 281 100387 2
S 38479296 281 100389 2
S 38490295 281 100395 2
S 38501294 281 100394 2
S 38512293 281 100393 2
S 38523293 281 100392 2
S 38534292 281 100389 2
S 38545291 281 100390 2
S 38556291 281 100389 2
S 38567290 281 100395 2
S 38578289 281 100390 2
S 38589289 281 100395 2
S 38600288 281 100388 2
S 38611287 281 100394 2
S 38622287 281 100392 2
S 38633286 281 100389 2
S 38644285 281 100389 2
S 38655285 281 100390 2
S 38666284 281 100391 2
S 38677283 281 100394 2
S 38688282 281 100391 2
S 38699282 281 100392 2
S 38710281 281 100394 2
S 38721280 281 100395 2
S 38732280 281 100392 2
S 38743279 281 100395 2
S 38754278 281 100389 2
S 38765278 281 100389 2
S 38776277 281 100389 2
S 38787276 281 100392 2
S 38798276 281 100391 2
S 38809275 281 100389 2
S 38820274 281 100389 2
S 38831274 281 100387 2
S 38842273 281 100391 2
S 38853272 281 100391 2
S 38864271 281 100389 2
S 38875271 281 100389 2
S 38886270 281 100394 2
S 38897269 281 100394 2
S 38908269 281 100390 2
S 38919268 281 100392 2
S 38930267 281 100392 2
S 38941267 281 100393 2
S 38952266 281 100386 2
S 38963265 281 100392 2
S 38974265 281 100391 2
S 38985264 281 100388 2
S 38996263 281 100393 2
S 39007263 281 100394 2
S 39018262 281 100392 2
S 39029261 281 100391 2
S 39040260 281 100386 2
S 39051260 281 100389 2
S 39062259 281 100390 2
S 39073258 281 100392 2
S 39084258 281 100387 2
S 39095257 281 100384 2
S 39106256 281 100385 2
S 39117256 281 100388 2
S 39128255 281 100389 2
S 39139254 281 100390 2
S 39150254 281 100389 2
S 39161253 281 100386 2
S 39172252 281 100385 2
S 39183252 281 100387 2
S 39194251 281 100389 2
S 39205250 281 100384 2
S 39216249 281 100388 2
S 39227249 281 100386 2
S 39238248 281 100386 2
S 39249247 281 100387 2
S 39260247 281 100387 2
S 39271246 281 100386 2
S 39282245 281 100385 2
S 39293245 281 100387 2
S 39304244 281 100383 2
S 39315243 281 100383 2
S 39331242 281 100385 2
S 39342242 281 100383 2
S 39353241 281 100386 2
S 39364240 281 100389 2
S 39375240 281 100383 2
S 39386239 281 100389 2
S 39397238 281 100382 2
S 39408237 281 100387 2
S 39419237 281 100386 2
S 39430236 281 100389 2
S 39441235 281 100384 2
S 39452235 281 100385 2
S 39463234 281 100386 2
S 39474233 281 100389 2
S 39485233 281 100385 2
S 39496232 281 100386 2
S 39507231 281 100385 2
S 39518231 281 100389 2
S 39529230 281 100390 2
S 39540229 281 100389 2
S 39551229 281 100386 2
S 39562228 281 100390 2
S 39573227 281 100390 2
S 39584226 281 100387 2
S 39595226 281 100389 2
S 39606225 281 100383 2
S 39617224 281 100387 2
S 39628224 281 100384 2
S 39639223 281 100389 2
S 39650222 281 100391 2
S 39661222 281 100392 2
S 39672221 281 100389 2
S 39683220 281 100389 2
S 39694220 281 100384 2
S 39705219 281 100389 2
S 39716218 281 100386 2
S 39727218 281 100389 2
S 39738217 281 100386 2
S 39749216 281 100383 2
S 39760215 281 100386 2
S 39771215 281 100382 2
S 39782214 281 100389 2
S 39793213 281 100387 2
S 39804213 281 100389 2
S 39815212 281 100387 2
S 39826211 281 100389 2
S 39837211 281 100381 2
S 39848210 281 100383 2
S 39859209 281 100378 2
S 39870209 281 100383 2
S 39881208 281 100380 2
S 39892207 281 100382 2
S 39903207 281 100377 2
S 39914206 281 100380 2
S 39925205 281 100382 2
S 39936204 281 100379 2
S 39947204 281 100383 2
S 39958203 281 100378 2
S 39969202 281 100378 2
S 39980202 281 100383 2
S 39991201 281 100383 2
S 40002201 281 100385 2
S 40013200 281 100382 2
S 40024199 281 100386 2
S 40035198 281 100387 2
S 40046198 281 100385 2
S 40057197 281 100383 2
S 40068196 281 100387 2
S 40079196 281 100386 2
S 40090195 281 100387 2
S 40101194 281 100386 2
S 40112193 281 100383 2
S 40123193 281 100383 2
S 40134192 281 100385 2
S 40145191 281 100386 2
S 40156191 281 100386 2
S 40167190 281 100387 2
S 40178189 281 100386 2
S 40189189 281 100379 2
S 40200188 281 100382 2
S 40211187 281 100385 2
S 40222187 281 100383 2
S 40233186 281 100389 2
S 40244185 281 100383 2
S 40255185 281 100385 2
S 40266184 281 100388 2
S 40277183 281 100389 2
S 40288182 281 100395 2
S 40299182 281 100385 2
S 40310181 281 100388 2
S 40321180 281 100389 2
S 40337179 281 100389 2
S 40348179 281 100386 2
S 40359178 281 100385 2
S 40370177 281 100387 2
S 40381177 281 100385 2
S 40392176 281 100384 2
S 40403175 281 100386 2
S 40414175 281 100384 2
S 40425174 281 100389 2
S 40436173 281 100387 2
S 40447173 281 100382 2
S 40458172 281 100388 2
S 40469171 281 100391 2
S 40480170 281 100386 2
S 40491170 281 100383 2
S 40502169 281 100384 2
S 40513168 281 100386 2
S 40524168 281 100387 2
S 40535167 281 100382 2
S 40546166 281 100386 2
S 40557166 281 100388 2
S 40568165 281 100391 2
S 40579164 281 100387 2
S 40590164 281 100386 2
S 40601163 281 100384 2
S 40612162 281 100388 2
S 40623162 281 100387 2
S 40634161 281 100384 2
S 40645160 281 100386 2
S 40656159 281 100384 2
S 40667159 281 100388 2
S 40678158 281 100387 2
S 40689157 281 100389 2
S 40700157 281 100391 2
S 40711156 281 100388 2
S 40722155 281 100386 2
S 40733155 281 100386 2
S 40744154 281 100387 2
S 40755153 281 100386 2
S 40766153 281 100388 2
S 40777152 281 100385 2
S 40788151 281 100390 2
S 40799151 281 100387 2
S 40810150 281 100388 2
S 40821149 281 100386 2
S 40832148 281 100386 2
S 40843148 281 100385 2
S 40854147 281 100392 2
S 40865146 281 100386 2
S 40876146 281 100385 2
S 40887145 281 100383 2
S 40898144 281 100387 2
S 40909144 281 100384 2
S 40920143 281 100383 2
S 40931142 281 100387 2
S 40942142 281 100387 2
S 40953141 281 100385 2
S 40964140 281 100389 2
S 40975140 281 100384 2
S 40986139 281 100389 2
S 40997138 281 100388 2
S 41008137 281 100392 2
S 41019137 281 100383 2
S 41030136 281 100386 2
S 41041135 281 100385 2
S 41052135 281 100382 2
S 41063134 281 100383 2
S 41074133 281 100383 2
S 41085133 281 100389 2
S 41096132 281 100383 2
S 41107131 281 100383 2
S 41118131 281 100383 2
S 41129130 281 100388 2
S 41140129 281 100383 2
S 41151129 281 100384 2
S 41162128 281 100385 2
S 41173127 281 100382 2
S 41184126 281 100387 2
S 41195126 281 100388 2
S 41206125 281 100378 2
S 41217124 281 100383 2
S 41228124 281 100381 2
S 41239123 281 100383 2
S 41250122 281 100384 2
S 41261122 281 100387 2
S 41272121 281 100390 2
S 41283120 281 100388 2
S 41294120 281 100389 2
S 41305119 281 100389 2
S 41316118 281 100386 2
S 41327118 281 100389 2
S 41343117 281 100389 2
S 41354116 281 100393 2
S 41365115 281 100393 2
S 41376114 281 100391 2
S 41387114 281 100382 2
S 41398113 281 100389 2
S 41409112 281 100388 2
S 41420112 281 100389 2
S 41431111 281 100389 2
S 41442110 281 100385 2
S 41453110 281 100388 2
S 41464109 281 100384 2
S 41475108 281 100386 2
S 41486108 281 100386 2
S 41497107 281 100388 2
S 41508106 281 100384 2
S 41519106 281 100389 2
S 41530105 281 100389 2
S 41541104 281 100386 2
S 41552103 281 100386 2
S 41563103 281 100391 2
S 41574102 281 100389 2
S 41585101 281 100392 2
S 41596101 281 100390 2
S 41607100 281 100392 2
S 41618099 281 100392 2
S 41629099 281 100385 2
S 41640098 281 100387 2
S 41651097 281 100387 2
S 41662097 281 100387 2
S 41673096 281 100386 2
S 41684095 281 100389 2
S 41695095 281 100392 2
S 41706094 281 100390 2
S 41717093 281 100387 2
S 41728092 281 100380 2
S 41739092 281 100392 2
S 41750091 281 100385 2
S 41761090 281 100392 2
S 41772090 281 100389 2
S 41783089 281 100388 2
S 41794088 281 100383 2
S 41805088 281 100390 2
S 41816087 281 100389 2
S 41827086 281 100386 2
S 41838086 281 100386 2
S 41849085 281 100389 2
S 41860084 281 100388 2
S 41871084 281 100383 2
S 41882083 281 100387 2
S 41893082 281 100384 2
S 41904081 281 100385 2
S 41915081 281 100388 2
S 41926080 281 100387 2
S 41937079 281 100384 2
S 41948079 281 100381 2
S 41959078 281 100383 2
S 41970077 281 100383 2
S 41981077 281 100383 2
S 41992076 281 100387 2
S 42003075 281 100386 2
S 42014075 281 100387 2
S 42025074 281 100392 2
S 42036073 281 100387 2
S 42047073 281 100382 2
S 42058072 281 100388 2
S 42069071 281 100394 2
S 42080070 281 100389 2
S 42091070 281 100385 2
S 42102069 281 100386 2
S 42113068 281 100390 2
S 42124068 281 100389 2
S 42135067 281 100386 2
S 42146066 281 100391 2
S 42157066 281 100389 2
S 42168065 281 100388 2
S 42179064 281 100387 2
S 42190064 281 100383 2
S 42201063 281 100387 2
S 42212062 281 100386 2
S 42223062 281 100394 2
S 42234061 281 100387 2
S 42245060 281 100386 2
S 42256059 281 100383 2
S 42267059 281 100388 2
S 42278058 281 100382 2
S 42289057 281 100389 2
S 42300057 281 100380 2
S 42311056 281 100383 2
S 42322055 281 100382 2
S 42333055 281 100376 2
S 42349054 282 100388 2
S 42360053 282 100393 2
S 42371052 282 100393 2
S 42382052 282 100388 2
S 42393051 282 100383 2
S 42404050 282 100385 2
S 42415050 282 100388 2
S 42426049 282 100387 2
S 42437048 282 100391 2
S 42448047 282 100397 2
S 42459047 282 100389 2
S 42470046 282 100389 2
S 42481045 282 100386 2
S 42492045 282 100392 2
S 42503044 282 100390 2
S 42514043 282 100388 2
S 42525043 282 100387 2
S 42536042 282 100386 2
S 42547041 282 100389 2
S 42558041 282 100391 2
S 42569040 282 100385 2
S 42580039 282 100389 2
S 42591039 282 100389 2
S 42602038 282 100384 2
S 42613037 282 100388 2
S 42624036 282 100386 2
S 42635036 282 100384 2
S 42646035 282 100386 2
S 42657034 282 100389 2
S 42668034 282 100388 2
S 42679033 282 100392 2
S 42690032 282 100386 2
S 42701032 282 100383 2
S 42712031 282 100386 2
S 42723030 282 100391 2
S 42734030 282 100385 2
S 42745029 282 100390 2
S 42756028 282 100392 2
S 42767028 282 100389 2
S 42778027 282 100392 2
S 42789026 282 100392 2
S 42800025 282 100391 2
S 42811025 282 100395 2
S 42822024 282 100392 2
S 42833023 282 100391 2
S 42844023 282 100392 2
S 42855022 282 100392 2
S 42866021 282 100392 2
S 42877021 282 100394 2
S 42888020 282 100389 2
S 42899019 282 100394 2
S 42910019 282 100395 2
S 42921018 282 100393 2
S 42932017 282 100389 2
S 42943017 282 100388 2
S 42954016 282 100389 2
S 42965015 282 100391 2
S 42976014 282 100388 2
S 42987014 282 100394 2
S 42998013 282 100386 2
S 43009012 282 100386 2
S 43020012 282 100386 2
S 43031011 282 100385 2
S 43042010 282 100384 2
S 43053010 282 100392 2
S 43064009 282 100389 2
S 43075008 282 100383 2
S 43086008 282 100382 2
S 43097007 282 100385 2
S 43108006 282 100381 2
S 43119006 282 100386 2
S 43130005 282 100388 2
S 43141004 282 100390 2
S 43152003 282 100389 2
S 43163003 282 100386 2
S 43174002 282 100383 2
S 43185001 282 100388 2
S 43196001 282 100387 2
S 43207000 282 100386 2
S 43217999 282 100385 2
S 43228999 282 100389 2
S 43239998 282 100386 2
S 43250997 282 100382 2
S 43261997 282 100383 2
S 43272996 282 100383 2
S 43283995 282 100387 2
S 43294995 282 100387 2
S 43305994 282 100383 2
S 43316993 282 100388 2
S 43327992 282 100381 2
S 43338992 282 100389 2
S 43354991 282 100389 2
S 43365990 282 100396 2
S 43376989 282 100393 2
S 43387989 282 100392 2
S 43398988 282 100389 2
S 43409987 282 100389 2
S 43420987 282 100395 2
S 43431986 282 100390 2
S 43442985 282 100385 2
S 43453985 282 100395 2
S 43464984 282 100390 2
S 43475983 282 100390 2
S 43486983 282 100385 2
S 43497982 282 100388 2
S 43508981 282 100385 2
S 43519980 282 100389 2
S 43530980 282 100386 2
S 43541979 282 100387 2
S 43552978 282 100392 2
S 43563978 282 100392 2
S 43574977 282 100386 2
S 43585976 282 100390 2
S 43596976 282 100394 2
S 43607975 282 100389 2
S 43618974 282 100387 2
S 43629974 282 100386 2
S 43640973 282 100388 2
S 43651972 282 100386 2
S 43662972 282 100385 2
S 43673971 282 100384 2
S 43684970 282 100390 2
S 43695969 282 100391 2
S 43706969 282 100391 2
S 43717968 282 100388 2
S 43728967 282 100389 2
S 43739967 282 100386 2
S 43750966 282 100386 2
S 43761965 282 100388 2
S 43772965 282 100386 2
S 43783964 282 100392 2
S 43794963 282 100396 2
S 43805963 282 100391 2
S 43816962 282 100389 2
S 43827961 282 100391 2
S 43838961 282 100390 2
S 43849960 282 100389 2
S 43860959 282 100389 2
S 43871958 282 100395 2
S 43882958 282 100395 2
S 43893957 282 100389 2
S 43904956 282 100390 2
S 43915956 282 100390 2
S 43926955 282 100391 2
S 43937954 282 100389 2
S 43948954 282 100391 2
S 43959953 282 100390 2
S 43970952 282 100389 2
S 43981952 282 100383 2
S 43992951 282 100390 2
S 44003950 282 100388 2
S 44014950 282 100383 2
S 44025949 282 100387 2
S 44036948 282 100383 2
S 44047947 282 100381 2
S 44058947 282 100386 2
S 44069946 282 100389 2
S 44080945 282 100381 2
S 44091945 282 100378 2
S 44102944 282 100383 2
S 44113943 282 100381 2
S 44124943 282 100387 2
S 44135942 282 100385 2
S 44146941 282 100387 2
S 44157941 282 100393 2
S 44168940 282 100390 2
S 44179939 282 100392 2
S 44190939 282 100384 2
S 44201938 282 100385 2
S 44212937 282 100383 2
S 44223936 282 100383 2
S 44234936 282 100390 2
S 44245935 282 100386 2
S 44256934 282 100391 2
S 44267934 282 100388 2
S 44278933 282 100390 2
S 44289932 282 100389 2
S 44300932 282 100383 2
S 44311931 282 100391 2
S 44322930 282 100389 2
S 44333930 282 100394 2
S 44344929 282 100390 2
S 44360928 282 100383 2
S 44371927 282 100384 2
S 44382927 282 100382 2
S 44393926 282 100383 2
S 44404925 282 100384 2
S 44415924 282 100386 2
S 44426924 282 100388 2
S 44437923 282 100380 2
S 44448922 282 100381 2
S 44459922 282 100386 2
S 44470921 282 100386 2
S 44481920 282 100387 2
S 44492920 282 100385 2
S 44503919 282 100386 2
S 44514918 282 100385 2
S 44525918 282 100383 2
S 44536917 282 100377 2
S 44547916 282 100388 2
S 44558916 282 100383 2
S 44569915 282 100383 2
S 44580914 282 100381 2
S 44591913 282 100381 2
S 44602913 282 100374 2
S 44613912 282 100383 2
S 44624911 282 100381 2
S 44635911 282 100387 2
S 44646910 282 100386 2
S 44657909 282 100379 2
S 44668909 282 100380 2
S 44679908 282 100383 2
S 44690907 282 100382 2
S 44701907 282 100384 2
S 44712906 282 100383 2
S 44723905 282 100378 2
S 44734905 282 100384 2
S 44745904 282 100381 2
S 44756903 282 100388 2
S 44767902 282 100385 2
S 44778902 282 100382 2
S 44789901 282 100383 2
S 44800900 282 100383 2
S 44811900 282 100381 2
S 44822899 282 100385 2
S 44833898 282 100386 2
S 44844898 282 100386 2
S 44855897 282 100385 2
S 44866896 282 100380 2
S 44877896 282 100383 2
S 44888895 282 100384 2
S 44899894 282 100385 2
S 44910894 282 100386 2
S 44921893 282 100385 2
S 44932892 282 100386 2
S 44943891 282 100387 2
S 44954891 282 100378 2
S 44965890 282 100376 2
S 44976889 282 100386 2
S 44987889 282 100378 2
S 44998888 282 100376 2
S 45009887 282 100379 2
S 45020887 282 100376 2
S 45031886 282 100376 2
S 45042885 282 100382 2
S 45053885 282 100382 2
S 45064884 282 100383 2
S 45075883 282 100377 2
S 45086883 282 100380 2
S 45097882 282 100378 2
S 45108881 282 100378 2
S 45119880 282 100378 2
S 45130880 282 100381 2
S 45141879 282 100382 2
S 45152878 282 100383 2
S 45163878 282 100389 2
S 45174877 282 100382 2
S 45185876 282 100382 2
S 45196876 282 100383 2
S 45207875 282 100384 2
S 45218874 282 100378 2
S 45229874 282 100381 2
S 45240873 282 100384 2
S 45251872 282 100380 2
S 45262872 282 100389 2
S 45273871 282 100377 2
S 45284870 282 100385 2
S 45295869 282 100383 2
S 45306869 282 100384 2
S 45317868 282 100383 2
S 45328867 282 100386 2
S 45339867 282 100381 2
S 45350866 282 100389 2
S 45366865 282 100391 2
S 45377864 282 100389 2
S 45388864 282 100390 2
S 45399863 282 100389 2
S 45410862 282 100392 2
S 45421862 282 100386 2
S 45432861 282 100389 2
S 45443860 282 100386 2
S 45454860 282 100386 2
S 45465859 282 100383 2
S 45476858 282 100385 2
S 45487857 282 100387 2
S 45498857 282 100380 2
S 45509856 282 100382 2
S 45520855 282 100386 2
S 45531855 282 100389 2
S 45542854 282 100389 2
S 45553853 282 100388 2
S 45564853 282 100387 2
S 45575852 282 100388 2
S 45586851 282 100381 2
S 45597851 282 100383 2
S 45608850 282 100386 2
S 45619849 282 100390 2
S 45630849 282 100386 2
S 45641848 282 100385 2
S 45652847 282 100386 2
S 45663846 282 100383 2
S 45674846 282 100385 2
S 45685845 282 100383 2
S 45696844 282 100379 2
S 45707844 282 100386 2
S 45718843 282 100384 2
S 45729842 282 100384 2
S 45740842 282 100381 2
S 45751841 282 100381 2
S 45762840 282 100386 2
S 45773840 282 100382 2
S 45784839 282 100381 2
S 45795838 282 100384 2
S 45806838 282 100386 2
S 45817837 282 100389 2
S 45828836 282 100384 2
S 45839835 282 100386 2
S 45850835 282 100381 2
S 45861834 282 100392 2
S 45872833 282 100390 2
S 45883833 282 100384 2
S 45894832 282 100389 2
S 45905831 282 100389 2
S 45916831 282 100383 2
S 45927830 282 100386 2
S 45938829 282 100383 2
S 45949829 282 100388 2
S 45960828 282 100391 2
S 45971827 282 100389 2
S 45982827 282 100386 2
S 45993826 282 100386 2
S 46004825 282 100383 2
S 46015824 282 100386 2
S 46026824 282 100388 2
S 46037823 282 100388 2
S 46048822 282 100382 2
S 46059822 282 100382 2
S 46070821 282 100381 2
S 46081820 282 100383 2
S 46092820 282 100381 2
S 46103819 282 100383 2
S 46114818 282 100382 2
S 46125818 282 100379 2
S 46136817 282 100380 2
S 46147816 282 100387 2
S 46158816 282 100384 2
S 46169815 282 100384 2
S 46180814 282 100388 2
S 46191813 282 100388 2
S 46202813 282 100388 2
S 46213812 282 100383 2
S 46224811 282 100385 2
S 46235811 282 100386 2
S 46246810 282 100381 2
S 46257809 282 100380 2
S 46268809 282 100385 2
S 46279808 282 100382 2
S 46290807 282 100386 2
S 46301807 282 100389 2
S 46312806 282 100390 2
S 46323805 282 100388 2
S 46334805 282 100386 2
S 46345804 282 100386 2
S 46356803 282 100385 2
S 46372802 282 100400 2
S 46383801 282 100396 2
S 46394801 282 100393 2
S 46405800 282 100395 2
S 46416799 282 100401 2
S 46427799 282 100397 2
S 46438798 282 100394 2
S 46449797 282 100393 2
S 46460797 282 100395 2
S 46471796 282 100394 2
S 46482795 282 100391 2
S 46493795 282 100394 2
S 46504794 282 100389 2
S 46515793 282 100387 2
S 46526793 282 100392 2
S 46537792 282 100389 2
S 46548791 282 100389 2
S 46559790 282 100392 2
S 46570790 282 100386 2
S 46581789 282 100389 2
S 46592788 282 100385 2
S 46603788 282 100390 2
S 46614787 282 100387 2
S 46625786 282 100384 2
S 46636786 282 100389 2
S 46647785 282 100384 2
S 46658784 282 100387 2
S 46669784 282 100384 2
S 46680783 282 100385 2
S 46691782 282 100381 2
S 46702782 282 100384 2
S 46713781 282 100390 2
S 46724780 282 100382 2
S 46735779 282 100389 2
S 46746779 282 100389 2
S 46757778 282 100386 2
S 46768777 282 100387 2
S 46779777 282 100387 2
S 46790776 282 100386 2
S 46801775 282 100382 2
S 46812775 282 100379 2
S 46823774 282 100386 2
S 46834773 282 100389 2
S 46845773 282 100389 2
S 46856772 282 100386 2
S 46867771 282 100384 2
S 46878771 282 100389 2
S 46889770 282 100392 2
S 46900769 282 100388 2
S 46911768 282 100387 2
S 46922768 282 100392 2
S 46933767 282 100389 2
S 46944766 282 100393 2
S 46955766 282 100392 2
S 46966765 282 100387 2
S 46977764 282 100386 2
S 46988764 282 100388 2
S 46999763 282 100390 2
S 47010762 282 100387 2
S 47021762 282 100389 2
S 47032761 282 100387 2
S 47043760 282 100384 2
S 47054760 282 100384 2
S 47065759 282 100386 2
S 47076758 282 100386 2
S 47087757 282 100384 2
S 47098757 282 100386 2
S 47109756 282 100388 2
S 47120755 282 100385 2
S 47131755 282 100383 2
S 47142754 282 100389 2
S 47153753 282 100390 2
S 47164753 282 100389 2
S 47175752 282 100385 2
S 47186751 282 100391 2
S 47197751 282 100390 2
S 47208750 282 100391 2
S 47219749 282 100382 2
S 47230749 282 100389 2
S 47241748 282 100387 2
S 47252747 282 100392 2
S 47263746 282 100389 2
S 47274746 282 100384 2
S 47285745 282 100386 2
S 47296744 282 100387 2
S 47307744 282 100391 2
S 47318743 282 100394 2
S 47329742 282 100391 2
S 47340742 282 100389 2
S 47351741 282 100392 2
S 47362740 282 100393 2
S 47378739 282 100389 2
S 47389739 282 100395 2
S 47400738 282 100393 2
S 47411737 282 100394 2
S 47422737 282 100395 2
S 47433736 282 100392 2
S 47444735 282 100392 2
S 47455734 282 100390 2
S 47466734 282 100393 2
S 47477733 282 100389 2
S 47488732 282 100394 2
S 47499732 282 100391 2
S 47510731 282 100389 2
S 47521730 282 100391 2
S 47532730 282 100389 2
S 47543729 282 100392 2
S 47554728 282 100398 2
S 47565728 282 100391 2
S 47576727 282 100386 2
S 47587726 282 100392 2
S 47598726 282 100389 2
S 47609725 282 100389 2
S 47620724 282 100387 2
S 47631723 282 100389 2
S 47642723 282 100391 2
S 47653722 282 100391 2
S 47664721 282 100386 2
S 47675721 282 100390 2
S 47686720 282 100385 2
S 47697719 282 100390 2
S 47708719 282 100392 2
S 47719718 282 100389 2
S 47730717 282 100389 2
S 47741717 282 100389 2
S 47752716 282 100389 2
S 47763715 282 100386 2
S 47774715 282 100389 2
S 47785714 282 100388 2
S 47796713 282 100389 2
S 47807712 282 100389 2
S 47818712 282 100389 2
S 47829711 282 100392 2
S 47840710 282 100387 2
S 47851710 282 100393 2
S 47862709 282 100389 2
S 47873708 282 100386 2
S 47884708 282 100385 2
S 47895707 282 100384 2
S 47906706 282 100389 2
S 47917706 282 100386 2
S 47928705 282 100381 2
S 47939704 282 100383 2
S 47950704 282 100382 2
S 47961703 282 100380 2
S 47972702 282 100383 2
S 47983701 282 100386 2
S 47994701 282 100388 2
S 48005700 282 100385 2
S 48016699 282 100381 2
S 48027699 282 100386 2
S 48038698 282 100383 2
S 48049697 282 100383 2
S 48060697 282 100390 2
S 48071696 282 100386 2
S 48082695 282 100389 2
S 48093695 282 100389 2
S 48104694 282 100387 2
S 48115693 282 100390 2
S 48126693 282 100389 2
S 48137692 282 100383 2
S 48148691 282 100392 2
S 48159690 282 100389 2
S 48170690 282 100390 2
S 48181689 282 100387 2
S 48192688 282 100386 2
S 48203688 282 100389 2
S 48214687 282 100386 2
S 48225686 282 100391 2
S 48236686 282 100387 2
S 48247685 282 100387 2
S 48258684 282 100385 2
S 48269684 282 100385 2
S 48280683 282 100386 2
S 48291682 282 100391 2
S 48302682 282 100383 2
S 48313681 282 100383 2
S 48324680 282 100387 2
S 48335679 282 100385 2
S 48346679 282 100384 2
S 48357678 282 100392 2
S 48368677 282 100387 2
S 48384676 282 100392 2
S 48395676 282 100389 2
S 48406675 282 100390 2
S 48417674 282 100392 2
S 48428674 282 100388 2
S 48439673 282 100388 2
S 48450672 282 100392 2
S 48461672 282 100392 2
S 48472671 282 100388 2
S 48483670 282 100386 2
S 48494670 282 100381 2
S 48505669 282 100385 2
S 48516668 282 100382 2
S 48527667 282 100382 2
S 48538667 282 100387 2
S 48549666 282 100386 2
S 48560665 282 100386 2
S 48571665 282 100383 2
S 48582664 282 100389 2
S 48593663 282 100384 2
S 48604663 282 100388 2
S 48615662 282 100386 2
S 48626661 282 100385 2
S 48637661 282 100385 2
S 48648660 282 100383 2
S 48659659 282 100388 2
S 48670659 282 100383 2
S 48681658 282 100389 2
S 48692657 282 100384 2
S 48703656 282 100386 2
S 48714656 282 100389 2
S 48725655 282 100380 2
S 48736654 282 100380 2
S 48747654 282 100384 2
S 48758653 282 100379 2
S 48769652 282 100381 2
S 48780652 282 100386 2
S 48791651 282 100376 2
S 48802650 282 100383 2
S 48813650 282 100383 2
S 48824649 282 100386 2
S 48835648 282 100392 2
S 48846648 282 100389 2
S 48857647 282 100388 2
S 48868646 282 100394 2
S 48879645 282 100391 2
S 48890645 282 100381 2
S 48901644 282 100383 2
S 48912643 282 100384 2
S 48923643 282 100382 2
S 48934642 282 100390 2
S 48945641 282 100387 2
S 48956641 282 100386 2
S 48967640 282 100389 2
S 48978639 282 100389 2
S 48989639 282 100389 2
S 49000639 282 100386 2
S 49011637 282 100381 2
S 49022637 282 100383 2
S 49033636 282 100387 2
S 49044635 282 100384 2
S 49055634 282 100389 2
S 49066634 282 100381 2
S 49077633 282 100381 2
S 49088632 282 100383 2
S 49099632 282 100380 2
S 49110631 282 100378 2
S 49121630 282 100382 2
S 49132630 282 100381 2
S 49143629 282 100385 2
S 49154628 282 100383 2
S 49165628 282 100381 2
S 49176627 282 100380 2
S 49187626 282 100381 2
S 49198626 282 100386 2
S 49209625 282 100384 2
S 49220624 282 100385 2
S 49231623 282 100386 2
S 49242623 282 100383 2
S 49253622 282 100386 2
S 49264621 282 100381 2
S 49275621 282 100381 2
S 49286620 282 100383 2
S 49297619 282 100380 2
S 49308619 282 100385 2
S 49319618 282 100381 2
S 49330617 282 100381 2
S 49341617 282 100383 2
S 49352616 282 100381 2
S 49363615 282 100387 2
S 49374615 282 100384 2
S 49390614 282 100395 2
S 49401613 282 100392 2
S 49412612 282 100387 2
S 49423611 282 100389 2
S 49434611 282 100391 2
S 49445610 282 100389 2
S 49456609 282 100392 2
S 49467609 282 100389 2
S 49478608 282 100392 2
S 49489607 282 100384 2
S 49500607 282 100387 2
S 49511606 282 100389 2
S 49522605 282 100393 2
S 49533605 282 100386 2
S 49544604 282 100389 2
S 49555603 282 100390 2
S 49566603 282 100384 2
S 49577602 282 100386 2
S 49588601 282 100386 2
S 49599600 282 100388 2
S 49610600 282 100386 2
S 49621599 282 100386 2
S 49632598 282 100386 2
S 49643598 282 100386 2
S 49654597 282 100381 2
S 49665596 282 100386 2
S 49676596 282 100388 2
S 49687595 282 100390 2
S 49698594 282 100386 2
S 49709594 282 100389 2
S 49720593 282 100381 2
S 49731592 282 100383 2
S 49742592 282 100389 2
S 49753591 282 100388 2
S 49764590 282 100388 2
S 49775589 282 100387 2
S 49786589 282 100387 2
S 49797588 282 100386 2
S 49808587 282 100386 2
S 49819587 282 100389 2
S 49830586 282 100386 2
S 49841585 282 100386 2
S 49852585 282 100392 2
S 49863584 282 100389 2
S 49874583 282 100390 2
S 49885583 282 100383 2
S 49896582 282 100388 2
S 49907581 282 100390 2
S 49918581 282 100395 2
S 49929580 282 100386 2
S 49940579 282 100382 2
S 49951578 282 100386 2
S 49962578 282 100384 2
S 49973577 282 100386 2
S 49984576 282 100386 2
S 49995576 282 100383 2
S 50006575 282 100389 2
S 50017574 282 100383 2
S 50028574 282 100382 2
S 50039573 282 100380 2
S 50050572 282 100381 2
S 50061572 282 100382 2
S 50072571 282 100384 2
S 50083570 282 100382 2
S 50094570 282 100385 2
S 50105569 282 100388 2
S 50116568 282 100386 2
S 50127567 282 100386 2
S 50138567 282 100386 2
S 50149566 282 100382 2
S 50160565 282 100385 2
S 50171565 282 100383 2
S 50182564 282 100382 2
S 50193563 282 100383 2
S 50204563 282 100386 2
S 50215562 282 100385 2
S 50226561 282 100383 2
S 50237561 282 100382 2
S 50248560 282 100382 2
S 50259559 282 100388 2
S 50270559 282 100386 2
S 50281558 282 100383 2
S 50292557 282 100383 2
S 50303556 282 100384 2
S 50314556 282 100389 2
S 50325555 282 100385 2
S 50336554 282 100388 2
S 50347554 282 100390 2
S 50358553 282 100390 2
S 50369552 282 100384 2
S 50380552 282 100389 2
S 50396551 282 100389 2
S 50407550 282 100394 2
S 50418549 282 100396 2
S 50429549 282 100391 2
S 50440548 282 100389 2
S 50451547 282 100386 2
S 50462547 282 100387 2
S 50473546 282 100387 2
S 50484545 282 100392 2
S 50495544 282 100390 2
S 50506544 282 100389 2
S 50517543 282 100392 2
S 50528542 282 100390 2
S 50539542 282 100389 2
S 50550541 282 100386 2
S 50561540 282 100385 2
S 50572540 282 100386 2
S 50583539 282 100392 2
S 50594538 282 100391 2
S 50605538 282 100385 2
S 50616537 282 100391 2
S 50627536 282 100389 2
S 50638536 282 100386 2
S 50649535 282 100386 2
S 50660534 282 100387 2
S 50671533 282 100383 2
S 50682533 282 100383 2
S 50693532 282 100383 2
S 50704531 282 100386 2
S 50715531 282 100388 2
S 50726530 282 100389 2
S 50737529 282 100389 2
S 50748529 282 100394 2
S 50759528 282 100395 2
S 50770527 282 100394 2
S 50781527 282 100386 2
S 50792526 282 100389 2
S 50803525 282 100387 2
S 50814525 282 100392 2
S 50825524 282 100387 2
S 50836523 282 100392 2
S 50847522 282 100389 2
S 50858522 282 100386 2
S 50869521 282 100389 2
S 50880520 282 100392 2
S 50891520 282 100388 2
S 50902519 282 100388 2
S 50913518 282 100390 2
S 50924518 282 100385 2
S 50935517 282 100386 2
S 50946516 282 100386 2
S 50957516 282 100386 2
S 50968515 282 100388 2
S 50979514 282 100383 2
S 50990514 282 100385 2
S 51001514 282 100380 2
S 51012512 282 100384 2
S 51023511 282 100381 2
S 51034511 282 100384 2
S 51045510 282 100384 2
S 51056509 282 100386 2
S 51067509 282 100382 2
S 51078508 282 100381 2
S 51089507 282 100386 2
S 51100507 282 100383 2
S 51111506 282 100383 2
S 51122505 282 100384 2
S 51133505 282 100385 2
S 51144504 282 100386 2
S 51155503 282 100385 2
S 51166503 282 100388 2
S 51177502 282 100383 2
S 51188501 282 100386 2
S 51199500 282 100387 2
S 51210500 282 100383 2
S 51221499 282 100389 2
S 51232498 282 100378 2
S 51243498 282 100386 2
S 51254497 282 100384 2
S 51265496 282 100385 2
S 51276496 282 100385 2
S 51287495 282 100379 2
S 51298494 282 100383 2
S 51309494 282 100386 2
S 51320493 282 100384 2
S 51331492 282 100382 2
S 51342492 282 100383 2
S 51353491 282 100385 2
S 51364490 282 100383 2
S 51375489 282 100384 2
S 51386489 282 100383 2
S 51402488 282 100386 2
S 51413487 282 100386 2
S 51424486 282 100386 2
S 51435486 282 100389 2
S 51446485 282 100382 2
S 51457484 282 100382 2
S 51468484 282 100384 2
S 51479483 282 100382 2
S 51490482 282 100382 2
S 51501482 282 100387 2
S 51512481 282 100383 2
S 51523480 282 100383 2
S 51534480 282 100384 2
S 51545479 282 100385 2
S 51556478 282 100382 2
S 51567477 282 100378 2
S 51578477 282 100381 2
S 51589476 282 100378 2
S 51600475 282 100385 2
S 51611475 282 100379 2
S 51622474 282 100383 2
S 51633473 282 100383 2
S 51644473 282 100386 2
S 51655472 282 100386 2
S 51666471 282 100385 2
S 51677471 282 100383 2
S 51688470 282 100386 2
S 51699469 282 100386 2
S 51710469 282 100385 2
S 51721468 282 100389 2
S 51732467 282 100384 2
S 51743466 282 100394 2
S 51754466 282 100391 2
S 51765465 282 100389 2
S 51776464 282 100391 2
S 51787464 282 100387 2
S 51798463 282 100386 2
S 51809462 282 100389 2
S 51820462 282 100383 2
S 51831461 282 100383 2
S 51842460 282 100381 2
S 51853460 282 100380 2
S 51864459 282 100386 2
S 51875458 282 100386 2
S 51886458 282 100389 2
S 51897457 282 100384 2
S 51908456 282 100385 2
S 51919455 282 100382 2
S 51930455 282 100391 2
S 51941454 282 100391 2
S 51952453 282 100385 2
S 51963453 282 100386 2
S 51974452 282 100381 2
S 51985451 282 100385 2
S 51996451 282 100386 2
S 52007450 282 100383 2
S 52018449 282 100382 2
S 52029449 282 100381 2
S 52040448 282 100383 2
S 52051447 282 100387 2
S 52062447 282 100384 2
S 52073446 282 100380 2
S 52084445 282 100382 2
S 52095444 282 100384 2
S 52106444 282 100381 2
S 52117443 282 100382 2
S 52128442 282 100386 2
S 52139442 282 100382 2
S 52150441 282 100386 2
S 52161440 282 100383 2
S 52172440 282 100383 2
S 52183439 282 100386 2
S 52194438 282 100386 2
S 52205438 282 100386 2
S 52216437 282 100384 2
S 52227436 282 100381 2
S 52238436 282 100385 2
S 52249435 282 100386 2
S 52260434 282 100383 2
S 52271433 282 100384 2
S 52282433 282 100382 2
S 52293432 282 100390 2
S 52304431 282 100388 2
S 52315431 282 100385 2
S 52326430 282 100382 2
S 52337429 282 100384 2
S 52348429 282 100384 2
S 52359428 282 100386 2
S 52370427 282 100381 2
S 52381427 282 100378 2
S 52392426 282 100380 2
S 52408425 282 100395 2
S 52419424 282 100400 2
S 52430424 282 100399 2
S 52441423 282 100396 2
S 52452422 282 100400 2
S 52463421 282 100399 2
S 52474421 282 100398 2
S 52485420 282 100399 2
S 52496419 282 100397 2
S 52507419 282 100398 2
S 52518418 282 100402 2
S 52529417 282 100398 2
S 52540417 282 100398 2
S 52551416 282 100401 2
S 52562415 282 100397 2
S 52573415 282 100401 2
S 52584414 282 100399 2
S 52595413 282 100398 2
S 52606413 282 100398 2
S 52617412 282 100398 2
S 52628411 282 100399 2
S 52639410 282 100398 2
S 52650410 282 100397 2
S 52661409 282 100396 2
S 52672408 282 100395 2
S 52683408 282 100397 2
S 52694407 282 100400 2
S 52705406 282 100389 2
S 52716406 282 100400 2
S 52727405 282 100392 2
S 52738404 282 100392 2
S 52749404 282 100396 2
S 52760403 282 100397 2
S 52771402 282 100395 2
S 52782402 282 100395 2
S 52793401 282 100393 2
S 52804400 282 100392 2
S 52815399 282 100400 2
S 52826399 282 100396 2
S 52837398 282 100397 2
S 52848397 282 100393 2
S 52859397 282 100396 2
S 52870396 282 100393 2
S 52881395 282 100396 2
S 52892395 282 100393 2
S 52903394 282 100386 2
S 52914393 282 100394 2
S 52925393 282 100389 2
S 52936392 282 100392 2
S 52947391 282 100395 2
S 52958391 282 100389 2
S 52969390 282 100391 2
S 52980389 282 100393 2
S 52991388 282 100389 2
S 53002388 282 100395 2
S 53013387 282 100396 2
S 53024386 282 100394 2
S 53035386 282 100391 2
S 53046385 282 100396 2
S 53057384 282 100393 2
S 53068384 282 100395 2
S 53079383 282 100398 2
S 53090382 282 100396 2
S 53101382 282 100395 2
S 53112381 282 100396 2
S 53123380 282 100389 2
S 53134380 282 100391 2
S 53145379 282 100392 2
S 53156378 282 100389 2
S 53167377 282 100387 2
S 53178377 282 100386 2
S 53189376 282 100395 2
S 53200375 282 100390 2
S 53211375 282 100387 2
S 53222374 282 100389 2
S 53233373 282 100389 2
S 53244373 282 100393 2
S 53255372 282 100391 2
S 53266371 282 100392 2
S 53277371 282 100385 2
S 53288370 282 100386 2
S 53299369 282 100384 2
S 53310369 282 100389 2
S 53321368 282 100385 2
S 53332367 282 100386 2
S 53343366 282 100386 2
S 53354366 282 100390 2
S 53365365 282 100392 2
S 53376364 282 100396 2
S 53387364 282 100389 2
S 53398363 282 100394 2
S 53414362 282 100388 2
S 53425361 282 100385 2
S 53436361 282 100388 2
S 53447360 282 100389 2
S 53458359 282 100389 2
S 53469359 282 100389 2
S 53480358 282 100388 2
S 53491357 282 100392 2
S 53502357 282 100387 2
S 53513356 282 100391 2
S 53524355 282 100389 2
S 53535354 282 100386 2
S 53546354 282 100389 2
S 53557353 282 100392 2
S 53568352 282 100389 2
S 53579352 282 100392 2
S 53590351 282 100388 2
S 53601350 282 100390 2
S 53612350 282 100390 2
S 53623349 282 100388 2
S 53634348 282 100388 2
S 53645348 282 100387 2
S 53656347 282 100394 2
S 53667346 282 100392 2
S 53678346 282 100390 2
S 53689345 282 100395 2
S 53700344 282 100393 2
S 53711343 282 100397 2
S 53722343 282 100392 2
S 53733342 282 100390 2
S 53744341 282 100395 2
S 53755341 282 100390 2
S 53766340 282 100389 2
S 53777339 282 100392 2
S 53788339 282 100393 2
S 53799338 282 100392 2
S 53810337 282 100389 2
S 53821337 282 100392 2
S 53832336 282 100389 2
S 53843335 282 100386 2
S 53854335 282 100389 2
S 53865334 282 100396 2
S 53876333 282 100391 2
S 53887332 282 100389 2
S 53898332 282 100389 2
S 53909331 282 100390 2
S 53920330 282 100396 2
S 53931330 282 100386 2
S 53942329 282 100388 2
S 53953328 282 100393 2
S 53964328 282 100396 2
S 53975327 282 100391 2
S 53986326 282 100393 2
S 53997326 282 100395 2
S 54008325 282 100396 2
S 54019324 282 100392 2
S 54030324 282 100388 2
S 54041323 282 100392 2
S 54052322 282 100392 2
S 54063321 282 100395 2
S 54074321 282 100394 2
S 54085320 282 100392 2
S 54096319 282 100389 2
S 54107319 282 100385 2
S 54118318 282 100389 2
S 54129317 282 100386 2
S 54140317 282 100389 2
S 54151316 282 100394 2
S 54162315 282 100387 2
S 54173315 282 100388 2
S 54184314 282 100386 2
S 54195313 282 100389 2
S 54206313 282 100387 2
S 54217312 282 100386 2
S 54228311 282 100388 2
S 54239310 282 100389 2
S 54250310 282 100389 2
S 54261309 282 100392 2
S 54272308 282 100390 2
S 54283308 282 100390 2
S 54294307 282 100389 2
S 54305306 282 100386 2
S 54316306 282 100389 2
S 54327305 282 100388 2
S 54338304 282 100388 2
S 54349304 282 100386 2
S 54360303 282 100386 2
S 54371302 282 100388 2
S 54382302 282 100392 2
S 54393301 282 100390 2
S 54404300 282 100389 2
S 54420299 282 100394 2
S 54431298 282 100394 2
S 54442298 282 100393 2
S 54453297 282 100391 2
S 54464296 282 100387 2
S 54475296 282 100386 2
S 54486295 282 100388 2
S 54497294 282 100386 2
S 54508294 282 100391 2
S 54519293 282 100389 2
S 54530292 282 100390 2
S 54541292 282 100387 2
S 54552291 282 100389 2
S 54563290 282 100385 2
S 54574290 282 100392 2
S 54585289 282 100389 2
S 54596288 282 100395 2
S 54607287 282 100392 2
S 54618287 282 100392 2
S 54629286 282 100390 2
S 54640285 282 100388 2
S 54651285 282 100393 2
S 54662284 282 100394 2
S 54673283 282 100387 2
S 54684283 282 100387 2
S 54695282 282 100392 2
S 54706281 282 100387 2
S 54717281 282 100386 2
S 54728280 282 100389 2
S 54739279 282 100389 2
S 54750279 282 100387 2
S 54761278 282 100387 2
S 54772277 282 100390 2
S 54783276 282 100394 2
S 54794276 282 100393 2
S 54805275 282 100392 2
S 54816274 282 100385 2
S 54827274 282 100392 2
S 54838273 282 100388 2
S 54849272 282 100387 2
S 54860272 282 100387 2
S 54871271 282 100387 2
S 54882270 282 100389 2
S 54893270 282 100390 2
S 54904269 282 100390 2
S 54915268 282 100391 2
S 54926268 282 100393 2
S 54937267 282 100393 2
S 54948266 282 100386 2
S 54959265 282 100388 2
S 54970265 282 100388 2
S 54981264 282 100387 2
S 54992263 282 100389 2
S 55003263 282 100387 2
S 55014262 282 100390 2
S 55025261 282 100392 2
S 55036261 282 100392 2
S 55047260 282 100392 2
S 55058259 282 100392 2
S 55069259 282 100391 2
S 55080258 282 100392 2
S 55091257 282 100388 2
S 55102257 282 100391 2
S 55113256 282 100388 2
S 55124255 282 100387 2
S 55135254 282 100386 2
S 55146254 282 100389 2
S 55157253 282 100389 2
S 55168252 282 100387 2
S 55179252 282 100388 2
S 55190251 282 100387 2
S 55201250 282 100389 2
S 55212250 282 100388 2
S 55223249 282 100393 2
S 55234248 282 100392 2
S 55245248 282 100386 2
S 55256247 282 100389 2
S 55267246 282 100387 2
S 55278246 282 100386 2
S 55289245 282 100386 2
S 55300244 282 100389 2
S 55311243 282 100386 2
S 55322243 282 100390 2
S 55333242 282 100389 2
S 55344241 282 100392 2
S 55355241 282 100384 2
S 55366240 282 100385 2
S 55377239 282 100386 2
S 55388239 282 100386 2
S 55399238 282 100386 2
S 55410237 282 100386 2
S 55426236 282 100387 2
S 55437236 282 100390 2
S 55448235 282 100386 2
S 55459234 282 100387 2
S 55470234 282 100385 2
S 55481233 282 100385 2
S 55492232 282 100385 2
S 55503231 282 100388 2
S 55514231 282 100389 2
S 55525230 282 100386 2
S 55536229 282 100389 2
S 55547229 282 100385 2
S 55558228 282 100386 2
S 55569227 282 100386 2
S 55580227 282 100385 2
S 55591226 282 100388 2
S 55602225 282 100386 2
S 55613225 282 100384 2
S 55624224 282 100382 2
S 55635223 282 100386 2
S 55646223 282 100385 2
S 55657222 282 100387 2
S 55668221 282 100384 2
S 55679220 282 100382 2
S 55690220 282 100384 2
S 55701219 282 100384 2
S 55712218 282 100384 2
S 55723218 282 100384 2
S 55734217 282 100389 2
S 55745216 282 100388 2
S 55756216 282 100385 2
S 55767215 282 100384 2
S 55778214 282 100389 2
S 55789214 282 100384 2
S 55800213 282 100383 2
S 55811212 282 100386 2
S 55822212 282 100384 2
S 55833211 282 100385 2
S 55844210 282 100385 2
S 55855209 282 100386 2
S 55866209 282 100384 2
S 55877208 282 100384 2
S 55888207 282 100384 2
S 55899207 282 100381 2
S 55910206 282 100384 2
S 55921205 282 100386 2
S 55932205 282 100390 2
S 55943204 282 100386 2
S 55954203 282 100385 2
S 55965203 282 100385 2
S 55976202 282 100384 2
S 55987201 282 100384 2
S 55998201 282 100389 2
S 56009200 282 100389 2
S 56020199 282 100387 2
S 56031198 282 100386 2
S 56042198 282 100384 2
S 56053197 282 100384 2
S 56064196 282 100386 2
S 56075196 282 100386 2
S 56086195 282 100386 2
S 56097194 282 100384 2
S 56108194 282 100385 2
S 56119193 282 100385 2
S 56130192 282 100384 2
S 56141192 282 100387 2
S 56152191 282 100383 2
S 56163190 282 100384 2
S 56174190 282 100385 2
S 56185189 282 100389 2
S 56196188 282 100386 2
S 56207187 282 100389 2
S 56218187 282 100385 2
S 56229186 282 100387 2
S 56240185 282 100386 2
S 56251185 282 100384 2
S 56262184 282 100384 2
S 56273183 282 100386 2
S 56284183 282 100381 2
S 56295182 282 100386 2
S 56306181 282 100386 2
S 56317181 282 100389 2
S 56328180 282 100385 2
S 56339179 282 100386 2
S 56350179 282 100387 2
S 56361178 282 100386 2
S 56372177 282 100388 2
S 56383176 282 100389 2
S 56394176 282 100392 2
S 56405175 282 100392 2
S 56416174 282 100388 2
S 56432173 282 100395 2
S 56443173 282 100395 2
S 56454172 282 100394 2
S 56465171 282 100394 2
S 56476171 282 100394 2
S 56487170 282 100393 2
S 56498169 282 100393 2
S 56509169 282 100398 2
S 56520168 282 100398 2
S 56531167 282 100398 2
S 56542167 282 100397 2
S 56553166 282 100394 2
S 56564165 282 100394 2
S 56575164 282 100392 2
S 56586164 282 100392 2
S 56597163 282 100396 2
S 56608162 282 100394 2
S 56619162 282 100392 2
S 56630161 282 100391 2
S 56641160 282 100392 2
S 56652160 282 100391 2
S 56663159 282 100394 2
S 56674158 282 100394 2
S 56685158 282 100391 2
S 56696157 282 100395 2
S 56707156 282 100394 2
S 56718156 282 100394 2
S 56729155 282 100398 2
S 56740154 282 100395 2
S 56751153 282 100395 2
S 56762153 282 100398 2
S 56773152 282 100394 2
S 56784151 282 100392 2
S 56795151 282 100392 2
S 56806150 282 100392 2
S 56817149 282 100392 2
S 56828149 282 100391 2
S 56839148 282 100392 2
S 56850147 282 100395 2
S 56861147 282 100392 2
S 56872146 282 100389 2
S 56883145 282 100391 2
S 56894145 282 100394 2
S 56905144 282 100392 2
S 56916143 282 100392 2
S 56927142 282 100392 2
S 56938142 282 100391 2
S 56949141 282 100393 2
S 56960140 282 100387 2
S 56971140 282 100391 2
S 56982139 282 100393 2
S 56993138 282 100392 2
S 57004138 282 100397 2
S 57015137 282 100393 2
S 57026136 282 100389 2
S 57037136 282 100391 2
S 57048135 282 100391 2
S 57059134 282 100387 2
S 57070134 282 100392 2
S 57081133 282 100386 2
S 57092132 282 100391 2
S 57103131 282 100392 2
S 57114131 282 100387 2
S 57125130 282 100388 2
S 57136129 282 100391 2
S 57147129 282 100392 2
S 57158128 282 100392 2
S 57169127 282 100386 2
S 57180127 282 100388 2
S 57191126 282 100391 2
S 57202125 282 100388 2
S 57213125 282 100393 2
S 57224124 282 100392 2
S 57235123 282 100392 2
S 57246123 282 100392 2
S 57257122 282 100393 2
S 57268121 282 100392 2
S 57279120 282 100389 2
S 57290120 282 100388 2
S 57301119 282 100392 2
S 57312118 282 100388 2
S 57323118 282 100392 2
S 57334117 282 100392 2
S 57345116 282 100389 2
S 57356116 282 100392 2
S 57367115 282 100392 2
S 57378114 282 100387 2
S 57389114 282 100392 2
S 57400113 282 100392 2
S 57411112 282 100392 2
S 57422112 282 100393 2
S 57438111 282 100389 2
S 57449110 282 100389 2
S 57460109 282 100386 2
S 57471108 282 100389 2
S 57482108 282 100384 2
S 57493107 282 100388 2
S 57504106 282 100389 2
S 57515106 282 100389 2
S 57526105 282 100391 2
S 57537104 282 100389 2
S 57548104 282 100392 2
S 57559103 282 100391 2
S 57570102 282 100392 2
S 57581102 282 100392 2
S 57592101 282 100392 2
S 57603100 282 100391 2
S 57614100 282 100391 2
S 57625099 282 100392 2
S 57636098 282 100392 2
S 57647097 282 100389 2
S 57658097 282 100391 2
S 57669096 282 100391 2
S 57680095 282 100394 2
S 57691095 282 100391 2
S 57702094 282 100389 2
S 57713093 282 100392 2
S 57724093 282 100392 2
S 57735092 282 100392 2
S 57746091 282 100394 2
S 57757091 282 100392 2
S 57768090 282 100391 2
S 57779089 282 100384 2
S 57790089 282 100389 2
S 57801088 282 100387 2
S 57812087 282 100392 2
S 57823086 282 100392 2
S 57834086 282 100391 2
S 57845085 282 100392 2
S 57856084 282 100389 2
S 57867084 282 100391 2
S 57878083 282 100392 2
S 57889082 282 100391 2
S 57900082 282 100391 2
S 57911081 282 100391 2
S 57922080 282 100389 2
S 57933080 282 100391 2
S 57944079 282 100389 2
S 57955078 282 100390 2
S 57966078 282 100391 2
S 57977077 282 100384 2
S 57988076 282 100387 2
S 57999075 282 100388 2
S 58010075 282 100386 2
S 58021074 282 100389 2
S 58032073 282 100380 2
S 58043073 282 100389 2
S 58054072 282 100387 2
S 58065071 282 100391 2
S 58076071 282 100392 2
S 58087070 282 100386 2
S 58098069 282 100387 2
S 58109069 282 100384 2
S 58120068 282 100389 2
S 58131067 282 100392 2
S 58142067 282 100384 2
S 58153066 282 100382 2
S 58164065 282 100382 2
S 58175064 282 100381 2
S 58186064 282 100384 2
S 58197063 282 100391 2
S 58208062 282 100391 2
S 58219062 282 100393 2
S 58230061 282 100390 2
S 58241060 282 100391 2
S 58252060 282 100392 2
S 58263059 282 100391 2
S 58274058 282 100389 2
S 58285058 282 100389 2
S 58296057 282 100391 2
S 58307056 282 100392 2
S 58318056 282 100391 2
S 58329055 282 100386 2
S 58340054 282 100393 2
S 58351053 282 100391 2
S 58362053 282 100391 2
S 58373052 282 100383 2
S 58384051 282 100382 2
S 58395051 282 100387 2
S 58406050 282 100385 2
S 58417049 282 100391 2
S 58428049 282 100389 2
S 58444048 282 100392 2
S 58455047 282 100392 2
S 58466046 282 100395 2
S 58477046 282 100395 2
S 58488045 282 100392 2
S 58499044 282 100393 2
S 58510044 282 100391 2
S 58521043 282 100392 2
S 58532042 282 100392 2
S 58543041 282 100394 2
S 58554041 282 100394 2
S 58565040 282 100389 2
S 58576039 282 100389 2
S 58587039 282 100387 2
S 58598038 282 100391 2
S 58609037 282 100392 2
S 58620037 282 100392 2
S 58631036 282 100392 2
S 58642035 282 100397 2
S 58653035 282 100392 2
S 58664034 282 100389 2
S 58675033 282 100391 2
S 58686033 282 100391 2
S 58697032 282 100389 2
S 58708031 282 100389 2
S 58719030 282 100392 2
S 58730030 282 100395 2
S 58741029 282 100394 2
S 58752028 282 100392 2
S 58763028 282 100391 2
S 58774027 282 100392 2
S 58785026 282 100393 2
S 58796026 282 100392 2
S 58807025 282 100393 2
S 58818024 282 100392 2
S 58829024 282 100392 2
S 58840023 282 100392 2
S 58851022 282 100391 2
S 58862022 282 100392 2
S 58873021 282 100392 2
S 58884020 282 100392 2
S 58895019 282 100391 2
S 58906019 282 100389 2
S 58917018 282 100392 2
S 58928017 282 100393 2
S 58939017 282 100391 2
S 58950016 282 100393 2
S 58961015 282 100392 2
S 58972015 282 100392 2
S 58983014 282 100391 2
S 58994013 282 100391 2
S 59005013 282 100394 2
S 59016012 282 100391 2
S 59027011 282 100394 2
S 59038011 282 100387 2
S 59049010 282 100392 2
S 59060009 282 100391 2
S 59071008 282 100392 2
S 59082008 282 100391 2
S 59093007 282 100392 2
S 59104006 282 100391 2
S 59115006 282 100391 2
S 59126005 282 100391 2
S 59137004 282 100391 2
S 59148004 282 100393 2
S 59159003 282 100391 2
S 59170002 282 100394 2
S 59181002 282 100391 2
S 59192001 282 100390 2
S 59203000 282 100392 2
S 59214000 282 100384 2
S 59224999 282 100391 2
S 59235998 282 100392 2
S 59246997 282 100389 2
S 59257997 282 100393 2
S 59268996 282 100392 2
S 59279995 282 100392 2
S 59290995 282 100389 2
S 59301994 282 100390 2
S 59312993 282 100382 2
S 59323993 282 100389 2
S 59334992 282 100386 2
S 59345991 282 100389 2
S 59356991 282 100389 2
S 59367990 282 100391 2
S 59378989 282 100391 2
S 59389989 282 100389 2
S 59400988 282 100389 2
S 59411987 282 100388 2
S 59422986 282 100389 2
S 59433986 282 100392 2
S 59449985 282 100395 2
S 59460984 282 100392 2
S 59471983 282 100394 2
S 59482983 282 100391 2
S 59493982 282 100393 2
S 59504981 282 100394 2
S 59515981 282 100393 2
S 59526980 282 100392 2
S 59537979 282 100391 2
S 59548979 282 100391 2
S 59559978 282 100389 2
S 59570977 282 100384 2
S 59581977 282 100388 2
S 59592976 282 100386 2
S 59603975 282 100390 2
S 59614974 282 100381 2
S 59625974 282 100389 2
S 59636973 282 100391 2
S 59647972 282 100386 2
S 59658972 282 100388 2
S 59669971 282 100387 2
S 59680970 282 100391 2
S 59691970 282 100386 2
S 59702969 282 100387 2
S 59713968 282 100392 2
S 59724968 282 100389 2
S 59735967 282 100383 2
S 59746966 282 100389 2
S 59757966 282 100387 2
S 59768965 282 100382 2
S 59779964 282 100391 2
S 59790963 282 100389 2
S 59801963 282 100388 2
S 59812962 282 100391 2
S 59823961 282 100391 2
S 59834961 282 100387 2
S 59845960 282 100381 2
S 59856959 282 100388 2
S 59867959 282 100392 2
S 59878958 282 100387 2
S 59889957 282 100391 2
S 59900957 282 100389 2
S 59911956 282 100392 2
S 59922955 282 100393 2
S 59933955 282 100395 2
S 59944954 282 100394 2
S 59955953 282 100391 2
S 59966952 282 100392 2
S 59977952 282 100388 2
S 59988951 282 100384 2
S 59999950 282 100388 2
S 60010950 282 100384 2
S 60021949 282 100391 2
S 60032948 282 100389 2
S 60043948 282 100387 2
S 60054947 282 100392 2
S 60065946 282 100387 2
S 60076946 282 100381 2
S 60087945 282 100383 2
S 60098944 282 100384 2
S 60109944 282 100387 2
S 60120943 282 100387 2
S 60131942 282 100389 2
S 60142941 282 100387 2
S 60153941 282 100384 2
S 60164940 282 100389 2
S 60175939 282 100388 2
S 60186939 282 100389 2
S 60197938 282 100390 2
S 60208937 282 100384 2
S 60219937 282 100386 2
S 60230936 282 100383 2
S 60241935 282 100380 2
S 60252935 282 100381 2
S 60263934 282 100384 2
S 60274933 282 100389 2
S 60285933 282 100387 2
S 60296932 282 100384 2
S 60307931 282 100386 2
S 60318930 282 100381 2
S 60329930 282 100377 2
S 60340929 282 100380 2
S 60351928 282 100387 2
S 60362928 282 100389 2
S 60373927 282 100385 2
S 60384926 282 100388 2
S 60395926 282 100389 2
S 60406925 282 100389 2
S 60417924 282 100393 2
S 60428924 282 100390 2
S 60439923 282 100389 2
S 60455922 283 100394 2
S 60466921 283 100394 2
S 60477921 283 100392 2
S 60488920 283 100392 2
S 60499919 283 100393 2
S 60510918 283 100387 2
S 60521918 283 100388 2
S 60532917 283 100390 2
S 60543916 283 100388 2
S 60554916 283 100387 2
S 60565915 283 100389 2
S 60576914 283 100389 2
S 60587914 283 100387 2
S 60598913 283 100389 2
S 60609912 283 100389 2
S 60620912 283 100392 2
S 60631911 283 100392 2
S 60642910 283 100383 2
S 60653910 283 100381 2
S 60664909 283 100384 2
S 60675908 283 100390 2
S 60686907 283 100387 2
S 60697907 283 100387 2
S 60708906 283 100379 2
S 60719905 283 100384 2
S 60730905 283 100386 2
S 60741904 283 100382 2
S 60752903 283 100384 2
S 60763903 283 100389 2
S 60774902 283 100392 2
S 60785901 283 100379 2
S 60796901 283 100392 2
S 60807900 283 100386 2
S 60818899 283 100384 2
S 60829899 283 100387 2
S 60840898 283 100378 2
S 60851897 283 100381 2
S 60862896 283 100378 2
S 60873896 283 100387 2
S 60884895 283 100378 2
S 60895894 283 100376 2
S 60906894 283 100381 2
S 60917893 283 100384 2
S 60928892 283 100389 2
S 60939892 283 100383 2
S 60950891 283 100390 2
S 60961890 283 100382 2
S 60972890 283 100381 2
S 60983889 283 100383 2
S 60994888 283 100392 2
S 61005888 283 100389 2
S 61016887 283 100392 2
S 61027886 283 100389 2
S 61038885 283 100383 2
S 61049885 283 100378 2
S 61060884 283 100383 2
S 61071883 283 100383 2
S 61082883 283 100377 2
S 61093882 283 100385 2
S 61104881 283 100384 2
S 61115881 283 100387 2
S 61126880 283 100376 2
S 61137879 283 100381 2
S 61148879 283 100380 2
S 61159878 283 100382 2
S 61170877 283 100382 2
S 61181877 283 100386 2
S 61192876 283 100384 2
S 61203875 283 100387 2
S 61214874 283 100389 2
S 61225874 283 100383 2
S 61236873 283 100382 2
S 61247872 283 100387 2
S 61258872 283 100387 2
S 61269871 283 100389 2
S 61280870 283 100385 2
S 61291870 283 100382 2
S 61302869 283 100381 2
S 61313868 283 100379 2
S 61324868 283 100384 2
S 61335867 283 100382 2
S 61346866 283 100382 2
S 61357866 283 100381 2
S 61368865 283 100384 2
S 61379864 283 100381 2
S 61390863 283 100389 2
S 61401863 283 100387 2
S 61412862 283 100389 2
S 61423861 283 100387 2
S 61434861 283 100384 2
S 61445860 283 100391 2
S 61461859 283 100388 2
S 61472858 283 100389 2
S 61483858 283 100392 2
S 61494857 283 100385 2
S 61505856 283 100390 2
S 61516856 283 100387 2
S 61527855 283 100383 2
S 61538854 283 100395 2
S 61549854 283 100392 2
S 61560853 283 100389 2
S 61571852 283 100390 2
S 61582851 283 100395 2
S 61593851 283 100388 2
S 61604850 283 100392 2
S 61615849 283 100384 2
S 61626849 283 100387 2
S 61637848 283 100393 2
S 61648847 283 100392 2
S 61659847 283 100392 2
S 61670846 283 100394 2
S 61681845 283 100388 2
S 61692845 283 100395 2
S 61703844 283 100390 2
S 61714843 283 100390 2
S 61725843 283 100390 2
S 61736842 283 100387 2
S 61747841 283 100389 2
S 61758840 283 100392 2
S 61769840 283 100392 2
S 61780839 283 100395 2
S 61791838 283 100391 2
S 61802838 283 100391 2
S 61813837 283 100389 2
S 61824836 283 100392 2
S 61835836 283 100392 2
S 61846835 283 100389 2
S 61857834 283 100390 2
S 61868834 283 100385 2
S 61879833 283 100385 2
S 61890832 283 100382 2
S 61901832 283 100382 2
S 61912831 283 100382 2
S 61923830 283 100389 2
S 61934829 283 100382 2
S 61945829 283 100387 2
S 61956828 283 100384 2
S 61967827 283 100386 2
S 61978827 283 100383 2
S 61989826 283 100383 2
S 62000826 283 100384 2
S 62011825 283 100383 2
S 62022824 283 100389 2
S 62033823 283 100387 2
S 62044823 283 100390 2
S 62055822 283 100385 2
S 62066821 283 100382 2
S 62077821 283 100390 2
S 62088820 283 100388 2
S 62099819 283 100385 2
S 62110818 283 100382 2
S 62121818 283 100380 2
S 62132817 283 100387 2
S 62143816 283 100381 2
S 62154816 283 100389 2
S 62165815 283 100392 2
S 62176814 283 100387 2
S 62187814 283 100386 2
S 62198813 283 100386 2
S 62209812 283 100387 2
S 62220812 283 100390 2
S 62231811 283 100387 2
S 62242810 283 100389 2
S 62253810 283 100382 2
S 62264809 283 100392 2
S 62275808 283 100395 2
S 62286807 283 100389 2
S 62297807 283 100392 2
S 62308806 283 100387 2
S 62319805 283 100392 2
S 62330805 283 100387 2
S 62341804 283 100392 2
S 62352803 283 100389 2
S 62363803 283 100390 2
S 62374802 283 100392 2
S 62385801 283 100384 2
S 62396801 283 100387 2
S 62407800 283 100392 2
S 62418799 283 100392 2
S 62429799 283 100387 2
S 62440798 283 100392 2
S 62451797 283 100393 2
S 62467796 283 100395 2
S 62478795 283 100392 2
S 62489795 283 100399 2
S 62500794 283 100401 2
S 62511793 283 100398 2
S 62522793 283 100392 2
S 62533792 283 100398 2
S 62544791 283 100395 2
S 62555791 283 100395 2
S 62566790 283 100394 2
S 62577789 283 100392 2
S 62588789 283 100393 2
S 62599788 283 100389 2
S 62610787 283 100394 2
S 62621787 283 100391 2
S 62632786 283 100388 2
S 62643785 283 100390 2
S 62654784 283 100397 2
S 62665784 283 100392 2
S 62676783 283 100397 2
S 62687782 283 100396 2
S 62698782 283 100394 2
S 62709781 283 100394 2
S 62720780 283 100394 2
S 62731780 283 100394 2
S 62742779 283 100392 2
S 62753778 283 100389 2
S 62764778 283 100394 2
S 62775777 283 100393 2
S 62786776 283 100393 2
S 62797776 283 100395 2
S 62808775 283 100392 2
S 62819774 283 100395 2
S 62830773 283 100392 2
S 62841773 283 100395 2
S 62852772 283 100388 2
S 62863771 283 100392 2
S 62874771 283 100388 2
S 62885770 283 100391 2
S 62896769 283 100392 2
S 62907769 283 100393 2
S 62918768 283 100388 2
S 62929767 283 100392 2
S 62940767 283 100394 2
S 62951766 283 100390 2
S 62962765 283 100387 2
S 62973765 283 100394 2
S 62984764 283 100392 2
S 62995763 283 100392 2
S 63006762 283 100392 2
S 63017762 283 100384 2
S 63028761 283 100389 2
S 63039760 283 100395 2
S 63050760 283 100388 2
S 63061759 283 100395 2
S 63072758 283 100387 2
S 63083758 283 100390 2
S 63094757 283 100394 2
S 63105756 283 100391 2
S 63116756 283 100386 2
S 63127755 283 100389 2
S 63138754 283 100381 2
S 63149754 283 100388 2
S 63160753 283 100388 2
S 63171752 283 100388 2
S 63182751 283 100390 2
S 63193751 283 100391 2
S 63204750 283 100395 2
S 63215749 283 100392 2
S 63226749 283 100392 2
S 63237748 283 100388 2
S 63248747 283 100389 2
S 63259747 283 100382 2
S 63270746 283 100385 2
S 63281745 283 100384 2
S 63292745 283 100384 2
S 63303744 283 100385 2
S 63314743 283 100387 2
S 63325743 283 100388 2
S 63336742 283 100388 2
S 63347741 283 100384 2
S 63358740 283 100385 2
S 63369740 283 100384 2
S 63380739 283 100384 2
S 63391738 283 100384 2
S 63402738 283 100387 2
S 63413737 283 100384 2
S 63424736 283 100381 2
S 63435736 283 100387 2
S 63446735 283 100389 2
S 63457734 283 100383 2
S 63473733 283 100381 2
S 63484733 283 100383 2
S 63495732 283 100388 2
S 63506731 283 100384 2
S 63517731 283 100379 2
S 63528730 283 100383 2
S 63539729 283 100384 2
S 63550728 283 100378 2
S 63561728 283 100380 2
S 63572727 283 100384 2
S 63583726 283 100381 2
S 63594726 283 100383 2
S 63605725 283 100381 2
S 63616724 283 100380 2
S 63627724 283 100378 2
S 63638723 283 100383 2
S 63649722 283 100379 2
S 63660722 283 100382 2
S 63671721 283 100378 2
S 63682720 283 100381 2
S 63693720 283 100379 2
S 63704719 283 100380 2
S 63715718 283 100378 2
S 63726717 283 100383 2
S 63737717 283 100379 2
S 63748716 283 100373 2
S 63759715 283 100380 2
S 63770715 283 100382 2
S 63781714 283 100387 2
S 63792713 283 100383 2
S 63803713 283 100388 2
S 63814712 283 100383 2
S 63825711 283 100386 2
S 63836711 283 100387 2
S 63847710 283 100387 2
S 63858709 283 100390 2
S 63869709 283 100381 2
S 63880708 283 100387 2
S 63891707 283 100388 2
S 63902706 283 100387 2
S 63913706 283 100385 2
S 63924705 283 100387 2
S 63935704 283 100383 2
S 63946704 283 100385 2
S 63957703 283 100376 2
S 63968702 283 100383 2
S 63979702 283 100381 2
S 63990701 283 100383 2
S 64001701 283 100381 2
S 64012700 283 100382 2
S 64023699 283 100384 2
S 64034698 283 100381 2
S 64045698 283 100383 2
S 64056697 283 100384 2
S 64067696 283 100387 2
S 64078695 283 100382 2
S 64089695 283 100382 2
S 64100694 283 100389 2
S 64111693 283 100382 2
S 64122693 283 100389 2
S 64133692 283 100381 2
S 64144691 283 100381 2
S 64155691 283 100384 2
S 64166690 283 100385 2
S 64177689 283 100383 2
S 64188689 283 100381 2
S 64199688 283 100378 2
S 64210687 283 100381 2
S 64221687 283 100384 2
S 64232686 283 100381 2
S 64243685 283 100378 2
S 64254684 283 100381 2
S 64265684 283 100386 2
S 64276683 283 100386 2
S 64287682 283 100382 2
S 64298682 283 100381 2
S 64309681 283 100379 2
S 64320680 283 100380 2
S 64331680 283 100383 2
S 64342679 283 100379 2
S 64353678 283 100386 2
S 64364678 283 100384 2
S 64375677 283 100384 2
S 64386676 283 100380 2
S 64397676 283 100375 2
S 64408675 283 100375 2
S 64419674 283 100375 2
S 64430673 283 100379 2
S 64441673 283 100378 2
S 64452672 283 100379 2
S 64463671 283 100379 2
S 64479670 283 100387 2
S 64490670 283 100385 2
S 64501669 283 100388 2
S 64512668 283 100389 2
S 64523668 283 100386 2
S 64534667 283 100390 2
S 64545666 283 100384 2
S 64556666 283 100394 2
S 64567665 283 100397 2
S 64578664 283 100396 2
S 64589664 283 100390 2
S 64600663 283 100389 2
S 64611662 283 100393 2
S 64622661 283 100382 2
S 64633661 283 100386 2
S 64644660 283 100388 2
S 64655659 283 100390 2
S 64666659 283 100387 2
S 64677658 283 100386 2
S 64688657 283 100390 2
S 64699657 283 100387 2
S 64710656 283 100389 2
S 64721655 283 100382 2
S 64732655 283 100386 2
S 64743654 283 100390 2
S 64754653 283 100387 2
S 64765653 283 100388 2
S 64776652 283 100383 2
S 64787651 283 100385 2
S 64798650 283 100385 2
S 64809650 283 100387 2
S 64820649 283 100393 2
S 64831648 283 100396 2
S 64842648 283 100385 2
S 64853647 283 100383 2
S 64864646 283 100388 2
S 64875646 283 100384 2
S 64886645 283 100387 2
S 64897644 283 100390 2
S 64908644 283 100390 2
S 64919643 283 100386 2
S 64930642 283 100383 2
S 64941642 283 100390 2
S 64952641 283 100380 2
S 64963640 283 100386 2
S 64974639 283 100384 2
S 64985639 283 100387 2
S 64996638 283 100388 2
S 65007637 283 100388 2
S 65018637 283 100388 2
S 65029636 283 100385 2
S 65040635 283 100387 2
S 65051635 283 100384 2
S 65062634 283 100391 2
S 65073633 283 100390 2
S 65084633 283 100387 2
S 65095632 283 100383 2
S 65106631 283 100389 2
S 65117631 283 100387 2
S 65128630 283 100386 2
S 65139629 283 100391 2
S 65150628 283 100390 2
S 65161628 283 100384 2
S 65172627 283 100388 2
S 65183626 283 100388 2
S 65194626 283 100387 2
S 65205625 283 100390 2
S 65216624 283 100391 2
S 65227624 283 100389 2
S 65238623 283 100393 2
S 65249622 283 100389 2
S 65260622 283 100392 2
S 65271621 283 100392 2
S 65282620 283 100390 2
S 65293620 283 100387 2
S 65304619 283 100381 2
S 65315618 283 100382 2
S 65326617 283 100384 2
S 65337617 283 100390 2
S 65348616 283 100389 2
S 65359615 283 100394 2
S 65370615 283 100388 2
S 65381614 283 100390 2
S 65392613 283 100384 2
S 65403613 283 100382 2
S 65414612 283 100385 2
S 65425611 283 100384 2
S 65436611 283 100384 2
S 65447610 283 100387 2
S 65458609 283 100393 2
S 65469609 283 100384 2
S 65485608 283 100389 2
S 65496607 283 100385 2
S 65507606 283 100387 2
S 65518605 283 100386 2
S 65529605 283 100390 2
S 65540604 283 100379 2
S 65551603 283 100384 2
S 65562603 283 100378 2
S 65573602 283 100387 2
S 65584601 283 100389 2
S 65595601 283 100387 2
S 65606600 283 100387 2
S 65617599 283 100384 2
S 65628599 283 100385 2
S 65639598 283 100387 2
S 65650597 283 100387 2
S 65661597 283 100385 2
S 65672596 283 100382 2
S 65683595 283 100383 2
S 65694594 283 100383 2
S 65705594 283 100392 2
S 65716593 283 100392 2
S 65727592 283 100387 2
S 65738592 283 100383 2
S 65749591 283 100385 2
S 65760590 283 100388 2
S 65771590 283 100387 2
S 65782589 283 100387 2
S 65793588 283 100390 2
S 65804588 283 100385 2
S 65815587 283 100392 2
S 65826586 283 100388 2
S 65837586 283 100382 2
S 65848585 283 100387 2
S 65859584 283 100381 2
S 65870583 283 100383 2
S 65881583 283 100384 2
S 65892582 283 100381 2
S 65903581 283 100385 2
S 65914581 283 100381 2
S 65925580 283 100378 2
S 65936579 283 100384 2
S 65947579 283 100378 2
S 65958578 283 100381 2
S 65969577 283 100387 2
S 65980577 283 100381 2
S 65991576 283 100380 2
S 66002575 283 100386 2
S 66013575 283 100385 2
S 66024574 283 100389 2
S 66035573 283 100389 2
S 66046572 283 100384 2
S 66057572 283 100383 2
S 66068571 283 100383 2
S 66079570 283 100381 2
S 66090570 283 100386 2
S 66101569 283 100378 2
S 66112568 283 100384 2
S 66123568 283 100387 2
S 66134567 283 100381 2
S 66145566 283 100387 2
S 66156566 283 100388 2
S 66167565 283 100385 2
S 66178564 283 100387 2
S 66189564 283 100379 2
S 66200563 283 100386 2
S 66211562 283 100386 2
S 66222561 283 100381 2
S 66233561 283 100392 2
S 66244560 283 100388 2
S 66255559 283 100384 2
S 66266559 283 100378 2
S 66277558 283 100379 2
S 66288557 283 100377 2
S 66299557 283 100383 2
S 66310556 283 100380 2
S 66321555 283 100381 2
S 66332555 283 100381 2
S 66343554 283 100379 2
S 66354553 283 100377 2
S 66365553 283 100381 2
S 66376552 283 100390 2
S 66387551 283 100389 2
S 66398550 283 100387 2
S 66409550 283 100384 2
S 66420549 283 100381 2
S 66431548 283 100389 2
S 66442548 283 100387 2
S 66453547 283 100384 2
S 66464546 283 100385 2
S 66475546 283 100384 2
S 66491545 283 100387 2
S 66502544 283 100390 2
S 66513543 283 100387 2
S 66524543 283 100387 2
S 66535542 283 100387 2
S 66546541 283 100384 2
S 66557541 283 100392 2
S 66568540 283 100393 2
S 66579539 283 100392 2
S 66590538 283 100396 2
S 66601538 283 100390 2
S 66612537 283 100392 2
S 66623536 283 100393 2
S 66634536 283 100395 2
S 66645535 283 100387 2
S 66656534 283 100386 2
S 66667534 283 100390 2
S 66678533 283 100391 2
S 66689532 283 100391 2
S 66700532 283 100388 2
S 66711531 283 100389 2
S 66722530 283 100390 2
S 66733530 283 100387 2
S 66744529 283 100389 2
S 66755528 283 100384 2
S 66766527 283 100384 2
S 66777527 283 100389 2
S 66788526 283 100389 2
S 66799525 283 100384 2
S 66810525 283 100387 2
S 66821524 283 100387 2
S 66832523 283 100389 2
S 66843523 283 100390 2
S 66854522 283 100389 2
S 66865521 283 100390 2
S 66876521 283 100390 2
S 66887520 283 100384 2
S 66898519 283 100392 2
S 66909519 283 100386 2
S 66920518 283 100386 2
S 66931517 283 100385 2
S 66942516 283 100385 2
S 66953516 283 100384 2
S 66964515 283 100391 2
S 66975514 283 100385 2
S 66986514 283 100389 2
S 66997513 283 100385 2
S 67008512 283 100383 2
S 67019512 283 100386 2
S 67030511 283 100381 2
S 67041510 283 100381 2
S 67052510 283 100387 2
S 67063509 283 100386 2
S 67074508 283 100384 2
S 67085508 283 100386 2
S 67096507 283 100390 2
S 67107506 283 100384 2
S 67118505 283 100385 2
S 67129505 283 100387 2
S 67140504 283 100381 2
S 67151503 283 100384 2
S 67162503 283 100391 2
S 67173502 283 100383 2
S 67184501 283 100387 2
S 67195501 283 100386 2
S 67206500 283 100387 2
S 67217499 283 100387 2
S 67228499 283 100384 2
S 67239498 283 100384 2
S 67250497 283 100386 2
S 67261497 283 100386 2
S 67272496 283 100389 2
S 67283495 283 100385 2
S 67294494 283 100388 2
S 67305494 283 100387 2
S 67316493 283 100392 2
S 67327492 283 100385 2
S 67338492 283 100385 2
S 67349491 283 100389 2
S 67360490 283 100386 2
S 67371490 283 100390 2
S 67382489 283 100394 2
S 67393488 283 100383 2
S 67404488 283 100389 2
S 67415487 283 100386 2
S 67426486 283 100394 2
S 67437486 283 100385 2
S 67448485 283 100392 2
S 67459484 283 100383 2
S 67470483 283 100388 2
S 67481483 283 100389 2
S 67497482 283 100394 2
S 67508481 283 100391 2
S 67519480 283 100392 2
S 67530480 283 100390 2
S 67541479 283 100389 2
S 67552478 283 100394 2
S 67563478 283 100387 2
S 67574477 283 100388 2
S 67585476 283 100387 2
S 67596476 283 100386 2
S 67607475 283 100392 2
S 67618474 283 100395 2
S 67629474 283 100390 2
S 67640473 283 100390 2
S 67651472 283 100386 2
S 67662471 283 100382 2
S 67673471 283 100387 2
S 67684470 283 100387 2
S 67695469 283 100390 2
S 67706469 283 100385 2
S 67717468 283 100387 2
S 67728467 283 100388 2
S 67739467 283 100385 2
S 67750466 283 100386 2
S 67761465 283 100389 2
S 67772465 283 100386 2
S 67783464 283 100384 2
S 67794463 283 100388 2
S 67805463 283 100390 2
S 67816462 283 100387 2
S 67827461 283 100386 2
S 67838460 283 100387 2
S 67849460 283 100387 2
S 67860459 283 100386 2
S 67871458 283 100385 2
S 67882458 283 100385 2
S 67893457 283 100387 2
S 67904456 283 100384 2
S 67915456 283 100389 2
S 67926455 283 100387 2
S 67937454 283 100395 2
S 67948454 283 100398 2
S 67959453 283 100390 2
S 67970452 283 100391 2
S 67981452 283 100391 2
S 67992451 283 100391 2
S 68003450 283 100390 2
S 68014449 283 100385 2
S 68025449 283 100388 2
S 68036448 283 100387 2
S 68047447 283 100392 2
S 68058447 283 100400 2
S 68069446 283 100392 2
S 68080445 283 100391 2
S 68091445 283 100390 2
S 68102444 283 100391 2
S 68113443 283 100398 2
S 68124443 283 100390 2
S 68135442 283 100394 2
S 68146441 283 100386 2
S 68157441 283 100394 2
S 68168440 283 100400 2
S 68179439 283 100389 2
S 68190438 283 100387 2
S 68201438 283 100381 2
S 68212437 283 100393 2
S 68223436 283 100394 2
S 68234436 283 100392 2
S 68245435 283 100392 2
S 68256434 283 100395 2
S 68267434 283 100390 2
S 68278433 283 100391 2
S 68289432 283 100393 2
S 68300432 283 100395 2
S 68311431 283 100395 2
S 68322430 283 100395 2
S 68333430 283 100398 2
S 68344429 283 100393 2
S 68355428 283 100392 2
S 68366427 283 100394 2
S 68377427 283 100390 2
S 68388426 283 100396 2
S 68399425 283 100389 2
S 68410425 283 100398 2
S 68421424 283 100390 2
S 68432423 283 100392 2
S 68443423 283 100396 2
S 68454422 283 100394 2
S 68465421 283 100396 2
S 68476421 283 100389 2
S 68487420 283 100387 2
S 68503419 283 100390 2
S 68514418 283 100388 2
S 68525418 283 100391 2
S 68536417 283 100388 2
S 68547416 283 100396 2
S 68558415 283 100403 2
S 68569415 283 100392 2
S 68580414 283 100390 2
S 68591413 283 100393 2
S 68602413 283 100389 2
S 68613412 283 100388 2
S 68624411 283 100387 2
S 68635411 283 100391 2
S 68646410 283 100384 2
S 68657409 283 100388 2
S 68668409 283 100390 2
S 68679408 283 100387 2
S 68690407 283 100389 2
S 68701407 283 100393 2
S 68712406 283 100387 2
S 68723405 283 100389 2
S 68734404 283 100388 2
S 68745404 283 100391 2
S 68756403 283 100386 2
S 68767402 283 100384 2
S 68778402 283 100383 2
S 68789401 283 100388 2
S 68800400 283 100387 2
S 68811400 283 100384 2
S 68822399 283 100387 2
S 68833398 283 100389 2
S 68844398 283 100388 2
S 68855397 283 100388 2
S 68866396 283 100390 2
S 68877396 283 100390 2
S 68888395 283 100390 2
S 68899394 283 100391 2
S 68910393 283 100390 2
S 68921393 283 100392 2
S 68932392 283 100392 2
S 68943391 283 100390 2
S 68954391 283 100401 2
S 68965390 283 100398 2
S 68976389 283 100395 2
S 68987389 283 100401 2
S 68998388 283 100395 2
S 69009387 283 100390 2
S 69020387 283 100391 2
S 69031386 283 100390 2
S 69042385 283 100390 2
S 69053385 283 100387 2
S 69064384 283 100388 2
S 69075383 283 100388 2
S 69086382 283 100381 2
S 69097382 283 100398 2
S 69108381 283 100387 2
S 69119380 283 100385 2
S 69130380 283 100384 2
S 69141379 283 100392 2
S 69152378 283 100390 2
S 69163378 283 100387 2
S 69174377 283 100382 2
S 69185376 283 100389 2
S 69196376 283 100389 2
S 69207375 283 100387 2
S 69218374 283 100384 2
S 69229374 283 100387 2
S 69240373 283 100388 2
S 69251372 283 100390 2
S 69262371 283 100385 2
S 69273371 283 100389 2
S 69284370 283 100387 2
S 69295369 283 100389 2
S 69306369 283 100384 2
S 69317368 283 100381 2
S 69328367 283 100384 2
S 69339367 283 100392 2
S 69350366 283 100384 2
S 69361365 283 100386 2
S 69372365 283 100387 2
S 69383364 283 100382 2
S 69394363 283 100386 2
S 69405363 283 100383 2
S 69416362 283 100387 2
S 69427361 283 100386 2
S 69438360 283 100386 2
S 69449360 283 100381 2
S 69460359 283 100384 2
S 69471358 283 100390 2
S 69482358 283 100387 2
S 69493357 283 100387 2
S 69509356 283 100385 2
S 69520355 283 100384 2
S 69531355 283 100387 2
S 69542354 283 100388 2
S 69553353 283 100390 2
S 69564353 283 100387 2
S 69575352 283 100387 2
S 69586351 283 100386 2
S 69597351 283 100383 2
S 69608350 283 100381 2
S 69619349 283 100383 2
S 69630348 283 100387 2
S 69641348 283 100387 2
S 69652347 283 100386 2
S 69663346 283 100384 2
S 69674346 283 100387 2
S 69685345 283 100385 2
S 69696344 283 100390 2
S 69707344 283 100387 2
S 69718343 283 100391 2
S 69729342 283 100384 2
S 69740342 283 100387 2
S 69751341 283 100385 2
S 69762340 283 100391 2
S 69773340 283 100387 2
S 69784339 283 100384 2
S 69795338 283 100384 2
S 69806337 283 100386 2
S 69817337 283 100387 2
S 69828336 283 100392 2
S 69839335 283 100385 2
S 69850335 283 100384 2
S 69861334 283 100385 2
S 69872333 283 100386 2
S 69883333 283 100385 2
S 69894332 283 100386 2
S 69905331 283 100384 2
S 69916331 283 100384 2
S 69927330 283 100387 2
S 69938329 283 100390 2
S 69949329 283 100398 2
S 69960328 283 100389 2
S 69971327 283 100393 2
S 69982326 283 100392 2
S 69993326 283 100394 2
S 70004325 283 100401 2
S 70015324 283 100394 2
S 70026324 283 100390 2
S 70037323 283 100387 2
S 70048322 283 100400 2
S 70059322 283 100400 2
S 70070321 283 100390 2
S 70081320 283 100395 2
S 70092320 283 100396 2
S 70103319 283 100396 2
S 70114318 283 100395 2
S 70125318 283 100390 2
S 70136317 283 100398 2
S 70147316 283 100396 2
S 70158315 283 100395 2
S 70169315 283 100389 2
S 70180314 283 100387 2
S 70191313 283 100387 2
S 70202313 283 100395 2
S 70213312 283 100387 2
S 70224311 283 100390 2
S 70235311 283 100387 2
S 70246310 283 100384 2
S 70257309 283 100388 2
S 70268309 283 100391 2
S 70279308 283 100396 2
S 70290307 283 100388 2
S 70301307 283 100390 2
S 70312306 283 100387 2
S 70323305 283 100384 2
S 70334304 283 100387 2
S 70345304 283 100384 2
S 70356303 283 100387 2
S 70367302 283 100387 2
S 70378302 283 100386 2
S 70389301 283 100387 2
S 70400300 283 100391 2
S 70411300 283 100393 2
S 70422299 283 100390 2
S 70433298 283 100392 2
S 70444298 283 100389 2
S 70455297 283 100390 2
S 70466296 283 100394 2
S 70477296 283 100392 2
S 70488295 283 100395 2
S 70499294 283 100397 2
S 70515293 283 100392 2
S 70526292 283 100399 2
S 70537292 283 100395 2
S 70548291 283 100396 2
S 70559290 283 100393 2
S 70570290 283 100397 2
S 70581289 283 100395 2
S 70592288 283 100392 2
S 70603288 283 100397 2
S 70614287 283 100387 2
S 70625286 283 100391 2
S 70636286 283 100383 2
S 70647285 283 100392 2
S 70658284 283 100395 2
S 70669284 283 100395 2
S 70680283 283 100394 2
S 70691282 283 100390 2
S 70702281 283 100391 2
S 70713281 283 100391 2
S 70724280 283 100390 2
S 70735279 283 100394 2
S 70746279 283 100395 2
S 70757278 283 100392 2
S 70768277 283 100394 2
S 70779277 283 100390 2
S 70790276 283 100390 2
S 70801275 283 100390 2
S 70812275 283 100395 2
S 70823274 283 100392 2
S 70834273 283 100394 2
S 70845273 283 100389 2
S 70856272 283 100386 2
S 70867271 283 100390 2
S 70878270 283 100393 2
S 70889270 283 100391 2
S 70900269 283 100390 2
S 70911268 283 100397 2
S 70922268 283 100395 2
S 70933267 283 100402 2
S 70944266 283 100397 2
S 70955266 283 100395 2
S 70966265 283 100391 2
S 70977264 283 100395 2
S 70988264 283 100394 2
S 70999263 283 100397 2
S 71010262 283 100392 2
S 71021262 283 100401 2
S 71032261 283 100390 2
S 71043260 283 100392 2
S 71054259 283 100399 2
S 71065259 283 100395 2
S 71076258 283 100391 2
S 71087257 283 100395 2
S 71098257 283 100395 2
S 71109256 283 100389 2
S 71120255 283 100395 2
S 71131255 283 100393 2
S 71142254 283 100395 2
S 71153253 283 100395 2
S 71164253 283 100390 2
S 71175252 283 100396 2
S 71186251 283 100390 2
S 71197251 283 100397 2
S 71208250 283 100391 2
S 71219249 283 100382 2
S 71230248 283 100391 2
S 71241248 283 100390 2
S 71252247 283 100387 2
S 71263246 283 100387 2
S 71274246 283 100387 2
S 71285245 283 100391 2
S 71296244 283 100392 2
S 71307244 283 100391 2
S 71318243 283 100395 2
S 71329242 283 100391 2
S 71340242 283 100390 2
S 71351241 283 100390 2
S 71362240 283 100389 2
S 71373240 283 100392 2
S 71384239 283 100390 2
S 71395238 283 100390 2
S 71406237 283 100390 2
S 71417237 283 100389 2
S 71428236 283 100398 2
S 71439235 283 100395 2
S 71450235 283 100392 2
S 71461234 283 100389 2
S 71472233 283 100390 2
S 71483233 283 100392 2
S 71494232 283 100396 2
S 71505231 283 100387 2
S 71521230 283 100390 2
S 71532230 283 100390 2
S 71543229 283 100391 2
S 71554228 283 100392 2
S 71565228 283 100391 2
S 71576227 283 100393 2
S 71587226 283 100391 2
S 71598225 283 100395 2
S 71609225 283 100394 2
S 71620224 283 100393 2
S 71631223 283 100390 2
S 71642223 283 100393 2
S 71653222 283 100390 2
S 71664221 283 100392 2
S 71675221 283 100395 2
S 71686220 283 100395 2
S 71697219 283 100393 2
S 71708219 283 100395 2
S 71719218 283 100394 2
S 71730217 283 100398 2
S 71741217 283 100393 2
S 71752216 283 100393 2
S 71763215 283 100394 2
S 71774214 283 100396 2
S 71785214 283 100391 2
S 71796213 283 100392 2
S 71807212 283 100395 2
S 71818212 283 100395 2
S 71829211 283 100390 2
S 71840210 283 100393 2
S 71851210 283 100391 2
S 71862209 283 100389 2
S 71873208 283 100390 2
S 71884208 283 100393 2
S 71895207 283 100395 2
S 71906206 283 100393 2
S 71917206 283 100390 2
S 71928205 283 100394 2
S 71939204 283 100393 2
S 71950203 283 100392 2
S 71961203 283 100393 2
S 71972202 283 100387 2
S 71983201 283 100387 2
S 71994201 283 100383 2
S 72005200 283 100390 2
S 72016199 283 100390 2
S 72027199 283 100392 2
S 72038198 283 100390 2
S 72049197 283 100393 2
S 72060197 283 100390 2
S 72071196 283 100395 2
S 72082195 283 100390 2
S 72093195 283 100390 2
S 72104194 283 100390 2
S 72115193 283 100388 2
S 72126192 283 100395 2
S 72137192 283 100388 2
S 72148191 283 100392 2
S 72159190 283 100382 2
S 72170190 283 100388 2
S 72181189 283 100395 2
S 72192188 283 100393 2
S 72203188 283 100390 2
S 72214187 283 100393 2
S 72225186 283 100390 2
S 72236186 283 100400 2
S 72247185 283 100396 2
S 72258184 283 100389 2
S 72269184 283 100392 2
S 72280183 283 100390 2
S 72291182 283 100389 2
S 72302181 283 100386 2
S 72313181 283 100389 2
S 72324180 283 100390 2
S 72335179 283 100392 2
S 72346179 283 100391 2
S 72357178 283 100395 2
S 72368177 283 100390 2
S 72379177 283 100398 2
S 72390176 283 100392 2
S 72401175 283 100393 2
S 72412175 283 100393 2
S 72423174 283 100395 2
S 72434173 283 100394 2
S 72445173 283 100389 2
S 72456172 283 100385 2
S 72467171 283 100392 2
S 72478170 283 100390 2
S 72489170 283 100391 2
S 72500169 283 100387 2
S 72511168 283 100387 2
S 72527167 283 100390 2
S 72538167 283 100387 2
S 72549166 283 100387 2
S 72560165 283 100389 2
S 72571165 283 100392 2
S 72582164 283 100385 2
S 72593163 283 100389 2
S 72604163 283 100387 2
S 72615162 283 100386 2
S 72626161 283 100385 2
S 72637161 283 100387 2
S 72648160 283 100384 2
S 72659159 283 100388 2
S 72670158 283 100387 2
S 72681158 283 100393 2
S 72692157 283 100389 2
S 72703156 283 100388 2
S 72714156 283 100391 2
S 72725155 283 100395 2
S 72736154 283 100387 2
S 72747154 283 100395 2
S 72758153 283 100385 2
S 72769152 283 100389 2
S 72780152 283 100392 2
S 72791151 283 100393 2
S 72802150 283 100392 2
S 72813150 283 100391 2
S 72824149 283 100393 2
S 72835148 283 100392 2
S 72846147 283 100390 2
S 72857147 283 100398 2
S 72868146 283 100395 2
S 72879145 283 100395 2
S 72890145 283 100390 2
S 72901144 283 100393 2
S 72912143 283 100391 2
S 72923143 283 100395 2
S 72934142 283 100395 2
S 72945141 283 100387 2
S 72956141 283 100391 2
S 72967140 283 100393 2
S 72978139 283 100391 2
S 72989139 283 100392 2
S 73000138 283 100394 2
S 73011137 283 100394 2
S 73022136 283 100390 2
S 73033136 283 100393 2
S 73044135 283 100391 2
S 73055134 283 100389 2
S 73066134 283 100391 2
S 73077133 283 100390 2
S 73088132 283 100390 2
S 73099132 283 100387 2
S 73110131 283 100391 2
S 73121130 283 100397 2
S 73132130 283 100390 2
S 73143129 283 100389 2
S 73154128 283 100392 2
S 73165128 283 100391 2
S 73176127 283 100389 2
S 73187126 283 100390 2
S 73198125 283 100390 2
S 73209125 283 100393 2
S 73220124 283 100391 2
S 73231123 283 100390 2
S 73242123 283 100390 2
S 73253122 283 100382 2
S 73264121 283 100384 2
S 73275121 283 100388 2
S 73286120 283 100389 2
S 73297119 283 100390 2
S 73308119 283 100382 2
S 73319118 283 100389 2
S 73330117 283 100384 2
S 73341117 283 100388 2
S 73352116 283 100387 2
S 73363115 283 100390 2
S 73374114 283 100386 2
S 73385114 283 100388 2
S 73396113 283 100387 2
S 73407112 283 100384 2
S 73418112 283 100393 2
S 73429111 283 100389 2
S 73440110 283 100390 2
S 73451110 283 100393 2
S 73462109 283 100390 2
S 73473108 283 100393 2
S 73484108 283 100393 2
S 73495107 283 100394 2
S 73506106 283 100393 2
S 73517106 283 100393 2
S 73533105 283 100386 2
S 73544104 283 100393 2
S 73555103 283 100396 2
S 73566102 283 100390 2
S 73577102 283 100390 2
S 73588101 283 100386 2
S 73599100 283 100390 2
S 73610100 283 100385 2
S 73621099 283 100387 2
S 73632098 283 100390 2
S 73643098 283 100388 2
S 73654097 283 100390 2
S 73665096 283 100384 2
S 73676096 283 100390 2
S 73687095 283 100389 2
S 73698094 283 100384 2
S 73709094 283 100390 2
S 73720093 283 100390 2
S 73731092 283 100395 2
S 73742091 283 100395 2
S 73753091 283 100390 2
S 73764090 283 100387 2
S 73775089 283 100384 2
S 73786089 283 100387 2
S 73797088 283 100386 2
S 73808087 283 100389 2
S 73819087 283 100387 2
S 73830086 283 100390 2
S 73841085 283 100389 2
S 73852085 283 100384 2
S 73863084 283 100387 2
S 73874083 283 100390 2
S 73885083 283 100392 2
S 73896082 283 100397 2
S 73907081 283 100390 2
S 73918080 283 100381 2
S 73929080 283 100387 2
S 73940079 283 100386 2
S 73951078 283 100384 2
S 73962078 283 100386 2
S 73973077 283 100390 2
S 73984076 283 100382 2
S 73995076 283 100387 2
S 74006075 283 100385 2
S 74017074 283 100390 2
S 74028074 283 100385 2
S 74039073 283 100390 2
S 74050072 283 100382 2
S 74061072 283 100383 2
S 74072071 283 100382 2
S 74083070 283 100382 2
S 74094069 283 100384 2
S 74105069 283 100388 2
S 74116068 283 100384 2
S 74127067 283 100384 2
S 74138067 283 100387 2
S 74149066 283 100392 2
S 74160065 283 100389 2
S 74171065 283 100390 2
S 74182064 283 100384 2
S 74193063 283 100385 2
S 74204063 283 100387 2
S 74215062 283 100388 2
S 74226061 283 100384 2
S 74237061 283 100384 2
S 74248060 283 100385 2
S 74259059 283 100389 2
S 74270058 283 100383 2
S 74281058 283 100379 2
S 74292057 283 100381 2
S 74303056 283 100384 2
S 74314056 283 100389 2
S 74325055 283 100385 2
S 74336054 283 100387 2
S 74347054 283 100388 2
S 74358053 283 100390 2
S 74369052 283 100388 2
S 74380052 283 100388 2
S 74391051 283 100388 2
S 74402050 283 100391 2
S 74413050 283 100389 2
S 74424049 283 100390 2
S 74435048 283 100390 2
S 74446047 283 100392 2
S 74457047 283 100391 2
S 74468046 283 100388 2
S 74479045 283 100390 2
S 74490045 283 100394 2
S 74501044 283 100394 2
S 74512043 283 100390 2
S 74523043 283 100393 2
S 74539042 283 100406 2
S 74550041 283 100407 2
S 74561040 283 100403 2
S 74572040 283 100400 2
S 74583039 283 100396 2
S 74594038 283 100397 2
S 74605038 283 100401 2
S 74616037 283 100399 2
S 74627036 283 100403 2
S 74638035 283 100401 2
S 74649035 283 100394 2
S 74660034 283 100401 2
S 74671033 283 100403 2
S 74682033 283 100398 2
S 74693032 283 100396 2
S 74704031 283 100398 2
S 74715031 283 100400 2
S 74726030 283 100398 2
S 74737029 283 100398 2
S 74748029 283 100399 2
S 74759028 283 100398 2
S 74770027 283 100396 2
S 74781027 283 100398 2
S 74792026 283 100397 2
S 74803025 283 100400 2
S 74814024 283 100393 2
S 74825024 283 100396 2
S 74836023 283 100394 2
S 74847022 283 100398 2
S 74858022 283 100401 2
S 74869021 283 100398 2
S 74880020 283 100396 2
S 74891020 283 100392 2
S 74902019 283 100396 2
S 74913018 283 100398 2
S 74924018 283 100396 2
S 74935017 283 100394 2
S 74946016 283 100397 2
S 74957016 283 100401 2
S 74968015 283 100400 2
S 74979014 283 100403 2
S 74990013 283 100401 2
S 75001014 283 100400 2
S 75012012 283 100395 2
S 75023011 283 100397 2
S 75034011 283 100398 2
S 75045010 283 100397 2
S 75056009 283 100399 2
S 75067009 283 100396 2
S 75078008 283 100396 2
S 75089007 283 100396 2
S 75100007 283 100397 2
S 75111006 283 100397 2
S 75122005 283 100395 2
S 75133005 283 100401 2
S 75144004 283 100397 2
S 75155003 283 100397 2
S 75166002 283 100394 2
S 75177002 283 100393 2
S 75188001 283 100397 2
S 75199000 283 100398 2
S 75210000 283 100397 2
S 75220999 283 100398 2
S 75231998 283 100396 2
S 75242998 283 100398 2
S 75253997 283 100395 2
S 75264996 283 100395 2
S 75275996 283 100395 2
S 75286995 283 100393 2
S 75297994 283 100396 2
S 75308994 283 100393 2
S 75319993 283 100395 2
S 75330992 283 100396 2
S 75341991 283 100398 2
S 75352991 283 100401 2
S 75363990 283 100399 2
S 75374989 283 100401 2
S 75385989 283 100396 2
S 75396988 283 100397 2
S 75407987 283 100399 2
S 75418987 283 100404 2
S 75429986 283 100403 2
S 75440985 283 100401 2
S 75451985 283 100398 2
S 75462984 283 100397 2
S 75473983 283 100401 2
S 75484983 283 100396 2
S 75495982 283 100400 2
S 75506981 283 100398 2
S 75517980 283 100403 2
S 75528980 283 100399 2
S 75544979 283 100395 2
S 75555978 283 100395 2
S 75566977 283 100395 2
S 75577977 283 100403 2
S 75588976 283 100395 2
S 75599975 283 100393 2
S 75610975 283 100389 2
S 75621974 283 100390 2
S 75632973 283 100393 2
S 75643973 283 100395 2
S 75654972 283 100391 2
S 75665971 283 100390 2
S 75676971 283 100395 2
S 75687970 283 100392 2
S 75698969 283 100389 2
S 75709968 283 100390 2
S 75720968 283 100395 2
S 75731967 283 100390 2
S 75742966 283 100390 2
S 75753966 283 100391 2
S 75764965 283 100393 2
S 75775964 283 100390 2
S 75786964 283 100390 2
S 75797963 283 100390 2
S 75808962 283 100390 2
S 75819962 283 100390 2
S 75830961 283 100388 2
S 75841960 283 100393 2
S 75852960 283 100395 2
S 75863959 283 100388 2
S 75874958 283 100387 2
S 75885957 283 100393 2
S 75896957 283 100390 2
S 75907956 283 100391 2
S 75918955 283 100393 2
S 75929955 283 100392 2
S 75940954 283 100388 2
S 75951953 283 100390 2
S 75962953 283 100389 2
S 75973952 283 100387 2
S 75984951 283 100389 2
S 75995951 283 100391 2
S 76006950 283 100384 2
S 76017949 283 100391 2
S 76028949 283 100391 2
S 76039948 283 100390 2
S 76050947 283 100390 2
S 76061946 283 100387 2
S 76072946 283 100394 2
S 76083945 283 100390 2
S 76094944 283 100390 2
S 76105944 283 100387 2
S 76116943 283 100391 2
S 76127942 283 100390 2
S 76138942 283 100387 2
S 76149941 283 100391 2
S 76160940 283 100395 2
S 76171940 283 100393 2
S 76182939 283 100390 2
S 76193938 283 100395 2
S 76204938 283 100390 2
S 76215937 283 100394 2
S 76226936 283 100391 2
S 76237935 283 100393 2
S 76248935 283 100389 2
S 76259934 283 100401 2
S 76270933 283 100396 2
S 76281933 283 100393 2
S 76292932 283 100393 2
S 76303931 283 100393 2
S 76314931 283 100390 2
S 76325930 283 100389 2
S 76336929 283 100390 2
S 76347929 283 100392 2
S 76358928 283 100395 2
S 76369927 283 100391 2
S 76380927 283 100384 2
S 76391926 283 100387 2
S 76402925 283 100390 2
S 76413924 283 100388 2
S 76424924 283 100388 2
S 76435923 283 100390 2
S 76446922 283 100390 2
S 76457922 283 100388 2
S 76468921 283 100387 2
S 76479920 283 100386 2
S 76490920 283 100384 2
S 76501919 283 100384 2
S 76512918 283 100391 2
S 76523918 283 100390 2
S 76534917 283 100389 2
S 76550916 283 100404 2
S 76561915 283 100401 2
S 76572915 283 100397 2
S 76583914 283 100397 2
S 76594913 283 100398 2
S 76605912 283 100399 2
S 76616912 283 100393 2
S 76627911 283 100396 2
S 76638910 283 100397 2
S 76649910 283 100398 2
S 76660909 283 100396 2
S 76671908 283 100396 2
S 76682908 283 100398 2
S 76693907 283 100395 2
S 76704906 283 100395 2
S 76715906 283 100397 2
S 76726905 283 100401 2
S 76737904 283 100398 2
S 76748904 283 100396 2
S 76759903 283 100400 2
S 76770902 283 100399 2
S 76781901 283 100399 2
S 76792901 283 100398 2
S 76803900 283 100396 2
S 76814899 283 100398 2
S 76825899 283 100398 2
S 76836898 283 100395 2
S 76847897 283 100398 2
S 76858897 283 100398 2
S 76869896 283 100394 2
S 76880895 283 100400 2
S 76891895 283 100395 2
S 76902894 283 100398 2
S 76913893 283 100398 2
S 76924893 283 100401 2
S 76935892 283 100399 2
S 76946891 283 100397 2
S 76957890 283 100396 2
S 76968890 283 100395 2
S 76979889 283 100392 2
S 76990888 283 100398 2
S 77001889 283 100395 2
S 77012887 283 100395 2
S 77023886 283 100393 2
S 77034886 283 100397 2
S 77045885 283 100393 2
S 77056884 283 100398 2
S 77067884 283 100397 2
S 77078883 283 100396 2
S 77089882 283 100401 2
S 77100882 283 100394 2
S 77111881 283 100398 2
S 77122880 283 100399 2
S 77133879 283 100401 2
S 77144879 283 100401 2
S 77155878 283 100400 2
S 77166877 283 100397 2
S 77177877 283 100401 2
S 77188876 283 100396 2
S 77199875 283 100401 2
S 77210875 283 100399 2
S 77221874 283 100401 2
S 77232873 283 100398 2
S 77243873 283 100396 2
S 77254872 283 100396 2
S 77265871 283 100397 2
S 77276871 283 100398 2
S 77287870 283 100398 2
S 77298869 283 100394 2
S 77309868 283 100399 2
S 77320868 283 100398 2
S 77331867 283 100396 2
S 77342866 283 100396 2
S 77353866 283 100396 2
S 77364865 283 100401 2
S 77375864 283 100397 2
S 77386864 283 100397 2
S 77397863 283 100396 2
S 77408862 283 100398 2
S 77419862 283 100394 2
S 77430861 283 100396 2
S 77441860 283 100398 2
S 77452860 283 100396 2
S 77463859 283 100395 2
S 77474858 283 100401 2
S 77485857 283 100396 2
S 77496857 283 100392 2
S 77507856 283 100395 2
S 77518855 283 100393 2
S 77529855 283 100396 2
S 77540854 283 100396 2
S 77556853 283 100397 2
S 77567852 283 100396 2
S 77578852 283 100397 2
S 77589851 283 100397 2
S 77600850 283 100390 2
S 77611850 283 100393 2
S 77622849 283 100398 2
S 77633848 283 100399 2
S 77644848 283 100396 2
S 77655847 283 100396 2
S 77666846 283 100397 2
S 77677845 283 100399 2
S 77688845 283 100394 2
S 77699844 283 100396 2
S 77710843 283 100393 2
S 77721843 283 100397 2
S 77732842 283 100393 2
S 77743841 283 100395 2
S 77754841 283 100389 2
S 77765840 283 100394 2
S 77776839 283 100397 2
S 77787839 283 100394 2
S 77798838 283 100396 2
S 77809837 283 100399 2
S 77820837 283 100392 2
S 77831836 283 100390 2
S 77842835 283 100395 2
S 77853834 283 100395 2
S 77864834 283 100398 2
S 77875833 283 100391 2
S 77886832 283 100395 2
S 77897832 283 100396 2
S 77908831 283 100394 2
S 77919830 283 100393 2
S 77930830 283 100393 2
S 77941829 283 100390 2
S 77952828 283 100392 2
S 77963828 283 100392 2
S 77974827 283 100392 2
S 77985826 283 100395 2
S 77996826 283 100390 2
S 78007825 283 100393 2
S 78018824 283 100394 2
S 78029823 283 100394 2
S 78040823 283 100390 2
S 78051822 283 100393 2
S 78062821 283 100394 2
S 78073821 283 100390 2
S 78084820 283 100391 2
S 78095819 283 100388 2
S 78106819 283 100387 2
S 78117818 283 100394 2
S 78128817 283 100396 2
S 78139817 283 100396 2
S 78150816 283 100395 2
S 78161815 283 100393 2
S 78172815 283 100390 2
S 78183814 283 100396 2
S 78194813 283 100393 2
S 78205812 283 100393 2
S 78216812 283 100396 2
S 78227811 283 100396 2
S 78238810 283 100394 2
S 78249810 283 100399 2
S 78260809 283 100393 2
S 78271808 283 100396 2
S 78282808 283 100397 2
S 78293807 283 100395 2
S 78304806 283 100393 2
S 78315806 283 100391 2
S 78326805 283 100390 2
S 78337804 283 100392 2
S 78348804 283 100390 2
S 78359803 283 100393 2
S 78370802 283 100394 2
S 78381801 283 100390 2
S 78392801 283 100389 2
S 78403800 283 100393 2
S 78414799 283 100392 2
S 78425799 283 100391 2
S 78436798 283 100392 2
S 78447797 283 100396 2
S 78458797 283 100393 2
S 78469796 283 100389 2
S 78480795 283 100394 2
S 78491795 283 100393 2
S 78502794 283 100396 2
S 78513793 283 100390 2
S 78524793 283 100388 2
S 78535792 283 100393 2
S 78546791 283 100396 2
S 78562790 283 100390 2
S 78573789 283 100388 2
S 78584789 283 100385 2
S 78595788 283 100385 2
S 78606787 283 100383 2
S 78617787 283 100387 2
S 78628786 283 100387 2
S 78639785 283 100388 2
S 78650785 283 100384 2
S 78661784 283 100386 2
S 78672783 283 100386 2
S 78683783 283 100387 2
S 78694782 283 100381 2
S 78705781 283 100393 2
S 78716781 283 100387 2
S 78727780 283 100387 2
S 78738779 283 100385 2
S 78749778 283 100387 2
S 78760778 283 100389 2
S 78771777 283 100384 2
S 78782776 283 100382 2
S 78793776 283 100386 2
S 78804775 283 100391 2
S 78815774 283 100390 2
S 78826774 283 100382 2
S 78837773 283 100385 2
S 78848772 283 100391 2
S 78859772 283 100384 2
S 78870771 283 100392 2
S 78881770 283 100387 2
S 78892770 283 100389 2
S 78903769 283 100387 2
S 78914768 283 100385 2
S 78925767 283 100391 2
S 78936767 283 100382 2
S 78947766 283 100387 2
S 78958765 283 100386 2
S 78969765 283 100384 2
S 78980764 283 100384 2
S 78991763 283 100384 2
S 79002763 283 100378 2
S 79013762 283 100381 2
S 79024761 283 100385 2
S 79035761 283 100387 2
S 79046760 283 100382 2
S 79057759 283 100379 2
S 79068759 283 100384 2
S 79079758 283 100382 2
S 79090757 283 100387 2
S 79101756 283 100382 2
S 79112756 283 100385 2
S 79123755 283 100385 2
S 79134754 283 100382 2
S 79145754 283 100381 2
S 79156753 283 100384 2
S 79167752 283 100389 2
S 79178752 283 100391 2
S 79189751 283 100390 2
S 79200750 283 100383 2
S 79211750 283 100381 2
S 79222749 283 100390 2
S 79233748 283 100385 2
S 79244748 283 100384 2
S 79255747 283 100387 2
S 79266746 283 100383 2
S 79277745 283 100387 2
S 79288745 283 100389 2
S 79299744 283 100390 2
S 79310743 283 100392 2
S 79321743 283 100393 2
S 79332742 283 100392 2
S 79343741 283 100391 2
S 79354741 283 100387 2
S 79365740 283 100393 2
S 79376739 283 100388 2
S 79387739 283 100390 2
S 79398738 283 100389 2
S 79409737 283 100386 2
S 79420737 283 100387 2
S 79431736 283 100386 2
S 79442735 283 100388 2
S 79453734 283 100390 2
S 79464734 283 100388 2
S 79475733 283 100386 2
S 79486732 283 100389 2
S 79497732 283 100383 2
S 79508731 283 100389 2
S 79519730 283 100381 2
S 79530730 283 100386 2
S 79541729 283 100388 2
S 79552728 283 100390 2
S 79568727 283 100397 2
S 79579727 283 100390 2
S 79590726 283 100391 2
S 79601725 283 100392 2
S 79612725 283 100393 2
S 79623724 283 100392 2
S 79634723 283 100390 2
S 79645722 283 100387 2
S 79656722 283 100386 2
S 79667721 283 100382 2
S 79678720 283 100386 2
S 79689720 283 100388 2
S 79700719 283 100388 2
S 79711718 283 100391 2
S 79722718 283 100390 2
S 79733717 283 100388 2
S 79744716 283 100388 2
S 79755716 283 100390 2
S 79766715 283 100385 2
S 79777714 283 100386 2
S 79788714 283 100392 2
S 79799713 283 100390 2
S 79810712 283 100393 2
S 79821711 283 100393 2
S 79832711 283 100392 2
S 79843710 283 100394 2
S 79854709 283 100393 2
S 79865709 283 100392 2
S 79876708 283 100382 2
S 79887707 283 100386 2
S 79898707 283 100390 2
S 79909706 283 100385 2
S 79920705 283 100384 2
S 79931705 283 100390 2
S 79942704 283 100384 2
S 79953703 283 100381 2
S 79964703 283 100384 2
S 79975702 283 100386 2
S 79986701 283 100387 2
S 79997700 283 100392 2
S 80008700 283 100388 2
S 80019699 283 100387 2
S 80030698 283 100383 2
S 80041698 283 100388 2
S 80052697 283 100381 2
S 80063696 283 100385 2
S 80074696 283 100388 2
S 80085695 283 100384 2
S 80096694 283 100388 2
S 80107694 283 100396 2
S 80118693 283 100387 2
S 80129692 283 100387 2
S 80140692 283 100390 2
S 80151691 283 100386 2
S 80162690 283 100382 2
S 80173689 283 100387 2
S 80184689 283 100392 2
S 80195688 283 100388 2
S 80206687 283 100382 2
S 80217687 283 100384 2
S 80228686 283 100384 2
S 80239685 283 100381 2
S 80250685 283 100383 2
S 80261684 283 100389 2
S 80272683 283 100378 2
S 80283683 283 100387 2
S 80294682 283 100385 2
S 80305681 283 100383 2
S 80316681 283 100383 2
S 80327680 283 100386 2
S 80338679 283 100381 2
S 80349678 283 100381 2
S 80360678 283 100381 2
S 80371677 283 100381 2
S 80382676 283 100383 2
S 80393676 283 100391 2
S 80404675 283 100387 2
S 80415674 283 100387 2
S 80426674 283 100385 2
S 80437673 283 100384 2
S 80448672 283 100382 2
S 80459672 283 100383 2
S 80470671 283 100388 2
S 80481670 283 100383 2
S 80492670 283 100382 2
S 80503669 283 100387 2
S 80514668 283 100383 2
S 80525667 283 100386 2
S 80536667 283 100387 2
S 80547666 283 100387 2
S 80558665 283 100387 2
S 80574664 283 100394 2
S 80585664 283 100386 2
S 80596663 283 100384 2
S 80607662 283 100386 2
S 80618662 283 100385 2
S 80629661 283 100392 2
S 80640660 283 100384 2
S 80651660 283 100385 2
S 80662659 283 100390 2
S 80673658 283 100389 2
S 80684658 283 100383 2
S 80695657 283 100390 2
S 80706656 283 100387 2
S 80717655 283 100390 2
S 80728655 283 100387 2
S 80739654 283 100385 2
S 80750653 283 100390 2
S 80761653 283 100389 2
S 80772652 283 100390 2
S 80783651 283 100393 2
S 80794651 283 100387 2
S 80805650 283 100385 2
S 80816649 283 100384 2
S 80827649 283 100384 2
S 80838648 283 100385 2
S 80849647 283 100388 2
S 80860647 283 100381 2
S 80871646 283 100391 2
S 80882645 283 100381 2
S 80893644 283 100384 2
S 80904644 283 100381 2
S 80915643 283 100391 2
S 80926642 283 100378 2
S 80937642 283 100385 2
S 80948641 283 100387 2
S 80959640 283 100390 2
S 80970640 283 100382 2
S 80981639 283 100380 2
S 80992638 283 100386 2
S 81003638 283 100384 2
S 81014637 283 100388 2
S 81025636 283 100386 2
S 81036636 283 100392 2
S 81047635 283 100393 2
S 81058634 283 100391 2
S 81069633 283 100388 2
S 81080633 283 100386 2
S 81091632 283 100387 2
S 81102631 283 100389 2
S 81113631 283 100390 2
S 81124630 283 100391 2
S 81135629 283 100385 2
S 81146629 283 100388 2
S 81157628 283 100387 2
S 81168627 283 100393 2
S 81179627 283 100386 2
S 81190626 283 100392 2
S 81201625 283 100390 2
S 81212625 283 100384 2
S 81223624 283 100381 2
S 81234623 283 100382 2
S 81245622 283 100384 2
S 81256622 283 100387 2
S 81267621 283 100390 2
S 81278620 283 100393 2
S 81289620 283 100391 2
S 81300619 283 100393 2
S 81311618 283 100387 2
S 81322618 283 100388 2
S 81333617 283 100391 2
S 81344616 283 100394 2
S 81355616 283 100393 2
S 81366615 283 100391 2
S 81377614 283 100392 2
S 81388614 283 100387 2
S 81399613 283 100388 2
S 81410612 283 100393 2
S 81421611 283 100391 2
S 81432611 283 100389 2
S 81443610 283 100383 2
S 81454609 283 100387 2
S 81465609 283 100387 2
S 81476608 283 100384 2
S 81487607 283 100388 2
S 81498607 283 100389 2
S 81509606 283 100390 2
S 81520605 283 100386 2
S 81531605 283 100390 2
S 81542604 283 100389 2
S 81553603 283 100392 2
S 81564603 283 100392 2
S 81580602 284 100395 2
S 81591601 284 100396 2
S 81602600 284 100388 2
S 81613599 284 100386 2
S 81624599 284 100393 2
S 81635598 284 100389 2
S 81646597 284 100385 2
S 81657597 284 100380 2
S 81668596 284 100387 2
S 81679595 284 100391 2
S 81690595 284 100388 2
S 81701594 284 100390 2
S 81712593 284 100395 2
S 81723593 284 100392 2
S 81734592 284 100394 2
S 81745591 284 100385 2
S 81756591 284 100391 2
S 81767590 284 100393 2
S 81778589 284 100385 2
S 81789588 284 100391 2
S 81800588 284 100384 2
S 81811587 284 100389 2
S 81822586 284 100391 2
S 81833586 284 100391 2
S 81844585 284 100393 2
S 81855584 284 100388 2
S 81866584 284 100393 2
S 81877583 284 100390 2
S 81888582 284 100390 2
S 81899582 284 100387 2
S 81910581 284 100393 2
S 81921580 284 100388 2
S 81932580 284 100390 2
S 81943579 284 100393 2
S 81954578 284 100394 2
S 81965577 284 100390 2
S 81976577 284 100394 2
S 81987576 284 100390 2
S 81998575 284 100394 2
S 82009575 284 100388 2
S 82020574 284 100396 2
S 82031573 284 100390 2
S 82042573 284 100388 2
S 82053572 284 100384 2
S 82064571 284 100386 2
S 82075571 284 100388 2
S 82086570 284 100389 2
S 82097569 284 100384 2
S 82108569 284 100389 2
S 82119568 284 100385 2
S 82130567 284 100392 2
S 82141566 284 100387 2
S 82152566 284 100394 2
S 82163565 284 100398 2
S 82174564 284 100397 2
S 82185564 284 100397 2
S 82196563 284 100395 2
S 82207562 284 100392 2
S 82218562 284 100396 2
S 82229561 284 100395 2
S 82240560 284 100392 2
S 82251560 284 100390 2
S 82262559 284 100391 2
S 82273558 284 100393 2
S 82284558 284 100390 2
S 82295557 284 100389 2
S 82306556 284 100390 2
S 82317555 284 100392 2
S 82328555 284 100389 2
S 82339554 284 100393 2
S 82350553 284 100393 2
S 82361553 284 100390 2
S 82372552 284 100393 2
S 82383551 284 100398 2
S 82394551 284 100398 2
S 82405550 284 100396 2
S 82416549 284 100397 2
S 82427549 284 100390 2
S 82438548 284 100395 2
S 82449547 284 100390 2
S 82460547 284 100385 2
S 82471546 284 100394 2
S 82482545 284 100387 2
S 82493544 284 100388 2
S 82504544 284 100393 2
S 82515543 284 100389 2
S 82526542 284 100390 2
S 82537542 284 100393 2
S 82548541 284 100390 2
S 82559540 284 100393 2
S 82570540 284 100387 2
S 82586539 284 100401 2
S 82597538 284 100394 2
S 82608537 284 100395 2
S 82619537 284 100393 2
S 82630536 284 100396 2
S 82641535 284 100396 2
S 82652535 284 100399 2
S 82663534 284 100394 2
S 82674533 284 100391 2
S 82685532 284 100396 2
S 82696532 284 100393 2
S 82707531 284 100394 2
S 82718530 284 100387 2
S 82729530 284 100388 2
S 82740529 284 100390 2
S 82751528 284 100393 2
S 82762528 284 100389 2
S 82773527 284 100390 2
S 82784526 284 100393 2
S 82795526 284 100398 2
S 82806525 284 100395 2
S 82817524 284 100395 2
S 82828524 284 100393 2
S 82839523 284 100398 2
S 82850522 284 100396 2
S 82861521 284 100390 2
S 82872521 284 100396 2
S 82883520 284 100393 2
S 82894519 284 100390 2
S 82905519 284 100401 2
S 82916518 284 100393 2
S 82927517 284 100390 2
S 82938517 284 100396 2
S 82949516 284 100393 2
S 82960515 284 100396 2
S 82971515 284 100390 2
S 82982514 284 100393 2
S 82993513 284 100393 2
S 83004513 284 100393 2
S 83015512 284 100390 2
S 83026511 284 100398 2
S 83037510 284 100395 2
S 83048510 284 100392 2
S 83059509 284 100397 2
S 83070508 284 100396 2
S 83081508 284 100393 2
S 83092507 284 100393 2
S 83103506 284 100393 2
S 83114506 284 100390 2
S 83125505 284 100394 2
S 83136504 284 100393 2
S 83147504 284 100396 2
S 83158503 284 100386 2
S 83169502 284 100392 2
S 83180502 284 100389 2
S 83191501 284 100387 2
S 83202500 284 100394 2
S 83213499 284 100395 2
S 83224499 284 100393 2
S 83235498 284 100389 2
S 83246497 284 100393 2
S 83257497 284 100393 2
S 83268496 284 100392 2
S 83279495 284 100397 2
S 83290495 284 100396 2
S 83301494 284 100395 2
S 83312493 284 100399 2
S 83323493 284 100396 2
S 83334492 284 100402 2
S 83345491 284 100391 2
S 83356491 284 100390 2
S 83367490 284 100390 2
S 83378489 284 100389 2
S 83389488 284 100396 2
S 83400488 284 100391 2
S 83411487 284 100389 2
S 83422486 284 100388 2
S 83433486 284 100387 2
S 83444485 284 100391 2
S 83455484 284 100386 2
S 83466484 284 100387 2
S 83477483 284 100389 2
S 83488482 284 100387 2
S 83499482 284 100391 2
S 83510481 284 100384 2
S 83521480 284 100391 2
S 83532480 284 100391 2
S 83543479 284 100395 2
S 83554478 284 100390 2
S 83565477 284 100393 2
S 83576477 284 100396 2
S 83592476 284 100393 2
S 83603475 284 100393 2
S 83614474 284 100393 2
S 83625474 284 100395 2
S 83636473 284 100396 2
S 83647472 284 100398 2
S 83658472 284 100390 2
S 83669471 284 100389 2
S 83680470 284 100390 2
S 83691470 284 100393 2
S 83702469 284 100387 2
S 83713468 284 100391 2
S 83724468 284 100387 2
S 83735467 284 100388 2
S 83746466 284 100388 2
S 83757465 284 100396 2
S 83768465 284 100394 2
S 83779464 284 100390 2
S 83790463 284 100394 2
S 83801463 284 100393 2
S 83812462 284 100387 2
S 83823461 284 100394 2
S 83834461 284 100393 2
S 83845460 284 100387 2
S 83856459 284 100388 2
S 83867459 284 100388 2
S 83878458 284 100394 2
S 83889457 284 100393 2
S 83900457 284 100395 2
S 83911456 284 100393 2
S 83922455 284 100395 2
S 83933454 284 100396 2
S 83944454 284 100396 2
S 83955453 284 100390 2
S 83966452 284 100398 2
S 83977452 284 100395 2
S 83988451 284 100396 2
S 83999450 284 100393 2
S 84010450 284 100389 2
S 84021449 284 100390 2
S 84032448 284 100393 2
S 84043448 284 100395 2
S 84054447 284 100387 2
S 84065446 284 100384 2
S 84076446 284 100387 2
S 84087445 284 100388 2
S 84098444 284 100388 2
S 84109443 284 100398 2
S 84120443 284 100393 2
S 84131442 284 100384 2
S 84142441 284 100390 2
S 84153441 284 100394 2
S 84164440 284 100398 2
S 84175439 284 100397 2
S 84186439 284 100398 2
S 84197438 284 100398 2
S 84208437 284 100387 2
S 84219437 284 100393 2
S 84230436 284 100390 2
S 84241435 284 100387 2
S 84252435 284 100396 2
S 84263434 284 100398 2
S 84274433 284 100395 2
S 84285432 284 100390 2
S 84296432 284 100392 2
S 84307431 284 100395 2
S 84318430 284 100393 2
S 84329430 284 100395 2
S 84340429 284 100392 2
S 84351428 284 100392 2
S 84362428 284 100395 2
S 84373427 284 100395 2
S 84384426 284 100390 2
S 84395426 284 100390 2
S 84406425 284 100387 2
S 84417424 284 100393 2
S 84428424 284 100395 2
S 84439423 284 100390 2
S 84450422 284 100393 2
S 84461421 284 100398 2
S 84472421 284 100395 2
S 84483420 284 100396 2
S 84494419 284 100390 2
S 84505419 284 100393 2
S 84516418 284 100388 2
S 84527417 284 100387 2
S 84538417 284 100390 2
S 84549416 284 100390 2
S 84560415 284 100392 2
S 84571415 284 100391 2
S 84582414 284 100390 2
S 84598413 284 100401 2
S 84609412 284 100396 2
S 84620412 284 100390 2
S 84631411 284 100396 2
S 84642410 284 100396 2
S 84653409 284 100394 2
S 84664409 284 100396 2
S 84675408 284 100393 2
S 84686407 284 100394 2
S 84697407 284 100396 2
S 84708406 284 100396 2
S 84719405 284 100392 2
S 84730405 284 100393 2
S 84741404 284 100391 2
S 84752403 284 100388 2
S 84763403 284 100397 2
S 84774402 284 100390 2
S 84785401 284 100393 2
S 84796401 284 100395 2
S 84807400 284 100391 2
S 84818399 284 100387 2
S 84829398 284 100387 2
S 84840398 284 100387 2
S 84851397 284 100387 2
S 84862396 284 100388 2
S 84873396 284 100390 2
S 84884395 284 100387 2
S 84895394 284 100387 2
S 84906394 284 100388 2
S 84917393 284 100386 2
S 84928392 284 100390 2
S 84939392 284 100387 2
S 84950391 284 100393 2
S 84961390 284 100390 2
S 84972390 284 100387 2
S 84983389 284 100392 2
S 84994388 284 100391 2
S 85005387 284 100393 2
S 85016387 284 100389 2
S 85027386 284 100389 2
S 85038385 284 100382 2
S 85049385 284 100390 2
S 85060384 284 100391 2
S 85071383 284 100387 2
S 85082383 284 100391 2
S 85093382 284 100390 2
S 85104381 284 100387 2
S 85115381 284 100390 2
S 85126380 284 100385 2
S 85137379 284 100388 2
S 85148379 284 100389 2
S 85159378 284 100388 2
S 85170377 284 100388 2
S 85181376 284 100387 2
S 85192376 284 100391 2
S 85203375 284 100390 2
S 85214374 284 100388 2
S 85225374 284 100387 2
S 85236373 284 100389 2
S 85247372 284 100390 2
S 85258372 284 100393 2
S 85269371 284 100388 2
S 85280370 284 100387 2
S 85291370 284 100386 2
S 85302369 284 100392 2
S 85313368 284 100389 2
S 85324368 284 100388 2
S 85335367 284 100389 2
S 85346366 284 100384 2
S 85357365 284 100389 2
S 85368365 284 100387 2
S 85379364 284 100390 2
S 85390363 284 100390 2
S 85401363 284 100388 2
S 85412362 284 100388 2
S 85423361 284 100386 2
S 85434361 284 100390 2
S 85445360 284 100390 2
S 85456359 284 100392 2
S 85467359 284 100390 2
S 85478358 284 100394 2
S 85489357 284 100390 2
S 85500357 284 100386 2
S 85511356 284 100389 2
S 85522355 284 100388 2
S 85533354 284 100386 2
S 85544354 284 100385 2
S 85555353 284 100390 2
S 85566352 284 100384 2
S 85577352 284 100390 2
S 85588351 284 100389 2
S 85604350 284 100390 2
S 85615349 284 100385 2
S 85626349 284 100390 2
S 85637348 284 100390 2
S 85648347 284 100390 2
S 85659347 284 100387 2
S 85670346 284 100388 2
S 85681345 284 100388 2
S 85692345 284 100387 2
S 85703344 284 100390 2
S 85714343 284 100392 2
S 85725342 284 100399 2
S 85736342 284 100384 2
S 85747341 284 100384 2
S 85758340 284 100391 2
S 85769340 284 100386 2
S 85780339 284 100390 2
S 85791338 284 100398 2
S 85802338 284 100386 2
S 85813337 284 100385 2
S 85824336 284 100390 2
S 85835336 284 100387 2
S 85846335 284 100387 2
S 85857334 284 100387 2
S 85868334 284 100387 2
S 85879333 284 100386 2
S 85890332 284 100389 2
S 85901331 284 100388 2
S 85912331 284 100390 2
S 85923330 284 100385 2
S 85934329 284 100384 2
S 85945329 284 100386 2
S 85956328 284 100390 2
S 85967327 284 100379 2
S 85978327 284 100384 2
S 85989326 284 100387 2
S 86000326 284 100387 2
S 86011325 284 100386 2
S 86022324 284 100384 2
S 86033323 284 100387 2
S 86044323 284 100382 2
S 86055322 284 100381 2
S 86066321 284 100387 2
S 86077320 284 100384 2
S 86088320 284 100384 2
S 86099319 284 100379 2
S 86110318 284 100383 2
S 86121318 284 100386 2
S 86132317 284 100384 2
S 86143316 284 100386 2
S 86154316 284 100387 2
S 86165315 284 100387 2
S 86176314 284 100381 2
S 86187314 284 100384 2
S 86198313 284 100383 2
S 86209312 284 100384 2
S 86220312 284 100385 2
S 86231311 284 100387 2
S 86242310 284 100383 2
S 86253309 284 100381 2
S 86264309 284 100388 2
S 86275308 284 100390 2
S 86286307 284 100386 2
S 86297307 284 100384 2
S 86308306 284 100386 2
S 86319305 284 100387 2
S 86330305 284 100387 2
S 86341304 284 100384 2
S 86352303 284 100387 2
S 86363303 284 100388 2
S 86374302 284 100380 2
S 86385301 284 100388 2
S 86396301 284 100383 2
S 86407300 284 100381 2
S 86418299 284 100383 2
S 86429298 284 100386 2
S 86440298 284 100384 2
S 86451297 284 100386 2
S 86462296 284 100384 2
S 86473296 284 100387 2
S 86484295 284 100384 2
S 86495294 284 100384 2
S 86506294 284 100384 2
S 86517293 284 100390 2
S 86528292 284 100386 2
S 86539292 284 100387 2
S 86550291 284 100386 2
S 86561290 284 100386 2
S 86572290 284 100385 2
S 86583289 284 100390 2
S 86594288 284 100386 2
S 86610287 284 100390 2
S 86621286 284 100390 2
S 86632286 284 100390 2
S 86643285 284 100389 2
S 86654284 284 100390 2
S 86665284 284 100387 2
S 86676283 284 100387 2
S 86687282 284 100387 2
S 86698282 284 100384 2
S 86709281 284 100387 2
S 86720280 284 100389 2
S 86731280 284 100387 2
S 86742279 284 100391 2
S 86753278 284 100384 2
S 86764278 284 100387 2
S 86775277 284 100384 2
S 86786276 284 100387 2
S 86797275 284 100386 2
S 86808275 284 100391 2
S 86819274 284 100392 2
S 86830273 284 100389 2
S 86841273 284 100386 2
S 86852272 284 100386 2
S 86863271 284 100381 2
S 86874271 284 100388 2
S 86885270 284 100387 2
S 86896269 284 100386 2
S 86907269 284 100387 2
S 86918268 284 100386 2
S 86929267 284 100386 2
S 86940267 284 100392 2
S 86951266 284 100390 2
S 86962265 284 100389 2
S 86973264 284 100390 2
S 86984264 284 100390 2
S 86995263 284 100388 2
S 87006262 284 100386 2
S 87017262 284 100387 2
S 87028261 284 100386 2
S 87039260 284 100390 2
S 87050260 284 100387 2
S 87061259 284 100384 2
S 87072258 284 100381 2
S 87083258 284 100387 2
S 87094257 284 100385 2
S 87105256 284 100389 2
S 87116256 284 100390 2
S 87127255 284 100389 2
S 87138254 284 100384 2
S 87149253 284 100384 2
S 87160253 284 100386 2
S 87171252 284 100383 2
S 87182251 284 100388 2
S 87193251 284 100388 2
S 87204250 284 100381 2
S 87215249 284 100380 2
S 87226249 284 100379 2
S 87237248 284 100385 2
S 87248247 284 100393 2
S 87259247 284 100384 2
S 87270246 284 100383 2
S 87281245 284 100384 2
S 87292245 284 100388 2
S 87303244 284 100387 2
S 87314243 284 100387 2
S 87325242 284 100390 2
S 87336242 284 100387 2
S 87347241 284 100387 2
S 87358240 284 100384 2
S 87369240 284 100391 2
S 87380239 284 100383 2
S 87391238 284 100383 2
S 87402238 284 100382 2
S 87413237 284 100386 2
S 87424236 284 100385 2
S 87435236 284 100388 2
S 87446235 284 100390 2
S 87457234 284 100387 2
S 87468234 284 100390 2
S 87479233 284 100387 2
S 87490232 284 100387 2
S 87501231 284 100383 2
S 87512231 284 100382 2
S 87523230 284 100386 2
S 87534229 284 100387 2
S 87545229 284 100389 2
S 87556228 284 100385 2
S 87567227 284 100381 2
S 87578227 284 100383 2
S 87589226 284 100379 2
S 87600225 284 100381 2
S 87616224 284 100383 2
S 87627224 284 100388 2
S 87638223 284 100390 2
S 87649222 284 100388 2
S 87660222 284 100389 2
S 87671221 284 100389 2
S 87682220 284 100387 2
S 87693219 284 100391 2
S 87704219 284 100387 2
S 87715218 284 100390 2
S 87726217 284 100388 2
S 87737217 284 100392 2
S 87748216 284 100390 2
S 87759215 284 100392 2
S 87770215 284 100392 2
S 87781214 284 100386 2
S 87792213 284 100385 2
S 87803213 284 100386 2
S 87814212 284 100389 2
S 87825211 284 100393 2
S 87836211 284 100389 2
S 87847210 284 100385 2
S 87858209 284 100387 2
S 87869208 284 100388 2
S 87880208 284 100390 2
S 87891207 284 100389 2
S 87902206 284 100390 2
S 87913206 284 100391 2
S 87924205 284 100391 2
S 87935204 284 100390 2
S 87946204 284 100388 2
S 87957203 284 100390 2
S 87968202 284 100390 2
S 87979202 284 100391 2
S 87990201 284 100384 2
S 88001201 284 100387 2
S 88012200 284 100387 2
S 88023199 284 100388 2
S 88034198 284 100389 2
S 88045197 284 100390 2
S 88056197 284 100388 2
S 88067196 284 100392 2
S 88078195 284 100388 2
S 88089195 284 100390 2
S 88100194 284 100388 2
S 88111193 284 100397 2
S 88122193 284 100389 2
S 88133192 284 100391 2
S 88144191 284 100390 2
S 88155191 284 100394 2
S 88166190 284 100390 2
S 88177189 284 100390 2
S 88188189 284 100390 2
S 88199188 284 100392 2
S 88210187 284 100387 2
S 88221186 284 100385 2
S 88232186 284 100389 2
S 88243185 284 100392 2
S 88254184 284 100390 2
S 88265184 284 100387 2
S 88276183 284 100384 2
S 88287182 284 100386 2
S 88298182 284 100385 2
S 88309181 284 100385 2
S 88320180 284 100393 2
S 88331180 284 100384 2
S 88342179 284 100388 2
S 88353178 284 100387 2
S 88364178 284 100384 2
S 88375177 284 100385 2
S 88386176 284 100384 2
S 88397175 284 100385 2
S 88408175 284 100386 2
S 88419174 284 100387 2
S 88430173 284 100387 2
S 88441173 284 100388 2
S 88452172 284 100389 2
S 88463171 284 100384 2
S 88474171 284 100390 2
S 88485170 284 100384 2
S 88496169 284 100395 2
S 88507169 284 100390 2
S 88518168 284 100392 2
S 88529167 284 100388 2
S 88540167 284 100390 2
S 88551166 284 100386 2
S 88562165 284 100389 2
S 88573164 284 100384 2
S 88584164 284 100382 2
S 88595163 284 100388 2
S 88606162 284 100385 2
S 88622161 284 100384 2
S 88633161 284 100384 2
S 88644160 284 100381 2
S 88655159 284 100381 2
S 88666159 284 100387 2
S 88677158 284 100378 2
S 88688157 284 100384 2
S 88699157 284 100379 2
S 88710156 284 100378 2
S 88721155 284 100381 2
S 88732155 284 100378 2
S 88743154 284 100381 2
S 88754153 284 100378 2
S 88765152 284 100378 2
S 88776152 284 100381 2
S 88787151 284 100378 2
S 88798150 284 100380 2
S 88809150 284 100380 2
S 88820149 284 100381 2
S 88831148 284 100381 2
S 88842148 284 100379 2
S 88853147 284 100381 2
S 88864146 284 100377 2
S 88875146 284 100380 2
S 88886145 284 100378 2
S 88897144 284 100387 2
S 88908144 284 100378 2
S 88919143 284 100385 2
S 88930142 284 100382 2
S 88941141 284 100382 2
S 88952141 284 100378 2
S 88963140 284 100385 2
S 88974139 284 100387 2
S 88985139 284 100383 2
S 88996138 284 100386 2
S 89007137 284 100381 2
S 89018137 284 100384 2
S 89029136 284 100380 2
S 89040135 284 100381 2
S 89051135 284 100378 2
S 89062134 284 100380 2
S 89073133 284 100381 2
S 89084133 284 100379 2
S 89095132 284 100380 2
S 89106131 284 100384 2
S 89117130 284 100384 2
S 89128130 284 100384 2
S 89139129 284 100384 2
S 89150128 284 100381 2
S 89161128 284 100382 2
S 89172127 284 100381 2
S 89183126 284 100384 2
S 89194126 284 100381 2
S 89205125 284 100383 2
S 89216124 284 100389 2
S 89227124 284 100381 2
S 89238123 284 100383 2
S 89249122 284 100381 2
S 89260122 284 100379 2
S 89271121 284 100383 2
S 89282120 284 100381 2
S 89293119 284 100381 2
S 89304119 284 100379 2
S 89315118 284 100378 2
S 89326117 284 100384 2
S 89337117 284 100378 2
S 89348116 284 100379 2
S 89359115 284 100383 2
S 89370115 284 100374 2
S 89381114 284 100378 2
S 89392113 284 100376 2
S 89403113 284 100378 2
S 89414112 284 100377 2
S 89425111 284 100377 2
S 89436111 284 100378 2
S 89447110 284 100384 2
S 89458109 284 100381 2
S 89469108 284 100382 2
S 89480108 284 100376 2
S 89491107 284 100380 2
S 89502106 284 100380 2
S 89513106 284 100381 2
S 89524105 284 100379 2
S 89535104 284 100380 2
S 89546104 284 100381 2
S 89557103 284 100378 2
S 89568102 284 100382 2
S 89579102 284 100384 2
S 89590101 284 100380 2
S 89601100 284 100379 2
S 89612100 284 100382 2
S 89628099 284 100387 2
S 89639098 284 100384 2
S 89650097 284 100381 2
S 89661096 284 100384 2
S 89672096 284 100386 2
S 89683095 284 100387 2
S 89694094 284 100386 2
S 89705094 284 100383 2
S 89716093 284 100390 2
S 89727092 284 100385 2
S 89738092 284 100379 2
S 89749091 284 100387 2
S 89760090 284 100384 2
S 89771090 284 100384 2
S 89782089 284 100385 2
S 89793088 284 100386 2
S 89804088 284 100384 2
S 89815087 284 100387 2
S 89826086 284 100384 2
S 89837085 284 100382 2
S 89848085 284 100387 2
S 89859084 284 100383 2
S 89870083 284 100384 2
S 89881083 284 100383 2
S 89892082 284 100383 2
S 89903081 284 100383 2
S 89914081 284 100382 2
S 89925080 284 100381 2
S 89936079 284 100380 2
S 89947079 284 100384 2
S 89958078 284 100383 2
S 89969077 284 100382 2
S 89980077 284 100384 2
S 89991076 284 100382 2
S 90002076 284 100384 2
S 90013074 284 100385 2
S 90024074 284 100384 2
S 90035073 284 100384 2
S 90046072 284 100390 2
S 90057072 284 100382 2
S 90068071 284 100382 2
S 90079070 284 100383 2
S 90090070 284 100384 2
S 90101069 284 100379 2
S 90112068 284 100382 2
S 90123068 284 100384 2
S 90134067 284 100383 2
S 90145066 284 100387 2
S 90156066 284 100386 2
S 90167065 284 100384 2
S 90178064 284 100382 2
S 90189063 284 100387 2
S 90200063 284 100388 2
S 90211062 284 100379 2
S 90222061 284 100382 2
S 90233061 284 100383 2
S 90244060 284 100387 2
S 90255059 284 100386 2
S 90266059 284 100390 2
S 90277058 284 100386 2
S 90288057 284 100390 2
S 90299057 284 100387 2
S 90310056 284 100385 2
S 90321055 284 100387 2
S 90332055 284 100387 2
S 90343054 284 100383 2
S 90354053 284 100390 2
S 90365052 284 100386 2
S 90376052 284 100380 2
S 90387051 284 100381 2
S 90398050 284 100384 2
S 90409050 284 100383 2
S 90420049 284 100384 2
S 90431048 284 100382 2
S 90442048 284 100385 2
S 90453047 284 100386 2
S 90464046 284 100391 2
S 90475046 284 100391 2
S 90486045 284 100385 2
S 90497044 284 100384 2
S 90508044 284 100383 2
S 90519043 284 100385 2
S 90530042 284 100390 2
S 90541041 284 100385 2
S 90552041 284 100396 2
S 90563040 284 100391 2
S 90574039 284 100384 2
S 90585039 284 100386 2
S 90596038 284 100388 2
S 90607037 284 100384 2
S 90618037 284 100384 2
S 90634036 284 100381 2
S 90645035 284 100382 2
S 90656034 284 100382 2
S 90667034 284 100387 2
S 90678033 284 100383 2
S 90689032 284 100386 2
S 90700032 284 100386 2
S 90711031 284 100384 2
S 90722030 284 100380 2
S 90733029 284 100383 2
S 90744029 284 100387 2
S 90755028 284 100387 2
S 90766027 284 100383 2
S 90777027 284 100382 2
S 90788026 284 100381 2
S 90799025 284 100385 2
S 90810025 284 100382 2
S 90821024 284 100381 2
S 90832023 284 100384 2
S 90843023 284 100380 2
S 90854022 284 100379 2
S 90865021 284 100387 2
S 90876021 284 100387 2
S 90887020 284 100384 2
S 90898019 284 100383 2
S 90909018 284 100387 2
S 90920018 284 100387 2
S 90931017 284 100383 2
S 90942016 284 100385 2
S 90953016 284 100379 2
S 90964015 284 100379 2
S 90975014 284 100381 2
S 90986014 284 100380 2
S 90997013 284 100384 2
S 91008012 284 100383 2
S 91019012 284 100383 2
S 91030011 284 100382 2
S 91041010 284 100385 2
S 91052010 284 100386 2
S 91063009 284 100383 2
S 91074008 284 100384 2
S 91085007 284 100386 2
S 91096007 284 100387 2
S 91107006 284 100384 2
S 91118005 284 100383 2
S 91129005 284 100380 2
S 91140004 284 100382 2
S 91151003 284 100381 2
S 91162003 284 100387 2
S 91173002 284 100378 2
S 91184001 284 100381 2
S 91195001 284 100384 2
S 91206000 284 100386 2
S 91216999 284 100384 2
S 91227999 284 100382 2
S 91238998 284 100387 2
S 91249997 284 100387 2
S 91260996 284 100384 2
S 91271996 284 100379 2
S 91282995 284 100382 2
S 91293994 284 100385 2
S 91304994 284 100385 2
S 91315993 284 100381 2
S 91326992 284 100384 2
S 91337992 284 100389 2
S 91348991 284 100388 2
S 91359990 284 100390 2
S 91370990 284 100387 2
S 91381989 284 100381 2
S 91392988 284 100383 2
S 91403988 284 100385 2
S 91414987 284 100381 2
S 91425986 284 100384 2
S 91436985 284 100383 2
S 91447985 284 100388 2
S 91458984 284 100381 2
S 91469983 284 100380 2
S 91480983 284 100381 2
S 91491982 284 100387 2
S 91502981 284 100383 2
S 91513981 284 100383 2
S 91524980 284 100385 2
S 91535979 284 100381 2
S 91546979 284 100384 2
S 91557978 284 100386 2
S 91568977 284 100389 2
S 91579977 284 100384 2
S 91590976 284 100380 2
S 91601975 284 100382 2
S 91612974 284 100383 2
S 91623974 284 100387 2
S 91639973 284 100392 2
S 91650972 284 100387 2
S 91661971 284 100388 2
S 91672971 284 100387 2
S 91683970 284 100390 2
S 91694969 284 100389 2
S 91705969 284 100384 2
S 91716968 284 100387 2
S 91727967 284 100389 2
S 91738967 284 100391 2
S 91749966 284 100387 2
S 91760965 284 100387 2
S 91771965 284 100389 2
S 91782964 284 100389 2
S 91793963 284 100389 2
S 91804962 284 100390 2
S 91815962 284 100394 2
S 91826961 284 100388 2
S 91837960 284 100392 2
S 91848960 284 100390 2
S 91859959 284 100392 2
S 91870958 284 100386 2
S 91881958 284 100394 2
S 91892957 284 100394 2
S 91903956 284 100392 2
S 91914956 284 100387 2
S 91925955 284 100393 2
S 91936954 284 100392 2
S 91947954 284 100383 2
S 91958953 284 100386 2
S 91969952 284 100390 2
S 91980951 284 100390 2
S 91991951 284 100387 2
S 92002950 284 100387 2
S 92013949 284 100386 2
S 92024949 284 100390 2
S 92035948 284 100387 2
S 92046947 284 100390 2
S 92057947 284 100387 2
S 92068946 284 100389 2
S 92079945 284 100388 2
S 92090945 284 100387 2
S 92101944 284 100385 2
S 92112943 284 100385 2
S 92123943 284 100387 2
S 92134942 284 100388 2
S 92145941 284 100387 2
S 92156940 284 100388 2
S 92167940 284 100387 2
S 92178939 284 100389 2
S 92189938 284 100393 2
S 92200938 284 100392 2
S 92211937 284 100387 2
S 92222936 284 100384 2
S 92233936 284 100387 2
S 92244935 284 100390 2
S 92255934 284 100388 2
S 92266934 284 100387 2
S 92277933 284 100386 2
S 92288932 284 100385 2
S 92299932 284 100390 2
S 92310931 284 100387 2
S 92321930 284 100387 2
S 92332929 284 100391 2
S 92343929 284 100393 2
S 92354928 284 100388 2
S 92365927 284 100388 2
S 92376927 284 100387 2
S 92387926 284 100389 2
S 92398925 284 100389 2
S 92409925 284 100393 2
S 92420924 284 100388 2
S 92431923 284 100388 2
S 92442923 284 100392 2
S 92453922 284 100390 2
S 92464921 284 100390 2
S 92475921 284 100387 2
S 92486920 284 100388 2
S 92497919 284 100389 2
S 92508918 284 100389 2
S 92519918 284 100393 2
S 92530917 284 100387 2
S 92541916 284 100392 2
S 92552916 284 100389 2
S 92563915 284 100384 2
S 92574914 284 100387 2
S 92585914 284 100385 2
S 92596913 284 100383 2
S 92607912 284 100385 2
S 92618912 284 100384 2
S 92629911 284 100385 2
S 92645910 284 100383 2
S 92656909 284 100387 2
S 92667909 284 100390 2
S 92678908 284 100384 2
S 92689907 284 100387 2
S 92700906 284 100387 2
S 92711906 284 100387 2
S 92722905 284 100394 2
S 92733904 284 100385 2
S 92744904 284 100384 2
S 92755903 284 100391 2
S 92766902 284 100387 2
S 92777902 284 100390 2
S 92788901 284 100387 2
S 92799900 284 100384 2
S 92810900 284 100383 2
S 92821899 284 100388 2
S 92832898 284 100387 2
S 92843898 284 100383 2
S 92854897 284 100382 2
S 92865896 284 100384 2
S 92876895 284 100382 2
S 92887895 284 100384 2
S 92898894 284 100384 2
S 92909893 284 100384 2
S 92920893 284 100384 2
S 92931892 284 100385 2
S 92942891 284 100384 2
S 92953891 284 100380 2
S 92964890 284 100380 2
S 92975889 284 100379 2
S 92986889 284 100380 2
S 92997888 284 100381 2
S 93008887 284 100383 2
S 93019887 284 100380 2
S 93030886 284 100378 2
S 93041885 284 100384 2
S 93052884 284 100381 2
S 93063884 284 100384 2
S 93074883 284 100384 2
S 93085882 284 100387 2
S 93096882 284 100385 2
S 93107881 284 100381 2
S 93118880 284 100385 2
S 93129880 284 100384 2
S 93140879 284 100381 2
S 93151878 284 100383 2
S 93162878 284 100384 2
S 93173877 284 100387 2
S 93184876 284 100382 2
S 93195876 284 100384 2
S 93206875 284 100383 2
S 93217874 284 100384 2
S 93228873 284 100382 2
S 93239873 284 100384 2
S 93250872 284 100393 2
S 93261871 284 100384 2
S 93272871 284 100383 2
S 93283870 284 100381 2
S 93294869 284 100381 2
S 93305869 284 100377 2
S 93316868 284 100386 2
S 93327867 284 100387 2
S 93338867 284 100379 2
S 93349866 284 100375 2
S 93360865 284 100379 2
S 93371865 284 100381 2
S 93382864 284 100385 2
S 93393863 284 100390 2
S 93404862 284 100384 2
S 93415862 284 100386 2
S 93426861 284 100384 2
S 93437860 284 100382 2
S 93448860 284 100384 2
S 93459859 284 100383 2
S 93470858 284 100384 2
S 93481858 284 100385 2
S 93492857 284 100382 2
S 93503856 284 100386 2
S 93514856 284 100384 2
S 93525855 284 100386 2
S 93536854 284 100384 2
S 93547854 284 100385 2
S 93558853 284 100391 2
S 93569852 284 100382 2
S 93580851 284 100383 2
S 93591851 284 100384 2
S 93602850 284 100383 2
S 93613849 284 100389 2
S 93624849 284 100384 2
S 93635848 284 100381 2
S 93651847 284 100384 2
S 93662846 284 100384 2
S 93673846 284 100384 2
S 93684845 284 100384 2
S 93695844 284 100384 2
S 93706844 284 100387 2
S 93717843 284 100384 2
S 93728842 284 100382 2
S 93739842 284 100381 2
S 93750841 284 100384 2
S 93761840 284 100383 2
S 93772839 284 100385 2
S 93783839 284 100385 2
S 93794838 284 100383 2
S 93805837 284 100384 2
S 93816837 284 100381 2
S 93827836 284 100384 2
S 93838835 284 100384 2
S 93849835 284 100381 2
S 93860834 284 100383 2
S 93871833 284 100381 2
S 93882833 284 100381 2
S 93893832 284 100382 2
S 93904831 284 100381 2
S 93915831 284 100381 2
S 93926830 284 100383 2
S 93937829 284 100381 2
S 93948828 284 100382 2
S 93959828 284 100382 2
S 93970827 284 100380 2
S 93981826 284 100382 2
S 93992826 284 100384 2
S 94003825 284 100381 2
S 94014824 284 100382 2
S 94025824 284 100383 2
S 94036823 284 100380 2
S 94047822 284 100384 2
S 94058822 284 100383 2
S 94069821 284 100382 2
S 94080820 284 100385 2
S 94091820 284 100380 2
S 94102819 284 100381 2
S 94113818 284 100385 2
S 94124817 284 100379 2
S 94135817 284 100382 2
S 94146816 284 100381 2
S 94157815 284 100379 2
S 94168815 284 100378 2
S 94179814 284 100380 2
S 94190813 284 100380 2
S 94201813 284 100381 2
S 94212812 284 100383 2
S 94223811 284 100384 2
S 94234811 284 100384 2
S 94245810 284 100384 2
S 94256809 284 100386 2
S 94267809 284 100382 2
S 94278808 284 100387 2
S 94289807 284 100387 2
S 94300806 284 100385 2
S 94311806 284 100385 2
S 94322805 284 100384 2
S 94333804 284 100386 2
S 94344804 284 100381 2
S 94355803 284 100387 2
S 94366802 284 100386 2
S 94377802 284 100376 2
S 94388801 284 100378 2
S 94399800 284 100384 2
S 94410800 284 100382 2
S 94421799 284 100381 2
S 94432798 284 100381 2
S 94443798 284 100381 2
S 94454797 284 100384 2
S 94465796 284 100384 2
S 94476795 284 100381 2
S 94487795 284 100383 2
S 94498794 284 100384 2
S 94509793 284 100387 2
S 94520793 284 100384 2
S 94531792 284 100384 2
S 94542791 284 100382 2
S 94553791 284 100380 2
S 94564790 284 100379 2
S 94575789 284 100380 2
S 94586789 284 100386 2
S 94597788 284 100381 2
S 94608787 284 100381 2
S 94619787 284 100379 2
S 94630786 284 100380 2
S 94641785 284 100380 2
S 94657784 284 100384 2
S 94668783 284 100384 2
S 94679783 284 100383 2
S 94690782 284 100384 2
S 94701781 284 100383 2
S 94712781 284 100387 2
S 94723780 284 100385 2
S 94734779 284 100381 2
S 94745779 284 100382 2
S 94756778 284 100382 2
S 94767777 284 100385 2
S 94778777 284 100387 2
S 94789776 284 100387 2
S 94800775 284 100382 2
S 94811775 284 100384 2
S 94822774 284 100382 2
S 94833773 284 100384 2
S 94844772 284 100382 2
S 94855772 284 100386 2
S 94866771 284 100383 2
S 94877770 284 100383 2
S 94888770 284 100382 2
S 94899769 284 100384 2
S 94910768 284 100380 2
S 94921768 284 100381 2
S 94932767 284 100381 2
S 94943766 284 100384 2
S 94954766 284 100384 2
S 94965765 284 100382 2
S 94976764 284 100383 2
S 94987764 284 100381 2
S 94998763 284 100383 2
S 95009762 284 100382 2
S 95020761 284 100378 2
S 95031761 284 100385 2
S 95042760 284 100384 2
S 95053759 284 100386 2
S 95064759 284 100384 2
S 95075758 284 100384 2
S 95086757 284 100382 2
S 95097757 284 100379 2
S 95108756 284 100382 2
S 95119755 284 100387 2
S 95130755 284 100380 2
S 95141754 284 100384 2
S 95152753 284 100385 2
S 95163753 284 100381 2
S 95174752 284 100380 2
S 95185751 284 100384 2
S 95196750 284 100385 2
S 95207750 284 100386 2
S 95218749 284 100384 2
S 95229748 284 100382 2
S 95240748 284 100384 2
S 95251747 284 100381 2
S 95262746 284 100381 2
S 95273746 284 100381 2
S 95284745 284 100374 2
S 95295744 284 100379 2
S 95306744 284 100382 2
S 95317743 284 100384 2
S 95328742 284 100381 2
S 95339742 284 100383 2
S 95350741 284 100377 2
S 95361740 284 100382 2
S 95372739 284 100383 2
S 95383739 284 100383 2
S 95394738 284 100383 2
S 95405737 284 100381 2
S 95416737 284 100380 2
S 95427736 284 100383 2
S 95438735 284 100386 2
S 95449735 284 100384 2
S 95460734 284 100384 2
S 95471733 284 100384 2
S 95482733 284 100384 2
S 95493732 284 100386 2
S 95504731 284 100383 2
S 95515731 284 100378 2
S 95526730 284 100382 2
S 95537729 284 100382 2
S 95548728 284 100380 2
S 95559728 284 100380 2
S 95570727 284 100381 2
S 95581726 284 100378 2
S 95592726 284 100383 2
S 95603725 284 100378 2
S 95614724 284 100381 2
S 95625724 284 100378 2
S 95636723 284 100383 2
S 95647722 284 100383 2
S 95663721 284 100395 2
S 95674721 284 100393 2
S 95685720 284 100390 2
S 95696719 284 100392 2
S 95707719 284 100390 2
S 95718718 284 100389 2
S 95729717 284 100391 2
S 95740716 284 100393 2
S 95751716 284 100390 2
S 95762715 284 100387 2
S 95773714 284 100389 2
S 95784714 284 100390 2
S 95795713 284 100391 2
S 95806712 284 100391 2
S 95817712 284 100392 2
S 95828711 284 100390 2
S 95839710 284 100388 2
S 95850710 284 100390 2
S 95861709 284 100388 2
S 95872708 284 100388 2
S 95883708 284 100388 2
S 95894707 284 100391 2
S 95905706 284 100393 2
S 95916705 284 100392 2
S 95927705 284 100393 2
S 95938704 284 100393 2
S 95949703 284 100390 2
S 95960703 284 100388 2
S 95971702 284 100391 2
S 95982701 284 100387 2
S 95993701 284 100389 2
S 96004700 284 100390 2
S 96015699 284 100390 2
S 96026699 284 100391 2
S 96037698 284 100393 2
S 96048697 284 100393 2
S 96059697 284 100394 2
S 96070696 284 100394 2
S 96081695 284 100388 2
S 96092694 284 100396 2
S 96103694 284 100391 2
S 96114693 284 100395 2
S 96125692 284 100391 2
S 96136692 284 100394 2
S 96147691 284 100391 2
S 96158690 284 100395 2
S 96169690 284 100396 2
S 96180689 284 100393 2
S 96191688 284 100393 2
S 96202688 284 100396 2
S 96213687 284 100392 2
S 96224686 284 100393 2
S 96235686 284 100396 2
S 96246685 284 100390 2
S 96257684 284 100390 2
S 96268683 284 100389 2
S 96279683 284 100392 2
S 96290682 284 100391 2
S 96301681 284 100394 2
S 96312681 284 100391 2
S 96323680 284 100393 2
S 96334679 284 100391 2
S 96345679 284 100389 2
S 96356678 284 100394 2
S 96367677 284 100392 2
S 96378677 284 100390 2
S 96389676 284 100389 2
S 96400675 284 100394 2
S 96411675 284 100390 2
S 96422674 284 100391 2
S 96433673 284 100393 2
S 96444672 284 100389 2
S 96455672 284 100390 2
S 96466671 284 100391 2
S 96477670 284 100392 2
S 96488670 284 100391 2
S 96499669 284 100392 2
S 96510668 284 100392 2
S 96521668 284 100391 2
S 96532667 284 100390 2
S 96543666 284 100390 2
S 96554666 284 100392 2
S 96565665 284 100390 2
S 96576664 284 100390 2
S 96587664 284 100390 2
S 96598663 284 100390 2
S 96609662 284 100391 2
S 96620661 284 100391 2
S 96631661 284 100393 2
S 96642660 284 100390 2
S 96653659 284 100393 2
S 96669658 284 100396 2
S 96680658 284 100388 2
S 96691657 284 100390 2
S 96702656 284 100391 2
S 96713656 284 100389 2
S 96724655 284 100387 2
S 96735654 284 100393 2
S 96746654 284 100390 2
S 96757653 284 100390 2
S 96768652 284 100391 2
S 96779652 284 100387 2
S 96790651 284 100389 2
S 96801650 284 100393 2
S 96812649 284 100393 2
S 96823649 284 100392 2
S 96834648 284 100393 2
S 96845647 284 100392 2
S 96856647 284 100391 2
S 96867646 284 100389 2
S 96878645 284 100390 2
S 96889645 284 100393 2
S 96900644 284 100390 2
S 96911643 284 100391 2
S 96922643 284 100388 2
S 96933642 284 100389 2
S 96944641 284 100381 2
S 96955641 284 100384 2
S 96966640 284 100386 2
S 96977639 284 100391 2
S 96988638 284 100388 2
S 96999638 284 100389 2
S 97010637 284 100389 2
S 97021636 284 100387 2
S 97032636 284 100390 2
S 97043635 284 100387 2
S 97054634 284 100390 2
S 97065634 284 100389 2
S 97076633 284 100392 2
S 97087632 284 100389 2
S 97098632 284 100390 2
S 97109631 284 100389 2
S 97120630 284 100386 2
S 97131630 284 100387 2
S 97142629 284 100390 2
S 97153628 284 100389 2
S 97164627 284 100388 2
S 97175627 284 100389 2
S 97186626 284 100387 2
S 97197625 284 100389 2
S 97208625 284 100391 2
S 97219624 284 100387 2
S 97230623 284 100389 2
S 97241623 284 100387 2
S 97252622 284 100390 2
S 97263621 284 100389 2
S 97274621 284 100387 2
S 97285620 284 100389 2
S 97296619 284 100387 2
S 97307619 284 100391 2
S 97318618 284 100387 2
S 97329617 284 100385 2
S 97340616 284 100386 2
S 97351616 284 100387 2
S 97362615 284 100387 2
S 97373614 284 100390 2
S 97384614 284 100384 2
S 97395613 284 100386 2
S 97406612 284 100387 2
S 97417612 284 100391 2
S 97428611 284 100395 2
S 97439610 284 100389 2
S 97450610 284 100388 2
S 97461609 284 100389 2
S 97472608 284 100390 2
S 97483608 284 100392 2
S 97494607 284 100391 2
S 97505606 284 100389 2
S 97516605 284 100391 2
S 97527605 284 100388 2
S 97538604 284 100390 2
S 97549603 284 100391 2
S 97560603 284 100390 2
S 97571602 284 100388 2
S 97582601 284 100390 2
S 97593601 284 100387 2
S 97604600 284 100387 2
S 97615599 284 100384 2
S 97626599 284 100391 2
S 97637598 284 100392 2
S 97648597 284 100394 2
S 97659597 284 100394 2
S 97675596 284 100393 2
S 97686595 284 100387 2
S 97697594 284 100389 2
S 97708593 284 100391 2
S 97719593 284 100389 2
S 97730592 284 100389 2
S 97741591 284 100391 2
S 97752591 284 100391 2
S 97763590 284 100387 2
S 97774589 284 100393 2
S 97785589 284 100385 2
S 97796588 284 100387 2
S 97807587 284 100391 2
S 97818587 284 100389 2
S 97829586 284 100386 2
S 97840585 284 100384 2
S 97851585 284 100390 2
S 97862584 284 100390 2
S 97873583 284 100392 2
S 97884582 284 100388 2
S 97895582 284 100386 2
S 97906581 284 100381 2
S 97917580 284 100381 2
S 97928580 284 100386 2
S 97939579 284 100390 2
S 97950578 284 100386 2
S 97961578 284 100384 2
S 97972577 284 100381 2
S 97983576 284 100387 2
S 97994576 284 100390 2
S 98005575 284 100387 2
S 98016574 284 100387 2
S 98027574 284 100383 2
S 98038573 284 100387 2
S 98049572 284 100382 2
S 98060571 284 100386 2
S 98071571 284 100383 2
S 98082570 284 100388 2
S 98093569 284 100390 2
S 98104569 284 100391 2
S 98115568 284 100386 2
S 98126567 284 100383 2
S 98137567 284 100384 2
S 98148566 284 100387 2
S 98159565 284 100388 2
S 98170565 284 100387 2
S 98181564 284 100387 2
S 98192563 284 100387 2
S 98203563 284 100383 2
S 98214562 284 100385 2
S 98225561 284 100385 2
S 98236560 284 100380 2
S 98247560 284 100383 2
S 98258559 284 100384 2
S 98269558 284 100385 2
S 98280558 284 100382 2
S 98291557 284 100387 2
S 98302556 284 100389 2
S 98313556 284 100385 2
S 98324555 284 100389 2
S 98335554 284 100386 2
S 98346554 284 100388 2
S 98357553 284 100384 2
S 98368552 284 100389 2
S 98379552 284 100384 2
S 98390551 284 100387 2
S 98401550 284 100384 2
S 98412549 284 100382 2
S 98423549 284 100384 2
S 98434548 284 100383 2
S 98445547 284 100381 2
S 98456547 284 100387 2
S 98467546 284 100385 2
S 98478545 284 100384 2
S 98489545 284 100381 2
S 98500544 284 100384 2
S 98511543 284 100382 2
S 98522543 284 100386 2
S 98533542 284 100379 2
S 98544541 284 100384 2
S 98555541 284 100381 2
S 98566540 284 100381 2
S 98577539 284 100385 2
S 98588538 284 100382 2
S 98599538 284 100383 2
S 98610537 284 100384 2
S 98621536 284 100386 2
S 98632536 284 100384 2
S 98643535 284 100384 2
S 98654534 284 100384 2
S 98665534 284 100381 2
S 98681533 284 100387 2
S 98692532 284 100381 2
S 98703531 284 100386 2
S 98714531 284 100386 2
S 98725530 284 100390 2
S 98736529 284 100387 2
S 98747529 284 100386 2
S 98758528 284 100387 2
S 98769527 284 100385 2
S 98780526 284 100386 2
S 98791526 284 100387 2
S 98802525 284 100384 2
S 98813524 284 100387 2
S 98824524 284 100385 2
S 98835523 284 100381 2
S 98846522 284 100384 2
S 98857522 284 100386 2
S 98868521 284 100385 2
S 98879520 284 100383 2
S 98890520 284 100381 2
S 98901519 284 100383 2
S 98912518 284 100384 2
S 98923518 284 100385 2
S 98934517 284 100379 2
S 98945516 284 100381 2
S 98956515 284 100381 2
S 98967515 284 100381 2
S 98978514 284 100384 2
S 98989513 284 100384 2
S 99000514 284 100381 2
S 99011512 284 100383 2
S 99022511 284 100380 2
S 99033511 284 100384 2
S 99044510 284 100381 2
S 99055509 284 100384 2
S 99066509 284 100384 2
S 99077508 284 100384 2
S 99088507 284 100384 2
S 99099507 284 100389 2
S 99110506 284 100386 2
S 99121505 284 100384 2
S 99132504 284 100390 2
S 99143504 284 100388 2
S 99154503 284 100388 2
S 99165502 284 100387 2
S 99176502 284 100388 2
S 99187501 284 100384 2
S 99198500 284 100386 2
S 99209500 284 100385 2
S 99220499 284 100384 2
S 99231498 284 100382 2
S 99242498 284 100383 2
S 99253497 284 100384 2
S 99264496 284 100384 2
S 99275496 284 100386 2
S 99286495 284 100385 2
S 99297494 284 100384 2
S 99308493 284 100387 2
S 99319493 284 100385 2
S 99330492 284 100387 2
S 99341491 284 100387 2
S 99352491 284 100390 2
S 99363490 284 100385 2
S 99374489 284 100387 2
S 99385489 284 100387 2
S 99396488 284 100384 2
S 99407487 284 100383 2
S 99418487 284 100382 2
S 99429486 284 100379 2
S 99440485 284 100381 2
S 99451485 284 100383 2
S 99462484 284 100382 2
S 99473483 284 100381 2
S 99484482 284 100377 2
S 99495482 284 100384 2
S 99506481 284 100380 2
S 99517480 284 100384 2
S 99528480 284 100381 2
S 99539479 284 100387 2
S 99550478 284 100386 2
S 99561478 284 100386 2
S 99572477 284 100386 2
S 99583476 284 100386 2
S 99594476 284 100385 2
S 99605475 284 100382 2
S 99616474 284 100381 2
S 99627474 284 100387 2
S 99638473 284 100386 2
S 99649472 284 100387 2
S 99660471 284 100390 2
S 99671471 284 100390 2
S 99687470 284 100393 2
S 99698469 284 100392 2
S 99709468 284 100387 2
S 99720468 284 100393 2
S 99731467 284 100389 2
S 99742466 284 100392 2
S 99753466 284 100388 2
S 99764465 284 100386 2
S 99775464 284 100387 2
S 99786464 284 100386 2
S 99797463 284 100389 2
S 99808462 284 100388 2
S 99819462 284 100392 2
S 99830461 284 100392 2
S 99841460 284 100396 2
S 99852459 284 100395 2
S 99863459 284 100391 2
S 99874458 284 100393 2
S 99885457 284 100390 2
S 99896457 284 100389 2
S 99907456 284 100386 2
S 99918455 284 100387 2
S 99929455 284 100387 2
S 99940454 284 100390 2
S 99951453 284 100392 2
S 99962453 284 100387 2
S 99973452 284 100385 2
S 99984451 284 100392 2
S 99995451 284 100393 2
S 100006450 284 100388 2
S 100017449 284 100388 2
S 100028448 284 100390 2
S 100039448 284 100384 2
S 100050447 284 100384 2
S 100061446 284 100387 2
S 100072446 284 100389 2
S 100083445 284 100391 2
S 100094444 284 100393 2
S 100105444 284 100393 2
S 100116443 284 100393 2
S 100127442 284 100392 2
S 100138442 284 100392 2
S 100149441 284 100390 2
S 100160440 284 100389 2
S 100171440 284 100390 2
S 100182439 284 100392 2
S 100193438 284 100392 2
S 100204437 284 100390 2
S 100215437 284 100386 2
S 100226436 284 100388 2
S 100237435 284 100389 2
S 100248435 284 100389 2
S 100259434 284 100392 2
S 100270433 284 100390 2
S 100281433 284 100389 2
S 100292432 284 100390 2
S 100303431 284 100387 2
S 100314431 284 100390 2
S 100325430 284 100387 2
S 100336429 284 100385 2
S 100347429 284 100391 2
S 100358428 284 100389 2
S 100369427 284 100391 2
S 100380426 284 100391 2
S 100391426 284 100387 2
S 100402425 284 100384 2
S 100413424 284 100389 2
S 100424424 284 100386 2
S 100435423 284 100390 2
S 100446422 284 100389 2
S 100457422 284 100386 2
S 100468421 284 100386 2
S 100479420 284 100386 2
S 100490420 284 100389 2
S 100501419 284 100387 2
S 100512418 284 100387 2
S 100523418 284 100386 2
S 100534417 284 100387 2
S 100545416 284 100390 2
S 100556415 284 100384 2
S 100567415 284 100384 2
S 100578414 284 100382 2
S 100589413 284 100385 2
S 100600413 284 100389 2
S 100611412 284 100387 2
S 100622411 284 100388 2
S 100633411 284 100384 2
S 100644410 284 100387 2
S 100655409 284 100385 2
S 100666409 284 100386 2
S 100677408 284 100386 2
S 100693407 284 100391 2
S 100704406 284 100387 2
S 100715406 284 100386 2
S 100726405 284 100384 2
S 100737404 284 100384 2
S 100748403 284 100390 2
S 100759403 284 100384 2
S 100770402 284 100384 2
S 100781401 284 100389 2
S 100792401 284 100387 2
S 100803400 284 100387 2
S 100814399 284 100390 2
S 100825399 284 100390 2
S 100836398 284 100385 2
S 100847397 284 100388 2
S 100858397 284 100390 2
S 100869396 284 100389 2
S 100880395 284 100384 2
S 100891395 284 100383 2
S 100902394 284 100390 2
S 100913393 284 100389 2
S 100924392 284 100387 2
S 100935392 284 100389 2
S 100946391 284 100387 2
S 100957390 284 100388 2
S 100968390 284 100391 2
S 100979389 284 100387 2
S 100990388 284 100387 2
S 101001388 284 100387 2
S 101012387 284 100388 2
S 101023386 284 100390 2
S 101034386 284 100390 2
S 101045385 284 100386 2
S 101056384 284 100384 2
S 101067384 284 100388 2
S 101078383 284 100385 2
S 101089382 284 100391 2
S 101100381 284 100387 2
S 101111381 284 100387 2
S 101122380 284 100392 2
S 101133379 284 100389 2
S 101144379 284 100391 2
S 101155378 284 100389 2
S 101166377 284 100388 2
S 101177377 284 100386 2
S 101188376 284 100389 2
S 101199375 284 100385 2
S 101210375 284 100389 2
S 101221374 284 100389 2
S 101232373 284 100386 2
S 101243373 284 100385 2
S 101254372 284 100390 2
S 101265371 284 100390 2
S 101276370 284 100381 2
S 101287370 284 100387 2
S 101298369 284 100385 2
S 101309368 284 100387 2
S 101320368 284 100390 2
S 101331367 284 100387 2
S 101342366 284 100389 2
S 101353366 284 100390 2
S 101364365 284 100387 2
S 101375364 284 100392 2
S 101386364 284 100390 2
S 101397363 284 100391 2
S 101408362 284 100390 2
S 101419362 284 100389 2
S 101430361 284 100394 2
S 101441360 284 100389 2
S 101452359 284 100390 2
S 101463359 284 100389 2
S 101474358 284 100391 2
S 101485357 284 100385 2
S 101496357 284 100387 2
S 101507356 284 100385 2
S 101518355 284 100385 2
S 101529355 284 100388 2
S 101540354 284 100392 2
S 101551353 284 100383 2
S 101562353 284 100385 2
S 101573352 284 100387 2
S 101584351 284 100387 2
S 101595351 284 100390 2
S 101606350 284 100383 2
S 101617349 284 100386 2
S 101628348 284 100381 2
S 101639348 284 100387 2
S 101650347 284 100390 2
S 101661346 284 100381 2
S 101672346 284 100387 2
S 101683345 284 100389 2
S 101699344 284 100387 2
S 101710343 284 100386 2
S 101721343 284 100387 2
S 101732342 284 100390 2
S 101743341 284 100385 2
S 101754341 284 100388 2
S 101765340 284 100387 2
S 101776339 284 100387 2
S 101787339 284 100388 2
S 101798338 284 100386 2
S 101809337 284 100387 2
S 101820336 284 100384 2
S 101831336 284 100382 2
S 101842335 284 100387 2
S 101853334 284 100381 2
S 101864334 284 100387 2
S 101875333 284 100384 2
S 101886332 284 100383 2
S 101897332 284 100384 2
S 101908331 284 100387 2
S 101919330 284 100392 2
S 101930330 284 100386 2
S 101941329 284 100387 2
S 101952328 284 100384 2
S 101963328 284 100381 2
S 101974327 284 100382 2
S 101985326 284 100376 2
S 101996325 284 100379 2
S 102007325 284 100382 2
S 102018324 284 100382 2
S 102029323 284 100381 2
S 102040323 284 100383 2
S 102051322 284 100388 2
S 102062321 284 100384 2
S 102073321 284 100384 2
S 102084320 284 100384 2
S 102095319 284 100383 2
S 102106319 284 100386 2
S 102117318 284 100386 2
S 102128317 284 100387 2
S 102139317 284 100386 2
S 102150316 284 100387 2
S 102161315 284 100386 2
S 102172314 284 100379 2
S 102183314 284 100381 2
S 102194313 284 100384 2
S 102205312 284 100384 2
S 102216312 284 100387 2
S 102227311 284 100386 2
S 102238310 284 100387 2
S 102249310 284 100387 2
S 102260309 284 100387 2
S 102271308 284 100390 2
S 102282308 284 100388 2
S 102293307 284 100392 2
S 102304306 284 100388 2
S 102315306 284 100387 2
S 102326305 284 100390 2
S 102337304 284 100386 2
S 102348303 284 100390 2
S 102359303 284 100391 2
S 102370302 284 100390 2
S 102381301 284 100392 2
S 102392301 284 100389 2
S 102403300 284 100391 2
S 102414299 284 100387 2
S 102425299 284 100392 2
S 102436298 284 100387 2
S 102447297 284 100387 2
S 102458297 284 100389 2
S 102469296 284 100382 2
S 102480295 284 100386 2
S 102491295 284 100385 2
S 102502294 284 100389 2
S 102513293 284 100387 2
S 102524292 284 100388 2
S 102535292 284 100387 2
S 102546291 284 100388 2
S 102557290 284 100388 2
S 102568290 284 100387 2
S 102579289 284 100390 2
S 102590288 284 100391 2
S 102601288 284 100391 2
S 102612287 284 100393 2
S 102623286 284 100388 2
S 102634286 284 100390 2
S 102645285 284 100391 2
S 102656284 284 100393 2
S 102667284 284 100389 2
S 102678283 284 100387 2
S 102689282 284 100389 2
S 102705281 284 100384 2
S 102716280 284 100385 2
S 102727280 284 100390 2
S 102738279 284 100388 2
S 102749278 284 100384 2
S 102760278 284 100389 2
S 102771277 284 100385 2
S 102782276 284 100387 2
S 102793276 284 100392 2
S 102804275 284 100388 2
S 102815274 284 100386 2
S 102826274 284 100388 2
S 102837273 284 100387 2
S 102848272 284 100382 2
S 102859272 284 100384 2
S 102870271 284 100390 2
S 102881270 284 100387 2
S 102892269 284 100383 2
S 102903269 284 100389 2
S 102914268 284 100390 2
S 102925267 284 100379 2
S 102936267 284 100382 2
S 102947266 284 100385 2
S 102958265 284 100384 2
S 102969265 284 100387 2
S 102980264 284 100388 2
S 102991263 284 100387 2
S 103002263 284 100390 2
S 103013262 284 100388 2
S 103024261 284 100392 2
S 103035261 284 100387 2
S 103046260 284 100391 2
S 103057259 284 100387 2
S 103068258 284 100392 2
S 103079258 284 100386 2
S 103090257 284 100387 2
S 103101256 284 100387 2
S 103112256 284 100390 2
S 103123255 284 100388 2
S 103134254 284 100386 2
S 103145254 284 100385 2
S 103156253 284 100386 2
S 103167252 284 100384 2
S 103178252 284 100389 2
S 103189251 284 100386 2
S 103200250 284 100384 2
S 103211250 284 100384 2
S 103222249 284 100382 2
S 103233248 284 100379 2
S 103244247 284 100383 2
S 103255247 284 100380 2
S 103266246 284 100382 2
S 103277245 284 100385 2
S 103288245 284 100385 2
S 103299244 284 100383 2
S 103310243 284 100390 2
S 103321243 284 100388 2
S 103332242 284 100383 2
S 103343241 284 100383 2
S 103354241 284 100381 2
S 103365240 284 100385 2
S 103376239 284 100387 2
S 103387239 284 100385 2
S 103398238 284 100386 2
S 103409237 284 100386 2
S 103420236 284 100386 2
S 103431236 284 100385 2
S 103442235 284 100386 2
S 103453234 284 100385 2
S 103464234 284 100379 2
S 103475233 284 100385 2
S 103486232 284 100384 2
S 103497232 284 100384 2
S 103508231 284 100383 2
S 103519230 284 100385 2
S 103530230 284 100381 2
S 103541229 284 100380 2
S 103552228 284 100376 2
S 103563228 284 100379 2
S 103574227 284 100384 2
S 103585226 284 100379 2
S 103596225 284 100379 2
S 103607225 284 100382 2
S 103618224 284 100386 2
S 103629223 284 100379 2
S 103640223 284 100384 2
S 103651222 284 100384 2
S 103662221 284 100386 2
S 103673221 284 100385 2
S 103684220 284 100380 2
S 103695219 284 100387 2
S 103711218 284 100383 2
S 103722218 284 100385 2
S 103733217 284 100387 2
S 103744216 284 100382 2
S 103755216 284 100385 2
S 103766215 284 100385 2
S 103777214 284 100385 2
S 103788213 284 100387 2
S 103799213 284 100390 2
S 103810212 284 100381 2
S 103821211 284 100390 2
S 103832211 284 100389 2
S 103843210 284 100385 2
S 103854209 284 100390 2
S 103865209 284 100386 2
S 103876208 284 100386 2
S 103887207 284 100387 2
S 103898207 284 100387 2
S 103909206 284 100386 2
S 103920205 284 100387 2
S 103931205 284 100387 2
S 103942204 284 100391 2
S 103953203 284 100386 2
S 103964202 284 100386 2
S 103975202 284 100389 2
S 103986201 284 100390 2
S 103997200 284 100387 2
S 104008200 284 100389 2
S 104019199 284 100387 2
S 104030198 284 100386 2
S 104041198 284 100390 2
S 104052197 284 100384 2
S 104063196 284 100387 2
S 104074196 284 100390 2
S 104085195 284 100386 2
S 104096194 284 100386 2
S 104107194 284 100387 2
S 104118193 284 100389 2
S 104129192 284 100386 2
S 104140191 284 100383 2
S 104151191 284 100381 2
S 104162190 284 100381 2
S 104173189 284 100381 2
S 104184189 284 100385 2
S 104195188 284 100386 2
S 104206187 284 100384 2
S 104217187 284 100391 2
S 104228186 284 100378 2
S 104239185 284 100387 2
S 104250185 284 100384 2
S 104261184 284 100384 2
S 104272183 284 100381 2
S 104283183 284 100386 2
S 104294182 284 100387 2
S 104305181 284 100381 2
S 104316180 284 100379 2
S 104327180 284 100381 2
S 104338179 284 100380 2
S 104349178 284 100379 2
S 104360178 284 100383 2
S 104371177 284 100382 2
S 104382176 284 100382 2
S 104393176 284 100387 2
S 104404175 284 100383 2
S 104415174 284 100388 2
S 104426174 284 100385 2
S 104437173 284 100382 2
S 104448172 284 100383 2
S 104459172 284 100386 2
S 104470171 284 100380 2
S 104481170 284 100382 2
S 104492169 284 100379 2
S 104503169 284 100378 2
S 104514168 284 100374 2
S 104525167 284 100373 2
S 104536167 284 100378 2
S 104547166 284 100381 2
S 104558165 284 100380 2
S 104569165 284 100377 2
S 104580164 284 100381 2
S 104591163 284 100387 2
S 104602163 284 100381 2
S 104613162 284 100384 2
S 104624161 284 100378 2
S 104635161 284 100384 2
S 104646160 284 100380 2
S 104657159 284 100385 2
S 104668158 284 100378 2
S 104679158 284 100380 2
S 104690157 284 100376 2
S 104701156 284 100381 2
S 104717155 285 100387 2
S 104728155 285 100385 2
S 104739154 285 100384 2
S 104750153 285 100379 2
S 104761153 285 100381 2
S 104772152 285 100383 2
S 104783151 285 100381 2
S 104794151 285 100384 2
S 104805150 285 100384 2
S 104816149 285 100379 2
S 104827149 285 100386 2
S 104838148 285 100382 2
S 104849147 285 100379 2
S 104860146 285 100387 2
S 104871146 285 100386 2
S 104882145 285 100380 2
S 104893144 285 100381 2
S 104904144 285 100386 2
S 104915143 285 100384 2
S 104926142 285 100382 2
S 104937142 285 100382 2
S 104948141 285 100380 2
S 104959140 285 100376 2
S 104970140 285 100379 2
S 104981139 285 100379 2
S 104992138 285 100380 2
S 105003138 285 100383 2
S 105014137 285 100382 2
S 105025136 285 100381 2
S 105036135 285 100386 2
S 105047135 285 100384 2
S 105058134 285 100384 2
S 105069133 285 100382 2
S 105080133 285 100383 2
S 105091132 285 100379 2
S 105102131 285 100377 2
S 105113131 285 100381 2
S 105124130 285 100380 2
S 105135129 285 100382 2
S 105146129 285 100379 2
S 105157128 285 100382 2
S 105168127 285 100382 2
S 105179127 285 100380 2
S 105190126 285 100379 2
S 105201125 285 100380 2
S 105212124 285 100379 2
S 105223124 285 100381 2
S 105234123 285 100379 2
S 105245122 285 100383 2
S 105256122 285 100381 2
S 105267121 285 100386 2
S 105278120 285 100381 2
S 105289120 285 100379 2
S 105300119 285 100378 2
S 105311118 285 100378 2
S 105322118 285 100385 2
S 105333117 285 100384 2
S 105344116 285 100382 2
S 105355116 285 100379 2
S 105366115 285 100383 2
S 105377114 285 100379 2
S 105388113 285 100379 2
S 105399113 285 100386 2
S 105410112 285 100382 2
S 105421111 285 100382 2
S 105432111 285 100384 2
S 105443110 285 100387 2
S 105454109 285 100383 2
S 105465109 285 100379 2
S 105476108 285 100385 2
S 105487107 285 100382 2
S 105498107 285 100379 2
S 105509106 285 100382 2
S 105520105 285 100382 2
S 105531105 285 100382 2
S 105542104 285 100381 2
S 105553103 285 100381 2
S 105564102 285 100382 2
S 105575102 285 100381 2
S 105586101 285 100383 2
S 105597100 285 100381 2
S 105608100 285 100382 2
S 105619099 285 100379 2
S 105630098 285 100381 2
S 105641098 285 100379 2
S 105652097 285 100376 2
S 105663096 285 100382 2
S 105674096 285 100382 2
S 105685095 285 100384 2
S 105696094 285 100390 2
S 105707094 285 100387 2
S 105723093 285 100386 2
S 105734092 285 100387 2
S 105745091 285 100382 2
S 105756090 285 100380 2
S 105767090 285 100388 2
S 105778089 285 100380 2
S 105789088 285 100378 2
S 105800088 285 100382 2
S 105811087 285 100382 2
S 105822086 285 100379 2
S 105833086 285 100382 2
S 105844085 285 100384 2
S 105855084 285 100384 2
S 105866084 285 100384 2
S 105877083 285 100386 2
S 105888082 285 100379 2
S 105899082 285 100379 2
S 105910081 285 100379 2
S 105921080 285 100382 2
S 105932079 285 100383 2
S 105943079 285 100385 2
S 105954078 285 100379 2
S 105965077 285 100386 2
S 105976077 285 100382 2
S 105987076 285 100380 2
S 105998075 285 100388 2
S 106009075 285 100382 2
S 106020074 285 100383 2
S 106031073 285 100387 2
S 106042073 285 100384 2
S 106053072 285 100381 2
S 106064071 285 100380 2
S 106075071 285 100380 2
S 106086070 285 100384 2
S 106097069 285 100381 2
S 106108068 285 100381 2
S 106119068 285 100382 2
S 106130067 285 100380 2
S 106141066 285 100382 2
S 106152066 285 100381 2
S 106163065 285 100384 2
S 106174064 285 100385 2
S 106185064 285 100381 2
S 106196063 285 100383 2
S 106207062 285 100387 2
S 106218062 285 100384 2
S 106229061 285 100382 2
S 106240060 285 100382 2
S 106251060 285 100385 2
S 106262059 285 100385 2
S 106273058 285 100384 2
S 106284057 285 100383 2
S 106295057 285 100387 2
S 106306056 285 100389 2
S 106317055 285 100386 2
S 106328055 285 100381 2
S 106339054 285 100381 2
S 106350053 285 100379 2
S 106361053 285 100384 2
S 106372052 285 100393 2
S 106383051 285 100385 2
S 106394051 285 100383 2
S 106405050 285 100383 2
S 106416049 285 100376 2
S 106427049 285 100377 2
S 106438048 285 100381 2
S 106449047 285 100384 2
S 106460046 285 100381 2
S 106471046 285 100379 2
S 106482045 285 100383 2
S 106493044 285 100384 2
S 106504044 285 100390 2
S 106515043 285 100389 2
S 106526042 285 100383 2
S 106537042 285 100384 2
S 106548041 285 100384 2
S 106559040 285 100384 2
S 106570040 285 100383 2
S 106581039 285 100385 2
S 106592038 285 100382 2
S 106603038 285 100383 2
S 106614037 285 100382 2
S 106625036 285 100386 2
S 106636035 285 100382 2
S 106647035 285 100382 2
S 106658034 285 100382 2
S 106669033 285 100380 2
S 106680033 285 100386 2
S 106691032 285 100383 2
S 106702031 285 100383 2
S 106713031 285 100384 2
S 106729030 285 100384 2
S 106740029 285 100379 2
S 106751028 285 100381 2
S 106762028 285 100385 2
S 106773027 285 100380 2
S 106784026 285 100384 2
S 106795026 285 100387 2
S 106806025 285 100389 2
S 106817024 285 100384 2
S 106828023 285 100383 2
S 106839023 285 100378 2
S 106850022 285 100381 2
S 106861021 285 100384 2
S 106872021 285 100380 2
S 106883020 285 100378 2
S 106894019 285 100377 2
S 106905019 285 100383 2
S 106916018 285 100379 2
S 106927017 285 100382 2
S 106938017 285 100383 2
S 106949016 285 100379 2
S 106960015 285 100379 2
S 106971015 285 100379 2
S 106982014 285 100379 2
S 106993013 285 100379 2
S 107004012 285 100376 2
S 107015012 285 100383 2
S 107026011 285 100381 2
S 107037010 285 100377 2
S 107048010 285 100378 2
S 107059009 285 100383 2
S 107070008 285 100380 2
S 107081008 285 100382 2
S 107092007 285 100384 2
S 107103006 285 100380 2
S 107114006 285 100383 2
S 107125005 285 100379 2
S 107136004 285 100382 2
S 107147004 285 100380 2
S 107158003 285 100384 2
S 107169002 285 100379 2
S 107180001 285 100380 2
S 107191001 285 100376 2
S 107202000 285 100378 2
S 107212999 285 100381 2
S 107223999 285 100378 2
S 107234998 285 100384 2
S 107245997 285 100382 2
S 107256997 285 100379 2
S 107267996 285 100378 2
S 107278995 285 100382 2
S 107289995 285 100384 2
S 107300994 285 100384 2
S 107311993 285 100389 2
S 107322993 285 100384 2
S 107333992 285 100382 2
S 107344991 285 100376 2
S 107355990 285 100376 2
S 107366990 285 100381 2
S 107377989 285 100378 2
S 107388988 285 100382 2
S 107399988 285 100380 2
S 107410987 285 100384 2
S 107421986 285 100382 2
S 107432986 285 100378 2
S 107443985 285 100379 2
S 107454984 285 100379 2
S 107465984 285 100378 2
S 107476983 285 100375 2
S 107487982 285 100376 2
S 107498982 285 100380 2
S 107509981 285 100376 2
S 107520980 285 100378 2
S 107531979 285 100376 2
S 107542979 285 100376 2
S 107553978 285 100375 2
S 107564977 285 100377 2
S 107575977 285 100379 2
S 107586976 285 100384 2
S 107597975 285 100382 2
S 107608975 285 100381 2
S 107619974 285 100376 2
S 107630973 285 100377 2
S 107641973 285 100379 2
S 107652972 285 100379 2
S 107663971 285 100378 2
S 107674971 285 100381 2
S 107685970 285 100382 2
S 107696969 285 100386 2
S 107707968 285 100376 2
S 107718968 285 100384 2
S 107734967 285 100379 2
S 107745966 285 100381 2
S 107756965 285 100382 2
S 107767965 285 100388 2
S 107778964 285 100384 2
S 107789963 285 100382 2
S 107800963 285 100382 2
S 107811962 285 100379 2
S 107822961 285 100384 2
S 107833961 285 100380 2
S 107844960 285 100382 2
S 107855959 285 100382 2
S 107866959 285 100379 2
S 107877958 285 100383 2
S 107888957 285 100382 2
S 107899956 285 100378 2
S 107910956 285 100379 2
S 107921955 285 100379 2
S 107932954 285 100377 2
S 107943954 285 100382 2
S 107954953 285 100375 2
S 107965952 285 100380 2
S 107976952 285 100379 2
S 107987951 285 100376 2
S 107998950 285 100376 2
S 108009950 285 100379 2
S 108020949 285 100376 2
S 108031948 285 100378 2
S 108042948 285 100378 2
S 108053947 285 100378 2
S 108064946 285 100378 2
S 108075945 285 100379 2
S 108086945 285 100377 2
S 108097944 285 100379 2
S 108108943 285 100377 2
S 108119943 285 100379 2
S 108130942 285 100376 2
S 108141941 285 100377 2
S 108152941 285 100382 2
S 108163940 285 100377 2
S 108174939 285 100376 2
S 108185939 285 100382 2
S 108196938 285 100380 2
S 108207937 285 100379 2
S 108218937 285 100380 2
S 108229936 285 100381 2
S 108240935 285 100377 2
S 108251934 285 100376 2
S 108262934 285 100376 2
S 108273933 285 100378 2
S 108284932 285 100377 2
S 108295932 285 100379 2
S 108306931 285 100382 2
S 108317930 285 100378 2
S 108328930 285 100373 2
S 108339929 285 100379 2
S 108350928 285 100378 2
S 108361928 285 100377 2
S 108372927 285 100376 2
S 108383926 285 100381 2
S 108394926 285 100379 2
S 108405925 285 100376 2
S 108416924 285 100376 2
S 108427923 285 100375 2
S 108438923 285 100379 2
S 108449922 285 100377 2
S 108460921 285 100380 2
S 108471921 285 100382 2
S 108482920 285 100378 2
S 108493919 285 100380 2
S 108504919 285 100381 2
S 108515918 285 100377 2
S 108526917 285 100376 2
S 108537917 285 100376 2
S 108548916 285 100376 2
S 108559915 285 100377 2
S 108570915 285 100377 2
S 108581914 285 100375 2
S 108592913 285 100377 2
S 108603912 285 100377 2
S 108614912 285 100378 2
S 108625911 285 100381 2
S 108636910 285 100379 2
S 108647910 285 100379 2
S 108658909 285 100385 2
S 108669908 285 100379 2
S 108680908 285 100379 2
S 108691907 285 100379 2
S 108702906 285 100384 2
S 108713906 285 100379 2
S 108724905 285 100379 2
S 108740904 285 100384 2
S 108751903 285 100387 2
S 108762903 285 100384 2
S 108773902 285 100382 2
S 108784901 285 100379 2
S 108795900 285 100383 2
S 108806900 285 100384 2
S 108817899 285 100381 2
S 108828898 285 100378 2
S 108839898 285 100379 2
S 108850897 285 100377 2
S 108861896 285 100379 2
S 108872896 285 100380 2
S 108883895 285 100375 2
S 108894894 285 100379 2
S 108905894 285 100383 2
S 108916893 285 100382 2
S 108927892 285 100378 2
S 108938892 285 100381 2
S 108949891 285 100380 2
S 108960890 285 100383 2
S 108971889 285 100387 2
S 108982889 285 100381 2
S 108993888 285 100380 2
S 109004887 285 100384 2
S 109015887 285 100379 2
S 109026886 285 100384 2
S 109037885 285 100382 2
S 109048885 285 100386 2
S 109059884 285 100384 2
S 109070883 285 100384 2
S 109081883 285 100384 2
S 109092882 285 100383 2
S 109103881 285 100381 2
S 109114881 285 100382 2
S 109125880 285 100382 2
S 109136879 285 100379 2
S 109147878 285 100384 2
S 109158878 285 100384 2
S 109169877 285 100382 2
S 109180876 285 100379 2
S 109191876 285 100376 2
S 109202875 285 100378 2
S 109213874 285 100377 2
S 109224874 285 100383 2
S 109235873 285 100380 2
S 109246872 285 100380 2
S 109257872 285 100384 2
S 109268871 285 100379 2
S 109279870 285 100381 2
S 109290870 285 100381 2
S 109301869 285 100382 2
S 109312868 285 100382 2
S 109323867 285 100380 2
S 109334867 285 100379 2
S 109345866 285 100381 2
S 109356865 285 100379 2
S 109367865 285 100377 2
S 109378864 285 100379 2
S 109389863 285 100379 2
S 109400863 285 100377 2
S 109411862 285 100383 2
S 109422861 285 100376 2
S 109433861 285 100375 2
S 109444860 285 100376 2
S 109455859 285 100380 2
S 109466859 285 100381 2
S 109477858 285 100379 2
S 109488857 285 100381 2
S 109499856 285 100379 2
S 109510856 285 100379 2
S 109521855 285 100382 2
S 109532854 285 100378 2
S 109543854 285 100383 2
S 109554853 285 100384 2
S 109565852 285 100382 2
S 109576852 285 100382 2
S 109587851 285 100387 2
S 109598850 285 100383 2
S 109609850 285 100382 2
S 109620849 285 100379 2
S 109631848 285 100379 2
S 109642848 285 100379 2
S 109653847 285 100382 2
S 109664846 285 100381 2
S 109675845 285 100379 2
S 109686845 285 100382 2
S 109697844 285 100378 2
S 109708843 285 100381 2
S 109719843 285 100382 2
S 109730842 285 100380 2
S 109746841 285 100378 2
S 109757840 285 100383 2
S 109768840 285 100382 2
S 109779839 285 100379 2
S 109790838 285 100382 2
S 109801838 285 100376 2
S 109812837 285 100376 2
S 109823836 285 100376 2
S 109834836 285 100377 2
S 109845835 285 100376 2
S 109856834 285 100374 2
S 109867833 285 100378 2
S 109878833 285 100378 2
S 109889832 285 100374 2
S 109900831 285 100376 2
S 109911831 285 100376 2
S 109922830 285 100376 2
S 109933829 285 100379 2
S 109944829 285 100380 2
S 109955828 285 100375 2
S 109966827 285 100378 2
S 109977827 285 100377 2
S 109988826 285 100376 2
S 109999825 285 100376 2
S 110010825 285 100376 2
S 110021824 285 100381 2
S 110032823 285 100379 2
S 110043822 285 100376 2
S 110054822 285 100377 2
S 110065821 285 100374 2
S 110076820 285 100376 2
S 110087820 285 100373 2
S 110098819 285 100376 2
S 110109818 285 100378 2
S 110120818 285 100376 2
S 110131817 285 100377 2
S 110142816 285 100375 2
S 110153816 285 100374 2
S 110164815 285 100375 2
S 110175814 285 100377 2
S 110186814 285 100377 2
S 110197813 285 100376 2
S 110208812 285 100380 2
S 110219811 285 100377 2
S 110230811 285 100377 2
S 110241810 285 100376 2
S 110252809 285 100380 2
S 110263809 285 100377 2
S 110274808 285 100380 2
S 110285807 285 100378 2
S 110296807 285 100381 2
S 110307806 285 100379 2
S 110318805 285 100375 2
S 110329805 285 100377 2
S 110340804 285 100379 2
S 110351803 285 100378 2
S 110362803 285 100377 2
S 110373802 285 100376 2
S 110384801 285 100382 2
S 110395800 285 100379 2
S 110406800 285 100374 2
S 110417799 285 100379 2
S 110428798 285 100383 2
S 110439798 285 100376 2
S 110450797 285 100382 2
S 110461796 285 100376 2
S 110472796 285 100382 2
S 110483795 285 100376 2
S 110494794 285 100378 2
S 110505794 285 100377 2
S 110516793 285 100379 2
S 110527792 285 100376 2
S 110538792 285 100379 2
S 110549791 285 100377 2
S 110560790 285 100373 2
S 110571789 285 100375 2
S 110582789 285 100371 2
S 110593788 285 100375 2
S 110604787 285 100372 2
S 110615787 285 100372 2
S 110626786 285 100366 2
S 110637785 285 100373 2
S 110648785 285 100375 2
S 110659784 285 100379 2
S 110670783 285 100377 2
S 110681783 285 100373 2
S 110692782 285 100372 2
S 110703781 285 100371 2
S 110714781 285 100373 2
S 110725780 285 100376 2
S 110736779 285 100378 2
S 110752778 285 100383 2
S 110763777 285 100384 2
S 110774777 285 100383 2
S 110785776 285 100383 2
S 110796775 285 100380 2
S 110807775 285 100378 2
S 110818774 285 100384 2
S 110829773 285 100381 2
S 110840773 285 100377 2
S 110851772 285 100379 2
S 110862771 285 100382 2
S 110873771 285 100381 2
S 110884770 285 100382 2
S 110895769 285 100380 2
S 110906769 285 100382 2
S 110917768 285 100388 2
S 110928767 285 100389 2
S 110939766 285 100387 2
S 110950766 285 100387 2
S 110961765 285 100384 2
S 110972764 285 100383 2
S 110983764 285 100385 2
S 110994763 285 100385 2
S 111005762 285 100384 2
S 111016762 285 100390 2
S 111027761 285 100385 2
S 111038760 285 100386 2
S 111049760 285 100387 2
S 111060759 285 100390 2
S 111071758 285 100384 2
S 111082758 285 100383 2
S 111093757 285 100383 2
S 111104756 285 100383 2
S 111115755 285 100387 2
S 111126755 285 100384 2
S 111137754 285 100383 2
S 111148753 285 100386 2
S 111159753 285 100384 2
S 111170752 285 100382 2
S 111181751 285 100382 2
S 111192751 285 100384 2
S 111203750 285 100387 2
S 111214749 285 100384 2
S 111225749 285 100380 2
S 111236748 285 100389 2
S 111247747 285 100382 2
S 111258747 285 100381 2
S 111269746 285 100382 2
S 111280745 285 100384 2
S 111291744 285 100384 2
S 111302744 285 100383 2
S 111313743 285 100381 2
S 111324742 285 100384 2
S 111335742 285 100382 2
S 111346741 285 100383 2
S 111357740 285 100385 2
S 111368740 285 100383 2
S 111379739 285 100376 2
S 111390738 285 100379 2
S 111401738 285 100379 2
S 111412737 285 100375 2
S 111423736 285 100382 2
S 111434736 285 100379 2
S 111445735 285 100385 2
S 111456734 285 100384 2
S 111467733 285 100379 2
S 111478733 285 100379 2
S 111489732 285 100379 2
S 111500731 285 100382 2
S 111511731 285 100380 2
S 111522730 285 100383 2
S 111533729 285 100378 2
S 111544729 285 100381 2
S 111555728 285 100382 2
S 111566727 285 100373 2
S 111577727 285 100378 2
S 111588726 285 100382 2
S 111599725 285 100384 2
S 111610725 285 100387 2
S 111621724 285 100382 2
S 111632723 285 100381 2
S 111643722 285 100382 2
S 111654722 285 100382 2
S 111665721 285 100382 2
S 111676720 285 100382 2
S 111687720 285 100380 2
S 111698719 285 100381 2
S 111709718 285 100382 2
S 111720718 285 100383 2
S 111731717 285 100384 2
S 111742716 285 100384 2
S 111758715 285 100384 2
S 111769715 285 100384 2
S 111780714 285 100383 2
S 111791713 285 100385 2
S 111802713 285 100384 2
S 111813712 285 100387 2
S 111824711 285 100385 2
S 111835710 285 100383 2
S 111846710 285 100383 2
S 111857709 285 100382 2
S 111868708 285 100382 2
S 111879708 285 100381 2
S 111890707 285 100380 2
S 111901706 285 100383 2
S 111912706 285 100384 2
S 111923705 285 100380 2
S 111934704 285 100382 2
S 111945704 285 100382 2
S 111956703 285 100384 2
S 111967702 285 100383 2
S 111978702 285 100383 2
S 111989701 285 100382 2
S 112000701 285 100384 2
S 112011699 285 100386 2
S 112022699 285 100390 2
S 112033698 285 100383 2
S 112044697 285 100383 2
S 112055697 285 100382 2
S 112066696 285 100384 2
S 112077695 285 100383 2
S 112088695 285 100384 2
S 112099694 285 100387 2
S 112110693 285 100382 2
S 112121693 285 100383 2
S 112132692 285 100382 2
S 112143691 285 100381 2
S 112154691 285 100382 2
S 112165690 285 100382 2
S 112176689 285 100385 2
S 112187688 285 100387 2
S 112198688 285 100385 2
S 112209687 285 100383 2
S 112220686 285 100383 2
S 112231686 285 100382 2
S 112242685 285 100382 2
S 112253684 285 100379 2
S 112264684 285 100383 2
S 112275683 285 100382 2
S 112286682 285 100383 2
S 112297682 285 100382 2
S 112308681 285 100382 2
S 112319680 285 100382 2
S 112330680 285 100382 2
S 112341679 285 100381 2
S 112352678 285 100384 2
S 112363677 285 100385 2
S 112374677 285 100382 2
S 112385676 285 100384 2
S 112396675 285 100384 2
S 112407675 285 100382 2
S 112418674 285 100382 2
S 112429673 285 100382 2
S 112440673 285 100381 2
S 112451672 285 100382 2
S 112462671 285 100382 2
S 112473671 285 100384 2
S 112484670 285 100384 2
S 112495669 285 100378 2
S 112506669 285 100381 2
S 112517668 285 100382 2
S 112528667 285 100385 2
S 112539666 285 100382 2
S 112550666 285 100382 2
S 112561665 285 100384 2
S 112572664 285 100381 2
S 112583664 285 100384 2
S 112594663 285 100382 2
S 112605662 285 100382 2
S 112616662 285 100377 2
S 112627661 285 100382 2
S 112638660 285 100382 2
S 112649660 285 100376 2
S 112660659 285 100379 2
S 112671658 285 100380 2
S 112682658 285 100376 2
S 112693657 285 100373 2
S 112704656 285 100377 2
S 112715655 285 100375 2
S 112726655 285 100370 2
S 112737654 285 100376 2
S 112748653 285 100376 2
S 112764652 285 100369 2
S 112775652 285 100367 2
S 112786651 285 100366 2
S 112797650 285 100369 2
S 112808650 285 100367 2
S 112819649 285 100369 2
S 112830648 285 100370 2
S 112841648 285 100369 2
S 112852647 285 100367 2
S 112863646 285 100367 2
S 112874646 285 100367 2
S 112885645 285 100370 2
S 112896644 285 100370 2
S 112907643 285 100371 2
S 112918643 285 100369 2
S 112929642 285 100367 2
S 112940641 285 100367 2
S 112951641 285 100364 2
S 112962640 285 100364 2
S 112973639 285 100366 2
S 112984639 285 100364 2
S 112995638 285 100364 2
S 113006637 285 100367 2
S 113017637 285 100370 2
S 113028636 285 100367 2
S 113039635 285 100369 2
S 113050635 285 100367 2
S 113061634 285 100367 2
S 113072633 285 100367 2
S 113083632 285 100367 2
S 113094632 285 100366 2
S 113105631 285 100367 2
S 113116630 285 100368 2
S 113127630 285 100375 2
S 113138629 285 100372 2
S 113149628 285 100366 2
S 113160628 285 100366 2
S 113171627 285 100367 2
S 113182626 285 100371 2
S 113193626 285 100366 2
S 113204625 285 100370 2
S 113215624 285 100376 2
S 113226624 285 100365 2
S 113237623 285 100366 2
S 113248622 285 100374 2
S 113259621 285 100370 2
S 113270621 285 100370 2
S 113281620 285 100376 2
S 113292619 285 100364 2
S 113303619 285 100365 2
S 113314618 285 100369 2
S 113325617 285 100371 2
S 113336617 285 100371 2
S 113347616 285 100374 2
S 113358615 285 100374 2
S 113369615 285 100373 2
S 113380614 285 100373 2
S 113391613 285 100375 2
S 113402613 285 100376 2
S 113413612 285 100370 2
S 113424611 285 100369 2
S 113435610 285 100378 2
S 113446610 285 100373 2
S 113457609 285 100379 2
S 113468608 285 100373 2
S 113479608 285 100373 2
S 113490607 285 100371 2
S 113501606 285 100370 2
S 113512606 285 100362 2
S 113523605 285 100363 2
S 113534604 285 100370 2
S 113545604 285 100373 2
S 113556603 285 100371 2
S 113567602 285 100369 2
S 113578602 285 100376 2
S 113589601 285 100379 2
S 113600600 285 100373 2
S 113611599 285 100373 2
S 113622599 285 100374 2
S 113633598 285 100375 2
S 113644597 285 100374 2
S 113655597 285 100372 2
S 113666596 285 100376 2
S 113677595 285 100376 2
S 113688595 285 100371 2
S 113699594 285 100373 2
S 113710593 285 100375 2
S 113721593 285 100376 2
S 113732592 285 100376 2
S 113743591 285 100373 2
S 113754591 285 100371 2
S 113770590 285 100382 2
S 113781589 285 100381 2
S 113792588 285 100382 2
S 113803587 285 100382 2
S 113814587 285 100380 2
S 113825586 285 100386 2
S 113836585 285 100384 2
S 113847585 285 100382 2
S 113858584 285 100380 2
S 113869583 285 100379 2
S 113880583 285 100376 2
S 113891582 285 100376 2
S 113902581 285 100377 2
S 113913581 285 100376 2
S 113924580 285 100372 2
S 113935579 285 100372 2
S 113946579 285 100373 2
S 113957578 285 100374 2
S 113968577 285 100371 2
S 113979576 285 100372 2
S 113990576 285 100369 2
S 114001576 285 100380 2
S 114012574 285 100377 2
S 114023574 285 100379 2
S 114034573 285 100378 2
S 114045572 285 100376 2
S 114056572 285 100375 2
S 114067571 285 100376 2
S 114078570 285 100381 2
S 114089570 285 100376 2
S 114100569 285 100382 2
S 114111568 285 100380 2
S 114122568 285 100379 2
S 114133567 285 100379 2
S 114144566 285 100379 2
S 114155565 285 100373 2
S 114166565 285 100379 2
S 114177564 285 100380 2
S 114188563 285 100380 2
S 114199563 285 100381 2
S 114210562 285 100381 2
S 114221561 285 100381 2
S 114232561 285 100379 2
S 114243560 285 100375 2
S 114254559 285 100374 2
S 114265559 285 100376 2
S 114276558 285 100373 2
S 114287557 285 100375 2
S 114298557 285 100376 2
S 114309556 285 100377 2
S 114320555 285 100380 2
S 114331554 285 100376 2
S 114342554 285 100373 2
S 114353553 285 100375 2
S 114364552 285 100381 2
S 114375552 285 100377 2
S 114386551 285 100378 2
S 114397550 285 100379 2
S 114408550 285 100380 2
S 114419549 285 100381 2
S 114430548 285 100382 2
S 114441548 285 100382 2
S 114452547 285 100380 2
S 114463546 285 100380 2
S 114474546 285 100377 2
S 114485545 285 100384 2
S 114496544 285 100380 2
S 114507543 285 100379 2
S 114518543 285 100380 2
S 114529542 285 100382 2
S 114540541 285 100379 2
S 114551541 285 100382 2
S 114562540 285 100382 2
S 114573539 285 100376 2
S 114584539 285 100378 2
S 114595538 285 100381 2
S 114606537 285 100374 2
S 114617537 285 100382 2
S 114628536 285 100376 2
S 114639535 285 100374 2
S 114650535 285 100379 2
S 114661534 285 100379 2
S 114672533 285 100376 2
S 114683532 285 100377 2
S 114694532 285 100375 2
S 114705531 285 100373 2
S 114716530 285 100378 2
S 114727530 285 100375 2
S 114738529 285 100379 2
S 114749528 285 100378 2
S 114760528 285 100377 2
S 114776527 285 100390 2
S 114787526 285 100386 2
S 114798525 285 100382 2
S 114809525 285 100382 2
S 114820524 285 100382 2
S 114831523 285 100382 2
S 114842523 285 100385 2
S 114853522 285 100384 2
S 114864521 285 100382 2
S 114875520 285 100382 2
S 114886520 285 100385 2
S 114897519 285 100382 2
S 114908518 285 100382 2
S 114919518 285 100381 2
S 114930517 285 100385 2
S 114941516 285 100384 2
S 114952516 285 100385 2
S 114963515 285 100382 2
S 114974514 285 100382 2
S 114985514 285 100382 2
S 114996513 285 100382 2
S 115007512 285 100380 2
S 115018512 285 100384 2
S 115029511 285 100379 2
S 115040510 285 100385 2
S 115051509 285 100386 2
S 115062509 285 100386 2
S 115073508 285 100382 2
S 115084507 285 100380 2
S 115095507 285 100384 2
S 115106506 285 100384 2
S 115117505 285 100382 2
S 115128505 285 100385 2
S 115139504 285 100380 2
S 115150503 285 100379 2
S 115161503 285 100382 2
S 115172502 285 100381 2
S 115183501 285 100382 2
S 115194501 285 100378 2
S 115205500 285 100380 2
S 115216499 285 100385 2
S 115227498 285 100379 2
S 115238498 285 100379 2
S 115249497 285 100383 2
S 115260496 285 100385 2
S 115271496 285 100382 2
S 115282495 285 100380 2
S 115293494 285 100383 2
S 115304494 285 100380 2
S 115315493 285 100385 2
S 115326492 285 100379 2
S 115337492 285 100378 2
S 115348491 285 100379 2
S 115359490 285 100376 2
S 115370490 285 100376 2
S 115381489 285 100377 2
S 115392488 285 100379 2
S 115403487 285 100379 2
S 115414487 285 100381 2
S 115425486 285 100376 2
S 115436485 285 100382 2
S 115447485 285 100379 2
S 115458484 285 100382 2
S 115469483 285 100382 2
S 115480483 285 100383 2
S 115491482 285 100380 2
S 115502481 285 100379 2
S 115513481 285 100379 2
S 115524480 285 100373 2
S 115535479 285 100376 2
S 115546479 285 100377 2
S 115557478 285 100376 2
S 115568477 285 100376 2
S 115579476 285 100377 2
S 115590476 285 100378 2
S 115601475 285 100379 2
S 115612474 285 100376 2
S 115623474 285 100382 2
S 115634473 285 100383 2
S 115645472 285 100379 2
S 115656472 285 100379 2
S 115667471 285 100377 2
S 115678470 285 100376 2
S 115689470 285 100374 2
S 115700469 285 100375 2
S 115711468 285 100376 2
S 115722468 285 100378 2
S 115733467 285 100382 2
S 115744466 285 100376 2
S 115755465 285 100374 2
S 115766465 285 100372 2
S 115782464 285 100374 2
S 115793463 285 100377 2
S 115804462 285 100376 2
S 115815462 285 100370 2
S 115826461 285 100374 2
S 115837460 285 100377 2
S 115848460 285 100379 2
S 115859459 285 100378 2
S 115870458 285 100376 2
S 115881458 285 100377 2
S 115892457 285 100376 2
S 115903456 285 100376 2
S 115914456 285 100376 2
S 115925455 285 100379 2
S 115936454 285 100377 2
S 115947453 285 100376 2
S 115958453 285 100376 2
S 115969452 285 100380 2
S 115980451 285 100383 2
S 115991451 285 100375 2
S 116002450 285 100378 2
S 116013449 285 100382 2
S 116024449 285 100379 2
S 116035448 285 100377 2
S 116046447 285 100374 2
S 116057447 285 100377 2
S 116068446 285 100379 2
S 116079445 285 100375 2
S 116090445 285 100376 2
S 116101444 285 100375 2
S 116112443 285 100375 2
S 116123442 285 100373 2
S 116134442 285 100376 2
S 116145441 285 100375 2
S 116156440 285 100373 2
S 116167440 285 100375 2
S 116178439 285 100375 2
S 116189438 285 100376 2
S 116200438 285 100382 2
S 116211437 285 100382 2
S 116222436 285 100375 2
S 116233436 285 100379 2
S 116244435 285 100377 2
S 116255434 285 100378 2
S 116266434 285 100375 2
S 116277433 285 100375 2
S 116288432 285 100376 2
S 116299431 285 100376 2
S 116310431 285 100373 2
S 116321430 285 100373 2
S 116332429 285 100376 2
S 116343429 285 100376 2
S 116354428 285 100375 2
S 116365427 285 100375 2
S 116376427 285 100378 2
S 116387426 285 100373 2
S 116398425 285 100376 2
S 116409425 285 100379 2
S 116420424 285 100380 2
S 116431423 285 100382 2
S 116442423 285 100379 2
S 116453422 285 100380 2
S 116464421 285 100376 2
S 116475420 285 100372 2
S 116486420 285 100376 2
S 116497419 285 100376 2
S 116508418 285 100371 2
S 116519418 285 100374 2
S 116530417 285 100378 2
S 116541416 285 100376 2
S 116552416 285 100373 2
S 116563415 285 100372 2
S 116574414 285 100379 2
S 116585414 285 100374 2
S 116596413 285 100376 2
S 116607412 285 100372 2
S 116618412 285 100374 2
S 116629411 285 100368 2
S 116640410 285 100371 2
S 116651409 285 100372 2
S 116662409 285 100374 2
S 116673408 285 100372 2
S 116684407 285 100374 2
S 116695407 285 100373 2
S 116706406 285 100375 2
S 116717405 285 100379 2
S 116728405 285 100373 2
S 116739404 285 100370 2
S 116750403 285 100370 2
S 116761403 285 100378 2
S 116772402 285 100377 2
S 116788401 285 100376 2
S 116799400 285 100375 2
S 116810400 285 100373 2
S 116821399 285 100376 2
S 116832398 285 100372 2
S 116843397 285 100372 2
S 116854397 285 100374 2
S 116865396 285 100379 2
S 116876395 285 100377 2
S 116887395 285 100380 2
S 116898394 285 100381 2
S 116909393 285 100377 2
S 116920393 285 100379 2
S 116931392 285 100379 2
S 116942391 285 100375 2
S 116953391 285 100376 2
S 116964390 285 100378 2
S 116975389 285 100374 2
S 116986389 285 100373 2
S 116997388 285 100376 2
S 117008387 285 100375 2
S 117019386 285 100375 2
S 117030386 285 100373 2
S 117041385 285 100376 2
S 117052384 285 100376 2
S 117063384 285 100374 2
S 117074383 285 100373 2
S 117085382 285 100378 2
S 117096382 285 100376 2
S 117107381 285 100378 2
S 117118380 285 100379 2
S 117129380 285 100377 2
S 117140379 285 100379 2
S 117151378 285 100376 2
S 117162378 285 100376 2
S 117173377 285 100376 2
S 117184376 285 100379 2
S 117195375 285 100379 2
S 117206375 285 100377 2
S 117217374 285 100376 2
S 117228373 285 100377 2
S 117239373 285 100380 2
S 117250372 285 100381 2
S 117261371 285 100381 2
S 117272371 285 100378 2
S 117283370 285 100378 2
S 117294369 285 100379 2
S 117305369 285 100373 2
S 117316368 285 100376 2
S 117327367 285 100370 2
S 117338367 285 100371 2
S 117349366 285 100370 2
S 117360365 285 100373 2
S 117371364 285 100375 2
S 117382364 285 100367 2
S 117393363 285 100370 2
S 117404362 285 100376 2
S 117415362 285 100373 2
S 117426361 285 100375 2
S 117437360 285 100371 2
S 117448360 285 100373 2
S 117459359 285 100367 2
S 117470358 285 100373 2
S 117481358 285 100373 2
S 117492357 285 100372 2
S 117503356 285 100376 2
S 117514356 285 100370 2
S 117525355 285 100372 2
S 117536354 285 100375 2
S 117547353 285 100373 2
S 117558353 285 100372 2
S 117569352 285 100369 2
S 117580351 285 100370 2
S 117591351 285 100369 2
S 117602350 285 100370 2
S 117613349 285 100379 2
S 117624349 285 100376 2
S 117635348 285 100379 2
S 117646347 285 100378 2
S 117657347 285 100376 2
S 117668346 285 100373 2
S 117679345 285 100376 2
S 117690345 285 100378 2
S 117701344 285 100376 2
S 117712343 285 100375 2
S 117723342 285 100372 2
S 117734342 285 100376 2
S 117745341 285 100376 2
S 117756340 285 100373 2
S 117767340 285 100375 2
S 117778339 285 100372 2
S 117794338 285 100377 2
S 117805337 285 100380 2
S 117816337 285 100379 2
S 117827336 285 100372 2
S 117838335 285 100377 2
S 117849335 285 100377 2
S 117860334 285 100369 2
S 117871333 285 100373 2
S 117882333 285 100371 2
S 117893332 285 100376 2
S 117904331 285 100373 2
S 117915330 285 100379 2
S 117926330 285 100373 2
S 117937329 285 100377 2
S 117948328 285 100379 2
S 117959328 285 100377 2
S 117970327 285 100377 2
S 117981326 285 100375 2
S 117992326 285 100384 2
S 118003325 285 100370 2
S 118014324 285 100376 2
S 118025324 285 100373 2
S 118036323 285 100379 2
S 118047322 285 100376 2
S 118058322 285 100370 2
S 118069321 285 100381 2
S 118080320 285 100375 2
S 118091319 285 100370 2
S 118102319 285 100373 2
S 118113318 285 100375 2
S 118124317 285 100377 2
S 118135317 285 100375 2
S 118146316 285 100376 2
S 118157315 285 100370 2
S 118168315 285 100373 2
S 118179314 285 100372 2
S 118190313 285 100373 2
S 118201313 285 100370 2
S 118212312 285 100367 2
S 118223311 285 100371 2
S 118234311 285 100370 2
S 118245310 285 100369 2
S 118256309 285 100378 2
S 118267308 285 100371 2
S 118278308 285 100376 2
S 118289307 285 100371 2
S 118300306 285 100374 2
S 118311306 285 100373 2
S 118322305 285 100370 2
S 118333304 285 100372 2
S 118344304 285 100371 2
S 118355303 285 100371 2
S 118366302 285 100369 2
S 118377302 285 100370 2
S 118388301 285 100377 2
S 118399300 285 100379 2
S 118410300 285 100376 2
S 118421299 285 100376 2
S 118432298 285 100371 2
S 118443297 285 100373 2
S 118454297 285 100375 2
S 118465296 285 100379 2
S 118476295 285 100384 2
S 118487295 285 100370 2
S 118498294 285 100371 2
S 118509293 285 100366 2
S 118520293 285 100377 2
S 118531292 285 100375 2
S 118542291 285 100376 2
S 118553291 285 100379 2
S 118564290 285 100380 2
S 118575289 285 100382 2
S 118586289 285 100376 2
S 118597288 285 100373 2
S 118608287 285 100370 2
S 118619286 285 100376 2
S 118630286 285 100379 2
S 118641285 285 100379 2
S 118652284 285 100379 2
S 118663284 285 100377 2
S 118674283 285 100375 2
S 118685282 285 100385 2
S 118696282 285 100382 2
S 118707281 285 100375 2
S 118718280 285 100380 2
S 118729280 285 100381 2
S 118740279 285 100373 2
S 118751278 285 100373 2
S 118762278 285 100373 2
S 118773277 285 100377 2
S 118784276 285 100379 2
S 118800275 285 100388 2
S 118811274 285 100379 2
S 118822274 285 100380 2
S 118833273 285 100381 2
S 118844272 285 100387 2
S 118855272 285 100381 2
S 118866271 285 100383 2
S 118877270 285 100387 2
S 118888270 285 100382 2
S 118899269 285 100380 2
S 118910268 285 100388 2
S 118921268 285 100385 2
S 118932267 285 100387 2
S 118943266 285 100386 2
S 118954266 285 100380 2
S 118965265 285 100377 2
S 118976264 285 100384 2
S 118987263 285 100382 2
S 118998263 285 100383 2
S 119009262 285 100386 2
S 119020261 285 100384 2
S 119031261 285 100386 2
S 119042260 285 100380 2
S 119053259 285 100383 2
S 119064259 285 100382 2
S 119075258 285 100382 2
S 119086257 285 100385 2
S 119097257 285 100376 2
S 119108256 285 100384 2
S 119119255 285 100381 2
S 119130255 285 100382 2
S 119141254 285 100375 2
S 119152253 285 100383 2
S 119163252 285 100387 2
S 119174252 285 100383 2
S 119185251 285 100382 2
S 119196250 285 100379 2
S 119207250 285 100384 2
S 119218249 285 100381 2
S 119229248 285 100389 2
S 119240248 285 100389 2
S 119251247 285 100386 2
S 119262246 285 100382 2
S 119273246 285 100378 2
S 119284245 285 100385 2
S 119295244 285 100384 2
S 119306244 285 100387 2
S 119317243 285 100387 2
S 119328242 285 100388 2
S 119339241 285 100380 2
S 119350241 285 100386 2
S 119361240 285 100386 2
S 119372239 285 100382 2
S 119383239 285 100387 2
S 119394238 285 100379 2
S 119405237 285 100385 2
S 119416237 285 100382 2
S 119427236 285 100383 2
S 119438235 285 100385 2
S 119449235 285 100375 2
S 119460234 285 100379 2
S 119471233 285 100383 2
S 119482233 285 100379 2
S 119493232 285 100384 2
S 119504231 285 100385 2
S 119515230 285 100385 2
S 119526230 285 100379 2
S 119537229 285 100378 2
S 119548228 285 100376 2
S 119559228 285 100380 2
S 119570227 285 100380 2
S 119581226 285 100379 2
S 119592226 285 100378 2
S 119603225 285 100380 2
S 119614224 285 100379 2
S 119625224 285 100382 2
S 119636223 285 100382 2
S 119647222 285 100381 2
S 119658222 285 100379 2
S 119669221 285 100379 2
S 119680220 285 100378 2
S 119691219 285 100379 2
S 119702219 285 100379 2
S 119713218 285 100376 2
S 119724217 285 100384 2
S 119735217 285 100382 2
S 119746216 285 100382 2
S 119757215 285 100376 2
S 119768215 285 100376 2
S 119779214 285 100378 2
S 119790213 285 100377 2
S 119806212 285 100389 2
S 119817212 285 100385 2
S 119828211 285 100382 2
S 119839210 285 100383 2
S 119850210 285 100383 2
S 119861209 285 100382 2
S 119872208 285 100385 2
S 119883207 285 100387 2
S 119894207 285 100388 2
S 119905206 285 100386 2
S 119916205 285 100382 2
S 119927205 285 100388 2
S 119938204 285 100388 2
S 119949203 285 100383 2
S 119960203 285 100383 2
S 119971202 285 100385 2
S 119982201 285 100390 2
S 119993201 285 100389 2
S 120004200 285 100385 2
S 120015199 285 100384 2
S 120026199 285 100381 2
S 120037198 285 100385 2
S 120048197 285 100385 2
S 120059196 285 100385 2
S 120070196 285 100383 2
S 120081195 285 100385 2
S 120092194 285 100388 2
S 120103194 285 100392 2
S 120114193 285 100386 2
S 120125192 285 100382 2
S 120136192 285 100385 2
S 120147191 285 100388 2
S 120158190 285 100389 2
S 120169190 285 100388 2
S 120180189 285 100383 2
S 120191188 285 100388 2
S 120202188 285 100388 2
S 120213187 285 100387 2
S 120224186 285 100386 2
S 120235185 285 100384 2
S 120246185 285 100384 2
S 120257184 285 100382 2
S 120268183 285 100385 2
S 120279183 285 100385 2
S 120290182 285 100388 2
S 120301181 285 100382 2
S 120312181 285 100388 2
S 120323180 285 100383 2
S 120334179 285 100381 2
S 120345179 285 100385 2
S 120356178 285 100383 2
S 120367177 285 100388 2
S 120378177 285 100382 2
S 120389176 285 100387 2
S 120400175 285 100385 2
S 120411174 285 100392 2
S 120422174 285 100390 2
S 120433173 285 100386 2
S 120444172 285 100386 2
S 120455172 285 100389 2
S 120466171 285 100389 2
S 120477170 285 100385 2
S 120488170 285 100388 2
S 120499169 285 100385 2
S 120510168 285 100379 2
S 120521168 285 100380 2
S 120532167 285 100383 2
S 120543166 285 100385 2
S 120554166 285 100382 2
S 120565165 285 100379 2
S 120576164 285 100384 2
S 120587163 285 100384 2
S 120598163 285 100381 2
S 120609162 285 100386 2
S 120620161 285 100379 2
S 120631161 285 100385 2
S 120642160 285 100387 2
S 120653159 285 100379 2
S 120664159 285 100384 2
S 120675158 285 100382 2
S 120686157 285 100374 2
S 120697157 285 100380 2
S 120708156 285 100385 2
S 120719155 285 100384 2
S 120730155 285 100379 2
S 120741154 285 100379 2
S 120752153 285 100376 2
S 120763152 285 100381 2
S 120774152 285 100379 2
S 120785151 285 100382 2
S 120796150 285 100382 2
S 120812149 285 100386 2
S 120823149 285 100385 2
S 120834148 285 100382 2
S 120845147 285 100380 2
S 120856147 285 100382 2
S 120867146 285 100382 2
S 120878145 285 100379 2
S 120889145 285 100379 2
S 120900144 285 100382 2
S 120911143 285 100381 2
S 120922143 285 100389 2
S 120933142 285 100382 2
S 120944141 285 100382 2
S 120955140 285 100380 2
S 120966140 285 100382 2
S 120977139 285 100382 2
S 120988138 285 100383 2
S 120999138 285 100379 2
S 121010137 285 100380 2
S 121021136 285 100385 2
S 121032136 285 100379 2
S 121043135 285 100380 2
S 121054134 285 100385 2
S 121065134 285 100384 2
S 121076133 285 100384 2
S 121087132 285 100385 2
S 121098132 285 100379 2
S 121109131 285 100385 2
S 121120130 285 100378 2
S 121131129 285 100377 2
S 121142129 285 100383 2
S 121153128 285 100381 2
S 121164127 285 100388 2
S 121175127 285 100384 2
S 121186126 285 100382 2
S 121197125 285 100376 2
S 121208125 285 100380 2
S 121219124 285 100382 2
S 121230123 285 100382 2
S 121241123 285 100379 2
S 121252122 285 100379 2
S 121263121 285 100384 2
S 121274121 285 100382 2
S 121285120 285 100380 2
S 121296119 285 100385 2
S 121307118 285 100380 2
S 121318118 285 100383 2
S 121329117 285 100382 2
S 121340116 285 100383 2
S 121351116 285 100377 2
S 121362115 285 100384 2
S 121373114 285 100388 2
S 121384114 285 100387 2
S 121395113 285 100385 2
S 121406112 285 100380 2
S 121417112 285 100381 2
S 121428111 285 100383 2
S 121439110 285 100376 2
S 121450110 285 100382 2
S 121461109 285 100382 2
S 121472108 285 100379 2
S 121483107 285 100381 2
S 121494107 285 100388 2
S 121505106 285 100385 2
S 121516105 285 100383 2
S 121527105 285 100379 2
S 121538104 285 100379 2
S 121549103 285 100382 2
S 121560103 285 100381 2
S 121571102 285 100381 2
S 121582101 285 100387 2
S 121593101 285 100385 2
S 121604100 285 100382 2
S 121615099 285 100382 2
S 121626099 285 100381 2
S 121637098 285 100378 2
S 121648097 285 100381 2
S 121659096 285 100385 2
S 121670096 285 100385 2
S 121681095 285 100382 2
S 121692094 285 100382 2
S 121703094 285 100378 2
S 121714093 285 100382 2
S 121725092 285 100380 2
S 121736092 285 100378 2
S 121747091 285 100377 2
S 121758090 285 100379 2
S 121769090 285 100383 2
S 121780089 285 100382 2
S 121791088 285 100377 2
S 121802088 285 100379 2
S 121818087 285 100378 2
S 121829086 285 100376 2
S 121840085 285 100379 2
S 121851084 285 100379 2
S 121862084 285 100372 2
S 121873083 285 100376 2
S 121884082 285 100376 2
S 121895082 285 100377 2
S 121906081 285 100378 2
S 121917080 285 100376 2
S 121928080 285 100372 2
S 121939079 285 100373 2
S 121950078 285 100373 2
S 121961078 285 100376 2
S 121972077 285 100376 2
S 121983076 285 100376 2
S 121994076 285 100375 2
S 122005075 285 100375 2
S 122016074 285 100377 2
S 122027073 285 100373 2
S 122038073 285 100375 2
S 122049072 285 100376 2
S 122060071 285 100374 2
S 122071071 285 100370 2
S 122082070 285 100373 2
S 122093069 285 100373 2
S 122104069 285 100371 2
S 122115068 285 100373 2
S 122126067 285 100375 2
S 122137067 285 100370 2
S 122148066 285 100372 2
S 122159065 285 100372 2
S 122170065 285 100372 2
S 122181064 285 100378 2
S 122192063 285 100379 2
S 122203062 285 100381 2
S 122214062 285 100380 2
S 122225061 285 100377 2
S 122236060 285 100373 2
S 122247060 285 100376 2
S 122258059 285 100373 2
S 122269058 285 100374 2
S 122280058 285 100370 2
S 122291057 285 100371 2
S 122302056 285 100373 2
S 122313056 285 100375 2
S 122324055 285 100372 2
S 122335054 285 100376 2
S 122346054 285 100376 2
S 122357053 285 100373 2
S 122368052 285 100373 2
S 122379051 285 100378 2
S 122390051 285 100374 2
S 122401050 285 100374 2
S 122412049 285 100376 2
S 122423049 285 100381 2
S 122434048 285 100375 2
S 122445047 285 100376 2
S 122456047 285 100379 2
S 122467046 285 100376 2
S 122478045 285 100376 2
S 122489045 285 100373 2
S 122500044 285 100370 2
S 122511043 285 100370 2
S 122522043 285 100370 2
S 122533042 285 100370 2
S 122544041 285 100373 2
S 122555040 285 100373 2
S 122566040 285 100370 2
S 122577039 285 100369 2
S 122588038 285 100376 2
S 122599038 285 100373 2
S 122610037 285 100372 2
S 122621036 285 100373 2
S 122632036 285 100368 2
S 122643035 285 100374 2
S 122654034 285 100376 2
S 122665034 285 100372 2
S 122676033 285 100367 2
S 122687032 285 100369 2
S 122698032 285 100370 2
S 122709031 285 100373 2
S 122720030 285 100373 2
S 122731029 285 100374 2
S 122742029 285 100372 2
S 122753028 285 100370 2
S 122764027 285 100370 2
S 122775027 285 100367 2
S 122786026 285 100367 2
S 122797025 285 100370 2
S 122808025 285 100367 2
S 122824024 285 100374 2
S 122835023 285 100379 2
S 122846022 285 100377 2
S 122857022 285 100374 2
S 122868021 285 100379 2
S 122879020 285 100378 2
S 122890020 285 100376 2
S 122901019 285 100379 2
S 122912018 285 100376 2
S 122923017 285 100375 2
S 122934017 285 100376 2
S 122945016 285 100377 2
S 122956015 285 100372 2
S 122967015 285 100373 2
S 122978014 285 100370 2
S 122989013 285 100370 2
S 123000013 285 100375 2
S 123011012 285 100376 2
S 123022011 285 100374 2
S 123033011 285 100376 2
S 123044010 285 100370 2
S 123055009 285 100372 2
S 123066009 285 100379 2
S 123077008 285 100377 2
S 123088007 285 100376 2
S 123099006 285 100376 2
S 123110006 285 100380 2
S 123121005 285 100377 2
S 123132004 285 100375 2
S 123143004 285 100374 2
S 123154003 285 100375 2
S 123165002 285 100375 2
S 123176002 285 100370 2
S 123187001 285 100373 2
S 123198000 285 100374 2
S 123209000 285 100376 2
S 123219999 285 100371 2
S 123230998 285 100373 2
S 123241998 285 100370 2
S 123252997 285 100372 2
S 123263996 285 100370 2
S 123274995 285 100370 2
S 123285995 285 100373 2
S 123296994 285 100371 2
S 123307993 285 100371 2
S 123318993 285 100374 2
S 123329992 285 100374 2
S 123340991 285 100376 2
S 123351991 285 100373 2
S 123362990 285 100375 2
S 123373989 285 100376 2
S 123384989 285 100377 2
S 123395988 285 100373 2
S 123406987 285 100375 2
S 123417987 285 100378 2
S 123428986 285 100379 2
S 123439985 285 100378 2
S 123450984 285 100374 2
S 123461984 285 100373 2
S 123472983 285 100375 2
S 123483982 285 100372 2
S 123494982 285 100373 2
S 123505981 285 100376 2
S 123516980 285 100377 2
S 123527980 285 100374 2
S 123538979 285 100375 2
S 123549978 285 100377 2
S 123560978 285 100373 2
S 123571977 285 100377 2
S 123582976 285 100376 2
S 123593976 285 100374 2
S 123604975 285 100375 2
S 123615974 285 100376 2
S 123626973 285 100373 2
S 123637973 285 100373 2
S 123648972 285 100377 2
S 123659971 285 100379 2
S 123670971 285 100376 2
S 123681970 285 100375 2
S 123692969 285 100378 2
S 123703969 285 100376 2
S 123714968 285 100376 2
S 123725967 285 100372 2
S 123736967 285 100376 2
S 123747966 285 100375 2
S 123758965 285 100373 2
S 123769965 285 100375 2
S 123780964 285 100375 2
S 123791963 285 100375 2
S 123802962 285 100374 2
S 123813962 285 100373 2
S 123829961 285 100379 2
S 123840960 285 100379 2
S 123851959 285 100373 2
S 123862959 285 100379 2
S 123873958 285 100375 2
S 123884957 285 100376 2
S 123895957 285 100377 2
S 123906956 285 100378 2
S 123917955 285 100379 2
S 123928955 285 100371 2
S 123939954 285 100371 2
S 123950953 285 100379 2
S 123961953 285 100380 2
S 123972952 285 100377 2
S 123983951 285 100373 2
S 123994950 285 100379 2
S 124005950 285 100379 2
S 124016949 285 100377 2
S 124027948 285 100376 2
S 124038948 285 100380 2
S 124049947 285 100380 2
S 124060946 285 100379 2
S 124071946 285 100379 2
S 124082945 285 100377 2
S 124093944 285 100384 2
S 124104944 285 100376 2
S 124115943 285 100376 2
S 124126942 285 100376 2
S 124137942 285 100380 2
S 124148941 285 100379 2
S 124159940 285 100377 2
S 124170939 285 100377 2
S 124181939 285 100380 2
S 124192938 285 100378 2
S 124203937 285 100382 2
S 124214937 285 100382 2
S 124225936 285 100379 2
S 124236935 285 100379 2
S 124247935 285 100378 2
S 124258934 285 100377 2
S 124269933 285 100379 2
S 124280933 285 100376 2
S 124291932 285 100375 2
S 124302931 285 100376 2
S 124313931 285 100373 2
S 124324930 285 100373 2
S 124335929 285 100372 2
S 124346928 285 100373 2
S 124357928 285 100373 2
S 124368927 285 100382 2
S 124379926 285 100376 2
S 124390926 285 100376 2
S 124401925 285 100382 2
S 124412924 285 100381 2
S 124423924 285 100380 2
S 124434923 285 100379 2
S 124445922 285 100379 2
S 124456922 285 100376 2
S 124467921 285 100375 2
S 124478920 285 100374 2
S 124489920 285 100379 2
S 124500919 285 100376 2
S 124511918 285 100375 2
S 124522917 285 100377 2
S 124533917 285 100377 2
S 124544916 285 100373 2
S 124555915 285 100377 2
S 124566915 285 100373 2
S 124577914 285 100379 2
S 124588913 285 100376 2
S 124599913 285 100376 2
S 124610912 285 100379 2
S 124621911 285 100377 2
S 124632911 285 100372 2
S 124643910 285 100372 2
S 124654909 285 100376 2
S 124665909 285 100378 2
S 124676908 285 100373 2
S 124687907 285 100383 2
S 124698906 285 100378 2
S 124709906 285 100370 2
S 124720905 285 100372 2
S 124731904 285 100373 2
S 124742904 285 100375 2
S 124753903 285 100371 2
S 124764902 285 100376 2
S 124775902 285 100378 2
S 124786901 285 100371 2
S 124797900 285 100378 2
S 124808900 285 100374 2
S 124819899 285 100373 2
S 124835898 285 100375 2
S 124846897 285 100373 2
S 124857897 285 100375 2
S 124868896 285 100377 2
S 124879895 285 100376 2
S 124890894 285 100379 2
S 124901894 285 100377 2
S 124912893 285 100371 2
S 124923892 285 100373 2
S 124934892 285 100373 2
S 124945891 285 100373 2
S 124956890 285 100377 2
S 124967890 285 100374 2
S 124978889 285 100372 2
S 124989888 285 100371 2
S 125000888 285 100375 2
S 125011887 285 100373 2
S 125022886 285 100374 2
S 125033886 285 100374 2
S 125044885 285 100373 2
S 125055884 285 100373 2
S 125066883 285 100370 2
S 125077883 285 100370 2
S 125088882 285 100373 2
S 125099881 285 100370 2
S 125110881 285 100371 2
S 125121880 285 100371 2
S 125132879 285 100370 2
S 125143879 285 100370 2
S 125154878 285 100370 2
S 125165877 285 100370 2
S 125176877 285 100373 2
S 125187876 285 100373 2
S 125198875 285 100371 2
S 125209875 285 100372 2
S 125220874 285 100370 2
S 125231873 285 100376 2
S 125242872 285 100381 2
S 125253872 285 100367 2
S 125264871 285 100373 2
S 125275870 285 100372 2
S 125286870 285 100376 2
S 125297869 285 100374 2
S 125308868 285 100370 2
S 125319868 285 100369 2
S 125330867 285 100367 2
S 125341866 285 100373 2
S 125352866 285 100373 2
S 125363865 285 100376 2
S 125374864 285 100373 2
S 125385864 285 100372 2
S 125396863 285 100372 2
S 125407862 285 100372 2
S 125418861 285 100369 2
S 125429861 285 100370 2
S 125440860 285 100371 2
S 125451859 285 100371 2
S 125462859 285 100370 2
S 125473858 285 100369 2
S 125484857 285 100370 2
S 125495857 285 100372 2
S 125506856 285 100370 2
S 125517855 285 100373 2
S 125528855 285 100374 2
S 125539854 285 100373 2
S 125550853 285 100373 2
S 125561853 285 100380 2
S 125572852 285 100373 2
S 125583851 285 100377 2
S 125594850 285 100376 2
S 125605850 285 100376 2
S 125616849 285 100372 2
S 125627848 285 100368 2
S 125638848 285 100373 2
S 125649847 285 100372 2
S 125660846 285 100373 2
S 125671846 285 100373 2
S 125682845 285 100373 2
S 125693844 285 100370 2
S 125704844 285 100369 2
S 125715843 285 100370 2
S 125726842 285 100370 2
S 125737842 285 100372 2
S 125748841 285 100371 2
S 125759840 285 100371 2
S 125770839 285 100370 2
S 125781839 285 100373 2
S 125792838 285 100373 2
S 125803837 285 100380 2
S 125814837 285 100371 2
S 125825836 285 100375 2
S 125841835 286 100373 2
S 125852834 286 100374 2
S 125863834 286 100374 2
S 125874833 286 100373 2
S 125885832 286 100377 2
S 125896832 286 100378 2
S 125907831 286 100379 2
S 125918830 286 100377 2
S 125929830 286 100376 2
S 125940829 286 100379 2
S 125951828 286 100384 2
S 125962827 286 100381 2
S 125973827 286 100379 2
S 125984826 286 100378 2
S 125995825 286 100377 2
S 126006825 286 100378 2
S 126017824 286 100379 2
S 126028823 286 100381 2
S 126039823 286 100379 2
S 126050822 286 100375 2
S 126061821 286 100376 2
S 126072821 286 100376 2
S 126083820 286 100376 2
S 126094819 286 100376 2
S 126105819 286 100376 2
S 126116818 286 100377 2
S 126127817 286 100378 2
S 126138816 286 100376 2
S 126149816 286 100378 2
S 126160815 286 100381 2
S 126171814 286 100380 2
S 126182814 286 100380 2
S 126193813 286 100376 2
S 126204812 286 100375 2
S 126215812 286 100376 2
S 126226811 286 100377 2
S 126237810 286 100378 2
S 126248810 286 100374 2
S 126259809 286 100379 2
S 126270808 286 100377 2
S 126281808 286 100373 2
S 126292807 286 100374 2
S 126303806 286 100373 2
S 126314805 286 100370 2
S 126325805 286 100373 2
S 126336804 286 100371 2
S 126347803 286 100371 2
S 126358803 286 100370 2
S 126369802 286 100372 2
S 126380801 286 100374 2
S 126391801 286 100372 2
S 126402800 286 100373 2
S 126413799 286 100373 2
S 126424799 286 100370 2
S 126435798 286 100370 2
S 126446797 286 100371 2
S 126457797 286 100375 2
S 126468796 286 100375 2
S 126479795 286 100373 2
S 126490794 286 100371 2
S 126501794 286 100373 2
S 126512793 286 100375 2
S 126523792 286 100375 2
S 126534792 286 100376 2
S 126545791 286 100373 2
S 126556790 286 100373 2
S 126567790 286 100373 2
S 126578789 286 100376 2
S 126589788 286 100375 2
S 126600788 286 100374 2
S 126611787 286 100374 2
S 126622786 286 100378 2
S 126633786 286 100373 2
S 126644785 286 100375 2
S 126655784 286 100373 2
S 126666783 286 100377 2
S 126677783 286 100375 2
S 126688782 286 100373 2
S 126699781 286 100375 2
S 126710781 286 100373 2
S 126721780 286 100373 2
S 126732779 286 100376 2
S 126743779 286 100378 2
S 126754778 286 100374 2
S 126765777 286 100376 2
S 126776777 286 100376 2
S 126787776 286 100376 2
S 126798775 286 100374 2
S 126809775 286 100375 2
S 126820774 286 100373 2
S 126831773 286 100376 2
S 126847772 286 100380 2
S 126858771 286 100378 2
S 126869771 286 100378 2
S 126880770 286 100379 2
S 126891769 286 100379 2
S 126902769 286 100382 2
S 126913768 286 100377 2
S 126924767 286 100382 2
S 126935767 286 100377 2
S 126946766 286 100381 2
S 126957765 286 100379 2
S 126968765 286 100379 2
S 126979764 286 100375 2
S 126990763 286 100376 2
S 127001763 286 100377 2
S 127012762 286 100378 2
S 127023761 286 100379 2
S 127034760 286 100378 2
S 127045760 286 100379 2
S 127056759 286 100376 2
S 127067758 286 100376 2
S 127078758 286 100380 2
S 127089757 286 100379 2
S 127100756 286 100377 2
S 127111756 286 100377 2
S 127122755 286 100376 2
S 127133754 286 100378 2
S 127144754 286 100379 2
S 127155753 286 100379 2
S 127166752 286 100379 2
S 127177752 286 100381 2
S 127188751 286 100382 2
S 127199750 286 100377 2
S 127210749 286 100377 2
S 127221749 286 100375 2
S 127232748 286 100381 2
S 127243747 286 100379 2
S 127254747 286 100378 2
S 127265746 286 100377 2
S 127276745 286 100377 2
S 127287745 286 100377 2
S 127298744 286 100379 2
S 127309743 286 100379 2
S 127320743 286 100381 2
S 127331742 286 100380 2
S 127342741 286 100380 2
S 127353741 286 100381 2
S 127364740 286 100376 2
S 127375739 286 100378 2
S 127386738 286 100381 2
S 127397738 286 100379 2
S 127408737 286 100379 2
S 127419736 286 100379 2
S 127430736 286 100378 2
S 127441735 286 100383 2
S 127452734 286 100385 2
S 127463734 286 100376 2
S 127474733 286 100376 2
S 127485732 286 100375 2
S 127496732 286 100380 2
S 127507731 286 100383 2
S 127518730 286 100374 2
S 127529730 286 100377 2
S 127540729 286 100379 2
S 127551728 286 100381 2
S 127562727 286 100379 2
S 127573727 286 100376 2
S 127584726 286 100376 2
S 127595725 286 100374 2
S 127606725 286 100377 2
S 127617724 286 100379 2
S 127628723 286 100378 2
S 127639723 286 100376 2
S 127650722 286 100377 2
S 127661721 286 100374 2
S 127672721 286 100379 2
S 127683720 286 100381 2
S 127694719 286 100378 2
S 127705719 286 100384 2
S 127716718 286 100378 2
S 127727717 286 100379 2
S 127738716 286 100384 2
S 127749716 286 100384 2
S 127760715 286 100378 2
S 127771714 286 100379 2
S 127782714 286 100377 2
S 127793713 286 100378 2
S 127804712 286 100376 2
S 127815712 286 100379 2
S 127826711 286 100381 2
S 127837710 286 100376 2
S 127853709 286 100376 2
S 127864709 286 100375 2
S 127875708 286 100376 2
S 127886707 286 100376 2
S 127897707 286 100374 2
S 127908706 286 100379 2
S 127919705 286 100374 2
S 127930704 286 100374 2
S 127941704 286 100375 2
S 127952703 286 100376 2
S 127963702 286 100376 2
S 127974702 286 100375 2
S 127985701 286 100374 2
S 127996700 286 100376 2
S 128007700 286 100373 2
S 128018699 286 100372 2
S 128029698 286 100370 2
S 128040698 286 100372 2
S 128051697 286 100374 2
S 128062696 286 100377 2
S 128073696 286 100370 2
S 128084695 286 100377 2
S 128095694 286 100380 2
S 128106693 286 100376 2
S 128117693 286 100376 2
S 128128692 286 100373 2
S 128139691 286 100374 2
S 128150691 286 100379 2
S 128161690 286 100376 2
S 128172689 286 100372 2
S 128183689 286 100371 2
S 128194688 286 100380 2
S 128205687 286 100371 2
S 128216687 286 100373 2
S 128227686 286 100376 2
S 128238685 286 100372 2
S 128249685 286 100371 2
S 128260684 286 100374 2
S 128271683 286 100379 2
S 128282682 286 100375 2
S 128293682 286 100380 2
S 128304681 286 100379 2
S 128315680 286 100376 2
S 128326680 286 100376 2
S 128337679 286 100372 2
S 128348678 286 100372 2
S 128359678 286 100373 2
S 128370677 286 100373 2
S 128381676 286 100375 2
S 128392676 286 100375 2
S 128403675 286 100374 2
S 128414674 286 100373 2
S 128425674 286 100368 2
S 128436673 286 100372 2
S 128447672 286 100373 2
S 128458671 286 100375 2
S 128469671 286 100379 2
S 128480670 286 100376 2
S 128491669 286 100376 2
S 128502669 286 100373 2
S 128513668 286 100374 2
S 128524667 286 100373 2
S 128535667 286 100373 2
S 128546666 286 100370 2
S 128557665 286 100367 2
S 128568665 286 100373 2
S 128579664 286 100370 2
S 128590663 286 100374 2
S 128601663 286 100375 2
S 128612662 286 100373 2
S 128623661 286 100372 2
S 128634660 286 100375 2
S 128645660 286 100372 2
S 128656659 286 100369 2
S 128667658 286 100367 2
S 128678658 286 100366 2
S 128689657 286 100373 2
S 128700656 286 100375 2
S 128711656 286 100372 2
S 128722655 286 100373 2
S 128733654 286 100372 2
S 128744654 286 100374 2
S 128755653 286 100372 2
S 128766652 286 100376 2
S 128777652 286 100379 2
S 128788651 286 100376 2
S 128799650 286 100374 2
S 128810649 286 100375 2
S 128821649 286 100378 2
S 128832648 286 100376 2
S 128843647 286 100374 2
S 128859646 286 100380 2
S 128870646 286 100380 2
S 128881645 286 100377 2
S 128892644 286 100377 2
S 128903644 286 100377 2
S 128914643 286 100376 2
S 128925642 286 100378 2
S 128936642 286 100377 2
S 128947641 286 100378 2
S 128958640 286 100376 2
S 128969640 286 100382 2
S 128980639 286 100381 2
S 128991638 286 100381 2
S 129002637 286 100379 2
S 129013637 286 100377 2
S 129024636 286 100377 2
S 129035635 286 100379 2
S 129046635 286 100379 2
S 129057634 286 100382 2
S 129068633 286 100377 2
S 129079633 286 100378 2
S 129090632 286 100381 2
S 129101631 286 100380 2
S 129112631 286 100379 2
S 129123630 286 100381 2
S 129134629 286 100381 2
S 129145629 286 100382 2
S 129156628 286 100379 2
S 129167627 286 100377 2
S 129178626 286 100380 2
S 129189626 286 100378 2
S 129200625 286 100379 2
S 129211624 286 100377 2
S 129222624 286 100376 2
S 129233623 286 100379 2
S 129244622 286 100380 2
S 129255622 286 100377 2
S 129266621 286 100379 2
S 129277620 286 100376 2
S 129288620 286 100379 2
S 129299619 286 100379 2
S 129310618 286 100376 2
S 129321618 286 100376 2
S 129332617 286 100379 2
S 129343616 286 100377 2
S 129354615 286 100376 2
S 129365615 286 100379 2
S 129376614 286 100379 2
S 129387613 286 100379 2
S 129398613 286 100376 2
S 129409612 286 100377 2
S 129420611 286 100373 2
S 129431611 286 100373 2
S 129442610 286 100375 2
S 129453609 286 100378 2
S 129464609 286 100375 2
S 129475608 286 100378 2
S 129486607 286 100377 2
S 129497607 286 100379 2
S 129508606 286 100376 2
S 129519605 286 100377 2
S 129530604 286 100376 2
S 129541604 286 100375 2
S 129552603 286 100378 2
S 129563602 286 100379 2
S 129574602 286 100378 2
S 129585601 286 100380 2
S 129596600 286 100379 2
S 129607600 286 100380 2
S 129618599 286 100378 2
S 129629598 286 100377 2
S 129640598 286 100378 2
S 129651597 286 100376 2
S 129662596 286 100379 2
S 129673596 286 100378 2
S 129684595 286 100378 2
S 129695594 286 100380 2
S 129706593 286 100381 2
S 129717593 286 100383 2
S 129728592 286 100379 2
S 129739591 286 100376 2
S 129750591 286 100377 2
S 129761590 286 100377 2
S 129772589 286 100378 2
S 129783589 286 100380 2
S 129794588 286 100379 2
S 129805587 286 100379 2
S 129816587 286 100378 2
S 129827586 286 100379 2
S 129838585 286 100378 2
S 129849585 286 100376 2
S 129865584 286 100376 2
S 129876583 286 100376 2
S 129887582 286 100376 2
S 129898581 286 100378 2
S 129909581 286 100376 2
S 129920580 286 100376 2
S 129931579 286 100377 2
S 129942579 286 100377 2
S 129953578 286 100373 2
S 129964577 286 100373 2
S 129975577 286 100376 2
S 129986576 286 100377 2
S 129997575 286 100372 2
S 130008575 286 100376 2
S 130019574 286 100373 2
S 130030573 286 100377 2
S 130041573 286 100375 2
S 130052572 286 100371 2
S 130063571 286 100373 2
S 130074570 286 100377 2
S 130085570 286 100374 2
S 130096569 286 100376 2
S 130107568 286 100372 2
S 130118568 286 100374 2
S 130129567 286 100373 2
S 130140566 286 100376 2
S 130151566 286 100375 2
S 130162565 286 100373 2
S 130173564 286 100376 2
S 130184564 286 100376 2
S 130195563 286 100381 2
S 130206562 286 100379 2
S 130217562 286 100377 2
S 130228561 286 100374 2
S 130239560 286 100377 2
S 130250559 286 100377 2
S 130261559 286 100375 2
S 130272558 286 100375 2
S 130283557 286 100375 2
S 130294557 286 100380 2
S 130305556 286 100376 2
S 130316555 286 100377 2
S 130327555 286 100378 2
S 130338554 286 100376 2
S 130349553 286 100377 2
S 130360553 286 100376 2
S 130371552 286 100373 2
S 130382551 286 100374 2
S 130393551 286 100377 2
S 130404550 286 100373 2
S 130415549 286 100374 2
S 130426548 286 100376 2
S 130437548 286 100376 2
S 130448547 286 100375 2
S 130459546 286 100372 2
S 130470546 286 100375 2
S 130481545 286 100376 2
S 130492544 286 100377 2
S 130503544 286 100373 2
S 130514543 286 100373 2
S 130525542 286 100377 2
S 130536542 286 100378 2
S 130547541 286 100374 2
S 130558540 286 100375 2
S 130569540 286 100372 2
S 130580539 286 100375 2
S 130591538 286 100376 2
S 130602537 286 100373 2
S 130613537 286 100375 2
S 130624536 286 100373 2
S 130635535 286 100376 2
S 130646535 286 100373 2
S 130657534 286 100373 2
S 130668533 286 100375 2
S 130679533 286 100373 2
S 130690532 286 100378 2
S 130701531 286 100379 2
S 130712531 286 100383 2
S 130723530 286 100379 2
S 130734529 286 100376 2
S 130745529 286 100379 2
S 130756528 286 100374 2
S 130767527 286 100379 2
S 130778526 286 100376 2
S 130789526 286 100376 2
S 130800525 286 100376 2
S 130811524 286 100377 2
S 130822524 286 100379 2
S 130833523 286 100377 2
S 130844522 286 100377 2
S 130855522 286 100377 2
S 130871521 286 100390 2
S 130882520 286 100383 2
S 130893519 286 100383 2
S 130904519 286 100379 2
S 130915518 286 100380 2
S 130926517 286 100381 2
S 130937517 286 100382 2
S 130948516 286 100380 2
S 130959515 286 100381 2
S 130970514 286 100380 2
S 130981514 286 100378 2
S 130992513 286 100379 2
S 131003512 286 100380 2
S 131014512 286 100380 2
S 131025511 286 100382 2
S 131036510 286 100384 2
S 131047510 286 100382 2
S 131058509 286 100376 2
S 131069508 286 100380 2
S 131080508 286 100382 2
S 131091507 286 100380 2
S 131102506 286 100380 2
S 131113506 286 100381 2
S 131124505 286 100379 2
S 131135504 286 100382 2
S 131146503 286 100379 2
S 131157503 286 100379 2
S 131168502 286 100381 2
S 131179501 286 100379 2
S 131190501 286 100382 2
S 131201500 286 100381 2
S 131212499 286 100379 2
S 131223499 286 100382 2
S 131234498 286 100382 2
S 131245497 286 100381 2
S 131256497 286 100380 2
S 131267496 286 100382 2
S 131278495 286 100379 2
S 131289495 286 100383 2
S 131300494 286 100378 2
S 131311493 286 100378 2
S 131322492 286 100382 2
S 131333492 286 100382 2
S 131344491 286 100379 2
S 131355490 286 100376 2
S 131366490 286 100382 2
S 131377489 286 100382 2
S 131388488 286 100382 2
S 131399488 286 100384 2
S 131410487 286 100379 2
S 131421486 286 100388 2
S 131432486 286 100384 2
S 131443485 286 100380 2
S 131454484 286 100386 2
S 131465484 286 100383 2
S 131476483 286 100379 2
S 131487482 286 100380 2
S 131498481 286 100384 2
S 131509481 286 100382 2
S 131520480 286 100378 2
S 131531479 286 100380 2
S 131542479 286 100376 2
S 131553478 286 100374 2
S 131564477 286 100382 2
S 131575477 286 100376 2
S 131586476 286 100377 2
S 131597475 286 100380 2
S 131608475 286 100375 2
S 131619474 286 100370 2
S 131630473 286 100376 2
S 131641473 286 100377 2
S 131652472 286 100377 2
S 131663471 286 100377 2
S 131674470 286 100376 2
S 131685470 286 100379 2
S 131696469 286 100378 2
S 131707468 286 100375 2
S 131718468 286 100376 2
S 131729467 286 100378 2
S 131740466 286 100382 2
S 131751466 286 100380 2
S 131762465 286 100382 2
S 131773464 286 100380 2
S 131784464 286 100378 2
S 131795463 286 100379 2
S 131806462 286 100377 2
S 131817462 286 100379 2
S 131828461 286 100381 2
S 131839460 286 100382 2
S 131850459 286 100379 2
S 131861459 286 100380 2
S 131877458 286 100382 2
S 131888457 286 100379 2
S 131899456 286 100377 2
S 131910456 286 100378 2
S 131921455 286 100378 2
S 131932454 286 100384 2
S 131943454 286 100382 2
S 131954453 286 100379 2
S 131965452 286 100378 2
S 131976452 286 100377 2
S 131987451 286 100378 2
S 131998450 286 100374 2
S 132009450 286 100379 2
S 132020449 286 100381 2
S 132031448 286 100383 2
S 132042447 286 100377 2
S 132053447 286 100380 2
S 132064446 286 100384 2
S 132075445 286 100383 2
S 132086445 286 100383 2
S 132097444 286 100385 2
S 132108443 286 100386 2
S 132119443 286 100386 2
S 132130442 286 100382 2
S 132141441 286 100385 2
S 132152441 286 100382 2
S 132163440 286 100385 2
S 132174439 286 100382 2
S 132185439 286 100384 2
S 132196438 286 100380 2
S 132207437 286 100381 2
S 132218436 286 100381 2
S 132229436 286 100379 2
S 132240435 286 100379 2
S 132251434 286 100379 2
S 132262434 286 100379 2
S 132273433 286 100376 2
S 132284432 286 100380 2
S 132295432 286 100382 2
S 132306431 286 100381 2
S 132317430 286 100381 2
S 132328430 286 100383 2
S 132339429 286 100382 2
S 132350428 286 100376 2
S 132361428 286 100370 2
S 132372427 286 100373 2
S 132383426 286 100366 2
S 132394425 286 100373 2
S 132405425 286 100376 2
S 132416424 286 100377 2
S 132427423 286 100368 2
S 132438423 286 100369 2
S 132449422 286 100371 2
S 132460421 286 100374 2
S 132471421 286 100379 2
S 132482420 286 100373 2
S 132493419 286 100372 2
S 132504419 286 100373 2
S 132515418 286 100371 2
S 132526417 286 100377 2
S 132537417 286 100373 2
S 132548416 286 100376 2
S 132559415 286 100373 2
S 132570414 286 100378 2
S 132581414 286 100379 2
S 132592413 286 100373 2
S 132603412 286 100370 2
S 132614412 286 100375 2
S 132625411 286 100370 2
S 132636410 286 100370 2
S 132647410 286 100373 2
S 132658409 286 100370 2
S 132669408 286 100372 2
S 132680408 286 100368 2
S 132691407 286 100373 2
S 132702406 286 100375 2
S 132713406 286 100370 2
S 132724405 286 100376 2
S 132735404 286 100372 2
S 132746403 286 100370 2
S 132757403 286 100373 2
S 132768402 286 100370 2
S 132779401 286 100373 2
S 132790401 286 100374 2
S 132801400 286 100372 2
S 132812399 286 100376 2
S 132823399 286 100371 2
S 132834398 286 100369 2
S 132845397 286 100370 2
S 132856397 286 100370 2
S 132867396 286 100376 2
S 132883395 286 100376 2
S 132894394 286 100372 2
S 132905394 286 100373 2
S 132916393 286 100375 2
S 132927392 286 100375 2
S 132938391 286 100373 2
S 132949391 286 100377 2
S 132960390 286 100375 2
S 132971389 286 100373 2
S 132982389 286 100378 2
S 132993388 286 100373 2
S 133004387 286 100370 2
S 133015387 286 100378 2
S 133026386 286 100379 2
S 133037385 286 100376 2
S 133048385 286 100373 2
S 133059384 286 100382 2
S 133070383 286 100378 2
S 133081383 286 100375 2
S 133092382 286 100378 2
S 133103381 286 100380 2
S 133114380 286 100378 2
S 133125380 286 100379 2
S 133136379 286 100380 2
S 133147378 286 100379 2
S 133158378 286 100380 2
S 133169377 286 100376 2
S 133180376 286 100376 2
S 133191376 286 100373 2
S 133202375 286 100368 2
S 133213374 286 100375 2
S 133224374 286 100376 2
S 133235373 286 100373 2
S 133246372 286 100369 2
S 133257372 286 100374 2
S 133268371 286 100370 2
S 133279370 286 100372 2
S 133290369 286 100376 2
S 133301369 286 100373 2
S 133312368 286 100371 2
S 133323367 286 100373 2
S 133334367 286 100373 2
S 133345366 286 100370 2
S 133356365 286 100375 2
S 133367365 286 100371 2
S 133378364 286 100373 2
S 133389363 286 100373 2
S 133400363 286 100372 2
S 133411362 286 100374 2
S 133422361 286 100374 2
S 133433361 286 100368 2
S 133444360 286 100372 2
S 133455359 286 100373 2
S 133466358 286 100376 2
S 133477358 286 100371 2
S 133488357 286 100373 2
S 133499356 286 100379 2
S 133510356 286 100375 2
S 133521355 286 100375 2
S 133532354 286 100374 2
S 133543354 286 100374 2
S 133554353 286 100376 2
S 133565352 286 100371 2
S 133576352 286 100376 2
S 133587351 286 100374 2
S 133598350 286 100373 2
S 133609350 286 100371 2
S 133620349 286 100378 2
S 133631348 286 100370 2
S 133642347 286 100373 2
S 133653347 286 100373 2
S 133664346 286 100373 2
S 133675345 286 100369 2
S 133686345 286 100370 2
S 133697344 286 100373 2
S 133708343 286 100371 2
S 133719343 286 100374 2
S 133730342 286 100371 2
S 133741341 286 100368 2
S 133752341 286 100370 2
S 133763340 286 100371 2
S 133774339 286 100368 2
S 133785339 286 100370 2
S 133796338 286 100369 2
S 133807337 286 100376 2
S 133818336 286 100375 2
S 133829336 286 100369 2
S 133840335 286 100367 2
S 133851334 286 100372 2
S 133862334 286 100373 2
S 133873333 286 100371 2
S 133889332 286 100373 2
S 133900331 286 100371 2
S 133911331 286 100370 2
S 133922330 286 100370 2
S 133933329 286 100365 2
S 133944329 286 100367 2
S 133955328 286 100369 2
S 133966327 286 100371 2
S 133977327 286 100373 2
S 133988326 286 100367 2
S 133999325 286 100372 2
S 134010324 286 100369 2
S 134021324 286 100369 2
S 134032323 286 100370 2
S 134043322 286 100369 2
S 134054322 286 100369 2
S 134065321 286 100370 2
S 134076320 286 100368 2
S 134087320 286 100367 2
S 134098319 286 100370 2
S 134109318 286 100368 2
S 134120318 286 100368 2
S 134131317 286 100373 2
S 134142316 286 100375 2
S 134153316 286 100372 2
S 134164315 286 100370 2
S 134175314 286 100372 2
S 134186313 286 100376 2
S 134197313 286 100370 2
S 134208312 286 100373 2
S 134219311 286 100373 2
S 134230311 286 100369 2
S 134241310 286 100370 2
S 134252309 286 100374 2
S 134263309 286 100373 2
S 134274308 286 100371 2
S 134285307 286 100368 2
S 134296307 286 100375 2
S 134307306 286 100366 2
S 134318305 286 100371 2
S 134329305 286 100369 2
S 134340304 286 100368 2
S 134351303 286 100376 2
S 134362302 286 100370 2
S 134373302 286 100373 2
S 134384301 286 100371 2
S 134395300 286 100370 2
S 134406300 286 100370 2
S 134417299 286 100376 2
S 134428298 286 100376 2
S 134439298 286 100377 2
S 134450297 286 100372 2
S 134461296 286 100373 2
S 134472296 286 100367 2
S 134483295 286 100370 2
S 134494294 286 100368 2
S 134505294 286 100369 2
S 134516293 286 100372 2
S 134527292 286 100371 2
S 134538291 286 100378 2
S 134549291 286 100375 2
S 134560290 286 100377 2
S 134571289 286 100375 2
S 134582289 286 100376 2
S 134593288 286 100371 2
S 134604287 286 100368 2
S 134615287 286 100375 2
S 134626286 286 100375 2
S 134637285 286 100368 2
S 134648285 286 100371 2
S 134659284 286 100371 2
S 134670283 286 100373 2
S 134681283 286 100376 2
S 134692282 286 100373 2
S 134703281 286 100376 2
S 134714280 286 100376 2
S 134725280 286 100375 2
S 134736279 286 100373 2
S 134747278 286 100367 2
S 134758278 286 100373 2
S 134769277 286 100373 2
S 134780276 286 100373 2
S 134791276 286 100375 2
S 134802275 286 100372 2
S 134813274 286 100371 2
S 134824274 286 100373 2
S 134835273 286 100373 2
S 134846272 286 100371 2
S 134857272 286 100373 2
S 134868271 286 100378 2
S 134879270 286 100376 2
S 134895269 286 100377 2
S 134906268 286 100377 2
S 134917268 286 100379 2
S 134928267 286 100379 2
S 134939266 286 100380 2
S 134950266 286 100380 2
S 134961265 286 100379 2
S 134972264 286 100380 2
S 134983264 286 100375 2
S 134994263 286 100383 2
S 135005262 286 100382 2
S 135016262 286 100379 2
S 135027261 286 100374 2
S 135038260 286 100380 2
S 135049260 286 100381 2
S 135060259 286 100379 2
S 135071258 286 100380 2
S 135082257 286 100380 2
S 135093257 286 100384 2
S 135104256 286 100385 2
S 135115255 286 100384 2
S 135126255 286 100378 2
S 135137254 286 100386 2
S 135148253 286 100382 2
S 135159253 286 100383 2
S 135170252 286 100387 2
S 135181251 286 100380 2
S 135192251 286 100379 2
S 135203250 286 100382 2
S 135214249 286 100381 2
S 135225249 286 100383 2
S 135236248 286 100383 2
S 135247247 286 100382 2
S 135258246 286 100382 2
S 135269246 286 100384 2
S 135280245 286 100379 2
S 135291244 286 100378 2
S 135302244 286 100383 2
S 135313243 286 100382 2
S 135324242 286 100380 2
S 135335242 286 100382 2
S 135346241 286 100383 2
S 135357240 286 100385 2
S 135368240 286 100373 2
S 135379239 286 100379 2
S 135390238 286 100379 2
S 135401238 286 100379 2
S 135412237 286 100379 2
S 135423236 286 100383 2
S 135434235 286 100383 2
S 135445235 286 100382 2
S 135456234 286 100379 2
S 135467233 286 100378 2
S 135478233 286 100378 2
S 135489232 286 100380 2
S 135500231 286 100380 2
S 135511231 286 100385 2
S 135522230 286 100387 2
S 135533229 286 100379 2
S 135544229 286 100382 2
S 135555228 286 100378 2
S 135566227 286 100379 2
S 135577227 286 100379 2
S 135588226 286 100381 2
S 135599225 286 100382 2
S 135610224 286 100379 2
S 135621224 286 100382 2
S 135632223 286 100384 2
S 135643222 286 100377 2
S 135654222 286 100379 2
S 135665221 286 100379 2
S 135676220 286 100379 2
S 135687220 286 100379 2
S 135698219 286 100378 2
S 135709218 286 100380 2
S 135720218 286 100378 2
S 135731217 286 100381 2
S 135742216 286 100382 2
S 135753216 286 100380 2
S 135764215 286 100379 2
S 135775214 286 100379 2
S 135786213 286 100378 2
S 135797213 286 100375 2
S 135808212 286 100380 2
S 135819211 286 100380 2
S 135830211 286 100378 2
S 135841210 286 100381 2
S 135852209 286 100381 2
S 135863209 286 100382 2
S 135874208 286 100379 2
S 135885207 286 100380 2
S 135901206 286 100380 2
S 135912206 286 100382 2
S 135923205 286 100379 2
S 135934204 286 100379 2
S 135945204 286 100377 2
S 135956203 286 100376 2
S 135967202 286 100376 2
S 135978201 286 100376 2
S 135989201 286 100377 2
S 136000200 286 100374 2
S 136011199 286 100375 2
S 136022199 286 100374 2
S 136033198 286 100373 2
S 136044197 286 100381 2
S 136055197 286 100375 2
S 136066196 286 100376 2
S 136077195 286 100379 2
S 136088195 286 100373 2
S 136099194 286 100376 2
S 136110193 286 100373 2
S 136121193 286 100376 2
S 136132192 286 100373 2
S 136143191 286 100375 2
S 136154190 286 100373 2
S 136165190 286 100373 2
S 136176189 286 100376 2
S 136187188 286 100378 2
S 136198188 286 100374 2
S 136209187 286 100374 2
S 136220186 286 100381 2
S 136231186 286 100375 2
S 136242185 286 100376 2
S 136253184 286 100379 2
S 136264184 286 100373 2
S 136275183 286 100380 2
S 136286182 286 100382 2
S 136297182 286 100377 2
S 136308181 286 100381 2
S 136319180 286 100378 2
S 136330179 286 100378 2
S 136341179 286 100379 2
S 136352178 286 100380 2
S 136363177 286 100378 2
S 136374177 286 100379 2
S 136385176 286 100378 2
S 136396175 286 100379 2
S 136407175 286 100379 2
S 136418174 286 100379 2
S 136429173 286 100382 2
S 136440173 286 100382 2
S 136451172 286 100378 2
S 136462171 286 100377 2
S 136473171 286 100384 2
S 136484170 286 100380 2
S 136495169 286 100380 2
S 136506168 286 100379 2
S 136517168 286 100375 2
S 136528167 286 100379 2
S 136539166 286 100376 2
S 136550166 286 100375 2
S 136561165 286 100372 2
S 136572164 286 100381 2
S 136583164 286 100377 2
S 136594163 286 100376 2
S 136605162 286 100381 2
S 136616162 286 100381 2
S 136627161 286 100381 2
S 136638160 286 100380 2
S 136649160 286 100380 2
S 136660159 286 100378 2
S 136671158 286 100379 2
S 136682157 286 100380 2
S 136693157 286 100379 2
S 136704156 286 100370 2
S 136715155 286 100381 2
S 136726155 286 100379 2
S 136737154 286 100379 2
S 136748153 286 100373 2
S 136759153 286 100374 2
S 136770152 286 100374 2
S 136781151 286 100376 2
S 136792151 286 100374 2
S 136803150 286 100377 2
S 136814149 286 100376 2
S 136825149 286 100373 2
S 136836148 286 100376 2
S 136847147 286 100377 2
S 136858146 286 100379 2
S 136869146 286 100380 2
S 136880145 286 100379 2
S 136891144 286 100374 2
S 136907143 286 100387 2
S 136918143 286 100385 2
S 136929142 286 100385 2
S 136940141 286 100380 2
S 136951141 286 100385 2
S 136962140 286 100385 2
S 136973139 286 100382 2
S 136984139 286 100378 2
S 136995138 286 100377 2
S 137006137 286 100383 2
S 137017137 286 100379 2
S 137028136 286 100380 2
S 137039135 286 100385 2
S 137050134 286 100387 2
S 137061134 286 100384 2
S 137072133 286 100385 2
S 137083132 286 100378 2
S 137094132 286 100380 2
S 137105131 286 100384 2
S 137116130 286 100382 2
S 137127130 286 100385 2
S 137138129 286 100384 2
S 137149128 286 100385 2
S 137160128 286 100381 2
S 137171127 286 100385 2
S 137182126 286 100382 2
S 137193126 286 100382 2
S 137204125 286 100383 2
S 137215124 286 100382 2
S 137226123 286 100382 2
S 137237123 286 100383 2
S 137248122 286 100381 2
S 137259121 286 100384 2
S 137270121 286 100379 2
S 137281120 286 100384 2
S 137292119 286 100380 2
S 137303119 286 100385 2
S 137314118 286 100379 2
S 137325117 286 100382 2
S 137336117 286 100382 2
S 137347116 286 100380 2
S 137358115 286 100380 2
S 137369115 286 100379 2
S 137380114 286 100377 2
S 137391113 286 100379 2
S 137402112 286 100381 2
S 137413112 286 100385 2
S 137424111 286 100382 2
S 137435110 286 100381 2
S 137446110 286 100378 2
S 137457109 286 100376 2
S 137468108 286 100376 2
S 137479108 286 100379 2
S 137490107 286 100378 2
S 137501106 286 100381 2
S 137512106 286 100382 2
S 137523105 286 100380 2
S 137534104 286 100381 2
S 137545104 286 100385 2
S 137556103 286 100382 2
S 137567102 286 100382 2
S 137578101 286 100379 2
S 137589101 286 100382 2
S 137600100 286 100385 2
S 137611099 286 100383 2
S 137622099 286 100380 2
S 137633098 286 100379 2
S 137644097 286 100381 2
S 137655097 286 100377 2
S 137666096 286 100376 2
S 137677095 286 100386 2
S 137688095 286 100379 2
S 137699094 286 100382 2
S 137710093 286 100381 2
S 137721093 286 100379 2
S 137732092 286 100381 2
S 137743091 286 100380 2
S 137754090 286 100376 2
S 137765090 286 100382 2
S 137776089 286 100378 2
S 137787088 286 100380 2
S 137798088 286 100379 2
S 137809087 286 100382 2
S 137820086 286 100379 2
S 137831086 286 100376 2
S 137842085 286 100379 2
S 137853084 286 100377 2
S 137864084 286 100376 2
S 137875083 286 100378 2
S 137886082 286 100378 2
S 137897082 286 100382 2
S 137913081 286 100373 2
S 137924080 286 100376 2
S 137935079 286 100373 2
S 137946078 286 100378 2
S 137957078 286 100372 2
S 137968077 286 100373 2
S 137979076 286 100375 2
S 137990076 286 100375 2
S 138001076 286 100377 2
S 138012074 286 100374 2
S 138023074 286 100377 2
S 138034073 286 100376 2
S 138045072 286 100375 2
S 138056072 286 100378 2
S 138067071 286 100375 2
S 138078070 286 100377 2
S 138089070 286 100370 2
S 138100069 286 100371 2
S 138111068 286 100376 2
S 138122067 286 100376 2
S 138133067 286 100376 2
S 138144066 286 100377 2
S 138155065 286 100375 2
S 138166065 286 100370 2
S 138177064 286 100370 2
S 138188063 286 100373 2
S 138199063 286 100372 2
S 138210062 286 100371 2
S 138221061 286 100374 2
S 138232061 286 100373 2
S 138243060 286 100370 2
S 138254059 286 100376 2
S 138265059 286 100380 2
S 138276058 286 100374 2
S 138287057 286 100376 2
S 138298056 286 100377 2
S 138309056 286 100379 2
S 138320055 286 100379 2
S 138331054 286 100376 2
S 138342054 286 100375 2
S 138353053 286 100375 2
S 138364052 286 100376 2
S 138375052 286 100376 2
S 138386051 286 100376 2
S 138397050 286 100372 2
S 138408050 286 100373 2
S 138419049 286 100372 2
S 138430048 286 100376 2
S 138441048 286 100375 2
S 138452047 286 100378 2
S 138463046 286 100378 2
S 138474045 286 100379 2
S 138485045 286 100374 2
S 138496044 286 100379 2
S 138507043 286 100375 2
S 138518043 286 100377 2
S 138529042 286 100378 2
S 138540041 286 100376 2
S 138551041 286 100373 2
S 138562040 286 100373 2
S 138573039 286 100372 2
S 138584039 286 100376 2
S 138595038 286 100371 2
S 138606037 286 100374 2
S 138617037 286 100369 2
S 138628036 286 100371 2
S 138639035 286 100371 2
S 138650034 286 100372 2
S 138661034 286 100370 2
S 138672033 286 100373 2
S 138683032 286 100370 2
S 138694032 286 100372 2
S 138705031 286 100377 2
S 138716030 286 100374 2
S 138727030 286 100371 2
S 138738029 286 100376 2
S 138749028 286 100374 2
S 138760028 286 100374 2
S 138771027 286 100371 2
S 138782026 286 100376 2
S 138793026 286 100370 2
S 138804025 286 100375 2
S 138815024 286 100370 2
S 138826023 286 100376 2
S 138837023 286 100370 2
S 138848022 286 100370 2
S 138859021 286 100374 2
S 138870021 286 100375 2
S 138881020 286 100373 2
S 138892019 286 100366 2
S 138903019 286 100373 2
S 138919018 286 100381 2
S 138930017 286 100383 2
S 138941016 286 100388 2
S 138952016 286 100389 2
S 138963015 286 100388 2
S 138974014 286 100389 2
S 138985014 286 100388 2
S 138996013 286 100388 2
S 139007012 286 100385 2
S 139018011 286 100392 2
S 139029011 286 100390 2
S 139040010 286 100391 2
S 139051009 286 100393 2
S 139062009 286 100394 2
S 139073008 286 100392 2
S 139084007 286 100391 2
S 139095007 286 100388 2
S 139106006 286 100393 2
S 139117005 286 100387 2
S 139128005 286 100387 2
S 139139004 286 100392 2
S 139150003 286 100389 2
S 139161003 286 100388 2
S 139172002 286 100388 2
S 139183001 286 100387 2
S 139194000 286 100385 2
S 139205000 286 100388 2
S 139215999 286 100386 2
S 139226998 286 100390 2
S 139237998 286 100391 2
S 139248997 286 100388 2
S 139259996 286 100388 2
S 139270996 286 100390 2
S 139281995 286 100388 2
S 139292994 286 100385 2
S 139303994 286 100387 2
S 139314993 286 100388 2
S 139325992 286 100392 2
S 139336992 286 100393 2
S 139347991 286 100388 2
S 139358990 286 100392 2
S 139369989 286 100388 2
S 139380989 286 100386 2
S 139391988 286 100385 2
S 139402987 286 100380 2
S 139413987 286 100386 2
S 139424986 286 100387 2
S 139435985 286 100386 2
S 139446985 286 100388 2
S 139457984 286 100387 2
S 139468983 286 100384 2
S 139479983 286 100387 2
S 139490982 286 100382 2
S 139501981 286 100389 2
S 139512981 286 100383 2
S 139523980 286 100387 2
S 139534979 286 100387 2
S 139545978 286 100382 2
S 139556978 286 100385 2
S 139567977 286 100382 2
S 139578976 286 100379 2
S 139589976 286 100384 2
S 139600975 286 100384 2
S 139611974 286 100386 2
S 139622974 286 100382 2
S 139633973 286 100384 2
S 139644972 286 100385 2
S 139655972 286 100383 2
S 139666971 286 100382 2
S 139677970 286 100385 2
S 139688970 286 100382 2
S 139699969 286 100385 2
S 139710968 286 100383 2
S 139721967 286 100387 2
S 139732967 286 100388 2
S 139743966 286 100387 2
S 139754965 286 100385 2
S 139765965 286 100388 2
S 139776964 286 100387 2
S 139787963 286 100388 2
S 139798963 286 100390 2
S 139809962 286 100387 2
S 139820961 286 100385 2
S 139831961 286 100385 2
S 139842960 286 100383 2
S 139853959 286 100386 2
S 139864959 286 100385 2
S 139875958 286 100385 2
S 139886957 286 100383 2
S 139897956 286 100382 2
S 139908956 286 100385 2
S 139924955 286 100383 2
S 139935954 286 100384 2
S 139946953 286 100386 2
S 139957953 286 100387 2
S 139968952 286 100385 2
S 139979951 286 100383 2
S 139990951 286 100384 2
S 140001951 286 100378 2
S 140012949 286 100382 2
S 140023949 286 100386 2
S 140034948 286 100385 2
S 140045947 286 100391 2
S 140056947 286 100388 2
S 140067946 286 100382 2
S 140078945 286 100382 2
S 140089944 286 100385 2
S 140100944 286 100390 2
S 140111943 286 100389 2
S 140122942 286 100388 2
S 140133942 286 100388 2
S 140144941 286 100388 2
S 140155940 286 100389 2
S 140166940 286 100383 2
S 140177939 286 100388 2
S 140188938 286 100388 2
S 140199938 286 100392 2
S 140210937 286 100388 2
S 140221936 286 100392 2
S 140232936 286 100391 2
S 140243935 286 100390 2
S 140254934 286 100391 2
S 140265933 286 100385 2
S 140276933 286 100382 2
S 140287932 286 100379 2
S 140298931 286 100381 2
S 140309931 286 100385 2
S 140320930 286 100384 2
S 140331929 286 100382 2
S 140342929 286 100385 2
S 140353928 286 100385 2
S 140364927 286 100385 2
S 140375927 286 100383 2
S 140386926 286 100382 2
S 140397925 286 100390 2
S 140408925 286 100385 2
S 140419924 286 100379 2
S 140430923 286 100385 2
S 140441922 286 100382 2
S 140452922 286 100386 2
S 140463921 286 100385 2
S 140474920 286 100381 2
S 140485920 286 100388 2
S 140496919 286 100388 2
S 140507918 286 100383 2
S 140518918 286 100383 2
S 140529917 286 100385 2
S 140540916 286 100380 2
S 140551916 286 100385 2
S 140562915 286 100388 2
S 140573914 286 100388 2
S 140584914 286 100388 2
S 140595913 286 100385 2
S 140606912 286 100385 2
S 140617911 286 100381 2
S 140628911 286 100385 2
S 140639910 286 100384 2
S 140650909 286 100383 2
S 140661909 286 100385 2
S 140672908 286 100387 2
S 140683907 286 100390 2
S 140694907 286 100389 2
S 140705906 286 100387 2
S 140716905 286 100387 2
S 140727905 286 100384 2
S 140738904 286 100379 2
S 140749903 286 100385 2
S 140760903 286 100381 2
S 140771902 286 100380 2
S 140782901 286 100379 2
S 140793900 286 100383 2
S 140804900 286 100384 2
S 140815899 286 100382 2
S 140826898 286 100379 2
S 140837898 286 100382 2
S 140848897 286 100383 2
S 140859896 286 100389 2
S 140870896 286 100384 2
S 140881895 286 100385 2
S 140892894 286 100391 2
S 140903894 286 100390 2
S 140914893 286 100388 2
S 140930892 286 100391 2
S 140941891 286 100382 2
S 140952891 286 100387 2
S 140963890 286 100382 2
S 140974889 286 100384 2
S 140985888 286 100388 2
S 140996888 286 100385 2
S 141007887 286 100383 2
S 141018886 286 100379 2
S 141029886 286 100383 2
S 141040885 286 100381 2
S 141051884 286 100383 2
S 141062884 286 100382 2
S 141073883 286 100384 2
S 141084882 286 100379 2
S 141095882 286 100385 2
S 141106881 286 100391 2
S 141117880 286 100391 2
S 141128880 286 100382 2
S 141139879 286 100387 2
S 141150878 286 100386 2
S 141161877 286 100382 2
S 141172877 286 100386 2
S 141183876 286 100382 2
S 141194875 286 100383 2
S 141205875 286 100380 2
S 141216874 286 100386 2
S 141227873 286 100389 2
S 141238873 286 100385 2
S 141249872 286 100379 2
S 141260871 286 100385 2
S 141271871 286 100385 2
S 141282870 286 100383 2
S 141293869 286 100381 2
S 141304869 286 100380 2
S 141315868 286 100384 2
S 141326867 286 100377 2
S 141337866 286 100379 2
S 141348866 286 100378 2
S 141359865 286 100385 2
S 141370864 286 100382 2
S 141381864 286 100388 2
S 141392863 286 100382 2
S 141403862 286 100385 2
S 141414862 286 100382 2
S 141425861 286 100382 2
S 141436860 286 100385 2
S 141447860 286 100381 2
S 141458859 286 100382 2
S 141469858 286 100384 2
S 141480858 286 100382 2
S 141491857 286 100381 2
S 141502856 286 100385 2
S 141513855 286 100379 2
S 141524855 286 100379 2
S 141535854 286 100388 2
S 141546853 286 100384 2
S 141557853 286 100382 2
S 141568852 286 100380 2
S 141579851 286 100387 2
S 141590851 286 100381 2
S 141601850 286 100380 2
S 141612849 286 100385 2
S 141623849 286 100387 2
S 141634848 286 100381 2
S 141645847 286 100384 2
S 141656847 286 100381 2
S 141667846 286 100381 2
S 141678845 286 100382 2
S 141689844 286 100384 2
S 141700844 286 100382 2
S 141711843 286 100382 2
S 141722842 286 100380 2
S 141733842 286 100380 2
S 141744841 286 100384 2
S 141755840 286 100387 2
S 141766840 286 100383 2
S 141777839 286 100380 2
S 141788838 286 100385 2
S 141799838 286 100380 2
S 141810837 286 100385 2
S 141821836 286 100385 2
S 141832836 286 100383 2
S 141843835 286 100383 2
S 141854834 286 100382 2
S 141865833 286 100380 2
S 141876833 286 100377 2
S 141887832 286 100379 2
S 141898831 286 100380 2
S 141909831 286 100377 2
S 141920830 286 100382 2
S 141936829 286 100382 2
S 141947828 286 100383 2
S 141958828 286 100384 2
S 141969827 286 100377 2
S 141980826 286 100381 2
S 141991826 286 100383 2
S 142002825 286 100387 2
S 142013824 286 100382 2
S 142024824 286 100387 2
S 142035823 286 100381 2
S 142046822 286 100382 2
S 142057821 286 100383 2
S 142068821 286 100384 2
S 142079820 286 100382 2
S 142090819 286 100383 2
S 142101819 286 100384 2
S 142112818 286 100385 2
S 142123817 286 100382 2
S 142134817 286 100382 2
S 142145816 286 100383 2
S 142156815 286 100383 2
S 142167815 286 100384 2
S 142178814 286 100387 2
S 142189813 286 100386 2
S 142200813 286 100388 2
S 142211812 286 100383 2
S 142222811 286 100381 2
S 142233810 286 100384 2
S 142244810 286 100385 2
S 142255809 286 100384 2
S 142266808 286 100387 2
S 142277808 286 100377 2
S 142288807 286 100385 2
S 142299806 286 100376 2
S 142310806 286 100381 2
S 142321805 286 100382 2
S 142332804 286 100382 2
S 142343804 286 100379 2
S 142354803 286 100379 2
S 142365802 286 100384 2
S 142376802 286 100384 2
S 142387801 286 100382 2
S 142398800 286 100384 2
S 142409799 286 100385 2
S 142420799 286 100388 2
S 142431798 286 100381 2
S 142442797 286 100382 2
S 142453797 286 100382 2
S 142464796 286 100385 2
S 142475795 286 100388 2
S 142486795 286 100389 2
S 142497794 286 100384 2
S 142508793 286 100385 2
S 142519793 286 100383 2
S 142530792 286 100385 2
S 142541791 286 100388 2
S 142552791 286 100388 2
S 142563790 286 100383 2
S 142574789 286 100385 2
S 142585788 286 100385 2
S 142596788 286 100385 2
S 142607787 286 100386 2
S 142618786 286 100386 2
S 142629786 286 100385 2
S 142640785 286 100381 2
S 142651784 286 100385 2
S 142662784 286 100382 2
S 142673783 286 100385 2
S 142684782 286 100384 2
S 142695782 286 100385 2
S 142706781 286 100382 2
S 142717780 286 100382 2
S 142728780 286 100378 2
S 142739779 286 100379 2
S 142750778 286 100374 2
S 142761777 286 100379 2
S 142772777 286 100373 2
S 142783776 286 100377 2
S 142794775 286 100378 2
S 142805775 286 100380 2
S 142816774 286 100377 2
S 142827773 286 100376 2
S 142838773 286 100382 2
S 142849772 286 100379 2
S 142860771 286 100376 2
S 142871771 286 100375 2
S 142882770 286 100381 2
S 142893769 286 100379 2
S 142904769 286 100382 2
S 142915768 286 100382 2
S 142926767 286 100377 2
S 142942766 286 100382 2
S 142953765 286 100377 2
S 142964765 286 100380 2
S 142975764 286 100373 2
S 142986763 286 100376 2
S 142997763 286 100379 2
S 143008762 286 100372 2
S 143019761 286 100381 2
S 143030761 286 100376 2
S 143041760 286 100377 2
S 143052759 286 100377 2
S 143063759 286 100382 2
S 143074758 286 100378 2
S 143085757 286 100379 2
S 143096757 286 100378 2
S 143107756 286 100377 2
S 143118755 286 100376 2
S 143129754 286 100377 2
S 143140754 286 100378 2
S 143151753 286 100379 2
S 143162752 286 100380 2
S 143173752 286 100379 2
S 143184751 286 100376 2
S 143195750 286 100377 2
S 143206750 286 100380 2
S 143217749 286 100375 2
S 143228748 286 100378 2
S 143239748 286 100373 2
S 143250747 286 100378 2
S 143261746 286 100381 2
S 143272746 286 100376 2
S 143283745 286 100376 2
S 143294744 286 100379 2
S 143305743 286 100381 2
S 143316743 286 100378 2
S 143327742 286 100378 2
S 143338741 286 100379 2
S 143349741 286 100381 2
S 143360740 286 100376 2
S 143371739 286 100379 2
S 143382739 286 100375 2
S 143393738 286 100373 2
S 143404737 286 100369 2
S 143415737 286 100369 2
S 143426736 286 100371 2
S 143437735 286 100372 2
S 143448735 286 100379 2
S 143459734 286 100375 2
S 143470733 286 100380 2
S 143481732 286 100379 2
S 143492732 286 100376 2
S 143503731 286 100377 2
S 143514730 286 100376 2
S 143525730 286 100376 2
S 143536729 286 100373 2
S 143547728 286 100373 2
S 143558728 286 100379 2
S 143569727 286 100376 2
S 143580726 286 100376 2
S 143591726 286 100372 2
S 143602725 286 100381 2
S 143613724 286 100376 2
S 143624724 286 100373 2
S 143635723 286 100376 2
S 143646722 286 100376 2
S 143657721 286 100373 2
S 143668721 286 100379 2
S 143679720 286 100373 2
S 143690719 286 100376 2
S 143701719 286 100373 2
S 143712718 286 100373 2
S 143723717 286 100371 2
S 143734717 286 100376 2
S 143745716 286 100376 2
S 143756715 286 100373 2
S 143767715 286 100376 2
S 143778714 286 100376 2
S 143789713 286 100373 2
S 143800713 286 100378 2
S 143811712 286 100378 2
S 143822711 286 100376 2
S 143833710 286 100380 2
S 143844710 286 100382 2
S 143855709 286 100376 2
S 143866708 286 100377 2
S 143877708 286 100377 2
S 143888707 286 100376 2
S 143899706 286 100376 2
S 143910706 286 100377 2
S 143921705 286 100379 2
S 143932704 286 100380 2
S 143948703 286 100381 2
S 143959703 286 100385 2
S 143970702 286 100385 2
S 143981701 286 100388 2
S 143992701 286 100382 2
S 144003700 286 100385 2
S 144014699 286 100381 2
S 144025698 286 100384 2
S 144036698 286 100382 2
S 144047697 286 100380 2
S 144058696 286 100382 2
S 144069696 286 100382 2
S 144080695 286 100376 2
S 144091694 286 100379 2
S 144102694 286 100382 2
S 144113693 286 100378 2
S 144124692 286 100379 2
S 144135692 286 100379 2
S 144146691 286 100378 2
S 144157690 286 100374 2
S 144168690 286 100374 2
S 144179689 286 100373 2
S 144190688 286 100371 2
S 144201687 286 100382 2
S 144212687 286 100380 2
S 144223686 286 100373 2
S 144234685 286 100376 2
S 144245685 286 100380 2
S 144256684 286 100377 2
S 144267683 286 100379 2
S 144278683 286 100380 2
S 144289682 286 100380 2
S 144300681 286 100374 2
S 144311681 286 100375 2
S 144322680 286 100376 2
S 144333679 286 100380 2
S 144344679 286 100380 2
S 144355678 286 100379 2
S 144366677 286 100376 2
S 144377676 286 100375 2
S 144388676 286 100371 2
S 144399675 286 100371 2
S 144410674 286 100371 2
S 144421674 286 100374 2
S 144432673 286 100375 2
S 144443672 286 100375 2
S 144454672 286 100374 2
S 144465671 286 100376 2
S 144476670 286 100373 2
S 144487670 286 100376 2
S 144498669 286 100373 2
S 144509668 286 100374 2
S 144520668 286 100374 2
S 144531667 286 100377 2
S 144542666 286 100378 2
S 144553665 286 100376 2
S 144564665 286 100377 2
S 144575664 286 100376 2
S 144586663 286 100379 2
S 144597663 286 100381 2
S 144608662 286 100384 2
S 144619661 286 100380 2
S 144630661 286 100378 2
S 144641660 286 100381 2
S 144652659 286 100379 2
S 144663659 286 100381 2
S 144674658 286 100382 2
S 144685657 286 100377 2
S 144696657 286 100381 2
S 144707656 286 100382 2
S 144718655 286 100379 2
S 144729654 286 100377 2
S 144740654 286 100379 2
S 144751653 286 100382 2
S 144762652 286 100383 2
S 144773652 286 100382 2
S 144784651 286 100384 2
S 144795650 286 100386 2
S 144806650 286 100382 2
S 144817649 286 100383 2
S 144828648 286 100387 2
S 144839648 286 100384 2
S 144850647 286 100381 2
S 144861646 286 100385 2
S 144872646 286 100388 2
S 144883645 286 100387 2
S 144894644 286 100391 2
S 144905643 286 100382 2
S 144916643 286 100382 2
S 144927642 286 100385 2
S 144938641 286 100381 2
S 144954640 286 100386 2
S 144965640 286 100383 2
S 144976639 286 100377 2
S 144987638 286 100385 2
S 144998638 286 100382 2
S 145009637 286 100379 2
S 145020636 286 100383 2
S 145031636 286 100378 2
S 145042635 286 100378 2
S 145053634 286 100380 2
S 145064634 286 100381 2
S 145075633 286 100380 2
S 145086632 286 100379 2
S 145097631 286 100377 2
S 145108631 286 100379 2
S 145119630 286 100382 2
S 145130629 286 100379 2
S 145141629 286 100380 2
S 145152628 286 100379 2
S 145163627 286 100379 2
S 145174627 286 100380 2
S 145185626 286 100379 2
S 145196625 286 100378 2
S 145207625 286 100376 2
S 145218624 286 100381 2
S 145229623 286 100376 2
S 145240623 286 100378 2
S 145251622 286 100380 2
S 145262621 286 100376 2
S 145273620 286 100379 2
S 145284620 286 100378 2
S 145295619 286 100382 2
S 145306618 286 100381 2
S 145317618 286 100378 2
S 145328617 286 100375 2
S 145339616 286 100376 2
S 145350616 286 100379 2
S 145361615 286 100376 2
S 145372614 286 100380 2
S 145383614 286 100379 2
S 145394613 286 100375 2
S 145405612 286 100380 2
S 145416612 286 100378 2
S 145427611 286 100381 2
S 145438610 286 100379 2
S 145449609 286 100379 2
S 145460609 286 100376 2
S 145471608 286 100379 2
S 145482607 286 100378 2
S 145493607 286 100379 2
S 145504606 286 100380 2
S 145515605 286 100375 2
S 145526605 286 100376 2
S 145537604 286 100381 2
S 145548603 286 100381 2
S 145559603 286 100377 2
S 145570602 286 100379 2
S 145581601 286 100383 2
S 145592601 286 100381 2
S 145603600 286 100383 2
S 145614599 286 100379 2
S 145625598 286 100378 2
S 145636598 286 100377 2
S 145647597 286 100374 2
S 145658596 286 100375 2
S 145669596 286 100384 2
S 145680595 286 100376 2
S 145691594 286 100381 2
S 145702594 286 100380 2
S 145713593 286 100379 2
S 145724592 286 100384 2
S 145735592 286 100379 2
S 145746591 286 100374 2
S 145757590 286 100376 2
S 145768590 286 100376 2
S 145779589 286 100376 2
S 145790588 286 100379 2
S 145801587 286 100379 2
S 145812587 286 100379 2
S 145823586 286 100385 2
S 145834585 286 100389 2
S 145845585 286 100382 2
S 145856584 286 100385 2
S 145867583 286 100382 2
S 145878583 286 100385 2
S 145889582 286 100382 2
S 145900581 286 100380 2
S 145911581 286 100383 2
S 145922580 286 100382 2
S 145933579 286 100379 2
S 145944579 286 100378 2
S 145960578 286 100379 2
S 145971577 286 100380 2
S 145982576 286 100376 2
S 145993575 286 100379 2
S 146004575 286 100379 2
S 146015574 286 100382 2
S 146026573 286 100381 2
S 146037573 286 100384 2
S 146048572 286 100385 2
S 146059571 286 100380 2
S 146070571 286 100377 2
S 146081570 286 100375 2
S 146092569 286 100377 2
S 146103569 286 100379 2
S 146114568 286 100379 2
S 146125567 286 100377 2
S 146136567 286 100381 2
S 146147566 286 100376 2
S 146158565 286 100375 2
S 146169564 286 100377 2
S 146180564 286 100380 2
S 146191563 286 100377 2
S 146202562 286 100378 2
S 146213562 286 100380 2
S 146224561 286 100379 2
S 146235560 286 100376 2
S 146246560 286 100377 2
S 146257559 286 100378 2
S 146268558 286 100373 2
S 146279558 286 100372 2
S 146290557 286 100377 2
S 146301556 286 100373 2
S 146312556 286 100375 2
S 146323555 286 100371 2
S 146334554 286 100373 2
S 146345553 286 100379 2
S 146356553 286 100379 2
S 146367552 286 100381 2
S 146378551 286 100376 2
S 146389551 286 100375 2
S 146400550 286 100376 2
S 146411549 286 100376 2
S 146422549 286 100377 2
S 146433548 286 100373 2
S 146444547 286 100379 2
S 146455547 286 100376 2
S 146466546 286 100381 2
S 146477545 286 100372 2
S 146488545 286 100376 2
S 146499544 286 100377 2
S 146510543 286 100376 2
S 146521542 286 100381 2
S 146532542 286 100377 2
S 146543541 286 100373 2
S 146554540 286 100378 2
S 146565540 286 100375 2
S 146576539 286 100376 2
S 146587538 286 100376 2
S 146598538 286 100379 2
S 146609537 286 100376 2
S 146620536 286 100379 2
S 146631536 286 100382 2
S 146642535 286 100379 2
S 146653534 286 100385 2
S 146664534 286 100384 2
S 146675533 286 100381 2
S 146686532 286 100377 2
S 146697531 286 100379 2
S 146708531 286 100380 2
S 146719530 286 100379 2
S 146730529 286 100382 2
S 146741529 286 100378 2
S 146752528 286 100379 2
S 146763527 286 100379 2
S 146774527 286 100381 2
S 146785526 286 100380 2
S 146796525 286 100379 2
S 146807525 286 100379 2
S 146818524 286 100383 2
S 146829523 286 100381 2
S 146840523 286 100378 2
S 146851522 286 100382 2
S 146862521 286 100379 2
S 146873520 286 100382 2
S 146884520 286 100381 2
S 146895519 286 100379 2
S 146906518 286 100379 2
S 146917518 286 100376 2
S 146928517 286 100381 2
S 146939516 286 100381 2
S 146950516 286 100380 2
S 146966515 286 100382 2
S 146977514 286 100381 2
S 146988513 286 100382 2
S 146999513 286 100385 2
S 147010512 286 100381 2
S 147021511 286 100391 2
S 147032511 286 100382 2
S 147043510 286 100383 2
S 147054509 286 100382 2
S 147065508 286 100380 2
S 147076508 286 100379 2
S 147087507 286 100377 2
S 147098506 286 100383 2
S 147109506 286 100379 2
S 147120505 286 100381 2
S 147131504 286 100382 2
S 147142504 286 100382 2
S 147153503 286 100382 2
S 147164502 286 100379 2
S 147175502 286 100379 2
S 147186501 286 100383 2
S 147197500 286 100379 2
S 147208500 286 100385 2
S 147219499 286 100382 2
S 147230498 286 100382 2
S 147241497 286 100387 2
S 147252497 286 100383 2
S 147263496 286 100386 2
S 147274495 286 100387 2
S 147285495 286 100385 2
S 147296494 286 100385 2
S 147307493 286 100385 2
S 147318493 286 100385 2
S 147329492 286 100385 2
S 147340491 286 100379 2
S 147351491 286 100382 2
S 147362490 286 100385 2
S 147373489 286 100379 2
S 147384489 286 100381 2
S 147395488 286 100383 2
S 147406487 286 100379 2
S 147417486 286 100380 2
S 147428486 286 100380 2
S 147439485 286 100380 2
S 147450484 286 100382 2
S 147461484 286 100383 2
S 147472483 286 100382 2
S 147483482 286 100377 2
S 147494482 286 100381 2
S 147505481 286 100381 2
S 147516480 286 100385 2
S 147527480 286 100385 2
S 147538479 286 100388 2
S 147549478 286 100388 2
S 147560478 286 100389 2
S 147571477 286 100384 2
S 147582476 286 100382 2
S 147593475 286 100385 2
S 147604475 286 100382 2
S 147615474 286 100384 2
S 147626473 286 100385 2
S 147637473 286 100384 2
S 147648472 286 100387 2
S 147659471 286 100385 2
S 147670471 286 100385 2
S 147681470 286 100382 2
S 147692469 286 100385 2
S 147703469 286 100384 2
S 147714468 286 100388 2
S 147725467 286 100385 2
S 147736467 286 100379 2
S 147747466 286 100376 2
S 147758465 286 100379 2
S 147769464 286 100382 2
S 147780464 286 100378 2
S 147791463 286 100379 2
S 147802462 286 100382 2
S 147813462 286 100382 2
S 147824461 286 100383 2
S 147835460 286 100376 2
S 147846460 286 100384 2
S 147857459 286 100382 2
S 147868458 286 100382 2
S 147879458 286 100379 2
S 147890457 286 100379 2
S 147901456 286 100378 2
S 147912456 286 100378 2
S 147923455 286 100374 2
S 147934454 286 100377 2
S 147945453 286 100382 2
S 147956453 286 100381 2
S 147972452 286 100381 2
S 147983451 286 100385 2
S 147994450 286 100381 2
S 148005450 286 100377 2
S 148016449 286 100381 2
S 148027448 286 100380 2
S 148038448 286 100383 2
S 148049447 286 100380 2
S 148060446 286 100381 2
S 148071446 286 100379 2
S 148082445 286 100379 2
S 148093444 286 100379 2
S 148104444 286 100374 2
S 148115443 286 100378 2
S 148126442 286 100375 2
S 148137441 286 100376 2
S 148148441 286 100379 2
S 148159440 286 100375 2
S 148170439 286 100374 2
S 148181439 286 100381 2
S 148192438 286 100381 2
S 148203437 286 100377 2
S 148214437 286 100374 2
S 148225436 286 100381 2
S 148236435 286 100382 2
S 148247435 286 100376 2
S 148258434 286 100379 2
S 148269433 286 100380 2
S 148280433 286 100382 2
S 148291432 286 100378 2
S 148302431 286 100384 2
S 148313430 286 100376 2
S 148324430 286 100378 2
S 148335429 286 100378 2
S 148346428 286 100384 2
S 148357428 286 100379 2
S 148368427 286 100380 2
S 148379426 286 100379 2
S 148390426 286 100379 2
S 148401425 286 100381 2
S 148412424 286 100380 2
S 148423424 286 100378 2
S 148434423 286 100381 2
S 148445422 286 100373 2
S 148456422 286 100370 2
S 148467421 286 100370 2
S 148478420 286 100376 2
S 148489419 286 100372 2
S 148500419 286 100371 2
S 148511418 286 100375 2
S 148522417 286 100377 2
S 148533417 286 100375 2
S 148544416 286 100373 2
S 148555415 286 100374 2
S 148566415 286 100377 2
S 148577414 286 100376 2
S 148588413 286 100377 2
S 148599413 286 100379 2
S 148610412 286 100381 2
S 148621411 286 100379 2
S 148632411 286 100379 2
S 148643410 286 100379 2
S 148654409 286 100384 2
S 148665408 286 100382 2
S 148676408 286 100385 2
S 148687407 286 100381 2
S 148698406 286 100380 2
S 148709406 286 100373 2
S 148720405 286 100383 2
S 148731404 286 100379 2
S 148742404 286 100376 2
S 148753403 286 100382 2
S 148764402 286 100376 2
S 148775402 286 100376 2
S 148786401 286 100382 2
S 148797400 286 100382 2
S 148808400 286 100380 2
S 148819399 286 100382 2
S 148830398 286 100380 2
S 148841397 286 100379 2
S 148852397 286 100379 2
S 148863396 286 100379 2
S 148874395 286 100378 2
S 148885395 286 100379 2
S 148896394 286 100384 2
S 148907393 286 100378 2
S 148918393 286 100380 2
S 148929392 286 100381 2
S 148940391 286 100377 2
S 148951391 286 100379 2
S 148962390 286 100376 2
S 148978389 287 100386 2
S 148989388 287 100387 2
S 149000388 287 100383 2
S 149011387 287 100384 2
S 149022386 287 100384 2
S 149033385 287 100384 2
S 149044385 287 100385 2
S 149055384 287 100385 2
S 149066383 287 100383 2
S 149077383 287 100381 2
S 149088382 287 100385 2
S 149099381 287 100388 2
S 149110381 287 100389 2
S 149121380 287 100380 2
S 149132379 287 100382 2
S 149143379 287 100383 2
S 149154378 287 100386 2
S 149165377 287 100385 2
S 149176377 287 100382 2
S 149187376 287 100388 2
S 149198375 287 100386 2
S 149209374 287 100382 2
S 149220374 287 100385 2
S 149231373 287 100385 2
S 149242372 287 100381 2
S 149253372 287 100387 2
S 149264371 287 100386 2
S 149275370 287 100384 2
S 149286370 287 100388 2
S 149297369 287 100385 2
S 149308368 287 100382 2
S 149319368 287 100382 2
S 149330367 287 100381 2
S 149341366 287 100380 2
S 149352366 287 100385 2
S 149363365 287 100384 2
S 149374364 287 100385 2
S 149385363 287 100382 2
S 149396363 287 100388 2
S 149407362 287 100382 2
S 149418361 287 100385 2
S 149429361 287 100382 2
S 149440360 287 100379 2
S 149451359 287 100384 2
S 149462359 287 100384 2
S 149473358 287 100378 2
S 149484357 287 100386 2
S 149495357 287 100384 2
S 149506356 287 100383 2
S 149517355 287 100385 2
S 149528355 287 100388 2
S 149539354 287 100385 2
S 149550353 287 100383 2
S 149561352 287 100385 2
S 149572352 287 100384 2
S 149583351 287 100384 2
S 149594350 287 100388 2
S 149605350 287 100388 2
S 149616349 287 100387 2
S 149627348 287 100384 2
S 149638348 287 100385 2
S 149649347 287 100385 2
S 149660346 287 100387 2
S 149671346 287 100385 2
S 149682345 287 100383 2
S 149693344 287 100382 2
S 149704344 287 100391 2
S 149715343 287 100384 2
S 149726342 287 100380 2
S 149737341 287 100385 2
S 149748341 287 100382 2
S 149759340 287 100384 2
S 149770339 287 100385 2
S 149781339 287 100384 2
S 149792338 287 100382 2
S 149803337 287 100387 2
S 149814337 287 100384 2
S 149825336 287 100386 2
S 149836335 287 100382 2
S 149847335 287 100382 2
S 149858334 287 100383 2
S 149869333 287 100385 2
S 149880333 287 100380 2
S 149891332 287 100385 2
S 149902331 287 100387 2
S 149913330 287 100389 2
S 149924330 287 100390 2
S 149935329 287 100388 2
S 149946328 287 100382 2
S 149957328 287 100384 2
S 149968327 287 100384 2
S 149984326 287 100387 2
S 149995325 287 100382 2
S 150006325 287 100382 2
S 150017324 287 100382 2
S 150028323 287 100389 2
S 150039323 287 100384 2
S 150050322 287 100380 2
S 150061321 287 100384 2
S 150072321 287 100385 2
S 150083320 287 100384 2
S 150094319 287 100383 2
S 150105318 287 100385 2
S 150116318 287 100383 2
S 150127317 287 100379 2
S 150138316 287 100379 2
S 150149316 287 100381 2
S 150160315 287 100383 2
S 150171314 287 100382 2
S 150182314 287 100380 2
S 150193313 287 100379 2
S 150204312 287 100383 2
